entity	category	node_weight	occurrence	repGM	repGT
tumor-associated macrophages/drug effects	MESH	0.037037037037037	1	3.0303030303030303	3.0303030303030303
drug resistance neoplasm	MESH	0.037037037037037	1	3.0303030303030303	3.0303030303030303
triple negative breast neoplasms/drug therapy	MESH	0.037037037037037	1	3.0303030303030303	3.0303030303030303
basic-leucine zipper transcription factors/analysis	MESH	0.037037037037037	1	3.0303030303030303	3.0303030303030303
