kw1	kw2	pg	crit_p	edge_weight	inv_edge_weight	R1C1	iteration
acetaminophen/pharmacology	brain neoplasms/genetics	1.51878509768721e-12	3.21494655714812e-11	0.037037037037037	0.491090027111315	1	0
acetaminophen/pharmacology	cation transport proteins/genetics	1.51878509768721e-12	3.21494655714812e-11	0.037037037037037	0.491090027111315	1	0
acetaminophen/pharmacology	gene expression regulation neoplastic	1.62808224802857e-05	6.33368658790105e-05	0.074074074074074	0.491090027111315	1	0
acetaminophen/pharmacology	glioblastoma/genetics	1.51878509768721e-12	3.21494655714812e-11	0.037037037037037	0.491090027111315	1	0
acetaminophen/pharmacology	heat-shock proteins/genetics	1.51878509768721e-12	3.21494655714812e-11	0.037037037037037	0.491090027111315	1	0
acetaminophen/pharmacology	hyaluronan receptors/genetics	1.51878509768721e-12	3.21494655714812e-11	0.037037037037037	0.491090027111315	1	0
acetaminophen/pharmacology	t-lymphocytes cytotoxic/immunology	1.51878509768721e-12	3.21494655714812e-11	0.037037037037037	0.491090027111315	1	0
brain neoplasms/genetics	cation transport proteins/genetics	1.51878509768721e-12	3.21494655714812e-11	0.037037037037037	0.491090027111315	1	0
brain neoplasms/genetics	gene expression regulation neoplastic	1.62808224802857e-05	6.33368658790105e-05	0.074074074074074	0.491090027111315	1	0
brain neoplasms/genetics	glioblastoma/genetics	1.51878509768721e-12	3.21494655714812e-11	0.037037037037037	0.491090027111315	1	0
brain neoplasms/genetics	heat-shock proteins/genetics	1.51878509768721e-12	3.21494655714812e-11	0.037037037037037	0.491090027111315	1	0
brain neoplasms/genetics	hyaluronan receptors/genetics	1.51878509768721e-12	3.21494655714812e-11	0.037037037037037	0.491090027111315	1	0
brain neoplasms/genetics	t-lymphocytes cytotoxic/immunology	1.51878509768721e-12	3.21494655714812e-11	0.037037037037037	0.491090027111315	1	0
cation transport proteins/genetics	gene expression regulation neoplastic	1.62808224802857e-05	6.33368658790105e-05	0.074074074074074	0.491090027111315	1	0
cation transport proteins/genetics	glioblastoma/genetics	1.51878509768721e-12	3.21494655714812e-11	0.037037037037037	0.491090027111315	1	0
cation transport proteins/genetics	heat-shock proteins/genetics	1.51878509768721e-12	3.21494655714812e-11	0.037037037037037	0.491090027111315	1	0
cation transport proteins/genetics	hyaluronan receptors/genetics	1.51878509768721e-12	3.21494655714812e-11	0.037037037037037	0.491090027111315	1	0
cation transport proteins/genetics	t-lymphocytes cytotoxic/immunology	1.51878509768721e-12	3.21494655714812e-11	0.037037037037037	0.491090027111315	1	0
gene expression regulation neoplastic	antioxidants/pharmacology	0.000860920973641	0.0020021417991653	0.074074074074074	0.491090027111315	1	0
gene expression regulation neoplastic	biopterins/analogs &amp; derivatives	0.000860920973641	0.0020021417991653	0.074074074074074	0.491090027111315	1	0
gene expression regulation neoplastic	carbolines/pharmacology	0.0062713289823422	0.009135490816351	0.1426690079016681	0.5011717509037003	1	1
gene expression regulation neoplastic	cell proliferation/drug effects	0.000860920973641	0.0020021417991653	0.074074074074074	0.491090027111315	1	0
gene expression regulation neoplastic	cystine/antagonists &amp; inhibitors	0.000860920973641	0.0020021417991653	0.074074074074074	0.491090027111315	1	0
gene expression regulation neoplastic	folic acid antagonists/pharmacology	0.000860920973641	0.0020021417991653	0.074074074074074	0.491090027111315	1	0
gene expression regulation neoplastic	glioblastoma/genetics	1.62808224802857e-05	6.33368658790105e-05	0.074074074074074	0.491090027111315	1	0
gene expression regulation neoplastic	heat-shock proteins/genetics	1.62808224802857e-05	6.33368658790105e-05	0.074074074074074	0.491090027111315	1	0
gene expression regulation neoplastic	hyaluronan receptors/genetics	1.62808224802857e-05	6.33368658790105e-05	0.074074074074074	0.491090027111315	1	0
gene expression regulation neoplastic	methotrexate/pharmacology	0.000860920973641	0.0020021417991653	0.074074074074074	0.491090027111315	1	0
gene expression regulation neoplastic	oxidative stress	0.0038089167063769	0.0058405019329489	0.1426690079016681	0.5011717509037003	1	1
gene expression regulation neoplastic	phospholipid hydroperoxide glutathione peroxidase/antagonists &amp; inhibitors	0.000860920973641	0.0020021417991653	0.074074074074074	0.491090027111315	1	0
gene expression regulation neoplastic	t-lymphocytes cytotoxic/immunology	1.62808224802857e-05	6.33368658790105e-05	0.074074074074074	0.491090027111315	1	0
gene expression regulation neoplastic	tetrahydrofolate dehydrogenase/genetics	0.000860920973641	0.0020021417991653	0.074074074074074	0.491090027111315	1	0
gene expression regulation neoplastic	vitamin e/pharmacology	0.000860920973641	0.0020021417991653	0.074074074074074	0.491090027111315	1	0
gene expression regulation neoplastic	jurkat cells	0.0035436383975111	0.0056105293672193	0.1233365790327815	0.5839154963972442	1	2
glioblastoma/genetics	heat-shock proteins/genetics	1.51878509768721e-12	3.21494655714812e-11	0.037037037037037	0.491090027111315	1	0
glioblastoma/genetics	hyaluronan receptors/genetics	1.51878509768721e-12	3.21494655714812e-11	0.037037037037037	0.491090027111315	1	0
glioblastoma/genetics	t-lymphocytes cytotoxic/immunology	1.51878509768721e-12	3.21494655714812e-11	0.037037037037037	0.491090027111315	1	0
heat-shock proteins/genetics	hyaluronan receptors/genetics	1.51878509768721e-12	3.21494655714812e-11	0.037037037037037	0.491090027111315	1	0
heat-shock proteins/genetics	t-lymphocytes cytotoxic/immunology	1.51878509768721e-12	3.21494655714812e-11	0.037037037037037	0.491090027111315	1	0
hyaluronan receptors/genetics	t-lymphocytes cytotoxic/immunology	1.51878509768721e-12	3.21494655714812e-11	0.037037037037037	0.491090027111315	1	0
antioxidants/pharmacology	reactive oxygen species/metabolism	0.0047751294388702	0.0071792222967029	0.1029411764705882	0.5011717509037003	1	1
antioxidants/pharmacology	jurkat cells	0.0012969225227602	0.0028666732591499	0.074074074074074	0.491090027111315	1	0
antioxidants/pharmacology	biopterins/analogs &amp; derivatives	1.90229000622821e-05	6.33368658790105e-05	0.037037037037037	0.491090027111315	1	0
antioxidants/pharmacology	carbolines/pharmacology	0.0010636503730522	0.0023691137341409	0.074074074074074	0.491090027111315	1	0
antioxidants/pharmacology	cell proliferation/drug effects	1.90229000622821e-05	6.33368658790105e-05	0.037037037037037	0.491090027111315	1	0
antioxidants/pharmacology	cystine/antagonists &amp; inhibitors	1.90229000622821e-05	6.33368658790105e-05	0.037037037037037	0.491090027111315	1	0
antioxidants/pharmacology	dose-response relationship drug	0.0010636503730522	0.0023691137341409	0.074074074074074	0.491090027111315	1	0
antioxidants/pharmacology	folic acid antagonists/pharmacology	1.90229000622821e-05	6.33368658790105e-05	0.037037037037037	0.491090027111315	1	0
antioxidants/pharmacology	methotrexate/pharmacology	1.90229000622821e-05	6.33368658790105e-05	0.037037037037037	0.491090027111315	1	0
antioxidants/pharmacology	oxidative stress	0.0005390447313372	0.0013092376221759	0.074074074074074	0.491090027111315	1	0
antioxidants/pharmacology	phospholipid hydroperoxide glutathione peroxidase/antagonists &amp; inhibitors	1.90229000622821e-05	6.33368658790105e-05	0.037037037037037	0.491090027111315	1	0
antioxidants/pharmacology	piperazines/pharmacology	0.0005390447313372	0.0013092376221759	0.074074074074074	0.491090027111315	1	0
antioxidants/pharmacology	tetrahydrofolate dehydrogenase/genetics	1.90229000622821e-05	6.33368658790105e-05	0.037037037037037	0.491090027111315	1	0
antioxidants/pharmacology	vitamin e/pharmacology	1.90229000622821e-05	6.33368658790105e-05	0.037037037037037	0.491090027111315	1	0
biopterins/analogs &amp; derivatives	antineoplastic agents/pharmacology	0.0057503256328302	0.0086565539193184	0.0886075949367088	0.5839154963972442	1	2
biopterins/analogs &amp; derivatives	reactive oxygen species/metabolism	0.0047751294388702	0.0071792222967029	0.1029411764705882	0.5011717509037003	1	1
biopterins/analogs &amp; derivatives	jurkat cells	0.0012969225227602	0.0028666732591499	0.074074074074074	0.491090027111315	1	0
biopterins/analogs &amp; derivatives	carbolines/pharmacology	0.0010636503730522	0.0023691137341409	0.074074074074074	0.491090027111315	1	0
biopterins/analogs &amp; derivatives	cell proliferation/drug effects	1.90229000622821e-05	6.33368658790105e-05	0.037037037037037	0.491090027111315	1	0
biopterins/analogs &amp; derivatives	cystine/antagonists &amp; inhibitors	1.90229000622821e-05	6.33368658790105e-05	0.037037037037037	0.491090027111315	1	0
biopterins/analogs &amp; derivatives	dose-response relationship drug	0.0010636503730522	0.0023691137341409	0.074074074074074	0.491090027111315	1	0
biopterins/analogs &amp; derivatives	folic acid antagonists/pharmacology	1.90229000622821e-05	6.33368658790105e-05	0.037037037037037	0.491090027111315	1	0
biopterins/analogs &amp; derivatives	methotrexate/pharmacology	1.90229000622821e-05	6.33368658790105e-05	0.037037037037037	0.491090027111315	1	0
biopterins/analogs &amp; derivatives	oxidative stress	0.0005390447313372	0.0013092376221759	0.074074074074074	0.491090027111315	1	0
biopterins/analogs &amp; derivatives	phospholipid hydroperoxide glutathione peroxidase/antagonists &amp; inhibitors	1.90229000622821e-05	6.33368658790105e-05	0.037037037037037	0.491090027111315	1	0
biopterins/analogs &amp; derivatives	piperazines/pharmacology	0.0005390447313372	0.0013092376221759	0.074074074074074	0.491090027111315	1	0
biopterins/analogs &amp; derivatives	tetrahydrofolate dehydrogenase/genetics	1.90229000622821e-05	6.33368658790105e-05	0.037037037037037	0.491090027111315	1	0
biopterins/analogs &amp; derivatives	vitamin e/pharmacology	1.90229000622821e-05	6.33368658790105e-05	0.037037037037037	0.491090027111315	1	0
carbolines/pharmacology	cell survival/drug effects	0.0035798874138834	0.0054954767874054	0.0869183494293239	0.5011717509037003	1	1
carbolines/pharmacology	jurkat cells	6.858577486745787e-05	0.0001406852456997	0.0583845478489903	0.5011717509037003	1	1
carbolines/pharmacology	cell proliferation/drug effects	0.0010636503730522	0.0023691137341409	0.074074074074074	0.491090027111315	1	0
carbolines/pharmacology	cystine/antagonists &amp; inhibitors	0.0010636503730522	0.0023691137341409	0.074074074074074	0.491090027111315	1	0
carbolines/pharmacology	dose-response relationship drug	6.63710797654815e-07	3.54468013480472e-06	0.0028490028490028	0.178864212567384	2	0
carbolines/pharmacology	folic acid antagonists/pharmacology	0.0010636503730522	0.0023691137341409	0.074074074074074	0.491090027111315	1	0
carbolines/pharmacology	gene expression	5.14974610709151e-05	0.0001657520944568	0.074074074074074	0.491090027111315	1	0
carbolines/pharmacology	inflammation mediators/antagonists &amp; inhibitors	5.14974610709151e-05	0.0001657520944568	0.074074074074074	0.491090027111315	1	0
carbolines/pharmacology	lipopolysaccharides/toxicity	5.14974610709151e-05	0.0001657520944568	0.074074074074074	0.491090027111315	1	0
carbolines/pharmacology	methotrexate/pharmacology	0.0010636503730522	0.0023691137341409	0.074074074074074	0.491090027111315	1	0
carbolines/pharmacology	microglia/drug effects	5.14974610709151e-05	0.0001657520944568	0.074074074074074	0.491090027111315	1	0
carbolines/pharmacology	nf-e2-related factor 2/biosynthesis	5.14974610709151e-05	0.0001657520944568	0.074074074074074	0.491090027111315	1	0
carbolines/pharmacology	oxidative stress	1.8945319161467467e-05	4.176594968632339e-05	0.0583845478489903	0.5011717509037003	1	1
carbolines/pharmacology	phospholipid hydroperoxide glutathione peroxidase/antagonists &amp; inhibitors	0.0010636503730522	0.0023691137341409	0.074074074074074	0.491090027111315	1	0
carbolines/pharmacology	piperazines/pharmacology	1.8945319161467467e-05	4.176594968632339e-05	0.0583845478489903	0.5011717509037003	1	1
carbolines/pharmacology	raw 264.7 cells	5.14974610709151e-05	0.0001657520944568	0.074074074074074	0.491090027111315	1	0
carbolines/pharmacology	tetrahydrofolate dehydrogenase/genetics	0.0010636503730522	0.0023691137341409	0.074074074074074	0.491090027111315	1	0
carbolines/pharmacology	vitamin e/pharmacology	0.0010636503730522	0.0023691137341409	0.074074074074074	0.491090027111315	1	0
cell proliferation/drug effects	phenotype	0.0021227254844603	0.003419549010368	0.0583845478489903	0.5011717509037003	1	1
cell proliferation/drug effects	apoptosis/drug effects	0.0035478824308358	0.0054647911845691	0.0869183494293239	0.5011717509037003	1	1
cell proliferation/drug effects	jurkat cells	0.0012969225227602	0.0028666732591499	0.074074074074074	0.491090027111315	1	0
cell proliferation/drug effects	cystine/antagonists &amp; inhibitors	1.90229000622821e-05	6.33368658790105e-05	0.037037037037037	0.491090027111315	1	0
cell proliferation/drug effects	dose-response relationship drug	0.0010636503730522	0.0023691137341409	0.074074074074074	0.491090027111315	1	0
cell proliferation/drug effects	folic acid antagonists/pharmacology	1.90229000622821e-05	6.33368658790105e-05	0.037037037037037	0.491090027111315	1	0
cell proliferation/drug effects	methotrexate/pharmacology	1.90229000622821e-05	6.33368658790105e-05	0.037037037037037	0.491090027111315	1	0
cell proliferation/drug effects	oxidative stress	0.0005390447313372	0.0013092376221759	0.074074074074074	0.491090027111315	1	0
cell proliferation/drug effects	phospholipid hydroperoxide glutathione peroxidase/antagonists &amp; inhibitors	1.90229000622821e-05	6.33368658790105e-05	0.037037037037037	0.491090027111315	1	0
cell proliferation/drug effects	piperazines/pharmacology	0.0005390447313372	0.0013092376221759	0.074074074074074	0.491090027111315	1	0
cell proliferation/drug effects	tetrahydrofolate dehydrogenase/genetics	1.90229000622821e-05	6.33368658790105e-05	0.037037037037037	0.491090027111315	1	0
cell proliferation/drug effects	vitamin e/pharmacology	1.90229000622821e-05	6.33368658790105e-05	0.037037037037037	0.491090027111315	1	0
cystine/antagonists &amp; inhibitors	antineoplastic agents/pharmacology	0.0057503256328302	0.0086565539193184	0.0886075949367088	0.5839154963972442	1	2
cystine/antagonists &amp; inhibitors	reactive oxygen species/metabolism	0.0047751294388702	0.0071792222967029	0.1029411764705882	0.5011717509037003	1	1
cystine/antagonists &amp; inhibitors	jurkat cells	0.0012969225227602	0.0028666732591499	0.074074074074074	0.491090027111315	1	0
cystine/antagonists &amp; inhibitors	dose-response relationship drug	0.0010636503730522	0.0023691137341409	0.074074074074074	0.491090027111315	1	0
cystine/antagonists &amp; inhibitors	folic acid antagonists/pharmacology	1.90229000622821e-05	6.33368658790105e-05	0.037037037037037	0.491090027111315	1	0
cystine/antagonists &amp; inhibitors	methotrexate/pharmacology	1.90229000622821e-05	6.33368658790105e-05	0.037037037037037	0.491090027111315	1	0
cystine/antagonists &amp; inhibitors	oxidative stress	0.0005390447313372	0.0013092376221759	0.074074074074074	0.491090027111315	1	0
cystine/antagonists &amp; inhibitors	phospholipid hydroperoxide glutathione peroxidase/antagonists &amp; inhibitors	1.90229000622821e-05	6.33368658790105e-05	0.037037037037037	0.491090027111315	1	0
cystine/antagonists &amp; inhibitors	piperazines/pharmacology	0.0005390447313372	0.0013092376221759	0.074074074074074	0.491090027111315	1	0
cystine/antagonists &amp; inhibitors	tetrahydrofolate dehydrogenase/genetics	1.90229000622821e-05	6.33368658790105e-05	0.037037037037037	0.491090027111315	1	0
cystine/antagonists &amp; inhibitors	vitamin e/pharmacology	1.90229000622821e-05	6.33368658790105e-05	0.037037037037037	0.491090027111315	1	0
folic acid antagonists/pharmacology	antineoplastic agents/pharmacology	0.0057503256328302	0.0086565539193184	0.0886075949367088	0.5839154963972442	1	2
folic acid antagonists/pharmacology	reactive oxygen species/metabolism	0.0047751294388702	0.0071792222967029	0.1029411764705882	0.5011717509037003	1	1
folic acid antagonists/pharmacology	jurkat cells	0.0012969225227602	0.0028666732591499	0.074074074074074	0.491090027111315	1	0
folic acid antagonists/pharmacology	dose-response relationship drug	0.0010636503730522	0.0023691137341409	0.074074074074074	0.491090027111315	1	0
folic acid antagonists/pharmacology	methotrexate/pharmacology	1.90229000622821e-05	6.33368658790105e-05	0.037037037037037	0.491090027111315	1	0
folic acid antagonists/pharmacology	oxidative stress	0.0005390447313372	0.0013092376221759	0.074074074074074	0.491090027111315	1	0
folic acid antagonists/pharmacology	phospholipid hydroperoxide glutathione peroxidase/antagonists &amp; inhibitors	1.90229000622821e-05	6.33368658790105e-05	0.037037037037037	0.491090027111315	1	0
folic acid antagonists/pharmacology	piperazines/pharmacology	0.0005390447313372	0.0013092376221759	0.074074074074074	0.491090027111315	1	0
folic acid antagonists/pharmacology	tetrahydrofolate dehydrogenase/genetics	1.90229000622821e-05	6.33368658790105e-05	0.037037037037037	0.491090027111315	1	0
folic acid antagonists/pharmacology	vitamin e/pharmacology	1.90229000622821e-05	6.33368658790105e-05	0.037037037037037	0.491090027111315	1	0
methotrexate/pharmacology	antineoplastic agents/pharmacology	0.0057503256328302	0.0086565539193184	0.0886075949367088	0.5839154963972442	1	2
methotrexate/pharmacology	reactive oxygen species/metabolism	0.0047751294388702	0.0071792222967029	0.1029411764705882	0.5011717509037003	1	1
methotrexate/pharmacology	jurkat cells	0.0012969225227602	0.0028666732591499	0.074074074074074	0.491090027111315	1	0
methotrexate/pharmacology	dose-response relationship drug	0.0010636503730522	0.0023691137341409	0.074074074074074	0.491090027111315	1	0
methotrexate/pharmacology	oxidative stress	0.0005390447313372	0.0013092376221759	0.074074074074074	0.491090027111315	1	0
methotrexate/pharmacology	phospholipid hydroperoxide glutathione peroxidase/antagonists &amp; inhibitors	1.90229000622821e-05	6.33368658790105e-05	0.037037037037037	0.491090027111315	1	0
methotrexate/pharmacology	piperazines/pharmacology	0.0005390447313372	0.0013092376221759	0.074074074074074	0.491090027111315	1	0
methotrexate/pharmacology	tetrahydrofolate dehydrogenase/genetics	1.90229000622821e-05	6.33368658790105e-05	0.037037037037037	0.491090027111315	1	0
methotrexate/pharmacology	vitamin e/pharmacology	1.90229000622821e-05	6.33368658790105e-05	0.037037037037037	0.491090027111315	1	0
oxidative stress	ferric compounds/chemistry	9.999147524053507e-05	0.0002019839072854	0.0869183494293239	0.5011717509037003	1	1
oxidative stress	jurkat cells	2.6111905922165946e-05	5.628391872004912e-05	0.0583845478489903	0.5011717509037003	1	1
oxidative stress	dose-response relationship drug	0.0011968722590782	0.0020240640587102	0.0869183494293239	0.5011717509037003	1	1
oxidative stress	ascorbic acid/pharmacology	7.083931083951e-07	3.69485614090969e-06	0.074074074074074	0.491090027111315	1	0
oxidative stress	calreticulin/metabolism	7.083931083951e-07	3.69485614090969e-06	0.074074074074074	0.491090027111315	1	0
oxidative stress	neoplasms/diagnostic imaging	7.083931083951e-07	3.69485614090969e-06	0.074074074074074	0.491090027111315	1	0
oxidative stress	phospholipid hydroperoxide glutathione peroxidase/antagonists &amp; inhibitors	0.0005390447313372	0.0013092376221759	0.074074074074074	0.491090027111315	1	0
oxidative stress	piperazines/pharmacology	6.2961706775999104e-06	1.475144009361182e-05	0.0583845478489903	0.5011717509037003	1	1
oxidative stress	t-lymphocytes cytotoxic/metabolism	7.083931083951e-07	3.69485614090969e-06	0.074074074074074	0.491090027111315	1	0
oxidative stress	tetrahydrofolate dehydrogenase/genetics	0.0005390447313372	0.0013092376221759	0.074074074074074	0.491090027111315	1	0
oxidative stress	vitamin e/pharmacology	0.0005390447313372	0.0013092376221759	0.074074074074074	0.491090027111315	1	0
phospholipid hydroperoxide glutathione peroxidase/antagonists &amp; inhibitors	antineoplastic agents/pharmacology	0.0057503256328302	0.0086565539193184	0.0886075949367088	0.5839154963972442	1	2
phospholipid hydroperoxide glutathione peroxidase/antagonists &amp; inhibitors	reactive oxygen species/metabolism	0.0047751294388702	0.0071792222967029	0.1029411764705882	0.5011717509037003	1	1
phospholipid hydroperoxide glutathione peroxidase/antagonists &amp; inhibitors	jurkat cells	0.0012969225227602	0.0028666732591499	0.074074074074074	0.491090027111315	1	0
phospholipid hydroperoxide glutathione peroxidase/antagonists &amp; inhibitors	dose-response relationship drug	0.0010636503730522	0.0023691137341409	0.074074074074074	0.491090027111315	1	0
phospholipid hydroperoxide glutathione peroxidase/antagonists &amp; inhibitors	piperazines/pharmacology	0.0005390447313372	0.0013092376221759	0.074074074074074	0.491090027111315	1	0
phospholipid hydroperoxide glutathione peroxidase/antagonists &amp; inhibitors	tetrahydrofolate dehydrogenase/genetics	1.90229000622821e-05	6.33368658790105e-05	0.037037037037037	0.491090027111315	1	0
phospholipid hydroperoxide glutathione peroxidase/antagonists &amp; inhibitors	vitamin e/pharmacology	1.90229000622821e-05	6.33368658790105e-05	0.037037037037037	0.491090027111315	1	0
tetrahydrofolate dehydrogenase/genetics	antineoplastic agents/pharmacology	0.0057503256328302	0.0086565539193184	0.0886075949367088	0.5839154963972442	1	2
tetrahydrofolate dehydrogenase/genetics	reactive oxygen species/metabolism	0.0047751294388702	0.0071792222967029	0.1029411764705882	0.5011717509037003	1	1
tetrahydrofolate dehydrogenase/genetics	jurkat cells	0.0012969225227602	0.0028666732591499	0.074074074074074	0.491090027111315	1	0
tetrahydrofolate dehydrogenase/genetics	dose-response relationship drug	0.0010636503730522	0.0023691137341409	0.074074074074074	0.491090027111315	1	0
tetrahydrofolate dehydrogenase/genetics	piperazines/pharmacology	0.0005390447313372	0.0013092376221759	0.074074074074074	0.491090027111315	1	0
tetrahydrofolate dehydrogenase/genetics	vitamin e/pharmacology	1.90229000622821e-05	6.33368658790105e-05	0.037037037037037	0.491090027111315	1	0
vitamin e/pharmacology	antineoplastic agents/pharmacology	0.0057503256328302	0.0086565539193184	0.0886075949367088	0.5839154963972442	1	2
vitamin e/pharmacology	reactive oxygen species/metabolism	0.0047751294388702	0.0071792222967029	0.1029411764705882	0.5011717509037003	1	1
vitamin e/pharmacology	jurkat cells	0.0012969225227602	0.0028666732591499	0.074074074074074	0.491090027111315	1	0
vitamin e/pharmacology	dose-response relationship drug	0.0010636503730522	0.0023691137341409	0.074074074074074	0.491090027111315	1	0
vitamin e/pharmacology	piperazines/pharmacology	0.0005390447313372	0.0013092376221759	0.074074074074074	0.491090027111315	1	0
jurkat cells	glutathione/metabolism	0.0001918567172121	0.0003646346041525	0.0869183494293239	0.5011717509037003	1	1
jurkat cells	antineoplastic agents/pharmacology	0.0001806054803238	0.0003441636472961	0.0092186128182616	0.1868283063250888	2	1
jurkat cells	autophagy/drug effects	1.2099738516790914e-05	2.74687443616853e-05	0.0583845478489903	0.5011717509037003	1	1
jurkat cells	reactive oxygen species/metabolism	2.885827467058455e-05	6.207300557145242e-05	0.0092186128182616	0.1868283063250888	2	1
jurkat cells	autophagy-related proteins/genetics	0.0001347174188101	0.000411242646894	0.074074074074074	0.491090027111315	1	0
jurkat cells	cell cycle/drug effects	0.0001347174188101	0.000411242646894	0.074074074074074	0.491090027111315	1	0
jurkat cells	flavonolignans/pharmacology	0.0001347174188101	0.000411242646894	0.074074074074074	0.491090027111315	1	0
jurkat cells	glutathione peroxidase/metabolism	0.0001347174188101	0.000411242646894	0.074074074074074	0.491090027111315	1	0
jurkat cells	dose-response relationship drug	0.0026163058647299	0.0041447975536073	0.0869183494293239	0.5011717509037003	1	1
jurkat cells	piperazines/pharmacology	2.6111905922165946e-05	5.628391872004912e-05	0.0583845478489903	0.5011717509037003	1	1
jurkat cells	precursor cell lymphoblastic leukemia-lymphoma/metabolism	0.0001347174188101	0.000411242646894	0.074074074074074	0.491090027111315	1	0
colorectal neoplasms/metabolism	cytokines/metabolism	0.0027501892023392	0.0043310494425764	0.1470588235294117	0.5011717509037003	1	1
colorectal neoplasms/metabolism	macrophages/metabolism	0.001413355149255	0.0023329148675058	0.1029411764705882	0.5011717509037003	1	1
colorectal neoplasms/metabolism	hyperlipidemias	0.0	0.0	0.0147058823529411	0.5011717509037003	1	1
colorectal neoplasms/metabolism	lipoproteins ldl	0.0	0.0	0.0147058823529411	0.5011717509037003	1	1
colorectal neoplasms/metabolism	mannose receptor	0.0	0.0	0.0147058823529411	0.5011717509037003	1	1
colorectal neoplasms/metabolism	nitric oxide synthase type ii/metabolism	0.0	0.0	0.0147058823529411	0.5011717509037003	1	1
colorectal neoplasms/metabolism	scavenger receptors class e/genetics	0.0	0.0	0.0147058823529411	0.5011717509037003	1	1
cytokines/metabolism	hyperlipidemias	0.0027501892023392	0.0043310494425764	0.1470588235294117	0.5011717509037003	1	1
cytokines/metabolism	lipoproteins ldl	0.0027501892023392	0.0043310494425764	0.1470588235294117	0.5011717509037003	1	1
cytokines/metabolism	mannose receptor	0.0027501892023392	0.0043310494425764	0.1470588235294117	0.5011717509037003	1	1
cytokines/metabolism	nitric oxide synthase type ii/metabolism	0.0027501892023392	0.0043310494425764	0.1470588235294117	0.5011717509037003	1	1
cytokines/metabolism	scavenger receptors class e/genetics	0.0027501892023392	0.0043310494425764	0.1470588235294117	0.5011717509037003	1	1
cytokines/metabolism	antibodies monoclonal humanized/pharmacology	1.13608141667498e-05	4.7336725694791e-05	0.074074074074074	0.491090027111315	1	0
cytokines/metabolism	cd36 antigens/antagonists &amp; inhibitors	1.13608141667498e-05	4.7336725694791e-05	0.074074074074074	0.491090027111315	1	0
cytokines/metabolism	fatty acids/metabolism	1.13608141667498e-05	4.7336725694791e-05	0.074074074074074	0.491090027111315	1	0
cytokines/metabolism	multiple myeloma/drug therapy	1.13608141667498e-05	4.7336725694791e-05	0.074074074074074	0.491090027111315	1	0
cytokines/metabolism	apoptosis/drug effects	0.0005241692955735	0.0012925943513292	0.145299145299145	0.491090027111315	1	0
cytokines/metabolism	nf-kappa b/metabolism	0.0001822976772285	0.0003472959736036	0.0197541703248463	0.1868283063250888	2	1
cytokines/metabolism	cd8-positive t-lymphocytes/cytology	0.0032746267628741	0.0068319551167878	0.145299145299145	0.491090027111315	1	0
cytokines/metabolism	phenotype	0.0021439631343553	0.0034529851199831	0.0197541703248463	0.1868283063250888	2	1
cytokines/metabolism	bone marrow/drug effects	4.985667878543151e-09	4.50418593388634e-08	0.074074074074074	0.491090027111315	1	0
cytokines/metabolism	cancer-associated fibroblasts/pathology	0.0058604211555792	0.0086263377330122	0.1470588235294117	0.5011717509037003	1	1
cytokines/metabolism	drug interactions	4.985667878543151e-09	4.50418593388634e-08	0.074074074074074	0.491090027111315	1	0
cytokines/metabolism	ileum/drug effects	4.985667878543151e-09	4.50418593388634e-08	0.074074074074074	0.491090027111315	1	0
cytokines/metabolism	metabolic reprogramming	0.0058604211555792	0.0086263377330122	0.1470588235294117	0.5011717509037003	1	1
cytokines/metabolism	necroptosis/drug effects	4.985667878543151e-09	4.50418593388634e-08	0.074074074074074	0.491090027111315	1	0
cytokines/metabolism	radiation-protective agents/pharmacology	4.985667878543151e-09	4.50418593388634e-08	0.074074074074074	0.491090027111315	1	0
cytokines/metabolism	small molecule libraries/pharmacology	4.985667878543151e-09	4.50418593388634e-08	0.074074074074074	0.491090027111315	1	0
cytokines/metabolism	tumor microenvironment	0.0045084315169171	0.0090921080661055	0.145299145299145	0.491090027111315	1	0
cytokines/metabolism	diet high-fat	3.3522269418106987e-06	8.064924636440845e-06	0.0023944448878601	0.054769758680606	3	1
macrophages/metabolism	hyperlipidemias	0.001413355149255	0.0023329148675058	0.1029411764705882	0.5011717509037003	1	1
macrophages/metabolism	lipoproteins ldl	0.001413355149255	0.0023329148675058	0.1029411764705882	0.5011717509037003	1	1
macrophages/metabolism	mannose receptor	0.001413355149255	0.0023329148675058	0.1029411764705882	0.5011717509037003	1	1
macrophages/metabolism	nitric oxide synthase type ii/metabolism	0.001413355149255	0.0023329148675058	0.1029411764705882	0.5011717509037003	1	1
macrophages/metabolism	scavenger receptors class e/genetics	0.001413355149255	0.0023329148675058	0.1029411764705882	0.5011717509037003	1	1
macrophages/metabolism	cells cultured	0.0038613323464813	0.0078913768885101	0.074074074074074	0.491090027111315	1	0
macrophages/metabolism	toll-like receptor 4/metabolism	0.0005241692955735	0.0012925943513292	0.037037037037037	0.491090027111315	1	0
macrophages/metabolism	bacterial toxins/metabolism	0.0005241692955735	0.0012925943513292	0.037037037037037	0.491090027111315	1	0
macrophages/metabolism	endothelial cells/metabolism	0.0005241692955735	0.0012925943513292	0.037037037037037	0.491090027111315	1	0
macrophages/metabolism	heart ventricles/diagnostic imaging	0.0005241692955735	0.0012925943513292	0.037037037037037	0.491090027111315	1	0
macrophages/metabolism	hemodynamics/drug effects	0.0005241692955735	0.0012925943513292	0.037037037037037	0.491090027111315	1	0
macrophages/metabolism	hmgb1 protein/metabolism	0.0005241692955735	0.0012925943513292	0.037037037037037	0.491090027111315	1	0
macrophages/metabolism	hypertension pulmonary/chemically induced	0.0005241692955735	0.0012925943513292	0.037037037037037	0.491090027111315	1	0
macrophages/metabolism	inflammasomes/metabolism	0.0005241692955735	0.0012925943513292	0.037037037037037	0.491090027111315	1	0
macrophages/metabolism	inflammation/metabolism	0.0005241692955735	0.0012925943513292	0.037037037037037	0.491090027111315	1	0
macrophages/metabolism	lung/blood supply	0.0005241692955735	0.0012925943513292	0.037037037037037	0.491090027111315	1	0
macrophages/metabolism	monocrotaline/toxicity	0.0005241692955735	0.0012925943513292	0.037037037037037	0.491090027111315	1	0
macrophages/metabolism	nlr family pyrin domain-containing 3 protein/metabolism	0.0005241692955735	0.0012925943513292	0.037037037037037	0.491090027111315	1	0
hyperlipidemias	lipoproteins ldl	0.0	0.0	0.0147058823529411	0.5011717509037003	1	1
hyperlipidemias	mannose receptor	0.0	0.0	0.0147058823529411	0.5011717509037003	1	1
hyperlipidemias	nitric oxide synthase type ii/metabolism	0.0	0.0	0.0147058823529411	0.5011717509037003	1	1
hyperlipidemias	scavenger receptors class e/genetics	0.0	0.0	0.0147058823529411	0.5011717509037003	1	1
lipoproteins ldl	mannose receptor	0.0	0.0	0.0147058823529411	0.5011717509037003	1	1
lipoproteins ldl	nitric oxide synthase type ii/metabolism	0.0	0.0	0.0147058823529411	0.5011717509037003	1	1
lipoproteins ldl	scavenger receptors class e/genetics	0.0	0.0	0.0147058823529411	0.5011717509037003	1	1
mannose receptor	nitric oxide synthase type ii/metabolism	0.0	0.0	0.0147058823529411	0.5011717509037003	1	1
mannose receptor	scavenger receptors class e/genetics	0.0	0.0	0.0147058823529411	0.5011717509037003	1	1
nitric oxide synthase type ii/metabolism	scavenger receptors class e/genetics	0.0	0.0	0.0147058823529411	0.5011717509037003	1	1
reactive oxygen species/metabolism	glutathione/metabolism	0.0048084262220007	0.0073509066023435	0.0213153124507828	0.0067152084716297	5	2
reactive oxygen species/metabolism	autophagy-related proteins/genetics	0.0007858745973121	0.0013687395477366	0.1029411764705882	0.5011717509037003	1	1
reactive oxygen species/metabolism	cell cycle/drug effects	0.0007858745973121	0.0013687395477366	0.1029411764705882	0.5011717509037003	1	1
reactive oxygen species/metabolism	flavonolignans/pharmacology	0.0007858745973121	0.0013687395477366	0.1029411764705882	0.5011717509037003	1	1
reactive oxygen species/metabolism	glutathione peroxidase/metabolism	0.0007858745973121	0.0013687395477366	0.1029411764705882	0.5011717509037003	1	1
reactive oxygen species/metabolism	precursor cell lymphoblastic leukemia-lymphoma/metabolism	0.0007858745973121	0.0013687395477366	0.1029411764705882	0.5011717509037003	1	1
reactive oxygen species/metabolism	antineoplastic agents/pharmacology	0.0057497382773835	0.0084878216753878	0.0201800567513806	0.054769758680606	3	1
reactive oxygen species/metabolism	amino acid transport system y+/metabolism	0.003002905672499	0.0047844007767083	0.0112299480629269	0.0270361376697864	4	2
reactive oxygen species/metabolism	adjuvants immunologic/chemistry	0.000246122170292	0.0004560386748922	0.1029411764705882	0.5011717509037003	1	1
reactive oxygen species/metabolism	dextrans/chemistry	0.000246122170292	0.0004560386748922	0.1029411764705882	0.5011717509037003	1	1
reactive oxygen species/metabolism	gels/chemistry	0.000246122170292	0.0004560386748922	0.1029411764705882	0.5011717509037003	1	1
reactive oxygen species/metabolism	gold/chemistry	0.000246122170292	0.0004560386748922	0.1029411764705882	0.5011717509037003	1	1
reactive oxygen species/metabolism	antibodies monoclonal humanized/pharmacology	0.0012446795696657	0.0020789136508493	0.1029411764705882	0.5011717509037003	1	1
reactive oxygen species/metabolism	asparaginase	0.0012446795696657	0.0020789136508493	0.1029411764705882	0.5011717509037003	1	1
reactive oxygen species/metabolism	cd36 antigens/antagonists &amp; inhibitors	0.0012446795696657	0.0020789136508493	0.1029411764705882	0.5011717509037003	1	1
reactive oxygen species/metabolism	cisplatin	0.0012446795696657	0.0020789136508493	0.1029411764705882	0.5011717509037003	1	1
reactive oxygen species/metabolism	colonic neoplasms/drug therapy	0.0018579666779763	0.003012680357705	0.1029411764705882	0.5011717509037003	1	1
reactive oxygen species/metabolism	cysteine/metabolism	0.0012446795696657	0.0020789136508493	0.1029411764705882	0.5011717509037003	1	1
reactive oxygen species/metabolism	diterpenes/pharmacology	0.0012446795696657	0.0020789136508493	0.1029411764705882	0.5011717509037003	1	1
reactive oxygen species/metabolism	fatty acids/metabolism	0.0012446795696657	0.0020789136508493	0.1029411764705882	0.5011717509037003	1	1
reactive oxygen species/metabolism	fusion regulatory protein 1 heavy chain/metabolism	0.0012446795696657	0.0020789136508493	0.1029411764705882	0.5011717509037003	1	1
reactive oxygen species/metabolism	heme oxygenase-1/metabolism	0.0018579666779763	0.003012680357705	0.1029411764705882	0.5011717509037003	1	1
reactive oxygen species/metabolism	interferon-gamma/immunology	0.0012446795696657	0.0020789136508493	0.1029411764705882	0.5011717509037003	1	1
reactive oxygen species/metabolism	killer cells natural/metabolism	0.0012446795696657	0.0020789136508493	0.1029411764705882	0.5011717509037003	1	1
reactive oxygen species/metabolism	lymphocytes tumor-infiltrating/immunology	0.0018579666779763	0.003012680357705	0.1029411764705882	0.5011717509037003	1	1
reactive oxygen species/metabolism	lymphoma t-cell	0.0012446795696657	0.0020789136508493	0.1029411764705882	0.5011717509037003	1	1
reactive oxygen species/metabolism	melanoma/genetics	0.0012446795696657	0.0020789136508493	0.1029411764705882	0.5011717509037003	1	1
reactive oxygen species/metabolism	membrane proteins/metabolism	0.0018579666779763	0.003012680357705	0.1029411764705882	0.5011717509037003	1	1
reactive oxygen species/metabolism	multiple myeloma/drug therapy	0.0012446795696657	0.0020789136508493	0.1029411764705882	0.5011717509037003	1	1
reactive oxygen species/metabolism	myeloid-derived suppressor cells/immunology	0.0018579666779763	0.003012680357705	0.1029411764705882	0.5011717509037003	1	1
reactive oxygen species/metabolism	neutral ceramidase/antagonists &amp; inhibitors	0.0018579666779763	0.003012680357705	0.1029411764705882	0.5011717509037003	1	1
reactive oxygen species/metabolism	nivolumab/therapeutic use	0.0012446795696657	0.0020789136508493	0.1029411764705882	0.5011717509037003	1	1
reactive oxygen species/metabolism	t-lymphocytes/immunology	0.0018579666779763	0.003012680357705	0.1029411764705882	0.5011717509037003	1	1
reactive oxygen species/metabolism	tumor suppressor protein p53/metabolism	0.0008921307204657	0.0015433021659614	0.0262590789368664	0.1868283063250888	2	1
reactive oxygen species/metabolism	urinary bladder neoplasms/pathology	0.000246122170292	0.0004560386748922	0.1029411764705882	0.5011717509037003	1	1
reactive oxygen species/metabolism	ferroptosis/drug effects	0.0016323015679027	0.0026642462621632	0.0009160199949021	7.248540907378561e-05	7	1
reactive oxygen species/metabolism	dna-(apurinic or apyrimidinic site) lyase/metabolism	0.0002283666674559	0.0004440401924233	0.1392405063291139	0.5839154963972442	1	2
dose-response relationship drug	gene expression	5.14974610709151e-05	0.0001657520944568	0.074074074074074	0.491090027111315	1	0
dose-response relationship drug	inflammation mediators/antagonists &amp; inhibitors	5.14974610709151e-05	0.0001657520944568	0.074074074074074	0.491090027111315	1	0
dose-response relationship drug	lipopolysaccharides/toxicity	5.14974610709151e-05	0.0001657520944568	0.074074074074074	0.491090027111315	1	0
dose-response relationship drug	microglia/drug effects	5.14974610709151e-05	0.0001657520944568	0.074074074074074	0.491090027111315	1	0
dose-response relationship drug	nf-e2-related factor 2/biosynthesis	5.14974610709151e-05	0.0001657520944568	0.074074074074074	0.491090027111315	1	0
dose-response relationship drug	apoptosis/drug effects	0.006161679439121	0.0092310959487462	0.1110155667117692	0.5839154963972442	1	2
dose-response relationship drug	raw 264.7 cells	5.14974610709151e-05	0.0001657520944568	0.074074074074074	0.491090027111315	1	0
dose-response relationship drug	phenotype	0.0038816523713562	0.0060345580632801	0.0749756572541382	0.5839154963972442	1	2
dose-response relationship drug	piperazines/pharmacology	0.0011968722590782	0.0020240640587102	0.0869183494293239	0.5011717509037003	1	1
piperazines/pharmacology	glutathione	7.083931083951e-07	3.69485614090969e-06	0.074074074074074	0.491090027111315	1	0
piperazines/pharmacology	iron/blood	7.083931083951e-07	3.69485614090969e-06	0.074074074074074	0.491090027111315	1	0
piperazines/pharmacology	kidney	7.083931083951e-07	3.69485614090969e-06	0.074074074074074	0.491090027111315	1	0
piperazines/pharmacology	liver/pathology	7.083931083951e-07	3.69485614090969e-06	0.074074074074074	0.491090027111315	1	0
piperazines/pharmacology	malondialdehyde/blood	7.083931083951e-07	3.69485614090969e-06	0.074074074074074	0.491090027111315	1	0
piperazines/pharmacology	phospholipid hydroperoxide glutathione peroxidase	7.083931083951e-07	3.69485614090969e-06	0.074074074074074	0.491090027111315	1	0
piperazines/pharmacology	spleen/pathology	7.083931083951e-07	3.69485614090969e-06	0.074074074074074	0.491090027111315	1	0
antineoplastic agents/pharmacology	autophagy-related proteins/genetics	0.0024359773054146	0.0038788378911146	0.1029411764705882	0.5011717509037003	1	1
antineoplastic agents/pharmacology	autophagy/drug effects	2.27004838070366e-05	4.949630892760307e-05	0.0092186128182616	0.1868283063250888	2	1
antineoplastic agents/pharmacology	cell cycle/drug effects	0.0024359773054146	0.0038788378911146	0.1029411764705882	0.5011717509037003	1	1
antineoplastic agents/pharmacology	flavonolignans/pharmacology	0.0024359773054146	0.0038788378911146	0.1029411764705882	0.5011717509037003	1	1
antineoplastic agents/pharmacology	glutathione peroxidase/metabolism	0.0024359773054146	0.0038788378911146	0.1029411764705882	0.5011717509037003	1	1
antineoplastic agents/pharmacology	precursor cell lymphoblastic leukemia-lymphoma/metabolism	0.0024359773054146	0.0038788378911146	0.1029411764705882	0.5011717509037003	1	1
antineoplastic agents/pharmacology	cd8-positive t-lymphocytes/drug effects	0.0015588727606166	0.0025467155403098	0.1029411764705882	0.5011717509037003	1	1
antineoplastic agents/pharmacology	endoplasmic reticulum/drug effects	0.0015588727606166	0.0025467155403098	0.1029411764705882	0.5011717509037003	1	1
antineoplastic agents/pharmacology	basic-leucine zipper transcription factors/analysis	0.0024359773054146	0.0038788378911146	0.1029411764705882	0.5011717509037003	1	1
antineoplastic agents/pharmacology	colonic neoplasms/drug therapy	0.0050078979304749	0.0074820939061317	0.1029411764705882	0.5011717509037003	1	1
antineoplastic agents/pharmacology	drug resistance neoplasm	0.0024359773054146	0.0038788378911146	0.1029411764705882	0.5011717509037003	1	1
antineoplastic agents/pharmacology	heme oxygenase-1/metabolism	0.0050078979304749	0.0074820939061317	0.1029411764705882	0.5011717509037003	1	1
antineoplastic agents/pharmacology	lymphocytes tumor-infiltrating/immunology	0.0050078979304749	0.0074820939061317	0.1029411764705882	0.5011717509037003	1	1
antineoplastic agents/pharmacology	membrane proteins/metabolism	0.0050078979304749	0.0074820939061317	0.1029411764705882	0.5011717509037003	1	1
antineoplastic agents/pharmacology	myeloid-derived suppressor cells/immunology	0.0050078979304749	0.0074820939061317	0.1029411764705882	0.5011717509037003	1	1
antineoplastic agents/pharmacology	neutral ceramidase/antagonists &amp; inhibitors	0.0050078979304749	0.0074820939061317	0.1029411764705882	0.5011717509037003	1	1
antineoplastic agents/pharmacology	t-lymphocytes/immunology	0.0050078979304749	0.0074820939061317	0.1029411764705882	0.5011717509037003	1	1
antineoplastic agents/pharmacology	triple negative breast neoplasms/drug therapy	0.0024359773054146	0.0038788378911146	0.1029411764705882	0.5011717509037003	1	1
antineoplastic agents/pharmacology	tumor-associated macrophages/drug effects	0.0024359773054146	0.0038788378911146	0.1029411764705882	0.5011717509037003	1	1
antineoplastic agents/pharmacology	neoplasm recurrence local	0.0043931949900174	0.0067403472022652	0.0886075949367088	0.5839154963972442	1	2
antineoplastic agents/pharmacology	hydroxymethylglutaryl-coa reductase inhibitors/pharmacology	0.0043931949900174	0.0067403472022652	0.0886075949367088	0.5839154963972442	1	2
antineoplastic agents/pharmacology	breast neoplasms/drug therapy	0.0043931949900174	0.0067403472022652	0.0886075949367088	0.5839154963972442	1	2
antineoplastic agents/pharmacology	inflammation/immunology	0.0043931949900174	0.0067403472022652	0.0886075949367088	0.5839154963972442	1	2
antineoplastic agents/pharmacology	macrophage colony-stimulating factor/antagonists &amp; inhibitors	0.0043931949900174	0.0067403472022652	0.0886075949367088	0.5839154963972442	1	2
antineoplastic agents/pharmacology	mesenchymal stem cells/immunology	0.0043931949900174	0.0067403472022652	0.0886075949367088	0.5839154963972442	1	2
antineoplastic agents/pharmacology	neoplasm invasiveness	0.0043931949900174	0.0067403472022652	0.0886075949367088	0.5839154963972442	1	2
cell survival/drug effects	gene expression	0.0035872302582571	0.0074200911190768	0.111111111111111	0.491090027111315	1	0
cell survival/drug effects	inflammation mediators/antagonists &amp; inhibitors	0.0035872302582571	0.0074200911190768	0.111111111111111	0.491090027111315	1	0
cell survival/drug effects	lipopolysaccharides/toxicity	0.0035872302582571	0.0074200911190768	0.111111111111111	0.491090027111315	1	0
cell survival/drug effects	microglia/drug effects	0.0035872302582571	0.0074200911190768	0.111111111111111	0.491090027111315	1	0
cell survival/drug effects	nf-e2-related factor 2/biosynthesis	0.0035872302582571	0.0074200911190768	0.111111111111111	0.491090027111315	1	0
cell survival/drug effects	amp-activated protein kinase kinases	0.0049036293627228	0.0073431491104543	0.0441176470588235	0.5011717509037003	1	1
cell survival/drug effects	glycogen synthase kinase 3/metabolism	0.0049036293627228	0.0073431491104543	0.0441176470588235	0.5011717509037003	1	1
cell survival/drug effects	iron/chemistry	0.0049036293627228	0.0073431491104543	0.0441176470588235	0.5011717509037003	1	1
cell survival/drug effects	lung neoplasms/drug therapy	0.0049036293627228	0.0073431491104543	0.0441176470588235	0.5011717509037003	1	1
cell survival/drug effects	nf-e2-related factor 2/genetics	0.0049036293627228	0.0073431491104543	0.0441176470588235	0.5011717509037003	1	1
cell survival/drug effects	tor serine-threonine kinases/metabolism	0.0049036293627228	0.0073431491104543	0.0441176470588235	0.5011717509037003	1	1
cell survival/drug effects	amino acid transport system y+/genetics	0.0035872302582571	0.0074200911190768	0.111111111111111	0.491090027111315	1	0
cell survival/drug effects	antineoplastic agents immunological/administration &amp; dosage	0.0035872302582571	0.0074200911190768	0.111111111111111	0.491090027111315	1	0
cell survival/drug effects	cd8-positive t-lymphocytes/immunology	0.0004884711072284	0.0008752181063766	0.0077420384707478	0.1868283063250888	2	1
cell survival/drug effects	gene expression regulation neoplastic/drug effects	0.0035872302582571	0.0074200911190768	0.111111111111111	0.491090027111315	1	0
cell survival/drug effects	lipid metabolism/drug effects	0.0035872302582571	0.0074200911190768	0.111111111111111	0.491090027111315	1	0
cell survival/drug effects	sulfasalazine/administration &amp; dosage	0.0035872302582571	0.0074200911190768	0.111111111111111	0.491090027111315	1	0
cell survival/drug effects	raw 264.7 cells	0.0035872302582571	0.0074200911190768	0.111111111111111	0.491090027111315	1	0
gene expression	inflammation mediators/antagonists &amp; inhibitors	9.441547543787007e-11	1.14562710782353e-09	0.037037037037037	0.491090027111315	1	0
gene expression	lipopolysaccharides/toxicity	9.441547543787007e-11	1.14562710782353e-09	0.037037037037037	0.491090027111315	1	0
gene expression	microglia/drug effects	9.441547543787007e-11	1.14562710782353e-09	0.037037037037037	0.491090027111315	1	0
gene expression	nf-e2-related factor 2/biosynthesis	9.441547543787007e-11	1.14562710782353e-09	0.037037037037037	0.491090027111315	1	0
gene expression	raw 264.7 cells	9.441547543787007e-11	1.14562710782353e-09	0.037037037037037	0.491090027111315	1	0
inflammation mediators/antagonists &amp; inhibitors	lipopolysaccharides/toxicity	9.441547543787007e-11	1.14562710782353e-09	0.037037037037037	0.491090027111315	1	0
inflammation mediators/antagonists &amp; inhibitors	microglia/drug effects	9.441547543787007e-11	1.14562710782353e-09	0.037037037037037	0.491090027111315	1	0
inflammation mediators/antagonists &amp; inhibitors	nf-e2-related factor 2/biosynthesis	9.441547543787007e-11	1.14562710782353e-09	0.037037037037037	0.491090027111315	1	0
inflammation mediators/antagonists &amp; inhibitors	raw 264.7 cells	9.441547543787007e-11	1.14562710782353e-09	0.037037037037037	0.491090027111315	1	0
lipopolysaccharides/toxicity	microglia/drug effects	9.441547543787007e-11	1.14562710782353e-09	0.037037037037037	0.491090027111315	1	0
lipopolysaccharides/toxicity	nf-e2-related factor 2/biosynthesis	9.441547543787007e-11	1.14562710782353e-09	0.037037037037037	0.491090027111315	1	0
lipopolysaccharides/toxicity	raw 264.7 cells	9.441547543787007e-11	1.14562710782353e-09	0.037037037037037	0.491090027111315	1	0
microglia/drug effects	nf-e2-related factor 2/biosynthesis	9.441547543787007e-11	1.14562710782353e-09	0.037037037037037	0.491090027111315	1	0
microglia/drug effects	raw 264.7 cells	9.441547543787007e-11	1.14562710782353e-09	0.037037037037037	0.491090027111315	1	0
nf-e2-related factor 2/biosynthesis	raw 264.7 cells	9.441547543787007e-11	1.14562710782353e-09	0.037037037037037	0.491090027111315	1	0
raw 264.7 cells	neoplasm recurrence local	3.4015522509811547e-08	1.0400565265691953e-07	0.0294117647058823	0.5011717509037003	1	1
raw 264.7 cells	hydroxymethylglutaryl-coa reductase inhibitors/pharmacology	3.4015522509811547e-08	1.0400565265691953e-07	0.0294117647058823	0.5011717509037003	1	1
raw 264.7 cells	breast neoplasms/drug therapy	3.4015522509811547e-08	1.0400565265691953e-07	0.0294117647058823	0.5011717509037003	1	1
raw 264.7 cells	inflammation/immunology	3.4015522509811547e-08	1.0400565265691953e-07	0.0294117647058823	0.5011717509037003	1	1
raw 264.7 cells	macrophage colony-stimulating factor/antagonists &amp; inhibitors	3.4015522509811547e-08	1.0400565265691953e-07	0.0294117647058823	0.5011717509037003	1	1
raw 264.7 cells	mesenchymal stem cells/immunology	3.4015522509811547e-08	1.0400565265691953e-07	0.0294117647058823	0.5011717509037003	1	1
raw 264.7 cells	neoplasm invasiveness	3.4015522509811547e-08	1.0400565265691953e-07	0.0294117647058823	0.5011717509037003	1	1
phenotype	apoptosis/drug effects	0.0035478824308358	0.0054647911845691	0.0869183494293239	0.5011717509037003	1	1
phenotype	anti-inflammatory agents/pharmacology	4.126900117529253e-06	9.716653463315426e-06	0.0294117647058823	0.5011717509037003	1	1
phenotype	calgranulin a/metabolism	4.126900117529253e-06	9.716653463315426e-06	0.0294117647058823	0.5011717509037003	1	1
phenotype	colon/metabolism	4.126900117529253e-06	9.716653463315426e-06	0.0294117647058823	0.5011717509037003	1	1
phenotype	glycyrrhizic acid/pharmacology	4.126900117529253e-06	9.716653463315426e-06	0.0294117647058823	0.5011717509037003	1	1
phenotype	nf-kappa b/metabolism	0.0002512519996596	0.0004635065847003	0.0583845478489903	0.5011717509037003	1	1
phenotype	diet high-fat	0.0024359773054146	0.0038788378911146	0.0869183494293239	0.5011717509037003	1	1
apoptosis/drug effects	neoplasms/drug therapy	0.0015006475463213	0.0033068980883982	0.145299145299145	0.491090027111315	1	0
apoptosis/drug effects	antineoplastic agents/chemistry	1.13608141667498e-05	4.7336725694791e-05	0.074074074074074	0.491090027111315	1	0
apoptosis/drug effects	macrophages/cytology	0.0011893547260051	0.0026470673103721	0.145299145299145	0.491090027111315	1	0
apoptosis/drug effects	biological products/chemistry	1.13608141667498e-05	4.7336725694791e-05	0.074074074074074	0.491090027111315	1	0
apoptosis/drug effects	bone marrow/drug effects	4.985667878543151e-09	4.50418593388634e-08	0.074074074074074	0.491090027111315	1	0
apoptosis/drug effects	dichloroacetic acid/chemistry	1.13608141667498e-05	4.7336725694791e-05	0.074074074074074	0.491090027111315	1	0
apoptosis/drug effects	drug interactions	4.985667878543151e-09	4.50418593388634e-08	0.074074074074074	0.491090027111315	1	0
apoptosis/drug effects	drug synergism	1.13608141667498e-05	4.7336725694791e-05	0.074074074074074	0.491090027111315	1	0
apoptosis/drug effects	energy metabolism/drug effects	1.13608141667498e-05	4.7336725694791e-05	0.074074074074074	0.491090027111315	1	0
apoptosis/drug effects	ileum/drug effects	4.985667878543151e-09	4.50418593388634e-08	0.074074074074074	0.491090027111315	1	0
apoptosis/drug effects	necroptosis/drug effects	4.985667878543151e-09	4.50418593388634e-08	0.074074074074074	0.491090027111315	1	0
apoptosis/drug effects	protein kinase inhibitors/chemistry	1.13608141667498e-05	4.7336725694791e-05	0.074074074074074	0.491090027111315	1	0
apoptosis/drug effects	pyruvate dehydrogenase acetyl-transferring kinase/antagonists &amp; inhibitors	1.13608141667498e-05	4.7336725694791e-05	0.074074074074074	0.491090027111315	1	0
apoptosis/drug effects	radiation-protective agents/pharmacology	4.985667878543151e-09	4.50418593388634e-08	0.074074074074074	0.491090027111315	1	0
apoptosis/drug effects	saponins/chemistry	1.13608141667498e-05	4.7336725694791e-05	0.074074074074074	0.491090027111315	1	0
apoptosis/drug effects	small molecule libraries/pharmacology	4.985667878543151e-09	4.50418593388634e-08	0.074074074074074	0.491090027111315	1	0
ferric compounds/chemistry	macrophages/cytology	5.130761821336982e-05	0.000107238757578	0.0869183494293239	0.5011717509037003	1	1
ferric compounds/chemistry	adjuvants immunologic/chemistry	0.0001168032959434	0.0003588236845719	0.111111111111111	0.491090027111315	1	0
ferric compounds/chemistry	dextrans/chemistry	0.0001168032959434	0.0003588236845719	0.111111111111111	0.491090027111315	1	0
ferric compounds/chemistry	aniline compounds/chemistry	0.0015625643362536	0.0033615998331867	0.111111111111111	0.491090027111315	1	0
ferric compounds/chemistry	ascorbic acid/pharmacology	1.90229000622821e-05	6.33368658790105e-05	0.111111111111111	0.491090027111315	1	0
ferric compounds/chemistry	b7-h1 antigen/metabolism	0.0015625643362536	0.0033615998331867	0.111111111111111	0.491090027111315	1	0
ferric compounds/chemistry	benzylidene compounds/chemistry	0.0015625643362536	0.0033615998331867	0.111111111111111	0.491090027111315	1	0
ferric compounds/chemistry	calreticulin/metabolism	1.90229000622821e-05	6.33368658790105e-05	0.111111111111111	0.491090027111315	1	0
ferric compounds/chemistry	cd8-positive t-lymphocytes/cytology	0.0002311983189888	0.000429163002381	0.0869183494293239	0.5011717509037003	1	1
ferric compounds/chemistry	exosomes/metabolism	0.0015625643362536	0.0033615998331867	0.111111111111111	0.491090027111315	1	0
ferric compounds/chemistry	gels/chemistry	0.0001168032959434	0.0003588236845719	0.111111111111111	0.491090027111315	1	0
ferric compounds/chemistry	gold/chemistry	0.0001168032959434	0.0003588236845719	0.111111111111111	0.491090027111315	1	0
ferric compounds/chemistry	immunogenic cell death/drug effects	0.0015625643362536	0.0033615998331867	0.111111111111111	0.491090027111315	1	0
ferric compounds/chemistry	interferon-gamma/metabolism	0.0015625643362536	0.0033615998331867	0.111111111111111	0.491090027111315	1	0
ferric compounds/chemistry	metal-organic frameworks/chemistry	0.0015625643362536	0.0033615998331867	0.111111111111111	0.491090027111315	1	0
ferric compounds/chemistry	neoplasms/diagnostic imaging	1.90229000622821e-05	6.33368658790105e-05	0.111111111111111	0.491090027111315	1	0
ferric compounds/chemistry	phenol/chemistry	0.0015625643362536	0.0033615998331867	0.111111111111111	0.491090027111315	1	0
ferric compounds/chemistry	programmed cell death 1 receptor/metabolism	0.0015625643362536	0.0033615998331867	0.111111111111111	0.491090027111315	1	0
ferric compounds/chemistry	t-lymphocytes cytotoxic/metabolism	1.90229000622821e-05	6.33368658790105e-05	0.111111111111111	0.491090027111315	1	0
ferric compounds/chemistry	urinary bladder neoplasms/pathology	0.0001168032959434	0.0003588236845719	0.111111111111111	0.491090027111315	1	0
ascorbic acid/pharmacology	calreticulin/metabolism	0.0	0.0	0.037037037037037	0.491090027111315	1	0
ascorbic acid/pharmacology	neoplasms/diagnostic imaging	0.0	0.0	0.037037037037037	0.491090027111315	1	0
ascorbic acid/pharmacology	t-lymphocytes cytotoxic/metabolism	0.0	0.0	0.037037037037037	0.491090027111315	1	0
calreticulin/metabolism	neoplasms/diagnostic imaging	0.0	0.0	0.037037037037037	0.491090027111315	1	0
calreticulin/metabolism	t-lymphocytes cytotoxic/metabolism	0.0	0.0	0.037037037037037	0.491090027111315	1	0
neoplasms/diagnostic imaging	t-lymphocytes cytotoxic/metabolism	0.0	0.0	0.037037037037037	0.491090027111315	1	0
glutathione/metabolism	cell survival	0.0001487376673323	0.0004423992156552	0.111111111111111	0.491090027111315	1	0
glutathione/metabolism	coenzyme a ligases/metabolism	0.0001487376673323	0.0004423992156552	0.111111111111111	0.491090027111315	1	0
glutathione/metabolism	autophagy-related proteins/genetics	0.0002752353370022	0.000788717862951	0.111111111111111	0.491090027111315	1	0
glutathione/metabolism	autophagy/drug effects	3.025816011892335e-05	6.442668852416033e-05	0.0869183494293239	0.5011717509037003	1	1
glutathione/metabolism	cell cycle/drug effects	0.0002752353370022	0.000788717862951	0.111111111111111	0.491090027111315	1	0
glutathione/metabolism	cells cultured	0.0019364221367503	0.0031229382209923	0.1284220608189001	0.5011717509037003	1	1
glutathione/metabolism	flavonolignans/pharmacology	0.0002752353370022	0.000788717862951	0.111111111111111	0.491090027111315	1	0
glutathione/metabolism	glutathione peroxidase/metabolism	0.0002752353370022	0.000788717862951	0.111111111111111	0.491090027111315	1	0
glutathione/metabolism	host-pathogen interactions	1.06124954789566e-05	4.50603761185566e-05	0.111111111111111	0.491090027111315	1	0
glutathione/metabolism	iron chelating agents/pharmacology	1.06124954789566e-05	4.50603761185566e-05	0.111111111111111	0.491090027111315	1	0
glutathione/metabolism	iron/metabolism	0.000623406723278	0.0015015610444405	0.0485470085470085	0.178864212567384	2	0
glutathione/metabolism	lymph/metabolism	0.0001487376673323	0.0004423992156552	0.111111111111111	0.491090027111315	1	0
glutathione/metabolism	melanoma/blood	0.0001487376673323	0.0004423992156552	0.111111111111111	0.491090027111315	1	0
glutathione/metabolism	neoplasm metastasis/drug therapy	0.0001487376673323	0.0004423992156552	0.111111111111111	0.491090027111315	1	0
glutathione/metabolism	oleic acid/metabolism	0.0001487376673323	0.0004423992156552	0.111111111111111	0.491090027111315	1	0
glutathione/metabolism	oxidative stress/drug effects	0.0019364221367503	0.0031229382209923	0.0869183494293239	0.5011717509037003	1	1
glutathione/metabolism	phospholipid hydroperoxide glutathione peroxidase/metabolism	1.7149710207498e-08	1.53028183389982e-07	0.0085470085470085	0.178864212567384	2	0
glutathione/metabolism	precursor cell lymphoblastic leukemia-lymphoma/metabolism	0.0002752353370022	0.000788717862951	0.111111111111111	0.491090027111315	1	0
glutathione/metabolism	tuberculosis/metabolism	1.06124954789566e-05	4.50603761185566e-05	0.111111111111111	0.491090027111315	1	0
glutathione/metabolism	ferroptosis/drug effects	0.000198042045892	0.0003889131890287	7.771544141794344e-06	1.716422012570018e-10	14	2
glutathione/metabolism	amino acid transport system y+/metabolism	2.6683105472713464e-05	6.011323538472192e-05	0.0002480883409579	0.0014456026634706	6	2
glutathione/metabolism	cell line	0.0037730379392946	0.0059123365498235	0.0165886693826971	0.0270361376697864	4	2
glutathione/metabolism	selenomethionine/pharmacology	0.0029973473846041	0.0047764867314111	0.1772151898734177	0.5839154963972442	1	2
glutathione/metabolism	malondialdehyde/metabolism	0.0037145975947627	0.0058218896748017	0.0295358649789029	0.2602194741106761	2	2
glutathione/metabolism	chondrocytes/drug effects	0.0029973473846041	0.0047764867314111	0.1772151898734177	0.5839154963972442	1	2
glutathione/metabolism	dna-(apurinic or apyrimidinic site) lyase/metabolism	0.000829892876911	0.0014781495125232	0.1772151898734177	0.5839154963972442	1	2
glutathione/metabolism	neurons/drug effects	0.0001583597610047	0.0003127334380937	0.004602991944764	0.0923383282746833	3	2
glutathione/metabolism	selenium/chemistry	0.0003354062041671	0.0006386469217424	0.1772151898734177	0.5839154963972442	1	2
glutathione/metabolism	cartilage articular/drug effects	0.0029973473846041	0.0047764867314111	0.1772151898734177	0.5839154963972442	1	2
glutathione/metabolism	t-2 toxin/toxicity	0.0029973473846041	0.0047764867314111	0.1772151898734177	0.5839154963972442	1	2
autophagy/drug effects	autophagy-related proteins/genetics	1.96134005804316e-05	6.48561706764557e-05	0.074074074074074	0.491090027111315	1	0
autophagy/drug effects	cd8-positive t-lymphocytes/drug effects	8.60452407625001e-06	3.66957644428309e-05	0.074074074074074	0.491090027111315	1	0
autophagy/drug effects	cell cycle/drug effects	1.96134005804316e-05	6.48561706764557e-05	0.074074074074074	0.491090027111315	1	0
autophagy/drug effects	endoplasmic reticulum/drug effects	8.60452407625001e-06	3.66957644428309e-05	0.074074074074074	0.491090027111315	1	0
autophagy/drug effects	flavonolignans/pharmacology	1.96134005804316e-05	6.48561706764557e-05	0.074074074074074	0.491090027111315	1	0
autophagy/drug effects	glutathione peroxidase/metabolism	1.96134005804316e-05	6.48561706764557e-05	0.074074074074074	0.491090027111315	1	0
autophagy/drug effects	neoplasms/drug therapy	0.0030275730352965	0.006325620895072	0.145299145299145	0.491090027111315	1	0
autophagy/drug effects	precursor cell lymphoblastic leukemia-lymphoma/metabolism	1.96134005804316e-05	6.48561706764557e-05	0.074074074074074	0.491090027111315	1	0
autophagy-related proteins/genetics	cell cycle/drug effects	2.3766930645763304e-09	2.23055336157649e-08	0.037037037037037	0.491090027111315	1	0
autophagy-related proteins/genetics	flavonolignans/pharmacology	2.3766930645763304e-09	2.23055336157649e-08	0.037037037037037	0.491090027111315	1	0
autophagy-related proteins/genetics	glutathione peroxidase/metabolism	2.3766930645763304e-09	2.23055336157649e-08	0.037037037037037	0.491090027111315	1	0
autophagy-related proteins/genetics	precursor cell lymphoblastic leukemia-lymphoma/metabolism	2.3766930645763304e-09	2.23055336157649e-08	0.037037037037037	0.491090027111315	1	0
cell cycle/drug effects	flavonolignans/pharmacology	2.3766930645763304e-09	2.23055336157649e-08	0.037037037037037	0.491090027111315	1	0
cell cycle/drug effects	glutathione peroxidase/metabolism	2.3766930645763304e-09	2.23055336157649e-08	0.037037037037037	0.491090027111315	1	0
cell cycle/drug effects	precursor cell lymphoblastic leukemia-lymphoma/metabolism	2.3766930645763304e-09	2.23055336157649e-08	0.037037037037037	0.491090027111315	1	0
flavonolignans/pharmacology	glutathione peroxidase/metabolism	2.3766930645763304e-09	2.23055336157649e-08	0.037037037037037	0.491090027111315	1	0
flavonolignans/pharmacology	precursor cell lymphoblastic leukemia-lymphoma/metabolism	2.3766930645763304e-09	2.23055336157649e-08	0.037037037037037	0.491090027111315	1	0
glutathione peroxidase/metabolism	precursor cell lymphoblastic leukemia-lymphoma/metabolism	2.3766930645763304e-09	2.23055336157649e-08	0.037037037037037	0.491090027111315	1	0
cell survival	coenzyme a ligases/metabolism	9.441547543787007e-11	1.14562710782353e-09	0.037037037037037	0.491090027111315	1	0
cell survival	iron/metabolism	0.0021974525656576	0.0046720032554304	0.148148148148148	0.491090027111315	1	0
cell survival	lymph/metabolism	9.441547543787007e-11	1.14562710782353e-09	0.037037037037037	0.491090027111315	1	0
cell survival	melanoma/blood	9.441547543787007e-11	1.14562710782353e-09	0.037037037037037	0.491090027111315	1	0
cell survival	neoplasm metastasis/drug therapy	9.441547543787007e-11	1.14562710782353e-09	0.037037037037037	0.491090027111315	1	0
cell survival	oleic acid/metabolism	9.441547543787007e-11	1.14562710782353e-09	0.037037037037037	0.491090027111315	1	0
cell survival	oxidative stress/drug effects	0.0009252229168602	0.0021093918702002	0.074074074074074	0.491090027111315	1	0
cell survival	phospholipid hydroperoxide glutathione peroxidase/metabolism	1.13100478793537e-06	5.82577954709163e-06	0.074074074074074	0.491090027111315	1	0
coenzyme a ligases/metabolism	iron/metabolism	0.0021974525656576	0.0046720032554304	0.148148148148148	0.491090027111315	1	0
coenzyme a ligases/metabolism	lymph/metabolism	9.441547543787007e-11	1.14562710782353e-09	0.037037037037037	0.491090027111315	1	0
coenzyme a ligases/metabolism	melanoma/blood	9.441547543787007e-11	1.14562710782353e-09	0.037037037037037	0.491090027111315	1	0
coenzyme a ligases/metabolism	neoplasm metastasis/drug therapy	9.441547543787007e-11	1.14562710782353e-09	0.037037037037037	0.491090027111315	1	0
coenzyme a ligases/metabolism	oleic acid/metabolism	9.441547543787007e-11	1.14562710782353e-09	0.037037037037037	0.491090027111315	1	0
coenzyme a ligases/metabolism	oxidative stress/drug effects	0.0009252229168602	0.0021093918702002	0.074074074074074	0.491090027111315	1	0
coenzyme a ligases/metabolism	phospholipid hydroperoxide glutathione peroxidase/metabolism	1.13100478793537e-06	5.82577954709163e-06	0.074074074074074	0.491090027111315	1	0
iron/metabolism	ferritins/blood	0.0021974525656576	0.0046720032554304	0.148148148148148	0.491090027111315	1	0
iron/metabolism	genetic variation	0.0021974525656576	0.0046720032554304	0.148148148148148	0.491090027111315	1	0
iron/metabolism	hemeproteins/toxicity	0.0021974525656576	0.0046720032554304	0.148148148148148	0.491090027111315	1	0
iron/metabolism	host-pathogen interactions	0.0003621740428354	0.0010297105139439	0.148148148148148	0.491090027111315	1	0
iron/metabolism	iron chelating agents/pharmacology	0.0003621740428354	0.0010297105139439	0.148148148148148	0.491090027111315	1	0
iron/metabolism	listeriosis/etiology	0.0021974525656576	0.0046720032554304	0.148148148148148	0.491090027111315	1	0
iron/metabolism	liver x receptors/agonists	0.0021974525656576	0.0046720032554304	0.148148148148148	0.491090027111315	1	0
iron/metabolism	lymph/metabolism	0.0021974525656576	0.0046720032554304	0.148148148148148	0.491090027111315	1	0
iron/metabolism	malaria/genetics	0.0021974525656576	0.0046720032554304	0.148148148148148	0.491090027111315	1	0
iron/metabolism	melanoma/blood	0.0021974525656576	0.0046720032554304	0.148148148148148	0.491090027111315	1	0
iron/metabolism	neoplasm metastasis/drug therapy	0.0021974525656576	0.0046720032554304	0.148148148148148	0.491090027111315	1	0
iron/metabolism	oleic acid/metabolism	0.0021974525656576	0.0046720032554304	0.148148148148148	0.491090027111315	1	0
iron/metabolism	phospholipid hydroperoxide glutathione peroxidase/metabolism	6.32554567225885e-06	2.72167395393927e-05	0.017094017094017	0.178864212567384	2	0
iron/metabolism	transferrin/metabolism	0.0021974525656576	0.0046720032554304	0.148148148148148	0.491090027111315	1	0
iron/metabolism	tuberculosis/metabolism	0.0003621740428354	0.0010297105139439	0.148148148148148	0.491090027111315	1	0
iron/metabolism	tumor suppressor protein p53/genetics	0.0021974525656576	0.0046720032554304	0.148148148148148	0.491090027111315	1	0
iron/metabolism	membrane proteins/genetics	6.120353295802072e-05	0.0001257224765577	0.0588235294117647	0.5011717509037003	1	1
iron/metabolism	dna	6.120353295802072e-05	0.0001257224765577	0.0588235294117647	0.5011717509037003	1	1
iron/metabolism	macrophages	6.120353295802072e-05	0.0001257224765577	0.0588235294117647	0.5011717509037003	1	1
iron/metabolism	quinoxalines/pharmacology	6.120353295802072e-05	0.0001257224765577	0.0588235294117647	0.5011717509037003	1	1
iron/metabolism	biomarkers tumor	6.120353295802072e-05	0.0001257224765577	0.0588235294117647	0.5011717509037003	1	1
iron/metabolism	cell transformation neoplastic/genetics	6.120353295802072e-05	0.0001257224765577	0.0588235294117647	0.5011717509037003	1	1
iron/metabolism	carcinoma pancreatic ductal/metabolism	6.120353295802072e-05	0.0001257224765577	0.0588235294117647	0.5011717509037003	1	1
iron/metabolism	diet	6.120353295802072e-05	0.0001257224765577	0.0588235294117647	0.5011717509037003	1	1
iron/metabolism	spiro compounds/pharmacology	6.120353295802072e-05	0.0001257224765577	0.0588235294117647	0.5011717509037003	1	1
iron/metabolism	proto-oncogene proteins p21(ras)/metabolism	6.120353295802072e-05	0.0001257224765577	0.0588235294117647	0.5011717509037003	1	1
iron/metabolism	ferroptosis/drug effects	0.0068723509875587	0.0099684556826216	0.0215500039907414	0.0131605085751639	4	1
iron/metabolism	pancreatitis/genetics	6.120353295802072e-05	0.0001257224765577	0.0588235294117647	0.5011717509037003	1	1
iron/metabolism	pancreas/metabolism	6.120353295802072e-05	0.0001257224765577	0.0588235294117647	0.5011717509037003	1	1
iron/metabolism	macrophages/drug effects	0.0008029908955162	0.001397871204315	0.0247610159813847	0.1868283063250888	2	1
iron/metabolism	phospholipid hydroperoxide glutathione peroxidase/genetics	6.120353295802072e-05	0.0001257224765577	0.0588235294117647	0.5011717509037003	1	1
iron/metabolism	cells cultured	0.0032732270710881	0.0051956291419098	0.063354651362646	0.2602194741106761	2	2
iron/metabolism	receptors transferrin/metabolism	0.0005265629672097	0.0009620518512371	0.0759493670886075	0.5839154963972442	1	2
iron/metabolism	aging/metabolism	0.0002135798585213	0.0004166921382691	0.0759493670886075	0.5839154963972442	1	2
iron/metabolism	antioxidants/metabolism	0.0002135798585213	0.0004166921382691	0.0759493670886075	0.5839154963972442	1	2
iron/metabolism	neurons/metabolism	0.0002135798585213	0.0004166921382691	0.0759493670886075	0.5839154963972442	1	2
iron/metabolism	folic acid/pharmacology	0.0002135798585213	0.0004166921382691	0.0759493670886075	0.5839154963972442	1	2
iron/metabolism	spiral ganglion/drug effects	0.0005265629672097	0.0009620518512371	0.0759493670886075	0.5839154963972442	1	2
iron/metabolism	cystine/metabolism	0.0002135798585213	0.0004166921382691	0.0759493670886075	0.5839154963972442	1	2
iron/metabolism	organometallic compounds/toxicity	0.0005265629672097	0.0009620518512371	0.0759493670886075	0.5839154963972442	1	2
lymph/metabolism	melanoma/blood	9.441547543787007e-11	1.14562710782353e-09	0.037037037037037	0.491090027111315	1	0
lymph/metabolism	neoplasm metastasis/drug therapy	9.441547543787007e-11	1.14562710782353e-09	0.037037037037037	0.491090027111315	1	0
lymph/metabolism	oleic acid/metabolism	9.441547543787007e-11	1.14562710782353e-09	0.037037037037037	0.491090027111315	1	0
lymph/metabolism	oxidative stress/drug effects	0.0009252229168602	0.0021093918702002	0.074074074074074	0.491090027111315	1	0
lymph/metabolism	phospholipid hydroperoxide glutathione peroxidase/metabolism	1.13100478793537e-06	5.82577954709163e-06	0.074074074074074	0.491090027111315	1	0
melanoma/blood	neoplasm metastasis/drug therapy	9.441547543787007e-11	1.14562710782353e-09	0.037037037037037	0.491090027111315	1	0
melanoma/blood	oleic acid/metabolism	9.441547543787007e-11	1.14562710782353e-09	0.037037037037037	0.491090027111315	1	0
melanoma/blood	oxidative stress/drug effects	0.0009252229168602	0.0021093918702002	0.074074074074074	0.491090027111315	1	0
melanoma/blood	phospholipid hydroperoxide glutathione peroxidase/metabolism	1.13100478793537e-06	5.82577954709163e-06	0.074074074074074	0.491090027111315	1	0
neoplasm metastasis/drug therapy	oleic acid/metabolism	9.441547543787007e-11	1.14562710782353e-09	0.037037037037037	0.491090027111315	1	0
neoplasm metastasis/drug therapy	oxidative stress/drug effects	0.0009252229168602	0.0021093918702002	0.074074074074074	0.491090027111315	1	0
neoplasm metastasis/drug therapy	phospholipid hydroperoxide glutathione peroxidase/metabolism	1.13100478793537e-06	5.82577954709163e-06	0.074074074074074	0.491090027111315	1	0
oleic acid/metabolism	oxidative stress/drug effects	0.0009252229168602	0.0021093918702002	0.074074074074074	0.491090027111315	1	0
oleic acid/metabolism	phospholipid hydroperoxide glutathione peroxidase/metabolism	1.13100478793537e-06	5.82577954709163e-06	0.074074074074074	0.491090027111315	1	0
oxidative stress/drug effects	amp-activated protein kinase kinases	0.0013669559477371	0.0022615358442826	0.0294117647058823	0.5011717509037003	1	1
oxidative stress/drug effects	glycogen synthase kinase 3/metabolism	0.0013669559477371	0.0022615358442826	0.0294117647058823	0.5011717509037003	1	1
oxidative stress/drug effects	iron/chemistry	0.0013669559477371	0.0022615358442826	0.0294117647058823	0.5011717509037003	1	1
oxidative stress/drug effects	lung neoplasms/drug therapy	0.0013669559477371	0.0022615358442826	0.0294117647058823	0.5011717509037003	1	1
oxidative stress/drug effects	nf-e2-related factor 2/genetics	0.0013669559477371	0.0022615358442826	0.0294117647058823	0.5011717509037003	1	1
oxidative stress/drug effects	tor serine-threonine kinases/metabolism	0.0013669559477371	0.0022615358442826	0.0294117647058823	0.5011717509037003	1	1
oxidative stress/drug effects	phospholipid hydroperoxide glutathione peroxidase/metabolism	6.481293576388047e-05	0.000132984343149	0.0583845478489903	0.5011717509037003	1	1
oxidative stress/drug effects	ferroptosis/drug effects	0.0017567180517258	0.0029593576351879	2.051687653433707e-05	1.66646193114706e-09	13	2
oxidative stress/drug effects	amino acid transport system y+/metabolism	5.26584982637468e-05	0.0001107006567297	0.000145478726881	0.0014456026634706	6	2
oxidative stress/drug effects	cell line	0.0054077123488796	0.0082343552838319	0.0122790655914691	0.0270361376697864	4	2
oxidative stress/drug effects	malondialdehyde/metabolism	0.0049765608086923	0.0076021905283635	0.0253164556962025	0.2602194741106761	2	2
oxidative stress/drug effects	neurons/drug effects	0.0002567656931961	0.0004933246711169	0.0036166365280289	0.0923383282746833	3	2
oxidative stress/drug effects	selenomethionine/pharmacology	0.003891312982533	0.0060449250695597	0.1645569620253164	0.5839154963972442	1	2
oxidative stress/drug effects	chondrocytes/drug effects	0.003891312982533	0.0060449250695597	0.1645569620253164	0.5839154963972442	1	2
oxidative stress/drug effects	dna-(apurinic or apyrimidinic site) lyase/metabolism	0.001143667373756	0.001996538355438	0.1645569620253164	0.5839154963972442	1	2
oxidative stress/drug effects	selenium/chemistry	0.000482318717482	0.0008906804286957	0.1645569620253164	0.5839154963972442	1	2
oxidative stress/drug effects	cartilage articular/drug effects	0.003891312982533	0.0060449250695597	0.1645569620253164	0.5839154963972442	1	2
oxidative stress/drug effects	t-2 toxin/toxicity	0.003891312982533	0.0060449250695597	0.1645569620253164	0.5839154963972442	1	2
phospholipid hydroperoxide glutathione peroxidase/metabolism	cells cultured	0.0030517326101732	0.0063715079694041	0.145299145299145	0.491090027111315	1	0
phospholipid hydroperoxide glutathione peroxidase/metabolism	host-pathogen interactions	1.70932890064535e-08	1.52995488020725e-07	0.074074074074074	0.491090027111315	1	0
phospholipid hydroperoxide glutathione peroxidase/metabolism	iron chelating agents/pharmacology	1.70932890064535e-08	1.52995488020725e-07	0.074074074074074	0.491090027111315	1	0
phospholipid hydroperoxide glutathione peroxidase/metabolism	tuberculosis/metabolism	1.70932890064535e-08	1.52995488020725e-07	0.074074074074074	0.491090027111315	1	0
phospholipid hydroperoxide glutathione peroxidase/metabolism	macrophages/drug effects	0.0056610184889931	0.008358574270831	0.1426690079016681	0.5011717509037003	1	1
phospholipid hydroperoxide glutathione peroxidase/metabolism	ferroptosis/drug effects	0.0008421867925606	0.0014970768743252	5.2870412607714746e-05	1.5116732719636035e-08	12	2
phospholipid hydroperoxide glutathione peroxidase/metabolism	amino acid transport system y+/metabolism	4.899724571738595e-06	1.1829899690534685e-05	8.036108717846006e-05	0.0014456026634706	6	2
phospholipid hydroperoxide glutathione peroxidase/metabolism	cell line	0.001539165040075	0.0026130236741273	0.0088061248073294	0.0270361376697864	4	2
phospholipid hydroperoxide glutathione peroxidase/metabolism	selenomethionine/pharmacology	0.0015729268558523	0.0026591677661385	0.1518987341772151	0.5839154963972442	1	2
phospholipid hydroperoxide glutathione peroxidase/metabolism	polysaccharides/pharmacology	0.0060478533588005	0.0090656099040005	0.1518987341772151	0.5839154963972442	1	2
phospholipid hydroperoxide glutathione peroxidase/metabolism	malondialdehyde/metabolism	0.001800873105423	0.0030173865985743	0.0214216163583252	0.2602194741106761	2	2
phospholipid hydroperoxide glutathione peroxidase/metabolism	chondrocytes/drug effects	0.0015729268558523	0.0026591677661385	0.1518987341772151	0.5839154963972442	1	2
phospholipid hydroperoxide glutathione peroxidase/metabolism	chalcones/toxicity	0.0060478533588005	0.0090656099040005	0.1518987341772151	0.5839154963972442	1	2
phospholipid hydroperoxide glutathione peroxidase/metabolism	neurons/drug effects	4.771805555769948e-05	0.0001005500930799	0.0027820280984837	0.0923383282746833	3	2
phospholipid hydroperoxide glutathione peroxidase/metabolism	embryo nonmammalian/drug effects	0.0060478533588005	0.0090656099040005	0.1518987341772151	0.5839154963972442	1	2
phospholipid hydroperoxide glutathione peroxidase/metabolism	kidney/drug effects	0.0060478533588005	0.0090656099040005	0.1518987341772151	0.5839154963972442	1	2
phospholipid hydroperoxide glutathione peroxidase/metabolism	membrane potential mitochondrial/drug effects	0.0060478533588005	0.0090656099040005	0.1518987341772151	0.5839154963972442	1	2
phospholipid hydroperoxide glutathione peroxidase/metabolism	selenium/chemistry	0.0001365099814025	0.0002709079468846	0.1518987341772151	0.5839154963972442	1	2
phospholipid hydroperoxide glutathione peroxidase/metabolism	cartilage articular/drug effects	0.0015729268558523	0.0026591677661385	0.1518987341772151	0.5839154963972442	1	2
phospholipid hydroperoxide glutathione peroxidase/metabolism	diabetic nephropathies/drug therapy	0.0060478533588005	0.0090656099040005	0.1518987341772151	0.5839154963972442	1	2
phospholipid hydroperoxide glutathione peroxidase/metabolism	t-2 toxin/toxicity	0.0015729268558523	0.0026591677661385	0.1518987341772151	0.5839154963972442	1	2
phospholipid hydroperoxide glutathione peroxidase/metabolism	chemical and drug induced liver injury/metabolism	0.0060478533588005	0.0090656099040005	0.1518987341772151	0.5839154963972442	1	2
cells cultured	cyclohexylamines/pharmacology	0.0026427423852313	0.0041792883219225	0.0869183494293239	0.5011717509037003	1	1
cells cultured	phenylenediamines/pharmacology	0.0026427423852313	0.0041792883219225	0.0869183494293239	0.5011717509037003	1	1
cells cultured	bacterial toxins/metabolism	0.0038613323464813	0.0078913768885101	0.074074074074074	0.491090027111315	1	0
cells cultured	endothelial cells/metabolism	0.0038613323464813	0.0078913768885101	0.074074074074074	0.491090027111315	1	0
cells cultured	heart ventricles/diagnostic imaging	0.0038613323464813	0.0078913768885101	0.074074074074074	0.491090027111315	1	0
cells cultured	hemodynamics/drug effects	0.0038613323464813	0.0078913768885101	0.074074074074074	0.491090027111315	1	0
cells cultured	hmgb1 protein/metabolism	0.0038613323464813	0.0078913768885101	0.074074074074074	0.491090027111315	1	0
cells cultured	host-pathogen interactions	3.85253685275533e-06	1.84058597578096e-05	0.074074074074074	0.491090027111315	1	0
cells cultured	hypertension pulmonary/chemically induced	0.0038613323464813	0.0078913768885101	0.074074074074074	0.491090027111315	1	0
cells cultured	inflammasomes/metabolism	0.0038613323464813	0.0078913768885101	0.074074074074074	0.491090027111315	1	0
cells cultured	inflammation/metabolism	0.0038613323464813	0.0078913768885101	0.074074074074074	0.491090027111315	1	0
cells cultured	iron chelating agents/pharmacology	3.85253685275533e-06	1.84058597578096e-05	0.074074074074074	0.491090027111315	1	0
cells cultured	lung/blood supply	0.0038613323464813	0.0078913768885101	0.074074074074074	0.491090027111315	1	0
cells cultured	monocrotaline/toxicity	0.0038613323464813	0.0078913768885101	0.074074074074074	0.491090027111315	1	0
cells cultured	nlr family pyrin domain-containing 3 protein/metabolism	0.0038613323464813	0.0078913768885101	0.074074074074074	0.491090027111315	1	0
cells cultured	toll-like receptor 4/metabolism	0.0038613323464813	0.0078913768885101	0.074074074074074	0.491090027111315	1	0
cells cultured	tuberculosis/metabolism	3.85253685275533e-06	1.84058597578096e-05	0.074074074074074	0.491090027111315	1	0
cells cultured	tumor microenvironment/physiology	0.0026427423852313	0.0041792883219225	0.1284220608189001	0.5011717509037003	1	1
cells cultured	receptors transferrin/metabolism	0.0003409283625428	0.0006456625492638	0.0759493670886075	0.5839154963972442	1	2
cells cultured	selenomethionine/pharmacology	2.3792607699579804e-06	5.939699191235848e-06	0.0759493670886075	0.5839154963972442	1	2
cells cultured	chondrocytes/drug effects	2.3792607699579804e-06	5.939699191235848e-06	0.0759493670886075	0.5839154963972442	1	2
cells cultured	spiral ganglion/drug effects	0.0003409283625428	0.0006456625492638	0.0759493670886075	0.5839154963972442	1	2
cells cultured	neurons/drug effects	2.9976052317470803e-05	6.734403079718698e-05	0.0140998242264065	0.2602194741106761	2	2
cells cultured	selenium/chemistry	1.4840225492918082e-08	4.3976480457745145e-08	0.0759493670886075	0.5839154963972442	1	2
cells cultured	cartilage articular/drug effects	2.3792607699579804e-06	5.939699191235848e-06	0.0759493670886075	0.5839154963972442	1	2
cells cultured	t-2 toxin/toxicity	2.3792607699579804e-06	5.939699191235848e-06	0.0759493670886075	0.5839154963972442	1	2
cells cultured	organometallic compounds/toxicity	0.0003409283625428	0.0006456625492638	0.0759493670886075	0.5839154963972442	1	2
host-pathogen interactions	macrophages/drug effects	0.0025695249368861	0.0054154231954721	0.148148148148148	0.491090027111315	1	0
host-pathogen interactions	iron chelating agents/pharmacology	0.0	0.0	0.037037037037037	0.491090027111315	1	0
host-pathogen interactions	tuberculosis/metabolism	0.0	0.0	0.037037037037037	0.491090027111315	1	0
iron chelating agents/pharmacology	macrophages/drug effects	0.0025695249368861	0.0054154231954721	0.148148148148148	0.491090027111315	1	0
iron chelating agents/pharmacology	tuberculosis/metabolism	0.0	0.0	0.037037037037037	0.491090027111315	1	0
tuberculosis/metabolism	macrophages/drug effects	0.0025695249368861	0.0054154231954721	0.148148148148148	0.491090027111315	1	0
amino acid transport system y+/metabolism	actins/metabolism	0.0009142822313443	0.0021059717799036	0.074074074074074	0.491090027111315	1	0
amino acid transport system y+/metabolism	b7-h1 antigen/antagonists &amp; inhibitors	3.6844543410463615e-05	7.80564122443963e-05	0.0583845478489903	0.5011717509037003	1	1
amino acid transport system y+/metabolism	cell line	0.0009142822313443	0.0021059717799036	0.074074074074074	0.491090027111315	1	0
amino acid transport system y+/metabolism	collagen type i/metabolism	0.0009142822313443	0.0021059717799036	0.074074074074074	0.491090027111315	1	0
amino acid transport system y+/metabolism	cysteine/metabolism	0.0002401445231134	0.0007043559873365	0.074074074074074	0.491090027111315	1	0
amino acid transport system y+/metabolism	fusion regulatory protein 1 heavy chain/metabolism	0.0002401445231134	0.0007043559873365	0.074074074074074	0.491090027111315	1	0
amino acid transport system y+/metabolism	hepatic stellate cells/drug effects	0.0009142822313443	0.0021059717799036	0.074074074074074	0.491090027111315	1	0
amino acid transport system y+/metabolism	hepatocytes/drug effects	0.0009142822313443	0.0021059717799036	0.074074074074074	0.491090027111315	1	0
amino acid transport system y+/metabolism	hypoxia-inducible factor 1 alpha subunit/metabolism	0.0009142822313443	0.0021059717799036	0.074074074074074	0.491090027111315	1	0
amino acid transport system y+/metabolism	interferon-gamma/immunology	0.0002401445231134	0.0007043559873365	0.074074074074074	0.491090027111315	1	0
amino acid transport system y+/metabolism	liver cirrhosis/drug therapy	0.0009142822313443	0.0021059717799036	0.074074074074074	0.491090027111315	1	0
amino acid transport system y+/metabolism	melanoma/genetics	0.0002401445231134	0.0007043559873365	0.074074074074074	0.491090027111315	1	0
amino acid transport system y+/metabolism	nivolumab/therapeutic use	0.0002401445231134	0.0007043559873365	0.074074074074074	0.491090027111315	1	0
amino acid transport system y+/metabolism	sorafenib/pharmacology	0.0009142822313443	0.0021059717799036	0.074074074074074	0.491090027111315	1	0
amino acid transport system y+/metabolism	receptors transferrin/metabolism	0.0055329093927494	0.0083886380493073	0.1012658227848101	0.5839154963972442	1	2
amino acid transport system y+/metabolism	cyclohexylamines	0.0055329093927494	0.0083886380493073	0.1012658227848101	0.5839154963972442	1	2
amino acid transport system y+/metabolism	polysaccharides/pharmacology	0.0013565528640496	0.0023230141331607	0.1012658227848101	0.5839154963972442	1	2
amino acid transport system y+/metabolism	leydig cells/metabolism	0.0055329093927494	0.0083886380493073	0.1012658227848101	0.5839154963972442	1	2
amino acid transport system y+/metabolism	malondialdehyde/metabolism	0.0002100737029263	0.0004117403816026	0.009087958455047	0.2602194741106761	2	2
amino acid transport system y+/metabolism	aging/metabolism	0.0029973473846041	0.0047764867314111	0.1012658227848101	0.5839154963972442	1	2
amino acid transport system y+/metabolism	superoxide dismutase/metabolism	0.0055329093927494	0.0083886380493073	0.1012658227848101	0.5839154963972442	1	2
amino acid transport system y+/metabolism	antioxidants/metabolism	0.0029973473846041	0.0047764867314111	0.1012658227848101	0.5839154963972442	1	2
amino acid transport system y+/metabolism	neurons/metabolism	0.0029973473846041	0.0047764867314111	0.1012658227848101	0.5839154963972442	1	2
amino acid transport system y+/metabolism	folic acid/pharmacology	0.0029973473846041	0.0047764867314111	0.1012658227848101	0.5839154963972442	1	2
amino acid transport system y+/metabolism	spiral ganglion/drug effects	0.0055329093927494	0.0083886380493073	0.1012658227848101	0.5839154963972442	1	2
amino acid transport system y+/metabolism	testosterone	0.0055329093927494	0.0083886380493073	0.1012658227848101	0.5839154963972442	1	2
amino acid transport system y+/metabolism	phenylenediamines	0.0055329093927494	0.0083886380493073	0.1012658227848101	0.5839154963972442	1	2
amino acid transport system y+/metabolism	kidney/drug effects	0.0013565528640496	0.0023230141331607	0.1012658227848101	0.5839154963972442	1	2
amino acid transport system y+/metabolism	cystine/metabolism	0.0029973473846041	0.0047764867314111	0.1012658227848101	0.5839154963972442	1	2
amino acid transport system y+/metabolism	drugs chinese herbal/pharmacology	0.0055329093927494	0.0083886380493073	0.1012658227848101	0.5839154963972442	1	2
amino acid transport system y+/metabolism	hydrogen peroxide	0.0055329093927494	0.0083886380493073	0.1012658227848101	0.5839154963972442	1	2
amino acid transport system y+/metabolism	diabetic nephropathies/drug therapy	0.0013565528640496	0.0023230141331607	0.1012658227848101	0.5839154963972442	1	2
amino acid transport system y+/metabolism	organometallic compounds/toxicity	0.0055329093927494	0.0083886380493073	0.1012658227848101	0.5839154963972442	1	2
cell line	actins/metabolism	5.72955623634464e-06	2.46890239010393e-05	0.037037037037037	0.491090027111315	1	0
cell line	collagen type i/metabolism	5.72955623634464e-06	2.46890239010393e-05	0.037037037037037	0.491090027111315	1	0
cell line	hepatic stellate cells/drug effects	5.72955623634464e-06	2.46890239010393e-05	0.037037037037037	0.491090027111315	1	0
cell line	hepatocytes/drug effects	5.72955623634464e-06	2.46890239010393e-05	0.037037037037037	0.491090027111315	1	0
cell line	hypoxia-inducible factor 1 alpha subunit/metabolism	5.72955623634464e-06	2.46890239010393e-05	0.037037037037037	0.491090027111315	1	0
cell line	liver cirrhosis/drug therapy	5.72955623634464e-06	2.46890239010393e-05	0.037037037037037	0.491090027111315	1	0
cell line	sorafenib/pharmacology	5.72955623634464e-06	2.46890239010393e-05	0.037037037037037	0.491090027111315	1	0
cell line	tumor microenvironment/physiology	0.0023366179028878	0.003734732495539	0.1284220608189001	0.5011717509037003	1	1
cell line	rna messenger/metabolism	0.0006397290434762	0.0011340435455339	0.0869183494293239	0.5011717509037003	1	1
cell line	polysaccharides/pharmacology	0.0005090257133157	0.000930641807535	0.0886075949367088	0.5839154963972442	1	2
cell line	aging/metabolism	0.0012703101640798	0.0021948634671647	0.0886075949367088	0.5839154963972442	1	2
cell line	antioxidants/metabolism	0.0012703101640798	0.0021948634671647	0.0886075949367088	0.5839154963972442	1	2
cell line	neurons/metabolism	0.0012703101640798	0.0021948634671647	0.0886075949367088	0.5839154963972442	1	2
cell line	folic acid/pharmacology	0.0012703101640798	0.0021948634671647	0.0886075949367088	0.5839154963972442	1	2
cell line	kidney/drug effects	0.0005090257133157	0.000930641807535	0.0886075949367088	0.5839154963972442	1	2
cell line	cystine/metabolism	0.0012703101640798	0.0021948634671647	0.0886075949367088	0.5839154963972442	1	2
cell line	diabetic nephropathies/drug therapy	0.0005090257133157	0.000930641807535	0.0886075949367088	0.5839154963972442	1	2
selenomethionine/pharmacology	chondrocytes/drug effects	0.0	0.0	0.0126582278481012	0.5839154963972442	1	2
selenomethionine/pharmacology	cartilage articular/drug effects	0.0	0.0	0.0126582278481012	0.5839154963972442	1	2
selenomethionine/pharmacology	t-2 toxin/toxicity	0.0	0.0	0.0126582278481012	0.5839154963972442	1	2
malondialdehyde/metabolism	cyclohexylamines	5.94691543787107e-08	1.6480460786500725e-07	0.0253164556962025	0.5839154963972442	1	2
malondialdehyde/metabolism	leydig cells/metabolism	5.94691543787107e-08	1.6480460786500725e-07	0.0253164556962025	0.5839154963972442	1	2
malondialdehyde/metabolism	superoxide dismutase/metabolism	5.94691543787107e-08	1.6480460786500725e-07	0.0253164556962025	0.5839154963972442	1	2
malondialdehyde/metabolism	testosterone	5.94691543787107e-08	1.6480460786500725e-07	0.0253164556962025	0.5839154963972442	1	2
malondialdehyde/metabolism	phenylenediamines	5.94691543787107e-08	1.6480460786500725e-07	0.0253164556962025	0.5839154963972442	1	2
malondialdehyde/metabolism	drugs chinese herbal/pharmacology	5.94691543787107e-08	1.6480460786500725e-07	0.0253164556962025	0.5839154963972442	1	2
malondialdehyde/metabolism	hydrogen peroxide	5.94691543787107e-08	1.6480460786500725e-07	0.0253164556962025	0.5839154963972442	1	2
chondrocytes/drug effects	cartilage articular/drug effects	0.0	0.0	0.0126582278481012	0.5839154963972442	1	2
chondrocytes/drug effects	t-2 toxin/toxicity	0.0	0.0	0.0126582278481012	0.5839154963972442	1	2
dna-(apurinic or apyrimidinic site) lyase/metabolism	tumor microenvironment/drug effects	9.126480426147054e-05	0.0001843114152613	0.1139240506329113	0.5839154963972442	1	2
dna-(apurinic or apyrimidinic site) lyase/metabolism	phospholipid hydroperoxide glutathione peroxidase/genetics	0.0	0.0	0.0253164556962025	0.5839154963972442	1	2
neurons/drug effects	receptors transferrin/metabolism	2.452948432929425e-06	6.10479713166082e-06	0.0379746835443037	0.5839154963972442	1	2
neurons/drug effects	spiral ganglion/drug effects	2.452948432929425e-06	6.10479713166082e-06	0.0379746835443037	0.5839154963972442	1	2
neurons/drug effects	organometallic compounds/toxicity	2.452948432929425e-06	6.10479713166082e-06	0.0379746835443037	0.5839154963972442	1	2
neurons/drug effects	selenium/chemistry	1.3178347302300608e-13	6.937734498364249e-13	0.0379746835443037	0.5839154963972442	1	2
cartilage articular/drug effects	t-2 toxin/toxicity	0.0	0.0	0.0126582278481012	0.5839154963972442	1	2
ferritins/blood	macrophages/drug effects	0.0001946909791568	0.0003677781359032	0.0735294117647058	0.5011717509037003	1	1
ferritins/blood	genetic variation	9.441547543787007e-11	1.14562710782353e-09	0.037037037037037	0.491090027111315	1	0
ferritins/blood	hemeproteins/toxicity	9.441547543787007e-11	1.14562710782353e-09	0.037037037037037	0.491090027111315	1	0
ferritins/blood	listeriosis/etiology	9.441547543787007e-11	1.14562710782353e-09	0.037037037037037	0.491090027111315	1	0
ferritins/blood	liver x receptors/agonists	9.441547543787007e-11	1.14562710782353e-09	0.037037037037037	0.491090027111315	1	0
ferritins/blood	malaria/genetics	9.441547543787007e-11	1.14562710782353e-09	0.037037037037037	0.491090027111315	1	0
ferritins/blood	transferrin/metabolism	9.441547543787007e-11	1.14562710782353e-09	0.037037037037037	0.491090027111315	1	0
ferritins/blood	tumor suppressor protein p53/genetics	9.441547543787007e-11	1.14562710782353e-09	0.037037037037037	0.491090027111315	1	0
genetic variation	macrophages/drug effects	0.0001946909791568	0.0003677781359032	0.0735294117647058	0.5011717509037003	1	1
genetic variation	hemeproteins/toxicity	9.441547543787007e-11	1.14562710782353e-09	0.037037037037037	0.491090027111315	1	0
genetic variation	listeriosis/etiology	9.441547543787007e-11	1.14562710782353e-09	0.037037037037037	0.491090027111315	1	0
genetic variation	liver x receptors/agonists	9.441547543787007e-11	1.14562710782353e-09	0.037037037037037	0.491090027111315	1	0
genetic variation	malaria/genetics	9.441547543787007e-11	1.14562710782353e-09	0.037037037037037	0.491090027111315	1	0
genetic variation	transferrin/metabolism	9.441547543787007e-11	1.14562710782353e-09	0.037037037037037	0.491090027111315	1	0
genetic variation	tumor suppressor protein p53/genetics	9.441547543787007e-11	1.14562710782353e-09	0.037037037037037	0.491090027111315	1	0
hemeproteins/toxicity	macrophages/drug effects	0.0001946909791568	0.0003677781359032	0.0735294117647058	0.5011717509037003	1	1
hemeproteins/toxicity	listeriosis/etiology	9.441547543787007e-11	1.14562710782353e-09	0.037037037037037	0.491090027111315	1	0
hemeproteins/toxicity	liver x receptors/agonists	9.441547543787007e-11	1.14562710782353e-09	0.037037037037037	0.491090027111315	1	0
hemeproteins/toxicity	malaria/genetics	9.441547543787007e-11	1.14562710782353e-09	0.037037037037037	0.491090027111315	1	0
hemeproteins/toxicity	transferrin/metabolism	9.441547543787007e-11	1.14562710782353e-09	0.037037037037037	0.491090027111315	1	0
hemeproteins/toxicity	tumor suppressor protein p53/genetics	9.441547543787007e-11	1.14562710782353e-09	0.037037037037037	0.491090027111315	1	0
listeriosis/etiology	macrophages/drug effects	0.0001946909791568	0.0003677781359032	0.0735294117647058	0.5011717509037003	1	1
listeriosis/etiology	liver x receptors/agonists	9.441547543787007e-11	1.14562710782353e-09	0.037037037037037	0.491090027111315	1	0
listeriosis/etiology	malaria/genetics	9.441547543787007e-11	1.14562710782353e-09	0.037037037037037	0.491090027111315	1	0
listeriosis/etiology	transferrin/metabolism	9.441547543787007e-11	1.14562710782353e-09	0.037037037037037	0.491090027111315	1	0
listeriosis/etiology	tumor suppressor protein p53/genetics	9.441547543787007e-11	1.14562710782353e-09	0.037037037037037	0.491090027111315	1	0
liver x receptors/agonists	macrophages/drug effects	0.0001946909791568	0.0003677781359032	0.0735294117647058	0.5011717509037003	1	1
liver x receptors/agonists	malaria/genetics	9.441547543787007e-11	1.14562710782353e-09	0.037037037037037	0.491090027111315	1	0
liver x receptors/agonists	transferrin/metabolism	9.441547543787007e-11	1.14562710782353e-09	0.037037037037037	0.491090027111315	1	0
liver x receptors/agonists	tumor suppressor protein p53/genetics	9.441547543787007e-11	1.14562710782353e-09	0.037037037037037	0.491090027111315	1	0
malaria/genetics	macrophages/drug effects	0.0001946909791568	0.0003677781359032	0.0735294117647058	0.5011717509037003	1	1
malaria/genetics	transferrin/metabolism	9.441547543787007e-11	1.14562710782353e-09	0.037037037037037	0.491090027111315	1	0
malaria/genetics	tumor suppressor protein p53/genetics	9.441547543787007e-11	1.14562710782353e-09	0.037037037037037	0.491090027111315	1	0
transferrin/metabolism	macrophages/drug effects	0.0001946909791568	0.0003677781359032	0.0735294117647058	0.5011717509037003	1	1
transferrin/metabolism	tumor suppressor protein p53/genetics	9.441547543787007e-11	1.14562710782353e-09	0.037037037037037	0.491090027111315	1	0
tumor suppressor protein p53/genetics	macrophages/drug effects	0.0001946909791568	0.0003677781359032	0.0735294117647058	0.5011717509037003	1	1
membrane proteins/genetics	tumor microenvironment	0.0015625643362536	0.0033615998331867	0.074074074074074	0.491090027111315	1	0
membrane proteins/genetics	biomarkers tumor	1.90229000622821e-05	6.33368658790105e-05	0.037037037037037	0.491090027111315	1	0
membrane proteins/genetics	carcinoma pancreatic ductal/metabolism	1.90229000622821e-05	6.33368658790105e-05	0.037037037037037	0.491090027111315	1	0
membrane proteins/genetics	cell transformation neoplastic/genetics	1.90229000622821e-05	6.33368658790105e-05	0.037037037037037	0.491090027111315	1	0
membrane proteins/genetics	diet	1.90229000622821e-05	6.33368658790105e-05	0.037037037037037	0.491090027111315	1	0
membrane proteins/genetics	dna	1.90229000622821e-05	6.33368658790105e-05	0.037037037037037	0.491090027111315	1	0
membrane proteins/genetics	macrophages	1.90229000622821e-05	6.33368658790105e-05	0.037037037037037	0.491090027111315	1	0
membrane proteins/genetics	pancreas/metabolism	1.90229000622821e-05	6.33368658790105e-05	0.037037037037037	0.491090027111315	1	0
membrane proteins/genetics	pancreatitis/genetics	1.90229000622821e-05	6.33368658790105e-05	0.037037037037037	0.491090027111315	1	0
membrane proteins/genetics	phospholipid hydroperoxide glutathione peroxidase/genetics	1.90229000622821e-05	6.33368658790105e-05	0.037037037037037	0.491090027111315	1	0
membrane proteins/genetics	proto-oncogene proteins p21(ras)/metabolism	1.90229000622821e-05	6.33368658790105e-05	0.037037037037037	0.491090027111315	1	0
membrane proteins/genetics	quinoxalines/pharmacology	1.90229000622821e-05	6.33368658790105e-05	0.037037037037037	0.491090027111315	1	0
membrane proteins/genetics	spiro compounds/pharmacology	1.90229000622821e-05	6.33368658790105e-05	0.037037037037037	0.491090027111315	1	0
dna	tumor microenvironment	0.0015625643362536	0.0033615998331867	0.074074074074074	0.491090027111315	1	0
dna	biomarkers tumor	1.90229000622821e-05	6.33368658790105e-05	0.037037037037037	0.491090027111315	1	0
dna	carcinoma pancreatic ductal/metabolism	1.90229000622821e-05	6.33368658790105e-05	0.037037037037037	0.491090027111315	1	0
dna	cell transformation neoplastic/genetics	1.90229000622821e-05	6.33368658790105e-05	0.037037037037037	0.491090027111315	1	0
dna	diet	1.90229000622821e-05	6.33368658790105e-05	0.037037037037037	0.491090027111315	1	0
dna	macrophages	1.90229000622821e-05	6.33368658790105e-05	0.037037037037037	0.491090027111315	1	0
dna	pancreas/metabolism	1.90229000622821e-05	6.33368658790105e-05	0.037037037037037	0.491090027111315	1	0
dna	pancreatitis/genetics	1.90229000622821e-05	6.33368658790105e-05	0.037037037037037	0.491090027111315	1	0
dna	phospholipid hydroperoxide glutathione peroxidase/genetics	1.90229000622821e-05	6.33368658790105e-05	0.037037037037037	0.491090027111315	1	0
dna	proto-oncogene proteins p21(ras)/metabolism	1.90229000622821e-05	6.33368658790105e-05	0.037037037037037	0.491090027111315	1	0
dna	quinoxalines/pharmacology	1.90229000622821e-05	6.33368658790105e-05	0.037037037037037	0.491090027111315	1	0
dna	spiro compounds/pharmacology	1.90229000622821e-05	6.33368658790105e-05	0.037037037037037	0.491090027111315	1	0
macrophages	tumor microenvironment	0.0015625643362536	0.0033615998331867	0.074074074074074	0.491090027111315	1	0
macrophages	biomarkers tumor	1.90229000622821e-05	6.33368658790105e-05	0.037037037037037	0.491090027111315	1	0
macrophages	carcinoma pancreatic ductal/metabolism	1.90229000622821e-05	6.33368658790105e-05	0.037037037037037	0.491090027111315	1	0
macrophages	cell transformation neoplastic/genetics	1.90229000622821e-05	6.33368658790105e-05	0.037037037037037	0.491090027111315	1	0
macrophages	diet	1.90229000622821e-05	6.33368658790105e-05	0.037037037037037	0.491090027111315	1	0
macrophages	pancreas/metabolism	1.90229000622821e-05	6.33368658790105e-05	0.037037037037037	0.491090027111315	1	0
macrophages	pancreatitis/genetics	1.90229000622821e-05	6.33368658790105e-05	0.037037037037037	0.491090027111315	1	0
macrophages	phospholipid hydroperoxide glutathione peroxidase/genetics	1.90229000622821e-05	6.33368658790105e-05	0.037037037037037	0.491090027111315	1	0
macrophages	proto-oncogene proteins p21(ras)/metabolism	1.90229000622821e-05	6.33368658790105e-05	0.037037037037037	0.491090027111315	1	0
macrophages	quinoxalines/pharmacology	1.90229000622821e-05	6.33368658790105e-05	0.037037037037037	0.491090027111315	1	0
macrophages	spiro compounds/pharmacology	1.90229000622821e-05	6.33368658790105e-05	0.037037037037037	0.491090027111315	1	0
quinoxalines/pharmacology	tumor microenvironment	0.0015625643362536	0.0033615998331867	0.074074074074074	0.491090027111315	1	0
quinoxalines/pharmacology	biomarkers tumor	1.90229000622821e-05	6.33368658790105e-05	0.037037037037037	0.491090027111315	1	0
quinoxalines/pharmacology	carcinoma pancreatic ductal/metabolism	1.90229000622821e-05	6.33368658790105e-05	0.037037037037037	0.491090027111315	1	0
quinoxalines/pharmacology	cell transformation neoplastic/genetics	1.90229000622821e-05	6.33368658790105e-05	0.037037037037037	0.491090027111315	1	0
quinoxalines/pharmacology	diet	1.90229000622821e-05	6.33368658790105e-05	0.037037037037037	0.491090027111315	1	0
quinoxalines/pharmacology	pancreas/metabolism	1.90229000622821e-05	6.33368658790105e-05	0.037037037037037	0.491090027111315	1	0
quinoxalines/pharmacology	pancreatitis/genetics	1.90229000622821e-05	6.33368658790105e-05	0.037037037037037	0.491090027111315	1	0
quinoxalines/pharmacology	phospholipid hydroperoxide glutathione peroxidase/genetics	1.90229000622821e-05	6.33368658790105e-05	0.037037037037037	0.491090027111315	1	0
quinoxalines/pharmacology	proto-oncogene proteins p21(ras)/metabolism	1.90229000622821e-05	6.33368658790105e-05	0.037037037037037	0.491090027111315	1	0
quinoxalines/pharmacology	spiro compounds/pharmacology	1.90229000622821e-05	6.33368658790105e-05	0.037037037037037	0.491090027111315	1	0
biomarkers tumor	tumor microenvironment	0.0015625643362536	0.0033615998331867	0.074074074074074	0.491090027111315	1	0
biomarkers tumor	carcinoma pancreatic ductal/metabolism	1.90229000622821e-05	6.33368658790105e-05	0.037037037037037	0.491090027111315	1	0
biomarkers tumor	cell transformation neoplastic/genetics	1.90229000622821e-05	6.33368658790105e-05	0.037037037037037	0.491090027111315	1	0
biomarkers tumor	diet	1.90229000622821e-05	6.33368658790105e-05	0.037037037037037	0.491090027111315	1	0
biomarkers tumor	pancreas/metabolism	1.90229000622821e-05	6.33368658790105e-05	0.037037037037037	0.491090027111315	1	0
biomarkers tumor	pancreatitis/genetics	1.90229000622821e-05	6.33368658790105e-05	0.037037037037037	0.491090027111315	1	0
biomarkers tumor	phospholipid hydroperoxide glutathione peroxidase/genetics	1.90229000622821e-05	6.33368658790105e-05	0.037037037037037	0.491090027111315	1	0
biomarkers tumor	proto-oncogene proteins p21(ras)/metabolism	1.90229000622821e-05	6.33368658790105e-05	0.037037037037037	0.491090027111315	1	0
biomarkers tumor	spiro compounds/pharmacology	1.90229000622821e-05	6.33368658790105e-05	0.037037037037037	0.491090027111315	1	0
cell transformation neoplastic/genetics	tumor microenvironment	0.0015625643362536	0.0033615998331867	0.074074074074074	0.491090027111315	1	0
cell transformation neoplastic/genetics	carcinoma pancreatic ductal/metabolism	1.90229000622821e-05	6.33368658790105e-05	0.037037037037037	0.491090027111315	1	0
cell transformation neoplastic/genetics	diet	1.90229000622821e-05	6.33368658790105e-05	0.037037037037037	0.491090027111315	1	0
cell transformation neoplastic/genetics	pancreas/metabolism	1.90229000622821e-05	6.33368658790105e-05	0.037037037037037	0.491090027111315	1	0
cell transformation neoplastic/genetics	pancreatitis/genetics	1.90229000622821e-05	6.33368658790105e-05	0.037037037037037	0.491090027111315	1	0
cell transformation neoplastic/genetics	phospholipid hydroperoxide glutathione peroxidase/genetics	1.90229000622821e-05	6.33368658790105e-05	0.037037037037037	0.491090027111315	1	0
cell transformation neoplastic/genetics	proto-oncogene proteins p21(ras)/metabolism	1.90229000622821e-05	6.33368658790105e-05	0.037037037037037	0.491090027111315	1	0
cell transformation neoplastic/genetics	spiro compounds/pharmacology	1.90229000622821e-05	6.33368658790105e-05	0.037037037037037	0.491090027111315	1	0
carcinoma pancreatic ductal/metabolism	tumor microenvironment	0.0015625643362536	0.0033615998331867	0.074074074074074	0.491090027111315	1	0
carcinoma pancreatic ductal/metabolism	diet	1.90229000622821e-05	6.33368658790105e-05	0.037037037037037	0.491090027111315	1	0
carcinoma pancreatic ductal/metabolism	pancreas/metabolism	1.90229000622821e-05	6.33368658790105e-05	0.037037037037037	0.491090027111315	1	0
carcinoma pancreatic ductal/metabolism	pancreatitis/genetics	1.90229000622821e-05	6.33368658790105e-05	0.037037037037037	0.491090027111315	1	0
carcinoma pancreatic ductal/metabolism	phospholipid hydroperoxide glutathione peroxidase/genetics	1.90229000622821e-05	6.33368658790105e-05	0.037037037037037	0.491090027111315	1	0
carcinoma pancreatic ductal/metabolism	proto-oncogene proteins p21(ras)/metabolism	1.90229000622821e-05	6.33368658790105e-05	0.037037037037037	0.491090027111315	1	0
carcinoma pancreatic ductal/metabolism	spiro compounds/pharmacology	1.90229000622821e-05	6.33368658790105e-05	0.037037037037037	0.491090027111315	1	0
diet	tumor microenvironment	0.0015625643362536	0.0033615998331867	0.074074074074074	0.491090027111315	1	0
diet	pancreas/metabolism	1.90229000622821e-05	6.33368658790105e-05	0.037037037037037	0.491090027111315	1	0
diet	pancreatitis/genetics	1.90229000622821e-05	6.33368658790105e-05	0.037037037037037	0.491090027111315	1	0
diet	phospholipid hydroperoxide glutathione peroxidase/genetics	1.90229000622821e-05	6.33368658790105e-05	0.037037037037037	0.491090027111315	1	0
diet	proto-oncogene proteins p21(ras)/metabolism	1.90229000622821e-05	6.33368658790105e-05	0.037037037037037	0.491090027111315	1	0
diet	spiro compounds/pharmacology	1.90229000622821e-05	6.33368658790105e-05	0.037037037037037	0.491090027111315	1	0
spiro compounds/pharmacology	tumor microenvironment	0.0015625643362536	0.0033615998331867	0.074074074074074	0.491090027111315	1	0
spiro compounds/pharmacology	pancreas/metabolism	1.90229000622821e-05	6.33368658790105e-05	0.037037037037037	0.491090027111315	1	0
spiro compounds/pharmacology	pancreatitis/genetics	1.90229000622821e-05	6.33368658790105e-05	0.037037037037037	0.491090027111315	1	0
spiro compounds/pharmacology	phospholipid hydroperoxide glutathione peroxidase/genetics	1.90229000622821e-05	6.33368658790105e-05	0.037037037037037	0.491090027111315	1	0
spiro compounds/pharmacology	proto-oncogene proteins p21(ras)/metabolism	1.90229000622821e-05	6.33368658790105e-05	0.037037037037037	0.491090027111315	1	0
proto-oncogene proteins p21(ras)/metabolism	tumor microenvironment	0.0015625643362536	0.0033615998331867	0.074074074074074	0.491090027111315	1	0
proto-oncogene proteins p21(ras)/metabolism	pancreas/metabolism	1.90229000622821e-05	6.33368658790105e-05	0.037037037037037	0.491090027111315	1	0
proto-oncogene proteins p21(ras)/metabolism	pancreatitis/genetics	1.90229000622821e-05	6.33368658790105e-05	0.037037037037037	0.491090027111315	1	0
proto-oncogene proteins p21(ras)/metabolism	phospholipid hydroperoxide glutathione peroxidase/genetics	1.90229000622821e-05	6.33368658790105e-05	0.037037037037037	0.491090027111315	1	0
pancreatitis/genetics	tumor microenvironment	0.0015625643362536	0.0033615998331867	0.074074074074074	0.491090027111315	1	0
pancreatitis/genetics	pancreas/metabolism	1.90229000622821e-05	6.33368658790105e-05	0.037037037037037	0.491090027111315	1	0
pancreatitis/genetics	phospholipid hydroperoxide glutathione peroxidase/genetics	1.90229000622821e-05	6.33368658790105e-05	0.037037037037037	0.491090027111315	1	0
pancreas/metabolism	tumor microenvironment	0.0015625643362536	0.0033615998331867	0.074074074074074	0.491090027111315	1	0
pancreas/metabolism	phospholipid hydroperoxide glutathione peroxidase/genetics	1.90229000622821e-05	6.33368658790105e-05	0.037037037037037	0.491090027111315	1	0
macrophages/drug effects	actins/metabolism	0.0019364221367503	0.0031229382209923	0.0735294117647058	0.5011717509037003	1	1
macrophages/drug effects	collagen type i/metabolism	0.0019364221367503	0.0031229382209923	0.0735294117647058	0.5011717509037003	1	1
macrophages/drug effects	hepatic stellate cells/drug effects	0.0019364221367503	0.0031229382209923	0.0735294117647058	0.5011717509037003	1	1
macrophages/drug effects	hepatocytes/drug effects	0.0019364221367503	0.0031229382209923	0.0735294117647058	0.5011717509037003	1	1
macrophages/drug effects	hypoxia-inducible factor 1 alpha subunit/metabolism	0.0019364221367503	0.0031229382209923	0.0735294117647058	0.5011717509037003	1	1
macrophages/drug effects	liver cirrhosis/drug therapy	0.0019364221367503	0.0031229382209923	0.0735294117647058	0.5011717509037003	1	1
macrophages/drug effects	anti-inflammatory agents/pharmacology	0.0026427423852313	0.0041792883219225	0.0735294117647058	0.5011717509037003	1	1
macrophages/drug effects	calgranulin a/metabolism	0.0026427423852313	0.0041792883219225	0.0735294117647058	0.5011717509037003	1	1
macrophages/drug effects	colon/metabolism	0.0026427423852313	0.0041792883219225	0.0735294117647058	0.5011717509037003	1	1
macrophages/drug effects	glycyrrhizic acid/pharmacology	0.0026427423852313	0.0041792883219225	0.0735294117647058	0.5011717509037003	1	1
macrophages/drug effects	sorafenib/pharmacology	0.0019364221367503	0.0031229382209923	0.0735294117647058	0.5011717509037003	1	1
phospholipid hydroperoxide glutathione peroxidase/genetics	tumor microenvironment	0.0015625643362536	0.0033615998331867	0.074074074074074	0.491090027111315	1	0
receptors transferrin/metabolism	mitochondria/drug effects	6.204687256805563e-05	0.0001283996868687	0.0379746835443037	0.5839154963972442	1	2
receptors transferrin/metabolism	spiral ganglion/drug effects	5.3290705182007506e-15	3.01993119618375e-14	0.0126582278481012	0.5839154963972442	1	2
receptors transferrin/metabolism	organometallic compounds/toxicity	5.3290705182007506e-15	3.01993119618375e-14	0.0126582278481012	0.5839154963972442	1	2
aging/metabolism	antioxidants/metabolism	0.0	0.0	0.0126582278481012	0.5839154963972442	1	2
aging/metabolism	neurons/metabolism	0.0	0.0	0.0126582278481012	0.5839154963972442	1	2
aging/metabolism	folic acid/pharmacology	0.0	0.0	0.0126582278481012	0.5839154963972442	1	2
aging/metabolism	cystine/metabolism	0.0	0.0	0.0126582278481012	0.5839154963972442	1	2
antioxidants/metabolism	neurons/metabolism	0.0	0.0	0.0126582278481012	0.5839154963972442	1	2
antioxidants/metabolism	folic acid/pharmacology	0.0	0.0	0.0126582278481012	0.5839154963972442	1	2
antioxidants/metabolism	cystine/metabolism	0.0	0.0	0.0126582278481012	0.5839154963972442	1	2
neurons/metabolism	folic acid/pharmacology	0.0	0.0	0.0126582278481012	0.5839154963972442	1	2
neurons/metabolism	cystine/metabolism	0.0	0.0	0.0126582278481012	0.5839154963972442	1	2
folic acid/pharmacology	cystine/metabolism	0.0	0.0	0.0126582278481012	0.5839154963972442	1	2
spiral ganglion/drug effects	mitochondria/drug effects	6.204687256805563e-05	0.0001283996868687	0.0379746835443037	0.5839154963972442	1	2
spiral ganglion/drug effects	organometallic compounds/toxicity	5.3290705182007506e-15	3.01993119618375e-14	0.0126582278481012	0.5839154963972442	1	2
organometallic compounds/toxicity	mitochondria/drug effects	6.204687256805563e-05	0.0001283996868687	0.0379746835443037	0.5839154963972442	1	2
amp-activated protein kinase kinases	glycogen synthase kinase 3/metabolism	0.0001529490570294	0.0002932546526832	0.0147058823529411	0.5011717509037	1	1
amp-activated protein kinase kinases	iron/chemistry	0.0001529490570294	0.0002932546526832	0.0147058823529411	0.5011717509037	1	1
amp-activated protein kinase kinases	lung neoplasms/drug therapy	0.0001529490570294	0.0002932546526832	0.0147058823529411	0.5011717509037	1	1
amp-activated protein kinase kinases	mitochondria/drug effects	0.0017679797262968	0.0028758762365795	0.0294117647058823	0.5011717509037003	1	1
amp-activated protein kinase kinases	nf-e2-related factor 2/genetics	0.0001529490570294	0.0002932546526832	0.0147058823529411	0.5011717509037	1	1
amp-activated protein kinase kinases	tor serine-threonine kinases/metabolism	0.0001529490570294	0.0002932546526832	0.0147058823529411	0.5011717509037	1	1
glycogen synthase kinase 3/metabolism	iron/chemistry	0.0001529490570294	0.0002932546526832	0.0147058823529411	0.5011717509037	1	1
glycogen synthase kinase 3/metabolism	lung neoplasms/drug therapy	0.0001529490570294	0.0002932546526832	0.0147058823529411	0.5011717509037	1	1
glycogen synthase kinase 3/metabolism	mitochondria/drug effects	0.0017679797262968	0.0028758762365795	0.0294117647058823	0.5011717509037003	1	1
glycogen synthase kinase 3/metabolism	nf-e2-related factor 2/genetics	0.0001529490570294	0.0002932546526832	0.0147058823529411	0.5011717509037	1	1
glycogen synthase kinase 3/metabolism	tor serine-threonine kinases/metabolism	0.0001529490570294	0.0002932546526832	0.0147058823529411	0.5011717509037	1	1
iron/chemistry	lung neoplasms/drug therapy	0.0001529490570294	0.0002932546526832	0.0147058823529411	0.5011717509037	1	1
iron/chemistry	mitochondria/drug effects	0.0017679797262968	0.0028758762365795	0.0294117647058823	0.5011717509037003	1	1
iron/chemistry	nf-e2-related factor 2/genetics	0.0001529490570294	0.0002932546526832	0.0147058823529411	0.5011717509037	1	1
iron/chemistry	tor serine-threonine kinases/metabolism	0.0001529490570294	0.0002932546526832	0.0147058823529411	0.5011717509037	1	1
lung neoplasms/drug therapy	mitochondria/drug effects	0.0017679797262968	0.0028758762365795	0.0294117647058823	0.5011717509037003	1	1
lung neoplasms/drug therapy	nf-e2-related factor 2/genetics	0.0001529490570294	0.0002932546526832	0.0147058823529411	0.5011717509037	1	1
lung neoplasms/drug therapy	tor serine-threonine kinases/metabolism	0.0001529490570294	0.0002932546526832	0.0147058823529411	0.5011717509037	1	1
nf-e2-related factor 2/genetics	mitochondria/drug effects	0.0017679797262968	0.0028758762365795	0.0294117647058823	0.5011717509037003	1	1
nf-e2-related factor 2/genetics	tor serine-threonine kinases/metabolism	0.0001529490570294	0.0002932546526832	0.0147058823529411	0.5011717509037	1	1
tor serine-threonine kinases/metabolism	mitochondria/drug effects	0.0017679797262968	0.0028758762365795	0.0294117647058823	0.5011717509037003	1	1
polysaccharides/pharmacology	kidney/drug effects	0.0	0.0	0.0126582278481012	0.5839154963972442	1	2
polysaccharides/pharmacology	diabetic nephropathies/drug therapy	0.0	0.0	0.0126582278481012	0.5839154963972442	1	2
chalcones/toxicity	embryo nonmammalian/drug effects	0.0	0.0	0.0126582278481012	0.5839154963972442	1	2
chalcones/toxicity	membrane potential mitochondrial/drug effects	0.0	0.0	0.0126582278481012	0.5839154963972442	1	2
chalcones/toxicity	chemical and drug induced liver injury/metabolism	0.0	0.0	0.0126582278481012	0.5839154963972442	1	2
embryo nonmammalian/drug effects	membrane potential mitochondrial/drug effects	0.0	0.0	0.0126582278481012	0.5839154963972442	1	2
embryo nonmammalian/drug effects	chemical and drug induced liver injury/metabolism	0.0	0.0	0.0126582278481012	0.5839154963972442	1	2
kidney/drug effects	diabetic nephropathies/drug therapy	0.0	0.0	0.0126582278481012	0.5839154963972442	1	2
membrane potential mitochondrial/drug effects	chemical and drug induced liver injury/metabolism	0.0	0.0	0.0126582278481012	0.5839154963972442	1	2
cd8-positive t-lymphocytes/drug effects	endoplasmic reticulum/drug effects	9.441547543787007e-11	1.14562710782353e-09	0.037037037037037	0.491090027111315	1	0
cd8-positive t-lymphocytes/drug effects	neoplasms/drug therapy	1.29861397354381e-05	5.27448252559809e-05	0.074074074074074	0.491090027111315	1	0
endoplasmic reticulum/drug effects	neoplasms/drug therapy	1.29861397354381e-05	5.27448252559809e-05	0.074074074074074	0.491090027111315	1	0
neoplasms/drug therapy	antineoplastic agents/chemistry	5.6844185756133e-05	0.0001786003669477	0.074074074074074	0.491090027111315	1	0
neoplasms/drug therapy	biological products/chemistry	5.6844185756133e-05	0.0001786003669477	0.074074074074074	0.491090027111315	1	0
neoplasms/drug therapy	dichloroacetic acid/chemistry	5.6844185756133e-05	0.0001786003669477	0.074074074074074	0.491090027111315	1	0
neoplasms/drug therapy	drug synergism	5.6844185756133e-05	0.0001786003669477	0.074074074074074	0.491090027111315	1	0
neoplasms/drug therapy	energy metabolism/drug effects	5.6844185756133e-05	0.0001786003669477	0.074074074074074	0.491090027111315	1	0
neoplasms/drug therapy	macrophages/cytology	0.0030275730352965	0.006325620895072	0.145299145299145	0.491090027111315	1	0
neoplasms/drug therapy	protein kinase inhibitors/chemistry	5.6844185756133e-05	0.0001786003669477	0.074074074074074	0.491090027111315	1	0
neoplasms/drug therapy	pyruvate dehydrogenase acetyl-transferring kinase/antagonists &amp; inhibitors	5.6844185756133e-05	0.0001786003669477	0.074074074074074	0.491090027111315	1	0
neoplasms/drug therapy	saponins/chemistry	5.6844185756133e-05	0.0001786003669477	0.074074074074074	0.491090027111315	1	0
neoplasms/drug therapy	mitochondria/drug effects	0.000482721111329	0.0008653482253365	0.0583845478489903	0.5011717509037003	1	1
cyclohexylamines/pharmacology	adaptor proteins vesicular transport/genetics	0.0006867567885109	0.001610019956897	0.074074074074074	0.491090027111315	1	0
cyclohexylamines/pharmacology	inflammation/drug therapy	0.0006867567885109	0.001610019956897	0.074074074074074	0.491090027111315	1	0
cyclohexylamines/pharmacology	myocardial reperfusion injury/drug therapy	0.0006867567885109	0.001610019956897	0.074074074074074	0.491090027111315	1	0
cyclohexylamines/pharmacology	myocardium/immunology	0.0006867567885109	0.001610019956897	0.074074074074074	0.491090027111315	1	0
cyclohexylamines/pharmacology	neutrophil infiltration	0.0006867567885109	0.001610019956897	0.074074074074074	0.491090027111315	1	0
cyclohexylamines/pharmacology	neutrophils/immunology	0.0006867567885109	0.001610019956897	0.074074074074074	0.491090027111315	1	0
cyclohexylamines/pharmacology	phenylenediamines/pharmacology	5.02924301564178e-05	0.000164058546067	0.0028490028490028	0.178864212567384	2	0
cyclohexylamines/pharmacology	toll-like receptor 4/genetics	0.0006867567885109	0.001610019956897	0.074074074074074	0.491090027111315	1	0
cyclohexylamines/pharmacology	ventricular function left/drug effects	0.0006867567885109	0.001610019956897	0.074074074074074	0.491090027111315	1	0
phenylenediamines/pharmacology	adaptor proteins vesicular transport/genetics	0.0006867567885109	0.001610019956897	0.074074074074074	0.491090027111315	1	0
phenylenediamines/pharmacology	inflammation/drug therapy	0.0006867567885109	0.001610019956897	0.074074074074074	0.491090027111315	1	0
phenylenediamines/pharmacology	myocardial reperfusion injury/drug therapy	0.0006867567885109	0.001610019956897	0.074074074074074	0.491090027111315	1	0
phenylenediamines/pharmacology	myocardium/immunology	0.0006867567885109	0.001610019956897	0.074074074074074	0.491090027111315	1	0
phenylenediamines/pharmacology	neutrophil infiltration	0.0006867567885109	0.001610019956897	0.074074074074074	0.491090027111315	1	0
phenylenediamines/pharmacology	neutrophils/immunology	0.0006867567885109	0.001610019956897	0.074074074074074	0.491090027111315	1	0
phenylenediamines/pharmacology	toll-like receptor 4/genetics	0.0006867567885109	0.001610019956897	0.074074074074074	0.491090027111315	1	0
phenylenediamines/pharmacology	ventricular function left/drug effects	0.0006867567885109	0.001610019956897	0.074074074074074	0.491090027111315	1	0
bacterial toxins/metabolism	toll-like receptor 4/metabolism	0.0005241692955735	0.0012925943513292	0.037037037037037	0.491090027111315	1	0
bacterial toxins/metabolism	endothelial cells/metabolism	0.0005241692955735	0.0012925943513292	0.037037037037037	0.491090027111315	1	0
bacterial toxins/metabolism	heart ventricles/diagnostic imaging	0.0005241692955735	0.0012925943513292	0.037037037037037	0.491090027111315	1	0
bacterial toxins/metabolism	hemodynamics/drug effects	0.0005241692955735	0.0012925943513292	0.037037037037037	0.491090027111315	1	0
bacterial toxins/metabolism	hmgb1 protein/metabolism	0.0005241692955735	0.0012925943513292	0.037037037037037	0.491090027111315	1	0
bacterial toxins/metabolism	hypertension pulmonary/chemically induced	0.0005241692955735	0.0012925943513292	0.037037037037037	0.491090027111315	1	0
bacterial toxins/metabolism	inflammasomes/metabolism	0.0005241692955735	0.0012925943513292	0.037037037037037	0.491090027111315	1	0
bacterial toxins/metabolism	inflammation/metabolism	0.0005241692955735	0.0012925943513292	0.037037037037037	0.491090027111315	1	0
bacterial toxins/metabolism	lung/blood supply	0.0005241692955735	0.0012925943513292	0.037037037037037	0.491090027111315	1	0
bacterial toxins/metabolism	monocrotaline/toxicity	0.0005241692955735	0.0012925943513292	0.037037037037037	0.491090027111315	1	0
bacterial toxins/metabolism	nlr family pyrin domain-containing 3 protein/metabolism	0.0005241692955735	0.0012925943513292	0.037037037037037	0.491090027111315	1	0
endothelial cells/metabolism	toll-like receptor 4/metabolism	0.0005241692955735	0.0012925943513292	0.037037037037037	0.491090027111315	1	0
endothelial cells/metabolism	heart ventricles/diagnostic imaging	0.0005241692955735	0.0012925943513292	0.037037037037037	0.491090027111315	1	0
endothelial cells/metabolism	hemodynamics/drug effects	0.0005241692955735	0.0012925943513292	0.037037037037037	0.491090027111315	1	0
endothelial cells/metabolism	hmgb1 protein/metabolism	0.0005241692955735	0.0012925943513292	0.037037037037037	0.491090027111315	1	0
endothelial cells/metabolism	hypertension pulmonary/chemically induced	0.0005241692955735	0.0012925943513292	0.037037037037037	0.491090027111315	1	0
endothelial cells/metabolism	inflammasomes/metabolism	0.0005241692955735	0.0012925943513292	0.037037037037037	0.491090027111315	1	0
endothelial cells/metabolism	inflammation/metabolism	0.0005241692955735	0.0012925943513292	0.037037037037037	0.491090027111315	1	0
endothelial cells/metabolism	lung/blood supply	0.0005241692955735	0.0012925943513292	0.037037037037037	0.491090027111315	1	0
endothelial cells/metabolism	monocrotaline/toxicity	0.0005241692955735	0.0012925943513292	0.037037037037037	0.491090027111315	1	0
endothelial cells/metabolism	nlr family pyrin domain-containing 3 protein/metabolism	0.0005241692955735	0.0012925943513292	0.037037037037037	0.491090027111315	1	0
heart ventricles/diagnostic imaging	toll-like receptor 4/metabolism	0.0005241692955735	0.0012925943513292	0.037037037037037	0.491090027111315	1	0
heart ventricles/diagnostic imaging	hemodynamics/drug effects	0.0005241692955735	0.0012925943513292	0.037037037037037	0.491090027111315	1	0
heart ventricles/diagnostic imaging	hmgb1 protein/metabolism	0.0005241692955735	0.0012925943513292	0.037037037037037	0.491090027111315	1	0
heart ventricles/diagnostic imaging	hypertension pulmonary/chemically induced	0.0005241692955735	0.0012925943513292	0.037037037037037	0.491090027111315	1	0
heart ventricles/diagnostic imaging	inflammasomes/metabolism	0.0005241692955735	0.0012925943513292	0.037037037037037	0.491090027111315	1	0
heart ventricles/diagnostic imaging	inflammation/metabolism	0.0005241692955735	0.0012925943513292	0.037037037037037	0.491090027111315	1	0
heart ventricles/diagnostic imaging	lung/blood supply	0.0005241692955735	0.0012925943513292	0.037037037037037	0.491090027111315	1	0
heart ventricles/diagnostic imaging	monocrotaline/toxicity	0.0005241692955735	0.0012925943513292	0.037037037037037	0.491090027111315	1	0
heart ventricles/diagnostic imaging	nlr family pyrin domain-containing 3 protein/metabolism	0.0005241692955735	0.0012925943513292	0.037037037037037	0.491090027111315	1	0
hemodynamics/drug effects	toll-like receptor 4/metabolism	0.0005241692955735	0.0012925943513292	0.037037037037037	0.491090027111315	1	0
hemodynamics/drug effects	hmgb1 protein/metabolism	0.0005241692955735	0.0012925943513292	0.037037037037037	0.491090027111315	1	0
hemodynamics/drug effects	hypertension pulmonary/chemically induced	0.0005241692955735	0.0012925943513292	0.037037037037037	0.491090027111315	1	0
hemodynamics/drug effects	inflammasomes/metabolism	0.0005241692955735	0.0012925943513292	0.037037037037037	0.491090027111315	1	0
hemodynamics/drug effects	inflammation/metabolism	0.0005241692955735	0.0012925943513292	0.037037037037037	0.491090027111315	1	0
hemodynamics/drug effects	lung/blood supply	0.0005241692955735	0.0012925943513292	0.037037037037037	0.491090027111315	1	0
hemodynamics/drug effects	monocrotaline/toxicity	0.0005241692955735	0.0012925943513292	0.037037037037037	0.491090027111315	1	0
hemodynamics/drug effects	nlr family pyrin domain-containing 3 protein/metabolism	0.0005241692955735	0.0012925943513292	0.037037037037037	0.491090027111315	1	0
hmgb1 protein/metabolism	toll-like receptor 4/metabolism	0.0005241692955735	0.0012925943513292	0.037037037037037	0.491090027111315	1	0
hmgb1 protein/metabolism	hypertension pulmonary/chemically induced	0.0005241692955735	0.0012925943513292	0.037037037037037	0.491090027111315	1	0
hmgb1 protein/metabolism	inflammasomes/metabolism	0.0005241692955735	0.0012925943513292	0.037037037037037	0.491090027111315	1	0
hmgb1 protein/metabolism	inflammation/metabolism	0.0005241692955735	0.0012925943513292	0.037037037037037	0.491090027111315	1	0
hmgb1 protein/metabolism	lung/blood supply	0.0005241692955735	0.0012925943513292	0.037037037037037	0.491090027111315	1	0
hmgb1 protein/metabolism	monocrotaline/toxicity	0.0005241692955735	0.0012925943513292	0.037037037037037	0.491090027111315	1	0
hmgb1 protein/metabolism	nlr family pyrin domain-containing 3 protein/metabolism	0.0005241692955735	0.0012925943513292	0.037037037037037	0.491090027111315	1	0
hypertension pulmonary/chemically induced	toll-like receptor 4/metabolism	0.0005241692955735	0.0012925943513292	0.037037037037037	0.491090027111315	1	0
hypertension pulmonary/chemically induced	inflammasomes/metabolism	0.0005241692955735	0.0012925943513292	0.037037037037037	0.491090027111315	1	0
hypertension pulmonary/chemically induced	inflammation/metabolism	0.0005241692955735	0.0012925943513292	0.037037037037037	0.491090027111315	1	0
hypertension pulmonary/chemically induced	lung/blood supply	0.0005241692955735	0.0012925943513292	0.037037037037037	0.491090027111315	1	0
hypertension pulmonary/chemically induced	monocrotaline/toxicity	0.0005241692955735	0.0012925943513292	0.037037037037037	0.491090027111315	1	0
hypertension pulmonary/chemically induced	nlr family pyrin domain-containing 3 protein/metabolism	0.0005241692955735	0.0012925943513292	0.037037037037037	0.491090027111315	1	0
inflammasomes/metabolism	toll-like receptor 4/metabolism	0.0005241692955735	0.0012925943513292	0.037037037037037	0.491090027111315	1	0
inflammasomes/metabolism	inflammation/metabolism	0.0005241692955735	0.0012925943513292	0.037037037037037	0.491090027111315	1	0
inflammasomes/metabolism	lung/blood supply	0.0005241692955735	0.0012925943513292	0.037037037037037	0.491090027111315	1	0
inflammasomes/metabolism	monocrotaline/toxicity	0.0005241692955735	0.0012925943513292	0.037037037037037	0.491090027111315	1	0
inflammasomes/metabolism	nlr family pyrin domain-containing 3 protein/metabolism	0.0005241692955735	0.0012925943513292	0.037037037037037	0.491090027111315	1	0
inflammation/metabolism	toll-like receptor 4/metabolism	0.0005241692955735	0.0012925943513292	0.037037037037037	0.491090027111315	1	0
inflammation/metabolism	lung/blood supply	0.0005241692955735	0.0012925943513292	0.037037037037037	0.491090027111315	1	0
inflammation/metabolism	monocrotaline/toxicity	0.0005241692955735	0.0012925943513292	0.037037037037037	0.491090027111315	1	0
inflammation/metabolism	nlr family pyrin domain-containing 3 protein/metabolism	0.0005241692955735	0.0012925943513292	0.037037037037037	0.491090027111315	1	0
lung/blood supply	toll-like receptor 4/metabolism	0.0005241692955735	0.0012925943513292	0.037037037037037	0.491090027111315	1	0
lung/blood supply	monocrotaline/toxicity	0.0005241692955735	0.0012925943513292	0.037037037037037	0.491090027111315	1	0
lung/blood supply	nlr family pyrin domain-containing 3 protein/metabolism	0.0005241692955735	0.0012925943513292	0.037037037037037	0.491090027111315	1	0
monocrotaline/toxicity	toll-like receptor 4/metabolism	0.0005241692955735	0.0012925943513292	0.037037037037037	0.491090027111315	1	0
monocrotaline/toxicity	nlr family pyrin domain-containing 3 protein/metabolism	0.0005241692955735	0.0012925943513292	0.037037037037037	0.491090027111315	1	0
nlr family pyrin domain-containing 3 protein/metabolism	toll-like receptor 4/metabolism	0.0005241692955735	0.0012925943513292	0.037037037037037	0.491090027111315	1	0
toll-like receptor 4/metabolism	rna messenger/metabolism	0.0012772609311888	0.0021328352967918	0.0869183494293239	0.5011717509037003	1	1
toll-like receptor 4/metabolism	cd36 antigens/metabolism	0.0015713298753543	0.0025664815899418	0.0262590789368664	0.186828306325089	2	1
toll-like receptor 4/metabolism	endometrial neoplasms/immunology	2.20399190009601e-08	7.5723921131295e-08	0.0441176470588235	0.5011717509037	1	1
toll-like receptor 4/metabolism	heme/metabolism	2.20399190009601e-08	7.5723921131295e-08	0.0441176470588235	0.5011717509037	1	1
toll-like receptor 4/metabolism	interferon type i/metabolism	0.000493914442929	0.0008838663701553	0.0869183494293239	0.5011717509037	1	1
toll-like receptor 4/metabolism	phagocytosis	2.20399190009601e-08	7.5723921131295e-08	0.0441176470588235	0.5011717509037	1	1
toll-like receptor 4/metabolism	gastrointestinal tract	1.1009045872145684e-05	2.500058040737266e-05	0.0441176470588235	0.5011717509037003	1	1
toll-like receptor 4/metabolism	protease inhibitors/pharmacology	1.1009045872145684e-05	2.500058040737266e-05	0.0441176470588235	0.5011717509037003	1	1
toll-like receptor 4/metabolism	carcinoma hepatocellular/drug therapy	1.1009045872145684e-05	2.500058040737266e-05	0.0441176470588235	0.5011717509037003	1	1
toll-like receptor 4/metabolism	stem cell factor/metabolism	1.1009045872145684e-05	2.500058040737266e-05	0.0441176470588235	0.5011717509037003	1	1
toll-like receptor 4/metabolism	macrophages/immunology	2.65163990609274e-06	6.405225212998539e-06	0.0077420384707478	0.1868283063250888	2	1
toll-like receptor 4/metabolism	plant extracts/pharmacology	1.1009045872145684e-05	2.500058040737266e-05	0.0441176470588235	0.5011717509037003	1	1
toll-like receptor 4/metabolism	digestion	1.1009045872145684e-05	2.500058040737266e-05	0.0441176470588235	0.5011717509037003	1	1
tumor microenvironment/physiology	nf-kappa b/metabolism	0.0001348106896625	0.0002669028212187	0.0869183494293239	0.5011717509037003	1	1
tumor microenvironment/physiology	diet high-fat	0.0015588727606166	0.0025467155403098	0.1284220608189001	0.5011717509037003	1	1
adjuvants immunologic/chemistry	macrophages/cytology	3.26106776693535e-06	1.56574445763452e-05	0.074074074074074	0.491090027111315	1	0
adjuvants immunologic/chemistry	dextrans/chemistry	1.51878509768721e-12	3.21494655714812e-11	0.037037037037037	0.491090027111315	1	0
adjuvants immunologic/chemistry	gels/chemistry	1.51878509768721e-12	3.21494655714812e-11	0.037037037037037	0.491090027111315	1	0
adjuvants immunologic/chemistry	gold/chemistry	1.51878509768721e-12	3.21494655714812e-11	0.037037037037037	0.491090027111315	1	0
adjuvants immunologic/chemistry	urinary bladder neoplasms/pathology	1.51878509768721e-12	3.21494655714812e-11	0.037037037037037	0.491090027111315	1	0
dextrans/chemistry	macrophages/cytology	3.26106776693535e-06	1.56574445763452e-05	0.074074074074074	0.491090027111315	1	0
dextrans/chemistry	gels/chemistry	1.51878509768721e-12	3.21494655714812e-11	0.037037037037037	0.491090027111315	1	0
dextrans/chemistry	gold/chemistry	1.51878509768721e-12	3.21494655714812e-11	0.037037037037037	0.491090027111315	1	0
dextrans/chemistry	urinary bladder neoplasms/pathology	1.51878509768721e-12	3.21494655714812e-11	0.037037037037037	0.491090027111315	1	0
gels/chemistry	macrophages/cytology	3.26106776693535e-06	1.56574445763452e-05	0.074074074074074	0.491090027111315	1	0
gels/chemistry	gold/chemistry	1.51878509768721e-12	3.21494655714812e-11	0.037037037037037	0.491090027111315	1	0
gels/chemistry	urinary bladder neoplasms/pathology	1.51878509768721e-12	3.21494655714812e-11	0.037037037037037	0.491090027111315	1	0
gold/chemistry	macrophages/cytology	3.26106776693535e-06	1.56574445763452e-05	0.074074074074074	0.491090027111315	1	0
gold/chemistry	urinary bladder neoplasms/pathology	1.51878509768721e-12	3.21494655714812e-11	0.037037037037037	0.491090027111315	1	0
antibodies monoclonal humanized/pharmacology	cd8-positive t-lymphocytes/cytology	0.0001868757657405	0.0005524360047374	0.074074074074074	0.491090027111315	1	0
antibodies monoclonal humanized/pharmacology	cd36 antigens/antagonists &amp; inhibitors	3.10419946414342e-08	1.77908664941026e-07	0.037037037037037	0.491090027111315	1	0
antibodies monoclonal humanized/pharmacology	fatty acids/metabolism	3.10419946414342e-08	1.77908664941026e-07	0.037037037037037	0.491090027111315	1	0
antibodies monoclonal humanized/pharmacology	multiple myeloma/drug therapy	3.10419946414342e-08	1.77908664941026e-07	0.037037037037037	0.491090027111315	1	0
antibodies monoclonal humanized/pharmacology	tumor microenvironment	0.0003039350520657	0.0008666781229012	0.074074074074074	0.491090027111315	1	0
asparaginase	tumor suppressor protein p53/metabolism	0.0001430031506204	0.0004284185297513	0.074074074074074	0.491090027111315	1	0
asparaginase	cisplatin	3.10419946414342e-08	1.77908664941026e-07	0.037037037037037	0.491090027111315	1	0
asparaginase	diterpenes/pharmacology	3.10419946414342e-08	1.77908664941026e-07	0.037037037037037	0.491090027111315	1	0
asparaginase	killer cells natural/metabolism	3.10419946414342e-08	1.77908664941026e-07	0.037037037037037	0.491090027111315	1	0
asparaginase	lymphoma t-cell	3.10419946414342e-08	1.77908664941026e-07	0.037037037037037	0.491090027111315	1	0
cd36 antigens/antagonists &amp; inhibitors	cd8-positive t-lymphocytes/cytology	0.0001868757657405	0.0005524360047374	0.074074074074074	0.491090027111315	1	0
cd36 antigens/antagonists &amp; inhibitors	fatty acids/metabolism	3.10419946414342e-08	1.77908664941026e-07	0.037037037037037	0.491090027111315	1	0
cd36 antigens/antagonists &amp; inhibitors	multiple myeloma/drug therapy	3.10419946414342e-08	1.77908664941026e-07	0.037037037037037	0.491090027111315	1	0
cd36 antigens/antagonists &amp; inhibitors	tumor microenvironment	0.0003039350520657	0.0008666781229012	0.074074074074074	0.491090027111315	1	0
cisplatin	tumor suppressor protein p53/metabolism	0.0001430031506204	0.0004284185297513	0.074074074074074	0.491090027111315	1	0
cisplatin	diterpenes/pharmacology	3.10419946414342e-08	1.77908664941026e-07	0.037037037037037	0.491090027111315	1	0
cisplatin	killer cells natural/metabolism	3.10419946414342e-08	1.77908664941026e-07	0.037037037037037	0.491090027111315	1	0
cisplatin	lymphoma t-cell	3.10419946414342e-08	1.77908664941026e-07	0.037037037037037	0.491090027111315	1	0
colonic neoplasms/drug therapy	cell line tumor/transplantation	0.0002443386631932	0.0007043559873365	0.074074074074074	0.491090027111315	1	0
colonic neoplasms/drug therapy	tumor microenvironment/drug effects	0.0050446579505036	0.0076916756411358	0.1139240506329113	0.5839154963972442	1	2
colonic neoplasms/drug therapy	heme oxygenase-1/metabolism	2.48910234645905e-07	1.3318075285482e-06	0.037037037037037	0.491090027111315	1	0
colonic neoplasms/drug therapy	lymphocytes tumor-infiltrating/immunology	2.48910234645905e-07	1.3318075285482e-06	0.037037037037037	0.491090027111315	1	0
colonic neoplasms/drug therapy	membrane proteins/metabolism	2.48910234645905e-07	1.3318075285482e-06	0.037037037037037	0.491090027111315	1	0
colonic neoplasms/drug therapy	myeloid-derived suppressor cells/immunology	2.48910234645905e-07	1.3318075285482e-06	0.037037037037037	0.491090027111315	1	0
colonic neoplasms/drug therapy	neutral ceramidase/antagonists &amp; inhibitors	2.48910234645905e-07	1.3318075285482e-06	0.037037037037037	0.491090027111315	1	0
colonic neoplasms/drug therapy	t-lymphocytes/immunology	2.48910234645905e-07	1.3318075285482e-06	0.037037037037037	0.491090027111315	1	0
colonic neoplasms/drug therapy	tumor suppressor protein p53/metabolism	0.0002443386631932	0.0007043559873365	0.074074074074074	0.491090027111315	1	0
cysteine/metabolism	cd8-positive t-lymphocytes/immunology	0.0001862810580269	0.0003543196239064	0.0588235294117647	0.5011717509037003	1	1
cysteine/metabolism	b7-h1 antigen/antagonists &amp; inhibitors	0.0001074183449439	0.0003317499471113	0.074074074074074	0.491090027111315	1	0
cysteine/metabolism	fusion regulatory protein 1 heavy chain/metabolism	3.10419946414342e-08	1.77908664941026e-07	0.037037037037037	0.491090027111315	1	0
cysteine/metabolism	interferon-gamma/immunology	3.10419946414342e-08	1.77908664941026e-07	0.037037037037037	0.491090027111315	1	0
cysteine/metabolism	melanoma/genetics	3.10419946414342e-08	1.77908664941026e-07	0.037037037037037	0.491090027111315	1	0
cysteine/metabolism	nivolumab/therapeutic use	3.10419946414342e-08	1.77908664941026e-07	0.037037037037037	0.491090027111315	1	0
diterpenes/pharmacology	tumor suppressor protein p53/metabolism	0.0001430031506204	0.0004284185297513	0.074074074074074	0.491090027111315	1	0
diterpenes/pharmacology	killer cells natural/metabolism	3.10419946414342e-08	1.77908664941026e-07	0.037037037037037	0.491090027111315	1	0
diterpenes/pharmacology	lymphoma t-cell	3.10419946414342e-08	1.77908664941026e-07	0.037037037037037	0.491090027111315	1	0
fatty acids/metabolism	cd8-positive t-lymphocytes/cytology	0.0001868757657405	0.0005524360047374	0.074074074074074	0.491090027111315	1	0
fatty acids/metabolism	multiple myeloma/drug therapy	3.10419946414342e-08	1.77908664941026e-07	0.037037037037037	0.491090027111315	1	0
fatty acids/metabolism	tumor microenvironment	0.0003039350520657	0.0008666781229012	0.074074074074074	0.491090027111315	1	0
fusion regulatory protein 1 heavy chain/metabolism	cd8-positive t-lymphocytes/immunology	0.0001862810580269	0.0003543196239064	0.0588235294117647	0.5011717509037003	1	1
fusion regulatory protein 1 heavy chain/metabolism	b7-h1 antigen/antagonists &amp; inhibitors	0.0001074183449439	0.0003317499471113	0.074074074074074	0.491090027111315	1	0
fusion regulatory protein 1 heavy chain/metabolism	interferon-gamma/immunology	3.10419946414342e-08	1.77908664941026e-07	0.037037037037037	0.491090027111315	1	0
fusion regulatory protein 1 heavy chain/metabolism	melanoma/genetics	3.10419946414342e-08	1.77908664941026e-07	0.037037037037037	0.491090027111315	1	0
fusion regulatory protein 1 heavy chain/metabolism	nivolumab/therapeutic use	3.10419946414342e-08	1.77908664941026e-07	0.037037037037037	0.491090027111315	1	0
heme oxygenase-1/metabolism	cell line tumor/transplantation	0.0002443386631932	0.0007043559873365	0.074074074074074	0.491090027111315	1	0
heme oxygenase-1/metabolism	tumor microenvironment/drug effects	0.0050446579505036	0.0076916756411358	0.1139240506329113	0.5839154963972442	1	2
heme oxygenase-1/metabolism	lymphocytes tumor-infiltrating/immunology	2.48910234645905e-07	1.3318075285482e-06	0.037037037037037	0.491090027111315	1	0
heme oxygenase-1/metabolism	membrane proteins/metabolism	2.48910234645905e-07	1.3318075285482e-06	0.037037037037037	0.491090027111315	1	0
heme oxygenase-1/metabolism	myeloid-derived suppressor cells/immunology	2.48910234645905e-07	1.3318075285482e-06	0.037037037037037	0.491090027111315	1	0
heme oxygenase-1/metabolism	neutral ceramidase/antagonists &amp; inhibitors	2.48910234645905e-07	1.3318075285482e-06	0.037037037037037	0.491090027111315	1	0
heme oxygenase-1/metabolism	t-lymphocytes/immunology	2.48910234645905e-07	1.3318075285482e-06	0.037037037037037	0.491090027111315	1	0
heme oxygenase-1/metabolism	tumor suppressor protein p53/metabolism	0.0002443386631932	0.0007043559873365	0.074074074074074	0.491090027111315	1	0
interferon-gamma/immunology	cd8-positive t-lymphocytes/immunology	0.0001862810580269	0.0003543196239064	0.0588235294117647	0.5011717509037003	1	1
interferon-gamma/immunology	b7-h1 antigen/antagonists &amp; inhibitors	0.0001074183449439	0.0003317499471113	0.074074074074074	0.491090027111315	1	0
interferon-gamma/immunology	melanoma/genetics	3.10419946414342e-08	1.77908664941026e-07	0.037037037037037	0.491090027111315	1	0
interferon-gamma/immunology	nivolumab/therapeutic use	3.10419946414342e-08	1.77908664941026e-07	0.037037037037037	0.491090027111315	1	0
killer cells natural/metabolism	tumor suppressor protein p53/metabolism	0.0001430031506204	0.0004284185297513	0.074074074074074	0.491090027111315	1	0
killer cells natural/metabolism	lymphoma t-cell	3.10419946414342e-08	1.77908664941026e-07	0.037037037037037	0.491090027111315	1	0
lymphocytes tumor-infiltrating/immunology	cell line tumor/transplantation	0.0002443386631932	0.0007043559873365	0.074074074074074	0.491090027111315	1	0
lymphocytes tumor-infiltrating/immunology	tumor microenvironment/drug effects	0.0050446579505036	0.0076916756411358	0.1139240506329113	0.5839154963972442	1	2
lymphocytes tumor-infiltrating/immunology	membrane proteins/metabolism	2.48910234645905e-07	1.3318075285482e-06	0.037037037037037	0.491090027111315	1	0
lymphocytes tumor-infiltrating/immunology	myeloid-derived suppressor cells/immunology	2.48910234645905e-07	1.3318075285482e-06	0.037037037037037	0.491090027111315	1	0
lymphocytes tumor-infiltrating/immunology	neutral ceramidase/antagonists &amp; inhibitors	2.48910234645905e-07	1.3318075285482e-06	0.037037037037037	0.491090027111315	1	0
lymphocytes tumor-infiltrating/immunology	t-lymphocytes/immunology	2.48910234645905e-07	1.3318075285482e-06	0.037037037037037	0.491090027111315	1	0
lymphocytes tumor-infiltrating/immunology	tumor suppressor protein p53/metabolism	0.0002443386631932	0.0007043559873365	0.074074074074074	0.491090027111315	1	0
lymphoma t-cell	tumor suppressor protein p53/metabolism	0.0001430031506204	0.0004284185297513	0.074074074074074	0.491090027111315	1	0
melanoma/genetics	cd8-positive t-lymphocytes/immunology	0.0001862810580269	0.0003543196239064	0.0588235294117647	0.5011717509037003	1	1
melanoma/genetics	b7-h1 antigen/antagonists &amp; inhibitors	0.0001074183449439	0.0003317499471113	0.074074074074074	0.491090027111315	1	0
melanoma/genetics	nivolumab/therapeutic use	3.10419946414342e-08	1.77908664941026e-07	0.037037037037037	0.491090027111315	1	0
membrane proteins/metabolism	cell line tumor/transplantation	0.0002443386631932	0.0007043559873365	0.074074074074074	0.491090027111315	1	0
membrane proteins/metabolism	tumor microenvironment/drug effects	0.0050446579505036	0.0076916756411358	0.1139240506329113	0.5839154963972442	1	2
membrane proteins/metabolism	myeloid-derived suppressor cells/immunology	2.48910234645905e-07	1.3318075285482e-06	0.037037037037037	0.491090027111315	1	0
membrane proteins/metabolism	neutral ceramidase/antagonists &amp; inhibitors	2.48910234645905e-07	1.3318075285482e-06	0.037037037037037	0.491090027111315	1	0
membrane proteins/metabolism	t-lymphocytes/immunology	2.48910234645905e-07	1.3318075285482e-06	0.037037037037037	0.491090027111315	1	0
membrane proteins/metabolism	tumor suppressor protein p53/metabolism	0.0002443386631932	0.0007043559873365	0.074074074074074	0.491090027111315	1	0
multiple myeloma/drug therapy	cd8-positive t-lymphocytes/cytology	0.0001868757657405	0.0005524360047374	0.074074074074074	0.491090027111315	1	0
multiple myeloma/drug therapy	tumor microenvironment	0.0003039350520657	0.0008666781229012	0.074074074074074	0.491090027111315	1	0
myeloid-derived suppressor cells/immunology	cell line tumor/transplantation	0.0002443386631932	0.0007043559873365	0.074074074074074	0.491090027111315	1	0
myeloid-derived suppressor cells/immunology	tumor microenvironment/drug effects	0.0050446579505036	0.0076916756411358	0.1139240506329113	0.5839154963972442	1	2
myeloid-derived suppressor cells/immunology	neutral ceramidase/antagonists &amp; inhibitors	2.48910234645905e-07	1.3318075285482e-06	0.037037037037037	0.491090027111315	1	0
myeloid-derived suppressor cells/immunology	t-lymphocytes/immunology	2.48910234645905e-07	1.3318075285482e-06	0.037037037037037	0.491090027111315	1	0
myeloid-derived suppressor cells/immunology	tumor suppressor protein p53/metabolism	0.0002443386631932	0.0007043559873365	0.074074074074074	0.491090027111315	1	0
neutral ceramidase/antagonists &amp; inhibitors	cell line tumor/transplantation	0.0002443386631932	0.0007043559873365	0.074074074074074	0.491090027111315	1	0
neutral ceramidase/antagonists &amp; inhibitors	tumor microenvironment/drug effects	0.0050446579505036	0.0076916756411358	0.1139240506329113	0.5839154963972442	1	2
neutral ceramidase/antagonists &amp; inhibitors	t-lymphocytes/immunology	2.48910234645905e-07	1.3318075285482e-06	0.037037037037037	0.491090027111315	1	0
neutral ceramidase/antagonists &amp; inhibitors	tumor suppressor protein p53/metabolism	0.0002443386631932	0.0007043559873365	0.074074074074074	0.491090027111315	1	0
nivolumab/therapeutic use	cd8-positive t-lymphocytes/immunology	0.0001862810580269	0.0003543196239064	0.0588235294117647	0.5011717509037003	1	1
nivolumab/therapeutic use	b7-h1 antigen/antagonists &amp; inhibitors	0.0001074183449439	0.0003317499471113	0.074074074074074	0.491090027111315	1	0
t-lymphocytes/immunology	cell line tumor/transplantation	0.0002443386631932	0.0007043559873365	0.074074074074074	0.491090027111315	1	0
t-lymphocytes/immunology	tumor microenvironment/drug effects	0.0050446579505036	0.0076916756411358	0.1139240506329113	0.5839154963972442	1	2
t-lymphocytes/immunology	tumor suppressor protein p53/metabolism	0.0002443386631932	0.0007043559873365	0.074074074074074	0.491090027111315	1	0
tumor suppressor protein p53/metabolism	interleukins/metabolism	1.3276510668847052e-05	2.9969370697205297e-05	0.0441176470588235	0.5011717509037003	1	1
tumor suppressor protein p53/metabolism	tumor escape/immunology	1.3276510668847052e-05	2.9969370697205297e-05	0.0441176470588235	0.5011717509037003	1	1
tumor suppressor protein p53/metabolism	liver neoplasms/immunology	1.3276510668847052e-05	2.9969370697205297e-05	0.0441176470588235	0.5011717509037003	1	1
tumor suppressor protein p53/metabolism	cellular reprogramming/immunology	1.3276510668847052e-05	2.9969370697205297e-05	0.0441176470588235	0.5011717509037003	1	1
tumor suppressor protein p53/metabolism	neoplastic stem cells/immunology	1.3276510668847052e-05	2.9969370697205297e-05	0.0441176470588235	0.5011717509037003	1	1
urinary bladder neoplasms/pathology	macrophages/cytology	3.26106776693535e-06	1.56574445763452e-05	0.074074074074074	0.491090027111315	1	0
actins/metabolism	collagen type i/metabolism	5.72955623634464e-06	2.46890239010393e-05	0.037037037037037	0.491090027111315	1	0
actins/metabolism	hepatic stellate cells/drug effects	5.72955623634464e-06	2.46890239010393e-05	0.037037037037037	0.491090027111315	1	0
actins/metabolism	hepatocytes/drug effects	5.72955623634464e-06	2.46890239010393e-05	0.037037037037037	0.491090027111315	1	0
actins/metabolism	hypoxia-inducible factor 1 alpha subunit/metabolism	5.72955623634464e-06	2.46890239010393e-05	0.037037037037037	0.491090027111315	1	0
actins/metabolism	liver cirrhosis/drug therapy	5.72955623634464e-06	2.46890239010393e-05	0.037037037037037	0.491090027111315	1	0
actins/metabolism	sorafenib/pharmacology	5.72955623634464e-06	2.46890239010393e-05	0.037037037037037	0.491090027111315	1	0
b7-h1 antigen/antagonists &amp; inhibitors	cd8-positive t-lymphocytes/immunology	0.0050446579505036	0.0076916756411358	0.0993184031158714	0.5839154963972442	1	2
b7-h1 antigen/antagonists &amp; inhibitors	aniline compounds/pharmacology	0.0001074183449439	0.0003317499471113	0.074074074074074	0.491090027111315	1	0
b7-h1 antigen/antagonists &amp; inhibitors	benzylidene compounds/pharmacology	0.0001074183449439	0.0003317499471113	0.074074074074074	0.491090027111315	1	0
b7-h1 antigen/antagonists &amp; inhibitors	cell line tumor/transplantation	1.94148241021708e-05	4.27746831663873e-05	0.0583845478489903	0.5011717509037	1	1
b7-h1 antigen/antagonists &amp; inhibitors	drug resistance neoplasm/drug effects	0.0001074183449439	0.0003317499471113	0.074074074074074	0.491090027111315	1	0
b7-h1 antigen/antagonists &amp; inhibitors	exosomes/drug effects	0.0001074183449439	0.0003317499471113	0.074074074074074	0.491090027111315	1	0
b7-h1 antigen/antagonists &amp; inhibitors	hyaluronic acid/chemistry	0.0001074183449439	0.0003317499471113	0.074074074074074	0.491090027111315	1	0
b7-h1 antigen/antagonists &amp; inhibitors	immune checkpoint inhibitors/pharmacology	0.0001074183449439	0.0003317499471113	0.074074074074074	0.491090027111315	1	0
b7-h1 antigen/antagonists &amp; inhibitors	immunologic memory	0.0001074183449439	0.0003317499471113	0.074074074074074	0.491090027111315	1	0
b7-h1 antigen/antagonists &amp; inhibitors	skin neoplasms/drug therapy	0.0001074183449439	0.0003317499471113	0.074074074074074	0.491090027111315	1	0
b7-h1 antigen/antagonists &amp; inhibitors	t-lymphocytes cytotoxic/drug effects	0.0001074183449439	0.0003317499471113	0.074074074074074	0.491090027111315	1	0
b7-h1 antigen/antagonists &amp; inhibitors	tumor escape/drug effects	0.0001074183449439	0.0003317499471113	0.074074074074074	0.491090027111315	1	0
collagen type i/metabolism	hepatic stellate cells/drug effects	5.72955623634464e-06	2.46890239010393e-05	0.037037037037037	0.491090027111315	1	0
collagen type i/metabolism	hepatocytes/drug effects	5.72955623634464e-06	2.46890239010393e-05	0.037037037037037	0.491090027111315	1	0
collagen type i/metabolism	hypoxia-inducible factor 1 alpha subunit/metabolism	5.72955623634464e-06	2.46890239010393e-05	0.037037037037037	0.491090027111315	1	0
collagen type i/metabolism	liver cirrhosis/drug therapy	5.72955623634464e-06	2.46890239010393e-05	0.037037037037037	0.491090027111315	1	0
collagen type i/metabolism	sorafenib/pharmacology	5.72955623634464e-06	2.46890239010393e-05	0.037037037037037	0.491090027111315	1	0
hepatic stellate cells/drug effects	hepatocytes/drug effects	5.72955623634464e-06	2.46890239010393e-05	0.037037037037037	0.491090027111315	1	0
hepatic stellate cells/drug effects	hypoxia-inducible factor 1 alpha subunit/metabolism	5.72955623634464e-06	2.46890239010393e-05	0.037037037037037	0.491090027111315	1	0
hepatic stellate cells/drug effects	liver cirrhosis/drug therapy	5.72955623634464e-06	2.46890239010393e-05	0.037037037037037	0.491090027111315	1	0
hepatic stellate cells/drug effects	sorafenib/pharmacology	5.72955623634464e-06	2.46890239010393e-05	0.037037037037037	0.491090027111315	1	0
hepatocytes/drug effects	hypoxia-inducible factor 1 alpha subunit/metabolism	5.72955623634464e-06	2.46890239010393e-05	0.037037037037037	0.491090027111315	1	0
hepatocytes/drug effects	liver cirrhosis/drug therapy	5.72955623634464e-06	2.46890239010393e-05	0.037037037037037	0.491090027111315	1	0
hepatocytes/drug effects	sorafenib/pharmacology	5.72955623634464e-06	2.46890239010393e-05	0.037037037037037	0.491090027111315	1	0
hypoxia-inducible factor 1 alpha subunit/metabolism	liver cirrhosis/drug therapy	5.72955623634464e-06	2.46890239010393e-05	0.037037037037037	0.491090027111315	1	0
hypoxia-inducible factor 1 alpha subunit/metabolism	sorafenib/pharmacology	5.72955623634464e-06	2.46890239010393e-05	0.037037037037037	0.491090027111315	1	0
liver cirrhosis/drug therapy	sorafenib/pharmacology	5.72955623634464e-06	2.46890239010393e-05	0.037037037037037	0.491090027111315	1	0
cyclohexylamines	leydig cells/metabolism	5.3290705182007506e-15	3.01993119618375e-14	0.0126582278481012	0.5839154963972442	1	2
cyclohexylamines	superoxide dismutase/metabolism	5.3290705182007506e-15	3.01993119618375e-14	0.0126582278481012	0.5839154963972442	1	2
cyclohexylamines	testosterone	5.3290705182007506e-15	3.01993119618375e-14	0.0126582278481012	0.5839154963972442	1	2
cyclohexylamines	phenylenediamines	5.3290705182007506e-15	3.01993119618375e-14	0.0126582278481012	0.5839154963972442	1	2
cyclohexylamines	drugs chinese herbal/pharmacology	5.3290705182007506e-15	3.01993119618375e-14	0.0126582278481012	0.5839154963972442	1	2
cyclohexylamines	hydrogen peroxide	5.3290705182007506e-15	3.01993119618375e-14	0.0126582278481012	0.5839154963972442	1	2
leydig cells/metabolism	superoxide dismutase/metabolism	5.3290705182007506e-15	3.01993119618375e-14	0.0126582278481012	0.5839154963972442	1	2
leydig cells/metabolism	testosterone	5.3290705182007506e-15	3.01993119618375e-14	0.0126582278481012	0.5839154963972442	1	2
leydig cells/metabolism	phenylenediamines	5.3290705182007506e-15	3.01993119618375e-14	0.0126582278481012	0.5839154963972442	1	2
leydig cells/metabolism	drugs chinese herbal/pharmacology	5.3290705182007506e-15	3.01993119618375e-14	0.0126582278481012	0.5839154963972442	1	2
leydig cells/metabolism	hydrogen peroxide	5.3290705182007506e-15	3.01993119618375e-14	0.0126582278481012	0.5839154963972442	1	2
superoxide dismutase/metabolism	testosterone	5.3290705182007506e-15	3.01993119618375e-14	0.0126582278481012	0.5839154963972442	1	2
superoxide dismutase/metabolism	phenylenediamines	5.3290705182007506e-15	3.01993119618375e-14	0.0126582278481012	0.5839154963972442	1	2
superoxide dismutase/metabolism	drugs chinese herbal/pharmacology	5.3290705182007506e-15	3.01993119618375e-14	0.0126582278481012	0.5839154963972442	1	2
superoxide dismutase/metabolism	hydrogen peroxide	5.3290705182007506e-15	3.01993119618375e-14	0.0126582278481012	0.5839154963972442	1	2
testosterone	phenylenediamines	5.3290705182007506e-15	3.01993119618375e-14	0.0126582278481012	0.5839154963972442	1	2
testosterone	drugs chinese herbal/pharmacology	5.3290705182007506e-15	3.01993119618375e-14	0.0126582278481012	0.5839154963972442	1	2
testosterone	hydrogen peroxide	5.3290705182007506e-15	3.01993119618375e-14	0.0126582278481012	0.5839154963972442	1	2
phenylenediamines	drugs chinese herbal/pharmacology	5.3290705182007506e-15	3.01993119618375e-14	0.0126582278481012	0.5839154963972442	1	2
phenylenediamines	hydrogen peroxide	5.3290705182007506e-15	3.01993119618375e-14	0.0126582278481012	0.5839154963972442	1	2
drugs chinese herbal/pharmacology	hydrogen peroxide	5.3290705182007506e-15	3.01993119618375e-14	0.0126582278481012	0.5839154963972442	1	2
rna messenger/metabolism	protease inhibitors/pharmacology	1.2501655599628236e-08	4.415937194802147e-08	0.0294117647058823	0.5011717509037003	1	1
rna messenger/metabolism	carcinoma hepatocellular/drug therapy	1.2501655599628236e-08	4.415937194802147e-08	0.0294117647058823	0.5011717509037003	1	1
rna messenger/metabolism	plant extracts/pharmacology	1.2501655599628236e-08	4.415937194802147e-08	0.0294117647058823	0.5011717509037003	1	1
rna messenger/metabolism	gastrointestinal tract	1.2501655599628236e-08	4.415937194802147e-08	0.0294117647058823	0.5011717509037003	1	1
rna messenger/metabolism	digestion	1.2501655599628236e-08	4.415937194802147e-08	0.0294117647058823	0.5011717509037003	1	1
rna messenger/metabolism	stem cell factor/metabolism	1.2501655599628236e-08	4.415937194802147e-08	0.0294117647058823	0.5011717509037003	1	1
rna messenger/metabolism	macrophages/immunology	0.0020244530166931	0.0032641743016063	0.1150131694468832	0.5011717509037003	1	1
tumor microenvironment/drug effects	basic-leucine zipper transcription factors/analysis	0.0039778851868	0.006085272814044	0.1176470588235294	0.5011717509037003	1	1
tumor microenvironment/drug effects	drug resistance neoplasm	0.0039778851868	0.006085272814044	0.1176470588235294	0.5011717509037003	1	1
tumor microenvironment/drug effects	triple negative breast neoplasms/drug therapy	0.0039778851868	0.006085272814044	0.1176470588235294	0.5011717509037003	1	1
tumor microenvironment/drug effects	tumor-associated macrophages/drug effects	0.0039778851868	0.006085272814044	0.1176470588235294	0.5011717509037003	1	1
tumor microenvironment/drug effects	macrophages/immunology	0.0063255028466381	0.009413699540273	0.0618608573305442	0.2602194741106761	2	2
tumor microenvironment/drug effects	aniline compounds/pharmacology	0.0056610184889931	0.008358574270831	0.1176470588235294	0.5011717509037003	1	1
tumor microenvironment/drug effects	benzylidene compounds/pharmacology	0.0056610184889931	0.008358574270831	0.1176470588235294	0.5011717509037003	1	1
tumor microenvironment/drug effects	cell line tumor/transplantation	0.0026517634703525	0.0055846870472203	0.017094017094017	0.178864212567384	2	0
tumor microenvironment/drug effects	drug resistance neoplasm/drug effects	0.0056610184889931	0.008358574270831	0.1176470588235294	0.5011717509037003	1	1
tumor microenvironment/drug effects	exosomes/drug effects	0.0056610184889931	0.008358574270831	0.1176470588235294	0.5011717509037003	1	1
tumor microenvironment/drug effects	hyaluronic acid/chemistry	0.0056610184889931	0.008358574270831	0.1176470588235294	0.5011717509037003	1	1
tumor microenvironment/drug effects	immune checkpoint inhibitors/pharmacology	0.0056610184889931	0.008358574270831	0.1176470588235294	0.5011717509037003	1	1
tumor microenvironment/drug effects	immunologic memory	0.0056610184889931	0.008358574270831	0.1176470588235294	0.5011717509037003	1	1
tumor microenvironment/drug effects	skin neoplasms/drug therapy	0.0056610184889931	0.008358574270831	0.1176470588235294	0.5011717509037003	1	1
tumor microenvironment/drug effects	t-lymphocytes cytotoxic/drug effects	0.0056610184889931	0.008358574270831	0.1176470588235294	0.5011717509037003	1	1
tumor microenvironment/drug effects	tumor escape/drug effects	0.0056610184889931	0.008358574270831	0.1176470588235294	0.5011717509037003	1	1
anti-inflammatory agents/pharmacology	calgranulin a/metabolism	8.347322832946702e-12	3.639006249618553e-11	0.0147058823529411	0.5011717509037003	1	1
anti-inflammatory agents/pharmacology	colon/metabolism	8.347322832946702e-12	3.639006249618553e-11	0.0147058823529411	0.5011717509037003	1	1
anti-inflammatory agents/pharmacology	glycyrrhizic acid/pharmacology	8.347322832946702e-12	3.639006249618553e-11	0.0147058823529411	0.5011717509037003	1	1
anti-inflammatory agents/pharmacology	nf-kappa b/metabolism	4.826859267836881e-08	1.453533629100291e-07	0.0294117647058823	0.5011717509037003	1	1
anti-inflammatory agents/pharmacology	diet high-fat	5.488111327278666e-06	1.2879271081403472e-05	0.0441176470588235	0.5011717509037003	1	1
calgranulin a/metabolism	colon/metabolism	8.347322832946702e-12	3.639006249618553e-11	0.0147058823529411	0.5011717509037003	1	1
calgranulin a/metabolism	glycyrrhizic acid/pharmacology	8.347322832946702e-12	3.639006249618553e-11	0.0147058823529411	0.5011717509037003	1	1
calgranulin a/metabolism	nf-kappa b/metabolism	4.826859267836881e-08	1.453533629100291e-07	0.0294117647058823	0.5011717509037003	1	1
calgranulin a/metabolism	diet high-fat	5.488111327278666e-06	1.2879271081403472e-05	0.0441176470588235	0.5011717509037003	1	1
colon/metabolism	glycyrrhizic acid/pharmacology	8.347322832946702e-12	3.639006249618553e-11	0.0147058823529411	0.5011717509037003	1	1
colon/metabolism	nf-kappa b/metabolism	4.826859267836881e-08	1.453533629100291e-07	0.0294117647058823	0.5011717509037003	1	1
colon/metabolism	diet high-fat	5.488111327278666e-06	1.2879271081403472e-05	0.0441176470588235	0.5011717509037003	1	1
glycyrrhizic acid/pharmacology	nf-kappa b/metabolism	4.826859267836881e-08	1.453533629100291e-07	0.0294117647058823	0.5011717509037003	1	1
glycyrrhizic acid/pharmacology	diet high-fat	5.488111327278666e-06	1.2879271081403472e-05	0.0441176470588235	0.5011717509037003	1	1
mitochondria/drug effects	antineoplastic agents/chemistry	0.0028851458065133	0.0060410995226632	0.074074074074074	0.491090027111315	1	0
mitochondria/drug effects	biological products/chemistry	0.0028851458065133	0.0060410995226632	0.074074074074074	0.491090027111315	1	0
mitochondria/drug effects	dichloroacetic acid/chemistry	0.0028851458065133	0.0060410995226632	0.074074074074074	0.491090027111315	1	0
mitochondria/drug effects	drug synergism	0.0028851458065133	0.0060410995226632	0.074074074074074	0.491090027111315	1	0
mitochondria/drug effects	energy metabolism/drug effects	0.0028851458065133	0.0060410995226632	0.074074074074074	0.491090027111315	1	0
mitochondria/drug effects	macrophages/cytology	0.0003667702795712	0.0006634635521673	0.0583845478489903	0.5011717509037003	1	1
mitochondria/drug effects	protein kinase inhibitors/chemistry	0.0028851458065133	0.0060410995226632	0.074074074074074	0.491090027111315	1	0
mitochondria/drug effects	pyruvate dehydrogenase acetyl-transferring kinase/antagonists &amp; inhibitors	0.0028851458065133	0.0060410995226632	0.074074074074074	0.491090027111315	1	0
mitochondria/drug effects	saponins/chemistry	0.0028851458065133	0.0060410995226632	0.074074074074074	0.491090027111315	1	0
basic-leucine zipper transcription factors/analysis	drug resistance neoplasm	2.3766930645763304e-09	2.23055336157649e-08	0.037037037037037	0.491090027111315	1	0
basic-leucine zipper transcription factors/analysis	triple negative breast neoplasms/drug therapy	2.3766930645763304e-09	2.23055336157649e-08	0.037037037037037	0.491090027111315	1	0
basic-leucine zipper transcription factors/analysis	tumor-associated macrophages/drug effects	2.3766930645763304e-09	2.23055336157649e-08	0.037037037037037	0.491090027111315	1	0
drug resistance neoplasm	triple negative breast neoplasms/drug therapy	2.3766930645763304e-09	2.23055336157649e-08	0.037037037037037	0.491090027111315	1	0
drug resistance neoplasm	tumor-associated macrophages/drug effects	2.3766930645763304e-09	2.23055336157649e-08	0.037037037037037	0.491090027111315	1	0
triple negative breast neoplasms/drug therapy	tumor-associated macrophages/drug effects	2.3766930645763304e-09	2.23055336157649e-08	0.037037037037037	0.491090027111315	1	0
neoplasm recurrence local	hydroxymethylglutaryl-coa reductase inhibitors/pharmacology	4.499733918805761e-13	2.348841441812155e-12	0.0147058823529411	0.5011717509037003	1	1
neoplasm recurrence local	breast neoplasms/drug therapy	4.499733918805761e-13	2.348841441812155e-12	0.0147058823529411	0.5011717509037003	1	1
neoplasm recurrence local	inflammation/immunology	4.499733918805761e-13	2.348841441812155e-12	0.0147058823529411	0.5011717509037003	1	1
neoplasm recurrence local	macrophage colony-stimulating factor/antagonists &amp; inhibitors	4.499733918805761e-13	2.348841441812155e-12	0.0147058823529411	0.5011717509037003	1	1
neoplasm recurrence local	mesenchymal stem cells/immunology	4.499733918805761e-13	2.348841441812155e-12	0.0147058823529411	0.5011717509037003	1	1
neoplasm recurrence local	neoplasm invasiveness	4.499733918805761e-13	2.348841441812155e-12	0.0147058823529411	0.5011717509037003	1	1
hydroxymethylglutaryl-coa reductase inhibitors/pharmacology	breast neoplasms/drug therapy	4.499733918805761e-13	2.348841441812155e-12	0.0147058823529411	0.5011717509037003	1	1
hydroxymethylglutaryl-coa reductase inhibitors/pharmacology	inflammation/immunology	4.499733918805761e-13	2.348841441812155e-12	0.0147058823529411	0.5011717509037003	1	1
hydroxymethylglutaryl-coa reductase inhibitors/pharmacology	macrophage colony-stimulating factor/antagonists &amp; inhibitors	4.499733918805761e-13	2.348841441812155e-12	0.0147058823529411	0.5011717509037003	1	1
hydroxymethylglutaryl-coa reductase inhibitors/pharmacology	mesenchymal stem cells/immunology	4.499733918805761e-13	2.348841441812155e-12	0.0147058823529411	0.5011717509037003	1	1
hydroxymethylglutaryl-coa reductase inhibitors/pharmacology	neoplasm invasiveness	4.499733918805761e-13	2.348841441812155e-12	0.0147058823529411	0.5011717509037003	1	1
breast neoplasms/drug therapy	inflammation/immunology	4.499733918805761e-13	2.348841441812155e-12	0.0147058823529411	0.5011717509037003	1	1
breast neoplasms/drug therapy	macrophage colony-stimulating factor/antagonists &amp; inhibitors	4.499733918805761e-13	2.348841441812155e-12	0.0147058823529411	0.5011717509037003	1	1
breast neoplasms/drug therapy	mesenchymal stem cells/immunology	4.499733918805761e-13	2.348841441812155e-12	0.0147058823529411	0.5011717509037003	1	1
breast neoplasms/drug therapy	neoplasm invasiveness	4.499733918805761e-13	2.348841441812155e-12	0.0147058823529411	0.5011717509037003	1	1
inflammation/immunology	macrophage colony-stimulating factor/antagonists &amp; inhibitors	4.499733918805761e-13	2.348841441812155e-12	0.0147058823529411	0.5011717509037003	1	1
inflammation/immunology	mesenchymal stem cells/immunology	4.499733918805761e-13	2.348841441812155e-12	0.0147058823529411	0.5011717509037003	1	1
inflammation/immunology	neoplasm invasiveness	4.499733918805761e-13	2.348841441812155e-12	0.0147058823529411	0.5011717509037003	1	1
macrophage colony-stimulating factor/antagonists &amp; inhibitors	mesenchymal stem cells/immunology	4.499733918805761e-13	2.348841441812155e-12	0.0147058823529411	0.5011717509037003	1	1
macrophage colony-stimulating factor/antagonists &amp; inhibitors	neoplasm invasiveness	4.499733918805761e-13	2.348841441812155e-12	0.0147058823529411	0.5011717509037003	1	1
mesenchymal stem cells/immunology	neoplasm invasiveness	4.499733918805761e-13	2.348841441812155e-12	0.0147058823529411	0.5011717509037003	1	1
antineoplastic agents/chemistry	macrophages/cytology	3.98433250663466e-05	0.000130412689269	0.074074074074074	0.491090027111315	1	0
antineoplastic agents/chemistry	biological products/chemistry	3.10419946414342e-08	1.77908664941026e-07	0.037037037037037	0.491090027111315	1	0
antineoplastic agents/chemistry	dichloroacetic acid/chemistry	3.10419946414342e-08	1.77908664941026e-07	0.037037037037037	0.491090027111315	1	0
antineoplastic agents/chemistry	drug synergism	3.10419946414342e-08	1.77908664941026e-07	0.037037037037037	0.491090027111315	1	0
antineoplastic agents/chemistry	energy metabolism/drug effects	3.10419946414342e-08	1.77908664941026e-07	0.037037037037037	0.491090027111315	1	0
antineoplastic agents/chemistry	protein kinase inhibitors/chemistry	3.10419946414342e-08	1.77908664941026e-07	0.037037037037037	0.491090027111315	1	0
antineoplastic agents/chemistry	pyruvate dehydrogenase acetyl-transferring kinase/antagonists &amp; inhibitors	3.10419946414342e-08	1.77908664941026e-07	0.037037037037037	0.491090027111315	1	0
antineoplastic agents/chemistry	saponins/chemistry	3.10419946414342e-08	1.77908664941026e-07	0.037037037037037	0.491090027111315	1	0
biological products/chemistry	macrophages/cytology	3.98433250663466e-05	0.000130412689269	0.074074074074074	0.491090027111315	1	0
biological products/chemistry	dichloroacetic acid/chemistry	3.10419946414342e-08	1.77908664941026e-07	0.037037037037037	0.491090027111315	1	0
biological products/chemistry	drug synergism	3.10419946414342e-08	1.77908664941026e-07	0.037037037037037	0.491090027111315	1	0
biological products/chemistry	energy metabolism/drug effects	3.10419946414342e-08	1.77908664941026e-07	0.037037037037037	0.491090027111315	1	0
biological products/chemistry	protein kinase inhibitors/chemistry	3.10419946414342e-08	1.77908664941026e-07	0.037037037037037	0.491090027111315	1	0
biological products/chemistry	pyruvate dehydrogenase acetyl-transferring kinase/antagonists &amp; inhibitors	3.10419946414342e-08	1.77908664941026e-07	0.037037037037037	0.491090027111315	1	0
biological products/chemistry	saponins/chemistry	3.10419946414342e-08	1.77908664941026e-07	0.037037037037037	0.491090027111315	1	0
dichloroacetic acid/chemistry	macrophages/cytology	3.98433250663466e-05	0.000130412689269	0.074074074074074	0.491090027111315	1	0
dichloroacetic acid/chemistry	drug synergism	3.10419946414342e-08	1.77908664941026e-07	0.037037037037037	0.491090027111315	1	0
dichloroacetic acid/chemistry	energy metabolism/drug effects	3.10419946414342e-08	1.77908664941026e-07	0.037037037037037	0.491090027111315	1	0
dichloroacetic acid/chemistry	protein kinase inhibitors/chemistry	3.10419946414342e-08	1.77908664941026e-07	0.037037037037037	0.491090027111315	1	0
dichloroacetic acid/chemistry	pyruvate dehydrogenase acetyl-transferring kinase/antagonists &amp; inhibitors	3.10419946414342e-08	1.77908664941026e-07	0.037037037037037	0.491090027111315	1	0
dichloroacetic acid/chemistry	saponins/chemistry	3.10419946414342e-08	1.77908664941026e-07	0.037037037037037	0.491090027111315	1	0
drug synergism	macrophages/cytology	3.98433250663466e-05	0.000130412689269	0.074074074074074	0.491090027111315	1	0
drug synergism	energy metabolism/drug effects	3.10419946414342e-08	1.77908664941026e-07	0.037037037037037	0.491090027111315	1	0
drug synergism	protein kinase inhibitors/chemistry	3.10419946414342e-08	1.77908664941026e-07	0.037037037037037	0.491090027111315	1	0
drug synergism	pyruvate dehydrogenase acetyl-transferring kinase/antagonists &amp; inhibitors	3.10419946414342e-08	1.77908664941026e-07	0.037037037037037	0.491090027111315	1	0
drug synergism	saponins/chemistry	3.10419946414342e-08	1.77908664941026e-07	0.037037037037037	0.491090027111315	1	0
energy metabolism/drug effects	macrophages/cytology	3.98433250663466e-05	0.000130412689269	0.074074074074074	0.491090027111315	1	0
energy metabolism/drug effects	protein kinase inhibitors/chemistry	3.10419946414342e-08	1.77908664941026e-07	0.037037037037037	0.491090027111315	1	0
energy metabolism/drug effects	pyruvate dehydrogenase acetyl-transferring kinase/antagonists &amp; inhibitors	3.10419946414342e-08	1.77908664941026e-07	0.037037037037037	0.491090027111315	1	0
energy metabolism/drug effects	saponins/chemistry	3.10419946414342e-08	1.77908664941026e-07	0.037037037037037	0.491090027111315	1	0
macrophages/cytology	protein kinase inhibitors/chemistry	3.98433250663466e-05	0.000130412689269	0.074074074074074	0.491090027111315	1	0
macrophages/cytology	pyruvate dehydrogenase acetyl-transferring kinase/antagonists &amp; inhibitors	3.98433250663466e-05	0.000130412689269	0.074074074074074	0.491090027111315	1	0
macrophages/cytology	saponins/chemistry	3.98433250663466e-05	0.000130412689269	0.074074074074074	0.491090027111315	1	0
protein kinase inhibitors/chemistry	pyruvate dehydrogenase acetyl-transferring kinase/antagonists &amp; inhibitors	3.10419946414342e-08	1.77908664941026e-07	0.037037037037037	0.491090027111315	1	0
protein kinase inhibitors/chemistry	saponins/chemistry	3.10419946414342e-08	1.77908664941026e-07	0.037037037037037	0.491090027111315	1	0
pyruvate dehydrogenase acetyl-transferring kinase/antagonists &amp; inhibitors	saponins/chemistry	3.10419946414342e-08	1.77908664941026e-07	0.037037037037037	0.491090027111315	1	0
cell line tumor/transplantation	aniline compounds/pharmacology	0.0001430031506204	0.0004284185297513	0.074074074074074	0.491090027111315	1	0
cell line tumor/transplantation	benzylidene compounds/pharmacology	0.0001430031506204	0.0004284185297513	0.074074074074074	0.491090027111315	1	0
cell line tumor/transplantation	drug resistance neoplasm/drug effects	0.0001430031506204	0.0004284185297513	0.074074074074074	0.491090027111315	1	0
cell line tumor/transplantation	exosomes/drug effects	0.0001430031506204	0.0004284185297513	0.074074074074074	0.491090027111315	1	0
cell line tumor/transplantation	hyaluronic acid/chemistry	0.0001430031506204	0.0004284185297513	0.074074074074074	0.491090027111315	1	0
cell line tumor/transplantation	immune checkpoint inhibitors/pharmacology	0.0001430031506204	0.0004284185297513	0.074074074074074	0.491090027111315	1	0
cell line tumor/transplantation	immunologic memory	0.0001430031506204	0.0004284185297513	0.074074074074074	0.491090027111315	1	0
cell line tumor/transplantation	skin neoplasms/drug therapy	0.0001430031506204	0.0004284185297513	0.074074074074074	0.491090027111315	1	0
cell line tumor/transplantation	t-lymphocytes cytotoxic/drug effects	0.0001430031506204	0.0004284185297513	0.074074074074074	0.491090027111315	1	0
cell line tumor/transplantation	tumor escape/drug effects	0.0001430031506204	0.0004284185297513	0.074074074074074	0.491090027111315	1	0
amino acid transport system y+/genetics	antineoplastic agents immunological/administration &amp; dosage	9.441547543787007e-11	1.14562710782353e-09	0.037037037037037	0.491090027111315	1	0
amino acid transport system y+/genetics	cd8-positive t-lymphocytes/immunology	0.0042660683096238	0.0086454214520678	0.111111111111111	0.491090027111315	1	0
amino acid transport system y+/genetics	gene expression regulation neoplastic/drug effects	9.441547543787007e-11	1.14562710782353e-09	0.037037037037037	0.491090027111315	1	0
amino acid transport system y+/genetics	lipid metabolism/drug effects	9.441547543787007e-11	1.14562710782353e-09	0.037037037037037	0.491090027111315	1	0
amino acid transport system y+/genetics	sulfasalazine/administration &amp; dosage	9.441547543787007e-11	1.14562710782353e-09	0.037037037037037	0.491090027111315	1	0
antineoplastic agents immunological/administration &amp; dosage	cd8-positive t-lymphocytes/immunology	0.0042660683096238	0.0086454214520678	0.111111111111111	0.491090027111315	1	0
antineoplastic agents immunological/administration &amp; dosage	gene expression regulation neoplastic/drug effects	9.441547543787007e-11	1.14562710782353e-09	0.037037037037037	0.491090027111315	1	0
antineoplastic agents immunological/administration &amp; dosage	lipid metabolism/drug effects	9.441547543787007e-11	1.14562710782353e-09	0.037037037037037	0.491090027111315	1	0
antineoplastic agents immunological/administration &amp; dosage	sulfasalazine/administration &amp; dosage	9.441547543787007e-11	1.14562710782353e-09	0.037037037037037	0.491090027111315	1	0
cd8-positive t-lymphocytes/immunology	gene expression regulation neoplastic/drug effects	0.0042660683096238	0.0086454214520678	0.111111111111111	0.491090027111315	1	0
cd8-positive t-lymphocytes/immunology	lipid metabolism/drug effects	0.0042660683096238	0.0086454214520678	0.111111111111111	0.491090027111315	1	0
cd8-positive t-lymphocytes/immunology	sulfasalazine/administration &amp; dosage	0.0042660683096238	0.0086454214520678	0.111111111111111	0.491090027111315	1	0
cd8-positive t-lymphocytes/immunology	interleukins/metabolism	0.00073980105763	0.0012922627784632	0.0588235294117647	0.5011717509037003	1	1
cd8-positive t-lymphocytes/immunology	tumor escape/immunology	0.00073980105763	0.0012922627784632	0.0588235294117647	0.5011717509037003	1	1
cd8-positive t-lymphocytes/immunology	liver neoplasms/immunology	0.00073980105763	0.0012922627784632	0.0588235294117647	0.5011717509037003	1	1
cd8-positive t-lymphocytes/immunology	cellular reprogramming/immunology	0.00073980105763	0.0012922627784632	0.0588235294117647	0.5011717509037003	1	1
cd8-positive t-lymphocytes/immunology	neoplastic stem cells/immunology	0.00073980105763	0.0012922627784632	0.0588235294117647	0.5011717509037003	1	1
gene expression regulation neoplastic/drug effects	lipid metabolism/drug effects	9.441547543787007e-11	1.14562710782353e-09	0.037037037037037	0.491090027111315	1	0
gene expression regulation neoplastic/drug effects	sulfasalazine/administration &amp; dosage	9.441547543787007e-11	1.14562710782353e-09	0.037037037037037	0.491090027111315	1	0
lipid metabolism/drug effects	sulfasalazine/administration &amp; dosage	9.441547543787007e-11	1.14562710782353e-09	0.037037037037037	0.491090027111315	1	0
cd8-positive t-lymphocytes/cytology	aniline compounds/chemistry	0.0004953033165658	0.0012925943513292	0.074074074074074	0.491090027111315	1	0
cd8-positive t-lymphocytes/cytology	b7-h1 antigen/metabolism	0.0004953033165658	0.0012925943513292	0.074074074074074	0.491090027111315	1	0
cd8-positive t-lymphocytes/cytology	benzylidene compounds/chemistry	0.0004953033165658	0.0012925943513292	0.074074074074074	0.491090027111315	1	0
cd8-positive t-lymphocytes/cytology	exosomes/metabolism	0.0004953033165658	0.0012925943513292	0.074074074074074	0.491090027111315	1	0
cd8-positive t-lymphocytes/cytology	immunogenic cell death/drug effects	0.0004953033165658	0.0012925943513292	0.074074074074074	0.491090027111315	1	0
cd8-positive t-lymphocytes/cytology	interferon-gamma/metabolism	0.0004953033165658	0.0012925943513292	0.074074074074074	0.491090027111315	1	0
cd8-positive t-lymphocytes/cytology	metal-organic frameworks/chemistry	0.0004953033165658	0.0012925943513292	0.074074074074074	0.491090027111315	1	0
cd8-positive t-lymphocytes/cytology	phenol/chemistry	0.0004953033165658	0.0012925943513292	0.074074074074074	0.491090027111315	1	0
cd8-positive t-lymphocytes/cytology	programmed cell death 1 receptor/metabolism	0.0004953033165658	0.0012925943513292	0.074074074074074	0.491090027111315	1	0
interleukins/metabolism	cd36 antigens/metabolism	0.0043897008244344	0.0066485599764838	0.1029411764705882	0.5011717509037003	1	1
interleukins/metabolism	tumor escape/immunology	4.499733918805761e-13	2.348841441812155e-12	0.0147058823529411	0.5011717509037003	1	1
interleukins/metabolism	liver neoplasms/immunology	4.499733918805761e-13	2.348841441812155e-12	0.0147058823529411	0.5011717509037003	1	1
interleukins/metabolism	cellular reprogramming/immunology	4.499733918805761e-13	2.348841441812155e-12	0.0147058823529411	0.5011717509037003	1	1
interleukins/metabolism	neoplastic stem cells/immunology	4.499733918805761e-13	2.348841441812155e-12	0.0147058823529411	0.5011717509037003	1	1
tumor escape/immunology	cd36 antigens/metabolism	0.0043897008244344	0.0066485599764838	0.1029411764705882	0.5011717509037003	1	1
tumor escape/immunology	liver neoplasms/immunology	4.499733918805761e-13	2.348841441812155e-12	0.0147058823529411	0.5011717509037003	1	1
tumor escape/immunology	cellular reprogramming/immunology	4.499733918805761e-13	2.348841441812155e-12	0.0147058823529411	0.5011717509037003	1	1
tumor escape/immunology	neoplastic stem cells/immunology	4.499733918805761e-13	2.348841441812155e-12	0.0147058823529411	0.5011717509037003	1	1
liver neoplasms/immunology	cd36 antigens/metabolism	0.0043897008244344	0.0066485599764838	0.1029411764705882	0.5011717509037003	1	1
liver neoplasms/immunology	cellular reprogramming/immunology	4.499733918805761e-13	2.348841441812155e-12	0.0147058823529411	0.5011717509037003	1	1
liver neoplasms/immunology	neoplastic stem cells/immunology	4.499733918805761e-13	2.348841441812155e-12	0.0147058823529411	0.5011717509037003	1	1
cellular reprogramming/immunology	cd36 antigens/metabolism	0.0043897008244344	0.0066485599764838	0.1029411764705882	0.5011717509037003	1	1
cellular reprogramming/immunology	neoplastic stem cells/immunology	4.499733918805761e-13	2.348841441812155e-12	0.0147058823529411	0.5011717509037003	1	1
neoplastic stem cells/immunology	cd36 antigens/metabolism	0.0043897008244344	0.0066485599764838	0.1029411764705882	0.5011717509037003	1	1
cd36 antigens/metabolism	endometrial neoplasms/immunology	0.0001602058550113	0.0003067580451151	0.102941176470588	0.5011717509037	1	1
cd36 antigens/metabolism	heme/metabolism	0.0001602058550113	0.0003067580451151	0.102941176470588	0.5011717509037	1	1
cd36 antigens/metabolism	interferon type i/metabolism	3.92074621036187e-06	9.34485802782292e-06	0.0092186128182616	0.186828306325089	2	1
cd36 antigens/metabolism	phagocytosis	0.0001602058550113	0.0003067580451151	0.102941176470588	0.5011717509037	1	1
cd36 antigens/metabolism	protease inhibitors/pharmacology	0.0032476334078848	0.0050239129363933	0.1029411764705882	0.5011717509037003	1	1
cd36 antigens/metabolism	carcinoma hepatocellular/drug therapy	0.0032476334078848	0.0050239129363933	0.1029411764705882	0.5011717509037003	1	1
cd36 antigens/metabolism	stem cell factor/metabolism	0.0032476334078848	0.0050239129363933	0.1029411764705882	0.5011717509037003	1	1
cd36 antigens/metabolism	plant extracts/pharmacology	0.0032476334078848	0.0050239129363933	0.1029411764705882	0.5011717509037003	1	1
cd36 antigens/metabolism	digestion	0.0032476334078848	0.0050239129363933	0.1029411764705882	0.5011717509037003	1	1
cd36 antigens/metabolism	gastrointestinal tract	0.0032476334078848	0.0050239129363933	0.1029411764705882	0.5011717509037003	1	1
cd36 antigens/metabolism	macrophages/immunology	3.667467638357458e-06	8.752827360675292e-06	0.002664587388029	0.054769758680606	3	1
bone marrow/drug effects	drug interactions	0.0	0.0	0.037037037037037	0.491090027111315	1	0
bone marrow/drug effects	ileum/drug effects	0.0	0.0	0.037037037037037	0.491090027111315	1	0
bone marrow/drug effects	necroptosis/drug effects	0.0	0.0	0.037037037037037	0.491090027111315	1	0
bone marrow/drug effects	radiation-protective agents/pharmacology	0.0	0.0	0.037037037037037	0.491090027111315	1	0
bone marrow/drug effects	small molecule libraries/pharmacology	0.0	0.0	0.037037037037037	0.491090027111315	1	0
drug interactions	ileum/drug effects	0.0	0.0	0.037037037037037	0.491090027111315	1	0
drug interactions	necroptosis/drug effects	0.0	0.0	0.037037037037037	0.491090027111315	1	0
drug interactions	radiation-protective agents/pharmacology	0.0	0.0	0.037037037037037	0.491090027111315	1	0
drug interactions	small molecule libraries/pharmacology	0.0	0.0	0.037037037037037	0.491090027111315	1	0
ileum/drug effects	necroptosis/drug effects	0.0	0.0	0.037037037037037	0.491090027111315	1	0
ileum/drug effects	radiation-protective agents/pharmacology	0.0	0.0	0.037037037037037	0.491090027111315	1	0
ileum/drug effects	small molecule libraries/pharmacology	0.0	0.0	0.037037037037037	0.491090027111315	1	0
necroptosis/drug effects	radiation-protective agents/pharmacology	0.0	0.0	0.037037037037037	0.491090027111315	1	0
necroptosis/drug effects	small molecule libraries/pharmacology	0.0	0.0	0.037037037037037	0.491090027111315	1	0
radiation-protective agents/pharmacology	small molecule libraries/pharmacology	0.0	0.0	0.037037037037037	0.491090027111315	1	0
aniline compounds/pharmacology	benzylidene compounds/pharmacology	3.10419946414342e-08	1.77908664941026e-07	0.037037037037037	0.491090027111315	1	0
aniline compounds/pharmacology	drug resistance neoplasm/drug effects	3.10419946414342e-08	1.77908664941026e-07	0.037037037037037	0.491090027111315	1	0
aniline compounds/pharmacology	exosomes/drug effects	3.10419946414342e-08	1.77908664941026e-07	0.037037037037037	0.491090027111315	1	0
aniline compounds/pharmacology	hyaluronic acid/chemistry	3.10419946414342e-08	1.77908664941026e-07	0.037037037037037	0.491090027111315	1	0
aniline compounds/pharmacology	immune checkpoint inhibitors/pharmacology	3.10419946414342e-08	1.77908664941026e-07	0.037037037037037	0.491090027111315	1	0
aniline compounds/pharmacology	immunologic memory	3.10419946414342e-08	1.77908664941026e-07	0.037037037037037	0.491090027111315	1	0
aniline compounds/pharmacology	skin neoplasms/drug therapy	3.10419946414342e-08	1.77908664941026e-07	0.037037037037037	0.491090027111315	1	0
aniline compounds/pharmacology	t-lymphocytes cytotoxic/drug effects	3.10419946414342e-08	1.77908664941026e-07	0.037037037037037	0.491090027111315	1	0
aniline compounds/pharmacology	tumor escape/drug effects	3.10419946414342e-08	1.77908664941026e-07	0.037037037037037	0.491090027111315	1	0
benzylidene compounds/pharmacology	drug resistance neoplasm/drug effects	3.10419946414342e-08	1.77908664941026e-07	0.037037037037037	0.491090027111315	1	0
benzylidene compounds/pharmacology	exosomes/drug effects	3.10419946414342e-08	1.77908664941026e-07	0.037037037037037	0.491090027111315	1	0
benzylidene compounds/pharmacology	hyaluronic acid/chemistry	3.10419946414342e-08	1.77908664941026e-07	0.037037037037037	0.491090027111315	1	0
benzylidene compounds/pharmacology	immune checkpoint inhibitors/pharmacology	3.10419946414342e-08	1.77908664941026e-07	0.037037037037037	0.491090027111315	1	0
benzylidene compounds/pharmacology	immunologic memory	3.10419946414342e-08	1.77908664941026e-07	0.037037037037037	0.491090027111315	1	0
benzylidene compounds/pharmacology	skin neoplasms/drug therapy	3.10419946414342e-08	1.77908664941026e-07	0.037037037037037	0.491090027111315	1	0
benzylidene compounds/pharmacology	t-lymphocytes cytotoxic/drug effects	3.10419946414342e-08	1.77908664941026e-07	0.037037037037037	0.491090027111315	1	0
benzylidene compounds/pharmacology	tumor escape/drug effects	3.10419946414342e-08	1.77908664941026e-07	0.037037037037037	0.491090027111315	1	0
drug resistance neoplasm/drug effects	exosomes/drug effects	3.10419946414342e-08	1.77908664941026e-07	0.037037037037037	0.491090027111315	1	0
drug resistance neoplasm/drug effects	hyaluronic acid/chemistry	3.10419946414342e-08	1.77908664941026e-07	0.037037037037037	0.491090027111315	1	0
drug resistance neoplasm/drug effects	immune checkpoint inhibitors/pharmacology	3.10419946414342e-08	1.77908664941026e-07	0.037037037037037	0.491090027111315	1	0
drug resistance neoplasm/drug effects	immunologic memory	3.10419946414342e-08	1.77908664941026e-07	0.037037037037037	0.491090027111315	1	0
drug resistance neoplasm/drug effects	skin neoplasms/drug therapy	3.10419946414342e-08	1.77908664941026e-07	0.037037037037037	0.491090027111315	1	0
drug resistance neoplasm/drug effects	t-lymphocytes cytotoxic/drug effects	3.10419946414342e-08	1.77908664941026e-07	0.037037037037037	0.491090027111315	1	0
drug resistance neoplasm/drug effects	tumor escape/drug effects	3.10419946414342e-08	1.77908664941026e-07	0.037037037037037	0.491090027111315	1	0
exosomes/drug effects	hyaluronic acid/chemistry	3.10419946414342e-08	1.77908664941026e-07	0.037037037037037	0.491090027111315	1	0
exosomes/drug effects	immune checkpoint inhibitors/pharmacology	3.10419946414342e-08	1.77908664941026e-07	0.037037037037037	0.491090027111315	1	0
exosomes/drug effects	immunologic memory	3.10419946414342e-08	1.77908664941026e-07	0.037037037037037	0.491090027111315	1	0
exosomes/drug effects	skin neoplasms/drug therapy	3.10419946414342e-08	1.77908664941026e-07	0.037037037037037	0.491090027111315	1	0
exosomes/drug effects	t-lymphocytes cytotoxic/drug effects	3.10419946414342e-08	1.77908664941026e-07	0.037037037037037	0.491090027111315	1	0
exosomes/drug effects	tumor escape/drug effects	3.10419946414342e-08	1.77908664941026e-07	0.037037037037037	0.491090027111315	1	0
hyaluronic acid/chemistry	immune checkpoint inhibitors/pharmacology	3.10419946414342e-08	1.77908664941026e-07	0.037037037037037	0.491090027111315	1	0
hyaluronic acid/chemistry	immunologic memory	3.10419946414342e-08	1.77908664941026e-07	0.037037037037037	0.491090027111315	1	0
hyaluronic acid/chemistry	skin neoplasms/drug therapy	3.10419946414342e-08	1.77908664941026e-07	0.037037037037037	0.491090027111315	1	0
hyaluronic acid/chemistry	t-lymphocytes cytotoxic/drug effects	3.10419946414342e-08	1.77908664941026e-07	0.037037037037037	0.491090027111315	1	0
hyaluronic acid/chemistry	tumor escape/drug effects	3.10419946414342e-08	1.77908664941026e-07	0.037037037037037	0.491090027111315	1	0
immune checkpoint inhibitors/pharmacology	immunologic memory	3.10419946414342e-08	1.77908664941026e-07	0.037037037037037	0.491090027111315	1	0
immune checkpoint inhibitors/pharmacology	skin neoplasms/drug therapy	3.10419946414342e-08	1.77908664941026e-07	0.037037037037037	0.491090027111315	1	0
immune checkpoint inhibitors/pharmacology	t-lymphocytes cytotoxic/drug effects	3.10419946414342e-08	1.77908664941026e-07	0.037037037037037	0.491090027111315	1	0
immune checkpoint inhibitors/pharmacology	tumor escape/drug effects	3.10419946414342e-08	1.77908664941026e-07	0.037037037037037	0.491090027111315	1	0
immunologic memory	skin neoplasms/drug therapy	3.10419946414342e-08	1.77908664941026e-07	0.037037037037037	0.491090027111315	1	0
immunologic memory	t-lymphocytes cytotoxic/drug effects	3.10419946414342e-08	1.77908664941026e-07	0.037037037037037	0.491090027111315	1	0
immunologic memory	tumor escape/drug effects	3.10419946414342e-08	1.77908664941026e-07	0.037037037037037	0.491090027111315	1	0
skin neoplasms/drug therapy	t-lymphocytes cytotoxic/drug effects	3.10419946414342e-08	1.77908664941026e-07	0.037037037037037	0.491090027111315	1	0
skin neoplasms/drug therapy	tumor escape/drug effects	3.10419946414342e-08	1.77908664941026e-07	0.037037037037037	0.491090027111315	1	0
t-lymphocytes cytotoxic/drug effects	tumor escape/drug effects	3.10419946414342e-08	1.77908664941026e-07	0.037037037037037	0.491090027111315	1	0
nf-kappa b/metabolism	diet high-fat	5.087041898832467e-13	2.653481025395364e-12	0.001316944688323	0.1868283063250888	2	1
protease inhibitors/pharmacology	macrophages/immunology	2.464347120767485e-05	5.337556909803737e-05	0.0588235294117647	0.5011717509037003	1	1
protease inhibitors/pharmacology	gastrointestinal tract	1.3877787807814455e-14	8.841076019431662e-14	0.0147058823529411	0.5011717509037003	1	1
protease inhibitors/pharmacology	carcinoma hepatocellular/drug therapy	1.3877787807814455e-14	8.841076019431662e-14	0.0147058823529411	0.5011717509037003	1	1
protease inhibitors/pharmacology	stem cell factor/metabolism	1.3877787807814455e-14	8.841076019431662e-14	0.0147058823529411	0.5011717509037003	1	1
protease inhibitors/pharmacology	plant extracts/pharmacology	1.3877787807814455e-14	8.841076019431662e-14	0.0147058823529411	0.5011717509037003	1	1
protease inhibitors/pharmacology	digestion	1.3877787807814455e-14	8.841076019431662e-14	0.0147058823529411	0.5011717509037003	1	1
carcinoma hepatocellular/drug therapy	macrophages/immunology	2.464347120767485e-05	5.337556909803737e-05	0.0588235294117647	0.5011717509037003	1	1
carcinoma hepatocellular/drug therapy	gastrointestinal tract	1.3877787807814455e-14	8.841076019431662e-14	0.0147058823529411	0.5011717509037003	1	1
carcinoma hepatocellular/drug therapy	stem cell factor/metabolism	1.3877787807814455e-14	8.841076019431662e-14	0.0147058823529411	0.5011717509037003	1	1
carcinoma hepatocellular/drug therapy	plant extracts/pharmacology	1.3877787807814455e-14	8.841076019431662e-14	0.0147058823529411	0.5011717509037003	1	1
carcinoma hepatocellular/drug therapy	digestion	1.3877787807814455e-14	8.841076019431662e-14	0.0147058823529411	0.5011717509037003	1	1
plant extracts/pharmacology	macrophages/immunology	2.464347120767485e-05	5.337556909803737e-05	0.0588235294117647	0.5011717509037003	1	1
plant extracts/pharmacology	stem cell factor/metabolism	1.3877787807814455e-14	8.841076019431662e-14	0.0147058823529411	0.5011717509037003	1	1
plant extracts/pharmacology	gastrointestinal tract	1.3877787807814455e-14	8.841076019431662e-14	0.0147058823529411	0.5011717509037003	1	1
plant extracts/pharmacology	digestion	1.3877787807814455e-14	8.841076019431662e-14	0.0147058823529411	0.5011717509037003	1	1
gastrointestinal tract	macrophages/immunology	2.464347120767485e-05	5.337556909803737e-05	0.0588235294117647	0.5011717509037003	1	1
gastrointestinal tract	stem cell factor/metabolism	1.3877787807814455e-14	8.841076019431662e-14	0.0147058823529411	0.5011717509037003	1	1
gastrointestinal tract	digestion	1.3877787807814455e-14	8.841076019431662e-14	0.0147058823529411	0.5011717509037003	1	1
digestion	macrophages/immunology	2.464347120767485e-05	5.337556909803737e-05	0.0588235294117647	0.5011717509037003	1	1
digestion	stem cell factor/metabolism	1.3877787807814455e-14	8.841076019431662e-14	0.0147058823529411	0.5011717509037003	1	1
stem cell factor/metabolism	macrophages/immunology	2.464347120767485e-05	5.337556909803737e-05	0.0588235294117647	0.5011717509037003	1	1
macrophages/immunology	endometrial neoplasms/immunology	7.823966363673662e-08	2.3452265549330466e-07	0.0588235294117647	0.5011717509037003	1	1
macrophages/immunology	heme/metabolism	7.823966363673662e-08	2.3452265549330466e-07	0.0588235294117647	0.5011717509037003	1	1
macrophages/immunology	interferon type i/metabolism	0.0008380115353332	0.0014563600081797	0.1150131694468832	0.5011717509037003	1	1
macrophages/immunology	phagocytosis	7.823966363673662e-08	2.3452265549330466e-07	0.0588235294117647	0.5011717509037003	1	1
adaptor proteins vesicular transport/genetics	inflammation/drug therapy	3.10419946414342e-08	1.77908664941026e-07	0.037037037037037	0.491090027111315	1	0
adaptor proteins vesicular transport/genetics	myocardial reperfusion injury/drug therapy	3.10419946414342e-08	1.77908664941026e-07	0.037037037037037	0.491090027111315	1	0
adaptor proteins vesicular transport/genetics	myocardium/immunology	3.10419946414342e-08	1.77908664941026e-07	0.037037037037037	0.491090027111315	1	0
adaptor proteins vesicular transport/genetics	neutrophil infiltration	3.10419946414342e-08	1.77908664941026e-07	0.037037037037037	0.491090027111315	1	0
adaptor proteins vesicular transport/genetics	neutrophils/immunology	3.10419946414342e-08	1.77908664941026e-07	0.037037037037037	0.491090027111315	1	0
adaptor proteins vesicular transport/genetics	toll-like receptor 4/genetics	3.10419946414342e-08	1.77908664941026e-07	0.037037037037037	0.491090027111315	1	0
adaptor proteins vesicular transport/genetics	ventricular function left/drug effects	3.10419946414342e-08	1.77908664941026e-07	0.037037037037037	0.491090027111315	1	0
inflammation/drug therapy	myocardial reperfusion injury/drug therapy	3.10419946414342e-08	1.77908664941026e-07	0.037037037037037	0.491090027111315	1	0
inflammation/drug therapy	myocardium/immunology	3.10419946414342e-08	1.77908664941026e-07	0.037037037037037	0.491090027111315	1	0
inflammation/drug therapy	neutrophil infiltration	3.10419946414342e-08	1.77908664941026e-07	0.037037037037037	0.491090027111315	1	0
inflammation/drug therapy	neutrophils/immunology	3.10419946414342e-08	1.77908664941026e-07	0.037037037037037	0.491090027111315	1	0
inflammation/drug therapy	toll-like receptor 4/genetics	3.10419946414342e-08	1.77908664941026e-07	0.037037037037037	0.491090027111315	1	0
inflammation/drug therapy	ventricular function left/drug effects	3.10419946414342e-08	1.77908664941026e-07	0.037037037037037	0.491090027111315	1	0
myocardial reperfusion injury/drug therapy	myocardium/immunology	3.10419946414342e-08	1.77908664941026e-07	0.037037037037037	0.491090027111315	1	0
myocardial reperfusion injury/drug therapy	neutrophil infiltration	3.10419946414342e-08	1.77908664941026e-07	0.037037037037037	0.491090027111315	1	0
myocardial reperfusion injury/drug therapy	neutrophils/immunology	3.10419946414342e-08	1.77908664941026e-07	0.037037037037037	0.491090027111315	1	0
myocardial reperfusion injury/drug therapy	toll-like receptor 4/genetics	3.10419946414342e-08	1.77908664941026e-07	0.037037037037037	0.491090027111315	1	0
myocardial reperfusion injury/drug therapy	ventricular function left/drug effects	3.10419946414342e-08	1.77908664941026e-07	0.037037037037037	0.491090027111315	1	0
myocardium/immunology	neutrophil infiltration	3.10419946414342e-08	1.77908664941026e-07	0.037037037037037	0.491090027111315	1	0
myocardium/immunology	neutrophils/immunology	3.10419946414342e-08	1.77908664941026e-07	0.037037037037037	0.491090027111315	1	0
myocardium/immunology	toll-like receptor 4/genetics	3.10419946414342e-08	1.77908664941026e-07	0.037037037037037	0.491090027111315	1	0
myocardium/immunology	ventricular function left/drug effects	3.10419946414342e-08	1.77908664941026e-07	0.037037037037037	0.491090027111315	1	0
neutrophil infiltration	neutrophils/immunology	3.10419946414342e-08	1.77908664941026e-07	0.037037037037037	0.491090027111315	1	0
neutrophil infiltration	toll-like receptor 4/genetics	3.10419946414342e-08	1.77908664941026e-07	0.037037037037037	0.491090027111315	1	0
neutrophil infiltration	ventricular function left/drug effects	3.10419946414342e-08	1.77908664941026e-07	0.037037037037037	0.491090027111315	1	0
neutrophils/immunology	toll-like receptor 4/genetics	3.10419946414342e-08	1.77908664941026e-07	0.037037037037037	0.491090027111315	1	0
neutrophils/immunology	ventricular function left/drug effects	3.10419946414342e-08	1.77908664941026e-07	0.037037037037037	0.491090027111315	1	0
toll-like receptor 4/genetics	ventricular function left/drug effects	3.10419946414342e-08	1.77908664941026e-07	0.037037037037037	0.491090027111315	1	0
endometrial neoplasms/immunology	heme/metabolism	0.0	0.0	0.0147058823529411	0.5011717509037	1	1
endometrial neoplasms/immunology	interferon type i/metabolism	6.661338147750941e-15	4.89659594922369e-14	0.0294117647058823	0.5011717509037	1	1
endometrial neoplasms/immunology	phagocytosis	0.0	0.0	0.0147058823529411	0.5011717509037	1	1
heme/metabolism	interferon type i/metabolism	6.661338147750941e-15	4.89659594922369e-14	0.0294117647058823	0.5011717509037	1	1
heme/metabolism	phagocytosis	0.0	0.0	0.0147058823529411	0.5011717509037	1	1
interferon type i/metabolism	phagocytosis	6.661338147750941e-15	4.89659594922369e-14	0.0294117647058823	0.5011717509037	1	1
aniline compounds/chemistry	b7-h1 antigen/metabolism	1.37805787725487e-06	6.67173262777816e-06	0.037037037037037	0.491090027111315	1	0
aniline compounds/chemistry	benzylidene compounds/chemistry	1.37805787725487e-06	6.67173262777816e-06	0.037037037037037	0.491090027111315	1	0
aniline compounds/chemistry	exosomes/metabolism	1.37805787725487e-06	6.67173262777816e-06	0.037037037037037	0.491090027111315	1	0
aniline compounds/chemistry	immunogenic cell death/drug effects	1.37805787725487e-06	6.67173262777816e-06	0.037037037037037	0.491090027111315	1	0
aniline compounds/chemistry	interferon-gamma/metabolism	1.37805787725487e-06	6.67173262777816e-06	0.037037037037037	0.491090027111315	1	0
aniline compounds/chemistry	metal-organic frameworks/chemistry	1.37805787725487e-06	6.67173262777816e-06	0.037037037037037	0.491090027111315	1	0
aniline compounds/chemistry	phenol/chemistry	1.37805787725487e-06	6.67173262777816e-06	0.037037037037037	0.491090027111315	1	0
aniline compounds/chemistry	programmed cell death 1 receptor/metabolism	1.37805787725487e-06	6.67173262777816e-06	0.037037037037037	0.491090027111315	1	0
b7-h1 antigen/metabolism	benzylidene compounds/chemistry	1.37805787725487e-06	6.67173262777816e-06	0.037037037037037	0.491090027111315	1	0
b7-h1 antigen/metabolism	exosomes/metabolism	1.37805787725487e-06	6.67173262777816e-06	0.037037037037037	0.491090027111315	1	0
b7-h1 antigen/metabolism	immunogenic cell death/drug effects	1.37805787725487e-06	6.67173262777816e-06	0.037037037037037	0.491090027111315	1	0
b7-h1 antigen/metabolism	interferon-gamma/metabolism	1.37805787725487e-06	6.67173262777816e-06	0.037037037037037	0.491090027111315	1	0
b7-h1 antigen/metabolism	metal-organic frameworks/chemistry	1.37805787725487e-06	6.67173262777816e-06	0.037037037037037	0.491090027111315	1	0
b7-h1 antigen/metabolism	phenol/chemistry	1.37805787725487e-06	6.67173262777816e-06	0.037037037037037	0.491090027111315	1	0
b7-h1 antigen/metabolism	programmed cell death 1 receptor/metabolism	1.37805787725487e-06	6.67173262777816e-06	0.037037037037037	0.491090027111315	1	0
benzylidene compounds/chemistry	exosomes/metabolism	1.37805787725487e-06	6.67173262777816e-06	0.037037037037037	0.491090027111315	1	0
benzylidene compounds/chemistry	immunogenic cell death/drug effects	1.37805787725487e-06	6.67173262777816e-06	0.037037037037037	0.491090027111315	1	0
benzylidene compounds/chemistry	interferon-gamma/metabolism	1.37805787725487e-06	6.67173262777816e-06	0.037037037037037	0.491090027111315	1	0
benzylidene compounds/chemistry	metal-organic frameworks/chemistry	1.37805787725487e-06	6.67173262777816e-06	0.037037037037037	0.491090027111315	1	0
benzylidene compounds/chemistry	phenol/chemistry	1.37805787725487e-06	6.67173262777816e-06	0.037037037037037	0.491090027111315	1	0
benzylidene compounds/chemistry	programmed cell death 1 receptor/metabolism	1.37805787725487e-06	6.67173262777816e-06	0.037037037037037	0.491090027111315	1	0
exosomes/metabolism	immunogenic cell death/drug effects	1.37805787725487e-06	6.67173262777816e-06	0.037037037037037	0.491090027111315	1	0
exosomes/metabolism	interferon-gamma/metabolism	1.37805787725487e-06	6.67173262777816e-06	0.037037037037037	0.491090027111315	1	0
exosomes/metabolism	metal-organic frameworks/chemistry	1.37805787725487e-06	6.67173262777816e-06	0.037037037037037	0.491090027111315	1	0
exosomes/metabolism	phenol/chemistry	1.37805787725487e-06	6.67173262777816e-06	0.037037037037037	0.491090027111315	1	0
exosomes/metabolism	programmed cell death 1 receptor/metabolism	1.37805787725487e-06	6.67173262777816e-06	0.037037037037037	0.491090027111315	1	0
immunogenic cell death/drug effects	interferon-gamma/metabolism	1.37805787725487e-06	6.67173262777816e-06	0.037037037037037	0.491090027111315	1	0
immunogenic cell death/drug effects	metal-organic frameworks/chemistry	1.37805787725487e-06	6.67173262777816e-06	0.037037037037037	0.491090027111315	1	0
immunogenic cell death/drug effects	phenol/chemistry	1.37805787725487e-06	6.67173262777816e-06	0.037037037037037	0.491090027111315	1	0
immunogenic cell death/drug effects	programmed cell death 1 receptor/metabolism	1.37805787725487e-06	6.67173262777816e-06	0.037037037037037	0.491090027111315	1	0
interferon-gamma/metabolism	metal-organic frameworks/chemistry	1.37805787725487e-06	6.67173262777816e-06	0.037037037037037	0.491090027111315	1	0
interferon-gamma/metabolism	phenol/chemistry	1.37805787725487e-06	6.67173262777816e-06	0.037037037037037	0.491090027111315	1	0
interferon-gamma/metabolism	programmed cell death 1 receptor/metabolism	1.37805787725487e-06	6.67173262777816e-06	0.037037037037037	0.491090027111315	1	0
metal-organic frameworks/chemistry	phenol/chemistry	1.37805787725487e-06	6.67173262777816e-06	0.037037037037037	0.491090027111315	1	0
metal-organic frameworks/chemistry	programmed cell death 1 receptor/metabolism	1.37805787725487e-06	6.67173262777816e-06	0.037037037037037	0.491090027111315	1	0
phenol/chemistry	programmed cell death 1 receptor/metabolism	1.37805787725487e-06	6.67173262777816e-06	0.037037037037037	0.491090027111315	1	0
cancer-associated fibroblasts/pathology	carcinoma hepatocellular/pathology	1.1886946982286872e-10	4.933048582631732e-10	0.0294117647058823	0.5011717509037003	1	1
cancer-associated fibroblasts/pathology	metabolic reprogramming	0.0	0.0	0.0147058823529411	0.5011717509037003	1	1
metabolic reprogramming	carcinoma hepatocellular/pathology	1.1886946982286872e-10	4.933048582631732e-10	0.0294117647058823	0.5011717509037003	1	1
glutathione	iron/blood	0.0	0.0	0.037037037037037	0.491090027111315	1	0
glutathione	kidney	0.0	0.0	0.037037037037037	0.491090027111315	1	0
glutathione	liver/pathology	0.0	0.0	0.037037037037037	0.491090027111315	1	0
glutathione	malondialdehyde/blood	0.0	0.0	0.037037037037037	0.491090027111315	1	0
glutathione	phospholipid hydroperoxide glutathione peroxidase	0.0	0.0	0.037037037037037	0.491090027111315	1	0
glutathione	spleen/pathology	0.0	0.0	0.037037037037037	0.491090027111315	1	0
iron/blood	kidney	0.0	0.0	0.037037037037037	0.491090027111315	1	0
iron/blood	liver/pathology	0.0	0.0	0.037037037037037	0.491090027111315	1	0
iron/blood	malondialdehyde/blood	0.0	0.0	0.037037037037037	0.491090027111315	1	0
iron/blood	phospholipid hydroperoxide glutathione peroxidase	0.0	0.0	0.037037037037037	0.491090027111315	1	0
iron/blood	spleen/pathology	0.0	0.0	0.037037037037037	0.491090027111315	1	0
kidney	liver/pathology	0.0	0.0	0.037037037037037	0.491090027111315	1	0
kidney	malondialdehyde/blood	0.0	0.0	0.037037037037037	0.491090027111315	1	0
kidney	phospholipid hydroperoxide glutathione peroxidase	0.0	0.0	0.037037037037037	0.491090027111315	1	0
kidney	spleen/pathology	0.0	0.0	0.037037037037037	0.491090027111315	1	0
liver/pathology	malondialdehyde/blood	0.0	0.0	0.037037037037037	0.491090027111315	1	0
liver/pathology	phospholipid hydroperoxide glutathione peroxidase	0.0	0.0	0.037037037037037	0.491090027111315	1	0
liver/pathology	spleen/pathology	0.0	0.0	0.037037037037037	0.491090027111315	1	0
malondialdehyde/blood	phospholipid hydroperoxide glutathione peroxidase	0.0	0.0	0.037037037037037	0.491090027111315	1	0
malondialdehyde/blood	spleen/pathology	0.0	0.0	0.037037037037037	0.491090027111315	1	0
phospholipid hydroperoxide glutathione peroxidase	spleen/pathology	0.0	0.0	0.037037037037037	0.491090027111315	1	0
