kw1	kw2	pg	R1C1	edge_weight	crit_p	iteration	inv_edge_weight
ferric compounds/chemistry	gels/chemistry	0.0001168032959434	1	0.1111111111111111	0.0003588236845719	0	0.4910900271113151
ferric compounds/chemistry	phenol/chemistry	0.0015625643362536	1	0.1111111111111111	0.0033615998331867	0	0.4910900271113151
ferric compounds/chemistry	urinary bladder neoplasms/pathology	0.0001168032959434	1	0.1111111111111111	0.0003588236845719	0	0.4910900271113151
ferric compounds/chemistry	ascorbic acid/pharmacology	1.9022900062282133e-05	1	0.1111111111111111	6.333686587901055e-05	0	0.4910900271113151
ferric compounds/chemistry	gold/chemistry	0.0001168032959434	1	0.1111111111111111	0.0003588236845719	0	0.4910900271113151
ferric compounds/chemistry	exosomes/metabolism	0.0015625643362536	1	0.1111111111111111	0.0033615998331867	0	0.4910900271113151
ferric compounds/chemistry	CALR	1.9022900062282133e-05	1	0.1111111111111111	6.333686587901055e-05	0	0.4910900271113151
ferric compounds/chemistry	CYREN	1.9022900062282133e-05	1	0.1111111111111111	6.333686587901055e-05	0	0.4910900271113151
ferric compounds/chemistry	interferon-gamma/metabolism	0.0015625643362536	1	0.1111111111111111	0.0033615998331867	0	0.4910900271113151
ferric compounds/chemistry	aniline compounds/chemistry	0.0015625643362536	1	0.1111111111111111	0.0033615998331867	0	0.4910900271113151
ferric compounds/chemistry	adjuvants immunologic/chemistry	0.0001168032959434	1	0.1111111111111111	0.0003588236845719	0	0.4910900271113151
ferric compounds/chemistry	dextrans/chemistry	0.0001168032959434	1	0.1111111111111111	0.0003588236845719	0	0.4910900271113151
ferric compounds/chemistry	neoplasms/diagnostic imaging	1.9022900062282133e-05	1	0.1111111111111111	6.333686587901055e-05	0	0.4910900271113151
ferric compounds/chemistry	b7-h1 antigen/metabolism	0.0015625643362536	1	0.1111111111111111	0.0033615998331867	0	0.4910900271113151
ferric compounds/chemistry	immunogenic cell death/drug effects	0.0015625643362536	1	0.1111111111111111	0.0033615998331867	0	0.4910900271113151
ferric compounds/chemistry	metal-organic frameworks/chemistry	0.0015625643362536	1	0.1111111111111111	0.0033615998331867	0	0.4910900271113151
ferric compounds/chemistry	programmed cell death 1 receptor/metabolism	0.0015625643362536	1	0.1111111111111111	0.0033615998331867	0	0.4910900271113151
ferric compounds/chemistry	t-lymphocytes cytotoxic/metabolism	1.9022900062282133e-05	1	0.1111111111111111	6.333686587901055e-05	0	0.4910900271113151
ferric compounds/chemistry	calreticulin/metabolism	1.9022900062282133e-05	1	0.1111111111111111	6.333686587901055e-05	0	0.4910900271113151
ferric compounds/chemistry	benzylidene compounds/chemistry	0.0015625643362536	1	0.1111111111111111	0.0033615998331867	0	0.4910900271113151
gels/chemistry	dextrans/chemistry	1.5187850976872141e-12	1	0.037037037037037	3.2149465571481167e-11	0	0.4910900271113151
gels/chemistry	adjuvants immunologic/chemistry	1.5187850976872141e-12	1	0.037037037037037	3.2149465571481167e-11	0	0.4910900271113151
gels/chemistry	macrophages/cytology	3.261067766935355e-06	1	0.074074074074074	1.5657444576345247e-05	0	0.4910900271113151
gels/chemistry	urinary bladder neoplasms/pathology	1.5187850976872141e-12	1	0.037037037037037	3.2149465571481167e-11	0	0.4910900271113151
gels/chemistry	gold/chemistry	1.5187850976872141e-12	1	0.037037037037037	3.2149465571481167e-11	0	0.4910900271113151
gels/chemistry	CHRM1	0.0004475609267244	1	0.074074074074074	0.0012601229975738	0	0.4910900271113151
gels/chemistry	MRLN	0.0004475609267244	1	0.074074074074074	0.0012601229975738	0	0.4910900271113151
phenol/chemistry	aniline compounds/chemistry	1.378057877254868e-06	1	0.037037037037037	6.671732627778158e-06	0	0.4910900271113151
phenol/chemistry	interferon-gamma/metabolism	1.378057877254868e-06	1	0.037037037037037	6.671732627778158e-06	0	0.4910900271113151
phenol/chemistry	b7-h1 antigen/metabolism	1.378057877254868e-06	1	0.037037037037037	6.671732627778158e-06	0	0.4910900271113151
phenol/chemistry	metal-organic frameworks/chemistry	1.378057877254868e-06	1	0.037037037037037	6.671732627778158e-06	0	0.4910900271113151
phenol/chemistry	programmed cell death 1 receptor/metabolism	1.378057877254868e-06	1	0.037037037037037	6.671732627778158e-06	0	0.4910900271113151
phenol/chemistry	immunogenic cell death/drug effects	1.378057877254868e-06	1	0.037037037037037	6.671732627778158e-06	0	0.4910900271113151
phenol/chemistry	benzylidene compounds/chemistry	1.378057877254868e-06	1	0.037037037037037	6.671732627778158e-06	0	0.4910900271113151
phenol/chemistry	cd8-positive t-lymphocytes/cytology	0.0004953033165658	1	0.074074074074074	0.0012925943513292	0	0.4910900271113151
phenol/chemistry	exosomes/metabolism	1.378057877254868e-06	1	0.037037037037037	6.671732627778158e-06	0	0.4910900271113151
urinary bladder neoplasms/pathology	dextrans/chemistry	1.5187850976872141e-12	1	0.037037037037037	3.2149465571481167e-11	0	0.4910900271113151
urinary bladder neoplasms/pathology	adjuvants immunologic/chemistry	1.5187850976872141e-12	1	0.037037037037037	3.2149465571481167e-11	0	0.4910900271113151
urinary bladder neoplasms/pathology	macrophages/cytology	3.261067766935355e-06	1	0.074074074074074	1.5657444576345247e-05	0	0.4910900271113151
urinary bladder neoplasms/pathology	gold/chemistry	1.5187850976872141e-12	1	0.037037037037037	3.2149465571481167e-11	0	0.4910900271113151
urinary bladder neoplasms/pathology	CHRM1	0.0004475609267244	1	0.074074074074074	0.0012601229975738	0	0.4910900271113151
urinary bladder neoplasms/pathology	MRLN	0.0004475609267244	1	0.074074074074074	0.0012601229975738	0	0.4910900271113151
ascorbic acid/pharmacology	neoplasms/diagnostic imaging	0.0	1	0.037037037037037	0.0	0	0.4910900271113151
ascorbic acid/pharmacology	oxidative stress	7.083931083951001e-07	1	0.074074074074074	3.6948561409096944e-06	0	0.4910900271113151
ascorbic acid/pharmacology	t-lymphocytes cytotoxic/metabolism	0.0	1	0.037037037037037	0.0	0	0.4910900271113151
ascorbic acid/pharmacology	calreticulin/metabolism	0.0	1	0.037037037037037	0.0	0	0.4910900271113151
ascorbic acid/pharmacology	CALR	0.0	1	0.037037037037037	0.0	0	0.4910900271113151
ascorbic acid/pharmacology	CYREN	0.0	1	0.037037037037037	0.0	0	0.4910900271113151
gold/chemistry	adjuvants immunologic/chemistry	1.5187850976872141e-12	1	0.037037037037037	3.2149465571481167e-11	0	0.4910900271113151
gold/chemistry	CHRM1	0.0004475609267244	1	0.074074074074074	0.0012601229975738	0	0.4910900271113151
gold/chemistry	dextrans/chemistry	1.5187850976872141e-12	1	0.037037037037037	3.2149465571481167e-11	0	0.4910900271113151
gold/chemistry	macrophages/cytology	3.261067766935355e-06	1	0.074074074074074	1.5657444576345247e-05	0	0.4910900271113151
gold/chemistry	MRLN	0.0004475609267244	1	0.074074074074074	0.0012601229975738	0	0.4910900271113151
exosomes/metabolism	cd8-positive t-lymphocytes/cytology	0.0004953033165658	1	0.074074074074074	0.0012925943513292	0	0.4910900271113151
exosomes/metabolism	aniline compounds/chemistry	1.378057877254868e-06	1	0.037037037037037	6.671732627778158e-06	0	0.4910900271113151
exosomes/metabolism	interferon-gamma/metabolism	1.378057877254868e-06	1	0.037037037037037	6.671732627778158e-06	0	0.4910900271113151
exosomes/metabolism	immunogenic cell death/drug effects	1.378057877254868e-06	1	0.037037037037037	6.671732627778158e-06	0	0.4910900271113151
exosomes/metabolism	b7-h1 antigen/metabolism	1.378057877254868e-06	1	0.037037037037037	6.671732627778158e-06	0	0.4910900271113151
exosomes/metabolism	programmed cell death 1 receptor/metabolism	1.378057877254868e-06	1	0.037037037037037	6.671732627778158e-06	0	0.4910900271113151
exosomes/metabolism	metal-organic frameworks/chemistry	1.378057877254868e-06	1	0.037037037037037	6.671732627778158e-06	0	0.4910900271113151
exosomes/metabolism	benzylidene compounds/chemistry	1.378057877254868e-06	1	0.037037037037037	6.671732627778158e-06	0	0.4910900271113151
CALR	neoplasms/diagnostic imaging	0.0	1	0.037037037037037	0.0	0	0.4910900271113151
CALR	oxidative stress	7.083931083951001e-07	1	0.074074074074074	3.6948561409096944e-06	0	0.4910900271113151
CALR	t-lymphocytes cytotoxic/metabolism	0.0	1	0.037037037037037	0.0	0	0.4910900271113151
CALR	calreticulin/metabolism	0.0	1	0.037037037037037	0.0	0	0.4910900271113151
CALR	CYREN	0.0	1	0.037037037037037	0.0	0	0.4910900271113151
CYREN	neoplasms/diagnostic imaging	0.0	1	0.037037037037037	0.0	0	0.4910900271113151
CYREN	oxidative stress	7.083931083951001e-07	1	0.074074074074074	3.6948561409096944e-06	0	0.4910900271113151
CYREN	t-lymphocytes cytotoxic/metabolism	0.0	1	0.037037037037037	0.0	0	0.4910900271113151
CYREN	calreticulin/metabolism	0.0	1	0.037037037037037	0.0	0	0.4910900271113151
interferon-gamma/metabolism	cd8-positive t-lymphocytes/cytology	0.0004953033165658	1	0.074074074074074	0.0012925943513292	0	0.4910900271113151
interferon-gamma/metabolism	aniline compounds/chemistry	1.378057877254868e-06	1	0.037037037037037	6.671732627778158e-06	0	0.4910900271113151
interferon-gamma/metabolism	b7-h1 antigen/metabolism	1.378057877254868e-06	1	0.037037037037037	6.671732627778158e-06	0	0.4910900271113151
interferon-gamma/metabolism	immunogenic cell death/drug effects	1.378057877254868e-06	1	0.037037037037037	6.671732627778158e-06	0	0.4910900271113151
interferon-gamma/metabolism	metal-organic frameworks/chemistry	1.378057877254868e-06	1	0.037037037037037	6.671732627778158e-06	0	0.4910900271113151
interferon-gamma/metabolism	programmed cell death 1 receptor/metabolism	1.378057877254868e-06	1	0.037037037037037	6.671732627778158e-06	0	0.4910900271113151
interferon-gamma/metabolism	benzylidene compounds/chemistry	1.378057877254868e-06	1	0.037037037037037	6.671732627778158e-06	0	0.4910900271113151
aniline compounds/chemistry	cd8-positive t-lymphocytes/cytology	0.0004953033165658	1	0.074074074074074	0.0012925943513292	0	0.4910900271113151
aniline compounds/chemistry	b7-h1 antigen/metabolism	1.378057877254868e-06	1	0.037037037037037	6.671732627778158e-06	0	0.4910900271113151
aniline compounds/chemistry	immunogenic cell death/drug effects	1.378057877254868e-06	1	0.037037037037037	6.671732627778158e-06	0	0.4910900271113151
aniline compounds/chemistry	metal-organic frameworks/chemistry	1.378057877254868e-06	1	0.037037037037037	6.671732627778158e-06	0	0.4910900271113151
aniline compounds/chemistry	programmed cell death 1 receptor/metabolism	1.378057877254868e-06	1	0.037037037037037	6.671732627778158e-06	0	0.4910900271113151
aniline compounds/chemistry	benzylidene compounds/chemistry	1.378057877254868e-06	1	0.037037037037037	6.671732627778158e-06	0	0.4910900271113151
adjuvants immunologic/chemistry	CHRM1	0.0004475609267244	1	0.074074074074074	0.0012601229975738	0	0.4910900271113151
adjuvants immunologic/chemistry	MRLN	0.0004475609267244	1	0.074074074074074	0.0012601229975738	0	0.4910900271113151
adjuvants immunologic/chemistry	dextrans/chemistry	1.5187850976872141e-12	1	0.037037037037037	3.2149465571481167e-11	0	0.4910900271113151
adjuvants immunologic/chemistry	macrophages/cytology	3.261067766935355e-06	1	0.074074074074074	1.5657444576345247e-05	0	0.4910900271113151
dextrans/chemistry	CHRM1	0.0004475609267244	1	0.074074074074074	0.0012601229975738	0	0.4910900271113151
dextrans/chemistry	MRLN	0.0004475609267244	1	0.074074074074074	0.0012601229975738	0	0.4910900271113151
dextrans/chemistry	macrophages/cytology	3.261067766935355e-06	1	0.074074074074074	1.5657444576345247e-05	0	0.4910900271113151
neoplasms/diagnostic imaging	t-lymphocytes cytotoxic/metabolism	0.0	1	0.037037037037037	0.0	0	0.4910900271113151
neoplasms/diagnostic imaging	calreticulin/metabolism	0.0	1	0.037037037037037	0.0	0	0.4910900271113151
neoplasms/diagnostic imaging	oxidative stress	7.083931083951001e-07	1	0.074074074074074	3.6948561409096944e-06	0	0.4910900271113151
b7-h1 antigen/metabolism	cd8-positive t-lymphocytes/cytology	0.0004953033165658	1	0.074074074074074	0.0012925943513292	0	0.4910900271113151
b7-h1 antigen/metabolism	immunogenic cell death/drug effects	1.378057877254868e-06	1	0.037037037037037	6.671732627778158e-06	0	0.4910900271113151
b7-h1 antigen/metabolism	metal-organic frameworks/chemistry	1.378057877254868e-06	1	0.037037037037037	6.671732627778158e-06	0	0.4910900271113151
b7-h1 antigen/metabolism	programmed cell death 1 receptor/metabolism	1.378057877254868e-06	1	0.037037037037037	6.671732627778158e-06	0	0.4910900271113151
b7-h1 antigen/metabolism	benzylidene compounds/chemistry	1.378057877254868e-06	1	0.037037037037037	6.671732627778158e-06	0	0.4910900271113151
immunogenic cell death/drug effects	cd8-positive t-lymphocytes/cytology	0.0004953033165658	1	0.074074074074074	0.0012925943513292	0	0.4910900271113151
immunogenic cell death/drug effects	metal-organic frameworks/chemistry	1.378057877254868e-06	1	0.037037037037037	6.671732627778158e-06	0	0.4910900271113151
immunogenic cell death/drug effects	programmed cell death 1 receptor/metabolism	1.378057877254868e-06	1	0.037037037037037	6.671732627778158e-06	0	0.4910900271113151
immunogenic cell death/drug effects	benzylidene compounds/chemistry	1.378057877254868e-06	1	0.037037037037037	6.671732627778158e-06	0	0.4910900271113151
metal-organic frameworks/chemistry	cd8-positive t-lymphocytes/cytology	0.0004953033165658	1	0.074074074074074	0.0012925943513292	0	0.4910900271113151
metal-organic frameworks/chemistry	programmed cell death 1 receptor/metabolism	1.378057877254868e-06	1	0.037037037037037	6.671732627778158e-06	0	0.4910900271113151
metal-organic frameworks/chemistry	benzylidene compounds/chemistry	1.378057877254868e-06	1	0.037037037037037	6.671732627778158e-06	0	0.4910900271113151
programmed cell death 1 receptor/metabolism	cd8-positive t-lymphocytes/cytology	0.0004953033165658	1	0.074074074074074	0.0012925943513292	0	0.4910900271113151
programmed cell death 1 receptor/metabolism	benzylidene compounds/chemistry	1.378057877254868e-06	1	0.037037037037037	6.671732627778158e-06	0	0.4910900271113151
t-lymphocytes cytotoxic/metabolism	oxidative stress	7.083931083951001e-07	1	0.074074074074074	3.6948561409096944e-06	0	0.4910900271113151
t-lymphocytes cytotoxic/metabolism	calreticulin/metabolism	0.0	1	0.037037037037037	0.0	0	0.4910900271113151
calreticulin/metabolism	oxidative stress	7.083931083951001e-07	1	0.074074074074074	3.6948561409096944e-06	0	0.4910900271113151
benzylidene compounds/chemistry	cd8-positive t-lymphocytes/cytology	0.0004953033165658	1	0.074074074074074	0.0012925943513292	0	0.4910900271113151
macrophages/cytology	apoptosis/drug effects	0.0011893547260051	1	0.1452991452991453	0.0026470673103721	0	0.4910900271113151
macrophages/cytology	dichloroacetic acid/chemistry	3.984332506634658e-05	1	0.074074074074074	0.000130412689269	0	0.4910900271113151
macrophages/cytology	biological products/chemistry	3.984332506634658e-05	1	0.074074074074074	0.000130412689269	0	0.4910900271113151
macrophages/cytology	protein kinase inhibitors/chemistry	3.984332506634658e-05	1	0.074074074074074	0.000130412689269	0	0.4910900271113151
macrophages/cytology	drug synergism	3.984332506634658e-05	1	0.074074074074074	0.000130412689269	0	0.4910900271113151
macrophages/cytology	saponins/chemistry	3.984332506634658e-05	1	0.074074074074074	0.000130412689269	0	0.4910900271113151
macrophages/cytology	antineoplastic agents/chemistry	3.984332506634658e-05	1	0.074074074074074	0.000130412689269	0	0.4910900271113151
macrophages/cytology	energy metabolism/drug effects	3.984332506634658e-05	1	0.074074074074074	0.000130412689269	0	0.4910900271113151
macrophages/cytology	neoplasms/drug therapy	0.0030275730352965	1	0.1452991452991453	0.006325620895072	0	0.4910900271113151
macrophages/cytology	pyruvate dehydrogenase acetyl-transferring kinase/antagonists &amp; inhibitors	3.984332506634658e-05	1	0.074074074074074	0.000130412689269	0	0.4910900271113151
CHRM1	MRLN	0.0009947484468403	2	0.0028490028490028	0.0022661197924877	0	0.1788642125673839
cd8-positive t-lymphocytes/cytology	fatty acids/metabolism	0.0001868757657405	1	0.074074074074074	0.0005524360047374	0	0.4910900271113151
cd8-positive t-lymphocytes/cytology	cytokines/metabolism	0.0032746267628741	1	0.1452991452991453	0.0068319551167878	0	0.4910900271113151
cd8-positive t-lymphocytes/cytology	antibodies monoclonal humanized/pharmacology	0.0001868757657405	1	0.074074074074074	0.0005524360047374	0	0.4910900271113151
cd8-positive t-lymphocytes/cytology	cd36 antigens/antagonists &amp; inhibitors	0.0001868757657405	1	0.074074074074074	0.0005524360047374	0	0.4910900271113151
cd8-positive t-lymphocytes/cytology	multiple myeloma/drug therapy	0.0001868757657405	1	0.074074074074074	0.0005524360047374	0	0.4910900271113151
cd8-positive t-lymphocytes/cytology	CD36	0.0001868757657405	1	0.074074074074074	0.0005524360047374	0	0.4910900271113151
cd8-positive t-lymphocytes/cytology	PDCD1	0.0010371524413204	2	0.0085470085470085	0.0023571646393645	0	0.1788642125673839
cd8-positive t-lymphocytes/cytology	RPL17-C18orf32	0.0010371524413204	2	0.0085470085470085	0.0023571646393645	0	0.1788642125673839
cd8-positive t-lymphocytes/cytology	RPL17	0.0010371524413204	2	0.0085470085470085	0.0023571646393645	0	0.1788642125673839
endothelial cells/metabolism	macrophages/metabolism	0.0005241692955735	1	0.037037037037037	0.0012925943513292	0	0.4910900271113151
endothelial cells/metabolism	hmgb1 protein/metabolism	0.0005241692955735	1	0.037037037037037	0.0012925943513292	0	0.4910900271113151
endothelial cells/metabolism	inflammation/metabolism	0.0005241692955735	1	0.037037037037037	0.0012925943513292	0	0.4910900271113151
endothelial cells/metabolism	NOX4	0.0005241692955735	1	0.037037037037037	0.0012925943513292	0	0.4910900271113151
endothelial cells/metabolism	FTH1	0.0005241692955735	1	0.037037037037037	0.0012925943513292	0	0.4910900271113151
endothelial cells/metabolism	NLRP3	0.0005241692955735	1	0.037037037037037	0.0012925943513292	0	0.4910900271113151
endothelial cells/metabolism	HMGB1	0.0005241692955735	1	0.037037037037037	0.0012925943513292	0	0.4910900271113151
endothelial cells/metabolism	monocrotaline/toxicity	0.0005241692955735	1	0.037037037037037	0.0012925943513292	0	0.4910900271113151
endothelial cells/metabolism	cells cultured	0.0038613323464813	1	0.074074074074074	0.0078913768885101	0	0.4910900271113151
endothelial cells/metabolism	bacterial toxins/metabolism	0.0005241692955735	1	0.037037037037037	0.0012925943513292	0	0.4910900271113151
endothelial cells/metabolism	inflammasomes/metabolism	0.0005241692955735	1	0.037037037037037	0.0012925943513292	0	0.4910900271113151
endothelial cells/metabolism	hemodynamics/drug effects	0.0005241692955735	1	0.037037037037037	0.0012925943513292	0	0.4910900271113151
endothelial cells/metabolism	lung/blood supply	0.0005241692955735	1	0.037037037037037	0.0012925943513292	0	0.4910900271113151
endothelial cells/metabolism	heart ventricles/diagnostic imaging	0.0005241692955735	1	0.037037037037037	0.0012925943513292	0	0.4910900271113151
endothelial cells/metabolism	toll-like receptor 4/metabolism	0.0005241692955735	1	0.037037037037037	0.0012925943513292	0	0.4910900271113151
endothelial cells/metabolism	hypertension pulmonary/chemically induced	0.0005241692955735	1	0.037037037037037	0.0012925943513292	0	0.4910900271113151
endothelial cells/metabolism	nlr family pyrin domain-containing 3 protein/metabolism	0.0005241692955735	1	0.037037037037037	0.0012925943513292	0	0.4910900271113151
macrophages/metabolism	monocrotaline/toxicity	0.0005241692955735	1	0.037037037037037	0.0012925943513292	0	0.4910900271113151
macrophages/metabolism	cells cultured	0.0038613323464813	1	0.074074074074074	0.0078913768885101	0	0.4910900271113151
macrophages/metabolism	bacterial toxins/metabolism	0.0005241692955735	1	0.037037037037037	0.0012925943513292	0	0.4910900271113151
macrophages/metabolism	inflammasomes/metabolism	0.0005241692955735	1	0.037037037037037	0.0012925943513292	0	0.4910900271113151
macrophages/metabolism	lung/blood supply	0.0005241692955735	1	0.037037037037037	0.0012925943513292	0	0.4910900271113151
macrophages/metabolism	toll-like receptor 4/metabolism	0.0005241692955735	1	0.037037037037037	0.0012925943513292	0	0.4910900271113151
macrophages/metabolism	hemodynamics/drug effects	0.0005241692955735	1	0.037037037037037	0.0012925943513292	0	0.4910900271113151
macrophages/metabolism	heart ventricles/diagnostic imaging	0.0005241692955735	1	0.037037037037037	0.0012925943513292	0	0.4910900271113151
macrophages/metabolism	hypertension pulmonary/chemically induced	0.0005241692955735	1	0.037037037037037	0.0012925943513292	0	0.4910900271113151
macrophages/metabolism	nlr family pyrin domain-containing 3 protein/metabolism	0.0005241692955735	1	0.037037037037037	0.0012925943513292	0	0.4910900271113151
macrophages/metabolism	hmgb1 protein/metabolism	0.0005241692955735	1	0.037037037037037	0.0012925943513292	0	0.4910900271113151
macrophages/metabolism	inflammation/metabolism	0.0005241692955735	1	0.037037037037037	0.0012925943513292	0	0.4910900271113151
macrophages/metabolism	NOX4	0.0005241692955735	1	0.037037037037037	0.0012925943513292	0	0.4910900271113151
macrophages/metabolism	FTH1	0.0005241692955735	1	0.037037037037037	0.0012925943513292	0	0.4910900271113151
macrophages/metabolism	NLRP3	0.0005241692955735	1	0.037037037037037	0.0012925943513292	0	0.4910900271113151
macrophages/metabolism	HMGB1	0.0005241692955735	1	0.037037037037037	0.0012925943513292	0	0.4910900271113151
hmgb1 protein/metabolism	monocrotaline/toxicity	0.0005241692955735	1	0.037037037037037	0.0012925943513292	0	0.4910900271113151
hmgb1 protein/metabolism	cells cultured	0.0038613323464813	1	0.074074074074074	0.0078913768885101	0	0.4910900271113151
hmgb1 protein/metabolism	inflammasomes/metabolism	0.0005241692955735	1	0.037037037037037	0.0012925943513292	0	0.4910900271113151
hmgb1 protein/metabolism	bacterial toxins/metabolism	0.0005241692955735	1	0.037037037037037	0.0012925943513292	0	0.4910900271113151
hmgb1 protein/metabolism	lung/blood supply	0.0005241692955735	1	0.037037037037037	0.0012925943513292	0	0.4910900271113151
hmgb1 protein/metabolism	toll-like receptor 4/metabolism	0.0005241692955735	1	0.037037037037037	0.0012925943513292	0	0.4910900271113151
hmgb1 protein/metabolism	hemodynamics/drug effects	0.0005241692955735	1	0.037037037037037	0.0012925943513292	0	0.4910900271113151
hmgb1 protein/metabolism	heart ventricles/diagnostic imaging	0.0005241692955735	1	0.037037037037037	0.0012925943513292	0	0.4910900271113151
hmgb1 protein/metabolism	hypertension pulmonary/chemically induced	0.0005241692955735	1	0.037037037037037	0.0012925943513292	0	0.4910900271113151
hmgb1 protein/metabolism	nlr family pyrin domain-containing 3 protein/metabolism	0.0005241692955735	1	0.037037037037037	0.0012925943513292	0	0.4910900271113151
hmgb1 protein/metabolism	inflammation/metabolism	0.0005241692955735	1	0.037037037037037	0.0012925943513292	0	0.4910900271113151
hmgb1 protein/metabolism	NOX4	0.0005241692955735	1	0.037037037037037	0.0012925943513292	0	0.4910900271113151
hmgb1 protein/metabolism	FTH1	0.0005241692955735	1	0.037037037037037	0.0012925943513292	0	0.4910900271113151
hmgb1 protein/metabolism	NLRP3	0.0005241692955735	1	0.037037037037037	0.0012925943513292	0	0.4910900271113151
hmgb1 protein/metabolism	HMGB1	0.0005241692955735	1	0.037037037037037	0.0012925943513292	0	0.4910900271113151
inflammation/metabolism	monocrotaline/toxicity	0.0005241692955735	1	0.037037037037037	0.0012925943513292	0	0.4910900271113151
inflammation/metabolism	cells cultured	0.0038613323464813	1	0.074074074074074	0.0078913768885101	0	0.4910900271113151
inflammation/metabolism	inflammasomes/metabolism	0.0005241692955735	1	0.037037037037037	0.0012925943513292	0	0.4910900271113151
inflammation/metabolism	bacterial toxins/metabolism	0.0005241692955735	1	0.037037037037037	0.0012925943513292	0	0.4910900271113151
inflammation/metabolism	lung/blood supply	0.0005241692955735	1	0.037037037037037	0.0012925943513292	0	0.4910900271113151
inflammation/metabolism	toll-like receptor 4/metabolism	0.0005241692955735	1	0.037037037037037	0.0012925943513292	0	0.4910900271113151
inflammation/metabolism	heart ventricles/diagnostic imaging	0.0005241692955735	1	0.037037037037037	0.0012925943513292	0	0.4910900271113151
inflammation/metabolism	hemodynamics/drug effects	0.0005241692955735	1	0.037037037037037	0.0012925943513292	0	0.4910900271113151
inflammation/metabolism	hypertension pulmonary/chemically induced	0.0005241692955735	1	0.037037037037037	0.0012925943513292	0	0.4910900271113151
inflammation/metabolism	nlr family pyrin domain-containing 3 protein/metabolism	0.0005241692955735	1	0.037037037037037	0.0012925943513292	0	0.4910900271113151
inflammation/metabolism	NOX4	0.0005241692955735	1	0.037037037037037	0.0012925943513292	0	0.4910900271113151
inflammation/metabolism	FTH1	0.0005241692955735	1	0.037037037037037	0.0012925943513292	0	0.4910900271113151
inflammation/metabolism	NLRP3	0.0005241692955735	1	0.037037037037037	0.0012925943513292	0	0.4910900271113151
inflammation/metabolism	HMGB1	0.0005241692955735	1	0.037037037037037	0.0012925943513292	0	0.4910900271113151
NOX4	monocrotaline/toxicity	0.0005241692955735	1	0.037037037037037	0.0012925943513292	0	0.4910900271113151
NOX4	cells cultured	0.0038613323464813	1	0.074074074074074	0.0078913768885101	0	0.4910900271113151
NOX4	inflammasomes/metabolism	0.0005241692955735	1	0.037037037037037	0.0012925943513292	0	0.4910900271113151
NOX4	bacterial toxins/metabolism	0.0005241692955735	1	0.037037037037037	0.0012925943513292	0	0.4910900271113151
NOX4	lung/blood supply	0.0005241692955735	1	0.037037037037037	0.0012925943513292	0	0.4910900271113151
NOX4	toll-like receptor 4/metabolism	0.0005241692955735	1	0.037037037037037	0.0012925943513292	0	0.4910900271113151
NOX4	heart ventricles/diagnostic imaging	0.0005241692955735	1	0.037037037037037	0.0012925943513292	0	0.4910900271113151
NOX4	hemodynamics/drug effects	0.0005241692955735	1	0.037037037037037	0.0012925943513292	0	0.4910900271113151
NOX4	hypertension pulmonary/chemically induced	0.0005241692955735	1	0.037037037037037	0.0012925943513292	0	0.4910900271113151
NOX4	nlr family pyrin domain-containing 3 protein/metabolism	0.0005241692955735	1	0.037037037037037	0.0012925943513292	0	0.4910900271113151
NOX4	FTH1	0.0005241692955735	1	0.037037037037037	0.0012925943513292	0	0.4910900271113151
NOX4	NLRP3	0.0005241692955735	1	0.037037037037037	0.0012925943513292	0	0.4910900271113151
NOX4	HMGB1	0.0005241692955735	1	0.037037037037037	0.0012925943513292	0	0.4910900271113151
FTH1	monocrotaline/toxicity	0.0005241692955735	1	0.037037037037037	0.0012925943513292	0	0.4910900271113151
FTH1	cells cultured	0.0038613323464813	1	0.074074074074074	0.0078913768885101	0	0.4910900271113151
FTH1	inflammasomes/metabolism	0.0005241692955735	1	0.037037037037037	0.0012925943513292	0	0.4910900271113151
FTH1	bacterial toxins/metabolism	0.0005241692955735	1	0.037037037037037	0.0012925943513292	0	0.4910900271113151
FTH1	lung/blood supply	0.0005241692955735	1	0.037037037037037	0.0012925943513292	0	0.4910900271113151
FTH1	toll-like receptor 4/metabolism	0.0005241692955735	1	0.037037037037037	0.0012925943513292	0	0.4910900271113151
FTH1	heart ventricles/diagnostic imaging	0.0005241692955735	1	0.037037037037037	0.0012925943513292	0	0.4910900271113151
FTH1	hemodynamics/drug effects	0.0005241692955735	1	0.037037037037037	0.0012925943513292	0	0.4910900271113151
FTH1	hypertension pulmonary/chemically induced	0.0005241692955735	1	0.037037037037037	0.0012925943513292	0	0.4910900271113151
FTH1	nlr family pyrin domain-containing 3 protein/metabolism	0.0005241692955735	1	0.037037037037037	0.0012925943513292	0	0.4910900271113151
FTH1	NLRP3	0.0005241692955735	1	0.037037037037037	0.0012925943513292	0	0.4910900271113151
FTH1	HMGB1	0.0005241692955735	1	0.037037037037037	0.0012925943513292	0	0.4910900271113151
NLRP3	monocrotaline/toxicity	0.0005241692955735	1	0.037037037037037	0.0012925943513292	0	0.4910900271113151
NLRP3	cells cultured	0.0038613323464813	1	0.074074074074074	0.0078913768885101	0	0.4910900271113151
NLRP3	inflammasomes/metabolism	0.0005241692955735	1	0.037037037037037	0.0012925943513292	0	0.4910900271113151
NLRP3	bacterial toxins/metabolism	0.0005241692955735	1	0.037037037037037	0.0012925943513292	0	0.4910900271113151
NLRP3	lung/blood supply	0.0005241692955735	1	0.037037037037037	0.0012925943513292	0	0.4910900271113151
NLRP3	toll-like receptor 4/metabolism	0.0005241692955735	1	0.037037037037037	0.0012925943513292	0	0.4910900271113151
NLRP3	heart ventricles/diagnostic imaging	0.0005241692955735	1	0.037037037037037	0.0012925943513292	0	0.4910900271113151
NLRP3	hemodynamics/drug effects	0.0005241692955735	1	0.037037037037037	0.0012925943513292	0	0.4910900271113151
NLRP3	hypertension pulmonary/chemically induced	0.0005241692955735	1	0.037037037037037	0.0012925943513292	0	0.4910900271113151
NLRP3	nlr family pyrin domain-containing 3 protein/metabolism	0.0005241692955735	1	0.037037037037037	0.0012925943513292	0	0.4910900271113151
NLRP3	HMGB1	0.0005241692955735	1	0.037037037037037	0.0012925943513292	0	0.4910900271113151
HMGB1	monocrotaline/toxicity	0.0005241692955735	1	0.037037037037037	0.0012925943513292	0	0.4910900271113151
HMGB1	cells cultured	0.0038613323464813	1	0.074074074074074	0.0078913768885101	0	0.4910900271113151
HMGB1	inflammasomes/metabolism	0.0005241692955735	1	0.037037037037037	0.0012925943513292	0	0.4910900271113151
HMGB1	bacterial toxins/metabolism	0.0005241692955735	1	0.037037037037037	0.0012925943513292	0	0.4910900271113151
HMGB1	lung/blood supply	0.0005241692955735	1	0.037037037037037	0.0012925943513292	0	0.4910900271113151
HMGB1	toll-like receptor 4/metabolism	0.0005241692955735	1	0.037037037037037	0.0012925943513292	0	0.4910900271113151
HMGB1	heart ventricles/diagnostic imaging	0.0005241692955735	1	0.037037037037037	0.0012925943513292	0	0.4910900271113151
HMGB1	hemodynamics/drug effects	0.0005241692955735	1	0.037037037037037	0.0012925943513292	0	0.4910900271113151
HMGB1	hypertension pulmonary/chemically induced	0.0005241692955735	1	0.037037037037037	0.0012925943513292	0	0.4910900271113151
HMGB1	nlr family pyrin domain-containing 3 protein/metabolism	0.0005241692955735	1	0.037037037037037	0.0012925943513292	0	0.4910900271113151
monocrotaline/toxicity	cells cultured	0.0038613323464813	1	0.074074074074074	0.0078913768885101	0	0.4910900271113151
monocrotaline/toxicity	bacterial toxins/metabolism	0.0005241692955735	1	0.037037037037037	0.0012925943513292	0	0.4910900271113151
monocrotaline/toxicity	inflammasomes/metabolism	0.0005241692955735	1	0.037037037037037	0.0012925943513292	0	0.4910900271113151
monocrotaline/toxicity	hemodynamics/drug effects	0.0005241692955735	1	0.037037037037037	0.0012925943513292	0	0.4910900271113151
monocrotaline/toxicity	lung/blood supply	0.0005241692955735	1	0.037037037037037	0.0012925943513292	0	0.4910900271113151
monocrotaline/toxicity	heart ventricles/diagnostic imaging	0.0005241692955735	1	0.037037037037037	0.0012925943513292	0	0.4910900271113151
monocrotaline/toxicity	toll-like receptor 4/metabolism	0.0005241692955735	1	0.037037037037037	0.0012925943513292	0	0.4910900271113151
monocrotaline/toxicity	hypertension pulmonary/chemically induced	0.0005241692955735	1	0.037037037037037	0.0012925943513292	0	0.4910900271113151
monocrotaline/toxicity	nlr family pyrin domain-containing 3 protein/metabolism	0.0005241692955735	1	0.037037037037037	0.0012925943513292	0	0.4910900271113151
cells cultured	tuberculosis/metabolism	3.852536852755328e-06	1	0.074074074074074	1.840585975780964e-05	0	0.4910900271113151
cells cultured	iron chelating agents/pharmacology	3.852536852755328e-06	1	0.074074074074074	1.840585975780964e-05	0	0.4910900271113151
cells cultured	bacterial toxins/metabolism	0.0038613323464813	1	0.074074074074074	0.0078913768885101	0	0.4910900271113151
cells cultured	inflammasomes/metabolism	0.0038613323464813	1	0.074074074074074	0.0078913768885101	0	0.4910900271113151
cells cultured	hemodynamics/drug effects	0.0038613323464813	1	0.074074074074074	0.0078913768885101	0	0.4910900271113151
cells cultured	phospholipid hydroperoxide glutathione peroxidase/metabolism	0.0030517326101732	1	0.1452991452991453	0.0063715079694041	0	0.4910900271113151
cells cultured	lung/blood supply	0.0038613323464813	1	0.074074074074074	0.0078913768885101	0	0.4910900271113151
cells cultured	heart ventricles/diagnostic imaging	0.0038613323464813	1	0.074074074074074	0.0078913768885101	0	0.4910900271113151
cells cultured	toll-like receptor 4/metabolism	0.0038613323464813	1	0.074074074074074	0.0078913768885101	0	0.4910900271113151
cells cultured	hypertension pulmonary/chemically induced	0.0038613323464813	1	0.074074074074074	0.0078913768885101	0	0.4910900271113151
cells cultured	host-pathogen interactions	3.852536852755328e-06	1	0.074074074074074	1.840585975780964e-05	0	0.4910900271113151
cells cultured	nlr family pyrin domain-containing 3 protein/metabolism	0.0038613323464813	1	0.074074074074074	0.0078913768885101	0	0.4910900271113151
bacterial toxins/metabolism	inflammasomes/metabolism	0.0005241692955735	1	0.037037037037037	0.0012925943513292	0	0.4910900271113151
bacterial toxins/metabolism	hemodynamics/drug effects	0.0005241692955735	1	0.037037037037037	0.0012925943513292	0	0.4910900271113151
bacterial toxins/metabolism	lung/blood supply	0.0005241692955735	1	0.037037037037037	0.0012925943513292	0	0.4910900271113151
bacterial toxins/metabolism	heart ventricles/diagnostic imaging	0.0005241692955735	1	0.037037037037037	0.0012925943513292	0	0.4910900271113151
bacterial toxins/metabolism	toll-like receptor 4/metabolism	0.0005241692955735	1	0.037037037037037	0.0012925943513292	0	0.4910900271113151
bacterial toxins/metabolism	hypertension pulmonary/chemically induced	0.0005241692955735	1	0.037037037037037	0.0012925943513292	0	0.4910900271113151
bacterial toxins/metabolism	nlr family pyrin domain-containing 3 protein/metabolism	0.0005241692955735	1	0.037037037037037	0.0012925943513292	0	0.4910900271113151
inflammasomes/metabolism	hemodynamics/drug effects	0.0005241692955735	1	0.037037037037037	0.0012925943513292	0	0.4910900271113151
inflammasomes/metabolism	lung/blood supply	0.0005241692955735	1	0.037037037037037	0.0012925943513292	0	0.4910900271113151
inflammasomes/metabolism	heart ventricles/diagnostic imaging	0.0005241692955735	1	0.037037037037037	0.0012925943513292	0	0.4910900271113151
inflammasomes/metabolism	toll-like receptor 4/metabolism	0.0005241692955735	1	0.037037037037037	0.0012925943513292	0	0.4910900271113151
inflammasomes/metabolism	hypertension pulmonary/chemically induced	0.0005241692955735	1	0.037037037037037	0.0012925943513292	0	0.4910900271113151
inflammasomes/metabolism	nlr family pyrin domain-containing 3 protein/metabolism	0.0005241692955735	1	0.037037037037037	0.0012925943513292	0	0.4910900271113151
hemodynamics/drug effects	lung/blood supply	0.0005241692955735	1	0.037037037037037	0.0012925943513292	0	0.4910900271113151
hemodynamics/drug effects	heart ventricles/diagnostic imaging	0.0005241692955735	1	0.037037037037037	0.0012925943513292	0	0.4910900271113151
hemodynamics/drug effects	toll-like receptor 4/metabolism	0.0005241692955735	1	0.037037037037037	0.0012925943513292	0	0.4910900271113151
hemodynamics/drug effects	hypertension pulmonary/chemically induced	0.0005241692955735	1	0.037037037037037	0.0012925943513292	0	0.4910900271113151
hemodynamics/drug effects	nlr family pyrin domain-containing 3 protein/metabolism	0.0005241692955735	1	0.037037037037037	0.0012925943513292	0	0.4910900271113151
lung/blood supply	hypertension pulmonary/chemically induced	0.0005241692955735	1	0.037037037037037	0.0012925943513292	0	0.4910900271113151
lung/blood supply	nlr family pyrin domain-containing 3 protein/metabolism	0.0005241692955735	1	0.037037037037037	0.0012925943513292	0	0.4910900271113151
lung/blood supply	heart ventricles/diagnostic imaging	0.0005241692955735	1	0.037037037037037	0.0012925943513292	0	0.4910900271113151
lung/blood supply	toll-like receptor 4/metabolism	0.0005241692955735	1	0.037037037037037	0.0012925943513292	0	0.4910900271113151
heart ventricles/diagnostic imaging	toll-like receptor 4/metabolism	0.0005241692955735	1	0.037037037037037	0.0012925943513292	0	0.4910900271113151
heart ventricles/diagnostic imaging	hypertension pulmonary/chemically induced	0.0005241692955735	1	0.037037037037037	0.0012925943513292	0	0.4910900271113151
heart ventricles/diagnostic imaging	nlr family pyrin domain-containing 3 protein/metabolism	0.0005241692955735	1	0.037037037037037	0.0012925943513292	0	0.4910900271113151
toll-like receptor 4/metabolism	hypertension pulmonary/chemically induced	0.0005241692955735	1	0.037037037037037	0.0012925943513292	0	0.4910900271113151
toll-like receptor 4/metabolism	nlr family pyrin domain-containing 3 protein/metabolism	0.0005241692955735	1	0.037037037037037	0.0012925943513292	0	0.4910900271113151
hypertension pulmonary/chemically induced	nlr family pyrin domain-containing 3 protein/metabolism	0.0005241692955735	1	0.037037037037037	0.0012925943513292	0	0.4910900271113151
piperazines/pharmacology	phospholipid hydroperoxide glutathione peroxidase/antagonists &amp; inhibitors	0.0005390447313372	1	0.074074074074074	0.0013092376221759	0	0.4910900271113151
piperazines/pharmacology	phospholipid hydroperoxide glutathione peroxidase	7.083931083951001e-07	1	0.074074074074074	3.6948561409096944e-06	0	0.4910900271113151
piperazines/pharmacology	glutathione	7.083931083951001e-07	1	0.074074074074074	3.6948561409096944e-06	0	0.4910900271113151
piperazines/pharmacology	kidney	7.083931083951001e-07	1	0.074074074074074	3.6948561409096944e-06	0	0.4910900271113151
piperazines/pharmacology	cell proliferation/drug effects	0.0005390447313372	1	0.074074074074074	0.0013092376221759	0	0.4910900271113151
piperazines/pharmacology	folic acid antagonists/pharmacology	0.0005390447313372	1	0.074074074074074	0.0013092376221759	0	0.4910900271113151
piperazines/pharmacology	tetrahydrofolate dehydrogenase/genetics	0.0005390447313372	1	0.074074074074074	0.0013092376221759	0	0.4910900271113151
piperazines/pharmacology	vitamin e/pharmacology	0.0005390447313372	1	0.074074074074074	0.0013092376221759	0	0.4910900271113151
piperazines/pharmacology	antioxidants/pharmacology	0.0005390447313372	1	0.074074074074074	0.0013092376221759	0	0.4910900271113151
piperazines/pharmacology	malondialdehyde/blood	7.083931083951001e-07	1	0.074074074074074	3.6948561409096944e-06	0	0.4910900271113151
piperazines/pharmacology	spleen/pathology	7.083931083951001e-07	1	0.074074074074074	3.6948561409096944e-06	0	0.4910900271113151
piperazines/pharmacology	methotrexate/pharmacology	0.0005390447313372	1	0.074074074074074	0.0013092376221759	0	0.4910900271113151
piperazines/pharmacology	biopterins/analogs &amp; derivatives	0.0005390447313372	1	0.074074074074074	0.0013092376221759	0	0.4910900271113151
piperazines/pharmacology	iron/blood	7.083931083951001e-07	1	0.074074074074074	3.6948561409096944e-06	0	0.4910900271113151
piperazines/pharmacology	cystine/antagonists &amp; inhibitors	0.0005390447313372	1	0.074074074074074	0.0013092376221759	0	0.4910900271113151
piperazines/pharmacology	liver/pathology	7.083931083951001e-07	1	0.074074074074074	3.6948561409096944e-06	0	0.4910900271113151
phospholipid hydroperoxide glutathione peroxidase/antagonists &amp; inhibitors	carbolines/pharmacology	0.0010636503730522	1	0.074074074074074	0.0023691137341409	0	0.4910900271113151
phospholipid hydroperoxide glutathione peroxidase/antagonists &amp; inhibitors	oxidative stress	0.0005390447313372	1	0.074074074074074	0.0013092376221759	0	0.4910900271113151
phospholipid hydroperoxide glutathione peroxidase/antagonists &amp; inhibitors	cystine/antagonists &amp; inhibitors	1.9022900062282133e-05	1	0.037037037037037	6.333686587901055e-05	0	0.4910900271113151
phospholipid hydroperoxide glutathione peroxidase/antagonists &amp; inhibitors	gene expression regulation neoplastic	0.000860920973641	1	0.074074074074074	0.0020021417991653	0	0.4910900271113151
phospholipid hydroperoxide glutathione peroxidase/antagonists &amp; inhibitors	cell proliferation/drug effects	1.9022900062282133e-05	1	0.037037037037037	6.333686587901055e-05	0	0.4910900271113151
phospholipid hydroperoxide glutathione peroxidase/antagonists &amp; inhibitors	folic acid antagonists/pharmacology	1.9022900062282133e-05	1	0.037037037037037	6.333686587901055e-05	0	0.4910900271113151
phospholipid hydroperoxide glutathione peroxidase/antagonists &amp; inhibitors	tetrahydrofolate dehydrogenase/genetics	1.9022900062282133e-05	1	0.037037037037037	6.333686587901055e-05	0	0.4910900271113151
phospholipid hydroperoxide glutathione peroxidase/antagonists &amp; inhibitors	vitamin e/pharmacology	1.9022900062282133e-05	1	0.037037037037037	6.333686587901055e-05	0	0.4910900271113151
phospholipid hydroperoxide glutathione peroxidase/antagonists &amp; inhibitors	dose-response relationship drug	0.0010636503730522	1	0.074074074074074	0.0023691137341409	0	0.4910900271113151
phospholipid hydroperoxide glutathione peroxidase/antagonists &amp; inhibitors	antioxidants/pharmacology	1.9022900062282133e-05	1	0.037037037037037	6.333686587901055e-05	0	0.4910900271113151
phospholipid hydroperoxide glutathione peroxidase/antagonists &amp; inhibitors	jurkat cells	0.0012969225227602	1	0.074074074074074	0.0028666732591499	0	0.4910900271113151
phospholipid hydroperoxide glutathione peroxidase/antagonists &amp; inhibitors	methotrexate/pharmacology	1.9022900062282133e-05	1	0.037037037037037	6.333686587901055e-05	0	0.4910900271113151
phospholipid hydroperoxide glutathione peroxidase/antagonists &amp; inhibitors	biopterins/analogs &amp; derivatives	1.9022900062282133e-05	1	0.037037037037037	6.333686587901055e-05	0	0.4910900271113151
phospholipid hydroperoxide glutathione peroxidase	glutathione	0.0	1	0.037037037037037	0.0	0	0.4910900271113151
phospholipid hydroperoxide glutathione peroxidase	kidney	0.0	1	0.037037037037037	0.0	0	0.4910900271113151
phospholipid hydroperoxide glutathione peroxidase	malondialdehyde/blood	0.0	1	0.037037037037037	0.0	0	0.4910900271113151
phospholipid hydroperoxide glutathione peroxidase	spleen/pathology	0.0	1	0.037037037037037	0.0	0	0.4910900271113151
phospholipid hydroperoxide glutathione peroxidase	iron/blood	0.0	1	0.037037037037037	0.0	0	0.4910900271113151
phospholipid hydroperoxide glutathione peroxidase	liver/pathology	0.0	1	0.037037037037037	0.0	0	0.4910900271113151
glutathione	kidney	0.0	1	0.037037037037037	0.0	0	0.4910900271113151
glutathione	malondialdehyde/blood	0.0	1	0.037037037037037	0.0	0	0.4910900271113151
glutathione	spleen/pathology	0.0	1	0.037037037037037	0.0	0	0.4910900271113151
glutathione	iron/blood	0.0	1	0.037037037037037	0.0	0	0.4910900271113151
glutathione	liver/pathology	0.0	1	0.037037037037037	0.0	0	0.4910900271113151
kidney	malondialdehyde/blood	0.0	1	0.037037037037037	0.0	0	0.4910900271113151
kidney	spleen/pathology	0.0	1	0.037037037037037	0.0	0	0.4910900271113151
kidney	iron/blood	0.0	1	0.037037037037037	0.0	0	0.4910900271113151
kidney	liver/pathology	0.0	1	0.037037037037037	0.0	0	0.4910900271113151
cell proliferation/drug effects	carbolines/pharmacology	0.0010636503730522	1	0.074074074074074	0.0023691137341409	0	0.4910900271113151
cell proliferation/drug effects	gene expression regulation neoplastic	0.000860920973641	1	0.074074074074074	0.0020021417991653	0	0.4910900271113151
cell proliferation/drug effects	oxidative stress	0.0005390447313372	1	0.074074074074074	0.0013092376221759	0	0.4910900271113151
cell proliferation/drug effects	vitamin e/pharmacology	1.9022900062282133e-05	1	0.037037037037037	6.333686587901055e-05	0	0.4910900271113151
cell proliferation/drug effects	dose-response relationship drug	0.0010636503730522	1	0.074074074074074	0.0023691137341409	0	0.4910900271113151
cell proliferation/drug effects	antioxidants/pharmacology	1.9022900062282133e-05	1	0.037037037037037	6.333686587901055e-05	0	0.4910900271113151
cell proliferation/drug effects	jurkat cells	0.0012969225227602	1	0.074074074074074	0.0028666732591499	0	0.4910900271113151
cell proliferation/drug effects	methotrexate/pharmacology	1.9022900062282133e-05	1	0.037037037037037	6.333686587901055e-05	0	0.4910900271113151
cell proliferation/drug effects	biopterins/analogs &amp; derivatives	1.9022900062282133e-05	1	0.037037037037037	6.333686587901055e-05	0	0.4910900271113151
cell proliferation/drug effects	cystine/antagonists &amp; inhibitors	1.9022900062282133e-05	1	0.037037037037037	6.333686587901055e-05	0	0.4910900271113151
cell proliferation/drug effects	folic acid antagonists/pharmacology	1.9022900062282133e-05	1	0.037037037037037	6.333686587901055e-05	0	0.4910900271113151
cell proliferation/drug effects	tetrahydrofolate dehydrogenase/genetics	1.9022900062282133e-05	1	0.037037037037037	6.333686587901055e-05	0	0.4910900271113151
folic acid antagonists/pharmacology	carbolines/pharmacology	0.0010636503730522	1	0.074074074074074	0.0023691137341409	0	0.4910900271113151
folic acid antagonists/pharmacology	gene expression regulation neoplastic	0.000860920973641	1	0.074074074074074	0.0020021417991653	0	0.4910900271113151
folic acid antagonists/pharmacology	oxidative stress	0.0005390447313372	1	0.074074074074074	0.0013092376221759	0	0.4910900271113151
folic acid antagonists/pharmacology	tetrahydrofolate dehydrogenase/genetics	1.9022900062282133e-05	1	0.037037037037037	6.333686587901055e-05	0	0.4910900271113151
folic acid antagonists/pharmacology	vitamin e/pharmacology	1.9022900062282133e-05	1	0.037037037037037	6.333686587901055e-05	0	0.4910900271113151
folic acid antagonists/pharmacology	dose-response relationship drug	0.0010636503730522	1	0.074074074074074	0.0023691137341409	0	0.4910900271113151
folic acid antagonists/pharmacology	antioxidants/pharmacology	1.9022900062282133e-05	1	0.037037037037037	6.333686587901055e-05	0	0.4910900271113151
folic acid antagonists/pharmacology	jurkat cells	0.0012969225227602	1	0.074074074074074	0.0028666732591499	0	0.4910900271113151
folic acid antagonists/pharmacology	methotrexate/pharmacology	1.9022900062282133e-05	1	0.037037037037037	6.333686587901055e-05	0	0.4910900271113151
folic acid antagonists/pharmacology	biopterins/analogs &amp; derivatives	1.9022900062282133e-05	1	0.037037037037037	6.333686587901055e-05	0	0.4910900271113151
folic acid antagonists/pharmacology	cystine/antagonists &amp; inhibitors	1.9022900062282133e-05	1	0.037037037037037	6.333686587901055e-05	0	0.4910900271113151
tetrahydrofolate dehydrogenase/genetics	carbolines/pharmacology	0.0010636503730522	1	0.074074074074074	0.0023691137341409	0	0.4910900271113151
tetrahydrofolate dehydrogenase/genetics	gene expression regulation neoplastic	0.000860920973641	1	0.074074074074074	0.0020021417991653	0	0.4910900271113151
tetrahydrofolate dehydrogenase/genetics	oxidative stress	0.0005390447313372	1	0.074074074074074	0.0013092376221759	0	0.4910900271113151
tetrahydrofolate dehydrogenase/genetics	vitamin e/pharmacology	1.9022900062282133e-05	1	0.037037037037037	6.333686587901055e-05	0	0.4910900271113151
tetrahydrofolate dehydrogenase/genetics	dose-response relationship drug	0.0010636503730522	1	0.074074074074074	0.0023691137341409	0	0.4910900271113151
tetrahydrofolate dehydrogenase/genetics	antioxidants/pharmacology	1.9022900062282133e-05	1	0.037037037037037	6.333686587901055e-05	0	0.4910900271113151
tetrahydrofolate dehydrogenase/genetics	jurkat cells	0.0012969225227602	1	0.074074074074074	0.0028666732591499	0	0.4910900271113151
tetrahydrofolate dehydrogenase/genetics	methotrexate/pharmacology	1.9022900062282133e-05	1	0.037037037037037	6.333686587901055e-05	0	0.4910900271113151
tetrahydrofolate dehydrogenase/genetics	biopterins/analogs &amp; derivatives	1.9022900062282133e-05	1	0.037037037037037	6.333686587901055e-05	0	0.4910900271113151
tetrahydrofolate dehydrogenase/genetics	cystine/antagonists &amp; inhibitors	1.9022900062282133e-05	1	0.037037037037037	6.333686587901055e-05	0	0.4910900271113151
vitamin e/pharmacology	carbolines/pharmacology	0.0010636503730522	1	0.074074074074074	0.0023691137341409	0	0.4910900271113151
vitamin e/pharmacology	gene expression regulation neoplastic	0.000860920973641	1	0.074074074074074	0.0020021417991653	0	0.4910900271113151
vitamin e/pharmacology	oxidative stress	0.0005390447313372	1	0.074074074074074	0.0013092376221759	0	0.4910900271113151
vitamin e/pharmacology	dose-response relationship drug	0.0010636503730522	1	0.074074074074074	0.0023691137341409	0	0.4910900271113151
vitamin e/pharmacology	antioxidants/pharmacology	1.9022900062282133e-05	1	0.037037037037037	6.333686587901055e-05	0	0.4910900271113151
vitamin e/pharmacology	jurkat cells	0.0012969225227602	1	0.074074074074074	0.0028666732591499	0	0.4910900271113151
vitamin e/pharmacology	methotrexate/pharmacology	1.9022900062282133e-05	1	0.037037037037037	6.333686587901055e-05	0	0.4910900271113151
vitamin e/pharmacology	biopterins/analogs &amp; derivatives	1.9022900062282133e-05	1	0.037037037037037	6.333686587901055e-05	0	0.4910900271113151
vitamin e/pharmacology	cystine/antagonists &amp; inhibitors	1.9022900062282133e-05	1	0.037037037037037	6.333686587901055e-05	0	0.4910900271113151
antioxidants/pharmacology	carbolines/pharmacology	0.0010636503730522	1	0.074074074074074	0.0023691137341409	0	0.4910900271113151
antioxidants/pharmacology	gene expression regulation neoplastic	0.000860920973641	1	0.074074074074074	0.0020021417991653	0	0.4910900271113151
antioxidants/pharmacology	dose-response relationship drug	0.0010636503730522	1	0.074074074074074	0.0023691137341409	0	0.4910900271113151
antioxidants/pharmacology	oxidative stress	0.0005390447313372	1	0.074074074074074	0.0013092376221759	0	0.4910900271113151
antioxidants/pharmacology	jurkat cells	0.0012969225227602	1	0.074074074074074	0.0028666732591499	0	0.4910900271113151
antioxidants/pharmacology	methotrexate/pharmacology	1.9022900062282133e-05	1	0.037037037037037	6.333686587901055e-05	0	0.4910900271113151
antioxidants/pharmacology	biopterins/analogs &amp; derivatives	1.9022900062282133e-05	1	0.037037037037037	6.333686587901055e-05	0	0.4910900271113151
antioxidants/pharmacology	cystine/antagonists &amp; inhibitors	1.9022900062282133e-05	1	0.037037037037037	6.333686587901055e-05	0	0.4910900271113151
malondialdehyde/blood	spleen/pathology	0.0	1	0.037037037037037	0.0	0	0.4910900271113151
malondialdehyde/blood	iron/blood	0.0	1	0.037037037037037	0.0	0	0.4910900271113151
malondialdehyde/blood	liver/pathology	0.0	1	0.037037037037037	0.0	0	0.4910900271113151
spleen/pathology	iron/blood	0.0	1	0.037037037037037	0.0	0	0.4910900271113151
spleen/pathology	liver/pathology	0.0	1	0.037037037037037	0.0	0	0.4910900271113151
methotrexate/pharmacology	carbolines/pharmacology	0.0010636503730522	1	0.074074074074074	0.0023691137341409	0	0.4910900271113151
methotrexate/pharmacology	gene expression regulation neoplastic	0.000860920973641	1	0.074074074074074	0.0020021417991653	0	0.4910900271113151
methotrexate/pharmacology	dose-response relationship drug	0.0010636503730522	1	0.074074074074074	0.0023691137341409	0	0.4910900271113151
methotrexate/pharmacology	jurkat cells	0.0012969225227602	1	0.074074074074074	0.0028666732591499	0	0.4910900271113151
methotrexate/pharmacology	oxidative stress	0.0005390447313372	1	0.074074074074074	0.0013092376221759	0	0.4910900271113151
methotrexate/pharmacology	biopterins/analogs &amp; derivatives	1.9022900062282133e-05	1	0.037037037037037	6.333686587901055e-05	0	0.4910900271113151
methotrexate/pharmacology	cystine/antagonists &amp; inhibitors	1.9022900062282133e-05	1	0.037037037037037	6.333686587901055e-05	0	0.4910900271113151
biopterins/analogs &amp; derivatives	carbolines/pharmacology	0.0010636503730522	1	0.074074074074074	0.0023691137341409	0	0.4910900271113151
biopterins/analogs &amp; derivatives	gene expression regulation neoplastic	0.000860920973641	1	0.074074074074074	0.0020021417991653	0	0.4910900271113151
biopterins/analogs &amp; derivatives	dose-response relationship drug	0.0010636503730522	1	0.074074074074074	0.0023691137341409	0	0.4910900271113151
biopterins/analogs &amp; derivatives	jurkat cells	0.0012969225227602	1	0.074074074074074	0.0028666732591499	0	0.4910900271113151
biopterins/analogs &amp; derivatives	oxidative stress	0.0005390447313372	1	0.074074074074074	0.0013092376221759	0	0.4910900271113151
biopterins/analogs &amp; derivatives	cystine/antagonists &amp; inhibitors	1.9022900062282133e-05	1	0.037037037037037	6.333686587901055e-05	0	0.4910900271113151
iron/blood	liver/pathology	0.0	1	0.037037037037037	0.0	0	0.4910900271113151
cystine/antagonists &amp; inhibitors	carbolines/pharmacology	0.0010636503730522	1	0.074074074074074	0.0023691137341409	0	0.4910900271113151
cystine/antagonists &amp; inhibitors	gene expression regulation neoplastic	0.000860920973641	1	0.074074074074074	0.0020021417991653	0	0.4910900271113151
cystine/antagonists &amp; inhibitors	dose-response relationship drug	0.0010636503730522	1	0.074074074074074	0.0023691137341409	0	0.4910900271113151
cystine/antagonists &amp; inhibitors	jurkat cells	0.0012969225227602	1	0.074074074074074	0.0028666732591499	0	0.4910900271113151
cystine/antagonists &amp; inhibitors	oxidative stress	0.0005390447313372	1	0.074074074074074	0.0013092376221759	0	0.4910900271113151
carbolines/pharmacology	microglia/drug effects	5.149746107091513e-05	1	0.074074074074074	0.0001657520944568	0	0.4910900271113151
carbolines/pharmacology	raw 264.7 cells	5.149746107091513e-05	1	0.074074074074074	0.0001657520944568	0	0.4910900271113151
carbolines/pharmacology	nf-e2-related factor 2/biosynthesis	5.149746107091513e-05	1	0.074074074074074	0.0001657520944568	0	0.4910900271113151
carbolines/pharmacology	gene expression	5.149746107091513e-05	1	0.074074074074074	0.0001657520944568	0	0.4910900271113151
carbolines/pharmacology	lipopolysaccharides/toxicity	5.149746107091513e-05	1	0.074074074074074	0.0001657520944568	0	0.4910900271113151
carbolines/pharmacology	dose-response relationship drug	6.637107976548151e-07	2	0.0028490028490028	3.544680134804722e-06	0	0.1788642125673839
carbolines/pharmacology	inflammation mediators/antagonists &amp; inhibitors	5.149746107091513e-05	1	0.074074074074074	0.0001657520944568	0	0.4910900271113151
gene expression regulation neoplastic	t-lymphocytes cytotoxic/immunology	1.6280822480285728e-05	1	0.074074074074074	6.333686587901055e-05	0	0.4910900271113151
gene expression regulation neoplastic	glioblastoma/genetics	1.6280822480285728e-05	1	0.074074074074074	6.333686587901055e-05	0	0.4910900271113151
gene expression regulation neoplastic	heat-shock proteins/genetics	1.6280822480285728e-05	1	0.074074074074074	6.333686587901055e-05	0	0.4910900271113151
gene expression regulation neoplastic	brain neoplasms/genetics	1.6280822480285728e-05	1	0.074074074074074	6.333686587901055e-05	0	0.4910900271113151
gene expression regulation neoplastic	acetaminophen/pharmacology	1.6280822480285728e-05	1	0.074074074074074	6.333686587901055e-05	0	0.4910900271113151
gene expression regulation neoplastic	hyaluronan receptors/genetics	1.6280822480285728e-05	1	0.074074074074074	6.333686587901055e-05	0	0.4910900271113151
gene expression regulation neoplastic	HSPB1	1.6280822480285728e-05	1	0.074074074074074	6.333686587901055e-05	0	0.4910900271113151
gene expression regulation neoplastic	SLC40A1	1.6280822480285728e-05	1	0.074074074074074	6.333686587901055e-05	0	0.4910900271113151
gene expression regulation neoplastic	CD44	1.6280822480285728e-05	1	0.074074074074074	6.333686587901055e-05	0	0.4910900271113151
gene expression regulation neoplastic	cation transport proteins/genetics	1.6280822480285728e-05	1	0.074074074074074	6.333686587901055e-05	0	0.4910900271113151
dose-response relationship drug	microglia/drug effects	5.149746107091513e-05	1	0.074074074074074	0.0001657520944568	0	0.4910900271113151
dose-response relationship drug	raw 264.7 cells	5.149746107091513e-05	1	0.074074074074074	0.0001657520944568	0	0.4910900271113151
dose-response relationship drug	nf-e2-related factor 2/biosynthesis	5.149746107091513e-05	1	0.074074074074074	0.0001657520944568	0	0.4910900271113151
dose-response relationship drug	gene expression	5.149746107091513e-05	1	0.074074074074074	0.0001657520944568	0	0.4910900271113151
dose-response relationship drug	inflammation mediators/antagonists &amp; inhibitors	5.149746107091513e-05	1	0.074074074074074	0.0001657520944568	0	0.4910900271113151
dose-response relationship drug	lipopolysaccharides/toxicity	5.149746107091513e-05	1	0.074074074074074	0.0001657520944568	0	0.4910900271113151
jurkat cells	cell cycle/drug effects	0.0001347174188101	1	0.074074074074074	0.000411242646894	0	0.4910900271113151
jurkat cells	precursor cell lymphoblastic leukemia-lymphoma/metabolism	0.0001347174188101	1	0.074074074074074	0.000411242646894	0	0.4910900271113151
jurkat cells	glutathione peroxidase/metabolism	0.0001347174188101	1	0.074074074074074	0.000411242646894	0	0.4910900271113151
jurkat cells	flavonolignans/pharmacology	0.0001347174188101	1	0.074074074074074	0.000411242646894	0	0.4910900271113151
jurkat cells	ATG5	0.0001347174188101	1	0.074074074074074	0.000411242646894	0	0.4910900271113151
jurkat cells	autophagy-related proteins/genetics	0.0001347174188101	1	0.074074074074074	0.000411242646894	0	0.4910900271113151
cisplatin	diterpenes/pharmacology	3.10419946414342e-08	1	0.037037037037037	1.7790866494102608e-07	0	0.4910900271113151
cisplatin	lymphoma t-cell	3.10419946414342e-08	1	0.037037037037037	1.7790866494102608e-07	0	0.4910900271113151
cisplatin	killer cells natural/metabolism	3.10419946414342e-08	1	0.037037037037037	1.7790866494102608e-07	0	0.4910900271113151
cisplatin	asparaginase	3.10419946414342e-08	1	0.037037037037037	1.7790866494102608e-07	0	0.4910900271113151
cisplatin	CCK	5.684418575613304e-05	1	0.074074074074074	0.0001786003669477	0	0.4910900271113151
cisplatin	TP53	0.0015313968527381	1	0.1111111111111111	0.0033542680309219	0	0.4910900271113151
cisplatin	XK	3.10419946414342e-08	1	0.037037037037037	1.7790866494102608e-07	0	0.4910900271113151
cisplatin	ASPG	3.10419946414342e-08	1	0.037037037037037	1.7790866494102608e-07	0	0.4910900271113151
cisplatin	NLRP1	3.10419946414342e-08	1	0.037037037037037	1.7790866494102608e-07	0	0.4910900271113151
cisplatin	tumor suppressor protein p53/metabolism	0.0001430031506204	1	0.074074074074074	0.0004284185297513	0	0.4910900271113151
diterpenes/pharmacology	tumor suppressor protein p53/metabolism	0.0001430031506204	1	0.074074074074074	0.0004284185297513	0	0.4910900271113151
diterpenes/pharmacology	lymphoma t-cell	3.10419946414342e-08	1	0.037037037037037	1.7790866494102608e-07	0	0.4910900271113151
diterpenes/pharmacology	killer cells natural/metabolism	3.10419946414342e-08	1	0.037037037037037	1.7790866494102608e-07	0	0.4910900271113151
diterpenes/pharmacology	asparaginase	3.10419946414342e-08	1	0.037037037037037	1.7790866494102608e-07	0	0.4910900271113151
diterpenes/pharmacology	CCK	5.684418575613304e-05	1	0.074074074074074	0.0001786003669477	0	0.4910900271113151
diterpenes/pharmacology	TP53	0.0015313968527381	1	0.1111111111111111	0.0033542680309219	0	0.4910900271113151
diterpenes/pharmacology	XK	3.10419946414342e-08	1	0.037037037037037	1.7790866494102608e-07	0	0.4910900271113151
diterpenes/pharmacology	ASPG	3.10419946414342e-08	1	0.037037037037037	1.7790866494102608e-07	0	0.4910900271113151
diterpenes/pharmacology	NLRP1	3.10419946414342e-08	1	0.037037037037037	1.7790866494102608e-07	0	0.4910900271113151
lymphoma t-cell	tumor suppressor protein p53/metabolism	0.0001430031506204	1	0.074074074074074	0.0004284185297513	0	0.4910900271113151
lymphoma t-cell	killer cells natural/metabolism	3.10419946414342e-08	1	0.037037037037037	1.7790866494102608e-07	0	0.4910900271113151
lymphoma t-cell	asparaginase	3.10419946414342e-08	1	0.037037037037037	1.7790866494102608e-07	0	0.4910900271113151
lymphoma t-cell	CCK	5.684418575613304e-05	1	0.074074074074074	0.0001786003669477	0	0.4910900271113151
lymphoma t-cell	TP53	0.0015313968527381	1	0.1111111111111111	0.0033542680309219	0	0.4910900271113151
lymphoma t-cell	XK	3.10419946414342e-08	1	0.037037037037037	1.7790866494102608e-07	0	0.4910900271113151
lymphoma t-cell	ASPG	3.10419946414342e-08	1	0.037037037037037	1.7790866494102608e-07	0	0.4910900271113151
lymphoma t-cell	NLRP1	3.10419946414342e-08	1	0.037037037037037	1.7790866494102608e-07	0	0.4910900271113151
killer cells natural/metabolism	tumor suppressor protein p53/metabolism	0.0001430031506204	1	0.074074074074074	0.0004284185297513	0	0.4910900271113151
killer cells natural/metabolism	asparaginase	3.10419946414342e-08	1	0.037037037037037	1.7790866494102608e-07	0	0.4910900271113151
killer cells natural/metabolism	CCK	5.684418575613304e-05	1	0.074074074074074	0.0001786003669477	0	0.4910900271113151
killer cells natural/metabolism	TP53	0.0015313968527381	1	0.1111111111111111	0.0033542680309219	0	0.4910900271113151
killer cells natural/metabolism	XK	3.10419946414342e-08	1	0.037037037037037	1.7790866494102608e-07	0	0.4910900271113151
killer cells natural/metabolism	ASPG	3.10419946414342e-08	1	0.037037037037037	1.7790866494102608e-07	0	0.4910900271113151
killer cells natural/metabolism	NLRP1	3.10419946414342e-08	1	0.037037037037037	1.7790866494102608e-07	0	0.4910900271113151
asparaginase	tumor suppressor protein p53/metabolism	0.0001430031506204	1	0.074074074074074	0.0004284185297513	0	0.4910900271113151
asparaginase	TP53	0.0015313968527381	1	0.1111111111111111	0.0033542680309219	0	0.4910900271113151
asparaginase	CCK	5.684418575613304e-05	1	0.074074074074074	0.0001786003669477	0	0.4910900271113151
asparaginase	XK	3.10419946414342e-08	1	0.037037037037037	1.7790866494102608e-07	0	0.4910900271113151
asparaginase	ASPG	3.10419946414342e-08	1	0.037037037037037	1.7790866494102608e-07	0	0.4910900271113151
asparaginase	NLRP1	3.10419946414342e-08	1	0.037037037037037	1.7790866494102608e-07	0	0.4910900271113151
CCK	microglia/drug effects	1.2986139735438051e-05	1	0.074074074074074	5.274482525598088e-05	0	0.4910900271113151
CCK	raw 264.7 cells	1.2986139735438051e-05	1	0.074074074074074	5.274482525598088e-05	0	0.4910900271113151
CCK	nf-e2-related factor 2/biosynthesis	1.2986139735438051e-05	1	0.074074074074074	5.274482525598088e-05	0	0.4910900271113151
CCK	gene expression	1.2986139735438051e-05	1	0.074074074074074	5.274482525598088e-05	0	0.4910900271113151
CCK	lipopolysaccharides/toxicity	1.2986139735438051e-05	1	0.074074074074074	5.274482525598088e-05	0	0.4910900271113151
CCK	inflammation mediators/antagonists &amp; inhibitors	1.2986139735438051e-05	1	0.074074074074074	5.274482525598088e-05	0	0.4910900271113151
CCK	XK	5.684418575613304e-05	1	0.074074074074074	0.0001786003669477	0	0.4910900271113151
CCK	ASPG	5.684418575613304e-05	1	0.074074074074074	0.0001786003669477	0	0.4910900271113151
CCK	NLRP1	5.684418575613304e-05	1	0.074074074074074	0.0001786003669477	0	0.4910900271113151
TP53	tumor suppressor protein p53/metabolism	2.065419131602741e-05	2	0.0085470085470085	6.821999409621811e-05	0	0.1788642125673839
TP53	lymphocytes tumor-infiltrating/immunology	0.0022568714518765	1	0.1111111111111111	0.0047668807068041	0	0.4910900271113151
TP53	myeloid-derived suppressor cells/immunology	0.0022568714518765	1	0.1111111111111111	0.0047668807068041	0	0.4910900271113151
TP53	membrane proteins/metabolism	0.0022568714518765	1	0.1111111111111111	0.0047668807068041	0	0.4910900271113151
TP53	colonic neoplasms/drug therapy	0.0022568714518765	1	0.1111111111111111	0.0047668807068041	0	0.4910900271113151
TP53	heme oxygenase-1/metabolism	0.0022568714518765	1	0.1111111111111111	0.0047668807068041	0	0.4910900271113151
TP53	t-lymphocytes/immunology	0.0022568714518765	1	0.1111111111111111	0.0047668807068041	0	0.4910900271113151
TP53	HMOX1	0.0022568714518765	1	0.1111111111111111	0.0047668807068041	0	0.4910900271113151
TP53	neutral ceramidase/antagonists &amp; inhibitors	0.0022568714518765	1	0.1111111111111111	0.0047668807068041	0	0.4910900271113151
TP53	malaria/genetics	0.0005854784028423	1	0.1111111111111111	0.0014113776959625	0	0.4910900271113151
TP53	genetic variation	0.0005854784028423	1	0.1111111111111111	0.0014113776959625	0	0.4910900271113151
TP53	liver x receptors/agonists	0.0005854784028423	1	0.1111111111111111	0.0014113776959625	0	0.4910900271113151
TP53	hemeproteins/toxicity	0.0005854784028423	1	0.1111111111111111	0.0014113776959625	0	0.4910900271113151
TP53	transferrin/metabolism	0.0005854784028423	1	0.1111111111111111	0.0014113776959625	0	0.4910900271113151
TP53	tumor suppressor protein p53/genetics	0.0005854784028423	1	0.1111111111111111	0.0014113776959625	0	0.4910900271113151
TP53	ferritins/blood	0.0005854784028423	1	0.1111111111111111	0.0014113776959625	0	0.4910900271113151
TP53	listeriosis/etiology	0.0005854784028423	1	0.1111111111111111	0.0014113776959625	0	0.4910900271113151
TP53	XK	0.0015313968527381	1	0.1111111111111111	0.0033542680309219	0	0.4910900271113151
TP53	ASAH2	0.0022568714518765	1	0.1111111111111111	0.0047668807068041	0	0.4910900271113151
TP53	TF	0.0005854784028423	1	0.1111111111111111	0.0014113776959625	0	0.4910900271113151
TP53	ASPG	0.0015313968527381	1	0.1111111111111111	0.0033542680309219	0	0.4910900271113151
TP53	NLRP1	0.0015313968527381	1	0.1111111111111111	0.0033542680309219	0	0.4910900271113151
XK	tumor suppressor protein p53/metabolism	0.0001430031506204	1	0.074074074074074	0.0004284185297513	0	0.4910900271113151
XK	ASPG	3.10419946414342e-08	1	0.037037037037037	1.7790866494102608e-07	0	0.4910900271113151
XK	NLRP1	3.10419946414342e-08	1	0.037037037037037	1.7790866494102608e-07	0	0.4910900271113151
ASPG	tumor suppressor protein p53/metabolism	0.0001430031506204	1	0.074074074074074	0.0004284185297513	0	0.4910900271113151
ASPG	NLRP1	3.10419946414342e-08	1	0.037037037037037	1.7790866494102608e-07	0	0.4910900271113151
NLRP1	tumor suppressor protein p53/metabolism	0.0001430031506204	1	0.074074074074074	0.0004284185297513	0	0.4910900271113151
tumor suppressor protein p53/metabolism	lymphocytes tumor-infiltrating/immunology	0.0002443386631932	1	0.074074074074074	0.0007043559873365	0	0.4910900271113151
tumor suppressor protein p53/metabolism	t-lymphocytes/immunology	0.0002443386631932	1	0.074074074074074	0.0007043559873365	0	0.4910900271113151
tumor suppressor protein p53/metabolism	membrane proteins/metabolism	0.0002443386631932	1	0.074074074074074	0.0007043559873365	0	0.4910900271113151
tumor suppressor protein p53/metabolism	colonic neoplasms/drug therapy	0.0002443386631932	1	0.074074074074074	0.0007043559873365	0	0.4910900271113151
tumor suppressor protein p53/metabolism	heme oxygenase-1/metabolism	0.0002443386631932	1	0.074074074074074	0.0007043559873365	0	0.4910900271113151
tumor suppressor protein p53/metabolism	HMOX1	0.0002443386631932	1	0.074074074074074	0.0007043559873365	0	0.4910900271113151
tumor suppressor protein p53/metabolism	ASAH2	0.0002443386631932	1	0.074074074074074	0.0007043559873365	0	0.4910900271113151
tumor suppressor protein p53/metabolism	myeloid-derived suppressor cells/immunology	0.0002443386631932	1	0.074074074074074	0.0007043559873365	0	0.4910900271113151
tumor suppressor protein p53/metabolism	neutral ceramidase/antagonists &amp; inhibitors	0.0002443386631932	1	0.074074074074074	0.0007043559873365	0	0.4910900271113151
fatty acids/metabolism	cytokines/metabolism	1.1360814166749831e-05	1	0.074074074074074	4.733672569479097e-05	0	0.4910900271113151
fatty acids/metabolism	tumor microenvironment	0.0003039350520657	1	0.074074074074074	0.0008666781229012	0	0.4910900271113151
fatty acids/metabolism	antibodies monoclonal humanized/pharmacology	3.10419946414342e-08	1	0.037037037037037	1.7790866494102608e-07	0	0.4910900271113151
fatty acids/metabolism	cd36 antigens/antagonists &amp; inhibitors	3.10419946414342e-08	1	0.037037037037037	1.7790866494102608e-07	0	0.4910900271113151
fatty acids/metabolism	multiple myeloma/drug therapy	3.10419946414342e-08	1	0.037037037037037	1.7790866494102608e-07	0	0.4910900271113151
fatty acids/metabolism	CD36	3.10419946414342e-08	1	0.037037037037037	1.7790866494102608e-07	0	0.4910900271113151
cytokines/metabolism	tumor microenvironment	0.0045084315169171	1	0.1452991452991453	0.0090921080661055	0	0.4910900271113151
cytokines/metabolism	apoptosis/drug effects	0.0005241692955735	1	0.1452991452991453	0.0012925943513292	0	0.4910900271113151
cytokines/metabolism	bone marrow/drug effects	4.985667878543154e-09	1	0.074074074074074	4.504185933886338e-08	0	0.4910900271113151
cytokines/metabolism	necroptosis/drug effects	4.985667878543154e-09	1	0.074074074074074	4.504185933886338e-08	0	0.4910900271113151
cytokines/metabolism	small molecule libraries/pharmacology	4.985667878543154e-09	1	0.074074074074074	4.504185933886338e-08	0	0.4910900271113151
cytokines/metabolism	ileum/drug effects	4.985667878543154e-09	1	0.074074074074074	4.504185933886338e-08	0	0.4910900271113151
cytokines/metabolism	antibodies monoclonal humanized/pharmacology	1.1360814166749831e-05	1	0.074074074074074	4.733672569479097e-05	0	0.4910900271113151
cytokines/metabolism	cd36 antigens/antagonists &amp; inhibitors	1.1360814166749831e-05	1	0.074074074074074	4.733672569479097e-05	0	0.4910900271113151
cytokines/metabolism	drug interactions	4.985667878543154e-09	1	0.074074074074074	4.504185933886338e-08	0	0.4910900271113151
cytokines/metabolism	multiple myeloma/drug therapy	1.1360814166749831e-05	1	0.074074074074074	4.733672569479097e-05	0	0.4910900271113151
cytokines/metabolism	radiation-protective agents/pharmacology	4.985667878543154e-09	1	0.074074074074074	4.504185933886338e-08	0	0.4910900271113151
cytokines/metabolism	CD36	1.1360814166749831e-05	1	0.074074074074074	4.733672569479097e-05	0	0.4910900271113151
antibodies monoclonal humanized/pharmacology	tumor microenvironment	0.0003039350520657	1	0.074074074074074	0.0008666781229012	0	0.4910900271113151
antibodies monoclonal humanized/pharmacology	cd36 antigens/antagonists &amp; inhibitors	3.10419946414342e-08	1	0.037037037037037	1.7790866494102608e-07	0	0.4910900271113151
antibodies monoclonal humanized/pharmacology	multiple myeloma/drug therapy	3.10419946414342e-08	1	0.037037037037037	1.7790866494102608e-07	0	0.4910900271113151
antibodies monoclonal humanized/pharmacology	CD36	3.10419946414342e-08	1	0.037037037037037	1.7790866494102608e-07	0	0.4910900271113151
cd36 antigens/antagonists &amp; inhibitors	tumor microenvironment	0.0003039350520657	1	0.074074074074074	0.0008666781229012	0	0.4910900271113151
cd36 antigens/antagonists &amp; inhibitors	multiple myeloma/drug therapy	3.10419946414342e-08	1	0.037037037037037	1.7790866494102608e-07	0	0.4910900271113151
cd36 antigens/antagonists &amp; inhibitors	CD36	3.10419946414342e-08	1	0.037037037037037	1.7790866494102608e-07	0	0.4910900271113151
multiple myeloma/drug therapy	tumor microenvironment	0.0003039350520657	1	0.074074074074074	0.0008666781229012	0	0.4910900271113151
multiple myeloma/drug therapy	CD36	3.10419946414342e-08	1	0.037037037037037	1.7790866494102608e-07	0	0.4910900271113151
CD36	tumor microenvironment	0.0003039350520657	1	0.074074074074074	0.0008666781229012	0	0.4910900271113151
PDCD1	RPL17-C18orf32	0.0013676032024639	3	0.0003418803418803	0.0030160070624681	0	0.0511599499132576
PDCD1	RPL17	0.0013676032024639	3	0.0003418803418803	0.0030160070624681	0	0.0511599499132576
RPL17-C18orf32	RPL17	0.0013676032024639	3	0.0003418803418803	0.0030160070624681	0	0.0511599499132576
nivolumab/therapeutic use	cysteine/metabolism	3.10419946414342e-08	1	0.037037037037037	1.7790866494102608e-07	0	0.4910900271113151
nivolumab/therapeutic use	interferon-gamma/immunology	3.10419946414342e-08	1	0.037037037037037	1.7790866494102608e-07	0	0.4910900271113151
nivolumab/therapeutic use	SLC9A1	5.684418575613304e-05	1	0.074074074074074	0.0001786003669477	0	0.4910900271113151
nivolumab/therapeutic use	SLC3A2	3.10419946414342e-08	1	0.037037037037037	1.7790866494102608e-07	0	0.4910900271113151
nivolumab/therapeutic use	b7-h1 antigen/antagonists &amp; inhibitors	0.0001074183449439	1	0.074074074074074	0.0003317499471113	0	0.4910900271113151
nivolumab/therapeutic use	fusion regulatory protein 1 heavy chain/metabolism	3.10419946414342e-08	1	0.037037037037037	1.7790866494102608e-07	0	0.4910900271113151
nivolumab/therapeutic use	amino acid transport system y+/metabolism	0.0002401445231134	1	0.074074074074074	0.0007043559873365	0	0.4910900271113151
nivolumab/therapeutic use	melanoma/genetics	3.10419946414342e-08	1	0.037037037037037	1.7790866494102608e-07	0	0.4910900271113151
cysteine/metabolism	b7-h1 antigen/antagonists &amp; inhibitors	0.0001074183449439	1	0.074074074074074	0.0003317499471113	0	0.4910900271113151
cysteine/metabolism	fusion regulatory protein 1 heavy chain/metabolism	3.10419946414342e-08	1	0.037037037037037	1.7790866494102608e-07	0	0.4910900271113151
cysteine/metabolism	amino acid transport system y+/metabolism	0.0002401445231134	1	0.074074074074074	0.0007043559873365	0	0.4910900271113151
cysteine/metabolism	melanoma/genetics	3.10419946414342e-08	1	0.037037037037037	1.7790866494102608e-07	0	0.4910900271113151
cysteine/metabolism	interferon-gamma/immunology	3.10419946414342e-08	1	0.037037037037037	1.7790866494102608e-07	0	0.4910900271113151
cysteine/metabolism	SLC9A1	5.684418575613304e-05	1	0.074074074074074	0.0001786003669477	0	0.4910900271113151
cysteine/metabolism	SLC3A2	3.10419946414342e-08	1	0.037037037037037	1.7790866494102608e-07	0	0.4910900271113151
interferon-gamma/immunology	b7-h1 antigen/antagonists &amp; inhibitors	0.0001074183449439	1	0.074074074074074	0.0003317499471113	0	0.4910900271113151
interferon-gamma/immunology	fusion regulatory protein 1 heavy chain/metabolism	3.10419946414342e-08	1	0.037037037037037	1.7790866494102608e-07	0	0.4910900271113151
interferon-gamma/immunology	melanoma/genetics	3.10419946414342e-08	1	0.037037037037037	1.7790866494102608e-07	0	0.4910900271113151
interferon-gamma/immunology	amino acid transport system y+/metabolism	0.0002401445231134	1	0.074074074074074	0.0007043559873365	0	0.4910900271113151
interferon-gamma/immunology	SLC9A1	5.684418575613304e-05	1	0.074074074074074	0.0001786003669477	0	0.4910900271113151
interferon-gamma/immunology	SLC3A2	3.10419946414342e-08	1	0.037037037037037	1.7790866494102608e-07	0	0.4910900271113151
SLC9A1	cd8-positive t-lymphocytes/immunology	0.0002033306432434	2	0.0085470085470085	0.0006004672763807	0	0.1788642125673839
SLC9A1	fusion regulatory protein 1 heavy chain/metabolism	5.684418575613304e-05	1	0.074074074074074	0.0001786003669477	0	0.4910900271113151
SLC9A1	gene expression regulation neoplastic/drug effects	1.2986139735438051e-05	1	0.074074074074074	5.274482525598088e-05	0	0.4910900271113151
SLC9A1	amino acid transport system y+/genetics	1.2986139735438051e-05	1	0.074074074074074	5.274482525598088e-05	0	0.4910900271113151
SLC9A1	melanoma/genetics	5.684418575613304e-05	1	0.074074074074074	0.0001786003669477	0	0.4910900271113151
SLC9A1	lipid metabolism/drug effects	1.2986139735438051e-05	1	0.074074074074074	5.274482525598088e-05	0	0.4910900271113151
SLC9A1	antineoplastic agents immunological/administration &amp; dosage	1.2986139735438051e-05	1	0.074074074074074	5.274482525598088e-05	0	0.4910900271113151
SLC9A1	sulfasalazine/administration &amp; dosage	1.2986139735438051e-05	1	0.074074074074074	5.274482525598088e-05	0	0.4910900271113151
SLC9A1	ATM	1.2986139735438051e-05	1	0.074074074074074	5.274482525598088e-05	0	0.4910900271113151
SLC9A1	SLC7A11	0.0001749606033807	2	0.017094017094017	0.0005198624485698	0	0.1788642125673839
SLC9A1	SLC3A2	5.684418575613304e-05	1	0.074074074074074	0.0001786003669477	0	0.4910900271113151
SLC9A1	CD8A	0.0029503525626719	2	0.0284900284900284	0.006173176357683	0	0.1788642125673839
SLC3A2	b7-h1 antigen/antagonists &amp; inhibitors	0.0001074183449439	1	0.074074074074074	0.0003317499471113	0	0.4910900271113151
SLC3A2	fusion regulatory protein 1 heavy chain/metabolism	3.10419946414342e-08	1	0.037037037037037	1.7790866494102608e-07	0	0.4910900271113151
SLC3A2	melanoma/genetics	3.10419946414342e-08	1	0.037037037037037	1.7790866494102608e-07	0	0.4910900271113151
SLC3A2	amino acid transport system y+/metabolism	0.0002401445231134	1	0.074074074074074	0.0007043559873365	0	0.4910900271113151
b7-h1 antigen/antagonists &amp; inhibitors	aniline compounds/pharmacology	0.0001074183449439	1	0.074074074074074	0.0003317499471113	0	0.4910900271113151
b7-h1 antigen/antagonists &amp; inhibitors	t-lymphocytes cytotoxic/drug effects	0.0001074183449439	1	0.074074074074074	0.0003317499471113	0	0.4910900271113151
b7-h1 antigen/antagonists &amp; inhibitors	hyaluronic acid/chemistry	0.0001074183449439	1	0.074074074074074	0.0003317499471113	0	0.4910900271113151
b7-h1 antigen/antagonists &amp; inhibitors	benzylidene compounds/pharmacology	0.0001074183449439	1	0.074074074074074	0.0003317499471113	0	0.4910900271113151
b7-h1 antigen/antagonists &amp; inhibitors	skin neoplasms/drug therapy	0.0001074183449439	1	0.074074074074074	0.0003317499471113	0	0.4910900271113151
b7-h1 antigen/antagonists &amp; inhibitors	tumor escape/drug effects	0.0001074183449439	1	0.074074074074074	0.0003317499471113	0	0.4910900271113151
b7-h1 antigen/antagonists &amp; inhibitors	immune checkpoint inhibitors/pharmacology	0.0001074183449439	1	0.074074074074074	0.0003317499471113	0	0.4910900271113151
b7-h1 antigen/antagonists &amp; inhibitors	drug resistance neoplasm/drug effects	0.0001074183449439	1	0.074074074074074	0.0003317499471113	0	0.4910900271113151
b7-h1 antigen/antagonists &amp; inhibitors	immunologic memory	0.0001074183449439	1	0.074074074074074	0.0003317499471113	0	0.4910900271113151
b7-h1 antigen/antagonists &amp; inhibitors	fusion regulatory protein 1 heavy chain/metabolism	0.0001074183449439	1	0.074074074074074	0.0003317499471113	0	0.4910900271113151
b7-h1 antigen/antagonists &amp; inhibitors	exosomes/drug effects	0.0001074183449439	1	0.074074074074074	0.0003317499471113	0	0.4910900271113151
b7-h1 antigen/antagonists &amp; inhibitors	melanoma/genetics	0.0001074183449439	1	0.074074074074074	0.0003317499471113	0	0.4910900271113151
fusion regulatory protein 1 heavy chain/metabolism	amino acid transport system y+/metabolism	0.0002401445231134	1	0.074074074074074	0.0007043559873365	0	0.4910900271113151
fusion regulatory protein 1 heavy chain/metabolism	melanoma/genetics	3.10419946414342e-08	1	0.037037037037037	1.7790866494102608e-07	0	0.4910900271113151
amino acid transport system y+/metabolism	actins/metabolism	0.0009142822313443	1	0.074074074074074	0.0021059717799036	0	0.4910900271113151
amino acid transport system y+/metabolism	hepatic stellate cells/drug effects	0.0009142822313443	1	0.074074074074074	0.0021059717799036	0	0.4910900271113151
amino acid transport system y+/metabolism	collagen type i/metabolism	0.0009142822313443	1	0.074074074074074	0.0021059717799036	0	0.4910900271113151
amino acid transport system y+/metabolism	liver cirrhosis/drug therapy	0.0009142822313443	1	0.074074074074074	0.0021059717799036	0	0.4910900271113151
amino acid transport system y+/metabolism	hepatocytes/drug effects	0.0009142822313443	1	0.074074074074074	0.0021059717799036	0	0.4910900271113151
amino acid transport system y+/metabolism	sorafenib/pharmacology	0.0009142822313443	1	0.074074074074074	0.0021059717799036	0	0.4910900271113151
amino acid transport system y+/metabolism	SLC7A11	0.0007172013630675	2	0.017094017094017	0.0016800355031468	0	0.1788642125673839
amino acid transport system y+/metabolism	hypoxia-inducible factor 1 alpha subunit/metabolism	0.0009142822313443	1	0.074074074074074	0.0021059717799036	0	0.4910900271113151
amino acid transport system y+/metabolism	MMRN1	0.0009142822313443	1	0.074074074074074	0.0021059717799036	0	0.4910900271113151
amino acid transport system y+/metabolism	HIF1A	0.0009142822313443	1	0.074074074074074	0.0021059717799036	0	0.4910900271113151
amino acid transport system y+/metabolism	melanoma/genetics	0.0002401445231134	1	0.074074074074074	0.0007043559873365	0	0.4910900271113151
amino acid transport system y+/metabolism	cell line	0.0009142822313443	1	0.074074074074074	0.0021059717799036	0	0.4910900271113151
amino acid transport system y+/metabolism	FUT1	0.0009142822313443	1	0.074074074074074	0.0021059717799036	0	0.4910900271113151
amino acid transport system y+/metabolism	FN1	0.0009142822313443	1	0.074074074074074	0.0021059717799036	0	0.4910900271113151
aniline compounds/pharmacology	t-lymphocytes cytotoxic/drug effects	3.10419946414342e-08	1	0.037037037037037	1.7790866494102608e-07	0	0.4910900271113151
aniline compounds/pharmacology	hyaluronic acid/chemistry	3.10419946414342e-08	1	0.037037037037037	1.7790866494102608e-07	0	0.4910900271113151
aniline compounds/pharmacology	benzylidene compounds/pharmacology	3.10419946414342e-08	1	0.037037037037037	1.7790866494102608e-07	0	0.4910900271113151
aniline compounds/pharmacology	cell line tumor/transplantation	0.0001430031506204	1	0.074074074074074	0.0004284185297513	0	0.4910900271113151
aniline compounds/pharmacology	skin neoplasms/drug therapy	3.10419946414342e-08	1	0.037037037037037	1.7790866494102608e-07	0	0.4910900271113151
aniline compounds/pharmacology	tumor escape/drug effects	3.10419946414342e-08	1	0.037037037037037	1.7790866494102608e-07	0	0.4910900271113151
aniline compounds/pharmacology	immune checkpoint inhibitors/pharmacology	3.10419946414342e-08	1	0.037037037037037	1.7790866494102608e-07	0	0.4910900271113151
aniline compounds/pharmacology	drug resistance neoplasm/drug effects	3.10419946414342e-08	1	0.037037037037037	1.7790866494102608e-07	0	0.4910900271113151
aniline compounds/pharmacology	immunologic memory	3.10419946414342e-08	1	0.037037037037037	1.7790866494102608e-07	0	0.4910900271113151
aniline compounds/pharmacology	exosomes/drug effects	3.10419946414342e-08	1	0.037037037037037	1.7790866494102608e-07	0	0.4910900271113151
t-lymphocytes cytotoxic/drug effects	exosomes/drug effects	3.10419946414342e-08	1	0.037037037037037	1.7790866494102608e-07	0	0.4910900271113151
t-lymphocytes cytotoxic/drug effects	immunologic memory	3.10419946414342e-08	1	0.037037037037037	1.7790866494102608e-07	0	0.4910900271113151
t-lymphocytes cytotoxic/drug effects	hyaluronic acid/chemistry	3.10419946414342e-08	1	0.037037037037037	1.7790866494102608e-07	0	0.4910900271113151
t-lymphocytes cytotoxic/drug effects	benzylidene compounds/pharmacology	3.10419946414342e-08	1	0.037037037037037	1.7790866494102608e-07	0	0.4910900271113151
t-lymphocytes cytotoxic/drug effects	cell line tumor/transplantation	0.0001430031506204	1	0.074074074074074	0.0004284185297513	0	0.4910900271113151
t-lymphocytes cytotoxic/drug effects	skin neoplasms/drug therapy	3.10419946414342e-08	1	0.037037037037037	1.7790866494102608e-07	0	0.4910900271113151
t-lymphocytes cytotoxic/drug effects	tumor escape/drug effects	3.10419946414342e-08	1	0.037037037037037	1.7790866494102608e-07	0	0.4910900271113151
t-lymphocytes cytotoxic/drug effects	immune checkpoint inhibitors/pharmacology	3.10419946414342e-08	1	0.037037037037037	1.7790866494102608e-07	0	0.4910900271113151
t-lymphocytes cytotoxic/drug effects	drug resistance neoplasm/drug effects	3.10419946414342e-08	1	0.037037037037037	1.7790866494102608e-07	0	0.4910900271113151
hyaluronic acid/chemistry	exosomes/drug effects	3.10419946414342e-08	1	0.037037037037037	1.7790866494102608e-07	0	0.4910900271113151
hyaluronic acid/chemistry	immunologic memory	3.10419946414342e-08	1	0.037037037037037	1.7790866494102608e-07	0	0.4910900271113151
hyaluronic acid/chemistry	benzylidene compounds/pharmacology	3.10419946414342e-08	1	0.037037037037037	1.7790866494102608e-07	0	0.4910900271113151
hyaluronic acid/chemistry	cell line tumor/transplantation	0.0001430031506204	1	0.074074074074074	0.0004284185297513	0	0.4910900271113151
hyaluronic acid/chemistry	skin neoplasms/drug therapy	3.10419946414342e-08	1	0.037037037037037	1.7790866494102608e-07	0	0.4910900271113151
hyaluronic acid/chemistry	tumor escape/drug effects	3.10419946414342e-08	1	0.037037037037037	1.7790866494102608e-07	0	0.4910900271113151
hyaluronic acid/chemistry	immune checkpoint inhibitors/pharmacology	3.10419946414342e-08	1	0.037037037037037	1.7790866494102608e-07	0	0.4910900271113151
hyaluronic acid/chemistry	drug resistance neoplasm/drug effects	3.10419946414342e-08	1	0.037037037037037	1.7790866494102608e-07	0	0.4910900271113151
benzylidene compounds/pharmacology	exosomes/drug effects	3.10419946414342e-08	1	0.037037037037037	1.7790866494102608e-07	0	0.4910900271113151
benzylidene compounds/pharmacology	immunologic memory	3.10419946414342e-08	1	0.037037037037037	1.7790866494102608e-07	0	0.4910900271113151
benzylidene compounds/pharmacology	skin neoplasms/drug therapy	3.10419946414342e-08	1	0.037037037037037	1.7790866494102608e-07	0	0.4910900271113151
benzylidene compounds/pharmacology	tumor escape/drug effects	3.10419946414342e-08	1	0.037037037037037	1.7790866494102608e-07	0	0.4910900271113151
benzylidene compounds/pharmacology	immune checkpoint inhibitors/pharmacology	3.10419946414342e-08	1	0.037037037037037	1.7790866494102608e-07	0	0.4910900271113151
benzylidene compounds/pharmacology	drug resistance neoplasm/drug effects	3.10419946414342e-08	1	0.037037037037037	1.7790866494102608e-07	0	0.4910900271113151
benzylidene compounds/pharmacology	cell line tumor/transplantation	0.0001430031506204	1	0.074074074074074	0.0004284185297513	0	0.4910900271113151
cell line tumor/transplantation	myeloid-derived suppressor cells/immunology	0.0002443386631932	1	0.074074074074074	0.0007043559873365	0	0.4910900271113151
cell line tumor/transplantation	exosomes/drug effects	0.0001430031506204	1	0.074074074074074	0.0004284185297513	0	0.4910900271113151
cell line tumor/transplantation	immunologic memory	0.0001430031506204	1	0.074074074074074	0.0004284185297513	0	0.4910900271113151
cell line tumor/transplantation	neutral ceramidase/antagonists &amp; inhibitors	0.0002443386631932	1	0.074074074074074	0.0007043559873365	0	0.4910900271113151
cell line tumor/transplantation	lymphocytes tumor-infiltrating/immunology	0.0002443386631932	1	0.074074074074074	0.0007043559873365	0	0.4910900271113151
cell line tumor/transplantation	t-lymphocytes/immunology	0.0002443386631932	1	0.074074074074074	0.0007043559873365	0	0.4910900271113151
cell line tumor/transplantation	skin neoplasms/drug therapy	0.0001430031506204	1	0.074074074074074	0.0004284185297513	0	0.4910900271113151
cell line tumor/transplantation	membrane proteins/metabolism	0.0002443386631932	1	0.074074074074074	0.0007043559873365	0	0.4910900271113151
cell line tumor/transplantation	tumor microenvironment/drug effects	0.0026517634703525	2	0.017094017094017	0.0055846870472203	0	0.1788642125673839
cell line tumor/transplantation	tumor escape/drug effects	0.0001430031506204	1	0.074074074074074	0.0004284185297513	0	0.4910900271113151
cell line tumor/transplantation	immune checkpoint inhibitors/pharmacology	0.0001430031506204	1	0.074074074074074	0.0004284185297513	0	0.4910900271113151
cell line tumor/transplantation	colonic neoplasms/drug therapy	0.0002443386631932	1	0.074074074074074	0.0007043559873365	0	0.4910900271113151
cell line tumor/transplantation	heme oxygenase-1/metabolism	0.0002443386631932	1	0.074074074074074	0.0007043559873365	0	0.4910900271113151
cell line tumor/transplantation	drug resistance neoplasm/drug effects	0.0001430031506204	1	0.074074074074074	0.0004284185297513	0	0.4910900271113151
cell line tumor/transplantation	HMOX1	0.0002443386631932	1	0.074074074074074	0.0007043559873365	0	0.4910900271113151
cell line tumor/transplantation	ASAH2	0.0002443386631932	1	0.074074074074074	0.0007043559873365	0	0.4910900271113151
skin neoplasms/drug therapy	exosomes/drug effects	3.10419946414342e-08	1	0.037037037037037	1.7790866494102608e-07	0	0.4910900271113151
skin neoplasms/drug therapy	immunologic memory	3.10419946414342e-08	1	0.037037037037037	1.7790866494102608e-07	0	0.4910900271113151
skin neoplasms/drug therapy	tumor escape/drug effects	3.10419946414342e-08	1	0.037037037037037	1.7790866494102608e-07	0	0.4910900271113151
skin neoplasms/drug therapy	immune checkpoint inhibitors/pharmacology	3.10419946414342e-08	1	0.037037037037037	1.7790866494102608e-07	0	0.4910900271113151
skin neoplasms/drug therapy	drug resistance neoplasm/drug effects	3.10419946414342e-08	1	0.037037037037037	1.7790866494102608e-07	0	0.4910900271113151
tumor escape/drug effects	exosomes/drug effects	3.10419946414342e-08	1	0.037037037037037	1.7790866494102608e-07	0	0.4910900271113151
tumor escape/drug effects	immunologic memory	3.10419946414342e-08	1	0.037037037037037	1.7790866494102608e-07	0	0.4910900271113151
tumor escape/drug effects	immune checkpoint inhibitors/pharmacology	3.10419946414342e-08	1	0.037037037037037	1.7790866494102608e-07	0	0.4910900271113151
tumor escape/drug effects	drug resistance neoplasm/drug effects	3.10419946414342e-08	1	0.037037037037037	1.7790866494102608e-07	0	0.4910900271113151
immune checkpoint inhibitors/pharmacology	exosomes/drug effects	3.10419946414342e-08	1	0.037037037037037	1.7790866494102608e-07	0	0.4910900271113151
immune checkpoint inhibitors/pharmacology	immunologic memory	3.10419946414342e-08	1	0.037037037037037	1.7790866494102608e-07	0	0.4910900271113151
immune checkpoint inhibitors/pharmacology	drug resistance neoplasm/drug effects	3.10419946414342e-08	1	0.037037037037037	1.7790866494102608e-07	0	0.4910900271113151
drug resistance neoplasm/drug effects	exosomes/drug effects	3.10419946414342e-08	1	0.037037037037037	1.7790866494102608e-07	0	0.4910900271113151
drug resistance neoplasm/drug effects	immunologic memory	3.10419946414342e-08	1	0.037037037037037	1.7790866494102608e-07	0	0.4910900271113151
immunologic memory	exosomes/drug effects	3.10419946414342e-08	1	0.037037037037037	1.7790866494102608e-07	0	0.4910900271113151
actins/metabolism	hepatic stellate cells/drug effects	5.729556236344635e-06	1	0.037037037037037	2.468902390103929e-05	0	0.4910900271113151
actins/metabolism	collagen type i/metabolism	5.729556236344635e-06	1	0.037037037037037	2.468902390103929e-05	0	0.4910900271113151
actins/metabolism	hepatocytes/drug effects	5.729556236344635e-06	1	0.037037037037037	2.468902390103929e-05	0	0.4910900271113151
actins/metabolism	cell line	5.729556236344635e-06	1	0.037037037037037	2.468902390103929e-05	0	0.4910900271113151
actins/metabolism	FUT1	5.729556236344635e-06	1	0.037037037037037	2.468902390103929e-05	0	0.4910900271113151
actins/metabolism	FN1	5.729556236344635e-06	1	0.037037037037037	2.468902390103929e-05	0	0.4910900271113151
actins/metabolism	MMRN1	5.729556236344635e-06	1	0.037037037037037	2.468902390103929e-05	0	0.4910900271113151
actins/metabolism	HIF1A	5.729556236344635e-06	1	0.037037037037037	2.468902390103929e-05	0	0.4910900271113151
actins/metabolism	liver cirrhosis/drug therapy	5.729556236344635e-06	1	0.037037037037037	2.468902390103929e-05	0	0.4910900271113151
actins/metabolism	sorafenib/pharmacology	5.729556236344635e-06	1	0.037037037037037	2.468902390103929e-05	0	0.4910900271113151
actins/metabolism	hypoxia-inducible factor 1 alpha subunit/metabolism	5.729556236344635e-06	1	0.037037037037037	2.468902390103929e-05	0	0.4910900271113151
hepatic stellate cells/drug effects	collagen type i/metabolism	5.729556236344635e-06	1	0.037037037037037	2.468902390103929e-05	0	0.4910900271113151
hepatic stellate cells/drug effects	liver cirrhosis/drug therapy	5.729556236344635e-06	1	0.037037037037037	2.468902390103929e-05	0	0.4910900271113151
hepatic stellate cells/drug effects	sorafenib/pharmacology	5.729556236344635e-06	1	0.037037037037037	2.468902390103929e-05	0	0.4910900271113151
hepatic stellate cells/drug effects	hypoxia-inducible factor 1 alpha subunit/metabolism	5.729556236344635e-06	1	0.037037037037037	2.468902390103929e-05	0	0.4910900271113151
hepatic stellate cells/drug effects	cell line	5.729556236344635e-06	1	0.037037037037037	2.468902390103929e-05	0	0.4910900271113151
hepatic stellate cells/drug effects	FUT1	5.729556236344635e-06	1	0.037037037037037	2.468902390103929e-05	0	0.4910900271113151
hepatic stellate cells/drug effects	FN1	5.729556236344635e-06	1	0.037037037037037	2.468902390103929e-05	0	0.4910900271113151
hepatic stellate cells/drug effects	MMRN1	5.729556236344635e-06	1	0.037037037037037	2.468902390103929e-05	0	0.4910900271113151
hepatic stellate cells/drug effects	HIF1A	5.729556236344635e-06	1	0.037037037037037	2.468902390103929e-05	0	0.4910900271113151
hepatic stellate cells/drug effects	hepatocytes/drug effects	5.729556236344635e-06	1	0.037037037037037	2.468902390103929e-05	0	0.4910900271113151
collagen type i/metabolism	liver cirrhosis/drug therapy	5.729556236344635e-06	1	0.037037037037037	2.468902390103929e-05	0	0.4910900271113151
collagen type i/metabolism	sorafenib/pharmacology	5.729556236344635e-06	1	0.037037037037037	2.468902390103929e-05	0	0.4910900271113151
collagen type i/metabolism	hypoxia-inducible factor 1 alpha subunit/metabolism	5.729556236344635e-06	1	0.037037037037037	2.468902390103929e-05	0	0.4910900271113151
collagen type i/metabolism	hepatocytes/drug effects	5.729556236344635e-06	1	0.037037037037037	2.468902390103929e-05	0	0.4910900271113151
collagen type i/metabolism	cell line	5.729556236344635e-06	1	0.037037037037037	2.468902390103929e-05	0	0.4910900271113151
collagen type i/metabolism	FUT1	5.729556236344635e-06	1	0.037037037037037	2.468902390103929e-05	0	0.4910900271113151
collagen type i/metabolism	FN1	5.729556236344635e-06	1	0.037037037037037	2.468902390103929e-05	0	0.4910900271113151
collagen type i/metabolism	MMRN1	5.729556236344635e-06	1	0.037037037037037	2.468902390103929e-05	0	0.4910900271113151
collagen type i/metabolism	HIF1A	5.729556236344635e-06	1	0.037037037037037	2.468902390103929e-05	0	0.4910900271113151
hepatocytes/drug effects	liver cirrhosis/drug therapy	5.729556236344635e-06	1	0.037037037037037	2.468902390103929e-05	0	0.4910900271113151
hepatocytes/drug effects	sorafenib/pharmacology	5.729556236344635e-06	1	0.037037037037037	2.468902390103929e-05	0	0.4910900271113151
hepatocytes/drug effects	hypoxia-inducible factor 1 alpha subunit/metabolism	5.729556236344635e-06	1	0.037037037037037	2.468902390103929e-05	0	0.4910900271113151
hepatocytes/drug effects	MMRN1	5.729556236344635e-06	1	0.037037037037037	2.468902390103929e-05	0	0.4910900271113151
hepatocytes/drug effects	HIF1A	5.729556236344635e-06	1	0.037037037037037	2.468902390103929e-05	0	0.4910900271113151
hepatocytes/drug effects	cell line	5.729556236344635e-06	1	0.037037037037037	2.468902390103929e-05	0	0.4910900271113151
hepatocytes/drug effects	FUT1	5.729556236344635e-06	1	0.037037037037037	2.468902390103929e-05	0	0.4910900271113151
hepatocytes/drug effects	FN1	5.729556236344635e-06	1	0.037037037037037	2.468902390103929e-05	0	0.4910900271113151
cell line	liver cirrhosis/drug therapy	5.729556236344635e-06	1	0.037037037037037	2.468902390103929e-05	0	0.4910900271113151
cell line	sorafenib/pharmacology	5.729556236344635e-06	1	0.037037037037037	2.468902390103929e-05	0	0.4910900271113151
cell line	hypoxia-inducible factor 1 alpha subunit/metabolism	5.729556236344635e-06	1	0.037037037037037	2.468902390103929e-05	0	0.4910900271113151
cell line	FUT1	5.729556236344635e-06	1	0.037037037037037	2.468902390103929e-05	0	0.4910900271113151
cell line	FN1	5.729556236344635e-06	1	0.037037037037037	2.468902390103929e-05	0	0.4910900271113151
cell line	MMRN1	5.729556236344635e-06	1	0.037037037037037	2.468902390103929e-05	0	0.4910900271113151
cell line	HIF1A	5.729556236344635e-06	1	0.037037037037037	2.468902390103929e-05	0	0.4910900271113151
FUT1	liver cirrhosis/drug therapy	5.729556236344635e-06	1	0.037037037037037	2.468902390103929e-05	0	0.4910900271113151
FUT1	sorafenib/pharmacology	5.729556236344635e-06	1	0.037037037037037	2.468902390103929e-05	0	0.4910900271113151
FUT1	hypoxia-inducible factor 1 alpha subunit/metabolism	5.729556236344635e-06	1	0.037037037037037	2.468902390103929e-05	0	0.4910900271113151
FUT1	FN1	5.729556236344635e-06	1	0.037037037037037	2.468902390103929e-05	0	0.4910900271113151
FUT1	MMRN1	5.729556236344635e-06	1	0.037037037037037	2.468902390103929e-05	0	0.4910900271113151
FUT1	HIF1A	5.729556236344635e-06	1	0.037037037037037	2.468902390103929e-05	0	0.4910900271113151
FN1	liver cirrhosis/drug therapy	5.729556236344635e-06	1	0.037037037037037	2.468902390103929e-05	0	0.4910900271113151
FN1	sorafenib/pharmacology	5.729556236344635e-06	1	0.037037037037037	2.468902390103929e-05	0	0.4910900271113151
FN1	hypoxia-inducible factor 1 alpha subunit/metabolism	5.729556236344635e-06	1	0.037037037037037	2.468902390103929e-05	0	0.4910900271113151
FN1	MMRN1	5.729556236344635e-06	1	0.037037037037037	2.468902390103929e-05	0	0.4910900271113151
FN1	HIF1A	5.729556236344635e-06	1	0.037037037037037	2.468902390103929e-05	0	0.4910900271113151
MMRN1	liver cirrhosis/drug therapy	5.729556236344635e-06	1	0.037037037037037	2.468902390103929e-05	0	0.4910900271113151
MMRN1	sorafenib/pharmacology	5.729556236344635e-06	1	0.037037037037037	2.468902390103929e-05	0	0.4910900271113151
MMRN1	hypoxia-inducible factor 1 alpha subunit/metabolism	5.729556236344635e-06	1	0.037037037037037	2.468902390103929e-05	0	0.4910900271113151
MMRN1	HIF1A	5.729556236344635e-06	1	0.037037037037037	2.468902390103929e-05	0	0.4910900271113151
HIF1A	liver cirrhosis/drug therapy	5.729556236344635e-06	1	0.037037037037037	2.468902390103929e-05	0	0.4910900271113151
HIF1A	sorafenib/pharmacology	5.729556236344635e-06	1	0.037037037037037	2.468902390103929e-05	0	0.4910900271113151
HIF1A	hypoxia-inducible factor 1 alpha subunit/metabolism	5.729556236344635e-06	1	0.037037037037037	2.468902390103929e-05	0	0.4910900271113151
liver cirrhosis/drug therapy	sorafenib/pharmacology	5.729556236344635e-06	1	0.037037037037037	2.468902390103929e-05	0	0.4910900271113151
liver cirrhosis/drug therapy	hypoxia-inducible factor 1 alpha subunit/metabolism	5.729556236344635e-06	1	0.037037037037037	2.468902390103929e-05	0	0.4910900271113151
sorafenib/pharmacology	hypoxia-inducible factor 1 alpha subunit/metabolism	5.729556236344635e-06	1	0.037037037037037	2.468902390103929e-05	0	0.4910900271113151
lymphocytes tumor-infiltrating/immunology	myeloid-derived suppressor cells/immunology	2.489102346459049e-07	1	0.037037037037037	1.3318075285481996e-06	0	0.4910900271113151
lymphocytes tumor-infiltrating/immunology	neutral ceramidase/antagonists &amp; inhibitors	2.489102346459049e-07	1	0.037037037037037	1.3318075285481996e-06	0	0.4910900271113151
lymphocytes tumor-infiltrating/immunology	t-lymphocytes/immunology	2.489102346459049e-07	1	0.037037037037037	1.3318075285481996e-06	0	0.4910900271113151
lymphocytes tumor-infiltrating/immunology	membrane proteins/metabolism	2.489102346459049e-07	1	0.037037037037037	1.3318075285481996e-06	0	0.4910900271113151
lymphocytes tumor-infiltrating/immunology	colonic neoplasms/drug therapy	2.489102346459049e-07	1	0.037037037037037	1.3318075285481996e-06	0	0.4910900271113151
lymphocytes tumor-infiltrating/immunology	heme oxygenase-1/metabolism	2.489102346459049e-07	1	0.037037037037037	1.3318075285481996e-06	0	0.4910900271113151
lymphocytes tumor-infiltrating/immunology	HMOX1	2.489102346459049e-07	1	0.037037037037037	1.3318075285481996e-06	0	0.4910900271113151
lymphocytes tumor-infiltrating/immunology	ASAH2	2.489102346459049e-07	1	0.037037037037037	1.3318075285481996e-06	0	0.4910900271113151
t-lymphocytes/immunology	myeloid-derived suppressor cells/immunology	2.489102346459049e-07	1	0.037037037037037	1.3318075285481996e-06	0	0.4910900271113151
t-lymphocytes/immunology	membrane proteins/metabolism	2.489102346459049e-07	1	0.037037037037037	1.3318075285481996e-06	0	0.4910900271113151
t-lymphocytes/immunology	colonic neoplasms/drug therapy	2.489102346459049e-07	1	0.037037037037037	1.3318075285481996e-06	0	0.4910900271113151
t-lymphocytes/immunology	heme oxygenase-1/metabolism	2.489102346459049e-07	1	0.037037037037037	1.3318075285481996e-06	0	0.4910900271113151
t-lymphocytes/immunology	neutral ceramidase/antagonists &amp; inhibitors	2.489102346459049e-07	1	0.037037037037037	1.3318075285481996e-06	0	0.4910900271113151
t-lymphocytes/immunology	HMOX1	2.489102346459049e-07	1	0.037037037037037	1.3318075285481996e-06	0	0.4910900271113151
t-lymphocytes/immunology	ASAH2	2.489102346459049e-07	1	0.037037037037037	1.3318075285481996e-06	0	0.4910900271113151
membrane proteins/metabolism	myeloid-derived suppressor cells/immunology	2.489102346459049e-07	1	0.037037037037037	1.3318075285481996e-06	0	0.4910900271113151
membrane proteins/metabolism	neutral ceramidase/antagonists &amp; inhibitors	2.489102346459049e-07	1	0.037037037037037	1.3318075285481996e-06	0	0.4910900271113151
membrane proteins/metabolism	colonic neoplasms/drug therapy	2.489102346459049e-07	1	0.037037037037037	1.3318075285481996e-06	0	0.4910900271113151
membrane proteins/metabolism	heme oxygenase-1/metabolism	2.489102346459049e-07	1	0.037037037037037	1.3318075285481996e-06	0	0.4910900271113151
membrane proteins/metabolism	HMOX1	2.489102346459049e-07	1	0.037037037037037	1.3318075285481996e-06	0	0.4910900271113151
membrane proteins/metabolism	ASAH2	2.489102346459049e-07	1	0.037037037037037	1.3318075285481996e-06	0	0.4910900271113151
colonic neoplasms/drug therapy	myeloid-derived suppressor cells/immunology	2.489102346459049e-07	1	0.037037037037037	1.3318075285481996e-06	0	0.4910900271113151
colonic neoplasms/drug therapy	neutral ceramidase/antagonists &amp; inhibitors	2.489102346459049e-07	1	0.037037037037037	1.3318075285481996e-06	0	0.4910900271113151
colonic neoplasms/drug therapy	heme oxygenase-1/metabolism	2.489102346459049e-07	1	0.037037037037037	1.3318075285481996e-06	0	0.4910900271113151
colonic neoplasms/drug therapy	HMOX1	2.489102346459049e-07	1	0.037037037037037	1.3318075285481996e-06	0	0.4910900271113151
colonic neoplasms/drug therapy	ASAH2	2.489102346459049e-07	1	0.037037037037037	1.3318075285481996e-06	0	0.4910900271113151
heme oxygenase-1/metabolism	myeloid-derived suppressor cells/immunology	2.489102346459049e-07	1	0.037037037037037	1.3318075285481996e-06	0	0.4910900271113151
heme oxygenase-1/metabolism	neutral ceramidase/antagonists &amp; inhibitors	2.489102346459049e-07	1	0.037037037037037	1.3318075285481996e-06	0	0.4910900271113151
heme oxygenase-1/metabolism	HMOX1	2.489102346459049e-07	1	0.037037037037037	1.3318075285481996e-06	0	0.4910900271113151
heme oxygenase-1/metabolism	ASAH2	2.489102346459049e-07	1	0.037037037037037	1.3318075285481996e-06	0	0.4910900271113151
HMOX1	myeloid-derived suppressor cells/immunology	2.489102346459049e-07	1	0.037037037037037	1.3318075285481996e-06	0	0.4910900271113151
HMOX1	neutral ceramidase/antagonists &amp; inhibitors	2.489102346459049e-07	1	0.037037037037037	1.3318075285481996e-06	0	0.4910900271113151
HMOX1	ASAH2	2.489102346459049e-07	1	0.037037037037037	1.3318075285481996e-06	0	0.4910900271113151
ASAH2	myeloid-derived suppressor cells/immunology	2.489102346459049e-07	1	0.037037037037037	1.3318075285481996e-06	0	0.4910900271113151
ASAH2	neutral ceramidase/antagonists &amp; inhibitors	2.489102346459049e-07	1	0.037037037037037	1.3318075285481996e-06	0	0.4910900271113151
myeloid-derived suppressor cells/immunology	neutral ceramidase/antagonists &amp; inhibitors	2.489102346459049e-07	1	0.037037037037037	1.3318075285481996e-06	0	0.4910900271113151
macrophages	phospholipid hydroperoxide glutathione peroxidase/genetics	1.9022900062282133e-05	1	0.037037037037037	6.333686587901055e-05	0	0.4910900271113151
macrophages	KDM8	1.9022900062282133e-05	1	0.037037037037037	6.333686587901055e-05	0	0.4910900271113151
macrophages	tumor microenvironment	0.0015625643362536	1	0.074074074074074	0.0033615998331867	0	0.4910900271113151
macrophages	STING1	1.9022900062282133e-05	1	0.037037037037037	6.333686587901055e-05	0	0.4910900271113151
macrophages	dna	1.9022900062282133e-05	1	0.037037037037037	6.333686587901055e-05	0	0.4910900271113151
macrophages	membrane proteins/genetics	1.9022900062282133e-05	1	0.037037037037037	6.333686587901055e-05	0	0.4910900271113151
macrophages	quinoxalines/pharmacology	1.9022900062282133e-05	1	0.037037037037037	6.333686587901055e-05	0	0.4910900271113151
macrophages	biomarkers tumor	1.9022900062282133e-05	1	0.037037037037037	6.333686587901055e-05	0	0.4910900271113151
macrophages	cell transformation neoplastic/genetics	1.9022900062282133e-05	1	0.037037037037037	6.333686587901055e-05	0	0.4910900271113151
macrophages	carcinoma pancreatic ductal/metabolism	1.9022900062282133e-05	1	0.037037037037037	6.333686587901055e-05	0	0.4910900271113151
macrophages	diet	1.9022900062282133e-05	1	0.037037037037037	6.333686587901055e-05	0	0.4910900271113151
macrophages	spiro compounds/pharmacology	1.9022900062282133e-05	1	0.037037037037037	6.333686587901055e-05	0	0.4910900271113151
macrophages	proto-oncogene proteins p21(ras)/metabolism	1.9022900062282133e-05	1	0.037037037037037	6.333686587901055e-05	0	0.4910900271113151
macrophages	pancreatitis/genetics	1.9022900062282133e-05	1	0.037037037037037	6.333686587901055e-05	0	0.4910900271113151
macrophages	pancreas/metabolism	1.9022900062282133e-05	1	0.037037037037037	6.333686587901055e-05	0	0.4910900271113151
phospholipid hydroperoxide glutathione peroxidase/genetics	tumor microenvironment	0.0015625643362536	1	0.074074074074074	0.0033615998331867	0	0.4910900271113151
phospholipid hydroperoxide glutathione peroxidase/genetics	dna	1.9022900062282133e-05	1	0.037037037037037	6.333686587901055e-05	0	0.4910900271113151
phospholipid hydroperoxide glutathione peroxidase/genetics	membrane proteins/genetics	1.9022900062282133e-05	1	0.037037037037037	6.333686587901055e-05	0	0.4910900271113151
phospholipid hydroperoxide glutathione peroxidase/genetics	quinoxalines/pharmacology	1.9022900062282133e-05	1	0.037037037037037	6.333686587901055e-05	0	0.4910900271113151
phospholipid hydroperoxide glutathione peroxidase/genetics	biomarkers tumor	1.9022900062282133e-05	1	0.037037037037037	6.333686587901055e-05	0	0.4910900271113151
phospholipid hydroperoxide glutathione peroxidase/genetics	cell transformation neoplastic/genetics	1.9022900062282133e-05	1	0.037037037037037	6.333686587901055e-05	0	0.4910900271113151
phospholipid hydroperoxide glutathione peroxidase/genetics	spiro compounds/pharmacology	1.9022900062282133e-05	1	0.037037037037037	6.333686587901055e-05	0	0.4910900271113151
phospholipid hydroperoxide glutathione peroxidase/genetics	proto-oncogene proteins p21(ras)/metabolism	1.9022900062282133e-05	1	0.037037037037037	6.333686587901055e-05	0	0.4910900271113151
phospholipid hydroperoxide glutathione peroxidase/genetics	KDM8	1.9022900062282133e-05	1	0.037037037037037	6.333686587901055e-05	0	0.4910900271113151
phospholipid hydroperoxide glutathione peroxidase/genetics	STING1	1.9022900062282133e-05	1	0.037037037037037	6.333686587901055e-05	0	0.4910900271113151
phospholipid hydroperoxide glutathione peroxidase/genetics	carcinoma pancreatic ductal/metabolism	1.9022900062282133e-05	1	0.037037037037037	6.333686587901055e-05	0	0.4910900271113151
phospholipid hydroperoxide glutathione peroxidase/genetics	diet	1.9022900062282133e-05	1	0.037037037037037	6.333686587901055e-05	0	0.4910900271113151
phospholipid hydroperoxide glutathione peroxidase/genetics	pancreatitis/genetics	1.9022900062282133e-05	1	0.037037037037037	6.333686587901055e-05	0	0.4910900271113151
phospholipid hydroperoxide glutathione peroxidase/genetics	pancreas/metabolism	1.9022900062282133e-05	1	0.037037037037037	6.333686587901055e-05	0	0.4910900271113151
KDM8	tumor microenvironment	0.0015625643362536	1	0.074074074074074	0.0033615998331867	0	0.4910900271113151
KDM8	dna	1.9022900062282133e-05	1	0.037037037037037	6.333686587901055e-05	0	0.4910900271113151
KDM8	membrane proteins/genetics	1.9022900062282133e-05	1	0.037037037037037	6.333686587901055e-05	0	0.4910900271113151
KDM8	quinoxalines/pharmacology	1.9022900062282133e-05	1	0.037037037037037	6.333686587901055e-05	0	0.4910900271113151
KDM8	biomarkers tumor	1.9022900062282133e-05	1	0.037037037037037	6.333686587901055e-05	0	0.4910900271113151
KDM8	cell transformation neoplastic/genetics	1.9022900062282133e-05	1	0.037037037037037	6.333686587901055e-05	0	0.4910900271113151
KDM8	spiro compounds/pharmacology	1.9022900062282133e-05	1	0.037037037037037	6.333686587901055e-05	0	0.4910900271113151
KDM8	proto-oncogene proteins p21(ras)/metabolism	1.9022900062282133e-05	1	0.037037037037037	6.333686587901055e-05	0	0.4910900271113151
KDM8	carcinoma pancreatic ductal/metabolism	1.9022900062282133e-05	1	0.037037037037037	6.333686587901055e-05	0	0.4910900271113151
KDM8	diet	1.9022900062282133e-05	1	0.037037037037037	6.333686587901055e-05	0	0.4910900271113151
KDM8	pancreatitis/genetics	1.9022900062282133e-05	1	0.037037037037037	6.333686587901055e-05	0	0.4910900271113151
KDM8	pancreas/metabolism	1.9022900062282133e-05	1	0.037037037037037	6.333686587901055e-05	0	0.4910900271113151
KDM8	STING1	1.9022900062282133e-05	1	0.037037037037037	6.333686587901055e-05	0	0.4910900271113151
tumor microenvironment	dna	0.0015625643362536	1	0.074074074074074	0.0033615998331867	0	0.4910900271113151
tumor microenvironment	membrane proteins/genetics	0.0015625643362536	1	0.074074074074074	0.0033615998331867	0	0.4910900271113151
tumor microenvironment	quinoxalines/pharmacology	0.0015625643362536	1	0.074074074074074	0.0033615998331867	0	0.4910900271113151
tumor microenvironment	biomarkers tumor	0.0015625643362536	1	0.074074074074074	0.0033615998331867	0	0.4910900271113151
tumor microenvironment	cell transformation neoplastic/genetics	0.0015625643362536	1	0.074074074074074	0.0033615998331867	0	0.4910900271113151
tumor microenvironment	carcinoma pancreatic ductal/metabolism	0.0015625643362536	1	0.074074074074074	0.0033615998331867	0	0.4910900271113151
tumor microenvironment	diet	0.0015625643362536	1	0.074074074074074	0.0033615998331867	0	0.4910900271113151
tumor microenvironment	spiro compounds/pharmacology	0.0015625643362536	1	0.074074074074074	0.0033615998331867	0	0.4910900271113151
tumor microenvironment	proto-oncogene proteins p21(ras)/metabolism	0.0015625643362536	1	0.074074074074074	0.0033615998331867	0	0.4910900271113151
tumor microenvironment	pancreatitis/genetics	0.0015625643362536	1	0.074074074074074	0.0033615998331867	0	0.4910900271113151
tumor microenvironment	pancreas/metabolism	0.0015625643362536	1	0.074074074074074	0.0033615998331867	0	0.4910900271113151
tumor microenvironment	STING1	0.0015625643362536	1	0.074074074074074	0.0033615998331867	0	0.4910900271113151
STING1	dna	1.9022900062282133e-05	1	0.037037037037037	6.333686587901055e-05	0	0.4910900271113151
STING1	membrane proteins/genetics	1.9022900062282133e-05	1	0.037037037037037	6.333686587901055e-05	0	0.4910900271113151
STING1	quinoxalines/pharmacology	1.9022900062282133e-05	1	0.037037037037037	6.333686587901055e-05	0	0.4910900271113151
STING1	biomarkers tumor	1.9022900062282133e-05	1	0.037037037037037	6.333686587901055e-05	0	0.4910900271113151
STING1	cell transformation neoplastic/genetics	1.9022900062282133e-05	1	0.037037037037037	6.333686587901055e-05	0	0.4910900271113151
STING1	spiro compounds/pharmacology	1.9022900062282133e-05	1	0.037037037037037	6.333686587901055e-05	0	0.4910900271113151
STING1	proto-oncogene proteins p21(ras)/metabolism	1.9022900062282133e-05	1	0.037037037037037	6.333686587901055e-05	0	0.4910900271113151
STING1	carcinoma pancreatic ductal/metabolism	1.9022900062282133e-05	1	0.037037037037037	6.333686587901055e-05	0	0.4910900271113151
STING1	diet	1.9022900062282133e-05	1	0.037037037037037	6.333686587901055e-05	0	0.4910900271113151
STING1	pancreatitis/genetics	1.9022900062282133e-05	1	0.037037037037037	6.333686587901055e-05	0	0.4910900271113151
STING1	pancreas/metabolism	1.9022900062282133e-05	1	0.037037037037037	6.333686587901055e-05	0	0.4910900271113151
dna	proto-oncogene proteins p21(ras)/metabolism	1.9022900062282133e-05	1	0.037037037037037	6.333686587901055e-05	0	0.4910900271113151
dna	pancreatitis/genetics	1.9022900062282133e-05	1	0.037037037037037	6.333686587901055e-05	0	0.4910900271113151
dna	pancreas/metabolism	1.9022900062282133e-05	1	0.037037037037037	6.333686587901055e-05	0	0.4910900271113151
dna	membrane proteins/genetics	1.9022900062282133e-05	1	0.037037037037037	6.333686587901055e-05	0	0.4910900271113151
dna	quinoxalines/pharmacology	1.9022900062282133e-05	1	0.037037037037037	6.333686587901055e-05	0	0.4910900271113151
dna	biomarkers tumor	1.9022900062282133e-05	1	0.037037037037037	6.333686587901055e-05	0	0.4910900271113151
dna	cell transformation neoplastic/genetics	1.9022900062282133e-05	1	0.037037037037037	6.333686587901055e-05	0	0.4910900271113151
dna	carcinoma pancreatic ductal/metabolism	1.9022900062282133e-05	1	0.037037037037037	6.333686587901055e-05	0	0.4910900271113151
dna	diet	1.9022900062282133e-05	1	0.037037037037037	6.333686587901055e-05	0	0.4910900271113151
dna	spiro compounds/pharmacology	1.9022900062282133e-05	1	0.037037037037037	6.333686587901055e-05	0	0.4910900271113151
membrane proteins/genetics	cell transformation neoplastic/genetics	1.9022900062282133e-05	1	0.037037037037037	6.333686587901055e-05	0	0.4910900271113151
membrane proteins/genetics	carcinoma pancreatic ductal/metabolism	1.9022900062282133e-05	1	0.037037037037037	6.333686587901055e-05	0	0.4910900271113151
membrane proteins/genetics	diet	1.9022900062282133e-05	1	0.037037037037037	6.333686587901055e-05	0	0.4910900271113151
membrane proteins/genetics	spiro compounds/pharmacology	1.9022900062282133e-05	1	0.037037037037037	6.333686587901055e-05	0	0.4910900271113151
membrane proteins/genetics	proto-oncogene proteins p21(ras)/metabolism	1.9022900062282133e-05	1	0.037037037037037	6.333686587901055e-05	0	0.4910900271113151
membrane proteins/genetics	pancreatitis/genetics	1.9022900062282133e-05	1	0.037037037037037	6.333686587901055e-05	0	0.4910900271113151
membrane proteins/genetics	pancreas/metabolism	1.9022900062282133e-05	1	0.037037037037037	6.333686587901055e-05	0	0.4910900271113151
membrane proteins/genetics	quinoxalines/pharmacology	1.9022900062282133e-05	1	0.037037037037037	6.333686587901055e-05	0	0.4910900271113151
membrane proteins/genetics	biomarkers tumor	1.9022900062282133e-05	1	0.037037037037037	6.333686587901055e-05	0	0.4910900271113151
quinoxalines/pharmacology	biomarkers tumor	1.9022900062282133e-05	1	0.037037037037037	6.333686587901055e-05	0	0.4910900271113151
quinoxalines/pharmacology	cell transformation neoplastic/genetics	1.9022900062282133e-05	1	0.037037037037037	6.333686587901055e-05	0	0.4910900271113151
quinoxalines/pharmacology	carcinoma pancreatic ductal/metabolism	1.9022900062282133e-05	1	0.037037037037037	6.333686587901055e-05	0	0.4910900271113151
quinoxalines/pharmacology	diet	1.9022900062282133e-05	1	0.037037037037037	6.333686587901055e-05	0	0.4910900271113151
quinoxalines/pharmacology	spiro compounds/pharmacology	1.9022900062282133e-05	1	0.037037037037037	6.333686587901055e-05	0	0.4910900271113151
quinoxalines/pharmacology	proto-oncogene proteins p21(ras)/metabolism	1.9022900062282133e-05	1	0.037037037037037	6.333686587901055e-05	0	0.4910900271113151
quinoxalines/pharmacology	pancreatitis/genetics	1.9022900062282133e-05	1	0.037037037037037	6.333686587901055e-05	0	0.4910900271113151
quinoxalines/pharmacology	pancreas/metabolism	1.9022900062282133e-05	1	0.037037037037037	6.333686587901055e-05	0	0.4910900271113151
biomarkers tumor	cell transformation neoplastic/genetics	1.9022900062282133e-05	1	0.037037037037037	6.333686587901055e-05	0	0.4910900271113151
biomarkers tumor	carcinoma pancreatic ductal/metabolism	1.9022900062282133e-05	1	0.037037037037037	6.333686587901055e-05	0	0.4910900271113151
biomarkers tumor	diet	1.9022900062282133e-05	1	0.037037037037037	6.333686587901055e-05	0	0.4910900271113151
biomarkers tumor	spiro compounds/pharmacology	1.9022900062282133e-05	1	0.037037037037037	6.333686587901055e-05	0	0.4910900271113151
biomarkers tumor	proto-oncogene proteins p21(ras)/metabolism	1.9022900062282133e-05	1	0.037037037037037	6.333686587901055e-05	0	0.4910900271113151
biomarkers tumor	pancreatitis/genetics	1.9022900062282133e-05	1	0.037037037037037	6.333686587901055e-05	0	0.4910900271113151
biomarkers tumor	pancreas/metabolism	1.9022900062282133e-05	1	0.037037037037037	6.333686587901055e-05	0	0.4910900271113151
cell transformation neoplastic/genetics	carcinoma pancreatic ductal/metabolism	1.9022900062282133e-05	1	0.037037037037037	6.333686587901055e-05	0	0.4910900271113151
cell transformation neoplastic/genetics	diet	1.9022900062282133e-05	1	0.037037037037037	6.333686587901055e-05	0	0.4910900271113151
cell transformation neoplastic/genetics	spiro compounds/pharmacology	1.9022900062282133e-05	1	0.037037037037037	6.333686587901055e-05	0	0.4910900271113151
cell transformation neoplastic/genetics	proto-oncogene proteins p21(ras)/metabolism	1.9022900062282133e-05	1	0.037037037037037	6.333686587901055e-05	0	0.4910900271113151
cell transformation neoplastic/genetics	pancreatitis/genetics	1.9022900062282133e-05	1	0.037037037037037	6.333686587901055e-05	0	0.4910900271113151
cell transformation neoplastic/genetics	pancreas/metabolism	1.9022900062282133e-05	1	0.037037037037037	6.333686587901055e-05	0	0.4910900271113151
carcinoma pancreatic ductal/metabolism	diet	1.9022900062282133e-05	1	0.037037037037037	6.333686587901055e-05	0	0.4910900271113151
carcinoma pancreatic ductal/metabolism	spiro compounds/pharmacology	1.9022900062282133e-05	1	0.037037037037037	6.333686587901055e-05	0	0.4910900271113151
carcinoma pancreatic ductal/metabolism	proto-oncogene proteins p21(ras)/metabolism	1.9022900062282133e-05	1	0.037037037037037	6.333686587901055e-05	0	0.4910900271113151
carcinoma pancreatic ductal/metabolism	pancreatitis/genetics	1.9022900062282133e-05	1	0.037037037037037	6.333686587901055e-05	0	0.4910900271113151
carcinoma pancreatic ductal/metabolism	pancreas/metabolism	1.9022900062282133e-05	1	0.037037037037037	6.333686587901055e-05	0	0.4910900271113151
diet	spiro compounds/pharmacology	1.9022900062282133e-05	1	0.037037037037037	6.333686587901055e-05	0	0.4910900271113151
diet	proto-oncogene proteins p21(ras)/metabolism	1.9022900062282133e-05	1	0.037037037037037	6.333686587901055e-05	0	0.4910900271113151
diet	pancreatitis/genetics	1.9022900062282133e-05	1	0.037037037037037	6.333686587901055e-05	0	0.4910900271113151
diet	pancreas/metabolism	1.9022900062282133e-05	1	0.037037037037037	6.333686587901055e-05	0	0.4910900271113151
spiro compounds/pharmacology	proto-oncogene proteins p21(ras)/metabolism	1.9022900062282133e-05	1	0.037037037037037	6.333686587901055e-05	0	0.4910900271113151
spiro compounds/pharmacology	pancreatitis/genetics	1.9022900062282133e-05	1	0.037037037037037	6.333686587901055e-05	0	0.4910900271113151
spiro compounds/pharmacology	pancreas/metabolism	1.9022900062282133e-05	1	0.037037037037037	6.333686587901055e-05	0	0.4910900271113151
proto-oncogene proteins p21(ras)/metabolism	pancreatitis/genetics	1.9022900062282133e-05	1	0.037037037037037	6.333686587901055e-05	0	0.4910900271113151
proto-oncogene proteins p21(ras)/metabolism	pancreas/metabolism	1.9022900062282133e-05	1	0.037037037037037	6.333686587901055e-05	0	0.4910900271113151
pancreatitis/genetics	pancreas/metabolism	1.9022900062282133e-05	1	0.037037037037037	6.333686587901055e-05	0	0.4910900271113151
microglia/drug effects	raw 264.7 cells	9.441547543787009e-11	1	0.037037037037037	1.1456271078235282e-09	0	0.4910900271113151
microglia/drug effects	nf-e2-related factor 2/biosynthesis	9.441547543787009e-11	1	0.037037037037037	1.1456271078235282e-09	0	0.4910900271113151
microglia/drug effects	gene expression	9.441547543787009e-11	1	0.037037037037037	1.1456271078235282e-09	0	0.4910900271113151
microglia/drug effects	cell survival/drug effects	0.0035872302582571	1	0.1111111111111111	0.0074200911190768	0	0.4910900271113151
microglia/drug effects	lipopolysaccharides/toxicity	9.441547543787009e-11	1	0.037037037037037	1.1456271078235282e-09	0	0.4910900271113151
microglia/drug effects	inflammation mediators/antagonists &amp; inhibitors	9.441547543787009e-11	1	0.037037037037037	1.1456271078235282e-09	0	0.4910900271113151
microglia/drug effects	NFE2L2	0.0009252229168602	1	0.074074074074074	0.0021093918702002	0	0.4910900271113151
raw 264.7 cells	NFE2L2	0.0009252229168602	1	0.074074074074074	0.0021093918702002	0	0.4910900271113151
raw 264.7 cells	nf-e2-related factor 2/biosynthesis	9.441547543787009e-11	1	0.037037037037037	1.1456271078235282e-09	0	0.4910900271113151
raw 264.7 cells	gene expression	9.441547543787009e-11	1	0.037037037037037	1.1456271078235282e-09	0	0.4910900271113151
raw 264.7 cells	cell survival/drug effects	0.0035872302582571	1	0.1111111111111111	0.0074200911190768	0	0.4910900271113151
raw 264.7 cells	lipopolysaccharides/toxicity	9.441547543787009e-11	1	0.037037037037037	1.1456271078235282e-09	0	0.4910900271113151
raw 264.7 cells	inflammation mediators/antagonists &amp; inhibitors	9.441547543787009e-11	1	0.037037037037037	1.1456271078235282e-09	0	0.4910900271113151
nf-e2-related factor 2/biosynthesis	gene expression	9.441547543787009e-11	1	0.037037037037037	1.1456271078235282e-09	0	0.4910900271113151
nf-e2-related factor 2/biosynthesis	cell survival/drug effects	0.0035872302582571	1	0.1111111111111111	0.0074200911190768	0	0.4910900271113151
nf-e2-related factor 2/biosynthesis	lipopolysaccharides/toxicity	9.441547543787009e-11	1	0.037037037037037	1.1456271078235282e-09	0	0.4910900271113151
nf-e2-related factor 2/biosynthesis	inflammation mediators/antagonists &amp; inhibitors	9.441547543787009e-11	1	0.037037037037037	1.1456271078235282e-09	0	0.4910900271113151
nf-e2-related factor 2/biosynthesis	NFE2L2	0.0009252229168602	1	0.074074074074074	0.0021093918702002	0	0.4910900271113151
gene expression	cell survival/drug effects	0.0035872302582571	1	0.1111111111111111	0.0074200911190768	0	0.4910900271113151
gene expression	lipopolysaccharides/toxicity	9.441547543787009e-11	1	0.037037037037037	1.1456271078235282e-09	0	0.4910900271113151
gene expression	inflammation mediators/antagonists &amp; inhibitors	9.441547543787009e-11	1	0.037037037037037	1.1456271078235282e-09	0	0.4910900271113151
gene expression	NFE2L2	0.0009252229168602	1	0.074074074074074	0.0021093918702002	0	0.4910900271113151
cell survival/drug effects	gene expression regulation neoplastic/drug effects	0.0035872302582571	1	0.1111111111111111	0.0074200911190768	0	0.4910900271113151
cell survival/drug effects	amino acid transport system y+/genetics	0.0035872302582571	1	0.1111111111111111	0.0074200911190768	0	0.4910900271113151
cell survival/drug effects	lipid metabolism/drug effects	0.0035872302582571	1	0.1111111111111111	0.0074200911190768	0	0.4910900271113151
cell survival/drug effects	lipopolysaccharides/toxicity	0.0035872302582571	1	0.1111111111111111	0.0074200911190768	0	0.4910900271113151
cell survival/drug effects	inflammation mediators/antagonists &amp; inhibitors	0.0035872302582571	1	0.1111111111111111	0.0074200911190768	0	0.4910900271113151
cell survival/drug effects	sulfasalazine/administration &amp; dosage	0.0035872302582571	1	0.1111111111111111	0.0074200911190768	0	0.4910900271113151
cell survival/drug effects	antineoplastic agents immunological/administration &amp; dosage	0.0035872302582571	1	0.1111111111111111	0.0074200911190768	0	0.4910900271113151
cell survival/drug effects	ATM	0.0035872302582571	1	0.1111111111111111	0.0074200911190768	0	0.4910900271113151
lipopolysaccharides/toxicity	inflammation mediators/antagonists &amp; inhibitors	9.441547543787009e-11	1	0.037037037037037	1.1456271078235282e-09	0	0.4910900271113151
lipopolysaccharides/toxicity	NFE2L2	0.0009252229168602	1	0.074074074074074	0.0021093918702002	0	0.4910900271113151
inflammation mediators/antagonists &amp; inhibitors	NFE2L2	0.0009252229168602	1	0.074074074074074	0.0021093918702002	0	0.4910900271113151
coenzyme a ligases/metabolism	ACSL3	9.441547543787009e-11	1	0.037037037037037	1.1456271078235282e-09	0	0.4910900271113151
coenzyme a ligases/metabolism	melanoma/blood	9.441547543787009e-11	1	0.037037037037037	1.1456271078235282e-09	0	0.4910900271113151
coenzyme a ligases/metabolism	lymph/metabolism	9.441547543787009e-11	1	0.037037037037037	1.1456271078235282e-09	0	0.4910900271113151
coenzyme a ligases/metabolism	oxidative stress/drug effects	0.0009252229168602	1	0.074074074074074	0.0021093918702002	0	0.4910900271113151
coenzyme a ligases/metabolism	oleic acid/metabolism	9.441547543787009e-11	1	0.037037037037037	1.1456271078235282e-09	0	0.4910900271113151
coenzyme a ligases/metabolism	iron/metabolism	0.0021974525656576	1	0.1481481481481481	0.0046720032554304	0	0.4910900271113151
coenzyme a ligases/metabolism	phospholipid hydroperoxide glutathione peroxidase/metabolism	1.1310047879353746e-06	1	0.074074074074074	5.825779547091628e-06	0	0.4910900271113151
coenzyme a ligases/metabolism	glutathione/metabolism	0.0001487376673323	1	0.1111111111111111	0.0004423992156552	0	0.4910900271113151
coenzyme a ligases/metabolism	neoplasm metastasis/drug therapy	9.441547543787009e-11	1	0.037037037037037	1.1456271078235282e-09	0	0.4910900271113151
coenzyme a ligases/metabolism	cell survival	9.441547543787009e-11	1	0.037037037037037	1.1456271078235282e-09	0	0.4910900271113151
ACSL3	melanoma/blood	9.441547543787009e-11	1	0.037037037037037	1.1456271078235282e-09	0	0.4910900271113151
ACSL3	lymph/metabolism	9.441547543787009e-11	1	0.037037037037037	1.1456271078235282e-09	0	0.4910900271113151
ACSL3	oxidative stress/drug effects	0.0009252229168602	1	0.074074074074074	0.0021093918702002	0	0.4910900271113151
ACSL3	oleic acid/metabolism	9.441547543787009e-11	1	0.037037037037037	1.1456271078235282e-09	0	0.4910900271113151
ACSL3	glutathione/metabolism	0.0001487376673323	1	0.1111111111111111	0.0004423992156552	0	0.4910900271113151
ACSL3	phospholipid hydroperoxide glutathione peroxidase/metabolism	1.1310047879353746e-06	1	0.074074074074074	5.825779547091628e-06	0	0.4910900271113151
ACSL3	iron/metabolism	0.0021974525656576	1	0.1481481481481481	0.0046720032554304	0	0.4910900271113151
ACSL3	neoplasm metastasis/drug therapy	9.441547543787009e-11	1	0.037037037037037	1.1456271078235282e-09	0	0.4910900271113151
ACSL3	cell survival	9.441547543787009e-11	1	0.037037037037037	1.1456271078235282e-09	0	0.4910900271113151
melanoma/blood	lymph/metabolism	9.441547543787009e-11	1	0.037037037037037	1.1456271078235282e-09	0	0.4910900271113151
melanoma/blood	oxidative stress/drug effects	0.0009252229168602	1	0.074074074074074	0.0021093918702002	0	0.4910900271113151
melanoma/blood	oleic acid/metabolism	9.441547543787009e-11	1	0.037037037037037	1.1456271078235282e-09	0	0.4910900271113151
melanoma/blood	iron/metabolism	0.0021974525656576	1	0.1481481481481481	0.0046720032554304	0	0.4910900271113151
melanoma/blood	phospholipid hydroperoxide glutathione peroxidase/metabolism	1.1310047879353746e-06	1	0.074074074074074	5.825779547091628e-06	0	0.4910900271113151
melanoma/blood	glutathione/metabolism	0.0001487376673323	1	0.1111111111111111	0.0004423992156552	0	0.4910900271113151
melanoma/blood	neoplasm metastasis/drug therapy	9.441547543787009e-11	1	0.037037037037037	1.1456271078235282e-09	0	0.4910900271113151
melanoma/blood	cell survival	9.441547543787009e-11	1	0.037037037037037	1.1456271078235282e-09	0	0.4910900271113151
lymph/metabolism	oxidative stress/drug effects	0.0009252229168602	1	0.074074074074074	0.0021093918702002	0	0.4910900271113151
lymph/metabolism	oleic acid/metabolism	9.441547543787009e-11	1	0.037037037037037	1.1456271078235282e-09	0	0.4910900271113151
lymph/metabolism	iron/metabolism	0.0021974525656576	1	0.1481481481481481	0.0046720032554304	0	0.4910900271113151
lymph/metabolism	phospholipid hydroperoxide glutathione peroxidase/metabolism	1.1310047879353746e-06	1	0.074074074074074	5.825779547091628e-06	0	0.4910900271113151
lymph/metabolism	glutathione/metabolism	0.0001487376673323	1	0.1111111111111111	0.0004423992156552	0	0.4910900271113151
lymph/metabolism	neoplasm metastasis/drug therapy	9.441547543787009e-11	1	0.037037037037037	1.1456271078235282e-09	0	0.4910900271113151
lymph/metabolism	cell survival	9.441547543787009e-11	1	0.037037037037037	1.1456271078235282e-09	0	0.4910900271113151
oxidative stress/drug effects	oleic acid/metabolism	0.0009252229168602	1	0.074074074074074	0.0021093918702002	0	0.4910900271113151
oxidative stress/drug effects	neoplasm metastasis/drug therapy	0.0009252229168602	1	0.074074074074074	0.0021093918702002	0	0.4910900271113151
oxidative stress/drug effects	cell survival	0.0009252229168602	1	0.074074074074074	0.0021093918702002	0	0.4910900271113151
oleic acid/metabolism	iron/metabolism	0.0021974525656576	1	0.1481481481481481	0.0046720032554304	0	0.4910900271113151
oleic acid/metabolism	phospholipid hydroperoxide glutathione peroxidase/metabolism	1.1310047879353746e-06	1	0.074074074074074	5.825779547091628e-06	0	0.4910900271113151
oleic acid/metabolism	glutathione/metabolism	0.0001487376673323	1	0.1111111111111111	0.0004423992156552	0	0.4910900271113151
oleic acid/metabolism	neoplasm metastasis/drug therapy	9.441547543787009e-11	1	0.037037037037037	1.1456271078235282e-09	0	0.4910900271113151
oleic acid/metabolism	cell survival	9.441547543787009e-11	1	0.037037037037037	1.1456271078235282e-09	0	0.4910900271113151
iron/metabolism	tuberculosis/metabolism	0.0003621740428354	1	0.1481481481481481	0.0010297105139439	0	0.4910900271113151
iron/metabolism	iron chelating agents/pharmacology	0.0003621740428354	1	0.1481481481481481	0.0010297105139439	0	0.4910900271113151
iron/metabolism	malaria/genetics	0.0021974525656576	1	0.1481481481481481	0.0046720032554304	0	0.4910900271113151
iron/metabolism	genetic variation	0.0021974525656576	1	0.1481481481481481	0.0046720032554304	0	0.4910900271113151
iron/metabolism	phospholipid hydroperoxide glutathione peroxidase/metabolism	6.325545672258848e-06	2	0.017094017094017	2.7216739539392668e-05	0	0.1788642125673839
iron/metabolism	hemeproteins/toxicity	0.0021974525656576	1	0.1481481481481481	0.0046720032554304	0	0.4910900271113151
iron/metabolism	glutathione/metabolism	0.000623406723278	2	0.0485470085470085	0.0015015610444405	0	0.1788642125673839
iron/metabolism	liver x receptors/agonists	0.0021974525656576	1	0.1481481481481481	0.0046720032554304	0	0.4910900271113151
iron/metabolism	neoplasm metastasis/drug therapy	0.0021974525656576	1	0.1481481481481481	0.0046720032554304	0	0.4910900271113151
iron/metabolism	transferrin/metabolism	0.0021974525656576	1	0.1481481481481481	0.0046720032554304	0	0.4910900271113151
iron/metabolism	host-pathogen interactions	0.0003621740428354	1	0.1481481481481481	0.0010297105139439	0	0.4910900271113151
iron/metabolism	tumor suppressor protein p53/genetics	0.0021974525656576	1	0.1481481481481481	0.0046720032554304	0	0.4910900271113151
iron/metabolism	ferritins/blood	0.0021974525656576	1	0.1481481481481481	0.0046720032554304	0	0.4910900271113151
iron/metabolism	cell survival	0.0021974525656576	1	0.1481481481481481	0.0046720032554304	0	0.4910900271113151
iron/metabolism	listeriosis/etiology	0.0021974525656576	1	0.1481481481481481	0.0046720032554304	0	0.4910900271113151
iron/metabolism	TF	0.0021974525656576	1	0.1481481481481481	0.0046720032554304	0	0.4910900271113151
phospholipid hydroperoxide glutathione peroxidase/metabolism	tuberculosis/metabolism	1.709328900645346e-08	1	0.074074074074074	1.529954880207254e-07	0	0.4910900271113151
phospholipid hydroperoxide glutathione peroxidase/metabolism	iron chelating agents/pharmacology	1.709328900645346e-08	1	0.074074074074074	1.529954880207254e-07	0	0.4910900271113151
phospholipid hydroperoxide glutathione peroxidase/metabolism	glutathione/metabolism	1.7149710207498003e-08	2	0.0085470085470085	1.530281833899822e-07	0	0.1788642125673839
phospholipid hydroperoxide glutathione peroxidase/metabolism	neoplasm metastasis/drug therapy	1.1310047879353746e-06	1	0.074074074074074	5.825779547091628e-06	0	0.4910900271113151
phospholipid hydroperoxide glutathione peroxidase/metabolism	host-pathogen interactions	1.709328900645346e-08	1	0.074074074074074	1.529954880207254e-07	0	0.4910900271113151
phospholipid hydroperoxide glutathione peroxidase/metabolism	cell survival	1.1310047879353746e-06	1	0.074074074074074	5.825779547091628e-06	0	0.4910900271113151
glutathione/metabolism	tuberculosis/metabolism	1.0612495478956596e-05	1	0.1111111111111111	4.506037611855656e-05	0	0.4910900271113151
glutathione/metabolism	iron chelating agents/pharmacology	1.0612495478956596e-05	1	0.1111111111111111	4.506037611855656e-05	0	0.4910900271113151
glutathione/metabolism	cell cycle/drug effects	0.0002752353370022	1	0.1111111111111111	0.000788717862951	0	0.4910900271113151
glutathione/metabolism	precursor cell lymphoblastic leukemia-lymphoma/metabolism	0.0002752353370022	1	0.1111111111111111	0.000788717862951	0	0.4910900271113151
glutathione/metabolism	neoplasm metastasis/drug therapy	0.0001487376673323	1	0.1111111111111111	0.0004423992156552	0	0.4910900271113151
glutathione/metabolism	host-pathogen interactions	1.0612495478956596e-05	1	0.1111111111111111	4.506037611855656e-05	0	0.4910900271113151
glutathione/metabolism	autophagy-related proteins/genetics	0.0002752353370022	1	0.1111111111111111	0.000788717862951	0	0.4910900271113151
glutathione/metabolism	glutathione peroxidase/metabolism	0.0002752353370022	1	0.1111111111111111	0.000788717862951	0	0.4910900271113151
glutathione/metabolism	flavonolignans/pharmacology	0.0002752353370022	1	0.1111111111111111	0.000788717862951	0	0.4910900271113151
glutathione/metabolism	cell survival	0.0001487376673323	1	0.1111111111111111	0.0004423992156552	0	0.4910900271113151
glutathione/metabolism	ATG5	0.0002752353370022	1	0.1111111111111111	0.000788717862951	0	0.4910900271113151
neoplasm metastasis/drug therapy	cell survival	9.441547543787009e-11	1	0.037037037037037	1.1456271078235282e-09	0	0.4910900271113151
t-lymphocytes cytotoxic/immunology	cation transport proteins/genetics	1.5187850976872141e-12	1	0.037037037037037	3.2149465571481167e-11	0	0.4910900271113151
t-lymphocytes cytotoxic/immunology	glioblastoma/genetics	1.5187850976872141e-12	1	0.037037037037037	3.2149465571481167e-11	0	0.4910900271113151
t-lymphocytes cytotoxic/immunology	heat-shock proteins/genetics	1.5187850976872141e-12	1	0.037037037037037	3.2149465571481167e-11	0	0.4910900271113151
t-lymphocytes cytotoxic/immunology	brain neoplasms/genetics	1.5187850976872141e-12	1	0.037037037037037	3.2149465571481167e-11	0	0.4910900271113151
t-lymphocytes cytotoxic/immunology	acetaminophen/pharmacology	1.5187850976872141e-12	1	0.037037037037037	3.2149465571481167e-11	0	0.4910900271113151
t-lymphocytes cytotoxic/immunology	hyaluronan receptors/genetics	1.5187850976872141e-12	1	0.037037037037037	3.2149465571481167e-11	0	0.4910900271113151
t-lymphocytes cytotoxic/immunology	HSPB1	1.5187850976872141e-12	1	0.037037037037037	3.2149465571481167e-11	0	0.4910900271113151
t-lymphocytes cytotoxic/immunology	SLC40A1	1.5187850976872141e-12	1	0.037037037037037	3.2149465571481167e-11	0	0.4910900271113151
t-lymphocytes cytotoxic/immunology	CD44	1.5187850976872141e-12	1	0.037037037037037	3.2149465571481167e-11	0	0.4910900271113151
glioblastoma/genetics	cation transport proteins/genetics	1.5187850976872141e-12	1	0.037037037037037	3.2149465571481167e-11	0	0.4910900271113151
glioblastoma/genetics	heat-shock proteins/genetics	1.5187850976872141e-12	1	0.037037037037037	3.2149465571481167e-11	0	0.4910900271113151
glioblastoma/genetics	brain neoplasms/genetics	1.5187850976872141e-12	1	0.037037037037037	3.2149465571481167e-11	0	0.4910900271113151
glioblastoma/genetics	acetaminophen/pharmacology	1.5187850976872141e-12	1	0.037037037037037	3.2149465571481167e-11	0	0.4910900271113151
glioblastoma/genetics	hyaluronan receptors/genetics	1.5187850976872141e-12	1	0.037037037037037	3.2149465571481167e-11	0	0.4910900271113151
glioblastoma/genetics	HSPB1	1.5187850976872141e-12	1	0.037037037037037	3.2149465571481167e-11	0	0.4910900271113151
glioblastoma/genetics	SLC40A1	1.5187850976872141e-12	1	0.037037037037037	3.2149465571481167e-11	0	0.4910900271113151
glioblastoma/genetics	CD44	1.5187850976872141e-12	1	0.037037037037037	3.2149465571481167e-11	0	0.4910900271113151
heat-shock proteins/genetics	cation transport proteins/genetics	1.5187850976872141e-12	1	0.037037037037037	3.2149465571481167e-11	0	0.4910900271113151
heat-shock proteins/genetics	brain neoplasms/genetics	1.5187850976872141e-12	1	0.037037037037037	3.2149465571481167e-11	0	0.4910900271113151
heat-shock proteins/genetics	acetaminophen/pharmacology	1.5187850976872141e-12	1	0.037037037037037	3.2149465571481167e-11	0	0.4910900271113151
heat-shock proteins/genetics	hyaluronan receptors/genetics	1.5187850976872141e-12	1	0.037037037037037	3.2149465571481167e-11	0	0.4910900271113151
heat-shock proteins/genetics	HSPB1	1.5187850976872141e-12	1	0.037037037037037	3.2149465571481167e-11	0	0.4910900271113151
heat-shock proteins/genetics	SLC40A1	1.5187850976872141e-12	1	0.037037037037037	3.2149465571481167e-11	0	0.4910900271113151
heat-shock proteins/genetics	CD44	1.5187850976872141e-12	1	0.037037037037037	3.2149465571481167e-11	0	0.4910900271113151
brain neoplasms/genetics	cation transport proteins/genetics	1.5187850976872141e-12	1	0.037037037037037	3.2149465571481167e-11	0	0.4910900271113151
brain neoplasms/genetics	HSPB1	1.5187850976872141e-12	1	0.037037037037037	3.2149465571481167e-11	0	0.4910900271113151
brain neoplasms/genetics	SLC40A1	1.5187850976872141e-12	1	0.037037037037037	3.2149465571481167e-11	0	0.4910900271113151
brain neoplasms/genetics	CD44	1.5187850976872141e-12	1	0.037037037037037	3.2149465571481167e-11	0	0.4910900271113151
brain neoplasms/genetics	acetaminophen/pharmacology	1.5187850976872141e-12	1	0.037037037037037	3.2149465571481167e-11	0	0.4910900271113151
brain neoplasms/genetics	hyaluronan receptors/genetics	1.5187850976872141e-12	1	0.037037037037037	3.2149465571481167e-11	0	0.4910900271113151
acetaminophen/pharmacology	cation transport proteins/genetics	1.5187850976872141e-12	1	0.037037037037037	3.2149465571481167e-11	0	0.4910900271113151
acetaminophen/pharmacology	hyaluronan receptors/genetics	1.5187850976872141e-12	1	0.037037037037037	3.2149465571481167e-11	0	0.4910900271113151
acetaminophen/pharmacology	HSPB1	1.5187850976872141e-12	1	0.037037037037037	3.2149465571481167e-11	0	0.4910900271113151
acetaminophen/pharmacology	SLC40A1	1.5187850976872141e-12	1	0.037037037037037	3.2149465571481167e-11	0	0.4910900271113151
acetaminophen/pharmacology	CD44	1.5187850976872141e-12	1	0.037037037037037	3.2149465571481167e-11	0	0.4910900271113151
hyaluronan receptors/genetics	cation transport proteins/genetics	1.5187850976872141e-12	1	0.037037037037037	3.2149465571481167e-11	0	0.4910900271113151
hyaluronan receptors/genetics	HSPB1	1.5187850976872141e-12	1	0.037037037037037	3.2149465571481167e-11	0	0.4910900271113151
hyaluronan receptors/genetics	SLC40A1	1.5187850976872141e-12	1	0.037037037037037	3.2149465571481167e-11	0	0.4910900271113151
hyaluronan receptors/genetics	CD44	1.5187850976872141e-12	1	0.037037037037037	3.2149465571481167e-11	0	0.4910900271113151
HSPB1	cation transport proteins/genetics	1.5187850976872141e-12	1	0.037037037037037	3.2149465571481167e-11	0	0.4910900271113151
HSPB1	CD44	1.5187850976872141e-12	1	0.037037037037037	3.2149465571481167e-11	0	0.4910900271113151
HSPB1	SLC40A1	1.5187850976872141e-12	1	0.037037037037037	3.2149465571481167e-11	0	0.4910900271113151
SLC40A1	cation transport proteins/genetics	1.5187850976872141e-12	1	0.037037037037037	3.2149465571481167e-11	0	0.4910900271113151
SLC40A1	CD44	1.5187850976872141e-12	1	0.037037037037037	3.2149465571481167e-11	0	0.4910900271113151
CD44	cation transport proteins/genetics	1.5187850976872141e-12	1	0.037037037037037	3.2149465571481167e-11	0	0.4910900271113151
macrophages/drug effects	tuberculosis/metabolism	0.0025695249368861	1	0.1481481481481481	0.0054154231954721	0	0.4910900271113151
macrophages/drug effects	iron chelating agents/pharmacology	0.0025695249368861	1	0.1481481481481481	0.0054154231954721	0	0.4910900271113151
macrophages/drug effects	host-pathogen interactions	0.0025695249368861	1	0.1481481481481481	0.0054154231954721	0	0.4910900271113151
tuberculosis/metabolism	iron chelating agents/pharmacology	0.0	1	0.037037037037037	0.0	0	0.4910900271113151
tuberculosis/metabolism	host-pathogen interactions	0.0	1	0.037037037037037	0.0	0	0.4910900271113151
iron chelating agents/pharmacology	host-pathogen interactions	0.0	1	0.037037037037037	0.0	0	0.4910900271113151
cd8-positive t-lymphocytes/immunology	gene expression regulation neoplastic/drug effects	0.0042660683096238	1	0.1111111111111111	0.0086454214520678	0	0.4910900271113151
cd8-positive t-lymphocytes/immunology	amino acid transport system y+/genetics	0.0042660683096238	1	0.1111111111111111	0.0086454214520678	0	0.4910900271113151
cd8-positive t-lymphocytes/immunology	lipid metabolism/drug effects	0.0042660683096238	1	0.1111111111111111	0.0086454214520678	0	0.4910900271113151
cd8-positive t-lymphocytes/immunology	sulfasalazine/administration &amp; dosage	0.0042660683096238	1	0.1111111111111111	0.0086454214520678	0	0.4910900271113151
cd8-positive t-lymphocytes/immunology	antineoplastic agents immunological/administration &amp; dosage	0.0042660683096238	1	0.1111111111111111	0.0086454214520678	0	0.4910900271113151
cd8-positive t-lymphocytes/immunology	ATM	0.0042660683096238	1	0.1111111111111111	0.0086454214520678	0	0.4910900271113151
gene expression regulation neoplastic/drug effects	SLC7A11	0.0039176473670681	1	0.1481481481481481	0.0079727560452614	0	0.4910900271113151
gene expression regulation neoplastic/drug effects	amino acid transport system y+/genetics	9.441547543787009e-11	1	0.037037037037037	1.1456271078235282e-09	0	0.4910900271113151
gene expression regulation neoplastic/drug effects	lipid metabolism/drug effects	9.441547543787009e-11	1	0.037037037037037	1.1456271078235282e-09	0	0.4910900271113151
gene expression regulation neoplastic/drug effects	sulfasalazine/administration &amp; dosage	9.441547543787009e-11	1	0.037037037037037	1.1456271078235282e-09	0	0.4910900271113151
gene expression regulation neoplastic/drug effects	antineoplastic agents immunological/administration &amp; dosage	9.441547543787009e-11	1	0.037037037037037	1.1456271078235282e-09	0	0.4910900271113151
gene expression regulation neoplastic/drug effects	ATM	9.441547543787009e-11	1	0.037037037037037	1.1456271078235282e-09	0	0.4910900271113151
amino acid transport system y+/genetics	SLC7A11	0.0039176473670681	1	0.1481481481481481	0.0079727560452614	0	0.4910900271113151
amino acid transport system y+/genetics	lipid metabolism/drug effects	9.441547543787009e-11	1	0.037037037037037	1.1456271078235282e-09	0	0.4910900271113151
amino acid transport system y+/genetics	sulfasalazine/administration &amp; dosage	9.441547543787009e-11	1	0.037037037037037	1.1456271078235282e-09	0	0.4910900271113151
amino acid transport system y+/genetics	antineoplastic agents immunological/administration &amp; dosage	9.441547543787009e-11	1	0.037037037037037	1.1456271078235282e-09	0	0.4910900271113151
amino acid transport system y+/genetics	ATM	9.441547543787009e-11	1	0.037037037037037	1.1456271078235282e-09	0	0.4910900271113151
lipid metabolism/drug effects	SLC7A11	0.0039176473670681	1	0.1481481481481481	0.0079727560452614	0	0.4910900271113151
lipid metabolism/drug effects	sulfasalazine/administration &amp; dosage	9.441547543787009e-11	1	0.037037037037037	1.1456271078235282e-09	0	0.4910900271113151
lipid metabolism/drug effects	antineoplastic agents immunological/administration &amp; dosage	9.441547543787009e-11	1	0.037037037037037	1.1456271078235282e-09	0	0.4910900271113151
lipid metabolism/drug effects	ATM	9.441547543787009e-11	1	0.037037037037037	1.1456271078235282e-09	0	0.4910900271113151
antineoplastic agents immunological/administration &amp; dosage	SLC7A11	0.0039176473670681	1	0.1481481481481481	0.0079727560452614	0	0.4910900271113151
antineoplastic agents immunological/administration &amp; dosage	sulfasalazine/administration &amp; dosage	9.441547543787009e-11	1	0.037037037037037	1.1456271078235282e-09	0	0.4910900271113151
antineoplastic agents immunological/administration &amp; dosage	ATM	9.441547543787009e-11	1	0.037037037037037	1.1456271078235282e-09	0	0.4910900271113151
sulfasalazine/administration &amp; dosage	SLC7A11	0.0039176473670681	1	0.1481481481481481	0.0079727560452614	0	0.4910900271113151
sulfasalazine/administration &amp; dosage	ATM	9.441547543787009e-11	1	0.037037037037037	1.1456271078235282e-09	0	0.4910900271113151
ATM	SLC7A11	0.0039176473670681	1	0.1481481481481481	0.0079727560452614	0	0.4910900271113151
apoptosis/drug effects	dichloroacetic acid/chemistry	1.1360814166749831e-05	1	0.074074074074074	4.733672569479097e-05	0	0.4910900271113151
apoptosis/drug effects	bone marrow/drug effects	4.985667878543154e-09	1	0.074074074074074	4.504185933886338e-08	0	0.4910900271113151
apoptosis/drug effects	biological products/chemistry	1.1360814166749831e-05	1	0.074074074074074	4.733672569479097e-05	0	0.4910900271113151
apoptosis/drug effects	necroptosis/drug effects	4.985667878543154e-09	1	0.074074074074074	4.504185933886338e-08	0	0.4910900271113151
apoptosis/drug effects	protein kinase inhibitors/chemistry	1.1360814166749831e-05	1	0.074074074074074	4.733672569479097e-05	0	0.4910900271113151
apoptosis/drug effects	small molecule libraries/pharmacology	4.985667878543154e-09	1	0.074074074074074	4.504185933886338e-08	0	0.4910900271113151
apoptosis/drug effects	drug synergism	1.1360814166749831e-05	1	0.074074074074074	4.733672569479097e-05	0	0.4910900271113151
apoptosis/drug effects	saponins/chemistry	1.1360814166749831e-05	1	0.074074074074074	4.733672569479097e-05	0	0.4910900271113151
apoptosis/drug effects	antineoplastic agents/chemistry	1.1360814166749831e-05	1	0.074074074074074	4.733672569479097e-05	0	0.4910900271113151
apoptosis/drug effects	ileum/drug effects	4.985667878543154e-09	1	0.074074074074074	4.504185933886338e-08	0	0.4910900271113151
apoptosis/drug effects	energy metabolism/drug effects	1.1360814166749831e-05	1	0.074074074074074	4.733672569479097e-05	0	0.4910900271113151
apoptosis/drug effects	drug interactions	4.985667878543154e-09	1	0.074074074074074	4.504185933886338e-08	0	0.4910900271113151
apoptosis/drug effects	neoplasms/drug therapy	0.0015006475463213	1	0.1452991452991453	0.0033068980883982	0	0.4910900271113151
apoptosis/drug effects	pyruvate dehydrogenase acetyl-transferring kinase/antagonists &amp; inhibitors	1.1360814166749831e-05	1	0.074074074074074	4.733672569479097e-05	0	0.4910900271113151
apoptosis/drug effects	radiation-protective agents/pharmacology	4.985667878543154e-09	1	0.074074074074074	4.504185933886338e-08	0	0.4910900271113151
bone marrow/drug effects	necroptosis/drug effects	0.0	1	0.037037037037037	0.0	0	0.4910900271113151
bone marrow/drug effects	small molecule libraries/pharmacology	0.0	1	0.037037037037037	0.0	0	0.4910900271113151
bone marrow/drug effects	ileum/drug effects	0.0	1	0.037037037037037	0.0	0	0.4910900271113151
bone marrow/drug effects	drug interactions	0.0	1	0.037037037037037	0.0	0	0.4910900271113151
bone marrow/drug effects	radiation-protective agents/pharmacology	0.0	1	0.037037037037037	0.0	0	0.4910900271113151
necroptosis/drug effects	small molecule libraries/pharmacology	0.0	1	0.037037037037037	0.0	0	0.4910900271113151
necroptosis/drug effects	ileum/drug effects	0.0	1	0.037037037037037	0.0	0	0.4910900271113151
necroptosis/drug effects	drug interactions	0.0	1	0.037037037037037	0.0	0	0.4910900271113151
necroptosis/drug effects	radiation-protective agents/pharmacology	0.0	1	0.037037037037037	0.0	0	0.4910900271113151
small molecule libraries/pharmacology	ileum/drug effects	0.0	1	0.037037037037037	0.0	0	0.4910900271113151
small molecule libraries/pharmacology	drug interactions	0.0	1	0.037037037037037	0.0	0	0.4910900271113151
small molecule libraries/pharmacology	radiation-protective agents/pharmacology	0.0	1	0.037037037037037	0.0	0	0.4910900271113151
ileum/drug effects	drug interactions	0.0	1	0.037037037037037	0.0	0	0.4910900271113151
ileum/drug effects	radiation-protective agents/pharmacology	0.0	1	0.037037037037037	0.0	0	0.4910900271113151
drug interactions	radiation-protective agents/pharmacology	0.0	1	0.037037037037037	0.0	0	0.4910900271113151
malaria/genetics	genetic variation	9.441547543787009e-11	1	0.037037037037037	1.1456271078235282e-09	0	0.4910900271113151
malaria/genetics	hemeproteins/toxicity	9.441547543787009e-11	1	0.037037037037037	1.1456271078235282e-09	0	0.4910900271113151
malaria/genetics	liver x receptors/agonists	9.441547543787009e-11	1	0.037037037037037	1.1456271078235282e-09	0	0.4910900271113151
malaria/genetics	transferrin/metabolism	9.441547543787009e-11	1	0.037037037037037	1.1456271078235282e-09	0	0.4910900271113151
malaria/genetics	tumor suppressor protein p53/genetics	9.441547543787009e-11	1	0.037037037037037	1.1456271078235282e-09	0	0.4910900271113151
malaria/genetics	ferritins/blood	9.441547543787009e-11	1	0.037037037037037	1.1456271078235282e-09	0	0.4910900271113151
malaria/genetics	listeriosis/etiology	9.441547543787009e-11	1	0.037037037037037	1.1456271078235282e-09	0	0.4910900271113151
malaria/genetics	TF	9.441547543787009e-11	1	0.037037037037037	1.1456271078235282e-09	0	0.4910900271113151
genetic variation	hemeproteins/toxicity	9.441547543787009e-11	1	0.037037037037037	1.1456271078235282e-09	0	0.4910900271113151
genetic variation	liver x receptors/agonists	9.441547543787009e-11	1	0.037037037037037	1.1456271078235282e-09	0	0.4910900271113151
genetic variation	transferrin/metabolism	9.441547543787009e-11	1	0.037037037037037	1.1456271078235282e-09	0	0.4910900271113151
genetic variation	tumor suppressor protein p53/genetics	9.441547543787009e-11	1	0.037037037037037	1.1456271078235282e-09	0	0.4910900271113151
genetic variation	ferritins/blood	9.441547543787009e-11	1	0.037037037037037	1.1456271078235282e-09	0	0.4910900271113151
genetic variation	listeriosis/etiology	9.441547543787009e-11	1	0.037037037037037	1.1456271078235282e-09	0	0.4910900271113151
genetic variation	TF	9.441547543787009e-11	1	0.037037037037037	1.1456271078235282e-09	0	0.4910900271113151
hemeproteins/toxicity	liver x receptors/agonists	9.441547543787009e-11	1	0.037037037037037	1.1456271078235282e-09	0	0.4910900271113151
hemeproteins/toxicity	transferrin/metabolism	9.441547543787009e-11	1	0.037037037037037	1.1456271078235282e-09	0	0.4910900271113151
hemeproteins/toxicity	tumor suppressor protein p53/genetics	9.441547543787009e-11	1	0.037037037037037	1.1456271078235282e-09	0	0.4910900271113151
hemeproteins/toxicity	ferritins/blood	9.441547543787009e-11	1	0.037037037037037	1.1456271078235282e-09	0	0.4910900271113151
hemeproteins/toxicity	listeriosis/etiology	9.441547543787009e-11	1	0.037037037037037	1.1456271078235282e-09	0	0.4910900271113151
hemeproteins/toxicity	TF	9.441547543787009e-11	1	0.037037037037037	1.1456271078235282e-09	0	0.4910900271113151
liver x receptors/agonists	transferrin/metabolism	9.441547543787009e-11	1	0.037037037037037	1.1456271078235282e-09	0	0.4910900271113151
liver x receptors/agonists	tumor suppressor protein p53/genetics	9.441547543787009e-11	1	0.037037037037037	1.1456271078235282e-09	0	0.4910900271113151
liver x receptors/agonists	ferritins/blood	9.441547543787009e-11	1	0.037037037037037	1.1456271078235282e-09	0	0.4910900271113151
liver x receptors/agonists	listeriosis/etiology	9.441547543787009e-11	1	0.037037037037037	1.1456271078235282e-09	0	0.4910900271113151
liver x receptors/agonists	TF	9.441547543787009e-11	1	0.037037037037037	1.1456271078235282e-09	0	0.4910900271113151
transferrin/metabolism	tumor suppressor protein p53/genetics	9.441547543787009e-11	1	0.037037037037037	1.1456271078235282e-09	0	0.4910900271113151
transferrin/metabolism	ferritins/blood	9.441547543787009e-11	1	0.037037037037037	1.1456271078235282e-09	0	0.4910900271113151
transferrin/metabolism	listeriosis/etiology	9.441547543787009e-11	1	0.037037037037037	1.1456271078235282e-09	0	0.4910900271113151
transferrin/metabolism	TF	9.441547543787009e-11	1	0.037037037037037	1.1456271078235282e-09	0	0.4910900271113151
tumor suppressor protein p53/genetics	ferritins/blood	9.441547543787009e-11	1	0.037037037037037	1.1456271078235282e-09	0	0.4910900271113151
tumor suppressor protein p53/genetics	listeriosis/etiology	9.441547543787009e-11	1	0.037037037037037	1.1456271078235282e-09	0	0.4910900271113151
tumor suppressor protein p53/genetics	TF	9.441547543787009e-11	1	0.037037037037037	1.1456271078235282e-09	0	0.4910900271113151
ferritins/blood	listeriosis/etiology	9.441547543787009e-11	1	0.037037037037037	1.1456271078235282e-09	0	0.4910900271113151
ferritins/blood	TF	9.441547543787009e-11	1	0.037037037037037	1.1456271078235282e-09	0	0.4910900271113151
listeriosis/etiology	TF	9.441547543787009e-11	1	0.037037037037037	1.1456271078235282e-09	0	0.4910900271113151
dichloroacetic acid/chemistry	biological products/chemistry	3.10419946414342e-08	1	0.037037037037037	1.7790866494102608e-07	0	0.4910900271113151
dichloroacetic acid/chemistry	protein kinase inhibitors/chemistry	3.10419946414342e-08	1	0.037037037037037	1.7790866494102608e-07	0	0.4910900271113151
dichloroacetic acid/chemistry	drug synergism	3.10419946414342e-08	1	0.037037037037037	1.7790866494102608e-07	0	0.4910900271113151
dichloroacetic acid/chemistry	saponins/chemistry	3.10419946414342e-08	1	0.037037037037037	1.7790866494102608e-07	0	0.4910900271113151
dichloroacetic acid/chemistry	antineoplastic agents/chemistry	3.10419946414342e-08	1	0.037037037037037	1.7790866494102608e-07	0	0.4910900271113151
dichloroacetic acid/chemistry	energy metabolism/drug effects	3.10419946414342e-08	1	0.037037037037037	1.7790866494102608e-07	0	0.4910900271113151
dichloroacetic acid/chemistry	neoplasms/drug therapy	5.684418575613304e-05	1	0.074074074074074	0.0001786003669477	0	0.4910900271113151
dichloroacetic acid/chemistry	mitochondria/drug effects	0.0028851458065133	1	0.074074074074074	0.0060410995226632	0	0.4910900271113151
dichloroacetic acid/chemistry	pyruvate dehydrogenase acetyl-transferring kinase/antagonists &amp; inhibitors	3.10419946414342e-08	1	0.037037037037037	1.7790866494102608e-07	0	0.4910900271113151
biological products/chemistry	protein kinase inhibitors/chemistry	3.10419946414342e-08	1	0.037037037037037	1.7790866494102608e-07	0	0.4910900271113151
biological products/chemistry	drug synergism	3.10419946414342e-08	1	0.037037037037037	1.7790866494102608e-07	0	0.4910900271113151
biological products/chemistry	saponins/chemistry	3.10419946414342e-08	1	0.037037037037037	1.7790866494102608e-07	0	0.4910900271113151
biological products/chemistry	antineoplastic agents/chemistry	3.10419946414342e-08	1	0.037037037037037	1.7790866494102608e-07	0	0.4910900271113151
biological products/chemistry	energy metabolism/drug effects	3.10419946414342e-08	1	0.037037037037037	1.7790866494102608e-07	0	0.4910900271113151
biological products/chemistry	neoplasms/drug therapy	5.684418575613304e-05	1	0.074074074074074	0.0001786003669477	0	0.4910900271113151
biological products/chemistry	mitochondria/drug effects	0.0028851458065133	1	0.074074074074074	0.0060410995226632	0	0.4910900271113151
biological products/chemistry	pyruvate dehydrogenase acetyl-transferring kinase/antagonists &amp; inhibitors	3.10419946414342e-08	1	0.037037037037037	1.7790866494102608e-07	0	0.4910900271113151
protein kinase inhibitors/chemistry	drug synergism	3.10419946414342e-08	1	0.037037037037037	1.7790866494102608e-07	0	0.4910900271113151
protein kinase inhibitors/chemistry	saponins/chemistry	3.10419946414342e-08	1	0.037037037037037	1.7790866494102608e-07	0	0.4910900271113151
protein kinase inhibitors/chemistry	antineoplastic agents/chemistry	3.10419946414342e-08	1	0.037037037037037	1.7790866494102608e-07	0	0.4910900271113151
protein kinase inhibitors/chemistry	energy metabolism/drug effects	3.10419946414342e-08	1	0.037037037037037	1.7790866494102608e-07	0	0.4910900271113151
protein kinase inhibitors/chemistry	neoplasms/drug therapy	5.684418575613304e-05	1	0.074074074074074	0.0001786003669477	0	0.4910900271113151
protein kinase inhibitors/chemistry	mitochondria/drug effects	0.0028851458065133	1	0.074074074074074	0.0060410995226632	0	0.4910900271113151
protein kinase inhibitors/chemistry	pyruvate dehydrogenase acetyl-transferring kinase/antagonists &amp; inhibitors	3.10419946414342e-08	1	0.037037037037037	1.7790866494102608e-07	0	0.4910900271113151
drug synergism	saponins/chemistry	3.10419946414342e-08	1	0.037037037037037	1.7790866494102608e-07	0	0.4910900271113151
drug synergism	antineoplastic agents/chemistry	3.10419946414342e-08	1	0.037037037037037	1.7790866494102608e-07	0	0.4910900271113151
drug synergism	energy metabolism/drug effects	3.10419946414342e-08	1	0.037037037037037	1.7790866494102608e-07	0	0.4910900271113151
drug synergism	neoplasms/drug therapy	5.684418575613304e-05	1	0.074074074074074	0.0001786003669477	0	0.4910900271113151
drug synergism	mitochondria/drug effects	0.0028851458065133	1	0.074074074074074	0.0060410995226632	0	0.4910900271113151
drug synergism	pyruvate dehydrogenase acetyl-transferring kinase/antagonists &amp; inhibitors	3.10419946414342e-08	1	0.037037037037037	1.7790866494102608e-07	0	0.4910900271113151
saponins/chemistry	antineoplastic agents/chemistry	3.10419946414342e-08	1	0.037037037037037	1.7790866494102608e-07	0	0.4910900271113151
saponins/chemistry	energy metabolism/drug effects	3.10419946414342e-08	1	0.037037037037037	1.7790866494102608e-07	0	0.4910900271113151
saponins/chemistry	neoplasms/drug therapy	5.684418575613304e-05	1	0.074074074074074	0.0001786003669477	0	0.4910900271113151
saponins/chemistry	mitochondria/drug effects	0.0028851458065133	1	0.074074074074074	0.0060410995226632	0	0.4910900271113151
saponins/chemistry	pyruvate dehydrogenase acetyl-transferring kinase/antagonists &amp; inhibitors	3.10419946414342e-08	1	0.037037037037037	1.7790866494102608e-07	0	0.4910900271113151
antineoplastic agents/chemistry	energy metabolism/drug effects	3.10419946414342e-08	1	0.037037037037037	1.7790866494102608e-07	0	0.4910900271113151
antineoplastic agents/chemistry	neoplasms/drug therapy	5.684418575613304e-05	1	0.074074074074074	0.0001786003669477	0	0.4910900271113151
antineoplastic agents/chemistry	mitochondria/drug effects	0.0028851458065133	1	0.074074074074074	0.0060410995226632	0	0.4910900271113151
antineoplastic agents/chemistry	pyruvate dehydrogenase acetyl-transferring kinase/antagonists &amp; inhibitors	3.10419946414342e-08	1	0.037037037037037	1.7790866494102608e-07	0	0.4910900271113151
energy metabolism/drug effects	neoplasms/drug therapy	5.684418575613304e-05	1	0.074074074074074	0.0001786003669477	0	0.4910900271113151
energy metabolism/drug effects	mitochondria/drug effects	0.0028851458065133	1	0.074074074074074	0.0060410995226632	0	0.4910900271113151
energy metabolism/drug effects	pyruvate dehydrogenase acetyl-transferring kinase/antagonists &amp; inhibitors	3.10419946414342e-08	1	0.037037037037037	1.7790866494102608e-07	0	0.4910900271113151
neoplasms/drug therapy	cd8-positive t-lymphocytes/drug effects	1.2986139735438051e-05	1	0.074074074074074	5.274482525598088e-05	0	0.4910900271113151
neoplasms/drug therapy	autophagy/drug effects	0.0030275730352965	1	0.1452991452991453	0.006325620895072	0	0.4910900271113151
neoplasms/drug therapy	endoplasmic reticulum/drug effects	1.2986139735438051e-05	1	0.074074074074074	5.274482525598088e-05	0	0.4910900271113151
neoplasms/drug therapy	pyruvate dehydrogenase acetyl-transferring kinase/antagonists &amp; inhibitors	5.684418575613304e-05	1	0.074074074074074	0.0001786003669477	0	0.4910900271113151
neoplasms/drug therapy	ACSL4	1.2986139735438051e-05	1	0.074074074074074	5.274482525598088e-05	0	0.4910900271113151
neoplasms/drug therapy	ATL1	1.2986139735438051e-05	1	0.074074074074074	5.274482525598088e-05	0	0.4910900271113151
neoplasms/drug therapy	S100A4	1.2986139735438051e-05	1	0.074074074074074	5.274482525598088e-05	0	0.4910900271113151
neoplasms/drug therapy	AIFM2	1.2986139735438051e-05	1	0.074074074074074	5.274482525598088e-05	0	0.4910900271113151
pyruvate dehydrogenase acetyl-transferring kinase/antagonists &amp; inhibitors	mitochondria/drug effects	0.0028851458065133	1	0.074074074074074	0.0060410995226632	0	0.4910900271113151
cell cycle/drug effects	ROS1	0.0044470815063318	1	0.1481481481481481	0.0089746251693545	0	0.4910900271113151
cell cycle/drug effects	autophagy/drug effects	1.9613400580431595e-05	1	0.074074074074074	6.485617067645567e-05	0	0.4910900271113151
cell cycle/drug effects	precursor cell lymphoblastic leukemia-lymphoma/metabolism	2.3766930645763296e-09	1	0.037037037037037	2.2305533615764906e-08	0	0.4910900271113151
cell cycle/drug effects	autophagy-related proteins/genetics	2.3766930645763296e-09	1	0.037037037037037	2.2305533615764906e-08	0	0.4910900271113151
cell cycle/drug effects	glutathione peroxidase/metabolism	2.3766930645763296e-09	1	0.037037037037037	2.2305533615764906e-08	0	0.4910900271113151
cell cycle/drug effects	flavonolignans/pharmacology	2.3766930645763296e-09	1	0.037037037037037	2.2305533615764906e-08	0	0.4910900271113151
cell cycle/drug effects	ATG5	2.3766930645763296e-09	1	0.037037037037037	2.2305533615764906e-08	0	0.4910900271113151
precursor cell lymphoblastic leukemia-lymphoma/metabolism	ROS1	0.0044470815063318	1	0.1481481481481481	0.0089746251693545	0	0.4910900271113151
precursor cell lymphoblastic leukemia-lymphoma/metabolism	autophagy/drug effects	1.9613400580431595e-05	1	0.074074074074074	6.485617067645567e-05	0	0.4910900271113151
precursor cell lymphoblastic leukemia-lymphoma/metabolism	autophagy-related proteins/genetics	2.3766930645763296e-09	1	0.037037037037037	2.2305533615764906e-08	0	0.4910900271113151
precursor cell lymphoblastic leukemia-lymphoma/metabolism	glutathione peroxidase/metabolism	2.3766930645763296e-09	1	0.037037037037037	2.2305533615764906e-08	0	0.4910900271113151
precursor cell lymphoblastic leukemia-lymphoma/metabolism	flavonolignans/pharmacology	2.3766930645763296e-09	1	0.037037037037037	2.2305533615764906e-08	0	0.4910900271113151
precursor cell lymphoblastic leukemia-lymphoma/metabolism	ATG5	2.3766930645763296e-09	1	0.037037037037037	2.2305533615764906e-08	0	0.4910900271113151
glutathione peroxidase/metabolism	ROS1	0.0044470815063318	1	0.1481481481481481	0.0089746251693545	0	0.4910900271113151
glutathione peroxidase/metabolism	autophagy/drug effects	1.9613400580431595e-05	1	0.074074074074074	6.485617067645567e-05	0	0.4910900271113151
glutathione peroxidase/metabolism	autophagy-related proteins/genetics	2.3766930645763296e-09	1	0.037037037037037	2.2305533615764906e-08	0	0.4910900271113151
glutathione peroxidase/metabolism	flavonolignans/pharmacology	2.3766930645763296e-09	1	0.037037037037037	2.2305533615764906e-08	0	0.4910900271113151
glutathione peroxidase/metabolism	ATG5	2.3766930645763296e-09	1	0.037037037037037	2.2305533615764906e-08	0	0.4910900271113151
flavonolignans/pharmacology	ROS1	0.0044470815063318	1	0.1481481481481481	0.0089746251693545	0	0.4910900271113151
flavonolignans/pharmacology	autophagy/drug effects	1.9613400580431595e-05	1	0.074074074074074	6.485617067645567e-05	0	0.4910900271113151
flavonolignans/pharmacology	autophagy-related proteins/genetics	2.3766930645763296e-09	1	0.037037037037037	2.2305533615764906e-08	0	0.4910900271113151
flavonolignans/pharmacology	ATG5	2.3766930645763296e-09	1	0.037037037037037	2.2305533615764906e-08	0	0.4910900271113151
ATG5	ROS1	0.0044470815063318	1	0.1481481481481481	0.0089746251693545	0	0.4910900271113151
ATG5	autophagy/drug effects	1.9613400580431595e-05	1	0.074074074074074	6.485617067645567e-05	0	0.4910900271113151
ATG5	autophagy-related proteins/genetics	2.3766930645763296e-09	1	0.037037037037037	2.2305533615764906e-08	0	0.4910900271113151
autophagy-related proteins/genetics	ROS1	0.0044470815063318	1	0.1481481481481481	0.0089746251693545	0	0.4910900271113151
autophagy-related proteins/genetics	autophagy/drug effects	1.9613400580431595e-05	1	0.074074074074074	6.485617067645567e-05	0	0.4910900271113151
ROS1	glutathione peroxidase/therapeutic use	0.0010636503730522	1	0.1481481481481481	0.0023691137341409	0	0.4910900271113151
ROS1	b-lymphocytes/metabolism	0.0010636503730522	1	0.1481481481481481	0.0023691137341409	0	0.4910900271113151
ROS1	cytoskeletal proteins/metabolism	0.0010636503730522	1	0.1481481481481481	0.0023691137341409	0	0.4910900271113151
ROS1	PLEKHM1	0.0010636503730522	1	0.1481481481481481	0.0023691137341409	0	0.4910900271113151
ROS1	SPANXB1	0.0010636503730522	1	0.1481481481481481	0.0023691137341409	0	0.4910900271113151
ROS1	BDKRB2	0.0010636503730522	1	0.1481481481481481	0.0023691137341409	0	0.4910900271113151
ROS1	BBS9	0.0010636503730522	1	0.1481481481481481	0.0023691137341409	0	0.4910900271113151
ROS1	MS4A1	0.0010636503730522	1	0.1481481481481481	0.0023691137341409	0	0.4910900271113151
glutathione peroxidase/therapeutic use	PLEKHM1	6.772360450213455e-15	1	0.037037037037037	2.3951030860511e-13	0	0.4910900271113151
glutathione peroxidase/therapeutic use	SPANXB1	6.772360450213455e-15	1	0.037037037037037	2.3951030860511e-13	0	0.4910900271113151
glutathione peroxidase/therapeutic use	b-lymphocytes/metabolism	6.772360450213455e-15	1	0.037037037037037	2.3951030860511e-13	0	0.4910900271113151
glutathione peroxidase/therapeutic use	cytoskeletal proteins/metabolism	6.772360450213455e-15	1	0.037037037037037	2.3951030860511e-13	0	0.4910900271113151
glutathione peroxidase/therapeutic use	BDKRB2	6.772360450213455e-15	1	0.037037037037037	2.3951030860511e-13	0	0.4910900271113151
glutathione peroxidase/therapeutic use	BBS9	6.772360450213455e-15	1	0.037037037037037	2.3951030860511e-13	0	0.4910900271113151
glutathione peroxidase/therapeutic use	MS4A1	6.772360450213455e-15	1	0.037037037037037	2.3951030860511e-13	0	0.4910900271113151
b-lymphocytes/metabolism	PLEKHM1	6.772360450213455e-15	1	0.037037037037037	2.3951030860511e-13	0	0.4910900271113151
b-lymphocytes/metabolism	SPANXB1	6.772360450213455e-15	1	0.037037037037037	2.3951030860511e-13	0	0.4910900271113151
b-lymphocytes/metabolism	cytoskeletal proteins/metabolism	6.772360450213455e-15	1	0.037037037037037	2.3951030860511e-13	0	0.4910900271113151
b-lymphocytes/metabolism	BDKRB2	6.772360450213455e-15	1	0.037037037037037	2.3951030860511e-13	0	0.4910900271113151
b-lymphocytes/metabolism	BBS9	6.772360450213455e-15	1	0.037037037037037	2.3951030860511e-13	0	0.4910900271113151
b-lymphocytes/metabolism	MS4A1	6.772360450213455e-15	1	0.037037037037037	2.3951030860511e-13	0	0.4910900271113151
cytoskeletal proteins/metabolism	PLEKHM1	6.772360450213455e-15	1	0.037037037037037	2.3951030860511e-13	0	0.4910900271113151
cytoskeletal proteins/metabolism	SPANXB1	6.772360450213455e-15	1	0.037037037037037	2.3951030860511e-13	0	0.4910900271113151
cytoskeletal proteins/metabolism	BDKRB2	6.772360450213455e-15	1	0.037037037037037	2.3951030860511e-13	0	0.4910900271113151
cytoskeletal proteins/metabolism	BBS9	6.772360450213455e-15	1	0.037037037037037	2.3951030860511e-13	0	0.4910900271113151
cytoskeletal proteins/metabolism	MS4A1	6.772360450213455e-15	1	0.037037037037037	2.3951030860511e-13	0	0.4910900271113151
PLEKHM1	BDKRB2	6.772360450213455e-15	1	0.037037037037037	2.3951030860511e-13	0	0.4910900271113151
PLEKHM1	SPANXB1	6.772360450213455e-15	1	0.037037037037037	2.3951030860511e-13	0	0.4910900271113151
PLEKHM1	BBS9	6.772360450213455e-15	1	0.037037037037037	2.3951030860511e-13	0	0.4910900271113151
PLEKHM1	MS4A1	6.772360450213455e-15	1	0.037037037037037	2.3951030860511e-13	0	0.4910900271113151
SPANXB1	BDKRB2	6.772360450213455e-15	1	0.037037037037037	2.3951030860511e-13	0	0.4910900271113151
SPANXB1	BBS9	6.772360450213455e-15	1	0.037037037037037	2.3951030860511e-13	0	0.4910900271113151
SPANXB1	MS4A1	6.772360450213455e-15	1	0.037037037037037	2.3951030860511e-13	0	0.4910900271113151
BDKRB2	BBS9	6.772360450213455e-15	1	0.037037037037037	2.3951030860511e-13	0	0.4910900271113151
BDKRB2	MS4A1	6.772360450213455e-15	1	0.037037037037037	2.3951030860511e-13	0	0.4910900271113151
BBS9	MS4A1	6.772360450213455e-15	1	0.037037037037037	2.3951030860511e-13	0	0.4910900271113151
cd8-positive t-lymphocytes/drug effects	autophagy/drug effects	8.604524076250009e-06	1	0.074074074074074	3.669576444283092e-05	0	0.4910900271113151
cd8-positive t-lymphocytes/drug effects	endoplasmic reticulum/drug effects	9.441547543787009e-11	1	0.037037037037037	1.1456271078235282e-09	0	0.4910900271113151
cd8-positive t-lymphocytes/drug effects	ACSL4	9.441547543787009e-11	1	0.037037037037037	1.1456271078235282e-09	0	0.4910900271113151
cd8-positive t-lymphocytes/drug effects	ATL1	9.441547543787009e-11	1	0.037037037037037	1.1456271078235282e-09	0	0.4910900271113151
cd8-positive t-lymphocytes/drug effects	S100A4	9.441547543787009e-11	1	0.037037037037037	1.1456271078235282e-09	0	0.4910900271113151
cd8-positive t-lymphocytes/drug effects	AIFM2	9.441547543787009e-11	1	0.037037037037037	1.1456271078235282e-09	0	0.4910900271113151
autophagy/drug effects	AIFM2	8.604524076250009e-06	1	0.074074074074074	3.669576444283092e-05	0	0.4910900271113151
autophagy/drug effects	endoplasmic reticulum/drug effects	8.604524076250009e-06	1	0.074074074074074	3.669576444283092e-05	0	0.4910900271113151
autophagy/drug effects	ACSL4	8.604524076250009e-06	1	0.074074074074074	3.669576444283092e-05	0	0.4910900271113151
autophagy/drug effects	ATL1	8.604524076250009e-06	1	0.074074074074074	3.669576444283092e-05	0	0.4910900271113151
autophagy/drug effects	S100A4	8.604524076250009e-06	1	0.074074074074074	3.669576444283092e-05	0	0.4910900271113151
endoplasmic reticulum/drug effects	ACSL4	9.441547543787009e-11	1	0.037037037037037	1.1456271078235282e-09	0	0.4910900271113151
endoplasmic reticulum/drug effects	ATL1	9.441547543787009e-11	1	0.037037037037037	1.1456271078235282e-09	0	0.4910900271113151
endoplasmic reticulum/drug effects	S100A4	9.441547543787009e-11	1	0.037037037037037	1.1456271078235282e-09	0	0.4910900271113151
endoplasmic reticulum/drug effects	AIFM2	9.441547543787009e-11	1	0.037037037037037	1.1456271078235282e-09	0	0.4910900271113151
ACSL4	ATL1	9.441547543787009e-11	1	0.037037037037037	1.1456271078235282e-09	0	0.4910900271113151
ACSL4	S100A4	9.441547543787009e-11	1	0.037037037037037	1.1456271078235282e-09	0	0.4910900271113151
ACSL4	AIFM2	9.441547543787009e-11	1	0.037037037037037	1.1456271078235282e-09	0	0.4910900271113151
ATL1	S100A4	9.441547543787009e-11	1	0.037037037037037	1.1456271078235282e-09	0	0.4910900271113151
ATL1	AIFM2	9.441547543787009e-11	1	0.037037037037037	1.1456271078235282e-09	0	0.4910900271113151
S100A4	AIFM2	9.441547543787009e-11	1	0.037037037037037	1.1456271078235282e-09	0	0.4910900271113151
