entity	category	node_weight	occurrence
tumor-associated macrophages/drug effects	MESH	0.037037037037037	1
JAK2	GENE	0.037037037037037	1
triple negative breast neoplasms/drug therapy	MESH	0.037037037037037	1
basic-leucine zipper transcription factors/analysis	MESH	0.037037037037037	1
STAT3	GENE	0.037037037037037	1
HLF	GENE	0.037037037037037	1
GGT1	GENE	0.037037037037037	1
drug resistance neoplasm	MESH	0.037037037037037	1
TGFB1	GENE	0.037037037037037	1
IL6	GENE	0.037037037037037	1
