entity	category	node_weight	occurrence	repGM	repGT
NTHL1	GENE	0.0057142857142857	1	0.7619047619047619	2.2857142857142856
PPARGC1A	GENE	0.0057142857142857	1	0.7619047619047619	2.2857142857142856
RPE	GENE	0.0228571428571428	4	0.7619047619047619	2.2857142857142856
