kw1	kw2	pg	crit_p	edge_weight	inv_edge_weight	R1C1	iteration
NTHL1	RPE	1.3322676295501878e-15	5.750608322863116e-15	0.0228571428571464	0.6084573436328657	1	1
PPARGC1A	RPE	0.0	0.0	0.0228571428571464	0.6084573436328657	1	1
