entity	category	node_weight	occurrence	repGM	repGT
IDH2	GENE	0.0057142857142857	1	0.7346938775510204	1.7142857142857144
BLVRB	GENE	0.0171428571428571	3	0.7346938775510204	1.7142857142857144
IDH1	GENE	0.0057142857142857	1	0.7346938775510204	1.7142857142857144
