kw1	kw2	pg	crit_p	edge_weight	inv_edge_weight	R1C1	iteration
IDH2	BLVRB	1.1045595459724389e-05	1.9950680502535243e-05	0.0171428571428598	0.6084573436328657	1	1
IDH2	IDH1	1.765254609153999e-12	5.484366475487822e-12	0.0057142857142865	0.6084573436328657	1	1
BLVRB	IDH1	1.1045595459724389e-05	1.9950680502535243e-05	0.0171428571428598	0.6084573436328657	1	1
