PMID	Authors	Affiliations	Title	Journal	Volume	Issue	Year	DOI-link	Title-Abstract-OT
35778693	He C, Wang C, Liu H, Shan B	College of Basic Medicine, Hebei Medical University, Shijiazhuang, China., Department of Hematology, The Fourth Hospital of Hebei Medical University, NO.169, TianShan Street, Shijiazhuang, Hebei, 050035, People's Republic of China., Research Center and Tumor Research Institute, The Fourth Hospital of Hebei Medical University, NO.12, Jiankang Road, Shijiazhuang, Hebei, 050011, People's Republic of China. baoenshan6@126.com., Department of Hematology, The Fourth Hospital of Hebei Medical University, NO.169, TianShan Street, Shijiazhuang, Hebei, 050035, People's Republic of China. liuhs78299@outlook.com., Research Center and Tumor Research Institute, The Fourth Hospital of Hebei Medical University, NO.12, Jiankang Road, Shijiazhuang, Hebei, 050011, People's Republic of China., Hebei Medical University, Shijiazhuang, China. baoenshan6@126.com., Hebei Medical University, Shijiazhuang, China.	Kayadiol exerted anticancer effects through p53-mediated ferroptosis in NKTCL cells.	BMC Cancer	22	1	2023	10.1186/s12885-022-09825-5	TITLE: Kayadiol exerted anticancer effects through p53-mediated ferroptosis in NKTCL cells. ABSTRACT: Extranodal natural killer/T cell lymphoma (NKTCL) is a highly aggressive type of non-Hodgkin lymphoma that facing the treatment challenges. Natural compounds are important sources for drug development because of their diverse biological and chemical properties, among which terpenoids have strong anticancer activities. The human NK/T cell lymphoma cell line YT and peripheral blood lymphocytes isolated from NKTCL patients were treated with different concentrations of kayadiol. Then, the following experiments were performed: CCK-8 assay for cell viability, reactive oxygen species (ROS) and glutathione (GSH) assay and co-treatment with NAC, reduced GSH, or ferrostatin-1 for ferroptosis, the proteome profiling for elucidating signaling pathways, and western blot for the expression of p53, SCL7A11, and GPX4. siRNA and CRISPR/Cas9 plasmid for p53 knockout was designed and transfected into YT cells to evaluate the causal role of p53 in kayadiol-induced ferroptosis. The synergistic effect was evaluated by CCK8 assay after co-treatment of kayadiol with L-asparaginase or cisplatin. In this study, we found that kayadiol, a diterpenoid extracted from Torreya nucifera, exerted significant killing effect on NKTCL cells without killing the healthy lymphocytes. Subsequently, we observed that kayadiol treatment triggered significant ferroptosis events, including ROS accumulation and GSH depletion. ROS scavenger NAC, GSH, and ferroptosis inhibitor ferrostatin-1 (Fer-1) reversed kayadiol-induced cell death in NKTCL cells. Furthermore, kayadiol decreased the expression of SLC7A11 and GPX4, the negative regulatory proteins for ferroptosis. We then demonstrated that p53 was the key mediator of kayadiol-induced ferroptosis by SLC7A11/GPX4 axis through p53 knockout experiments. In addition, kayadiol exerted a synergistic effect with L-asparaginase and cisplatin in NKTCL cells. Taken together, our results suggested that the natural product kayadiol exerted anticancer effects through p53-mediated ferroptosis in NK/T cell lymphoma cells. Hence, it can serve as an effective alternative in the treatment of NK/T cell lymphoma, especially for patients exhibiting chemoresistance. OTHER TERMS: Ferroptosis; Kayadiol; NKTCL; p53
35197507	Xie SS et al.	Department of Ultrasound, First Affiliated Hospital of Guangxi Medical University, 6 Shuang yong Road, Nanning, 530021, People's Republic of China. 190662044@qq.com., Department of Echocardiography of Cardiovascular Disease Institute, First Affiliated Hospital of Guangxi Medical University, 6 Shuang yong Road, Nanning, 530021, People's Republic of China. 190662044@qq.com., Department of Ultrasound, First Affiliated Hospital of Guangxi Medical University, 6 Shuang yong Road, Nanning, 530021, People's Republic of China., Experimental Centre of Guangxi Medical University, Nanning, People's Republic of China., Department of Pathology, First Affiliated Hospital of Guangxi Medical University, Nanning, People's Republic of China.	Endothelial cell ferroptosis mediates monocrotaline-induced pulmonary hypertension in rats by modulating NLRP3 inflammasome activation.	Sci Rep	12	1	2022	10.1038/s41598-022-06848-7	TITLE: Endothelial cell ferroptosis mediates monocrotaline-induced pulmonary hypertension in rats by modulating NLRP3 inflammasome activation. ABSTRACT: Inflammation triggers pulmonary vascular remodelling. Ferroptosis, a nonapoptotic form of cell death that is triggered by iron-dependent lipid peroxidation and contributes to the pathogenesis of several inflammation-related diseases, but its role in pulmonary hypertension (PH) has not been studied. We examined endothelial cell ferroptosis in PH and the potential mechanisms. Pulmonary artery endothelial cells (PAECs) and lung tissues from monocrotaline (MCT)-induced PH rats were analysed for ferroptosis markers, including lipid peroxidation, the labile iron pool (LIP) and the protein expression of glutathione peroxidase 4 (GPX4), ferritin heavy chain 1 (FTH1) and NADPH oxidase-4 (NOX4). The effects of the ferroptosis inhibitor ferrostatin-1 (Fer-1) on endothelial cell ferroptosis and pulmonary vascular remodelling in MCT-induced rats were studied in vitro and in vivo. Ferroptosis was observed in PAECs from MCT-induced PH rats in vitro and in vivo and was characterized by a decline in cell viability accompanied by increases in the LIP and lipid peroxidation, the downregulation of GPX4 and FTH1 expression and the upregulation of NOX4 expression. High-mobility group box 1 (HMGB1)/Toll-like receptor 4 (TLR4)/NOD-like receptor family pyrin domain containing 3 (NLRP3) inflammasome signalling was measured by western blotting. These changes were significantly blocked by Fer-1 administration in vitro and in vivo. These results suggest that Fer-1 plays a role in inhibiting ferroptosis-mediated PAEC loss during the progression of PH. The ferroptosis-induced inflammatory response depended on the activation of HMGB1/TLR4 signalling, which activated the NLRP3 inflammasome in vivo. We are the first to suggest that pulmonary artery endothelial ferroptosis triggers inflammatory responses via the HMGB1/TLR4/NLRP3 inflammasome signalling pathway in MCT-induced rats. Treating PH with a ferroptosis inhibitor and exploring new treatments based on ferroptosis regulation might be promising therapeutic strategies for PH. OTHER TERMS: 
34991659	Li H et al.	Department of Breast and Thyroid Surgery, Changhai Hospital, Naval Military Medical University, 230 Changhai Road, Shanghai, 200433, China., Department of Pathology, Changhai Hospital, Naval Military Medical University, Shanghai, 200433, China., Department of Hepatic Surgery, Third Affiliated Hospital of Naval Military Medical University, Shanghai, 200438, China., State Key Laboratory of Oncogenes and Related Genes, Shanghai Cancer Institute, Renji Hospital, Shanghai Jiao Tong University School of Medicine, No. 25, Lane 2200, Xietu Road, Shanghai, 200127, China. xdm20079@126.com., Department of Urology Surgery, Changhai Hospital, Naval Military Medical University, Shanghai, 200433, China., Department of Breast and Thyroid Surgery, Changhai Hospital, Naval Military Medical University, 230 Changhai Road, Shanghai, 200433, China. lhy@smmu.edu.cn., Department of Hepatobiliary Surgery, East Hospital, School of Medicine, Tongji University, Shanghai, 200120, China., Department of Oncology, The First Affiliated Hospital of China Medical University, 155 Nanjing North Street, Shenyang, 110001, China. than1984@sina.com.	HLF regulates ferroptosis, development and chemoresistance of triple-negative breast cancer by activating tumor cell-macrophage crosstalk.	J Hematol Oncol	15	1	2022	10.1186/s13045-021-01223-x	TITLE: HLF regulates ferroptosis, development and chemoresistance of triple-negative breast cancer by activating tumor cell-macrophage crosstalk. ABSTRACT: Tumor-associated macrophages (TAMs) are major components of the tumor microenvironment (TME) which are closely associated with the tumor malignant progression. However, the regulatory mechanisms by which TAMs influence the progression of triple-negative breast cancer (TNBC) remain unclear. Here, we report that hepatic leukemia factor (HLF) acts as a novel oncoprotein in TNBC. We found that HLF was regulated by transforming growth factor-beta1 (TGF-β1) that is secreted by TAMs. Then, HLF transactivated gamma-glutamyltransferase 1 (GGT1) to promote the ferroptosis resistance, thus driving TNBC cell proliferation, metastasis and cisplatin resistance. Reciprocally, IL-6 produced by TNBC cells activated the JAK2/STAT3 axis to induce TGF-β1 secretion by TAMs, thus constituted a feed-forward circuit. The accuracy of TNBC patient prognosis could be improved by employing a combination of HLF and GGT1 values. Thus, our findings document that the interactive dialogue between TNBC cells and TAMs promotes sustained activation of HLF in tumor cells through the IL-6-TGF-β1 axis. Subsequently, HLF promotes the ferroptosis resistance in TNBC cells via GGT1 and ultimately facilitates the malignant tumor progression. Our study provides a potential target for the treatment of TNBC. OTHER TERMS: Ferroptosis; GGT1; TGF-β1/SMAD3/HLF/IL-6/JAK2/STAT3 pathway; Triple-negative breast cancer; Tumor-associated macrophages
34985903	Xie L et al.	Guangdong Provincial Key Laboratory of Malignant Tumor Epigenetics and Gene Regulation, Medical Research Center, Sun Yat-Sen Memorial Hospital, Sun Yat-Sen University, Guangzhou 510120, China., MoE Frontiers Science Center for Precision Oncology, University of Macau, Taipa, Macau SAR 999078, China., Cancer Centre and Institute of Translational Medicine, Faculty of Health Sciences, University of Macau, Taipa, Macau SAR 999078, China., Key Laboratory for Organic Electronics and Information Displays and Institute of Advanced Materials (IAM), Jiangsu National Synergetic Innovation Center for Advanced Materials (SICAM), Nanjing University of Posts and Telecommunications, Nanjing 210023, China., Key Laboratory of Flexible Electronics (KLOFE) and Institute of Advanced Materials (IAM), Nanjing Tech University (NanjingTech), Nanjing 210009, China.	Phototheranostic Metal-Phenolic Networks with Antiexosomal PD-L1 Enhanced Ferroptosis for Synergistic Immunotherapy.	J Am Chem Soc	144	2	2022	10.1021/jacs.1c09753	TITLE: Phototheranostic Metal-Phenolic Networks with Antiexosomal PD-L1 Enhanced Ferroptosis for Synergistic Immunotherapy. ABSTRACT: Tumor-derived exosome can suppress dendritic cells (DCs) and T cells functions. Excessive secretion of exosomal programmed death-ligand 1 (PD-L1) results in therapeutic resistance to PD-1/PD-L1 immunotherapy and clinical failure. Restored T cells by antiexosomal PD-L1 tactic can intensify ferroptosis of tumor cells and vice versa. Diminishing exosomal suppression and establishing a nexus of antiexosomal PD-L1 and ferroptosis may rescue the discouraging antitumor immunity. Here, we engineered phototheranostic metal-phenolic networks (PFG MPNs) by an assembly of semiconductor polymers encapsulating ferroptosis inducer (Fe[3+]) and exosome inhibitor (GW4869). The PFG MPNs elicited superior near-infrared II fluorescence/photoacoustic imaging tracking performance for a precise photothermal therapy (PTT). PTT-augmented immunogenic cell death relieved exosomal silencing on DC maturation. GW4869 mediated PD-L1 based exosomal inhibition revitalized T cells and enhanced the ferroptosis. This novel synergy of PTT with antiexosomal PD-L1 enhanced ferroptosis evoked potent antitumor immunity in B16F10 tumors and immunological memory against metastatic tumors in lymph nodes. OTHER TERMS: 
34811833	Yuan S et al.	School of Pharmacy, Anhui Medical University, Hefei, China., School of Pharmacy, Anhui University of Chinese Medicine, Hefei, China., Department of Pharmacy, The First Affiliated Hospital of Anhui Medical University, Hefei, China., Department of Urology, The Second People's Hospital of Hefei, Hefei, China.	Sorafenib attenuates liver fibrosis by triggering hepatic stellate cell ferroptosis via HIF-1α/SLC7A11 pathway.	Cell Prolif	55	1	2022	10.1111/cpr.13158	TITLE: Sorafenib attenuates liver fibrosis by triggering hepatic stellate cell ferroptosis via HIF-1α/SLC7A11 pathway. ABSTRACT: Evidences demonstrate that sorafenib alleviates liver fibrosis via inhibiting HSC activation and ECM accumulation. The underlying mechanism remains unclear. Ferroptosis, a novel programmed cell death, regulates diverse physiological/pathological processes. In this study, we aim to investigate the functional role of HSC ferroptosis in the anti-fibrotic effect of sorafenib. The effects of sorafenib on HSC ferroptosis and ECM expression were assessed in mouse model of liver fibrosis induced by CCl4 . In vitro, Fer-1 and DFO were used to block ferroptosis and then explored the anti-fibrotic effect of sorafenib by detecting α-SMA, COL1α1 and fibronectin proteins. Finally, HIF-1α siRNA, plasmid and stabilizers were applied to assess related signalling pathway. Sorafenib attenuated liver injury and ECM accumulation in CCl4 -induced fibrotic livers, accompanied by reduction of SLC7A11 and GPX4 proteins. In sorafenib-treated HSC-T6 cells, ferroptotic events (depletion of SLC7A11, GPX4 and GSH; accumulation iron, ROS and MDA) were discovered. Intriguingly, these ferroptotic events were not appeared in hepatocytes or macrophages. Sorafenib-elicited HSC ferroptosis and ECM reduction were abrogated by Fer-1 and DFO. Additionally, both HIF-1α and SLC7A11 proteins were reduced in sorafenib-treated HSC-T6 cells. SLC7A11 was positively regulated by HIF-1α, inactivation of HIF-1α/SLC7A11 pathway was required for sorafenib-induced HSC ferroptosis, and elevation of HIF-1α could inhibit ferroptosis, ultimately limited the anti-fibrotic effect. Sorafenib triggers HSC ferroptosis via HIF-1α/SLC7A11 signalling, which in turn attenuates liver injury and fibrosis. OTHER TERMS: HIF-1α/SLC7A11; HSCs; ferroptosis; liver fibrosis; sorafenib
34717678	Cui Y et al.	School of Basic Medicine, Qingdao University, Ningxia Road 308, Qingdao, 266071, China., Department of Biomedical Center, Qingdao University, Qingdao, 266071, China., Institute of Neuroregeneration &amp; Neurorehabilitation, Department of Pathophysiology, Qingdao University, Ningxia Road 308, Qingdao, 266071, China. qiwan1@hotmail.com., Institute of Neuroregeneration &amp; Neurorehabilitation, Department of Pathophysiology, Qingdao University, Ningxia Road 308, Qingdao, 266071, China., The Affiliated Hospital of Qingdao University, Jiangsu Road 16, Qingdao, 266000, Shandong, China.	Microglia and macrophage exhibit attenuated inflammatory response and ferroptosis resistance after RSL3 stimulation via increasing Nrf2 expression.	J Neuroinflammation	18	1	2022	10.1186/s12974-021-02231-x	TITLE: Microglia and macrophage exhibit attenuated inflammatory response and ferroptosis resistance after RSL3 stimulation via increasing Nrf2 expression. ABSTRACT: Many neurological diseases involve neuroinflammation, during which overproduction of cytokines by immune cells, especially microglia, can aggregate neuronal death. Ferroptosis is a recently discovered cell metabolism-related form of cell death and RSL3 is a well-known inducer of cell ferroptosis. Here, we aimed to investigate the effects of RSL3 in neuroinflammation and sensitivity of different type of microglia and macrophage to ferroptosis. Here, we used quantitative RT-PCR analysis and ELISA analysis to analyze the production of proinflammatory cytokine production of microglia and macrophages after lipopolysaccharides (LPS) stimulation. We used CCK8, LDH, and flow cytometry analysis to evaluate the sensitivity of different microglia and macrophages to RSL3-induced ferroptosis. Western blot was used to test the activation of inflammatory signaling pathway and knockdown efficiency. SiRNA-mediated interference was conducted to knockdown GPX4 or Nrf2 in BV2 microglia. Intraperitoneal injection of LPS was performed to evaluate systemic inflammation and neuroinflammation severity in in vivo conditions. We found that ferroptosis inducer RSL3 inhibited lipopolysaccharides (LPS)-induced inflammation of microglia and peritoneal macrophages (PMs) in a cell ferroptosis-independent manner, whereas cell ferroptosis-conditioned medium significantly triggered inflammation of microglia and PMs. Different type of microglia and macrophages showed varied sensitivity to RSL3-induced ferroptosis. Mechanistically, RSL3 induced Nrf2 protein expression to inhibit RNA Polymerase II recruitment to transcription start site of proinflammatory cytokine genes to repress cytokine transcription, and protect cells from ferroptosis. Furthermore, simultaneously injection of RSL3 and Fer-1 ameliorated LPS-induced neuroinflammation in in vivo conditions. These data revealed the proinflammatory role of ferroptosis in microglia and macrophages, identified RSL3 as a novel inhibitor of LPS-induced inflammation, and uncovered the molecular regulation of microglia and macrophage sensitivity to ferroptosis. Thus, targeting ferroptosis in diseases by using RSL3 should consider both the pro-ferroptosis effect and the anti-inflammation effect to achieve optimal outcome. OTHER TERMS: Ferroptosis; LPS; Macrophage; Microglia; Neuroinflammation; RSL3
34593794	Wang G et al.	Cancer Centre, Faculty of Health Sciences, University of Macau, Macau SAR, 999078, China., Institute of Translational Medicine, Faculty of Health Sciences, University of Macau, Macau SAR, 999078, China. yldai@um.edu.mo., Cancer Centre, Faculty of Health Sciences, University of Macau, Macau SAR, 999078, China. yldai@um.edu.mo., MoE Frontiers Science Center for Precision Oncology, University of Macau, Macau SAR, 999078, China. yldai@um.edu.mo., Institute of Translational Medicine, Faculty of Health Sciences, University of Macau, Macau SAR, 999078, China.	A nanounit strategy reverses immune suppression of exosomal PD-L1 and is associated with enhanced ferroptosis.	Nat Commun	12	1	2021	10.1038/s41467-021-25990-w	TITLE: A nanounit strategy reverses immune suppression of exosomal PD-L1 and is associated with enhanced ferroptosis. ABSTRACT: In addition to increasing the expression of programmed death-ligand 1 (PD-L1), tumor cells can also secrete exosomal PD-L1 to suppress T cell activity. Emerging evidence has revealed that exosomal PD-L1 resists immune checkpoint blockade, and may contribute to resistance to therapy. In this scenario, suppressing the secretion of tumor-derived exosomes may aid therapy. Here, we develop an assembly of exosome inhibitor (GW4869) and ferroptosis inducer (Fe[3+]) via amphiphilic hyaluronic acid. Cooperation between the two active components in the constructed nanounit induces an anti-tumor immunoresponse to B16F10 melanoma cells and stimulates cytotoxic T lymphocytes and immunological memory. The nanounit enhances the response to PD-L1 checkpoint blockade and may represent a therapeutic strategy for enhancing the response to this therapy. OTHER TERMS: 
34396451	Zhao J, Xu B, Xiong Q, Feng Y, Du H	Department of Endocrinology and Metabolism, The First Affiliated Hospital of Medical School of Zhejiang University, Hangzhou, Zhejiang 310000, P.R. China., Key Laboratory of Animal Feed and Nutrition of Zhejiang Province, College of Animal Science, Zhejiang University, Hangzhou, Zhejiang 310058, P.R. China.	Erastin‑induced ferroptosis causes physiological and pathological changes in healthy tissues of mice.	Mol Med Rep	24	4	2022	10.3892/mmr.2021.12352	TITLE: Erastin‑induced ferroptosis causes physiological and pathological changes in healthy tissues of mice. ABSTRACT: Ferroptosis is a non‑apoptotic form of cell death that relies on iron and lipid peroxidation, which is associated with multiple pathological processes in several diseases. Erastin is a small molecule capable of initiating ferroptotic cell death in cancer cells, which has shown great potential for cancer therapy. However, the physiological and pathological role of erastin‑induced ferroptosis on healthy tissues has not been well characterized. The present study intraperitoneally injected erastin into healthy mice to detect the metabolic changes of several tissues of mice. Erastin injection induced typical characteristics of ferroptosis with higher level of serum iron and malondialdehyde and lower level of glutathione and glutathione peroxidase 4 protein. Erastin injection enhanced iron deposition in the brain, duodenum, kidney and spleen of mice. Erastin‑induced ferroptosis altered the blood index values, causing mild cerebral infarction of brain and enlarged glomerular volume of kidney. It also promoted the growth of duodenal epithelium with thicker, longer and denser villi in erastin‑treated mice. The findings provided evidence that erastin induced ferroptosis and caused pathological changes in healthy tissues of mice. This suggested that the anti‑tumor drug erastin was somewhat toxic to healthy tissues. OTHER TERMS: erastin; ferroptosis; iron deposition; lipid peroxidation; morphology changes
34093872	Hsieh CH et al.	Department of Pharmacology, National Cheng Kung University, Tainan, 70101, Taiwan., Institute of Oral Medicine, National Cheng Kung University, Tainan, 70101, Taiwan., Center for Micro/Nano Science and Technology, Advanced Optoelectronic Technology Center, Innovation Center for Advanced Medical Device Technology, National Cheng Kung University, Tainan, 70101, Taiwan., Institute of Basic Medicine, National Cheng Kung University, Tainan, 70101, Taiwan., Center of Applied Nanomedicine, National Cheng Kung University, Tainan, 70101, Taiwan.	An innovative NRF2 nano-modulator induces lung cancer ferroptosis and elicits an immunostimulatory tumor microenvironment.	Theranostics	11	14	2021	10.7150/thno.57803	TITLE: An innovative NRF2 nano-modulator induces lung cancer ferroptosis and elicits an immunostimulatory tumor microenvironment. ABSTRACT: Simultaneous targeting of both the tumor microenvironment and cancer cells by a single nanomedicine has not been reported to date. Here, we report the dual properties of zero-valent-iron nanoparticle (ZVI-NP) to induce cancer-specific cytotoxicity and anti-cancer immunity. Methods: Cancer-specific cytotoxicity induced by ZVI-NP was determined by MTT assay. Mitochondria functional assay, immunofluorescence staining, Western blot, RT-qPCR, and ChIP-qPCR assays were used to dissect the mechanism underlying ZVI-NP-induced ferroptotic cancer cell death. The therapeutic potential of ZVI-NP was evaluated in immunocompetent mice and humanized mice. Immune cell profiles of allografts and ex vivo cultured immune cells were examined by flow cytometry analysis, RT-qPCR assay, and immunofluorescence. Results: ZVI-NP caused mitochondria dysfunction, intracellular oxidative stress, and lipid peroxidation, leading to ferroptotic death of lung cancer cells. Degradation of NRF2 by GSK3/β-TrCP through AMPK/mTOR activation was enhanced in such cancer-specific ferroptosis. In addition, ZVI-NP attenuated self-renewal ability of cancer and downregulated angiogenesis-related genes. Importantly, ZVI-NP augmented anti-tumor immunity by shifting pro-tumor M2 macrophages to anti-tumor M1, decreasing the population of regulatory T cells, downregulating PD-1 and CTLA4 in CD8[+] T cells to potentiate their cytolytic activity against cancer cells, while attenuating PD-L1 expression in cancer cells in vitro and in tumor-bearing immunocompetent mice. In particular, ZVI-NPs preferentially accumulated in tumor and lung tissues, leading to prominent suppression of tumor growth and metastasis. Conclusions: This dual-functional nanomedicine established an effective strategy to synergistically induce ferroptotic cancer cell death and reprogram the immunosuppressive microenvironment, which highlights the potential of ZVI-NP as an advanced integrated anti-cancer strategy. OTHER TERMS: NRF2; ferroptosis; lung cancer; nanoparticle; tumor microenvironment
34062295	Deng S et al.	Department of Neurosurgery, The National Key Clinical Specialty, The Engineering Technology Research Center of Education Ministry of China, Guangdong Provincial Key Laboratory on Brain Function Repair and Regeneration, Zhujiang Hospital, Southern Medical University, Guangzhou, China., Department of Neurosurgery, The National Key Clinical Specialty, The Engineering Technology Research Center of Education Ministry of China, Guangdong Provincial Key Laboratory on Brain Function Repair and Regeneration, Zhujiang Hospital, Southern Medical University, Guangzhou, China. Electronic address: kyquan@smu.edu.cn.	Ferroptosis Suppressive Genes Correlate with Immunosuppression in Glioblastoma.	World Neurosurg	152		2021	10.1016/j.wneu.2021.05.098	TITLE: Ferroptosis Suppressive Genes Correlate with Immunosuppression in Glioblastoma. ABSTRACT: Glioblastoma (GBM) is the most lethal primary tumor in the central nervous system. Ferroptosis is a type of programmed iron-dependent cell death. In the present study, we aimed to identify prognostic ferroptosis-related genes and their role in tumor immunity. We used differential and survival analysis and The Cancer Genome Atlas (TCGA) GBM RNA sequencing data. We also used systematic bioinformatic methods. Using differential and survival analysis, we found that a ferroptosis suppressor was predominant within ferroptosis-related genes in TCGA GBM RNA sequencing data. By integrating TCGA and gene expression omnibus GBM cohorts, 12 dysregulated ferroptosis suppressors were detected. Among the suppressors, CD44, heat shock protein family B (small) member 1 (HSPB1), and solute carrier family 40 member 1 (SLC40A1) were relevant to overall survival. Using systematic bioinformatic methods, we observed that ferroptosis suppressor expression correlated with immunosuppression, which could be attributed to T-cell exhaustion and cytotoxic T-lymphocyte evasion. Finally, we observed that a potential ferroptosis-inducing drug, acetaminophen, interacted with CD44, HSPB1, and SLC40A1. The ferroptosis suppressors CD44, HSPB1, and SLC40A1 were significantly associated with prognosis in GBM and correlated with immunosuppression (i.e., T-cell exhaustion and cytotoxic T-lymphocyte evasion). Acetaminophen might have an antitumor function in GBM by regulating CD44, HSPB1, and SLC40A1 to induce ferroptosis. Our results are expected to be of great significance in developing new immunotherapy strategies for GBM. OTHER TERMS: Acetaminophen; CTL evasion; Ferroptosis; GBM; Immunosuppression; T-cell exhaustion
33926261	Lou S et al.	Key Laboratory of Plant Resources and Chemistry of Arid Zone, Xinjiang Technical Institute of Physics and Chemistry, Chinese Academy of Sciences, Urumqi 830011, China., College of Pharmaceutical Sciences, Zhejiang Chinese Medical University, Hangzhou 310053, China., School of Chemical Sciences, University of Chinese Academy of Sciences, Beijing, 100049, China., College of Chemistry and Chemical Engineering, Anhui University of Technology, Ma'anshan 243002, China.	Inhibitory effect of hydnocarpin D on T-cell acute lymphoblastic leukemia via induction of autophagy-dependent ferroptosis.	Exp Biol Med (Maywood)	246	13	2021	10.1177/15353702211004870	TITLE: Inhibitory effect of hydnocarpin D on T-cell acute lymphoblastic leukemia via induction of autophagy-dependent ferroptosis. ABSTRACT: Hydnocarpin D (HD) is a bioactive flavonolignan compound that possesses promising anti-tumor activity, although the mechanism is not fully understood. Using T cell acute lymphoblastic leukemia (T-ALL) cell lines Jurkat and Molt-4 as model system, we found that HD suppressed T-ALL proliferation in vitro, via induction of cell cycle arrest and subsequent apoptosis. Furthermore, HD increased the LC3-II levels and the formation of autophagolysosome vacuoles, both of which are markers for autophagy. The inhibition of autophagy by either knockdown of ATG5/7 or pre-treatment of 3-MA partially rescued HD-induced apoptosis, thus suggesting that autophagy enhanced the efficacy of HD. Interestingly, this cytotoxic autophagy triggered ferroptosis, as evidenced by the accumulation of lipid ROS and decrease of GSH and GPX4, while inhibition of autophagy impeded ferroptotic cell death. Our study suggests that HD triggers multiple cell death processes and is an interesting compound that should be evaluated in future preclinical studies. OTHER TERMS: Hydnocarpin D; T-ALL; apoptosis; autophagy; ferroptosis
33691090	Ma X et al.	Center for Translational Research in Hematologic Malignancies, Houston Methodist Cancer Center/Houston Methodist Research Institute, Houston Methodist, Houston, TX 77030, USA. Electronic address: qyi@houstonmethodist.org., Center for Translational Research in Hematologic Malignancies, Houston Methodist Cancer Center/Houston Methodist Research Institute, Houston Methodist, Houston, TX 77030, USA.	CD36-mediated ferroptosis dampens intratumoral CD8[+] T cell effector function and impairs their antitumor ability.	Cell Metab	33	5	2022	10.1016/j.cmet.2021.02.015	TITLE: CD36-mediated ferroptosis dampens intratumoral CD8[+] T cell effector function and impairs their antitumor ability. ABSTRACT: Understanding the mechanisms underlying how T cells become dysfunctional in a tumor microenvironment (TME) will greatly benefit cancer immunotherapy. We found that increased CD36 expression in tumor-infiltrating CD8[+] T cells, which was induced by TME cholesterol, was associated with tumor progression and poor survival in human and murine cancers. Genetic ablation of Cd36 in effector CD8[+] T cells exhibited increased cytotoxic cytokine production and enhanced tumor eradication. CD36 mediated uptake of fatty acids by tumor-infiltrating CD8[+] T cells in TME, induced lipid peroxidation and ferroptosis, and led to reduced cytotoxic cytokine production and impaired antitumor ability. Blocking CD36 or inhibiting ferroptosis in CD8[+] T cells effectively restored their antitumor activity and, more importantly, possessed greater antitumor efficacy in combination with anti-PD-1 antibodies. This study reveals a new mechanism of CD36 regulating the function of CD8[+] effector T cells and therapeutic potential of targeting CD36 or inhibiting ferroptosis to restore T cell function. OTHER TERMS: CD36; CD8(+) T cells; ferroptosis; lipid peroxidation
33547170	Zhu H et al.	Georgia Cancer Center, Medical College of Georgia, Augusta, GA 30912., Department of Biochemistry and Molecular Biology, Medical College of Georgia, Augusta, GA 30912; Kliu@augusta.edu., Charlie Norwood VA Medical Center, Augusta, GA 30904., Department of Chemistry and Physics, Augusta University, Augusta, GA 30912., Stony Brook Cancer Center, Stony Brook University, Stony Brook, NY 11794., Department of Pathology, Immunology and Laboratory Medicine, University of Florida, Gainesville, FL 32610., Department of Chemistry, Georgia State University, Atlanta, GA 30303., Department of Biochemistry and Molecular Biology, Medical College of Georgia, Augusta, GA 30912., Ionic Pharmaceuticals, Brookline, MA 02445; and., Department of Biomedical Engineering, Boston University, Boston, MA 02215.	Asah2 Represses the p53-Hmox1 Axis to Protect Myeloid-Derived Suppressor Cells from Ferroptosis.	J Immunol	206	6	2021	10.4049/jimmunol.2000500	TITLE: Asah2 Represses the p53-Hmox1 Axis to Protect Myeloid-Derived Suppressor Cells from Ferroptosis. ABSTRACT: Myeloid-derived suppressor cells (MDSCs) are immune suppressive cells that massively accumulate under pathological conditions to suppress T cell immune response. Dysregulated cell death contributes to MDSC accumulation, but the molecular mechanism underlying this cell death dysregulation is not fully understood. In this study, we report that neutral ceramidase (N-acylsphingosine amidohydrolase [ASAH2]) is highly expressed in tumor-infiltrating MDSCs in colon carcinoma and acts as an MDSC survival factor. To target ASAH2, we performed molecular docking based on human ASAH2 protein structure. Enzymatic inhibition analysis of identified hits determined NC06 as an ASAH2 inhibitor. Chemical and nuclear magnetic resonance analysis determined NC06 as 7-chloro-2-(3-chloroanilino)pyrano[3,4-e][1,3]oxazine-4,5-dione. NC06 inhibits ceramidase activity with an IC50 of 10.16-25.91 μM for human ASAH2 and 18.6-30.2 μM for mouse Asah2 proteins. NC06 induces MDSC death in a dose-dependent manner, and inhibition of ferroptosis decreased NC06-induced MDSC death. NC06 increases glutathione synthesis and decreases lipid reactive oxygen species to suppress ferroptosis in MDSCs. Gene expression profiling identified the p53 pathway as the Asah2 target in MDSCs. Inhibition of Asah2 increased p53 protein stability to upregulate Hmox1 expression to suppress lipid reactive oxygen species production to suppress ferroptosis in MDSCs. NC06 therapy increases MDSC death and reduces MDSC accumulation in tumor-bearing mice, resulting in increased activation of tumor-infiltrating CTLs and suppression of tumor growth in vivo. Our data indicate that ASAH2 protects MDSCs from ferroptosis through destabilizing p53 protein to suppress the p53 pathway in MDSCs in the tumor microenvironment. Targeting ASAH2 with NC06 to induce MDSC ferroptosis is potentially an effective therapy to suppress MDSC accumulation in cancer immunotherapy. OTHER TERMS: 
33311482	Dai E et al.	Department of Oncology, The Second Xiangya Hospital, Central South University, Changsha, Hunan, 410008, China., Department of Oncology and Hematology, China-Japan Union Hospital of Jilin University, Changchun, Jilin, 130031, China., Department of Surgery, UT Southwestern Medical Center, Dallas, TX, 75390, USA. daolin.tang@utsouthwestern.edu., Department of Surgery, UT Southwestern Medical Center, Dallas, TX, 75390, USA., Department of Pediatric Hematology, First Hospital of Jilin University, Changchun, Jilin, 130021, China. bailulu@jlu.edu.cn., Protein Modification and Degradation Lab, Third Affiliated Hospital of Guangzhou Medical University, Guangzhou, Guangdong, 510120, China.	Ferroptotic damage promotes pancreatic tumorigenesis through a TMEM173/STING-dependent DNA sensor pathway.	Nat Commun	11	1	2021	10.1038/s41467-020-20154-8	TITLE: Ferroptotic damage promotes pancreatic tumorigenesis through a TMEM173/STING-dependent DNA sensor pathway. ABSTRACT: Ferroptosis is a more recently recognized form of cell death that relies on iron-mediated oxidative damage. Here, we evaluate the impact of high-iron diets or depletion of Gpx4, an antioxidant enzyme reported as an important ferroptosis suppressor, in the pancreas of mice with cerulean- or L-arginine-induced pancreatitis, and in an oncogenic Kras murine model of spontaneous pancreatic ductal adenocarcinoma (PDAC). We find that either high-iron diets or Gpx4 depletion promotes 8-OHG release and thus activates the TMEM173/STING-dependent DNA sensor pathway, which results in macrophage infiltration and activation during Kras-driven PDAC in mice. Consequently, the administration of liproxstatin-1 (a ferroptosis inhibitor), clophosome-mediated macrophage depletion, or pharmacological and genetic inhibition of the 8-OHG-TMEM173 pathway suppresses Kras-driven pancreatic tumorigenesis in mice. GPX4 is also a prognostic marker in patients with PDAC. These findings provide pathological and mechanistic insights into ferroptotic damage in PDAC tumorigenesis in mice. OTHER TERMS: 
33277233	Drijvers JM et al.	Department of Immunology, Blavatnik Institute and Ludwig Center at Harvard, Harvard Medical School, Boston, Massachusetts., Department of Cell Biology, Blavatnik Institute and Ludwig Center at Harvard, Harvard Medical School, Boston, Massachusetts. arlene_sharpe@hms.harvard.edu marcia_haigis@hms.harvard.edu., Department of Cell Biology, Blavatnik Institute and Ludwig Center at Harvard, Harvard Medical School, Boston, Massachusetts., Department of Immunology, Blavatnik Institute and Ludwig Center at Harvard, Harvard Medical School, Boston, Massachusetts. arlene_sharpe@hms.harvard.edu marcia_haigis@hms.harvard.edu., Evergrande Center for Immunologic Diseases, Harvard Medical School and Brigham and Women's Hospital, Boston, Massachusetts.	Pharmacologic Screening Identifies Metabolic Vulnerabilities of CD8[+] T Cells.	Cancer Immunol Res	9	2	2021	10.1158/2326-6066.CIR-20-0384	TITLE: Pharmacologic Screening Identifies Metabolic Vulnerabilities of CD8[+] T Cells. ABSTRACT: Metabolic constraints in the tumor microenvironment constitute a barrier to effective antitumor immunity and similarities in the metabolic properties of T cells and cancer cells impede the specific therapeutic targeting of metabolism in either population. To identify distinct metabolic vulnerabilities of CD8[+] T cells and cancer cells, we developed a high-throughput in vitro pharmacologic screening platform and used it to measure the cell type-specific sensitivities of activated CD8[+] T cells and B16 melanoma cells to a wide array of metabolic perturbations during antigen-specific killing of cancer cells by CD8[+] T cells. We illustrated the applicability of this screening platform by showing that CD8[+] T cells were more sensitive to ferroptosis induction by inhibitors of glutathione peroxidase 4 (GPX4) than B16 and MC38 cancer cells. Overexpression of ferroptosis suppressor protein 1 (FSP1) or cytosolic GPX4 yielded ferroptosis-resistant CD8[+] T cells without compromising their function, while genetic deletion of the ferroptosis sensitivity-promoting enzyme acyl-CoA synthetase long-chain family member 4 (ACSL4) protected CD8[+] T cells from ferroptosis but impaired antitumor CD8[+] T-cell responses. Our screen also revealed high T cell-specific vulnerabilities for compounds targeting NAD[+] metabolism or autophagy and endoplasmic reticulum (ER) stress pathways. We focused the current screening effort on metabolic agents. However, this in vitro screening platform may also be valuable for rapid testing of other types of compounds to identify regulators of antitumor CD8[+] T-cell function and potential therapeutic targets. OTHER TERMS: 
33236624	Guo P et al.	Heilongjiang Key Laboratory of Scientific Research in Urology, The Fourth Hospital of Harbin Medical University, Harbin 150081, P. R. China., NHC Key Laboratory of Molecular Probes and Targeted Diagnosis and Therapy, The Fourth Hospital of Harbin Medical University, Harbin 150001, P. R. China., CAS Key Laboratory of Molecular Imaging, The State Key Laboratory of Management and Control for Complex Systems, Institute of Automation, Chinese Academy of Sciences, Beijing 100190, P. R. China., Urology Surgery Department, The Fourth Hospital of Harbin Medical University, Harbin 150081, P. R. China., Department of Pathophysiology, Key Laboratory of Cardiovascular Pathophysiology, Harbin Medical University, Harbin 150081, P. R. China.	Intravesical In Situ Immunostimulatory Gel for Triple Therapy of Bladder Cancer.	ACS Appl Mater Interfaces	12	49	2021	10.1021/acsami.0c15176	TITLE: Intravesical In Situ Immunostimulatory Gel for Triple Therapy of Bladder Cancer. ABSTRACT: Bladder cancer displays multiple biological features aided in drug resistance; therefore, single therapy fails to induce complete tumor regression. To address this issue, various kinds of cell death of cancer cells as well as restoring tumor immune microenvironment need to be taken into consideration. Here, we introduce a gel system termed AuNRs&amp;IONs@Gel, which target-delivers a combination of photothermal, ferroptotic, and immune therapy through intravesical instillation. AuNRs&amp;IONs@Gel consists of a gel delivery platform, embedded gold nanorods (AuNRs), and iron oxide nanoparticles (IONs). The targeted delivery gel platform provides dextran aldehyde-selective adhesion with cancer collagen. In this condition, photothermal therapy can be performed by gold nanorods (AuNRs) under imaging-guided near-infrared radiation. Local high concentrations of IONs can be absorbed by cancer cell to induce ferroptosis. Moreover, tumor-associated macrophages which often display an immune-suppressive M2-like phenotype will be repolarized by IONs into the antitumor M1-like phenotype, exerting a direct antitumor effect and professional antigen presentation of dead cancer cells. This process triggers a potent immune response of innate and adapt immunities to protect tumor rechallenge in long terms. Our triple-therapy strategy employs FDA-approved nanoparticles to inhibit bladder cancer which may possess great potential for clinical translation. OTHER TERMS: PTT; bladder cancer; ferroptosis; intravesical therapy; macrophage
32814895	Ubellacker JM et al.	Children's Research Institute, University of Texas Southwestern Medical Center, Dallas, TX, USA. Sean.Morrison@UTSouthwestern.edu., Howard Hughes Medical Institute, University of Texas Southwestern Medical Center, Dallas, TX, USA. Sean.Morrison@UTSouthwestern.edu., Department of Pediatrics, University of Texas Southwestern Medical Center, Dallas, TX, USA. Sean.Morrison@UTSouthwestern.edu., Department of Dermatology, University of Michigan, Ann Arbor, MI, USA., Howard Hughes Medical Institute, University of Texas Southwestern Medical Center, Dallas, TX, USA., Free Radical and Radiation Biology Program, Department of Radiation Oncology, Holden Comprehensive Cancer Center, University of Iowa, Iowa City, IA, USA., Children's Research Institute, University of Texas Southwestern Medical Center, Dallas, TX, USA.	Lymph protects metastasizing melanoma cells from ferroptosis.	Nature	585	7823	2020	10.1038/s41586-020-2623-z	TITLE: Lymph protects metastasizing melanoma cells from ferroptosis. ABSTRACT: Cancer cells, including melanoma cells, often metastasize regionally through the lymphatic system before metastasizing systemically through the blood[1-4]; however, the reason for this is unclear. Here we show that melanoma cells in lymph experience less oxidative stress and form more metastases than melanoma cells in blood. Immunocompromised mice with melanomas derived from patients, and immunocompetent mice with mouse melanomas, had more melanoma cells per microlitre in tumour-draining lymph than in tumour-draining blood. Cells that metastasized through blood, but not those that metastasized through lymph, became dependent on the ferroptosis inhibitor GPX4. Cells that were pretreated with chemical ferroptosis inhibitors formed more metastases than untreated cells after intravenous, but not intralymphatic, injection. We observed multiple differences between lymph fluid and blood plasma that may contribute to decreased oxidative stress and ferroptosis in lymph, including higher levels of glutathione and oleic acid and less free iron in lymph. Oleic acid protected melanoma cells from ferroptosis in an Acsl3-dependent manner and increased their capacity to form metastatic tumours. Melanoma cells from lymph nodes were more resistant to ferroptosis and formed more metastases after intravenous injection than did melanoma cells from subcutaneous tumours. Exposure to the lymphatic environment thus protects melanoma cells from ferroptosis and increases their ability to survive during subsequent metastasis through the blood. OTHER TERMS: 
32778843	Soula M et al.	Department of Chemistry and Biomolecular Sciences, University of Ottawa, Ottawa, Ontario, Canada., The Proteomics Resource Center, The Rockefeller University, New York, NY, USA., Department of Chemistry and Biomolecular Sciences, University of Ottawa, Ottawa, Ontario, Canada. dpratt@uottawa.ca., Laboratory of Metabolic Regulation and Genetics, The Rockefeller University, New York, NY, USA. kbirsoy@rockefeller.edu., Laboratory of Metabolic Regulation and Genetics, The Rockefeller University, New York, NY, USA., Laboratory of Metabolic Regulation and Genetics, The Rockefeller University, New York, NY, USA. jgarciaber@rockefeller.edu.	Metabolic determinants of cancer cell sensitivity to canonical ferroptosis inducers.	Nat Chem Biol	16	12	2021	10.1038/s41589-020-0613-y	TITLE: Metabolic determinants of cancer cell sensitivity to canonical ferroptosis inducers. ABSTRACT: Cancer cells rewire their metabolism and rely on endogenous antioxidants to mitigate lethal oxidative damage to lipids. However, the metabolic processes that modulate the response to lipid peroxidation are poorly defined. Using genetic screens, we compared metabolic genes essential for proliferation upon inhibition of cystine uptake or glutathione peroxidase-4 (GPX4). Interestingly, very few genes were commonly required under both conditions, suggesting that cystine limitation and GPX4 inhibition may impair proliferation via distinct mechanisms. Our screens also identify tetrahydrobiopterin (BH4) biosynthesis as an essential metabolic pathway upon GPX4 inhibition. Mechanistically, BH4 is a potent radical-trapping antioxidant that protects lipid membranes from autoxidation, alone and in synergy with vitamin E. Dihydrofolate reductase catalyzes the regeneration of BH4, and its inhibition by methotrexate synergizes with GPX4 inhibition. Altogether, our work identifies the mechanism by which BH4 acts as an endogenous antioxidant and provides a compendium of metabolic modifiers of lipid peroxidation. OTHER TERMS: 
32686685	Yu B, Choi B, Li W, Kim DH	Robert H. Lurie Comprehensive Cancer Center, Chicago, IL, 60611, USA. dhkim@northwestern.edu., Department of Bioengineering, University of Illinois at Chicago, Chicago, IL, 60607, USA. dhkim@northwestern.edu., Department of Biomedical Engineering, McCormick School of Engineering, Evanston, IL, 60208, USA. dhkim@northwestern.edu., Department of Radiology, Feinberg School of Medicine, Northwestern University, Chicago, IL, 60611, USA. dhkim@northwestern.edu., Department of Radiology, Feinberg School of Medicine, Northwestern University, Chicago, IL, 60611, USA., Department of Bioengineering, University of Illinois at Chicago, Chicago, IL, 60607, USA.	Magnetic field boosted ferroptosis-like cell death and responsive MRI using hybrid vesicles for cancer immunotherapy.	Nat Commun	11	1	2020	10.1038/s41467-020-17380-5	TITLE: Magnetic field boosted ferroptosis-like cell death and responsive MRI using hybrid vesicles for cancer immunotherapy. ABSTRACT: We report a strategy to boost Fenton reaction triggered by an exogenous circularly polarized magnetic field (MF) to enhance ferroptosis-like cell-death mediated immune response, as well as endow a responsive MRI capability by using a hybrid core-shell vesicles (HCSVs). HCSVs are prepared by loading ascorbic acid (AA) in the core and poly(lactic-co-glycolic acid) shell incorporating iron oxide nanocubes (IONCs). MF triggers the release of AA, resulting in the increase of ferrous ions through the redox reaction between AA and IONCs. A significant tumor suppression is achieved by Fenton reaction-mediated ferroptosis-like cell-death. The oxidative stress induced by the Fenton reaction leads to the exposure of calreticulin on tumor cells, which leads to dendritic cells maturation and the infiltration of cytotoxic T lymphocytes in tumor. Furthermore, the depletion of ferric ions during treatment enables monitoring of the Fe reaction in MRI-R2* signal change. This strategy provides a perspective on ferroptosis-based immunotherapy. OTHER TERMS: 
32134361	Thermozier S et al.	Departments of Chemistry., Department of Radiation Oncology, UPMC Hillman Cancer Center, Pittsburgh, Pennsylvania 15232., Departments of Pathology., Departments of Computational and Biology Systems., Departments of Environmental/Occupational Health., Departments of Critical Care Medicine., Departments of Biostatistics, University of Pittsburgh, Pittsburgh, Pennsylvania 15260.	Anti-Ferroptosis Drug Enhances Total-Body Irradiation Mitigation by Drugs that Block Apoptosis and Necroptosis.	Radiat Res	193	5	2020	10.1667/RR15486.1	TITLE: Anti-Ferroptosis Drug Enhances Total-Body Irradiation Mitigation by Drugs that Block Apoptosis and Necroptosis. ABSTRACT: Mitigation of total-body irradiation (TBI) in C57BL/6 mice by two drugs, which target apoptosis and necroptosis respectively, increases survival compared to one drug alone. Here we investigated whether the biomarker (signature)directed addition of a third anti-ferroptosis drug further mitigated TBI effects. C57BL/6NTac female mice (30-33 g) received 9.25 Gy TBI, and 24 h or later received JP4-039 (20 mg/kg), necrostatin-1 (1.65 mg/kg) and/or lipoxygenase-15 inhibitor (baicalein) (50 mg/kg) in single-, dual- or three-drug regimens. Some animals were sacrificed at days 0, 1, 2, 3, 4 or 7 postirradiation, while the majority in each group were maintained beyond 30 days. For those mice sacrificed at the early time points, femur bone marrow, intestine (ileum), lung and blood plasma were collected and analyzed for radiation-induced and mitigator-modified levels of 33 pro-inflammatory and stress response proteins. Each single mitigator administered [JP4-039 (24 h), necrostatin-1 (48 h) or baicalein (24 h)] improved survival at day 30 after TBI to 25% (P = 0.0432, 0.2816 or 0.1120, respectively) compared to 5% survival of 9.25 Gy TBI controls. Mice were administered the drug individually based on weight (mg/kg). Drug vehicles comprised 30% cyclodextrin for JP4-039 and baicalein, and 10% Cremphor-EL/10% ethanol/80% water for necrostatin-1; thus, dual-vehicle controls were also tested. The dual-drug combinations further enhanced survival: necrostatin-1 (delayed to 72 h) with baicalein 40% (P = 0.0359); JP4-039 with necrostatin-1 50% (P = 0.0062); and JP4-039 with baicalein 60% (P = 0.0064). The three-drug regimen, timed to signature directed evidence of onset after TBI of each death pathway in marrow and intestine, further increased the 30-day survival to 75% (P = 0.0002), and there was optimal normalization to preirradiation levels of inflammatory cytokine and stress response protein levels in plasma, intestine and marrow. In contrast, lung protein levels were minimally altered by 9.25 Gy TBI or mitigators over 7 days. Significantly, elevated intestinal proteins at day 7 after TBI were reduced by necrostatin-1-containing regimens; however, normalization of plasma protein levels at day 7 required the addition of JP4-039 and baicalein. These findings indicate that mitigator targeting to three distinct cell death pathways increases survival after TBI. OTHER TERMS: 
31980600	Singh KS et al.	Program in Molecular and Cellular Oncogenesis, The Wistar Institute, Philadelphia, PA, 19104, USA. mmurphy@wistar.org., Department of Genetics, The Raymond and Ruth Perelman School of Medicine at the University of Pennsylvania, Philadelphia, PA, 19104, USA., Bioinformatics Facility, The Wistar Institute, Philadelphia, PA, 19104, USA., Program in Immunology, Microenvironment and Metastasis, The Wistar Institute, Philadelphia, PA, 19104, USA., Southern Iron Disorders Center, Birmingham AL 35209 USA and Department of Medicine, University of Alabama at Birmingham, Birmingham, AL, 35294, USA., Vaccine and Immunotherapy Center, The Wistar Institute, Philadelphia, PA, 19104, USA., Department of Genetics, The Raymond and Ruth Perelman School of Medicine at the University of Pennsylvania, Philadelphia, PA, 19104, USA. georged@pennmedicine.upenn.edu., Program in Molecular and Cellular Oncogenesis, The Wistar Institute, Philadelphia, PA, 19104, USA., Vaccine and Immunotherapy Center, The Wistar Institute, Philadelphia, PA, 19104, USA. fdotiwala@wistar.org., Graduate Group in Biochemistry and Molecular Biophysics, The Raymond and Ruth Perelman School of Medicine at the University of Pennsylvania, Philadelphia, PA, 19104, USA.	African-centric TP53 variant increases iron accumulation and bacterial pathogenesis but improves response to malaria toxin.	Nat Commun	11	1	2020	10.1038/s41467-019-14151-9	TITLE: African-centric TP53 variant increases iron accumulation and bacterial pathogenesis but improves response to malaria toxin. ABSTRACT: A variant at amino acid 47 in human TP53 exists predominantly in individuals of African descent. P47S human and mouse cells show increased cancer risk due to defective ferroptosis. Here, we show that this ferroptotic defect causes iron accumulation in P47S macrophages. This high iron content alters macrophage cytokine profiles, leads to higher arginase level and activity, and decreased nitric oxide synthase activity. This leads to more productive intracellular bacterial infections but is protective against malarial toxin hemozoin. Proteomics of macrophages reveal decreased liver X receptor (LXR) activation, inflammation and antibacterial defense in P47S macrophages. Both iron chelators and LXR agonists improve the response of P47S mice to bacterial infection. African Americans with elevated saturated transferrin and serum ferritin show higher prevalence of the P47S variant (OR = 1.68 (95%CI 1.07-2.65) p = 0.023), suggestive of its role in iron accumulation in humans. This altered macrophage phenotype may confer an advantage in malaria-endemic sub-Saharan Africa. OTHER TERMS: 
31775041	Muri J, Thut H, Bornkamm GW, Kopf M	Institute of Molecular Health Sciences, ETH Zurich, 8093 Zürich, Switzerland., Institute of Clinical Molecular Biology and Tumor Genetics, Helmholtz Zentrum München, 85764 Neuherberg, Germany., Institute of Molecular Health Sciences, ETH Zurich, 8093 Zürich, Switzerland. Electronic address: manfred.kopf@ethz.ch.	B1 and Marginal Zone B Cells but Not Follicular B2 Cells Require Gpx4 to Prevent Lipid Peroxidation and Ferroptosis.	Cell Rep	29	9	2020	10.1016/j.celrep.2019.10.070	TITLE: B1 and Marginal Zone B Cells but Not Follicular B2 Cells Require Gpx4 to Prevent Lipid Peroxidation and Ferroptosis. ABSTRACT: Aerobic organisms need to maintain cellular redox homeostasis. Glutathione peroxidase-4 (Gpx4) has the unique ability to protect cells against lipid peroxidation. Here, we show that Gpx4 is absolutely required to prevent ferroptosis during development, maintenance, and responses of innate-like B cells, namely, the B1 and marginal zone (MZ) B cells. In contrast, Gpx4 is dispensable for the development, germinal center reactions, and antibody responses of follicular B2 cells. Mechanistically, we show increased lipid metabolism and sensitivity to lipid peroxidation and ferroptosis in B1 and MZ B cells compared to follicular B2 cells, consistent with the requirement of Gpx4 in innate-like B cells. This high sensitivity to ferroptosis of innate-like B cells may be used to therapeutically target Gpx4 in certain forms of B cell malignancies involving B1 cells. OTHER TERMS: B cell immunometabolism; B1 cells; Gpx4; fatty-acid metabolism; ferroptosis; glutathione; lipid ROS; marginal zone B cells; redox system
31554642	Lang X et al.	Graduate Program in Immunology, University of Michigan School of Medicine, Ann Arbor, Michigan., Howard Hughes Medical Institute, University of Michigan School of Medicine, Ann Arbor, Michigan., Department of Radiation Oncology, University of Michigan School of Medicine, Ann Arbor, Michigan., Department of Computational Medicine and Bioinformatics, University of Michigan School of Medicine, Ann Arbor, Michigan., Department of Chemical Engineering, The University of Texas at Austin, Austin, Texas., Department of Surgery, University of Michigan Rogel Cancer Center, Ann Arbor, Michigan., Graduate Program in Cancer Biology, University of Michigan School of Medicine, Ann Arbor, Michigan., Michigan Center for Translational Pathology, University of Michigan School of Medicine, Ann Arbor, Michigan., Center of Excellence for Cancer Immunology and Immunotherapy, University of Michigan Rogel Cancer Center, Ann Arbor, Michigan., Department of Medical Education, University of Michigan School of Medicine, Ann Arbor, Michigan., Department of Pathology, University of Michigan School of Medicine, Ann Arbor, Michigan., Department of Molecular Biosciences, The University of Texas at Austin, Austin, Texas., Department of Surgery, University of Michigan Rogel Cancer Center, Ann Arbor, Michigan. wzou@umich.edu.	Radiotherapy and Immunotherapy Promote Tumoral Lipid Oxidation and Ferroptosis via Synergistic Repression of SLC7A11.	Cancer Discov	9	12	2020	10.1158/2159-8290.CD-19-0338	TITLE: Radiotherapy and Immunotherapy Promote Tumoral Lipid Oxidation and Ferroptosis via Synergistic Repression of SLC7A11. ABSTRACT: A challenge in oncology is to rationally and effectively integrate immunotherapy with traditional modalities, including radiotherapy. Here, we demonstrate that radiotherapy induces tumor-cell ferroptosis. Ferroptosis agonists augment and ferroptosis antagonists limit radiotherapy efficacy in tumor models. Immunotherapy sensitizes tumors to radiotherapy by promoting tumor-cell ferroptosis. Mechanistically, IFNγ derived from immunotherapy-activated CD8[+] T cells and radiotherapy-activated ATM independently, yet synergistically, suppresses SLC7A11, a unit of the glutamate-cystine antiporter xc[-], resulting in reduced cystine uptake, enhanced tumor lipid oxidation and ferroptosis, and improved tumor control. Thus, ferroptosis is an unappreciated mechanism and focus for the development of effective combinatorial cancer therapy. SIGNIFICANCE: This article describes ferroptosis as a previously unappreciated mechanism of action for radiotherapy. Further, it shows that ferroptosis is a novel point of synergy between immunotherapy and radiotherapy. Finally, it nominates SLC7A11, a critical regulator of ferroptosis, as a mechanistic determinant of synergy between radiotherapy and immunotherapy.This article is highlighted in the In This Issue feature, p. 1631. OTHER TERMS: 
31509699	Wei G et al.	Department of Biopharmaceutical Science, School of Pharmacy and Health Sciences , Keck Graduate Institute , Claremont , California 91711 , United States., Institute of Medical Research , Northwestern Polytechnical University , Xi'an 710072 , China., Key Laboratory of Structure-Based Drug Design &amp; Discovery of Ministry of Education , Shenyang Pharmaceutical University , Shenyang 110016 , China., Yantai Branch, Shanghai Institute of Materia Medica , Chinese Academy of Sciences (CAS) , Yantai 264000 , China.	Natural Product Albiziabioside A Conjugated with Pyruvate Dehydrogenase Kinase Inhibitor Dichloroacetate To Induce Apoptosis-Ferroptosis-M2-TAMs Polarization for Combined Cancer Therapy.	J Med Chem	62	19	2020	10.1021/acs.jmedchem.9b00644	TITLE: Natural Product Albiziabioside A Conjugated with Pyruvate Dehydrogenase Kinase Inhibitor Dichloroacetate To Induce Apoptosis-Ferroptosis-M2-TAMs Polarization for Combined Cancer Therapy. ABSTRACT: The reprogramming of energy metabolism is considered to be one of the main characteristics of cancer. The development of therapeutic agents targeting glycolysis to alter aberrant glucose metabolism and restore oxidative phosphorylation has emerged as an effective approach for cancer therapy. In this way, we have developed a conjugate AlbA-DCA, which can induce a marked increase in intracellular ROS and alleviate the accumulation of lactic acid in TME. Meanwhile, AlbA-DCA selectively kills cancer cells and exhibits an excellent synergistic effect. Mechanism studies confirm that AlbA-DCA can induce apoptosis and ferroptosis. We also confirm that AlbA-DCA can remold the tumor immunosuppression microenvironment via eliminating M2-TAMs to inhibit both primary and distal tumor progression in a dual-4T1 tumor model in female BALB/c mice. As a result, rational design of natural saponin and PDK inhibitor to induce apoptosis-ferroptosis-M2-TAMs polarization for enhanced cancer therapy is a promising strategy, thus providing a new idea for cancer therapy. OTHER TERMS: 
31043744	Wang W et al.	Center of Excellence for Cancer Immunology and Immunotherapy, University of Michigan Rogel Cancer Center, University of Michigan School of Medicine, Ann Arbor, MI, USA., Howard Hughes Medical Institute, University of Michigan School of Medicine, Ann Arbor, MI, USA., Department of Radiation Oncology, University of Michigan School of Medicine, Ann Arbor, MI, USA., Institute for Cancer Genetics, Department of Pathology and Cell Biology, and Herbert Irving Comprehensive Cancer Center, College of Physicians and Surgeons, Columbia University, New York, NY, USA., Department of Obstetrics and Gynecology, University of Michigan School of Medicine, Ann Arbor, MI, USA., Center of Excellence for Cancer Immunology and Immunotherapy, University of Michigan Rogel Cancer Center, University of Michigan School of Medicine, Ann Arbor, MI, USA. wzou@med.umich.edu., Department of Computational Medicine &amp; Bioinformatics, University of Michigan School of Medicine, Ann Arbor, MI, USA., Department of Surgery, University of Michigan School of Medicine, Ann Arbor, MI, USA., Department of Molecular Biosciences, University of Texas at Austin, Austin, TX, USA., Department of Pathology, University of Michigan School of Medicine, Ann Arbor, MI, USA. wzou@med.umich.edu., Graduate Program in Cancer Biology, University of Michigan School of Medicine, Ann Arbor, MI, USA. wzou@med.umich.edu., Graduate Program in Immunology, University of Michigan School of Medicine, Ann Arbor, MI, USA. wzou@med.umich.edu., Michigan Center for Translational Pathology, University of Michigan School of Medicine, Ann Arbor, MI, USA., Department of Chemical Engineering, University of Texas at Austin, Austin, TX, USA., Immunogenomics and Precision Oncology Platform, Department of Radiation Oncology, Memorial Sloan Kettering Cancer Center, New York, NY, USA., Department of Pathology, University of Michigan School of Medicine, Ann Arbor, MI, USA., Department of Surgery, University of Michigan School of Medicine, Ann Arbor, MI, USA. wzou@med.umich.edu., Cayman Chemical Company, Ann Arbor, MI, USA.	CD8[+] T cells regulate tumour ferroptosis during cancer immunotherapy.	Nature	569	7755	2020	10.1038/s41586-019-1170-y	TITLE: CD8[+] T cells regulate tumour ferroptosis during cancer immunotherapy. ABSTRACT: Cancer immunotherapy restores or enhances the effector function of CD8[+] T cells in the tumour microenvironment[1,2]. CD8[+] T cells activated by cancer immunotherapy clear tumours mainly by inducing cell death through perforin-granzyme and Fas-Fas ligand pathways[3,4]. Ferroptosis is a form of cell death that differs from apoptosis and results from iron-dependent accumulation of lipid peroxide[5,6]. Although it has been investigated in vitro[7,8], there is emerging evidence that ferroptosis might be implicated in a variety of pathological scenarios[9,10]. It is unclear whether, and how, ferroptosis is involved in T cell immunity and cancer immunotherapy. Here we show that immunotherapy-activated CD8[+] T cells enhance ferroptosis-specific lipid peroxidation in tumour cells, and that increased ferroptosis contributes to the anti-tumour efficacy of immunotherapy. Mechanistically, interferon gamma (IFNγ) released from CD8[+] T cells downregulates the expression of SLC3A2 and SLC7A11, two subunits of the glutamate-cystine antiporter system xc[-], impairs the uptake of cystine by tumour cells, and as a consequence, promotes tumour cell lipid peroxidation and ferroptosis. In mouse models, depletion of cystine or cysteine by cyst(e)inase (an engineered enzyme that degrades both cystine and cysteine) in combination with checkpoint blockade synergistically enhanced T cell-mediated anti-tumour immunity and induced ferroptosis in tumour cells. Expression of system xc[-] was negatively associated, in cancer patients, with CD8[+] T cell signature, IFNγ expression, and patient outcome. Analyses of human transcriptomes before and during nivolumab therapy revealed that clinical benefits correlate with reduced expression of SLC3A2 and increased IFNγ and CD8. Thus, T cell-promoted tumour ferroptosis is an anti-tumour mechanism, and targeting this pathway in combination with checkpoint blockade is a potential therapeutic approach. OTHER TERMS: 
30830879	Li W et al.	Department of Environmental and Occupational Health, University of Pittsburgh, Pittsburgh, Pennsylvania, USA., Department of Medicine, Washington University, Saint Louis, Missouri, USA., Department of Surgery and., Department of Developmental Biology, Washington University, Saint Louis, Missouri, USA., Department of Pathology and Immunology, Washington University, Saint Louis, Missouri, USA., Department of Internal Medicine III, Division of Nephrology, University Hospital Carl Gustav Carus at Technische Universität Dresden, Dresden, Germany., Laboratory of Navigational Redox Lipidomics, I.M. Sechenov Moscow State Medical University, Moscow, Russia.	Ferroptotic cell death and TLR4/Trif signaling initiate neutrophil recruitment after heart transplantation.	J Clin Invest	129	6	2020	10.1172/JCI126428	TITLE: Ferroptotic cell death and TLR4/Trif signaling initiate neutrophil recruitment after heart transplantation. ABSTRACT: Non-apoptotic forms of cell death can trigger sterile inflammation through the release of danger-associated molecular patterns, which are recognized by innate immune receptors. However, despite years of investigation the mechanisms which initiate inflammatory responses after heart transplantation remain elusive. Here, we demonstrate that ferrostatin-1 (Fer-1), a specific inhibitor of ferroptosis, decreases the level of pro-ferroptotic hydroperoxy-arachidonoyl-phosphatidylethanolamine, reduces cardiomyocyte cell death and blocks neutrophil recruitment following heart transplantation. Inhibition of necroptosis had no effect on neutrophil trafficking in cardiac grafts. We extend these observations to a model of coronary artery ligation-induced myocardial ischemia reperfusion injury where inhibition of ferroptosis resulted in reduced infarct size, improved left ventricular systolic function, and reduced left ventricular remodeling. Using intravital imaging of cardiac transplants, we uncover that ferroptosis orchestrates neutrophil recruitment to injured myocardium by promoting adhesion of neutrophils to coronary vascular endothelial cells through a TLR4/TRIF/type I IFN signaling pathway. Thus, we have discovered that inflammatory responses after cardiac transplantation are initiated through ferroptotic cell death and TLR4/Trif-dependent signaling in graft endothelial cells. These findings provide a platform for the development of therapeutic strategies for heart transplant recipients and patients, who are vulnerable to ischemia reperfusion injury following restoration of coronary blood flow. OTHER TERMS: Inflammation; Neutrophils; Organ transplantation; Transplantation
30787033	Amaral EP et al.	Immunobiology Section, Laboratory of Parasitic Diseases, National Institute of Allergy and Infectious Diseases, National Institutes of Health, Bethesda, MD eduardo.amaral@nih.gov., Inflammation and Innate Immunity Unit, Laboratory of Clinical Immunology and Microbiology, National Institute of Allergy and Infectious Diseases, National Institutes of Health Bethesda, MD., University of Orleans and CNRS, UMR7355, Orleans, France., Wellcome Centre for Infectious Disease Research in Africa, Institute of Infectious Disease and Molecular Medicine, University of Cape Town, Cape Town, South Africa., Research Technology Branch, National Institute of Allergy and Infectious Diseases, National Institutes of Health, Bethesda, MD., Universidade Salvador, Laureate University, Salvador, Bahia, Brazil., Immunobiology Section, Laboratory of Parasitic Diseases, National Institute of Allergy and Infectious Diseases, National Institutes of Health, Bethesda, MD., Instituto Gonçalo Moniz, Fundação Oswaldo Cruz, Salvador, Bahia, Brazil., Escola Bahiana de Medicina e Saúde Pública, Salvador, Bahia, Brazil., Multinational Organization Network Sponsoring Translational and Epidemiological Research Initiative, José Silveira Foundation, Salvador, Brazil., Immunobiology Section, Laboratory of Parasitic Diseases, National Institute of Allergy and Infectious Diseases, National Institutes of Health, Bethesda, MD asher@nih.gov., Division of Infectious Diseases, Department of Medicine, Vanderbilt University School of Medicine, Nashville, TN.	A major role for ferroptosis in Mycobacterium tuberculosis-induced cell death and tissue necrosis.	J Exp Med	216	3	2020	10.1084/jem.20181776	TITLE: A major role for ferroptosis in Mycobacterium tuberculosis-induced cell death and tissue necrosis. ABSTRACT: Necrotic cell death during Mycobacterium tuberculosis (Mtb) infection is considered host detrimental since it facilitates mycobacterial spread. Ferroptosis is a type of regulated necrosis induced by accumulation of free iron and toxic lipid peroxides. We observed that Mtb-induced macrophage necrosis is associated with reduced levels of glutathione and glutathione peroxidase-4 (Gpx4), along with increased free iron, mitochondrial superoxide, and lipid peroxidation, all of which are important hallmarks of ferroptosis. Moreover, necrotic cell death in Mtb-infected macrophage cultures was suppressed by ferrostatin-1 (Fer-1), a well-characterized ferroptosis inhibitor, as well as by iron chelation. Additional experiments in vivo revealed that pulmonary necrosis in acutely infected mice is associated with reduced Gpx4 expression as well as increased lipid peroxidation and is likewise suppressed by Fer-1 treatment. Importantly, Fer-1-treated infected animals also exhibited marked reductions in bacterial load. Together, these findings implicate ferroptosis as a major mechanism of necrosis in Mtb infection and as a target for host-directed therapy of tuberculosis. OTHER TERMS: 
40287444	Liu Z et al.	Department of Neurosurgery, Union Hospital, Tongji Medical College, Huazhong University of Science and Technology, Wuhan, 430022, China. 2004xh0835@hust.edu.cn., Department of Cataract, Nanyang Eye Hospital, Nanyang, 473000, China., Department of Infectious Diseases, Union Hospital, Tongji Medical College, Huazhong University of Science and Technology, Wuhan, 430022, China., Department of Neurosurgery, Union Hospital, Tongji Medical College, Huazhong University of Science and Technology, Wuhan, 430022, China. pfu@hust.edu.cn., Department of Neurosurgery, Henan Provincial People's Hospital, Zhengzhou, 450000, China., Department of Neurosurgery, Union Hospital, Tongji Medical College, Huazhong University of Science and Technology, Wuhan, 430022, China.	Fusion of glioma-associated mesenchymal stem/stromal cells with glioma cells promotes macrophage recruitment and M2 polarization via m[6]A modification of CSF1.	Cell Death Dis	16	1	2025	10.1038/s41419-025-07678-x	TITLE: Fusion of glioma-associated mesenchymal stem/stromal cells with glioma cells promotes macrophage recruitment and M2 polarization via m[6]A modification of CSF1. ABSTRACT: Malignant glioma is the most common primary malignant tumor of the brain in adults, with glioblastoma (GBM) being the most aggressive subtype. Mesenchymal stem/stromal cells (MSCs) have been shown to fuse with tumor cells in various cancers including glioma, thereby regulating tumor progression. However, there has been no systematic research on the fusion of glioma-associated MSCs (GA-MSCs) with glioma cells. Here, it is shown that GA-MSCs are able to spontaneously fuse with glioma cells both in vitro and in vivo. The hybrid cells display significantly lower levels of N6-methyladenosine (m[6]A) modification and can modulate the glioma microenvironment by attracting and inducing M2-like polarization of macrophages. Mechanistically, the demethylase fat mass and obesity-associated protein (FTO) mediates demethylation in hybrids and promotes macrophage colony-stimulating factor (CSF1) secretion by increasing its RNA stability in an m[6]A-YTH domain family 2 (YTHDF2)-dependent manner. Our study reveals a novel crosstalk mechanism between glioma cells, GA-MSCs, and macrophages in glioma microenvironment, offering potential new approaches for glioma therapy. OTHER TERMS: 
39753138	Lee W et al.	Department of Obstetrics and Gynecology, The University of Chicago, Chicago, IL 60637, USA., Department of Molecular and Cellular Oncology, The University of Texas MD Anderson Cancer Center, Houston, TX 77030, USA., Department of Molecular and Cellular Oncology, The University of Texas MD Anderson Cancer Center, Houston, TX 77030, USA. Electronic address: hnaora@mdanderson.org.	Neutrophil extracellular traps promote pre-metastatic niche formation in the omentum by expanding innate-like B cells that express IL-10.	Cancer Cell	43	1	2025	10.1016/j.ccell.2024.12.004	TITLE: Neutrophil extracellular traps promote pre-metastatic niche formation in the omentum by expanding innate-like B cells that express IL-10. ABSTRACT: Disseminated cancer cells in the peritoneal fluid often colonize omental fat-associated lymphoid clusters but the mechanisms are unclear. Here, we identify that innate-like B cells accumulate in the omentum of mice and women with early-stage ovarian cancer concomitantly with the extrusion of chromatin fibers by neutrophils called neutrophil extracellular traps (NETs). Studies using genetically modified NET-deficient mice, pharmacologic inhibition of NETs, and adoptive B cell transfer show that NETs induce expression of the chemoattractant CXCL13 in the pre-metastatic omentum, stimulating recruitment of peritoneal innate-like B cells that in turn promote expansion of regulatory T cells and omental metastasis through producing interleukin (IL)-10. Ex vivo studies show that NETs elicit IL-10 production in innate-like B cells by inactivating SHP-1, a phosphatase that inhibits B cell activation pathways, and by generating reactive oxygen species. These findings reveal that NETs alter immune cell dynamics in the pre-metastatic omentum, rendering this niche conducive for colonization. OTHER TERMS: fat-associated lymphoid clusters; neutrophil extracellular traps; omentum; pre-metastatic niche
39546763	Xu Z et al.	Department of Immunobiology, Yale School of Medicine, New Haven, Connecticut., School of Biological Sciences, University of California San Diego, La Jolla, California., Department of Molecular, Cellular and Developmental Biology, Yale University, New Haven, Connecticut., Yale Center for Precision Cancer Modeling, Yale School of Medicine, New Haven, Connecticut., Department of Dermatology, Yale School of Medicine, New Haven, Connecticut., NOMIS Center for Immunobiology and Microbial Pathogenesis, Salk Institute for Biological Studies, La Jolla, California., Department of Pathology, Yale School of Medicine, New Haven, Connecticut., Department of Biomedical Engineering, Yale University, New Haven, Connecticut.	Scavenger Receptor CD36 in Tumor-Associated Macrophages Promotes Cancer Progression by Dampening Type-I IFN Signaling.	Cancer Res	85	3	2025	10.1158/0008-5472.CAN-23-4027	TITLE: Scavenger Receptor CD36 in Tumor-Associated Macrophages Promotes Cancer Progression by Dampening Type-I IFN Signaling. ABSTRACT: Tumor-associated macrophages (TAM) are a heterogeneous population of myeloid cells that dictate the inflammatory tone of the tumor microenvironment. In this study, we unveiled a mechanism by which scavenger receptor cluster of differentiation 36 (CD36) suppresses TAM inflammatory states. CD36 was upregulated in TAMs and associated with immunosuppressive features, and myeloid-specific deletion of CD36 significantly reduced tumor growth. Moreover, CD36-deficient TAMs acquired inflammatory signatures including elevated type-I IFN (IFNI) production, mirroring the inverse correlation between CD36 and IFNI response observed in patients with cancer. IFNI, especially IFNβ, produced by CD36-deficient TAMs directly induced tumor cell quiescence and delayed tumor growth. Mechanistically, CD36 acted as a natural suppressor of IFNI signaling in macrophages through p38 activation downstream of oxidized lipid signaling. These findings establish CD36 as a critical regulator of TAM function and the tumor inflammatory microenvironment, providing additional rationale for pharmacologic inhibition of CD36 to rejuvenate antitumor immunity. Significance: CD36 in tumor-associated macrophages mediates immunosuppression and can be targeted as a therapeutic avenue for stimulating interferon production and increasing the efficacy of immunotherapy. OTHER TERMS: 
39321806	Nian Z et al.	Department of Geriatrics, First Affiliated Hospital of USTC, Division of Life Sciences and Medicine, University of Science and Technology of China, Hefei 230036, China; Key Laboratory of Immune Response and Immunotherapy, School of Basic Medical Sciences, Division of Life Sciences and Medicine, University of Science and Technology of China, Hefei, China; Institue of Immunology, University of Science and Technology of China, Hefei, Anhui 230027, China., Key Laboratory of Immune Response and Immunotherapy, School of Basic Medical Sciences, Division of Life Sciences and Medicine, University of Science and Technology of China, Hefei, China; Institue of Immunology, University of Science and Technology of China, Hefei, Anhui 230027, China., Department of Geriatrics, First Affiliated Hospital of USTC, Division of Life Sciences and Medicine, University of Science and Technology of China, Hefei 230036, China; Key Laboratory of Immune Response and Immunotherapy, School of Basic Medical Sciences, Division of Life Sciences and Medicine, University of Science and Technology of China, Hefei, China; Institue of Immunology, University of Science and Technology of China, Hefei, Anhui 230027, China. Electronic address: ustcwhm@ustc.edu.cn., Department of Anesthesiology, The first affiliated hospital of Anhui Medical University, Hefei, Anhui 230027, China.	Interleukin-34-orchestrated tumor-associated macrophage reprogramming is required for tumor immune escape driven by p53 inactivation.	Immunity	57	10	2024	10.1016/j.immuni.2024.08.015	TITLE: Interleukin-34-orchestrated tumor-associated macrophage reprogramming is required for tumor immune escape driven by p53 inactivation. ABSTRACT: As the most frequent genetic alteration in cancer, more than half of human cancers have p53 mutations that cause transcriptional inactivation. However, how p53 modulates the immune landscape to create a niche for immune escape remains elusive. We found that cancer stem cells (CSCs) established an interleukin-34 (IL-34)-orchestrated niche to promote tumorigenesis in p53-inactivated liver cancer. Mechanistically, we discovered that Il34 is a gene transcriptionally repressed by p53, and p53 loss resulted in IL-34 secretion by CSCs. IL-34 induced CD36-mediated elevations in fatty acid oxidative metabolism to drive M2-like polarization of foam-like tumor-associated macrophages (TAMs). These IL-34-orchestrated TAMs suppressed CD8[+] T cell-mediated antitumor immunity to promote immune escape. Blockade of the IL-34-CD36 axis elicited antitumor immunity and synergized with anti-PD-1 immunotherapy, leading to a complete response. Our findings reveal the underlying mechanism of p53 modulation of the tumor immune microenvironment and provide a potential target for immunotherapy of cancer with p53 inactivation. OTHER TERMS: CD36; IL-34; cancer stem cell; foam-like macrophage; immune checkpoint inhibitor; liver cancer; p53; tumor immune escape; tumor immune microenvironment; tumor-associated macrophage
39178310	Zhang X et al.	Department of Clinical Laboratory, China-Japan Friendship Hospital, Beijing, P.R. China., Institute of Systems Biomedicine, Department of Pathology, School of Basic Medical Sciences, Peking University Third Hospital, Peking University, Beijing, P.R. China., Department of General Surgery, China-Japan Friendship Hospital, Beijing, P.R. China., Department of Blood Transfusion, Peking University People's Hospital, Beijing, P.R. China.	CD36+ Proinflammatory Macrophages Interact with ZCCHC12+ Tumor Cells in Papillary Thyroid Cancer Promoting Tumor Progression and Recurrence.	Cancer Immunol Res	12	11	2024	10.1158/2326-6066.CIR-23-1047	TITLE: CD36+ Proinflammatory Macrophages Interact with ZCCHC12+ Tumor Cells in Papillary Thyroid Cancer Promoting Tumor Progression and Recurrence. ABSTRACT: Local recurrence and distal metastasis negatively impact the survival and quality of life in patients with papillary thyroid cancer (PTC). Therefore, identifying potential biomarkers and therapeutic targets for PTC is clinically crucial. In this study, we performed a multiomics analysis that identified a subset of CD36+ proinflammatory macrophages within the tumor microenvironment of PTC. The recruitment of CD36+ macrophages to premalignant regions strongly correlated with unfavorable outcomes in PTC, and the presence of tumor-infiltrating CD36+ macrophages was determined to be a risk factor for recurrence. The CD36+ macrophages exhibited interactions with metabolically active ZCCHC12+ tumor cells. By secreting SPP1, the CD36+ macrophages activated the PI3K-AKT signaling pathway, thereby promoting proliferation of the cancer cells. Dysregulation of iodine metabolism was closely related to the acquisition of the pro-inflammatory phenotype in macrophages. Iodine supplementation inhibited the activation of proinflammatory signaling and impeded the development of CD36+ macrophages by enhancing DUSP2 expression. Overall, our findings shed light on the intricate cross-talk between CD36+ macrophages and ZCCHC12+ tumor cells, providing valuable insights for the treatment and prognosis of PTC. OTHER TERMS: 
39166450	Zhang X et al.	Medical Center of Diagnosis and Treatment for Cervical and Intrauterine Diseases, Obstetrics and Gynecology Hospital of Fudan University, Shanghai, People's Republic of China., Department of Obstetrics and Gynecology, Maternal and Child Health Hospital of Jiading District, Shanghai, People's Republic of China., Laboratory for Reproductive Immunology, Hospital of Obstetrics and Gynecology, Fudan University, Shanghai, People's Republic of China., Shanghai Key Laboratory of Female Reproductive Endocrine-Related Diseases, Hospital of Obstetrics and Gynecology, Fudan University, Shanghai, People's Republic of China.	Active Heme Metabolism Suppresses Macrophage Phagocytosis via the TLR4/Type I IFN Signaling/CD36 in Uterine Endometrial Cancer.	Am J Reprod Immunol	92	2	2024	10.1111/aji.13916	TITLE: Active Heme Metabolism Suppresses Macrophage Phagocytosis via the TLR4/Type I IFN Signaling/CD36 in Uterine Endometrial Cancer. ABSTRACT: Uterine endometrial cancer (UEC) is a common gynecological estrogen-dependent carcinoma, usually accompanied by intermenstrual bleeding. Active heme metabolism frequently plays an increasingly important role in many diseases, especially in cancers. Tumor-associated macrophages (TAMs) are the major population in the immune microenvironment of UEC. However, the roles of heme metabolisms in the crosstalk between UEC cells (UECCs) and macrophages are unclear. In our study, by using TCGA database analysis, integration analysis of the protein-protein interaction (PPI) network and sample RNA transcriptome sequencing were done. The expression level of both heme-associated molecules and iron metabolism-related molecules were measured by quantitative real-time polymerase chain reaction. Heme level detection was done through dehydrohorseradish peroxidase assay. In addition to immunohistochemistry, phagocytosis assay of macrophages, immunofluorescence staining, intracellular ferrous iron staining, as well as enzyme-linked immune sorbent assay were performed. In the study, we verified that heme accumulation in UECCs is apparently higher than in endometrial epithelium cells. Low expression of succinate dehydrogenase B under the regulation of estrogen contributes to over-production of succinate and heme accumulation in UECC. More importantly, excessive heme in UECCs impaired macrophage phagocytosis by regulation of CD36. Mechanistically, this process is dependent on toll-like receptor (TLR4)/type I interferons alpha (IFN Iα) regulatory axis in macrophage. Collectively, these findings elucidate that active heme metabolism of UECCs directly decreases phagocytosis by controlling the secretion of TLR4-mediated IFN Iα and the expression of CD36, and further contributing to the immune escape of UEC. OTHER TERMS: CD36; IFN Iα; TLR4; heme; macrophages; phagocytosis; uterine endometrial cancer
38351345	Deng T et al.	Key Laboratory of Diagnosis and Treatment of Severe Hepato-Pancreatic Diseases of Zhejiang Province, The First Affiliated Hospital of Wenzhou Medical University, Wenzhou, Zhejiang, 325035, China., Department of Hepatobiliary Surgery, The First Affiliated Hospital of Wenzhou Medical University, Wenzhou, Zhejiang, 325035, China. chen.gang@wmu.edu.cn., Key Laboratory of Diagnosis and Treatment of Severe Hepato-Pancreatic Diseases of Zhejiang Province, The First Affiliated Hospital of Wenzhou Medical University, Wenzhou, Zhejiang, 325035, China. chen.gang@wmu.edu.cn., Department of Epidemiology and Biostatistics, School of Public Health and Management, Wenzhou Medical University, Wenzhou, Zhejiang, China. wang.yi@wmu.edu.cn., Alberta Institute, Wenzhou Medical University, Wenzhou, Zhejiang, China., Department of Hepatobiliary Surgery, The First Affiliated Hospital of Wenzhou Medical University, Wenzhou, Zhejiang, 325035, China. quiet1981@163.com., Key Laboratory of Diagnosis and Treatment of Severe Hepato-Pancreatic Diseases of Zhejiang Province, The First Affiliated Hospital of Wenzhou Medical University, Wenzhou, Zhejiang, 325035, China. xiajinglin@fudan.edu.cn., Key Laboratory of Diagnosis and Treatment of Severe Hepato-Pancreatic Diseases of Zhejiang Province, The First Affiliated Hospital of Wenzhou Medical University, Wenzhou, Zhejiang, 325035, China. quiet1981@163.com., Liver Cancer Institute, The First Affiliated Hospital of Wenzhou Medical University, Wenzhou, 325005, China. chen.gang@wmu.edu.cn., Department of Hepatobiliary Surgery, The First Affiliated Hospital of Wenzhou Medical University, Wenzhou, Zhejiang, 325035, China., Liver Cancer Institute, The First Affiliated Hospital of Wenzhou Medical University, Wenzhou, 325005, China. xiajinglin@fudan.edu.cn., Liver Cancer Institute, Zhongshan Hospital, Fudan University, Shanghai, 200032, China. xiajinglin@fudan.edu.cn., The Second Affiliated Hospital, Department of General Surgery, Hengyang Medical School, University of South China, Hengyang, Hunan, 421001, China.	Crosstalk between endothelial progenitor cells and HCC through periostin/CCL2/CD36 supports formation of the pro-metastatic microenvironment in HCC.	Oncogene	43	13	2024	10.1038/s41388-024-02960-2	TITLE: Crosstalk between endothelial progenitor cells and HCC through periostin/CCL2/CD36 supports formation of the pro-metastatic microenvironment in HCC. ABSTRACT: Metastasis causes most cancer-related deaths, and the role and mechanism of periostin (POSTN) in the metastasis of hepatocellular carcinoma (HCC) remain undiscovered. In this study, DEN and HTVi HCC models were performed in hepatic-specific Postn ablation and Postn knock-in mouse to reveal the role of POSTN in HCC metastasis. Furthermore, POSTN was positively correlated with circulating EPCs level and promoted EPC mobilization and tumour infiltration. POSTN also mediated the crosstalk between HCC and EPCs, which promoted metastasis ability and upregulated CD36 expression in HCC through indirect crosstalk. Chemokine arrays further revealed that hepatic-derived POSTN induced elevated CCL2 expression and secretion in EPCs, and CCL2 promoted prometastatic traits in HCC. Mechanistic studies showed that POSTN upregulated CCL2 expression in EPCs via the αvβ3/ILK/NF-κB pathway. CCL2 further induced CD36 expression via the CCR2/STAT3 pathway by directly binding to the promoter region of CD36. Finally, CD36 was verified to have a prometastatic role in vitro and to be correlated with POSTN expression, metastasis and recurrence in HCC in clinical samples. Our findings revealed that crosstalk between HCC and EPCs is mediated by periostin/CCL2/CD36 signalling which promotes HCC metastasis and emphasizes a potential therapeutic strategy for preventing HCC metastasis. OTHER TERMS: 
38301989	Wang H et al.	Department of Liver Surgery and Transplantation, Liver Cancer Institute, Zhongshan Hospital, Fudan University, Key Laboratory of Carcinogenesis and Cancer Invasion of Ministry of Education, Shanghai, China., Department of Liver Surgery and Transplantation, Liver Cancer Institute, Zhongshan Hospital, Fudan University, Key Laboratory of Carcinogenesis and Cancer Invasion of Ministry of Education, Shanghai, China; Research Unit of Liver cancer Recurrence and Metastasis, Chinese Academy of Medical Sciences, Beijing, China. Electronic address: fan.jia@zs-hospital.sh.cn., Department of Liver Surgery and Transplantation, Liver Cancer Institute, Zhongshan Hospital, Fudan University, Key Laboratory of Carcinogenesis and Cancer Invasion of Ministry of Education, Shanghai, China; Research Unit of Liver cancer Recurrence and Metastasis, Chinese Academy of Medical Sciences, Beijing, China. Electronic address: shi.yinghong@zs-hospital.sh.cn., Institute of Clinical Science, Zhongshan Hospital, Fudan University, Shanghai, China. Electronic address: wu.duojiao@zs-hospital.sh.cn., Department of General Surgery, Zhongshan Hospital, Fudan University, Shanghai, China., Department of Liver Surgery and Transplantation, Liver Cancer Institute, Zhongshan Hospital, Fudan University, Key Laboratory of Carcinogenesis and Cancer Invasion of Ministry of Education, Shanghai, China; Research Unit of Liver cancer Recurrence and Metastasis, Chinese Academy of Medical Sciences, Beijing, China., Department of Liver Surgery and Transplantation, Liver Cancer Institute, Zhongshan Hospital, Fudan University, Key Laboratory of Carcinogenesis and Cancer Invasion of Ministry of Education, Shanghai, China; Department of General Surgery, Affiliated Hospital of Nantong University, Jiangsu, China.	Cancer-associated fibroblasts contributed to hepatocellular carcinoma recurrence and metastasis via CD36-mediated fatty-acid metabolic reprogramming.	Exp Cell Res	435	2	2024	10.1016/j.yexcr.2024.113947	TITLE: Cancer-associated fibroblasts contributed to hepatocellular carcinoma recurrence and metastasis via CD36-mediated fatty-acid metabolic reprogramming. ABSTRACT: Cancer-associated fibroblasts (CAFs) are the main components in the tumor microenvironment. Tumors activate fibroblasts from quiescent state into activated state by secreting cytokines, and activated CAFs may in turn promote tumor progression and metastasis. Therefore, studies targeting CAFs could enrich the therapeutic options for tumor treatment. In this study, we demonstrate that the content of lipid droplets and the expression of autophagosomes were higher in CAFs than in peri-tumor fibroblasts (PTFs), which was inhibited by 5-(tetradecyloxy)-2-furoic acid(TOFA). The expression of CD36 in CAFs was higher than that in PTFs at both mRNA and protein levels. Inhibition of CD36 activity using either the CD36 inhibitor SSO or siRNA had a significant negative impact on the proliferation and migration abilities of CAFs, which was associated with reduced levels of relevant activated genes (α-SMA, FAP, Vimentin) and cytokines (IL-6, TGF-β and VEGF-α). SSO also inhibited HCC growth and tumorigenesis in nude mice orthotopically implanted with CAFs and HCC cells. Our data further show that CD36[+]CAFs affected the expression of PD-1 in CTLs leading to CTL exhaustion, and that patients with high CD36 expression in CAFs were correlated with shorter overall survival (OS). Together, our data demonstrate that CAFs were active in lipid metabolism with increased lipid content and lipophagy activity. CD36 may play a key role in the regulation of the biological behaviors of CAFs, which may influence the proliferation and migration of tumor cells by reprograming the lipid metabolism in tumor cells. Thus, CD36 could be an effective therapeutic target for the treatment of HCC. OTHER TERMS: CD36; Cancer-associated fibroblasts; Hepatocellular carcinoma; T cell exhaustion
38221626	Wang J et al.	Laboratory of Xinjiang Endemic and Ethic Diseases, Shihezi University, Shihezi, 832000, Xinjiang, China. zhangjunyc@163.com., Shihezi University School of Medicine, Bei-Er-Lu, Shihezi, 832000, Xinjiang, China., Laboratory of Xinjiang Endemic and Ethic Diseases, Shihezi University, Shihezi, 832000, Xinjiang, China. wcz905@shzu.edu.cn., Shihezi University School of Medicine, Bei-Er-Lu, Shihezi, 832000, Xinjiang, China. wcz905@shzu.edu.cn., Laboratory of Xinjiang Endemic and Ethic Diseases, Shihezi University, Shihezi, 832000, Xinjiang, China. xiejianxin@shzu.edu.cn., Shihezi University School of Medicine, Bei-Er-Lu, Shihezi, 832000, Xinjiang, China. zhangjunyc@163.com., Laboratory of Xinjiang Endemic and Ethic Diseases, Shihezi University, Shihezi, 832000, Xinjiang, China., Shihezi University School of Medicine, Bei-Er-Lu, Shihezi, 832000, Xinjiang, China. xiejianxin@shzu.edu.cn.	Palmitic acid-activated GPRs/KLF7/CCL2 pathway is involved in the crosstalk between bone marrow adipocytes and prostate cancer.	BMC Cancer	24	1	2024	10.1186/s12885-024-11826-5	TITLE: Palmitic acid-activated GPRs/KLF7/CCL2 pathway is involved in the crosstalk between bone marrow adipocytes and prostate cancer. ABSTRACT: Obesity-induced abnormal bone marrow microenvironment is one of the important risk element for bone metastasis in prostate cancer (PCa). The present study aimed to determine whether obesity-induced elevation in palmitic acid (PA), which is the most abundant of the free fatty acids (FFAs), increased CCL2 via the GPRs/KLF7 pathway in bone marrow adipocytes (BMA) to facilitate PCa growth and metastasis. We constructed a bone-tumor bearing mouse model with obesity through high-fat diet, and observed the tumor formation ability of PCa cells. In vitro, observe the effect of PA on the expression level of CCL2 in BMA through GPRs/KLF7 signaling pathway. After co-culture of BMA and PCa cells, CCK8 assay and transwell experiment were used to detect the changes in biological behavior of PCa cells stimulated by BMA. The BMA distribution in the bone marrow cavity of BALB/c nude mice fed with the high-fat diet (HFD) was evidently higher than that in the mice fed with the normal diet (ND). Moreover, HFD-induced obesity promoted KLF7/CCL2 expression in BMA and PCa cell growth in the bone marrow cavity of the mice. In the vitro experiment, a conditioned medium with increased CCL2 obtained from the BMA cultured with PA (CM-BMA-PA) was used for culturing the PCa cell lines, which evidently enhanced the proliferation, invasion, and migration ability. KLF7 significantly increased the CCL2 expression and secretion levels in BMA by targeting the promoter region of the CCL2 gene. In addition, GPR40/120 engaged in the PA-induced high KLF7/CCL2 levels in BMA to facilitate the malignant progression of PC-3 cells. PA-activated GPRs/KLF7/CCL2 pathway in BMA facilitates prostate cancer growth and metastasis. OTHER TERMS: Bone marrow adipocytes; GPRs/KLF7/CCL2; Palmitic acid; Prostate cancer
37946098	Yoo SH et al.	Medical Research Center, Gangnam Severance Hospital, Seoul, 06230, Republic of Korea., Department of Internal Medicine, Gangnam Severance Hospital, Yonsei University College of Medicine, 211 Eonju-Ro, Gangnam-Gu, Seoul, 06273, Republic of Korea. mdflorence@yuhs.ac., Department of Internal Medicine, Gangnam Severance Hospital, Yonsei University College of Medicine, 211 Eonju-Ro, Gangnam-Gu, Seoul, 06273, Republic of Korea., Laboratory of Developmental Genetics, Department of Biomedical Sciences, Inha University College of Medicine, Incheon, 22212, Republic of Korea., Department of Pathology, Gangnam Severance Hospital, Yonsei University College of Medicine, Seoul, 06273, Republic of Korea.	Loss of Krüppel-like factor-10 facilitates the development of chemical-induced liver cancer in mice.	Mol Med	29	1	2023	10.1186/s10020-023-00751-1	TITLE: Loss of Krüppel-like factor-10 facilitates the development of chemical-induced liver cancer in mice. ABSTRACT: Krüppel-like factor 10 (KLF10) is involved in a positive feedback loop that regulates transforming growth factor β (TGFβ) signaling, and TGFβ plays an important role in the pathogenesis of liver disease. Here, we investigated whether KLF10 deletion affects the development of liver fibrosis and hepatocellular carcinoma (HCC). We induced KLF10 deletion in C57BL/6 mice. Liver fibrosis was induced by feeding a diet high in fat and sucrose (high-fat diet [HFD]), whereas HCC was produced by intraperitoneal administration of N-diethylnitrosamine (DEN). An in vitro experiment was performed to evaluate the role of KLF10 in the cancer microenvironment using Hep3B and LX2 cells. An immunohistochemical study of KLF10 expression was performed using human HCC samples from 60 patients who had undergone liver resection. KLF10 deletion resulted in an increased DEN-induced HCC burden with significant upregulation of SMAD2, although loss of KLF10 did not alter HFD-induced liver fibrosis. DEN-treated mice with KLF10 deletion exhibited increased levels of mesenchymal markers (N-cadherin and SNAI2) and tumor metastasis markers (matrix metalloproteinases 2 and 9). KLF10 depletion in Hep3B and LX2 cells using siRNA was associated with increased invasiveness. Compared with co-culture of KLF10-preserved Hep3B cells and KLF10-intact LX2 cells, co-culture of KLF10-preserved Hep3B cells and KLF10-depleted LX2 cells resulted in significantly enhanced invasion. Low KLF10 expression in resected human HCC specimens was associated with poor survival. The results of this study suggest that loss of KLF10 facilitates liver cancer development with alteration in TGFβ signaling. OTHER TERMS: Hepatocellular carcinoma; KLF10; Liver fibrosis; TGFβ
37108378	Krizanac M, Mass Sanchez PB, Schröder SK, Weiskirchen R, Asimakopoulos A	Institute of Molecular Pathobiochemistry, Experimental Gene Therapy and Clinical Chemistry (IFMPEGKC), RWTH University Hospital Aachen, D-52074 Aachen, Germany.	Lipid-Independent Regulation of PLIN5 via IL-6 through the JAK/STAT3 Axis in Hep3B Cells.	Int J Mol Sci	24	8	2023	10.3390/ijms24087219	TITLE: Lipid-Independent Regulation of PLIN5 via IL-6 through the JAK/STAT3 Axis in Hep3B Cells. ABSTRACT: Perilipin 5 (PLIN5) is a lipid droplet coat protein that is highly expressed in oxidative tissues such as those of muscles, the heart and the liver. PLIN5 expression is regulated by a family of peroxisome proliferator-activated receptors (PPARs) and modulated by the cellular lipid status. So far, research has focused on the role of PLIN5 in the context of non-alcoholic fatty liver disease (NAFLD) and specifically in lipid droplet formation and lipolysis, where PLIN5 serves as a regulator of lipid metabolism. In addition, there are only limited studies connecting PLIN5 to hepatocellular carcinoma (HCC), where PLIN5 expression is proven to be upregulated in hepatic tissue. Considering that HCC development is highly driven by cytokines present throughout NAFLD development and in the tumor microenvironment, we here explore the possible regulation of PLIN5 by cytokines known to be involved in HCC and NAFLD progression. We demonstrate that PLIN5 expression is strongly induced by interleukin-6 (IL-6) in a dose- and time-dependent manner in Hep3B cells. Moreover, IL-6-dependent PLIN5 upregulation is mediated by the JAK/STAT3 signaling pathway, which can be blocked by transforming growth factor-β (TGF-β) and tumor necrosis factor-α (TNF-α). Furthermore, IL-6-mediated PLIN5 upregulation changes when IL-6 trans-signaling is stimulated through the addition of soluble IL-6R. In sum, this study sheds light on lipid-independent regulation of PLIN5 expression in the liver, making PLIN5 a crucial target for NAFLD-induced HCC. OTHER TERMS: HCC; IL-6; JAK/STAT3; NAFLD; NASH; cytokines; fat metabolism; perilipin; transforming growth factor-β; tumor necrosis factor-α
36160648	Zheng SM et al.	Center for Orthopaedic Surgery, The Third Affiliated Hospital of Southern Medical University, Guangzhou 510630, Guangdong Province, China., Medical College, Southern Medical University, Guangzhou 510515, Guangdong Province, China., Medical College, Shantou University, Shantou 515041, Guangdong Province, China., Department of Gastroenterology and Hepatology, Guangdong Provincial People's Hospital, Guangdong Academy of Medical Sciences, Guangzhou 510080, Guangdong Province, China., Medical College, Southern Medical University, Guangzhou 510515, Guangdong Province, China. mjlqh@163.com.	Oxidized low-density lipoprotein stimulates CD206 positive macrophages upregulating CD44 and CD133 expression in colorectal cancer with high-fat diet.	World J Gastroenterol	28	34	2022	10.3748/wjg.v28.i34.4993	TITLE: Oxidized low-density lipoprotein stimulates CD206 positive macrophages upregulating CD44 and CD133 expression in colorectal cancer with high-fat diet. ABSTRACT: Oxidized low-density lipoprotein (ox-LDL), which is abnormally increased in the serum of colorectal cancer (CRC) patients consuming a high-fat diet (HFD), may be one of the risk factors for the development of CRC. Ox-LDL exerts a regulatory effect on macrophages and may influence CRC through the tumor microenvironment. The role of ox-LDL in CRC remains unclear. To investigate the role of ox-LDL through macrophages in HFD associated CRC. The expression of ox-LDL and CD206 was detected in colorectal tissues of CRC patients with hyperlipidemia and HFD-fed mice by immunofluorescence. We stimulated the macrophages with 20 μg/mL ox-LDL and assessed the expression levels of CD206 and the cytokines by cell fluorescence and quantitative polymerase chain reaction. We further knocked down LOX-1, the surface receptor of ox-LDL, to confirm the function of ox-LDL in macrophages. Then, LoVo cells were co-cultured with the stimulated macrophages to analyze the CD44 and CD133 expression by western blot. The expression of ox-LDL and the CD206 was significantly increased in the stroma of colorectal tissues of CRC patients with hyperlipidemia, and also upregulated in the HFD-fed mice. Moreover, an increased level of CD206 and decreased level of inducible nitric oxide synthase were observed in macrophages after ox-LDL continuous stimulation. Such effects were inhibited when the surface receptor LOX-1 was knocked down in macrophages. Ox-LDL could induce CD206+ macrophages, which resulted in high expression of CD44 and CD133 in co-cultured LoVo cells. Ox-LDL stimulates CD206+ macrophages to upregulate CD44 and CD133 expression in HFD related CRC. OTHER TERMS: CD133; CD206 positive macrophages; CD44; Oxidized low-density lipoprotein
35749514	Yamagishi R et al.	Research Institute for Microbial Diseases, Osaka University, Suita, Osaka, Japan., Immunology Frontier Research Center (IFReC), Osaka University, Suita, Osaka, Japan., Department of Biochemistry and Molecular Biology, College of Medicine, National Cheng Kung University, Tainan, Taiwan., Department of Pathophysiology, Osaka City University, Graduate School of Medicine, Osaka, Japan., Department of Applied Biological Science, Faculty of Science and Technology, Tokyo University of Science, Noda, Chiba, Japan., Graduate School of Integrated Sciences for Life, Hiroshima University, Higashi-Hiroshima City, Hiroshima, Japan., AMED-CREST, Japan Agency for Medical Research and Development, Tokyo, Japan., Cancer Institute, Japanese Foundation for Cancer Research, Koto-ku, Tokyo, Japan., Division of Molecular Pathology, Research Institute for Biomedical Science, Tokyo University of Science, Noda, Chiba, Japan., Transborder Medical Research Center, University of Tsukuba, Tsukuba, Ibaraki, Japan., Institute for Advanced Biosciences, Keio University, Tsuruoka, Yamagata, Japan., Center for Animal Disease Models, Research Institute for Biomedical Sciences, Tokyo University of Science, Noda, Chiba, Japan., Howard Hughes Medical Institute and Immunology Program, Memorial Sloan Kettering Cancer Center, New York, NY, USA., Gut Environmental Design Group, Kanagawa Institute of Industrial Science and Technology, Kawasaki, Kanagawa, Japan., Precursory Research for Embryonic Science and Technology (PRESTO), Japan Science and Technology Agency, Saitama, Japan., Institute for Translational Research in Biomedicine, Kaohsiung Chang Gung Memorial Hospital, Kaohsiung, Taiwan., Center for Infectious Disease Education and Research (CiDER), Osaka University, Suita, Japan., Department of Hepatology, Osaka Metropolitan University, Graduate School of Medicine, Osaka, Japan (formerly, Osaka City University)., Laboratory for Cytokine Regulation, Research Center for Integrative Medical Science (IMS), RIKEN Yokohama Institute, Yokohama, Kanagawa, Japan., Laboratory of Pharmaceutical Immunology, Faculty of Pharmaceutical Sciences, Tokyo University of Science, Noda, Chiba, Japan., Department of Pathophysiology, Osaka Metropolitan University, Graduate School of Medicine, Osaka, Japan (formerly, Osaka City University)., Department of Immunology, Juntendo University School of Medicine, Tokyo, Japan.	Gasdermin D-mediated release of IL-33 from senescent hepatic stellate cells promotes obesity-associated hepatocellular carcinoma.	Sci Immunol	7	72	2022	10.1126/sciimmunol.abl7209	TITLE: Gasdermin D-mediated release of IL-33 from senescent hepatic stellate cells promotes obesity-associated hepatocellular carcinoma. ABSTRACT: Long-term senescent cells exhibit a secretome termed the senescence-associated secretory phenotype (SASP). Although the mechanisms of SASP factor induction have been intensively studied, the release mechanism and how SASP factors influence tumorigenesis in the biological context remain unclear. In this study, using a mouse model of obesity-induced hepatocellular carcinoma (HCC), we identified the release mechanism of SASP factors, which include interleukin-1β (IL-1β)- and IL-1β-dependent IL-33, from senescent hepatic stellate cells (HSCs) via gasdermin D (GSDMD) amino-terminal-mediated pore. We found that IL-33 was highly induced in senescent HSCs in an IL-1β-dependent manner in the tumor microenvironment. The release of both IL-33 and IL-1β was triggered by lipoteichoic acid (LTA), a cell wall component of gut microbiota that was transferred and accumulated in the liver tissue of high-fat diet-fed mice, and the release of these factors was mediated through cell membrane pores formed by the GSDMD amino terminus, which was cleaved by LTA-induced caspase-11. We demonstrated that IL-33 release from HSCs promoted HCC development via the activation of ST2-positive Treg cells in the liver tumor microenvironment. The accumulation of GSDMD amino terminus was also detected in HSCs from human NASH-associated HCC patients, suggesting that similar mechanism could be involved in a certain type of human HCC. These results uncover a release mechanism for SASP factors from sensitized senescent HSCs in the tumor microenvironment, thereby facilitating obesity-associated HCC progression. Furthermore, our findings highlight the therapeutic potential of inhibitors of GSDMD-mediated pore formation for HCC treatment. OTHER TERMS: 
35720420	Irshad K et al.	Department of Biochemistry, All India Institute of Medical Sciences, New Delhi, India., Department of Pathology, All India Institute of Medical Sciences, New Delhi, India., Department of Neurosurgery, All India Institute of Medical Sciences, New Delhi, India.	Upregulation of Atypical Cadherin FAT1 Promotes an Immunosuppressive Tumor Microenvironment via TGF-β.	Front Immunol	13		2022	10.3389/fimmu.2022.813888	TITLE: Upregulation of Atypical Cadherin FAT1 Promotes an Immunosuppressive Tumor Microenvironment via TGF-β. ABSTRACT: FAT atypical cadherin 1 (FAT1) promotes glioblastoma (GBM) by promoting protumorigenic inflammatory cytokine expression in tumor cells. However, tumors also have an immunosuppressive microenvironment maintained by mediators such as transforming growth factor (TGF)-β cytokines. Here, we have studied the role of FAT1 in tumor immune suppression. Our preliminary TIMER2.0 analysis of The Cancer Genome Atlas (TCGA) database revealed an inverse correlation of FAT1 expression with infiltration of tumor-inhibiting immune cells (such as monocytes and T cells) and a positive correlation with tumor-promoting immune cells [such as myeloid-derived suppressor cells (MDSCs)] in various cancers. We have analyzed the role of FAT1 in modulating the expression of TGF-β1/2 in resected human gliomas, primary glioma cultures, and other cancer cell lines (U87MG, HepG2, Panc-1, and HeLa). Positive correlations of gene expression of FAT1 and TGF-β1/2 were observed in various cancers in TCGA, Glioma Longitudinal Analysis Consortium (GLASS), and Chinese Glioma Genome Atlas (CGGA) databases. Positive expression correlations of FAT1 were also found with TGF-β1/2 and Serpine1 (downstream target) in fresh-frozen GBM samples using q-PCR. siRNA-mediated FAT1 knockdown in cancer cell lines and in primary cultures led to decreased TGF-β1/2 expression/secretion as assessed by q-PCR, Western blotting, and ELISA. There was increased chemotaxis (transmigration) of THP-1 monocytes toward siFAT1-transfected tumor cell supernatant as a consequence of decreased TGF-β1/2 secretion. Reduced TGF-β1 expression was also observed in THP-1 cultured in conditioned media from FAT1-depleted glioma cells, thus contributing to immune suppression. In U87MG cells, decreased TGF-β1 upon FAT1 knockdown was mediated by miR-663a, a known modulator. FAT1 expression was also observed to correlate positively with the expression of surrogate markers of MDSCs [programmed death ligand-1 (PD-L1), PD-L2, and interleukin (IL)-10] in glioma tumors, suggesting a potential role of FAT1 in MDSC-mediated immunosuppression. Hence, our findings elaborate contributions of FAT1 to immune evasion, where FAT1 enables an immunosuppressive microenvironment in GBM and other cancers via TGF-β1/2. OTHER TERMS: FAT1; cancer; immunosuppression; inflammation; transforming growth factor (TGF)
35238098	Xu Y et al.	Department of Traditional Chinese Medicine, Zhujiang Hospital, Southern Medical University, Guangzhou, China., Department of Urology, Zhongshan Hospital of Traditional Chinese Medicine Affiliated to Guangzhou University of Chinese Medicine, Zhongshan, China., The Key Laboratory of Molecular Biology, State Administration of Traditional Chinese Medicine, School of Traditional Chinese Medicine, Southern Medical University, Guangzhou, China., Department of Gastroenterology, The Second Affiliated Hospital of Guangzhou University of Chinese Medicine, Guangzhou, China., Department of Radiology, The First Affiliated Hospital of Sun Yat-Sen University, Guangzhou, China.	Dahuang Fuzi Baijiang decoction restricts progenitor to terminally exhausted T cell differentiation in colorectal cancer.	Cancer Sci	113	5	2022	10.1111/cas.15311	"TITLE: Dahuang Fuzi Baijiang decoction restricts progenitor to terminally exhausted T cell differentiation in colorectal cancer. ABSTRACT: Obesity increases the risk of colorectal cancer (CRC) by 30%. The obese tumor microenvironment compromises antitumor immunity by eliciting exhausted T cells (Tex). Hypothesizing that Dahuang Fuzi Baijiang decoction (DFB) is a combined classical prescription from the ""Synopsis of Prescriptions of the Golden Chamber"". We first determined that DFB regresses tumor growth in high-fat diet-induced obese mice by expanding the TIM3[-] subset with intermediate expression of programmed cell death-1 (PD-1[int] TIM[3-]) and restricting the PD-1[hi] TIM3[+] subset. Transcription factor 1 (TCF1) is highly expressed in the PD-1[int] TIM3[-] subset but is absent in PD-1[hi] TIM3[+] cells. We next confirmed that progenitor PD-1[int] TCF[+] cells robustly produce tumor necrosis factor-α (TNFα) and interferon-γ, whereas terminally differentiated PD-1[int] TCF[+] cells have defects in generating TNFα. With transgenic ob/ob mice, we found that DFB produces cooperative efficacy with anti-PD-1 (αPD-1) by limiting the PD-1[hi] Tim3[+] subset and amplifying the PD-1[int] TCF[+] population. Finally, we defined the recombinant chemokine C-C-motif receptor 2 (CCR2)[+] CD8[+] subset as terminal Tex and identified that the differentiation from progenitor to terminal Tex is driven, at least in part, by the chemokine (C-C motif) ligand 2 (CCL2)/CCR2 axis. The CCR2 inhibitor enhances the response to αPD-1 by promoting the counts of progenitor Tex. Altogether, DFB dampens CCL2 and preserves progenitor Tex in the obese microenvironment to restrain CRC progression. These findings provide unambiguous evidence that the traditional Chinese formula DFB can prevent tumor progression by modulating adaptive immunity and establish a strong rationale for further clinical verification. OTHER TERMS: CCL2; Dahuang Fuzi Baijiang decoction (DFB); T cell exhaustion; colorectal cancer; microenvironment; obesity"
34958892	Nan P et al.	Department of Pancreatic and Gastric Surgery, National Cancer Center/Cancer Hospital, Chinese Academy of Medical Sciences and Peking Union Medical College, Beijing, China., Department of Pathology, National Cancer Center/National Clinical Research Center for Cancer/Cancer Hospital, Chinese Academy of Medical Sciences and Peking Union Medical College, Beijing, China., State Key Laboratory of Molecular Oncology, National Cancer Center/National Clinical Research Center for Cancer/Cancer Hospital, Chinese Academy of Medical Sciences and Peking Union Medical College, Beijing, China. Electronic address: zhaoxh@cicams.ac.cn., State Key Laboratory of Molecular Oncology, National Cancer Center/National Clinical Research Center for Cancer/Cancer Hospital, Chinese Academy of Medical Sciences and Peking Union Medical College, Beijing, China., State Key Laboratory of Molecular Oncology, National Cancer Center/National Clinical Research Center for Cancer/Cancer Hospital, Chinese Academy of Medical Sciences and Peking Union Medical College, Beijing, China. Electronic address: ylsun@cicams.ac.cn.	Tumor-stroma TGF-β1-THBS2 feedback circuit drives pancreatic ductal adenocarcinoma progression via integrin αvβ3/CD36-mediated activation of the MAPK pathway.	Cancer Lett	528		2022	10.1016/j.canlet.2021.12.025	TITLE: Tumor-stroma TGF-β1-THBS2 feedback circuit drives pancreatic ductal adenocarcinoma progression via integrin αvβ3/CD36-mediated activation of the MAPK pathway. ABSTRACT: The pancreatic ductal adenocarcinoma (PDAC) microenvironment contains dense desmoplastic stroma dominated by cancer-associated fibroblasts (CAFs) and is crucial to cancer development and progression. Several studies have revealed that thrombospondin 2 (THBS2) is a valuable serological-marker in PDAC. However, the detailed mechanism of the cancer-stroma interactome remains unclear. Here we showed that elevated THBS2 expression in PDAC was predominantly restricted to stroma and correlated with tumor progression and poor prognosis by quantitative proteomics and immunohistochemistry analyses. RNA in situ hybridization confirmed that CAFs but not neoplastic cells expressed THBS2 in precancerous lesions and its levels gradually increased with disease progression in genetically engineered mouse models. Mechanistically, cancer cell-secreted TGF-β1 activated CAFs to induce THBS2 expression via the p-Smad2/3 pathway. Consequently, CAF-derived THBS2 bound to the membrane receptors integrin αvβ3/CD36 and activated the MAPK pathway in PDAC cells to promote tumor growth and adhesion in vitro and in vivo. Inhibition of integrin αvβ3, CD36, MEK and JNK rescued THBS2-induced malignant phenotypes. In conclusion, the TGF-β1-THBS2-integrin αvβ3/CD36-MAPK cascade forms a complex feedback circuit to mediate reciprocal interactions of pancreatic cancer cells-CAFs. THBS2 may act as a novel therapeutic-target to block the cancer-stroma communication. OTHER TERMS: Cancer-associated fibroblasts; Integrin α(v)β(3)/CD36-MAPK cascade; Thrombospondin 2; Tumor progression; Tumor–stromal cell communication
34919143	Masetti M et al.	Medical Research Council Centre for Transplantation, Peter Gorer Department of Immunobiology, School of Immunology and Microbial Sciences, King's College London, London, UK., Bioinformatics Unit, Istituto di Ricovero e Cura a Carattere Scientifico Humanitas Research Hospital, Rozzano, Milan, Italy., Department of Cancer Biology, The University of Texas MD Anderson Cancer Center, Houston, TX., Department of Biomedical Sciences, Humanitas University, Pieve Emanuele, Milan, Italy., Division of Genetic and Biomedical Research, UOS Milan, National Research Council, Rozzano, Milan, Italy., Genomics Unit, Istituto di Ricovero e Cura a Carattere Scientifico Humanitas Research Hospital, Rozzano, Milan, Italy., Experimental Immunopathology Unit, Istituto di Ricovero e Cura a Carattere Scientifico Humanitas Research Hospital, Rozzano, Milan, Italy., Unit of Advanced Optical Microscopy, Istituto di Ricovero e Cura a Carattere Scientifico Humanitas Research Hospital, Rozzano, Milan, Italy., Human Technopole, Milan, Italy., Department of Molecular and Cell Biology and Immunology, Amsterdam University Medical Center, Vrije Universiteit Amsterdam, Amsterdam, the Netherlands., Sir William Dunn School of Pathology, Oxford, UK., Flow Cytometry Core, Istituto di Ricovero e Cura a Carattere Scientifico Humanitas Research Hospital, Rozzano, Milan, Italy., Graduate Institute of Biomedical Sciences, College of Medicine, Chang Gung University, Taoyuan City, Taiwan., Tumor Microenvironment Unit, Istituto di Ricovero e Cura a Carattere Scientifico Humanitas Research Hospital, Rozzano, Milan, Italy., Center for Infectious Medicine, Department of Medicine Huddinge, Karolinska Institutet, Stockholm, Sweden., Urology Unit, Istituto di Ricovero e Cura a Carattere Scientifico Humanitas Research Hospital, Rozzano, Milan, Italy., Vita-Salute San Raffaele University, Milan, Italy., Laboratory of Translational Immunology, Istituto di Ricovero e Cura a Carattere Scientifico Humanitas Research Hospital, Rozzano, Milan, Italy., Department of Pathology, Istituto di Ricovero e Cura a Carattere Scientifico Humanitas Research Hospital, Rozzano, Milan, Italy.	Lipid-loaded tumor-associated macrophages sustain tumor growth and invasiveness in prostate cancer.	J Exp Med	219	2	2022	10.1084/jem.20210564	TITLE: Lipid-loaded tumor-associated macrophages sustain tumor growth and invasiveness in prostate cancer. ABSTRACT: Tumor-associated macrophages (TAMs) are correlated with the progression of prostatic adenocarcinoma (PCa). The mechanistic basis of this correlation and therapeutic strategies to target TAMs in PCa remain poorly defined. Here, single-cell RNA sequencing was used to profile the transcriptional landscape of TAMs in human PCa, leading to identification of a subset of macrophages characterized by dysregulation in transcriptional pathways associated with lipid metabolism. This subset of TAMs correlates positively with PCa progression and shorter disease-free survival and is characterized by an accumulation of lipids that is dependent on Marco. Mechanistically, cancer cell-derived IL-1β enhances Marco expression on macrophages, and reciprocally, cancer cell migration is promoted by CCL6 released by lipid-loaded TAMs. Moreover, administration of a high-fat diet to tumor-bearing mice raises the abundance of lipid-loaded TAMs. Finally, targeting lipid accumulation by Marco blockade hinders tumor growth and invasiveness and improves the efficacy of chemotherapy in models of PCa, pointing to combinatorial strategies that may influence patient outcomes. OTHER TERMS: 
33346004	Myojin Y et al.	Department of Gastroenterology and Hepatology, Osaka University Graduate School of Medicine, Suita, Japan., Department of Surgery, National Center for Global Health and Medicine, Tokyo, Japan., Department of Gastroenterology and Hepatology, Osaka University Graduate School of Medicine, Suita, Japan. Electronic address: takehara@gh.med.osaka-u.ac.jp., Department of Laboratory Animal Research, Central Institute for Experimental Animals., Genome Medical Sciences Project, National Center for Global Health and Medicine, Ichikawa, Japan., Department of Gastroenterological Surgery, Osaka University Graduate School of Medicine, Suita, Japan.	Hepatic Stellate Cells in Hepatocellular Carcinoma Promote Tumor Growth Via Growth Differentiation Factor 15 Production.	Gastroenterology	160	5	2021	10.1053/j.gastro.2020.12.015	TITLE: Hepatic Stellate Cells in Hepatocellular Carcinoma Promote Tumor Growth Via Growth Differentiation Factor 15 Production. ABSTRACT: Although the tumor microenvironment plays an important role in tumor growth, it is not fully understood what role hepatic stellate cells (HSCs) play in the hepatocellular carcinoma (HCC) microenvironment. A high-fat diet after streptozotocin was administered to HSC-specific Atg7-deficient (GFAP-Atg7 knockout [KO]) or growth differentiation factor 15 (GDF15)-deficient (GFAP-GDF15KO) mice. LX-2 cells, a human HSC cell line, were cultured with human hepatoma cells. In the steatohepatitis-based tumorigenesis model, GFAP-Atg7KO mice formed fewer and smaller liver tumors than their wild-type littermates. Mixed culture of LX-2 cells and hepatoma cells promoted LX-2 cell autophagy and hepatoma cell proliferation, which were attenuated by Atg7 KO in LX-2 cells. Hepatoma cell xenograft tumors grew rapidly in the presence of LX-2 cells, but Atg7 KO in LX-2 cells abolished this growth. RNA-sequencing revealed that LX-2 cells cultured with HepG2 cells highly expressed GDF15, which was abolished by Atg7 KO in LX-2 cells. GDF15 KO LX-2 cells did not show a growth-promoting effect on hepatoma cells either in vitro or in the xenograft model. GDF15 deficiency in HSCs reduced liver tumor size caused by the steatohepatitis-based tumorigenesis model. GDF15 was highly expressed and GDF15-positive nonparenchymal cells were more abundant in human HCC compared with noncancerous parts. Single-cell RNA sequencing showed that GDF15-positive rates in HSCs were higher in HCC than in background liver. Serum GDF15 levels were high in HCC patients and increased with tumor progression. In the HCC microenvironment, an increase of HSCs that produces GDF15 in an autophagy-dependent manner may be involved in tumor progression. OTHER TERMS: Cell–Cell Interaction; Liver Cancer
32472095	Le Guennec D et al.	Université Clermont Auvergne, INRAE, UNH, F-63000, Clermont-Ferrand, France., University of Edinburgh Medical School, Centre for Inflammation Research, Queen's Medical Research Institute, Edinburgh, United Kingdom., Université Clermont Auvergne, INRAE, UNH, F-63000, Clermont-Ferrand, France. Delphine.le_guennec@uca.fr.	Modulation of inter-organ signalling in obese mice by spontaneous physical activity during mammary cancer development.	Sci Rep	10	1	2020	10.1038/s41598-020-65131-9	TITLE: Modulation of inter-organ signalling in obese mice by spontaneous physical activity during mammary cancer development. ABSTRACT: Accumulative evidence links breast cancer development to excess weight and obesity. During obesity, dysregulations of adipose tissue induce an increase in pro-inflammatory adipokine secretions, such as leptin and oestrogen secretions. Furthermore, a raise in oxidative stress, along with a decrease in antioxidant capacity, induces and maintains chronic inflammation, which creates a permissive environment for cancer development. Physical activity is recommended as a non-pharmacological therapy in both obese and cancer situations. Physical activity is associated with a moderation of acute inflammation, higher antioxidant defences and adipokine regulation, linked to a decrease of tumour-cell proliferation. However, the biological mechanisms underlying the relationship between oxidative stress, low-grade inflammation, carcinogenesis, obesity and physical activity are poorly understood. Our study is based on old, ovariectomised mice (C57BL/6J mice, 33 weeks old), fed with a high fat diet which increases adipose tissue favouring overweight and obesity, and housed in either an enriched environment, promoting physical activity and social interactions, or a standard environment constituting close to sedentary conditions. Our model of mammary carcinogenesis allowed for the exploration of tissue secretions and signalling pathway activation as well as the oxidative status in tumours to clarify the mechanisms involved in a multiple factorial analysis of the data set. The multiple factorial analysis demonstrated that the most important variables linked to moderate, spontaneous physical activity were the increase in growth factor (epithelial growth factor (EGF), hepatocyte growth factor (HGF)) and the activation of the signalling pathways (STAT3, c-jun n-terminal kinases (JNK), EKR1/2, nuclear factor-kappa B (NF-κB)) in the gastrocnemius (G). In inguinal adipose tissue, the NF-κB inflammation pathway was activated, increasing the IL-6 content. The adiponectin plasma (P) level increased and presented an inverse correlation with tumour oxidative status. Altogether, these results demonstrated that spontaneous physical activity in obesity conditions could slow down tumour growth through crosstalk between muscle, adipose tissue and tumour. A spontaneous moderate physical activity was able to modify the inter-organ exchange in a paracrine manner. The different tissues changed their signalling pathways and adipokine/cytokine secretions, such as adiponectin and leptin, resulting in a decrease in anti-oxidative response and inflammation in the tumour environment. This model showed that moderate, spontaneous physical activity suppresses tumour growth via a dialogue between the organs close to the tumour. OTHER TERMS: 
32359100	Chamberlin T, Thompson V, Hillers-Ziemer LE, Walton BN, Arendt LM	Program in Cellular and Molecular Biology, University of Wisconsin-Madison, Madison, WI, USA., Department of Comparative Biosciences, School of Veterinary Medicine, University of Wisconsin-Madison, Madison, WI, USA., Program in Molecular and Environmental Toxicology, University of Wisconsin-Madison, Madison, WI, USA.	Obesity reduces mammary epithelial cell TGFβ1 activity through macrophage-mediated extracellular matrix remodeling.	FASEB J	34	6	2021	10.1096/fj.202000228RR	TITLE: Obesity reduces mammary epithelial cell TGFβ1 activity through macrophage-mediated extracellular matrix remodeling. ABSTRACT: Obesity is a risk factor for breast cancer in postmenopausal and high-risk premenopausal women. Changes within the obese breast microenvironment may increase breast cancer risk. Transforming growth factor beta-1 (TGFβ1) is a major regulator of mammary epithelial stem/progenitor cells, and its activity is dysregulated under conditions of obesity. Using a high-fat diet model of obesity in mice and breast tissue from women, we observed that TGFβ1 activity is reduced in breast epithelial cells in obesity. Breast ducts and lobules demonstrated increased decorin in the extracellular matrix (ECM) surrounding epithelial cells, and we observed that decorin and latent TGFβ1 complexed together. Under conditions of obesity, macrophages expressed higher levels of decorin and were significantly increased in number surrounding breast epithelial cells. To investigate the relationship between macrophages and decorin expression, we treated obese mice with either IgG control or anti-F4/80 antibodies to deplete macrophages. Mice treated with anti-F4/80 antibodies demonstrated reduced decorin surrounding mammary ducts and enhanced TGFβ1 activity within mammary epithelial cells. Given the role of TGFβ1 as a tumor suppressor, reduced epithelial TGFβ1 activity and enhanced TGFβ1 within the ECM of obese mammary tissue may enhance breast cancer risk. OTHER TERMS: decorin; macrophages; mammary gland; obesity; transforming growth factor beta
32353824	Yue Y et al.	Institute of Food Science and Technology, Chinese Academy of Agricultural Sciences, Beijing, 100193, PR China. Electronic address: liuliuwur@126.com., Institute of Food Science and Technology, Chinese Academy of Agricultural Sciences, Beijing, 100193, PR China. Electronic address: lvjiapingcaas@126.com., Institute of Food Science and Technology, Chinese Academy of Agricultural Sciences, Beijing, 100193, PR China. Electronic address: Khalid.nassar@agr.dmu.edu.eg., Institute of Food Science and Technology, Chinese Academy of Agricultural Sciences, Beijing, 100193, PR China. Electronic address: pangxiaoyang@163.com., Institute of Food Science and Technology, Chinese Academy of Agricultural Sciences, Beijing, 100193, PR China. Electronic address: zhangshuwen@caas.cn., Institute of Food Science and Technology, Chinese Academy of Agricultural Sciences, Beijing, 100193, PR China. Electronic address: lujing@caas.cn., Department of Radiology, Peking University Third Hospital, Beijing, PR China. Electronic address: yekaibysy@bjmu.edu.cn., College of Food Science, Northeast Agricultural University, Harbin, 150030, PR China. Electronic address: xiaoxi_xu01@163.com., College of Food Science, Northeast Agricultural University, Harbin, 150030, PR China; Institute of Food Science and Technology, Chinese Academy of Agricultural Sciences, Beijing, 100193, PR China. Electronic address: yueyuanchungreat@163.com., National Laboratory of Biomacromolecules, CAS Center for Excellence in Biomacromolecules, Institute of Biophysics, Chinese Academy of Sciences, Beijing, 100101, PR China. Electronic address: wangxinyu@ibp.ac.cn., College of Food Science, Northeast Agricultural University, Harbin, 150030, PR China. Electronic address: youngby2012@163.com.	Probiotic strain Lactobacillus plantarum YYC-3 prevents colon cancer in mice by regulating the tumour microenvironment.	Biomed Pharmacother	127		2021	10.1016/j.biopha.2020.110159	TITLE: Probiotic strain Lactobacillus plantarum YYC-3 prevents colon cancer in mice by regulating the tumour microenvironment. ABSTRACT: The gut microbiota plays important roles in chronic inflammation and colon cancer. Lactobacillus is a gut-resident probiotic with benefits to host health. We recently identified Lactobacillus plantarum strain YYC-3 with strong inhibition against two colon cancer cell lines (HT-29 and Caco2). However, the inhibitory effect of YYC-3 against colon cancer in vivo has not been verified. Thus, in the present study, we explored the probiotic function of strain YYC-3 and its cell-free supernatant (YYCS) respectively in the APC[Min/+] mouse model of colon cancer during tumour development and growth, and the underlying anti-cancer mechanism. Treatment of both strain YYC-3 and the YYCS prevented the occurrence of colon tumours and mucosal damage in APC[Min/+] mice fed a high-fat diet, although YYC-3 had a stronger anti-cancer effect. The mechanism involved modulation of the immune system and downregulated expression of the inflammatory cytokines interleukin (IL)-6, IL-17 F, and IL-22, along with reduced infiltration of inflammatory cells. Moreover, YYC-3 suppressed activation of the NF-κB and Wnt signalling pathways, and restored the altered gut microbiota composition to closely match that of wild-type mice. These results lay a theoretical foundation for application of YYC-3 in colon cancer prevention. OTHER TERMS: Colon cancer; Gut microbiota; Immune system; Lactobacillus plantarum YYC-3; Probiotic
32344015	Shukla SK et al.	The Eppley Institute for Research in Cancer and Allied Diseases, University of Nebraska Medical Center, Omaha, NE, USA. Electronic address: kamiya.mehla@unmc.edu., The Eppley Institute for Research in Cancer and Allied Diseases, University of Nebraska Medical Center, Omaha, NE, USA., Department of Biostatistics, University of Nebraska Medical Center, Omaha, NE, USA.	Macrophages potentiate STAT3 signaling in skeletal muscles and regulate pancreatic cancer cachexia.	Cancer Lett	484		2021	10.1016/j.canlet.2020.04.017	TITLE: Macrophages potentiate STAT3 signaling in skeletal muscles and regulate pancreatic cancer cachexia. ABSTRACT: Incidence of cachexia is highly prevalent in pancreatic ductal adenocarcinoma (PDAC); advanced disease stage directly correlates with decreased muscle and fat mass in PDAC patients. The pancreatic tumor microenvironment is central to the release of systemic factors that govern lipolysis, proteolysis, and muscle and fat degeneration leading to the cachectic phenotype in cancer patients. The current study explores the role of macrophages, a key immunosuppressive player in the pancreatic tumor microenvironment, in regulating cancer cachexia. We observed a negative correlation between CD163-positive macrophage infiltration and muscle-fiber cross sectional area in human PDAC patients. To investigate the role of macrophages in myodegeneration, we utilized conditioned media transplant assays and orthotopic models of PDAC-induced cachexia in immune-competent mice with and without macrophage depletion. We observed that macrophage-derived conditioned medium, in combination with tumor cell-conditioned medium, promoted muscle atrophy through STAT3 signaling. Furthermore, macrophage depletion attenuated systemic inflammation and muscle wasting in pancreatic tumor-bearing mice. Targeting macrophage-mediated STAT3 activation or macrophage-derived interleukin-1 alpha or interleukin-6 diminished myofiber atrophy. Taken together, the current study identified the critical association between macrophages and cachexia phenotype in pancreatic cancer. OTHER TERMS: Cancer cachexia; IL-6; Macrophages; Pancreatic cancer; STAT3
31802182	Yu C et al.	Department of Obstetrics and Gynecology, Tianjin Medical University General Hospital, Tianjin, 300052, China., Department of Immunology, Tianjin Key Laboratory of Cellular and Molecular Immunology, Key Laboratory of Diseases and Microenvironment of Ministry of Education of China, Tianjin Medical University, No. 22 Qixiangtai Road, Heping District, Tianjin, 300070, China. dengweimin@tmu.edu.cn., Department of Immunology, Tianjin Key Laboratory of Cellular and Molecular Immunology, Key Laboratory of Diseases and Microenvironment of Ministry of Education of China, Tianjin Medical University, No. 22 Qixiangtai Road, Heping District, Tianjin, 300070, China., Department of Reproductive Medicine, Tianjin Central Hospital of Gynecology Obstetrics, Tianjin, 300100, China., Office of the Hospital Ethics Committee, Beijing Tiantan Hospital, Capital Medical University, Beijing, 100070, China., Research Institute for Biomedical Sciences, Tokyo University of Science, Tokyo, 125-8585, Japan., Department of Prevention and Therapy of Skin Disease in the Security Environment, Characteristic Medical Center of Chinese People's Armed Police Force, Tianjin, 300162, China.	IL-17A promotes fatty acid uptake through the IL-17A/IL-17RA/p-STAT3/FABP4 axis to fuel ovarian cancer growth in an adipocyte-rich microenvironment.	Cancer Immunol Immunother	69	1	2020	10.1007/s00262-019-02445-2	TITLE: IL-17A promotes fatty acid uptake through the IL-17A/IL-17RA/p-STAT3/FABP4 axis to fuel ovarian cancer growth in an adipocyte-rich microenvironment. ABSTRACT: Pro-inflammatory cytokines are crucial mediators of cancer development, representing potential targets for cancer therapy. The molecular mechanism of a vital pro-inflammatory cytokine, IL-17A, in cancer progression and its potential use in therapy through influencing fatty acid (FA) metabolism, especially FA uptake of cancer cells, remains unknown. In the present study, we used IL-17A and ovarian cancer (OvCa), a representative of both obesity-related and inflammation-related cancers, to explore the interactions among IL-17A, cancer cells and adipocytes (which can provide FAs). We found that in the presence of palmitic acid (PA), IL-17A could directly increase the cellular uptake of PA, leading to the proliferation of OvCa cells via the IL-17A/IL-17RA/p-STAT3/FABP4 axis rather than via CD36. Moreover, in vivo experiments using an orthotopic implantation model in IL-17A-deficient mice demonstrated that endogenous IL-17A could fuel OvCa growth and metastasis with increased expression of FABP4 and p-STAT3. Furthermore, analysis of clinical specimens supported the above findings. Our data not only provide useful insights into the clinical intervention of the growth and metastasis of the tumors (such as OvCa) that are prone to growth and metastasis in an adipocyte-rich microenvironment (ARM) but also provides new insights into the roles of IL-17A in tumor progression and immunomodulatory therapy of OvCa. OTHER TERMS: Adipocyte-rich microenvironment (ARM); Fatty acid (FA) uptake; Fatty acid-binding protein 4 (FABP4); IL-17A; Ovarian cancer (OvCa)
31637575	Wang Y et al.	Wound Healing and Cell Biology Laboratory, Institute of Basic Medical Sciences, General Hospital of PLA, Beijing, 100853, China. stellarahuang@sina.com., Key Laboratory of Tissue Repair and Regeneration of PLA, and Beijing Key Research Laboratory of Skin Injury, Repair and Regeneration, Fourth Medical Center of General Hospital of PLA, Beijing, 100048, China., School of Medicine, Nankai University, Tianjin, 300052, China., Key Laboratory of Tissue Repair and Regeneration of PLA, and Beijing Key Research Laboratory of Skin Injury, Repair and Regeneration, Fourth Medical Center of General Hospital of PLA, Beijing, 100048, China. fuxiaobing@vip.sina.com., Wound Healing and Cell Biology Laboratory, Institute of Basic Medical Sciences, General Hospital of PLA, Beijing, 100853, China., Tianjin Medical University, Tianjin, 300070, China., Wound Healing and Cell Biology Laboratory, Institute of Basic Medical Sciences, General Hospital of PLA, Beijing, 100853, China. fuxiaobing@vip.sina.com., Key Laboratory of Tissue Repair and Regeneration of PLA, and Beijing Key Research Laboratory of Skin Injury, Repair and Regeneration, Fourth Medical Center of General Hospital of PLA, Beijing, 100048, China. stellarahuang@sina.com.	TNF-α suppresses sweat gland differentiation of MSCs by reducing FTO-mediated m[6]A-demethylation of Nanog mRNA.	Sci China Life Sci	63	1	2020	10.1007/s11427-019-9826-7	TITLE: TNF-α suppresses sweat gland differentiation of MSCs by reducing FTO-mediated m[6]A-demethylation of Nanog mRNA. ABSTRACT: An effect of inhibition of tumor necrosis factor-α (TNF-α) on differentiation of mesenchymal stromal cells (MSCs) has been demonstrated, but the exact mechanisms that govern MSCs differentiation remain to be further elucidated. Here, we show that TNF-α inhibits the differentiation of MSCs to sweat glands in a specific sweat gland-inducing environment, accompanied with reduced expression of Nanog, a core pluripotency factor. We elucidated that fat mass and obesity-associated protein (FTO)-mediated m[6]A demethylation is involved in the regulation of MSCs differentiation potential. Exposure of MSCs to TNF-α reduced expression of FTO, which demethylated Nanog mRNA. Reduced expression of FTO increased Nanog mRNA methylation, decreased Nanog mRNA and protein expression, and significantly inhibited MSCs capacity for differentiation to sweat gland cells. Our finding is the first to elucidate the functional importance of m[6]A modification in MSCs, providing new insights that the microenvironment can regulate the multipotency of MSCs at the post-transcriptional level. Moreover, to maintain differentiation capacity of MSCs by regulating m[6]A modification suggested a novel potential therapeutic target for stem cell-mediated regenerative medicine. OTHER TERMS: FTO; MSCs; Nanog; TNF-α; differentiation; m6A; sweat gland cells
31257391	Laparra JM, Haros CM	Molecular Immunonutrition Group, Madrid Institute for Advanced Studies in Food (IMDEA-Food), Ctra. de Canto Blanco n° 8, 28049 Madrid, Spain. moises.laparra@imdea.org.	Plant seed protease inhibitors differentially affect innate immunity in a tumor microenvironment to control hepatocarcinoma.	Food Funct	10	7	2020	10.1039/c9fo00795d	TITLE: Plant seed protease inhibitors differentially affect innate immunity in a tumor microenvironment to control hepatocarcinoma. ABSTRACT: Identifying tolerance responses to ingested foodstuff over life is essential for understanding dysfunction in metabolic diseases. This study presents a comparative structural and functional analysis of serine-type protease inhibitors (STPIs) from Chenopodium quinoa, Salvia hispanica L., Avena sativa and Triticum durum. It also evaluates their influence on an in vivo hepatocarcinoma (HCC) model. STPIs are found in all samples with significant differences in protease inhibitory capacity: C. quinoa = S. hispanica &lt; A. sativa = T. durum. STPIs in C. quinoa and S. hispanica appear as heterologous complexes, while those in A. sativa are present as homologous complexes. T. durum provides different subunits with STPI capacity. HPLC-RP-ESI analyses revealed homology between STPIs in the different samples and the partial resistance of those to simulated gastrointestinal digestion. In vivo, STPIs from S. hispanica showed the most positive effects, increasing F4/80+ cells normalizing the expression (mRNA) of CD36 and the innate immune 'Toll-like' receptor (TLR)-4. Only STPIs from C. quinoa and S. hispanica did not impair the production of inflammatory mediators (granulocyte-monocyte colony stimulating factor, stem cell factor and TNFα), contributing to maintaining the polarization of the antitumoral M1 macrophage phenotype. These structural and functional features of STPIs from C. quinoa and S. hispanica can be used to control HCC aggressiveness. OTHER TERMS: 
30755716	Qiu M et al.	Animal Experimental Center of Wuhan University, 430071, Wuhan, China., Department of Pharmaceutics, Ernest Mario School of Pharmacy, Rutgers, The State University of New Jersey, Piscataway, NJ, USA., Department of Pathology and Pathophysiology, School of Basic Medical Sciences, Wuhan University, 430071, Wuhan, China., Department of Pharmacology and Hubei Province Key Laboratory of Allergy and Immune-Related Diseases, School of Basic Medical Sciences, Wuhan University, 430071, Wuhan, China. jing_yang@whu.edu.cn., Department of Pharmacology and Hubei Province Key Laboratory of Allergy and Immune-Related Diseases, School of Basic Medical Sciences, Wuhan University, 430071, Wuhan, China., Department of Radiation and Medical Oncology, Zhongnan Hospital, Wuhan University, 430071, Wuhan, China.	Modulation of intestinal microbiota by glycyrrhizic acid prevents high-fat diet-enhanced pre-metastatic niche formation and metastasis.	Mucosal Immunol	12	4	2020	10.1038/s41385-019-0144-6	TITLE: Modulation of intestinal microbiota by glycyrrhizic acid prevents high-fat diet-enhanced pre-metastatic niche formation and metastasis. ABSTRACT: High-fat diet (HFD) promotes lung pre-metastatic niche formation and metastasis. Thus, there is an urgent need to identify the underlying mechanisms and develop strategies to overcome them. Here we demonstrate that glycyrrhizic acid (GA) prevents HFD-enhanced pre-metastatic niche formation and metastasis through gut microbiota. GA reduced HFD-enhanced myeloid-derived suppressor cell recruitment, pro-metastatic protein S100A8/A9 expression and metastasis burden of 4T1 breast cancer and B16F10 melanoma, accompanied by gut microbiota alteration and colonic macrophage polarization far away the M1-like phenotype. These parameters were greatly decreased by treatment with antibiotics, recolonization of Desulfovibrio vulgaris and Clostridium sordellii, and administration of lipopolysaccharide or deoxycholic acid. Macrophage depletion attenuated HFD-enhanced pre-metastatic niche formation and metastasis, but failed to further affect the effects of GA. Mechanistically, counteraction of HFD-enhanced gut microbiota dysbiosis by GA inhibited Gr-1[+] myeloid cell migration and S100A8/A9 expression through decreasing the proportion of M1-like macrophages and their production of CCL2 and TNF-α in the colons via LPS/HMGB1/NF-κB signaling inactivation. Together, targeting the gut microbiota by GA to modulate colonic macrophages could be a novel strategy for the prevention of HFD-enhanced pre-metastatic niche formation and metastasis. OTHER TERMS: 
30563531	He JY et al.	Breast Disease Center, Zhong-Da Hospital, Southeast University, Nanjing, China., Jiangsu Center for Pharmacodynamics Research and Evaluation, China Pharmaceutical University, Nanjing, China. yuanst@cpu.edu.cn., Jiangsu Key laboratory of Drug Screening, China Pharmaceutical University, Nanjing, China. sunli@cpu.edu.cn., Jiangsu Key laboratory of Drug Screening, China Pharmaceutical University, Nanjing, China., Department of General Surgery, Zhong-Da Hospital, Southeast University, Nanjing, China., Jiangsu Center for Pharmacodynamics Research and Evaluation, China Pharmaceutical University, Nanjing, China.	Adipocyte-derived IL-6 and leptin promote breast Cancer metastasis via upregulation of Lysyl Hydroxylase-2 expression.	Cell Commun Signal	16	1	2019	10.1186/s12964-018-0309-z	TITLE: Adipocyte-derived IL-6 and leptin promote breast Cancer metastasis via upregulation of Lysyl Hydroxylase-2 expression. ABSTRACT: Adipocytes make up the major component of breast tissue, accounting for 90% of stromal tissue. Thus, the crosstalk between adipocytes and breast cancer cells may play a critical role in cancer progression. Adipocyte-breast cancer interactions have been considered important for the promotion of breast cancer metastasis. However, the specific mechanisms underlying these interactions are unclear. In this study, we investigated the mechanisms of adipocyte-mediated breast cancer metastasis. Breast cancer cells were cocultured with mature adipocytes for migration and 3D matrix invasion assays. Next, lentivirus-mediated loss-of-function experiments were used to explore the function of lysyl hydroxylase (PLOD2) in breast cancer migration and adipocyte-dependent migration of breast cancer cells. The role of PLOD2 in breast cancer metastasis was further confirmed using orthotopic mammary fat pad xenografts in vivo. Clinical samples were used to confirm that PLOD2 expression is increased in tumor tissue and is associated with poor prognosis of breast cancer patients. Cells were treated with cytokines and pharmacological inhibitors in order to verify which adipokines were responsible for activation of PLOD2 expression and which signaling pathways were activated in vitro. Gene expression profiling and Western blotting analyses revealed that PLOD2 was upregulated in breast cancer cells following coculture with adipocytes; this process was accompanied by enhanced breast cancer cell migration and invasion. Loss-of-function studies indicated that PLOD2 knockdown suppressed cell migration and disrupted the formation of actin stress fibers in breast cancer cells and abrogated the migration induced by following coculture with adipocytes. Moreover, experiments performed in orthotopic mammary fat pad xenografts showed that PLOD2 knockdown could reduce metastasis to the lung and liver. Further, high PLOD2 expression correlated with poor prognosis of breast cancer patients. Mechanistically, adipocyte-derived interleukin-6 (IL-6) and leptin may facilitate PLOD2 upregulation in breast cancer cells and promote breast cancer metastasis in tail vein metastasis assays. Further investigation revealed that adipocyte-derived IL-6 and leptin promoted PLOD2 expression through activation of the JAK/STAT3 and PI3K/AKT signaling pathways. Our study reveals that adipocyte-derived IL-6 and leptin promote PLOD2 expression by activating the JAK/STAT3 and PI3K/AKT signaling pathways, thus promoting breast cancer metastasis. OTHER TERMS: Adipocytes; Breast Cancer; IL-6; Leptin; Metastasis; PLOD2
30535532	Saucedo AM, De La Cerda J, Suami H, Serda RE	Small Animal Imaging Resource, UT MD Anderson Cancer Center, Houston, TX, 77030, USA., Medicine and Health Sciences, Macquarie University, Sydney, NSW, Australia., Michael E. DeBakey Department of Surgery, Baylor College of Medicine, Houston, TX, 77030, USA. rserda@salud.unm.edu., Department of Plastic Surgery, UT MD Anderson Cancer Center, Houston, TX, 77030, USA., Department of Nanomedicine, Houston Methodist, Houston, TX, 77030, USA. rserda@salud.unm.edu., Michael E. DeBakey Department of Surgery, Baylor College of Medicine, Houston, TX, 77030, USA., Molecular Medicine, Internal Medicine, University of New Mexico Health Science Center, 915 Camino de Salud, CRF 307, Albuquerque, NM, 87131, USA. rserda@salud.unm.edu.	Multimodal imaging of the tumor microenvironment and biological responses to immune therapy.	Biomed Microdevices	20	4	2019	10.1007/s10544-018-0347-8	TITLE: Multimodal imaging of the tumor microenvironment and biological responses to immune therapy. ABSTRACT: Beyond heterogeneous cancer cells, the tumor microenvironment includes stromal and immune cells, blood vessels, extracellular matrix and biologically active molecules. Abnormal signaling, uncontrolled proliferation and high interstitial pressure all contribute to a chaotic, non-hierarchical vascular organization. Using an immune competent 4T1 breast adenocarcinoma murine model, this study fully characterizes the architecture and immunocyte milieu of the tumor microenvironment. Heterogeneous vessel distribution, chaotic connectivity, limited perfusion, cancer cell density, immune phenotype, and biological responses to immune therapy are presented. Cancer cell density mirrored the distribution of large, perfusable vessels, both predominately in the tumor periphery. Intratumoral administration of the proinflammatory cytokine IL-12 led to an increase in CD45[+] leukocytes, with a specific increase in CD4[+] and CD8[+] T cells, and a decrease in the percentage of Gr-l[lo] myeloid-derived suppressor cells. Concomitantly, serum G-CSF, IL-10 and VEGF decreased, while CXCR9 and interferon gamma increased. The distribution pattern of infiltrating monocytes/macrophages, visualized using a fluorescent perfluorocarbon emulsion, indicated that macrophages predominately localize in the vicinity of large blood vessels. Electron microscopy supports the presence of dense tumor cell masses throughout the tumor, with the largest vessels present in the surrounding mammary fat pad. Overall, large vessels in the 4T1 tumor periphery support high, localized vascular perfusion and myeloid accumulation. The pro-inflammatory cytokine IL-12 stimulated a transition towards T helper 1 cytokines in serum, supporting suppression of tumor growth and angiostatic conditions. OTHER TERMS: Electron microscopy; Interleukin 12; Magnetic resonance imaging; Tumor vasculature; computed tomography
30420335	Lv Q et al.	Obstetrics and Gynecology Hospital of Fudan University, Shanghai, 200011, People's Republic of China; Shanghai Key Laboratory of Female Reproductive Endocrine Related Diseases, Fudan University, Shanghai, 200011, People's Republic of China. Electronic address: zhuq1215@163.com., Obstetrics and Gynecology Hospital of Fudan University, Shanghai, 200011, People's Republic of China; Shanghai Key Laboratory of Female Reproductive Endocrine Related Diseases, Fudan University, Shanghai, 200011, People's Republic of China. Electronic address: xucongjian@fudan.edu.cn., Obstetrics and Gynecology Hospital of Fudan University, Shanghai, 200011, People's Republic of China; Shanghai Key Laboratory of Female Reproductive Endocrine Related Diseases, Fudan University, Shanghai, 200011, People's Republic of China. Electronic address: 13818814056@163.com., Obstetrics and Gynecology Hospital of Fudan University, Shanghai, 200011, People's Republic of China; Shanghai Key Laboratory of Female Reproductive Endocrine Related Diseases, Fudan University, Shanghai, 200011, People's Republic of China. Electronic address: xuezhenluo2013@163.com., Department of Pathology, Shanghai First Maternity and Infant Hospital, School of Medicine, Tongji University, Shanghai, 200000, People's Republic of China. Electronic address: qizhihe2013@51mch.com., Department of Obstetrics and Gynecology, Shanghai General Hospital, School of Medicine, Shanghai Jiao Tong University, Shanghai, 200080, People's Republic of China. Electronic address: zhangzhenbozzb@aliyun.com., State Key Laboratory of Genetic Engineering, Collaborative Innovation Center for Genetics and Development, School of Life Sciences, Fudan University, Shanghai, 200438, People's Republic of China. Electronic address: chenjiwang@fudan.edu.cn., Obstetrics and Gynecology Hospital of Fudan University, Shanghai, 200011, People's Republic of China; Shanghai Key Laboratory of Female Reproductive Endocrine Related Diseases, Fudan University, Shanghai, 200011, People's Republic of China. Electronic address: Yshi@iau.edu.lc., Obstetrics and Gynecology Hospital of Fudan University, Shanghai, 200011, People's Republic of China; Shanghai Key Laboratory of Female Reproductive Endocrine Related Diseases, Fudan University, Shanghai, 200011, People's Republic of China. Electronic address: fdsww1024@sina.cn., Obstetrics and Gynecology Hospital of Fudan University, Shanghai, 200011, People's Republic of China; Shanghai Key Laboratory of Female Reproductive Endocrine Related Diseases, Fudan University, Shanghai, 200011, People's Republic of China. Electronic address: xieliying11@126.com., Obstetrics and Gynecology Hospital of Fudan University, Shanghai, 200011, People's Republic of China; Shanghai Key Laboratory of Female Reproductive Endocrine Related Diseases, Fudan University, Shanghai, 200011, People's Republic of China. Electronic address: xiaomihaoku@163.com., Department of Gynecologic Oncology, Zhejiang Cancer Hospital, 38 Guangji Road, Hangzhou, 310022, China. Electronic address: pandazhang@163.com., Obstetrics and Gynecology Hospital of Fudan University, Shanghai, 200011, People's Republic of China; Shanghai Key Laboratory of Female Reproductive Endocrine Related Diseases, Fudan University, Shanghai, 200011, People's Republic of China. Electronic address: xiaojunchen2013@sina.com., Obstetrics and Gynecology Hospital of Fudan University, Shanghai, 200011, People's Republic of China; Shanghai Key Laboratory of Female Reproductive Endocrine Related Diseases, Fudan University, Shanghai, 200011, People's Republic of China. Electronic address: justcarolyn@sina.com., Obstetrics and Gynecology Hospital of Fudan University, Shanghai, 200011, People's Republic of China; Shanghai Key Laboratory of Female Reproductive Endocrine Related Diseases, Fudan University, Shanghai, 200011, People's Republic of China. Electronic address: chengyali123001@163.com., Obstetrics and Gynecology Hospital of Fudan University, Shanghai, 200011, People's Republic of China; Shanghai Key Laboratory of Female Reproductive Endocrine Related Diseases, Fudan University, Shanghai, 200011, People's Republic of China. Electronic address: lvqiaoying@126.com.	A20-mediated deubiquitination of ERα in the microenvironment of CD163[+] macrophages sensitizes endometrial cancer cells to estrogen.	Cancer Lett	442		2019	10.1016/j.canlet.2018.10.019	TITLE: A20-mediated deubiquitination of ERα in the microenvironment of CD163[+] macrophages sensitizes endometrial cancer cells to estrogen. ABSTRACT: Continuous estrogen signaling is thought to be the main mechanism causing endometrial cancer (EC). Studies have demonstrated that CD163[+] macrophages could promote the development of estrogen-dependent EC, but the mechanisms involved remain unclear. We found that CD163[+] macrophages were the dominant macrophages in atypical endometrial hyperplasia and cancer, and their infiltration was positively associated with ERα expression. CD163[+] macrophages mainly increased ERα protein levels but with little upregulatory effect on ESR1 (ERα coding gene) transcripts. The ubiquitin-editing enzyme A20, screened from the endometrial microarray obtained from mice receiving a high-fat diet and sustained estrogen-intervened, was highly expressed in endometrial lesions rich with CD163[+] macrophages, and positively correlated with ERα expression. Similarly, A20 and ERα were both upregulated by CD163[+] macrophages via cytokines such as IL1α, IL17A and TNFα. Mechanistically, A20 overexpression in EC cells prolonged ERα protein half-life without affecting ESR1 transcripts. A20 increased functional ERα protein levels and enhanced estrogen-driven EC cell proliferation through preventing ERα protein degradation by its deubiquitinase activity. Our study revealed that A20-mediated deubiquitination of ERα might be an important mechanism by which CD163[+] macrophages sensitize EC cells to estrogen. OTHER TERMS: A20; CD163(+) macrophages; Deubiquitination; ERα; Endometrial cancer
29777149	Berrueta L et al.	University of Vermont Department of Medical Biostatistics, Burlington, USA., Harvard Medical School Department of Biological Chemistry and Molecular Pharmacology, Boston, USA., Osher Center for Integrative Medicine, Division of Preventive Medicine, Brigham and Women's Hospital, Harvard Medical School, Boston, USA., Dana Farber Cancer Institute, Institute, Department of Cancer Biology, Boston, USA. Jean_zhao@dfci.harvard.edu., Osher Center for Integrative Medicine, Division of Preventive Medicine, Brigham and Women's Hospital, Harvard Medical School, Boston, USA. hlangevin@bwh.harvard.edu., Dana Farber Cancer Institute, Institute, Department of Cancer Biology, Boston, USA., Harvard Medical School Department of Biological Chemistry and Molecular Pharmacology, Boston, USA. Jean_zhao@dfci.harvard.edu., University of Vermont Cancer Center, Burlington, USA.	Stretching Reduces Tumor Growth in a Mouse Breast Cancer Model.	Sci Rep	8	1	2019	10.1038/s41598-018-26198-7	TITLE: Stretching Reduces Tumor Growth in a Mouse Breast Cancer Model. ABSTRACT: There is growing interest in developing non-pharmacological treatments that could boost natural defenses against cancer and contribute to primary and secondary cancer prevention. Recent studies have shown that gentle daily stretching for 10 minutes can reduce local connective tissue inflammation and fibrosis. Because mechanical factors within the stroma can influence the tumor microenvironment, we hypothesized that stretching would reduce the growth of tumors implanted within locally stretched tissues and tested this hypothesis in a mouse orthotopic breast cancer model. Female FVB mice (N = 66) underwent bilateral injection of p53/PTEN double-null primary mouse mammary tumor cells into the third mammary fat pad. Mice were randomized to stretch vs. no stretch, and treated for 10 minutes once a day, for four weeks. Tumor volume at end-point was 52% smaller in the stretch group, compared to the no-stretch group (p &lt; 0.001) in the absence of any other treatment. Cytotoxic immune responses were activated and levels of Specialized Pro-Resolving Mediators were elevated in the stretch group. These results suggest a link between immune exhaustion, inflammation resolution and tumor growth. Stretching is a gentle, non-pharmacological intervention that could become an important component of cancer treatment and prevention. OTHER TERMS: 
28609459	Borin TF et al.	Department of Chemistry and Physics, Augusta University, Augusta, GA, United States of America., Georgia Cancer Center, Augusta University, Augusta, GA, United States of America.	HET0016 decreases lung metastasis from breast cancer in immune-competent mouse model.	PLoS One	12	6	2017	10.1371/journal.pone.0178830	TITLE: HET0016 decreases lung metastasis from breast cancer in immune-competent mouse model. ABSTRACT: Distant metastasis is the primary cause of death in the majority of the cancer types. Recently, much importance has been given to tumor microenvironment (TME) in the development of invasive malignant tumors, as well as the metastasis potential. The ability of tumor cells to modulate TME and to escape immune-mediated attack by releasing immunosuppressive cytokines has become a hallmark of breast cancer. Our study shows the effect of IV formulation of HET0016 (HPßCD-HET0016) a selective inhibitor of 20-HETE synthesis, administered intravenously in immune-competent in vivo mouse model of murine breast cancer. 4T1 luciferase positive cells were implanted to the mammary fat pad in Balb/c mice. Treatment started on day 15, and was administered for 5 days a week for 3 weeks. The development of metastasis was detected via optical imaging. Blood, spleen, lungs, bone marrow and tumor were collected for flow cytometry, to investigate changes in myeloid-derived suppressive cells (MDSCs) populations and endothelial phenotype. Tumor and lungs were collected for protein analysis. Our results show that HPßCD-HET0016: (1) decreased tumor volume and lung metastasis compared to the vehicle group; (2) reduced migration and invasion of tumor cells and levels of metalloproteinases in the lungs of animals treated with HPßCD-HET0016 via PI3K/AKT pathway; and (3) decreased expression of pro-inflammatory cytokines, growth factors and granulocytic MDSCs population in the lung microenvironment in treated animals. Thus, HPßCD-HET0016 showed potential in treating lung metastasis in a preclinical mouse model and needs further investigations on TME. OTHER TERMS: 
28249896	Gomez-Chou SB et al.	Department of Gastroenterology and Internal Medicine, University of Bialystok, Bialystok, Poland., Department of Internal Medicine, The Ohio State University Wexner Medical Center, Columbus, Ohio. zobeida.cruz-monserrate@osumc.edu clogsdon@mdanderson.org., Department of Translational Molecular Pathology, University of Texas, MD Anderson Cancer Center, Houston, Texas., Department of Surgical Oncology, University of Texas, MD Anderson Cancer Center, Houston, Texas., Department of Cancer Biology, University of Texas, MD Anderson Cancer Center, Houston, Texas. zobeida.cruz-monserrate@osumc.edu clogsdon@mdanderson.org., Division of Gastroenterology, Hepatology and Nutrition, The Ohio State University Wexner Medical Center, Columbus, Ohio., Department of Hematology and Medical Oncology, Mayo Clinic, Scottsdale, Arizona., Department of Cancer Biology, University of Texas, MD Anderson Cancer Center, Houston, Texas., Department of Surgery, The Ohio State University Wexner Medical Center, Columbus, Ohio., Comprehensive Cancer Center, The Ohio State University, Columbus, Ohio., Department of Hematology and Medical Oncology, Winship Cancer Institute, Emory University, Atlanta, Georgia., Department of Internal Medicine, The Ohio State University Wexner Medical Center, Columbus, Ohio., Department of Pathology, University of Texas, MD Anderson Cancer Center, Houston, Texas., Department of Gastrointestinal Medical Oncology, University of Texas, MD Anderson Cancer Center, Houston, Texas.	Lipocalin-2 Promotes Pancreatic Ductal Adenocarcinoma by Regulating Inflammation in the Tumor Microenvironment.	Cancer Res	77	10	2017	10.1158/0008-5472.CAN-16-1986	TITLE: Lipocalin-2 Promotes Pancreatic Ductal Adenocarcinoma by Regulating Inflammation in the Tumor Microenvironment. ABSTRACT: Lipocalin-2 (LCN2) promotes malignant development in many cancer types. LCN2 is upregulated in patients with pancreatic ductal adenocarcinoma (PDAC) and in obese individuals, but whether it contributes to PDAC development is unclear. In this study, we investigated the effects of Lcn2 depletion on diet-induced obesity, inflammation, and PDAC development. Mice with acinar cell-specific expression of Kras[G12D] were crossed with Lcn2-depleted animals and fed isocaloric diets with varying amounts of fat content. Pancreas were collected and analyzed for inflammation, pancreatic intraepithelial neoplasia (PanIN), and PDAC. We also used a syngeneic orthotopic PDAC mouse model to study tumor growth in the presence or absence of Lcn2 expression. In addition, to understand the mechanistic role of how LCN2 could be mediating PDAC, we studied LCN2 and its specific receptor solute carrier family 22 member 17 (SLC22A17) in human pancreatic cancer stellate cells (PSC), key mediators of the PDAC stroma. Depletion of Lcn2 diminished extracellular matrix deposition, immune cell infiltration, PanIN formation, and tumor growth. Notably, it also increased survival in both obesity-driven and syngeneic orthotopic PDAC mouse models. LCN2 modulated the secretion of proinflammatory cytokines in PSC of the PDAC tumor microenvironment, whereas downregulation of LCN2-specific receptor SLC22A17 blocked these effects. Our results reveal how LCN2 acts in the tumor microenvironment links obesity, inflammation, and PDAC development. Cancer Res; 77(10); 2647-60. ©2017 AACR. OTHER TERMS: 
27756885	Wolfe AR et al.	Department of Bioengineering, Rice University, Houston, TX, USA., Department of Radiation Oncology, The University of Texas MD Anderson Cancer Center, Houston, TX, USA., MD Anderson Morgan Welch Inflammatory Breast Cancer Research Program and Clinic, The University of Texas MD Anderson Cancer Center, Houston, TX, USA., Department of Immunology, H. Lee Moffitt Cancer Center and Research Institute, Tampa, FL, USA., Department of Experimental Therapeutics, The University of Texas MD Anderson Cancer Center, Houston, TX, USA., Breast Medical Oncology, The University of Texas MD Anderson Cancer Center, Houston, TX, USA.	Mesenchymal stem cells and macrophages interact through IL-6 to promote inflammatory breast cancer in pre-clinical models.	Oncotarget	7	50	2018	10.18632/oncotarget.12694	TITLE: Mesenchymal stem cells and macrophages interact through IL-6 to promote inflammatory breast cancer in pre-clinical models. ABSTRACT: Inflammatory breast cancer (IBC) is a unique and deadly disease with unknown drivers. We hypothesized the inflammatory environment contributes to the IBC phenotype. We used an in vitro co-culture system to investigate interactions between normal and polarized macrophages (RAW 264.7 cell line), bone-marrow derived mesenchymal stem cells (MSCs), and IBC cells (SUM 149 and MDA-IBC3). We used an in vivo model that reproduces the IBC phenotype by co-injecting IBC cells with MSCs into the mammary fat pad. Mice were then treated with a macrophage recruitment inhibitor, anti-CSF1. MSC and macrophages grown in co-culture produced higher levels of pro-tumor properties such as enhanced migration and elevated IL-6 secretion. IBC cells co-cultured with educated MSCs also displayed enhanced invasion and mammosphere formation and blocked by anti-IL-6 and statin treatment. The treatment of mice co-injected with IBC cells and MSCs with anti-CSF1 inhibited tumor associated macrophages and inhibited pSTAT3 expression in tumor cells. Anti-CSF1 treated mice also exhibited reduced tumor growth, skin invasion, and local recurrence. Herein we demonstrate reciprocal tumor interactions through IL-6 with cells found in the IBC microenvironment. Our results suggest IL-6 is a mediator of these tumor promoting influences and is important for the IBC induced migration of MSCs. OTHER TERMS: IL-6; inflammatory breast cancer; macrophages; mesenchymal stem cells; statins
27044818	Foguer K, Braga Mde S, Peron JP, Bortoluci KR, Bellini MH	Department of Immunology, Institute of Biomedical Sciences, University of São Paulo, São Paulo, Brazil., Nephrology Division, Federal University of Sao Paulo, Sao Paulo, Brazil; Biotechnology Department, IPEN-CNEN, Sao Paulo, Brazil., Nephrology Division, Federal University of Sao Paulo, Sao Paulo, Brazil; Biotechnology Department, IPEN-CNEN, Sao Paulo, Brazil. Electronic address: mhmarumo@terra.com.br., Departament of Biology Biological Sciences, Federal University of Sao Paulo, Sao Paulo, Brazil.	Endostatin gene therapy inhibits intratumoral macrophage M2 polarization.	Biomed Pharmacother	79		2016	10.1016/j.biopha.2016.01.035	TITLE: Endostatin gene therapy inhibits intratumoral macrophage M2 polarization. ABSTRACT: Renal cell carcinoma (RCC) is a highly vascularized cancer resistant to chemotherapy and radiotherapy. RCC is frequently infiltrated with immune cells, with macrophages being the most abundant cell type. Alternatively activated M2 macrophages are known to contribute to tumor progression. Endostatin (ES) is a fragment of collagen XVIII that possesses antiangiogenic activity. In this study, we investigated the impact of ES gene therapy on the polarization of tumor-associated macrophages (TAMs) in lung metastases from tumor-bearing mice. BALB/c mice divided into three groups: Normal, Control and ES-treated. Tumor-bearing mice were treated with ES-transduced cells or control cells over ten days. At the end of the study, plasma was collected, and pulmonary macrophages were isolated and used for FACS or RT-PCR. ELISA tests were used to analyze plasma and cell culture supernatant cytokines. ES treatment significantly reduced the levels of anti-inflammatory and pro-angiogenic cytokines, including IL4, IL-10, IL-13 and VEGF. Gene expression of M2 markers, such as IL-10, Arg-1, VEGF and YM-1, declined significantly. Flow cytometry showed a reduction in the number of M2 F4/80+CD36+CD206+CD209+ macrophages and in IL-10 secretion by these cells. Reduced levels of IL-10 were also found in the culture supernatants of the ES-treated group. Our research corroborates previous observations that ES has an important anti-tumoral role. However, aside from promoting interferon-ɤ secretion and an effective T cell response, we show here that this switch is extended to TAMs, complicating the maintenance of pro-tumorigenic M2 macrophages and thus favoring tumor elimination. OTHER TERMS: Endostatin; Renal cell carcinoma; Tumor-associated macrophages
26208571	Ye Y, Liu S, Wu C, Sun Z	Pharmacology Laboratory of Traditional Chinese Medicine, Longhua Hospital, 725 Wanpingnan Road, Shanghai, 200032, China.	TGFβ modulates inflammatory cytokines and growth factors to create premetastatic microenvironment and stimulate lung metastasis.	J Mol Histol	46	4-5	2016	10.1007/s10735-015-9633-4	TITLE: TGFβ modulates inflammatory cytokines and growth factors to create premetastatic microenvironment and stimulate lung metastasis. ABSTRACT: The formation of tumor-promoting premetastatic microenvironment plays a pivotal role on metastatic progression. Understanding how the primary tumor can promote the formation of premetastatic microenvironment in the lung will aid discovery of a final cure for metastatic breast cancer. The murine 4T1 mammary carcinoma cells were injected into the mammary fat pads of the BALB/c mice. Days 0-14 were considered the premetastatic phase. Lung tissues were examined using hematoxylin-eosin staining and transmission electron microscopy. After intravenous injection of TGFβ1 pretreated 4T1 cells, the relative pulmonary vascular permeability was quantified, the extravasation, survival, and proliferation of tumor cells in premetastatic lungs were evaluated, and the levels of S100A8, S100A9, VEGF, and Angpt2 were detected in tumor-bearing mice. The results showed that during the premetastatic phase, an inflammatory response and inflammation-induced vascular hyperpermeability were established, leading to an abnormal pulmonary microenvironment, which facilitated extravasation of circulating tumor cells, and subsequent survival and proliferation of metastatic tumor cells in a TGFβ-dependent manner. Moreover, the expressions of S100A8, S100A9, VEGF, and Angpt2 were increased, and an induction of these genes by TGFβ was further observed in premetastatic lungs. Thus, this study demonstrated that TGFβ promoted the creation of premetastatic microenvironment by modulating certain crucial inflammatory cytokines and growth factors, and finally enhanced the ability of circulating cells to seed the lung. OTHER TERMS: 
25940439	Xie H et al.	George Whipple Lab for Cancer Research, Departments of Pathology and Urology, and The Wilmot Cancer Center, University of Rochester Medical Center, Rochester, New York, USA., Department of Pathology and Laboratory Medicine, University of Rochester Medical Center, Rochester, New York, USA., Sex Hormone Research Center, Department of Urology, The First Affiliated Hospital, Xi'an Jiaotong University, Xi'an, China., Sex Hormone Research Center, China Medical University/Hospital, Taichung, Taiwan.	Infiltrated pre-adipocytes increase prostate cancer metastasis via modulation of the miR-301a/androgen receptor (AR)/TGF-β1/Smad/MMP9 signals.	Oncotarget	6	14	2016	10.18632/oncotarget.3619	TITLE: Infiltrated pre-adipocytes increase prostate cancer metastasis via modulation of the miR-301a/androgen receptor (AR)/TGF-β1/Smad/MMP9 signals. ABSTRACT: High fat dietary intake may increase the risk of prostate cancer (PCa). Pre-adipocytes, one of the basic components in the tumor microenvironment (TME), are capable of differentiating into adipose tissues and play key roles to affect PCa progression. Here we found the pre-adipocytes could be recruited more easily to PCa than its surrounding normal prostate tissue. In vitro co-culture system also confirmed PCa has a better capacity than normal prostate to recruit pre-adipocytes. The consequences of recruiting more pre-adipocytes may then increase PCa cell invasion. Mechanism dissection revealed infiltrating pre-adipocytes might function through down-regulation of the androgen receptor (AR) via modulation of miR-301a, and then increase PCa cell invasion via induction of TGF-β1/Smad/MMP9 signals. The mouse model with orthotopically xenografted PCa CWR22Rv1 cells with pre-adipocytes also confirmed that infiltrating pre-adipocytes could increase PCa cell invasion via suppressing AR signaling. Together, our results reveal a new mechanism showing pre-adipocytes in the prostate TME can be recruited to PCa to increase PCa metastasis via modulation of the miR-301a/AR/TGF-β1/Smad/MMP9 signals. Targeting this newly identified signaling may help us to better inhibit PCa metastasis. OTHER TERMS: androgen receptor; mirna-301a; pre-adipocyte; prostate cancer
25802102	Hardaway AL, Herroon MK, Rajagurubandara E, Podgorski I	Department of Pharmacology, Wayne State University School of Medicine, 540 E. Canfield, Rm 6304, Detroit, MI, 48201, USA.	Marrow adipocyte-derived CXCL1 and CXCL2 contribute to osteolysis in metastatic prostate cancer.	Clin Exp Metastasis	32	4	2015	10.1007/s10585-015-9714-5	TITLE: Marrow adipocyte-derived CXCL1 and CXCL2 contribute to osteolysis in metastatic prostate cancer. ABSTRACT: Increased bone marrow adiposity is a common feature of advanced age, obesity and associated metabolic pathologies. Augmented numbers of marrow adipocytes positively correlate with dysregulated bone remodeling, also a well-established complication of metastatic disease. We have shown previously that marrow adiposity accelerates prostate tumor progression in the skeleton and promotes extensive destruction of the bone; however, the factors behind adipocyte-driven osteolysis in the skeletal tumor microenvironment are not currently known. In this study, utilizing in vivo diet-induced models of bone marrow adiposity, we reveal evidence for positive correlation between increased marrow fat content, bone degradation by ARCaP(M) and PC3 prostate tumors, and augmented levels of host-derived CXCL1 and CXCL2, ligands of CXCR2 receptor. We show by in vitro osteoclastogenesis assays that media conditioned by bone marrow adipocytes is a significant source of CXCL1 and CXCL2 proteins. We also demonstrate that both the adipocyte-conditioned media and the recombinant CXCL1 and CXCL2 ligands efficiently accelerate osteoclast maturation, a process that can be blocked by neutralizing antibodies to each of the chemokines. We further confirm the contribution of CXCR2 signaling axis to adiposity-driven osteoclastogenesis by blocking fat cell-induced osteoclast differentiation with CXCR2 antagonist or neutralizing antibodies. Together, our results link CXCL1 and CXCL2 chemokines with bone marrow adiposity and implicate CXCR2 signaling in promoting effects of marrow fat on progression of skeletal tumors in bone. OTHER TERMS: 
24844408	Jung JI et al.	Department of Food Science and Nutrition, Hallym University, Chuncheon, 200-702, Korea.	High-fat diet-induced obesity increases lymphangiogenesis and lymph node metastasis in the B16F10 melanoma allograft model: roles of adipocytes and M2-macrophages.	Int J Cancer	136	2	2015	10.1002/ijc.28983	TITLE: High-fat diet-induced obesity increases lymphangiogenesis and lymph node metastasis in the B16F10 melanoma allograft model: roles of adipocytes and M2-macrophages. ABSTRACT: To examine the effects of high-fat diet (HFD) on melanoma progression, HFD-fed C57BL/6N mice were subcutaneously injected with syngeneic B16F10 melanoma cells. At 3 weeks post-injection, the tumors were resected; the mice were then sacrificed at 2 weeks post-resection. HFD stimulated melanoma growth and lymph node (LN) metastasis as well as tumor and LN lymphangiogenesis. Lipid vacuoles in the tumor and M2-macrophage (MΦ)s in the adipose and tumor tissues were increased in HFD-fed mice. CCL19 and CCL21 contents were higher in LNs than in tumors. HFD increased both CCL19 and CCL21 levels in LNs and CCR7 in tumors. Adipose tissue-conditioned media (CM) from HFD-fed mice enhanced lymphangiogenesis, and mature adipocyte (MA)/M2-MΦ co-culture CM markedly stimulated the tube formation of lymphatic endothelial cell (LEC)s and B16F10 migration. Monocyte migration was moderately stimulated by B16F10 or MA CM, but tremendously stimulated by B16F10/M2-MΦ co-culture CM, which was enhanced by MA/B16F10/M2-MΦ co-culture CM. The co-culture results revealed that MAs increased CCL2, M-CSF and CCR7 mRNAs in B16F10s; vascular endothelial growth factor (VEGF)-D mRNA in M2-MΦs; and CCL19, CCL21 and VEGF receptor (VEGFR)3 mRNA in LECs. M2-MΦs increased CCL2, M-CSF and VEGF-A mRNAs in B16F10s, whereas B16F10s increased VEGF-C mRNAs in M2-MΦs and VEGFR3 mRNA in LECs. These results indicate that in HFD-fed mice, MA-induced CCL2 and M-CSF in tumor cells increase M2-MΦs in tumor; the crosstalk between tumor cells and M2-MΦs further increases cytokines and angiogenic and lymphangiogenic factors. Additionally, MA-stimulated CCL19, CCL21/CCR7 axis contributes to increased LN metastasis in HFD-fed mice. OTHER TERMS: high-fat diet; lymphangiogenesis; melanoma; obesity
24156623	Zhao Y et al.		Pubertal high fat diet: effects on mammary cancer development.	Breast Cancer Res	15	5	2014	10.1186/bcr3561	TITLE: Pubertal high fat diet: effects on mammary cancer development. ABSTRACT: Epidemiological studies linking dietary fat intake and obesity to breast cancer risk have produced inconsistent results. This may be due to the difficulty of dissociating fat intake from obesity, and/or the lack of defined periods of exposure in these studies. The pubertal mammary gland is highly sensitive to cancer-causing agents. We assessed how high fat diet (HFD) affects inflammation, proliferative, and developmental events in the pubertal gland, since dysregulation of these can promote mammary tumorigenesis. To test the effect of HFD initiated during puberty on tumorigenesis, we utilized BALB/c mice, for which HFD neither induces obesity nor metabolic syndrome, allowing dissociation of HFD effects from other conditions associated with HFD. Pubertal BALB/c mice were fed a low fat diet (12% kcal fat) or a HFD (60% kcal fat), and subjected to carcinogen 7,12-dimethylbenz[a]anthracene (DMBA)-induced tumorigenesis. HFD elevated mammary gland expression of inflammatory and growth factor genes at 3 and 4 weeks of diet. Receptor activator of nuclear factor kappa-B ligand (RANKL), robustly induced at 4 weeks, has direct mitogenic activity in mammary epithelial cells and, as a potent inducer of NF-κB activity, may induce inflammatory genes. Three weeks of HFD induced a transient influx of eosinophils into the mammary gland, consistent with elevated inflammatory factors. At 10 weeks, prior to the appearance of palpable tumors, there were increased numbers of abnormal mammary epithelial lesions, enhanced cellular proliferation, increased growth factors, chemokines associated with immune-suppressive regulatory T cells, increased vascularization, and elevated M2 macrophages. HFD dramatically reduced tumor latency. Early developing tumors were more proliferative and were associated with increased levels of tumor-related growth factors, including increased plasma levels of HGF in tumor-bearing animals. Early HFD tumors also had increased vascularization, and more intra-tumor and stromal M2 macrophages. Taken together in this non-obesogenic context, HFD promotion of inflammatory processes, as well as local and systemically increased growth factor expression, are likely responsible for the enhanced tumorigenesis. It is noteworthy that although DMBA mutagenesis is virtually random in its targeting of genes in tumorigenesis, the short latency tumors arising in animals on HFD showed a unique gene expression profile, highlighting the potent overarching influence of HFD. OTHER TERMS: 
24021059	Oh K et al.		A mutual activation loop between breast cancer cells and myeloid-derived suppressor cells facilitates spontaneous metastasis through IL-6 trans-signaling in a murine model.	Breast Cancer Res	15	5	2014	10.1186/bcr3473	TITLE: A mutual activation loop between breast cancer cells and myeloid-derived suppressor cells facilitates spontaneous metastasis through IL-6 trans-signaling in a murine model. ABSTRACT: Tumor cell interactions with the microenvironment, especially those of bone-marrow-derived myeloid cells, are important in various aspects of tumor metastasis. Myeloid-derived suppressor cells (MDSCs) have been suggested to constitute tumor-favoring microenvironments. In this study, we elucidated a novel mechanism by which the MDSCs can mediate spontaneous distant metastasis of breast cancer cells. Murine breast cancer cells, 4T1 and EMT6, were orthotopically grafted into the mammary fat pads of syngeneic BALB/c mice. CD11b(+)Gr-1(+) MDSCs in the spleen, liver, lung and primary tumor mass were analyzed. To evaluate the role of MDSCs in the distant metastasis, MDSCs were depleted or reconstituted in tumor-bearing mice. To evaluate whether MDSCs in the metastasizing tumor microenvironment affect breast cancer cell behavior, MDSCs and cancer cells were co-cultivated. To investigate the role of MDSCs in in vivo metastasis, we blocked the interactions between MDSCs and cancer cells. Using a murine breast cancer cell model, we showed that murine breast cancer cells with high IL-6 expression recruited more MDSCs and that the metastasizing capacity of cancer cells paralleled MDSC recruitment in tumor-bearing mice. Metastasizing, but not non-metastasizing, tumor-derived factors induced MDSCs to increase IL-6 production and full activation of recruited MDSCs occurred in the primary tumor site and metastatic organ in the vicinity of metastasizing cancer cells, but not in lymphoid organs. In addition, tumor-expanded MDSCs expressed Adam-family proteases, which facilitated shedding of IL-6 receptor, thereby contributing to breast cancer cell invasiveness and distant metastasis through IL-6 trans-signaling. The critical role of IL-6 trans-signaling was confirmed in both the afferent and efferent pathways of metastasis. In this study, we showed that metastasizing cancer cells induced higher MDSCs infiltration and prompted them to secret exaggerated IL-6 as well as soluble IL-6Ra, which, in turn, triggered a persistent increase of pSTAT3 in tumor cells. This potential tumor-MDSC axis involving IL-6 trans-signaling directly affected breast cancer cell aggressiveness, leading to spontaneous metastasis. OTHER TERMS: 
21566463	Martinez-Outschoorn UE et al.	Thomas Jefferson University, Philadelphia, PA, USA.	Cytokine production and inflammation drive autophagy in the tumor microenvironment: role of stromal caveolin-1 as a key regulator.	Cell Cycle	10	11	2011	10.4161/cc.10.11.15674	"TITLE: Cytokine production and inflammation drive autophagy in the tumor microenvironment: role of stromal caveolin-1 as a key regulator. ABSTRACT: Recently, we proposed a new paradigm for understanding the role of the tumor microenvironment in breast cancer onset and progression. In this model, cancer cells induce oxidative stress in adjacent fibroblasts. This, in turn, results in the onset of stromal autophagy, which produces recycled nutrients to ""feed"" anabolic cancer cells. However, it remains unknown how autophagy in the tumor microenvironment relates to inflammation, another key driver of tumorigenesis. To address this issue, here we employed a well-characterized co-culture system in which cancer cells induce autophagy in adjacent fibroblasts via oxidative stress and NFκB-activation. We show, using this co-culture system, that the same experimental conditions that result in an autophagic microenvironment, also drive in the production of numerous inflammatory mediators (including IL-6, IL-8, IL-10, MIP1a, IFNg, RANTES (CCL5) and GMCSF). Furthermore, we demonstrate that most of these inflammatory mediators are individually sufficient to directly induce the onset of autophagy in fibroblasts. To further validate the in vivo relevance of these findings, we assessed the inflammatory status of Cav-1 (-/-) null mammary fat pads, which are a model of a bonafide autophagic microenvironment. Notably, we show that Cav-1 (-/-) mammary fat pads undergo infiltration with numerous inflammatory cell types, including lymphocytes, T-cells, macrophages and mast cells. Taken together, our results suggest that cytokine production and inflammation are key drivers of autophagy in the tumor microenvironment. These results may explain why a loss of stromal Cav-1 is a powerful predictor of poor clinical outcome in breast cancer patients, as it is a marker of both (1) autophagy and (2) inflammation in the tumor microenvironment. Lastly, hypoxia in fibroblasts was not sufficient to induce the full-blown inflammatory response that we observed during the co-culture of fibroblasts with cancer cells, indicating that key reciprocal interactions between cancer cells and fibroblasts may be required. OTHER TERMS: "
40752796	Chen X et al.	Department of Pulmonary and Critical Care Medicine, the Third People(,)s Hospital of Chengdu, Affiliated Hospital of Southwest Jiaotong University, Chengdu, China., Medical School, Linyi University, Linyi, Shandong, China. Electronic address: lixinpeng513@126.com., Medical School, Linyi University, Linyi, Shandong, China.	Low-molecular-weight fucoidan ameliorates ferroptosis in diabetic kidney disease through SLC7A11/GSH/GPX4 activation.	Fitoterapia	185		2025	10.1016/j.fitote.2025.106779	TITLE: Low-molecular-weight fucoidan ameliorates ferroptosis in diabetic kidney disease through SLC7A11/GSH/GPX4 activation. ABSTRACT: Ferroptosis plays a crucial role in the development of diabetic kidney disease (DKD), and it is closely associated with oxidative stress. Low-molecular-weight fucoidan (LMWF) has been shown to exert an inhibitory action on oxidative stress. Herein, we investigated whether using LMWF to treat DKD is associated with ferroptosis and evaluated the action of LMWF on DKD using both in vivo and in vitro models. The in vivo DKD model was established by administering a high-glucose and high-fat diet combined with streptozotocin, and H&amp;E and Masson staining were used to observe pathological changes in the kidney and collagen deposition. We assessed GSH, GSSG, and MDA to evaluate oxidative stress and utilized metabolomics to explore potential pathways of action. Prussian blue staining, analysis of 4-HNE and LPO, and PCR array for ferroptosis detection were adopted to observe renal ferroptosis. Our results indicated that LMWF inhibited the progression of DKD while reducing MDA content and increasing GSH content, and metabolomic analysis showed that ferroptosis was the potential mechanism responsible for the effect. Prussian blue staining and 4-HNE, LPO, and PCR assays further confirmed this conclusion. We constructed an in vitro model of HK-2 cells treated with high glucose and intervened with LMWF; this demonstrated that LMWF achieved therapeutic effects in vitro, as LMWF reduced ROS expression and inhibited apoptosis. To investigate the mechanism of action of LMWF treatment after intervention with a ferroptosis inducer (Erastin), western blot analysis and showed that LMWF inhibited DKD through Nrf-2/Keap-1 and SLC7A11/GSH/GPX4 signaling pathways. OTHER TERMS: Diabetic kidney disease; Ferroptosis; Laminaria japonica; Low-molecular-weight fucoidan; Sulfated polysaccharide
40724917	Wang Y et al.	Key Laboratory of Prevention and Control of Major Diseases in the Population, Ministry of Education, School of Public Health, Tianjin Medical University, Tianjin 300070, China., Department of Nutrition and Food Science, School of Public Health, Tianjin Medical University, Tianjin 300070, China., Tianjin Key Laboratory of Environment, Nutrition and Public Health, Tianjin 300070, China.	Folic Acid Ameliorates Neuronal Ferroptosis in Aging by Up-Regulating SLC7A11-GSH-GPX4 Antioxidant Pathway and Increasing Cystine Levels.	Int J Mol Sci	26	14	2025	10.3390/ijms26146669	TITLE: Folic Acid Ameliorates Neuronal Ferroptosis in Aging by Up-Regulating SLC7A11-GSH-GPX4 Antioxidant Pathway and Increasing Cystine Levels. ABSTRACT: Age-related neurodegeneration is characterized by oxidative stress and iron-dependent cell death, yet the neuroprotective mechanisms of folic acid in modulating ferroptosis remain unclear. This study systematically investigated the role of folic acid in inhibiting ferroptosis and attenuating neuronal damage in aging, with a focus on the solute carrier family 7 member 11 (SLC7A11)-glutathione (GSH)-glutathione peroxidase 4 (GPX4) antioxidant pathway, using aged rats supplemented with folic acid (&lt;0.1, 2.0, and 4.0 mg/kg·diet) for 22 months, with young adult rats as controls. Brain iron accumulation and ferroptosis-related proteins (SLC7A11, GPX4, Ferritin heavy chain 1 (FTH1)) were evaluated. In vitro, HT-22 hippocampal neuronal cells were pre-treated with folic acid (0, 10, 20 μmol/L) for 72 h before combining with Erastin (10 μmol/L)-induced ferroptosis for an additional 24 h. Intracellular Fe[2+], lipid peroxidation (LPO), malondialdehyde (MDA), reactive oxygen species (ROS), along with cystine, GSH, and ferroptosis-related protein levels were quantified. Stable sh-SLC7A11 knockdown and control (sh-NC) cell lines were used to validate the dependency of folic acid's protective effects on SLC7A11 expression. Folic acid supplementation in aged rats dose-dependently reduced aging-related brain iron accumulation and enhanced the expression of SLC7A11, GPX4, and FTH1. In Erastin-induced HT-22 cells, folic acid significantly mitigated ferroptosis hallmarks. Mechanistically, folic acid increased extracellular cystine uptake and intracellular GSH synthesis, thereby activating the SLC7A11-GSH-GPX4 antioxidant pathway. Notably, molecular docking technique suggested that compared to GPX4, folic acid stabilized SLC7A11's active conformation. sh-SLC7A11 knockdown completely abolished folic acid-mediated protection against ferroptosis, as evidenced by restored loss of cystine, GSH and GPX4 production. This study innovatively emphasized the critical role of folic acid supplementation in inhibiting ferroptosis by up-regulating the SLC7A11-GSH-GPX4 antioxidant pathway, primarily through enhancing cystine availability and SLC7A11 expression. These findings established folic acid as a potential dietary intervention for aging-related neurodegenerative diseases characterized by neuronal ferroptosis, providing preclinical evidence for folic acid based neuroprotection. OTHER TERMS: SLC7A11; aging; cystine; ferroptosis; folic acid; neuroprotection
40703032	Ho TC, Tsai SH, Yeh SI, Sun MH, Tsao YP	Department of Optometry, Mackay Medical College, New Taipei City, Taiwan., Department of Medicine, Mackay Medical College, New Taipei City, Taiwan., Department of Ophthalmology, Mackay Memorial Hospital, Taipei, Taiwan., College of Medicine, Chang Gung University, Taoyuan, Taiwan., Department of Ophthalmology, Linkou Chang Gung Memorial Hospital, Taoyuan, Taiwan., Department of Medical Research, Mackay Memorial Hospital, New Taipei City, Taiwan.	A PEDF-Derived Short Peptide Prevents Sodium Iodate-Induced Retinal Degeneration in Rats by Activating the SLC7A11/GSH/GPX4 Pathway in the RPE Cells.	J Cell Mol Med	29	14	2025	10.1111/jcmm.70693	TITLE: A PEDF-Derived Short Peptide Prevents Sodium Iodate-Induced Retinal Degeneration in Rats by Activating the SLC7A11/GSH/GPX4 Pathway in the RPE Cells. ABSTRACT: Retinal pigment epithelial (RPE) cell damage caused by oxidative stress is a key factor in the pathogenesis of dry age-related macular degeneration (AMD). 6dS peptide is derived from the neuroprotective motif of pigment epithelium-derived factor (PEDF) and has antioxidant effects. This study used the sodium iodate (SI, a chemical oxidant)-induced animal dry AMD model to investigate the 6dS-mediated antioxidant mechanism. 6dS reduced SI-induced cytotoxicity, including ferrous iron accumulation, lipid peroxidation, glutathione (GSH) depletion, and ferroptosis in ARPE-19 cells. SI injection in rats induced cell death and lipid peroxidation in the RPE layer, along with retinal atrophy and electrophysiological dysfunction, recapitulating features of dry AMD that were counteracted by 6dS eye drop treatment. Mechanistically, 6dS induced the expression of SLC7A11 (solute carrier family seven member 11) and glutathione peroxidase 4 (GPX4) to alleviate SI-induced GSH depletion and lipid peroxidation. Inhibitors targeting the PEDF receptor, SLC7A11, and GPX4 abolished the 6dS effect. Our study proposes an antioxidant mechanism through which PEDF receptor signalling links to the SLC7A11/GSH/GPX4 axis to alleviate intracellular redox imbalance. These findings suggest that 6dS eye drops may be a promising treatment for dry AMD. OTHER TERMS: AMD; PEDF; RPE; ferroptosis; peptide drug; sodium iodate
40570981	SharathBabu BN, Shivangi S, Valiyaveettil A, Annaraj B, Mugesh G	Department of Inorganic and Physical Chemistry, Indian Institute of Science, Bangalore, 560012, India. Electronic address: mugesh@iisc.ac.in., Department of Inorganic and Physical Chemistry, Indian Institute of Science, Bangalore, 560012, India.	Small molecule selenium-based glutathione peroxidase 4 mimetic inhibits lipid peroxidation and protects cultured neurons from ferroptosis.	Free Radic Biol Med	238		2025	10.1016/j.freeradbiomed.2025.06.047	TITLE: Small molecule selenium-based glutathione peroxidase 4 mimetic inhibits lipid peroxidation and protects cultured neurons from ferroptosis. ABSTRACT: Glutathione peroxidases (GPXs) are a family of selenoenzymes that protect mammalian cells from oxidative damage by catalyzing the glutathione (GSH)-dependent reduction of peroxides. Among the eight human GPX isoforms (GPX1-8), GPX4 plays a critical role in suppressing ferroptosis, an iron-dependent, non-apoptotic form of cell death driven by the accumulation of lipid hydroperoxides. Ferroptosis has been implicated in the pathogenesis of various degenerative disorders, including neurodegenerative diseases. The development of GPX4 functional mimetics represents a promising strategy to prevent ferroptosis and its associated pathologies. Here, we report the design and synthesis of Compd. 5, a selenium-based small molecule that functionally mimics GPX4 activity. Compd. 5 robustly protects neurons from ferroptosis induced by diverse metabolic stressors, including GPX4 knockdown. Notably, Compd. 5 retains its anti-ferroptotic efficacy even under GSH-deficient conditions, highlighting its potential utility in contexts of impaired cellular GSH availability. Mechanistic studies demonstrate that Compd. 5 directly reduces HpETE-PE (hydroperoxy-eicosatetraenoyl-phosphatidylethanolamine), a key phospholipid hydroperoxide that drives ferroptosis, thereby closely recapitulating the ferroptosis-suppressive function of GPX4. This study provides compelling evidence that rationally designed GPX4 functional mimetics robustly suppress ferroptosis across diverse cell types under a broad spectrum of ferroptosis-inducing conditions. Thus, Compd. 5, a synthetic selenium-based small molecule with specific GPX4-like activity, represents a new class of anti-ferroptotic agents with significant translational potential for the treatment of neurodegenerative and other ferroptosis-driven diseases. OTHER TERMS: Ebselen; Ferroptosis; GPX4; Lipid hydroperoxides; Organoselenium compounds
40451026	Luo X et al.	Department of Occupational and Environmental Health, School of Public Health, Ningxia Medical University, Yinchuan, Ningxia, PR China; Key Laboratory of Environmental Factors and Chronic Disease Control, School of Public Health, Ningxia Medical University, Yinchuan, Ningxia, PR China. Electronic address: 3196637670@qq.com., Department of Occupational and Environmental Health, School of Public Health, Ningxia Medical University, Yinchuan, Ningxia, PR China; Key Laboratory of Environmental Factors and Chronic Disease Control, School of Public Health, Ningxia Medical University, Yinchuan, Ningxia, PR China. Electronic address: 13948773051@163.com., Department of Occupational and Environmental Health, School of Public Health, Ningxia Medical University, Yinchuan, Ningxia, PR China; Key Laboratory of Environmental Factors and Chronic Disease Control, School of Public Health, Ningxia Medical University, Yinchuan, Ningxia, PR China. Electronic address: luoxiaoqi0121@163.com., Department of Occupational and Environmental Health, School of Public Health, Ningxia Medical University, Yinchuan, Ningxia, PR China; Key Laboratory of Environmental Factors and Chronic Disease Control, School of Public Health, Ningxia Medical University, Yinchuan, Ningxia, PR China. Electronic address: joyceyhf@126.com., Department of Occupational and Environmental Health, School of Public Health, Ningxia Medical University, Yinchuan, Ningxia, PR China; Key Laboratory of Environmental Factors and Chronic Disease Control, School of Public Health, Ningxia Medical University, Yinchuan, Ningxia, PR China. Electronic address: 1471043371@qq.com., Anesthesiology Department, General Hospital of Ningxia Medical University, Yinchuan, Ningxia, PR China. Electronic address: mlp13639577318@163.com., Department of Occupational and Environmental Health, School of Public Health, Ningxia Medical University, Yinchuan, Ningxia, PR China; Key Laboratory of Environmental Factors and Chronic Disease Control, School of Public Health, Ningxia Medical University, Yinchuan, Ningxia, PR China. Electronic address: zhouycnx@126.com., Department of Occupational and Environmental Health, School of Public Health, Ningxia Medical University, Yinchuan, Ningxia, PR China; Key Laboratory of Environmental Factors and Chronic Disease Control, School of Public Health, Ningxia Medical University, Yinchuan, Ningxia, PR China. Electronic address: 2273403301@qq.com.	BECN1 regulates ferroptosis induced by 2,4-dichlorophenoxyacetic acid in SH-SY5Y cells.	Ecotoxicol Environ Saf	300		2025	10.1016/j.ecoenv.2025.118427	TITLE: BECN1 regulates ferroptosis induced by 2,4-dichlorophenoxyacetic acid in SH-SY5Y cells. ABSTRACT: 2,4-Dichlorophenoxyacetic acid (2,4-D), the most widely used herbicide globally, has raised considerable concern due to its harmful effects on organisms. Exposure to 2,4-D induces ferroptosis, a form of programmed cell death driven by oxidative stress. BECN1, a key autophagy protein, is linked to ferroptosis. This study examined ferroptosis mediated by the Xc[－]/GSH/GPX4 axis in 2,4-D-induced neurotoxicity using SH-SY5Y cells. These cells were treated with 0, 400, 800, or 1600 μmol/L 2,4-D, both with and without ferrostatin-1 (1.0 μmol/L) or BECN1-siRNA (100 pmol/μL). The results demonstrated that 2,4-D exposure increased malondialdehyde (MDA) and reactive oxygen species (ROS) levels while simultaneously decreasing superoxide dismutase (SOD) and glutathione (GSH) levels. Transmission electron microscopy (TEM) showed ferroptosis, elevated levels of ferrous ion (Fe[2+]) solute carrier family 7 member 11 (SLC7A11), and glutathione peroxidase 4 (GPX4), along with decreased ferritin protein and mRNA levels and increased transferrin receptor 1 (TFR1) protein and mRNA levels). The Ferrostatin-1 + 2,4-D group reduced intracellular MDA and ROS levels and increased SOD and GSH levels. In contrast, the siRNA-BECN1 + 2,4-D group exhibited attenuated oxidative damage, decreased Fe[2+] ion content, and increased levels of SLC7A11, GPX4, and ferritin. TEM also showed reduced ferroptosis in the Ferrostatin-1 + 2,4-D group. In conclusion, 2,4-D induces oxidative stress and ferroptosis. Ferroptosis inhibitor ferrostatin-1 and siRNA transfection, which inhibit BECN1 expression, could alleviate 2, 4-D-induced oxidative stress and mitigate the ferroptosis phenomenon, thus playing a neuroprotective role. Our results provide a basis for the future development of preventive and therapeutic strategies against neurotoxicity caused by 2,4-D exposure. OTHER TERMS: 2,4-D; BECN1; Ferroptosis; Oxidative stress; SH-SY5Y; siRNA
40136245	Zeng Y et al.	Department of Anesthesioly, The Affiliated Cancer Hospital of Xiangya School of Medicine, Central South University/Hunan Cancer Hospital, Changsha 410083, P. R. China., Laboratory of Chemical Biology &amp; Traditional Chinese Medicine Research (Ministry of Education), College of Chemistry and Chemical Engineering, Hunan Normal University, Changsha 410081, P. R. China., Henan Key Laboratory of Organic Functional Molecule and Drug Innovation, Collaborative Innovation Center of Henan Province for Green Manufacturing of Fine Chemicals, Key Laboratory of Green Chemical Media and Reactions, Ministry of Education, School of Chemistry and Chemical Engineering, Henan Normal University, Xinxiang 453007, P. R. China., State Key Laboratory of Chemo/Biosensing and Chemometrics, College of Chemistry and Chemical Engineering, Hunan University, Changsha 410082, P. R. China.	Tumor Microenvironment-Responsive Lipid Peroxidation Amplifier: Harnessing Ferroptosis Resistance to Devastate the Ferroptosis Defense System.	Anal Chem	97	13	2025	10.1021/acs.analchem.4c06892	TITLE: Tumor Microenvironment-Responsive Lipid Peroxidation Amplifier: Harnessing Ferroptosis Resistance to Devastate the Ferroptosis Defense System. ABSTRACT: Amplification of lipid peroxidation with tumor specificity represents a new avenue to boost ferroptosis-mediated anticancer therapeutics but remains challenging. Herein, we proposed a metal-phenolic-network (MPN)-coated nanohybrid as a tumor microenvironment-responsive lipid peroxidation amplifier, consisting of reactive oxygen species generator MPN, glutathione (GSH) scavenger GSH-P, and glutathione peroxidase 4 (GPX4) mRNA gene silencing sequence. The protective MPN shell of this amplifier can be specifically disintegrated by acidic and adenosine triphosphate (ATP)-rich tumor microenvironments to induce oxidative stress through the dual disruption of redox homeostasis (Fenton-catalytic reactive oxygen species accumulation and GSH depletion). Furthermore, the oxidative stress-induced upregulation of ferroptosis resistance-related apurinic/apyrimidinic endonuclease 1 (APE1) is further ingeniously employed as an amplification element to prompt the release of apurinic/apyrimidinic (AP) site-embedded GPX4 mRNA gene silencing sequence which can downregulate the GPX4 level. Based on tandem depletion of the GSH substrate and gene silencing of GPX4, the ferroptosis defense system of GPX4/GSH can be heavily devastated to enable amplification of lipid peroxidation for effectively and specifically improving ferroptosis efficiency. We expect this strategy can be further expanded to other important regulatory proteins and provide a mechanism study for ferroptosis-mediated therapy. OTHER TERMS: 
39700767	Yu FF et al.	Department of Environmental Health, School of Public Health, Zhengzhou University, Zhengzhou, Henan 450001, PR China. Electronic address: byyue@zzu.edu.cn., Department of Environmental Health, School of Public Health, Zhengzhou University, Zhengzhou, Henan 450001, PR China. Electronic address: yufangfang@zzu.edu.cn., Department of Environmental Health, School of Public Health, Zhengzhou University, Zhengzhou, Henan 450001, PR China; Department of Medical Technology, Zhengzhou Shuqing Medical College, Zhengzhou, Henan 450064, PR China. Electronic address: zuojuan719920@163.com., Department of Environmental Health, School of Public Health, Zhengzhou University, Zhengzhou, Henan 450001, PR China. Electronic address: zhouguoyu@zzu.edu.cn., Department of Environmental Health, School of Public Health, Zhengzhou University, Zhengzhou, Henan 450001, PR China. Electronic address: ysy599926@163.com., Department of Environmental Health, School of Public Health, Zhengzhou University, Zhengzhou, Henan 450001, PR China. Electronic address: dzc0609@163.com., Institute of Endemic Diseases, School of Public Health of Health Science Center, Xi'an, Jiaotong University, Key Laboratory of Trace Elements and Endemic Diseases, National Health and Family Planning Commission, Xi'an 710061, PR China. Electronic address: fzhxjtu@xjtu.edu.cn., Department of Environmental Health, School of Public Health, Zhengzhou University, Zhengzhou, Henan 450001, PR China. Electronic address: lqian0103@163.com., Institute of Endemic Diseases, School of Public Health of Health Science Center, Xi'an, Jiaotong University, Key Laboratory of Trace Elements and Endemic Diseases, National Health and Family Planning Commission, Xi'an 710061, PR China. Electronic address: guox@mail.xjtu.edu.cn., Department of Environmental Health, School of Public Health, Zhengzhou University, Zhengzhou, Henan 450001, PR China. Electronic address: wangyanjie@zzu.edu.cn., Department of Environmental Health, School of Public Health, Zhengzhou University, Zhengzhou, Henan 450001, PR China. Electronic address: Wangmiao_9842@163.com., Department of Environmental Health, School of Public Health, Zhengzhou University, Zhengzhou, Henan 450001, PR China. Electronic address: shatongtong0802@163.com., Department of Environmental Health, School of Public Health, Zhengzhou University, Zhengzhou, Henan 450001, PR China. Electronic address: lkt1307@163.com.	Selenomethionine alleviates T-2 toxin-induced articular chondrocyte ferroptosis via the system Xc[-]/GSH/GPX4 axis.	Ecotoxicol Environ Saf	290		2025	10.1016/j.ecoenv.2024.117569	TITLE: Selenomethionine alleviates T-2 toxin-induced articular chondrocyte ferroptosis via the system Xc[-]/GSH/GPX4 axis. ABSTRACT: T-2 toxin can induce bone and cartilage development disorder, and oxidative stress plays an important role in it. It is well known that selenomethionine (Se-Met) has antioxidative stress properties and promotes the repair of cartilage lesion, but it remains unclear whether Se-Met can relieve damaged cartilage exposure to T-2 toxin. Here, the oxidative stress and ferroptosis of chondrocytes exposure to T-2 toxin were observed. Mechanistically, T-2 toxin increased ROS, lipid ROS, MDA and Fe[2+] contents in chondrocytes, decreased GSH and GPX4 activity, and inhibited the system Xc[-]/GSH/GPX4 antioxidant axis. In addition, the mitochondria of chondrocytes shrunk and the mitochondrial crest decreased or disappeared. However, Fer-1 (Ferrostatin-1) inhibited ferroptosis induced by T-2 toxin in chondrocytes. The Se-Met alleviated lipid peroxidation, oxidative stress, and damaged mitochondrial in T-2 toxin-infected chondrocytes, enhanced antioxidant enzyme activity, and activated the system Xc[-]/GSH/GPX4 axis, thereby antagonizing ferroptosis of chondrocytes and alleviating articular cartilage damage. In conclusion, our findings highlight the essentiality of ferroptosis in chondrocyte caused by T-2 toxin, elucidate how Se-Met offers protection against this injury and provide research evidence for the drug treatment target of Kashin-Beck disease. OTHER TERMS: Damaged cartilage; Ferroptosis; Se-met; T-2 toxin
39287745	Chen K et al.	Center for Brain Science and Brain-Inspired Intelligence, Guangdong-Hong Kong-Macao Greater Bay Area, Guangzhou, 510515, China., NMPA Key Laboratory for Research and Evaluation of Drug Metabolism &amp; Guangdong Provincial Key Laboratory of New Drug Screening, School of Pharmaceutical Sciences, Southern Medical University, Guangzhou, 510515, China. wht821@smu.edu.cn., NMPA Key Laboratory for Research and Evaluation of Drug Metabolism &amp; Guangdong Provincial Key Laboratory of New Drug Screening, School of Pharmaceutical Sciences, Southern Medical University, Guangzhou, 510515, China., Key Laboratory of Mental Health of the Ministry of Education, Southern Medical University, Guangzhou, 510515, China.	Inhibition of Phosphodiesterase 4 Suppresses Neuronal Ferroptosis After Cerebral Ischemia/Reperfusion.	Mol Neurobiol	62	3	2025	10.1007/s12035-024-04495-9	TITLE: Inhibition of Phosphodiesterase 4 Suppresses Neuronal Ferroptosis After Cerebral Ischemia/Reperfusion. ABSTRACT: We have previously shown that inhibition of phosphodiesterase 4 (PDE4) protects against cerebral ischemia/reperfusion injury. However, it remains unclear whether and how PDE4 affects ferroptosis under cerebral ischemia/reperfusion conditions. In this study, we found that overexpression of PDE4B in HT-22 cells exacerbated the detrimental effects of oxygen-glucose deprivation/reoxygenation (OGD/R), including a decrease in cell viability and glutathione (GSH) levels and an increase in Fe[2+] content. PDE4B knockdown mitigated the effects of OGD/R, as evidenced by decreased oxidative stress, lactate dehydrogenase (LDH) release, Fe[2+] content, and nuclear receptor coactivator 4 (NCOA4) expression. PDE4B knockdown also enhanced the levels of GSH, ferroportin (FPN), and ferritin heavy chain 1 (FTH1). Consistently, inhibition of PDE4 by roflumilast (Roflu) produced similar effects as PDE4B knockdown. Roflu also ameliorated the morphology and membrane potential of the mitochondria. Glutathione peroxidase 4 (GPX4) knockdown blocked the effects of Roflu on cell viability and lipid peroxidation. Moreover, we found that nuclear factor erythroid 2-related factor 2 (Nrf-2) knockdown decreased GPX4 expression. In addition, Nrf-2 knockdown led to enhanced lipid peroxidation, LDH release, and iron levels, while the GSH and FPN levels decreased. More crucially, PDE4 inhibition decreased infarct volume, alleviated oxidative stress, and restored the expression levels of ferroptosis-associated proteins in middle cerebral artery occlusion/reperfusion (MCAO/R) rats. Interestingly, the GPX4 inhibitor RSL3 blocked the neuroprotective effects of Roflu in rats subjected to MCAO/R. Thus, PDE4 inhibition significantly inhibits neuronal ferroptosis by activating the Nrf-2/GPX4 pathway. These data indicate the existence of a novel mechanism underlying the neuroprotective effects of PDE4 inhibition. OTHER TERMS: Cerebral Ischemia; Ferroptosis; Iron; Nrf-2; Oxidative Stress; PDE4
39276841	Huang H et al.	Department of Otolaryngology-Head and Neck Surgery, Xiangya Hospital, Central South University, Changsha, Hunan, China; Otolaryngology Major Disease Research Key Laboratory of Hunan Province, Changsha, Hunan, China; Clinical Research Center for Pharyngolaryngeal Diseases and Voice Disorders in Hunan Province, Changsha, Hunan, China; National Clinical Research Center for Geriatric Disorders (Xiangya Hospital), 87 Xiangya Road, Changsha, Hunan, China. Electronic address: xwwu840903@hotmail.com., Department of Otolaryngology-Head and Neck Surgery, Xiangya Hospital, Central South University, Changsha, Hunan, China; Department of Otolaryngology-Head and Neck Surgery, Hearing and Balance Medical Engineering Technology Center of Guangdong, The First People's Hospital of Foshan, Foshan, Guangdong, China., Department of Otolaryngology-Head and Neck Surgery, Xiangya Hospital, Central South University, Changsha, Hunan, China; Otolaryngology Major Disease Research Key Laboratory of Hunan Province, Changsha, Hunan, China; Clinical Research Center for Pharyngolaryngeal Diseases and Voice Disorders in Hunan Province, Changsha, Hunan, China; National Clinical Research Center for Geriatric Disorders (Xiangya Hospital), 87 Xiangya Road, Changsha, Hunan, China.	Ferroptosis contributes to lead-induced cochlear spiral ganglion neurons injury.	Toxicology	509		2024	10.1016/j.tox.2024.153938	TITLE: Ferroptosis contributes to lead-induced cochlear spiral ganglion neurons injury. ABSTRACT: The underlying mechanisms of lead exposure-induced cochlear spiral ganglion neurons (SGNs) injury are not yet clear. This study explored whether ferroptosis is involved in lead-induced SGNs injury and investigated the mechanism of lead-induced iron overload in SGNs. A primary culture cell model of lead acetate-induced SGNs damage was established. The changes in levels of iron ions, reactive oxygen species, lipid peroxides, and glutathione in SGNs were measured after lead acetate intervention and ferroptosis inhibitors pre-treatment. The morphology of mitochondria was also observed, and the expression of ferroptosis marker genes glutathione peroxidase 4 (GPX4) and solute carrier family 7 member 11 (SLC7A11), as well as iron metabolism-related proteins transferrin receptor protein 1 (TFR1), nuclear receptor coactivator 4 (NCOA4), heme oxygenase-1 (HO-1), and ferroportin (FPN) were detected. Results showed that lead acetate exposure induced SGNs injury in a time- and dose-dependent manner. Intracellular iron accumulation, increased levels of reactive oxygen species and lipid peroxide with decreased level of antioxidant capacity were occurred in SGNs after lead exposure. Meanwhile, decreased expressions of GPX4 and SLC7A11 and increased expressions of iron metabolism-related proteins (TFR1, NCOA4, and HO-1) were also found. Lead acetate intervention also caused mitochondrial shrinkage with blurred and fragmented morphology. Pre-treatment with ferroptosis inhibitors (Fer-1 and DFOM) significantly ameliorated lead-induced SGNs injury. In summary, lead exposure can induce ferroptosis in SGNs, the antioxidant defense system and iron metabolism disorder are involved in lead-induced SGNs ferroptosis. Thus, inhibiting ferroptosis may be a new strategy for preventing and treating lead exposure-related hearing loss. OTHER TERMS: Ferroptosis; Hearing loss; Iron metabolism; Lead exposure; Spiral ganglion neurons
39212400	Peng AJ et al.	School of Integrated Chinese and Western Medicine, Hunan University of Chinese Medicine, Changsha, Hunan 410208, China., The First Clinical School of Chinese Medicine, Hunan University of Chinese Medicine, Changsha, Hunan 410007, China., The Second Affiliated Hospital of Hunan University of Chinese Medicine, Changsha, Hunan 410005, China., The First Affiliated Hospital of Hunan University of Chinese Medicine, Changsha, Hunan 410007, China.	[Effect of Xiongcan Yishen Formula on ferroptosis in mouse TM3 Leydig cells after oxidative stress injury].	Zhonghua Nan Ke Xue	30	7	2024		TITLE: [Effect of Xiongcan Yishen Formula on ferroptosis in mouse TM3 Leydig cells after oxidative stress injury]. ABSTRACT: To investigate the effects of Xiongcan Yishen Formula (XYF) on ferroptosis in mouse TM3 Leydig cells after oxidative stress injury (OSI) induced by H2O2. Methods: An oxidative stress injury model was established in mouse TM3 Leydig cells using H2O2 induction. The modeled TM3 cells were randomly divided into OSI group, XYF group, the ferroptosis inhibitor Ferrostatin-1 (F-1) group, and F-1+XYF group, which were respectively intervened with blank serum, 20% drug-containing serum, 2μmol/L F-1, and 2μmol/L F-1+ 20% drug-containing serum. A control group (normal TM3 cells + blank serum) was also set up. The morphology of cells in each group was observed, and the levels of testosterone, superoxide dismutase (SOD), reactive oxygen species (ROS), malondialdehyde (MDA), ferritin heavy chain 1 (FTH1), solute carrier family 7 member 11 (SLC7A11), glutathione (GSH), glutathione peroxidase 4 (GPX4), fatty acid CoA ligase 4 (FACL4), total iron ions, and ferrous ions were detected. Compared with the model group, the control group showed significantly decreased expression of ROS, MDA, FACL4, total iron, and ferrous ions (P&lt;0.05), and significantly increased levels of testosterone, SOD, GSH, FTH1, SLC7A11, and GPX4 (P&lt;0.05). The male silkworm kidney-tonifying formula group significantly promoted testosterone secretion by TM3 cells and upregulated the expression of FTH1, SLC7A11, GPX4, GSH, and SOD in TM3 cells (P&lt;0.05), while significantly downregulating ROS, MDA, FACL4, total iron ions, and ferrous ions (P&lt;0.05). Following H2O2 exposure, oxidative stress can induce ferroptosis in mouse TM3 Leydig cells. XYF can antagonize OSI and ferroptosis in TM3 cells by activating the SLC7A11/GSH/GPX4 axis, which may underlie the mechanism of XYF in the treatment of male late-onset hypogonadism. OTHER TERMS: 
38581191	Ni X et al.	College of Veterinary Medicine, Xinjiang Agricultural University, Urumqi, China., Innovation Center for Traditional Chinese Veterinary Medicine, College of Veterinary Medicine, China Agricultural University, Beijing, China.	Isobavachalcone induces hepatotoxicity in zebrafish embryos and HepG2 cells via the System Xc[-]-GSH-GPX4 signaling pathway in ferroptosis response.	J Appl Toxicol	44	8	2024	10.1002/jat.4607	TITLE: Isobavachalcone induces hepatotoxicity in zebrafish embryos and HepG2 cells via the System Xc[-]-GSH-GPX4 signaling pathway in ferroptosis response. ABSTRACT: Isobavachalcone (IBC) is a flavonoid component of the traditional Chinese medicine Psoraleae Fructus, with a range of pharmacological properties. However, IBC causes some hepatotoxicity, and the mechanism of toxicity is unclear. The purpose of this paper was to investigate the possible mechanism of toxicity of IBC on HepG2 cells and zebrafish embryos. The results showed that exposure to IBC increased zebrafish embryo mortality and decreased hatchability. Meanwhile, IBC induced liver injury and increased expression of ALT and AST activity. Further studies showed that IBC caused the increase of ROS and MDA the decrease of CAT, GSH, and GSH-Px; the increase of Fe[2+] content; and the changes of ferroptosis related genes (acsl4, gpx4, and xct) and iron storage related genes (tf, fth, and fpn) in zebrafish embryos. Through in vitro verification, it was found that IBC also caused oxidative stress and increased Fe[2+] content in HepG2 cells. IBC caused depolarization of mitochondrial membrane potential (MMP) and reduction of mitochondrial ATP, as well as altered expression of ACSl4, SLC7A11, GPX4, and FTH1 proteins. Treatment of HepG2 cells with ferrostatin-1 could reverse the effect of IBC. Targeting the System Xc[-]-GSH-GPX4 pathway of ferroptosis and preventing oxidative stress damage might offer a theoretical foundation for practical therapy and prevention of IBC-induced hepatotoxicity. OTHER TERMS: HepG2 cell; ferroptosis; hepatotoxicity; isobavachalcone; zebrafish embryo
