entity	category	node_weight	occurrence	repGM	repGT
FN1	GENE	0.0333333333333333	1	3.3333333333333335	3.3333333333333335
HIF1A	GENE	0.0333333333333333	1	3.3333333333333335	3.3333333333333335
MMRN1	GENE	0.0333333333333333	1	3.3333333333333335	3.3333333333333335
