entity	category	node_weight	occurrence	repGM	repGT
TICAM1	GENE	0.037037037037037	1	4.0	6.666666666666667
TLR4	GENE	0.074074074074074	2	4.0	6.666666666666667
TRIM69	GENE	0.037037037037037	1	4.0	6.666666666666667
