entity	category	node_weight	occurrence	repGM	repGT
ASAH2	GENE	0.037037037037037	1	1.3526570048309177	5.555555555555555
HMOX1	GENE	0.037037037037037	1	1.3526570048309177	5.555555555555555
SOCS5	GENE	0.0111111111111111	1	1.3526570048309177	5.555555555555555
TF	GENE	0.037037037037037	1	1.3526570048309177	5.555555555555555
IL4	GENE	0.0222222222222222	2	1.3526570048309177	5.555555555555555
BIRC5	GENE	0.0111111111111111	1	1.3526570048309177	5.555555555555555
TP53	GENE	0.0444444444444444	4	1.3526570048309177	5.555555555555555
