entity	category	node_weight	occurrence	repGM	repGT
STING1	GENE	0.0277777777777777	1	2.7777777777777777	2.7777777777777777
KDM8	GENE	0.0277777777777777	1	2.7777777777777777	2.7777777777777777
