entity	category	node_weight	occurrence	repGM	repGT
NLRP3	GENE	0.0333333333333333	1	3.3333333333333335	3.3333333333333335
FTH1	GENE	0.0333333333333333	1	3.3333333333333335	3.3333333333333335
NOX4	GENE	0.0333333333333333	1	3.3333333333333335	3.3333333333333335
HMGB1	GENE	0.0333333333333333	1	3.3333333333333335	3.3333333333333335
