entity	category	node_weight	occurrence	repGM	repGT
TICAM1	GENE	0.037037037037037	1	1.4285714285714286	3.3333333333333335
TLR4	GENE	0.074074074074074	2	1.4285714285714286	3.3333333333333335
TRIM69	GENE	0.037037037037037	1	1.4285714285714286	3.3333333333333335
