entity	category	node_weight	occurrence	repGM	repGT
PDCD1	GENE	0.1333333333333333	4	5.333333333333334	13.333333333333334
CD36	GENE	0.0333333333333333	1	5.333333333333334	13.333333333333334
