entity	category	node_weight	occurrence	repGM	repGT
TP53	GENE	0.0833333333333333	3	4.301075268817205	16.666666666666664
HMOX1	GENE	0.1111111111111111	4	4.301075268817205	16.666666666666664
TF	GENE	0.0277777777777777	1	4.301075268817205	16.666666666666664
ASAH2	GENE	0.0277777777777777	1	4.301075268817205	16.666666666666664
