entity	category	node_weight	occurrence	repGM	repGT
NOX4	GENE	0.0111111111111111	1	1.1111111111111112	1.1111111111111112
FTH1	GENE	0.0111111111111111	1	1.1111111111111112	1.1111111111111112
NLRP3	GENE	0.0111111111111111	1	1.1111111111111112	1.1111111111111112
HMGB1	GENE	0.0111111111111111	1	1.1111111111111112	1.1111111111111112
