entity	category	node_weight	occurrence	repGM	repGT
KDM8	GENE	0.0333333333333333	1	3.3333333333333335	3.3333333333333335
STING1	GENE	0.0333333333333333	1	3.3333333333333335	3.3333333333333335
