entity	category	node_weight	occurrence	repGM	repGT
HSPB1	GENE	0.0333333333333333	1	3.3333333333333335	3.3333333333333335
SLC40A1	GENE	0.0333333333333333	1	3.3333333333333335	3.3333333333333335
CD44	GENE	0.0333333333333333	1	3.3333333333333335	3.3333333333333335
