entity	category	node_weight	occurrence	repGM	repGT
ABCC3	GENE	0.0277777777777777	1	2.7777777777777777	2.7777777777777777
ESR1	GENE	0.0277777777777777	1	2.7777777777777777	2.7777777777777777
ABCC1	GENE	0.0277777777777777	1	2.7777777777777777	2.7777777777777777
