entity	category	node_weight	occurrence	repGM	repGT
AIFM2	GENE	0.0333333333333333	1	3.3333333333333335	3.3333333333333335
ATL1	GENE	0.0333333333333333	1	3.3333333333333335	3.3333333333333335
S100A4	GENE	0.0333333333333333	1	3.3333333333333335	3.3333333333333335
ACSL4	GENE	0.0333333333333333	1	3.3333333333333335	3.3333333333333335
