entity	category	node_weight	occurrence	repGM	repGT
HMOX1	GENE	0.0333333333333333	1	4.0	10.0
TP53	GENE	0.1	3	4.0	10.0
TF	GENE	0.0333333333333333	1	4.0	10.0
ASAH2	GENE	0.0333333333333333	1	4.0	10.0
