entity	category	node_weight	occurrence	repGM	repGT
CXCR4	GENE	0.0333333333333333	1	3.5294117647058822	6.666666666666667
SMAD3	GENE	0.037037037037037	1	3.5294117647058822	6.666666666666667
JAK2	GENE	0.037037037037037	1	3.5294117647058822	6.666666666666667
TGFB1	GENE	0.0666666666666666	2	3.5294117647058822	6.666666666666667
HLF	GENE	0.037037037037037	1	3.5294117647058822	6.666666666666667
GGT1	GENE	0.037037037037037	1	3.5294117647058822	6.666666666666667
STAT3	GENE	0.037037037037037	1	3.5294117647058822	6.666666666666667
IL6	GENE	0.037037037037037	1	3.5294117647058822	6.666666666666667
CXCL12	GENE	0.0333333333333333	1	3.5294117647058822	6.666666666666667
