entity	category	node_weight	occurrence	repGM	repGT
HLF	GENE	0.037037037037037	1	1.858407079646018	13.333333333333334
STAT3	GENE	0.037037037037037	1	1.858407079646018	13.333333333333334
IL6	GENE	0.037037037037037	1	1.858407079646018	13.333333333333334
JAK2	GENE	0.037037037037037	1	1.858407079646018	13.333333333333334
GGT1	GENE	0.037037037037037	1	1.858407079646018	13.333333333333334
TGFB1	GENE	0.037037037037037	1	1.858407079646018	13.333333333333334
