entity	category	node_weight	occurrence	repGM	repGT
MMRN1	GENE	0.037037037037037	1	1.4814814814814816	4.444444444444445
FN1	GENE	0.037037037037037	1	1.4814814814814816	4.444444444444445
HIF1A	GENE	0.037037037037037	1	1.4814814814814816	4.444444444444445
