entity	category	node_weight	occurrence	repGM	repGT
TLR4	GENE	0.0555555555555555	2	2.991452991452991	5.555555555555555
NOX4	GENE	0.0277777777777777	1	2.991452991452991	5.555555555555555
FTH1	GENE	0.0277777777777777	1	2.991452991452991	5.555555555555555
HMGB1	GENE	0.0277777777777777	1	2.991452991452991	5.555555555555555
TICAM1	GENE	0.0277777777777777	1	2.991452991452991	5.555555555555555
NLRP3	GENE	0.0277777777777777	1	2.991452991452991	5.555555555555555
TRIM69	GENE	0.0277777777777777	1	2.991452991452991	5.555555555555555
