entity	category	node_weight	occurrence	repGM	repGT
SLC40A1	GENE	0.0277777777777777	1	2.7777777777777777	2.7777777777777777
HSPB1	GENE	0.0277777777777777	1	2.7777777777777777	2.7777777777777777
CD44	GENE	0.0277777777777777	1	2.7777777777777777	2.7777777777777777
