entity	category	node_weight	occurrence	repGM	repGT
STAT3	GENE	0.0277777777777777	1	2.7777777777777777	2.7777777777777777
GGT1	GENE	0.0277777777777777	1	2.7777777777777777	2.7777777777777777
HLF	GENE	0.0277777777777777	1	2.7777777777777777	2.7777777777777777
JAK2	GENE	0.0277777777777777	1	2.7777777777777777	2.7777777777777777
IL6	GENE	0.0277777777777777	1	2.7777777777777777	2.7777777777777777
TGFB1	GENE	0.0277777777777777	1	2.7777777777777777	2.7777777777777777
