entity	category	node_weight	occurrence	repGM	repGT
BDKRB2	GENE	0.0277777777777777	1	5.092592592592593	30.555555555555557
GPX4	GENE	0.3055555555555556	11	5.092592592592593	30.555555555555557
