entity	category	node_weight	occurrence	repGM	repGT
CD44	GENE	0.037037037037037	1	1.1111111111111112	1.1111111111111112
HSPB1	GENE	0.037037037037037	1	1.1111111111111112	1.1111111111111112
SLC40A1	GENE	0.037037037037037	1	1.1111111111111112	1.1111111111111112
