entity	category	node_weight	occurrence	repGM	repGT
ATM	GENE	0.0333333333333333	1	5.714285714285714	26.666666666666668
SLC3A2	GENE	0.0333333333333333	1	5.714285714285714	26.666666666666668
CD8A	GENE	0.185185185185185	5	5.714285714285714	26.666666666666668
SLC9A1	GENE	0.0666666666666666	2	5.714285714285714	26.666666666666668
SLC7A11	GENE	0.1333333333333333	4	5.714285714285714	26.666666666666668
