entity	category	node_weight	occurrence	repGM	repGT
TF	GENE	0.0303030303030303	1	3.5650623885918007	12.121212121212121
HMOX1	GENE	0.0303030303030303	1	3.5650623885918007	12.121212121212121
TP53	GENE	0.1212121212121212	4	3.5650623885918007	12.121212121212121
TLR3	GENE	0.0303030303030303	1	3.5650623885918007	12.121212121212121
ASAH2	GENE	0.0303030303030303	1	3.5650623885918007	12.121212121212121
