entity	category	node_weight	occurrence	repGM	repGT
NOX4	GENE	0.0303030303030303	1	3.0303030303030303	3.0303030303030303
HMGB1	GENE	0.0303030303030303	1	3.0303030303030303	3.0303030303030303
FTH1	GENE	0.0303030303030303	1	3.0303030303030303	3.0303030303030303
NLRP3	GENE	0.0303030303030303	1	3.0303030303030303	3.0303030303030303
