entity	category	node_weight	occurrence	repGM	repGT
ATG5	GENE	0.075	3	2.830188679245283	10.0
IL23A	GENE	0.025	1	2.830188679245283	10.0
ESR2	GENE	0.025	1	2.830188679245283	10.0
RHEB	GENE	0.025	1	2.830188679245283	10.0
ABCC1	GENE	0.025	1	2.830188679245283	10.0
ABCC3	GENE	0.025	1	2.830188679245283	10.0
ESR1	GENE	0.05	2	2.830188679245283	10.0
GPER1	GENE	0.025	1	2.830188679245283	10.0
TNF	GENE	0.025	1	2.830188679245283	10.0
IL17A	GENE	0.025	1	2.830188679245283	10.0
