entity	category	node_weight	occurrence	repGM	repGT
TP53	GENE	0.075	3	3.8709677419354835	15.0
ASAH2	GENE	0.025	1	3.8709677419354835	15.0
HMOX1	GENE	0.1	4	3.8709677419354835	15.0
TF	GENE	0.025	1	3.8709677419354835	15.0
