entity	category	node_weight	occurrence	repGM	repGT
GPX4	GENE	0.3333333333333333	11	5.555555555555555	33.33333333333333
BDKRB2	GENE	0.0303030303030303	1	5.555555555555555	33.33333333333333
