kw1	kw2	pg	crit_p	edge_weight	inv_edge_weight	R1C1	iteration
GPX4	BDKRB2	0.0044424230499174	0.0079092867730835	0.3333333333333333	0.4958512302152029	1	2
