kw1	kw2	pg	crit_p	edge_weight	inv_edge_weight	R1C1	iteration
KDM8	STING1	9.56594982264303e-05	0.0002835995355458	0.037037037037037	0.494266872423146	1	0
