entity	category	node_weight	occurrence	repGM	repGT
SLC7A11	GENE	0.1212121212121212	4	5.237560793116349	27.27272727272727
ATM	GENE	0.0303030303030303	1	5.237560793116349	27.27272727272727
SLC3A2	GENE	0.0303030303030303	1	5.237560793116349	27.27272727272727
SLC9A1	GENE	0.0606060606060606	2	5.237560793116349	27.27272727272727
CD8A	GENE	0.2	6	5.237560793116349	27.27272727272727
