kw1	kw2	pg	crit_p	edge_weight	inv_edge_weight	R1C1	iteration
STING1	KDM8	9.16792601129979e-05	0.000269962875447	0.037037037037037	0.493907099155766	1	0
