entity	category	node_weight	occurrence	repGM	repGT
HSPB1	GENE	0.0303030303030303	1	3.0303030303030303	3.0303030303030303
CD44	GENE	0.0303030303030303	1	3.0303030303030303	3.0303030303030303
SLC40A1	GENE	0.0303030303030303	1	3.0303030303030303	3.0303030303030303
