entity	category	node_weight	occurrence	repGM	repGT
NOX4	GENE	0.025	1	2.692307692307692	5.0
TRIM69	GENE	0.0277777777777777	1	2.692307692307692	5.0
TICAM1	GENE	0.0277777777777777	1	2.692307692307692	5.0
TLR4	GENE	0.0555555555555555	2	2.692307692307692	5.0
NLRP3	GENE	0.025	1	2.692307692307692	5.0
HMGB1	GENE	0.025	1	2.692307692307692	5.0
FTH1	GENE	0.025	1	2.692307692307692	5.0
