entity	category	node_weight	occurrence	repGM	repGT
STING1	GENE	0.0303030303030303	1	3.0303030303030303	3.0303030303030303
KDM8	GENE	0.0303030303030303	1	3.0303030303030303	3.0303030303030303
