entity	category	node_weight	occurrence	repGM	repGT
BDKRB2	GENE	0.0277777777777777	1	4.583333333333334	27.500000000000004
GPX4	GENE	0.275	11	4.583333333333334	27.500000000000004
