entity	category	node_weight	occurrence	repGM	repGT
GGT1	GENE	0.025	1	2.666666666666667	5.0
CXCL12	GENE	0.025	1	2.666666666666667	5.0
STAT3	GENE	0.025	1	2.666666666666667	5.0
TGFB1	GENE	0.05	2	2.666666666666667	5.0
IL6	GENE	0.025	1	2.666666666666667	5.0
CXCR4	GENE	0.025	1	2.666666666666667	5.0
HLF	GENE	0.025	1	2.666666666666667	5.0
JAK2	GENE	0.025	1	2.666666666666667	5.0
