kw1	kw2	pg	crit_p	edge_weight	inv_edge_weight	R1C1	iteration
BDKRB2	GPX4	0.0012241965488805	0.0026141326653898	0.305555555555555	0.521882246134306	1	1
