entity	category	node_weight	occurrence	repGM	repGT
IL6	GENE	0.037037037037037	1	3.20855614973262	6.0606060606060606
TGFB1	GENE	0.0666666666666666	2	3.20855614973262	6.0606060606060606
SMAD3	GENE	0.037037037037037	1	3.20855614973262	6.0606060606060606
STAT3	GENE	0.037037037037037	1	3.20855614973262	6.0606060606060606
CXCR4	GENE	0.0303030303030303	1	3.20855614973262	6.0606060606060606
GGT1	GENE	0.037037037037037	1	3.20855614973262	6.0606060606060606
JAK2	GENE	0.037037037037037	1	3.20855614973262	6.0606060606060606
HLF	GENE	0.037037037037037	1	3.20855614973262	6.0606060606060606
CXCL12	GENE	0.0303030303030303	1	3.20855614973262	6.0606060606060606
