entity	category	node_weight	occurrence	repGM	repGT
CCL3	GENE	0.0303030303030303	1	3.0303030303030303	3.0303030303030303
MAPK3	GENE	0.0303030303030303	1	3.0303030303030303	3.0303030303030303
AKT1	GENE	0.0303030303030303	1	3.0303030303030303	3.0303030303030303
