entity	category	node_weight	occurrence	repGM	repGT
MMRN1	GENE	0.0333333333333333	1	3.0303030303030303	3.0303030303030303
FN1	GENE	0.0333333333333333	1	3.0303030303030303	3.0303030303030303
HIF1A	GENE	0.0333333333333333	1	3.0303030303030303	3.0303030303030303
