entity	category	node_weight	occurrence	repGM	repGT
AIFM2	GENE	0.0303030303030303	1	3.0303030303030303	3.0303030303030303
ATL1	GENE	0.0303030303030303	1	3.0303030303030303	3.0303030303030303
ACSL4	GENE	0.0303030303030303	1	3.0303030303030303	3.0303030303030303
S100A4	GENE	0.0303030303030303	1	3.0303030303030303	3.0303030303030303
