entity	category	node_weight	occurrence	repGM	repGT
PDCD1	GENE	0.1212121212121212	4	4.848484848484849	12.121212121212121
CD36	GENE	0.0303030303030303	1	4.848484848484849	12.121212121212121
