entity	category	node_weight	occurrence	repGM	repGT
TICAM1	GENE	0.037037037037037	1	3.6363636363636362	6.0606060606060606
TLR4	GENE	0.074074074074074	2	3.6363636363636362	6.0606060606060606
TRIM69	GENE	0.037037037037037	1	3.6363636363636362	6.0606060606060606
