entity	category	node_weight	occurrence	btw_cnt	cls_cnt	strength	qscore	Knode	ranking	repGM	repGT
IL13	GENE	0.0084745762711864	1	0.0	0.451505855838215	4.63848421942697	0.27237496992186	8.87615867304614	247	0.9685230024213075	1.694915254237288
TNF	GENE	0.0169491525423728	2	978.093560277071	0.482839629079655	7.49293604676664	0.771250997327795	9.57229350486599	220	0.9685230024213075	1.694915254237288
IL6	GENE	0.0084745762711864	1	0.0	0.451505855838215	4.63848421942697	0.27237496992186	8.87615867304614	252	0.9685230024213075	1.694915254237288
IL1B	GENE	0.0084745762711864	1	0.0	0.451505855838215	4.63848421942697	0.27237496992186	8.87615867304614	249	0.9685230024213075	1.694915254237288
