entity	category	node_weight	occurrence	btw_cnt	cls_cnt	strength	qscore	Knode	ranking	repGM	repGT
SLC9A1	GENE	0.0254237288135593	3	3401.64824807542	0.580113316366228	8.52740544945512	0.867681513658642	7.68163912980407	305	1.7737485218762319	9.322033898305085
GGT1	GENE	0.0084745762711864	1	0.0	0.458621893052656	2.85445182733967	0.128550803561252	9.58366033035903	217	1.7737485218762319	9.322033898305085
SLC7A11	GENE	0.0847457627118644	10	1382.83333333333	0.553111090060652	4.20977767588171	0.521162345968263	8.41123294143964	263	1.7737485218762319	9.322033898305085
