ferric compounds/chemistry	gels/chemistry	0.11111111111111113	33236624
ferric compounds/chemistry	phenol/chemistry	0.11111111111111113	34985903
ferric compounds/chemistry	urinary bladder neoplasms/pathology	0.11111111111111113	33236624
inflammation/drug therapy	cyclohexylamines/pharmacology	0.07407407407407408	30830879
endothelial cells/metabolism	macrophages/metabolism	0.03703703703703704	35197507
piperazines/pharmacology	phospholipid hydroperoxide glutathione peroxidase/antagonists &amp; inhibitors	0.07407407407407408	32778843
cisplatin	diterpenes/pharmacology	0.03703703703703704	35778693
ferric compounds/chemistry	cd8-positive t-lymphocytes/cytology	0.21367521367521367	34985903
nivolumab/therapeutic use	cysteine/metabolism	0.03703703703703704	31043744
aniline compounds/pharmacology	t-lymphocytes cytotoxic/drug effects	0.03703703703703704	34593794
endothelial cells/metabolism	hmgb1 protein/metabolism	0.03703703703703704	35197507
ferric compounds/chemistry	ascorbic acid/pharmacology	0.11111111111111113	32686685
nivolumab/therapeutic use	ferroptosis/drug effects	0	31043744
actins/metabolism	hepatic stellate cells/drug effects	0.03703703703703704	34811833
ferric compounds/chemistry	ferroptosis/drug effects	0	33236624
ferric compounds/chemistry	ferroptosis/drug effects	0	32686685
ferric compounds/chemistry	ferroptosis/drug effects	0	34985903
cisplatin	lymphoma t-cell	0.03703703703703704	35778693
adjuvants immunologic/chemistry	CHRM1	0.07407407407407408	33236624
endothelial cells/metabolism	inflammation/metabolism	0.03703703703703704	35197507
piperazines/pharmacology	phospholipid hydroperoxide glutathione peroxidase	0.07407407407407408	34396451
piperazines/pharmacology	antineoplastic agents/pharmacology	0.4017094017094017	32778843
nivolumab/therapeutic use	reactive oxygen species/metabolism	0.2592592592592593	31043744
ferric compounds/chemistry	reactive oxygen species/metabolism	0.6102564102564103	33236624
nivolumab/therapeutic use	interferon-gamma/immunology	0.03703703703703704	31043744
aniline compounds/pharmacology	hyaluronic acid/chemistry	0.03703703703703704	34593794
tumor suppressor protein p53/metabolism	diterpenes/pharmacology	0.07407407407407408	35778693
ferric compounds/chemistry	gold/chemistry	0.11111111111111113	33236624
aniline compounds/pharmacology	benzylidene compounds/pharmacology	0.03703703703703704	34593794
ferric compounds/chemistry	cell line tumor	0.04102564102564102	33236624
ferric compounds/chemistry	cell line tumor	0.04102564102564102	32686685
ferric compounds/chemistry	cell line tumor	0.04102564102564102	34985903
macrophages	phospholipid hydroperoxide glutathione peroxidase/genetics	0.03703703703703704	33311482
collagen type i/metabolism	actins/metabolism	0.03703703703703704	34811833
ferric compounds/chemistry	exosomes/metabolism	0.11111111111111113	34985903
aniline compounds/pharmacology	cell line tumor/transplantation	0.07407407407407408	34593794
collagen type i/metabolism	liver cirrhosis/drug therapy	0.03703703703703704	34811833
endothelial cells/metabolism	NOX4	0.03703703703703704	35197507
tumor suppressor protein p53/metabolism	lymphocytes tumor-infiltrating/immunology	0.07407407407407408	33547170
endothelial cells/metabolism	FTH1	0.03703703703703704	35197507
inflammation/drug therapy	phenylenediamines/pharmacology	0.07407407407407408	30830879
ferric compounds/chemistry	CHRM1	0.21367521367521367	33236624
tumor suppressor protein p53/metabolism	cell line tumor/transplantation	0.14529914529914534	33547170
ferric compounds/chemistry	CALR	0.11111111111111113	32686685
adjuvants immunologic/chemistry	MRLN	0.07407407407407408	33236624
myeloid-derived suppressor cells/immunology	ferroptosis/drug effects	0	33547170
ferric compounds/chemistry	PDCD1	0.308034188034188	34985903
endothelial cells/metabolism	NLRP3	0.03703703703703704	35197507
microglia/drug effects	carbolines/pharmacology	0.07407407407407408	34717678
tumor suppressor protein p53/metabolism	lymphoma t-cell	0.07407407407407408	35778693
coenzyme a ligases/metabolism	GPX4	0.4074074074074075	32814895
piperazines/pharmacology	glutathione	0.07407407407407408	34396451
actins/metabolism	hepatocytes/drug effects	0.03703703703703704	34811833
collagen type i/metabolism	sorafenib/pharmacology	0.03703703703703704	34811833
piperazines/pharmacology	gene expression regulation neoplastic	0.14529914529914534	32778843
actins/metabolism	ferroptosis/drug effects	0	34811833
nivolumab/therapeutic use	cell line tumor	0.37037037037037035	31043744
ferric compounds/chemistry	CD274	0.308034188034188	34985903
ferric compounds/chemistry	CYREN	0.11111111111111113	32686685
piperazines/pharmacology	kidney	0.07407407407407408	34396451
inflammation/drug therapy	ventricular function left/drug effects	0.03703703703703704	30830879
actins/metabolism	macrophages/drug effects	0.14814814814814817	34811833
inflammation/drug therapy	neutrophils/immunology	0.03703703703703704	30830879
endothelial cells/metabolism	HMGB1	0.03703703703703704	35197507
endothelial cells/metabolism	GPX4	0.4074074074074075	35197507
ferric compounds/chemistry	RPL17-C18orf32	0.308034188034188	34985903
coenzyme a ligases/metabolism	ACSL3	0.03703703703703704	32814895
ferric compounds/chemistry	RPL17	0.308034188034188	34985903
nivolumab/therapeutic use	SLC9A1	0.07407407407407408	31043744
ferric compounds/chemistry	MRLN	0.21367521367521367	33236624
microglia/drug effects	raw 264.7 cells	0.03703703703703704	34717678
cisplatin	ferroptosis/drug effects	0	35778693
melanoma/blood	lymph/metabolism	0.03703703703703704	32814895
endothelial cells/metabolism	TLR4	0.07407407407407408	35197507
myeloid-derived suppressor cells/immunology	membrane proteins/metabolism	0.03703703703703704	33547170
myeloid-derived suppressor cells/immunology	tumor microenvironment/drug effects	0.14814814814814817	33547170
melanoma/blood	coenzyme a ligases/metabolism	0.03703703703703704	32814895
allografts	MRLN	0.07407407407407408	34093872
piperazines/pharmacology	cell proliferation/drug effects	0.07407407407407408	32778843
myeloid-derived suppressor cells/immunology	colonic neoplasms/drug therapy	0.03703703703703704	33547170
allografts	CTLA4	0.03703703703703704	34093872
myeloid-derived suppressor cells/immunology	heme oxygenase-1/metabolism	0.03703703703703704	33547170
neoplasms/diagnostic imaging	t-lymphocytes cytotoxic/metabolism	0.03703703703703704	32686685
myeloid-derived suppressor cells/immunology	reactive oxygen species/metabolism	0.2592592592592593	33547170
macrophages	GPX4	0.4074074074074075	33311482
piperazines/pharmacology	folic acid antagonists/pharmacology	0.07407407407407408	32778843
fatty acids/metabolism	cytokines/metabolism	0.07407407407407408	33691090
melanoma/blood	oxidative stress/drug effects	0.07407407407407408	32814895
cisplatin	killer cells natural/metabolism	0.03703703703703704	35778693
nivolumab/therapeutic use	SLC7A11	0.14814814814814817	31043744
collagen type i/metabolism	hypoxia-inducible factor 1 alpha subunit/metabolism	0.03703703703703704	34811833
cyclohexylamines/pharmacology	monocrotaline/toxicity	0.07407407407407408	35197507
cisplatin	reactive oxygen species/metabolism	0.2592592592592593	35778693
cyclohexylamines/pharmacology	cells cultured	0.14529914529914534	35197507
tumor suppressor protein p53/metabolism	t-lymphocytes/immunology	0.07407407407407408	33547170
nivolumab/therapeutic use	SLC3A2	0.03703703703703704	31043744
collagen type i/metabolism	amino acid transport system y+/metabolism	0.07407407407407408	34811833
piperazines/pharmacology	tetrahydrofolate dehydrogenase/genetics	0.07407407407407408	32778843
nivolumab/therapeutic use	CD8A	0.1851851851851852	31043744
microglia/drug effects	nf-e2-related factor 2/biosynthesis	0.03703703703703704	34717678
tumor suppressor protein p53/metabolism	ferroptosis/drug effects	0	33547170
tumor suppressor protein p53/metabolism	ferroptosis/drug effects	0	35778693
inflammation/drug therapy	myocardium/immunology	0.03703703703703704	30830879
macrophages	KDM8	0.03703703703703704	33311482
melanoma/blood	oleic acid/metabolism	0.03703703703703704	32814895
neoplasms/diagnostic imaging	calreticulin/metabolism	0.03703703703703704	32686685
piperazines/pharmacology	vitamin e/pharmacology	0.07407407407407408	32778843
tumor microenvironment	macrophages	0.07407407407407408	33311482
melanoma/blood	iron/metabolism	0.14814814814814817	32814895
aniline compounds/pharmacology	ferroptosis/drug effects	0	34593794
actins/metabolism	cell line	0.03703703703703704	34811833
myeloid-derived suppressor cells/immunology	HMOX1	0.03703703703703704	33547170
piperazines/pharmacology	dose-response relationship drug	0.14529914529914534	32778843
tuberculosis/metabolism	iron chelating agents/pharmacology	0.03703703703703704	30787033
cyclohexylamines/pharmacology	bacterial toxins/metabolism	0.07407407407407408	35197507
melanoma/blood	phospholipid hydroperoxide glutathione peroxidase/metabolism	0.07407407407407408	32814895
piperazines/pharmacology	antioxidants/pharmacology	0.07407407407407408	32778843
cyclohexylamines/pharmacology	phenylenediamines/pharmacology	0.002849002849002849	35197507
cyclohexylamines/pharmacology	phenylenediamines/pharmacology	0.002849002849002849	30830879
tuberculosis/metabolism	cells cultured	0.07407407407407408	30787033
cyclohexylamines/pharmacology	ventricular function left/drug effects	0.07407407407407408	30830879
actins/metabolism	SLC7A11	0.14814814814814817	34811833
cyclohexylamines/pharmacology	inflammasomes/metabolism	0.07407407407407408	35197507
myeloid-derived suppressor cells/immunology	TP53	0.11111111111111112	33547170
cyclohexylamines/pharmacology	neutrophils/immunology	0.07407407407407408	30830879
inflammation/drug therapy	adaptor proteins vesicular transport/genetics	0.03703703703703704	30830879
macrophages	STING1	0.03703703703703704	33311482
microglia/drug effects	gene expression	0.03703703703703704	34717678
liver cirrhosis/drug therapy	sorafenib/pharmacology	0.03703703703703704	34811833
aniline compounds/pharmacology	skin neoplasms/drug therapy	0.03703703703703704	34593794
tumor microenvironment	fatty acids/metabolism	0.07407407407407408	33691090
microglia/drug effects	cell survival/drug effects	0.11111111111111112	34717678
tumor suppressor protein p53/metabolism	killer cells natural/metabolism	0.07407407407407408	35778693
cyclohexylamines/pharmacology	myocardium/immunology	0.07407407407407408	30830879
tumor microenvironment	cytokines/metabolism	0.14529914529914534	33691090
microglia/drug effects	lipopolysaccharides/toxicity	0.03703703703703704	34717678
tumor suppressor protein p53/metabolism	membrane proteins/metabolism	0.07407407407407408	33547170
aniline compounds/pharmacology	tumor microenvironment/drug effects	0.14814814814814817	34593794
cisplatin	asparaginase	0.03703703703703704	35778693
cyclohexylamines/pharmacology	hemodynamics/drug effects	0.07407407407407408	35197507
myeloid-derived suppressor cells/immunology	ASAH2	0.03703703703703704	33547170
liver cirrhosis/drug therapy	hypoxia-inducible factor 1 alpha subunit/metabolism	0.03703703703703704	34811833
microglia/drug effects	dose-response relationship drug	0.07407407407407408	34717678
cyclohexylamines/pharmacology	adaptor proteins vesicular transport/genetics	0.07407407407407408	30830879
inflammation/drug therapy	myocardial reperfusion injury/drug therapy	0.03703703703703704	30830879
cyclohexylamines/pharmacology	myocardial reperfusion injury/drug therapy	0.07407407407407408	30830879
cisplatin	CCK	0.07407407407407408	35778693
piperazines/pharmacology	malondialdehyde/blood	0.07407407407407408	34396451
actins/metabolism	FUT1	0.03703703703703704	34811833
piperazines/pharmacology	spleen/pathology	0.07407407407407408	34396451
neoplasms/diagnostic imaging	ascorbic acid/pharmacology	0.03703703703703704	32686685
apoptosis/drug effects	cytokines/metabolism	0.14529914529914534	32134361
tumor suppressor protein p53/metabolism	tumor microenvironment/drug effects	0.27920227920227925	33547170
cyclohexylamines/pharmacology	lung/blood supply	0.07407407407407408	35197507
cyclohexylamines/pharmacology	heart ventricles/diagnostic imaging	0.07407407407407408	35197507
piperazines/pharmacology	ferroptosis/drug effects	0	32778843
piperazines/pharmacology	ferroptosis/drug effects	0	34396451
collagen type i/metabolism	hepatic stellate cells/drug effects	0.03703703703703704	34811833
apoptosis/drug effects	dichloroacetic acid/chemistry	0.07407407407407408	31509699
piperazines/pharmacology	jurkat cells	0.14529914529914534	32778843
actins/metabolism	GPX4	0.4074074074074075	34811833
actins/metabolism	FN1	0.03703703703703704	34811833
cyclohexylamines/pharmacology	toll-like receptor 4/metabolism	0.07407407407407408	35197507
melanoma/blood	glutathione/metabolism	0.11111111111111112	32814895
piperazines/pharmacology	methotrexate/pharmacology	0.07407407407407408	32778843
piperazines/pharmacology	biopterins/analogs &amp; derivatives	0.07407407407407408	32778843
actins/metabolism	ROS1	0.14814814814814817	34811833
aniline compounds/pharmacology	tumor escape/drug effects	0.03703703703703704	34593794
cyclohexylamines/pharmacology	hypertension pulmonary/chemically induced	0.07407407407407408	35197507
liver cirrhosis/drug therapy	amino acid transport system y+/metabolism	0.07407407407407408	34811833
aniline compounds/pharmacology	immune checkpoint inhibitors/pharmacology	0.03703703703703704	34593794
apoptosis/drug effects	macrophages/cytology	0.14529914529914534	31509699
melanoma/blood	neoplasm metastasis/drug therapy	0.03703703703703704	32814895
cisplatin	TP53	0.11111111111111112	35778693
apoptosis/drug effects	bone marrow/drug effects	0.07407407407407408	32134361
collagen type i/metabolism	hepatocytes/drug effects	0.03703703703703704	34811833
apoptosis/drug effects	biological products/chemistry	0.07407407407407408	31509699
aniline compounds/pharmacology	drug resistance neoplasm/drug effects	0.03703703703703704	34593794
tumor microenvironment	dna	0.07407407407407408	33311482
cyclohexylamines/pharmacology	nlr family pyrin domain-containing 3 protein/metabolism	0.07407407407407408	35197507
microglia/drug effects	inflammation mediators/antagonists &amp; inhibitors	0.03703703703703704	34717678
apoptosis/drug effects	necroptosis/drug effects	0.07407407407407408	32134361
tumor suppressor protein p53/metabolism	colonic neoplasms/drug therapy	0.07407407407407408	33547170
apoptosis/drug effects	protein kinase inhibitors/chemistry	0.07407407407407408	31509699
piperazines/pharmacology	iron/blood	0.07407407407407408	34396451
tumor suppressor protein p53/metabolism	heme oxygenase-1/metabolism	0.07407407407407408	33547170
neoplasms/diagnostic imaging	ferroptosis/drug effects	0	32686685
apoptosis/drug effects	small molecule libraries/pharmacology	0.07407407407407408	32134361
cyclohexylamines/pharmacology	ferroptosis/drug effects	0	35197507
cyclohexylamines/pharmacology	ferroptosis/drug effects	0	30830879
tumor microenvironment	membrane proteins/genetics	0.07407407407407408	33311482
tumor suppressor protein p53/metabolism	reactive oxygen species/metabolism	0.05982905982905984	33547170
tumor suppressor protein p53/metabolism	reactive oxygen species/metabolism	0.05982905982905984	35778693
tumor suppressor protein p53/metabolism	asparaginase	0.07407407407407408	35778693
piperazines/pharmacology	cystine/antagonists &amp; inhibitors	0.07407407407407408	32778843
piperazines/pharmacology	liver/pathology	0.07407407407407408	34396451
collagen type i/metabolism	ferroptosis/drug effects	0	34811833
cisplatin	SLC7A11	0.14814814814814817	35778693
fatty acids/metabolism	cd8-positive t-lymphocytes/cytology	0.07407407407407408	33691090
piperazines/pharmacology	reactive oxygen species/metabolism	0.45868945868945876	32778843
cyclohexylamines/pharmacology	neutrophil infiltration	0.07407407407407408	30830879
fatty acids/metabolism	antibodies monoclonal humanized/pharmacology	0.03703703703703704	33691090
collagen type i/metabolism	macrophages/drug effects	0.14814814814814817	34811833
fatty acids/metabolism	cd36 antigens/antagonists &amp; inhibitors	0.03703703703703704	33691090
cyclohexylamines/pharmacology	macrophages/metabolism	0.07407407407407408	35197507
apoptosis/drug effects	drug synergism	0.07407407407407408	31509699
actins/metabolism	MMRN1	0.03703703703703704	34811833
cyclohexylamines/pharmacology	toll-like receptor 4/genetics	0.07407407407407408	30830879
apoptosis/drug effects	saponins/chemistry	0.07407407407407408	31509699
apoptosis/drug effects	antineoplastic agents/chemistry	0.07407407407407408	31509699
cyclohexylamines/pharmacology	hmgb1 protein/metabolism	0.07407407407407408	35197507
microglia/drug effects	ferroptosis/drug effects	0	34717678
tumor microenvironment	quinoxalines/pharmacology	0.07407407407407408	33311482
apoptosis/drug effects	ileum/drug effects	0.07407407407407408	32134361
cyclohexylamines/pharmacology	inflammation/metabolism	0.07407407407407408	35197507
apoptosis/drug effects	energy metabolism/drug effects	0.07407407407407408	31509699
tuberculosis/metabolism	iron/metabolism	0.14814814814814817	30787033
piperazines/pharmacology	cell line tumor	0.6125356125356125	34396451
actins/metabolism	HIF1A	0.03703703703703704	34811833
cyclohexylamines/pharmacology	TICAM1	0.07407407407407408	30830879
cisplatin	GPX4	0.4074074074074075	35778693
cyclohexylamines/pharmacology	NOX4	0.07407407407407408	35197507
cyclohexylamines/pharmacology	FTH1	0.07407407407407408	35197507
cyclohexylamines/pharmacology	IFNA1	0.07407407407407408	30830879
fatty acids/metabolism	ferroptosis/drug effects	0	33691090
apoptosis/drug effects	drug interactions	0.07407407407407408	32134361
apoptosis/drug effects	ferroptosis/drug effects	0	32134361
apoptosis/drug effects	ferroptosis/drug effects	0	31509699
cisplatin	XK	0.03703703703703704	35778693
tuberculosis/metabolism	phospholipid hydroperoxide glutathione peroxidase/metabolism	0.07407407407407408	30787033
apoptosis/drug effects	neoplasms/drug therapy	0.14529914529914534	31509699
inflammation/drug therapy	ferroptosis/drug effects	0	30830879
collagen type i/metabolism	cell line	0.03703703703703704	34811833
tuberculosis/metabolism	glutathione/metabolism	0.11111111111111112	30787033
liver cirrhosis/drug therapy	hepatic stellate cells/drug effects	0.03703703703703704	34811833
melanoma/blood	ferroptosis/drug effects	0	32814895
apoptosis/drug effects	mitochondria/drug effects	0.14529914529914534	31509699
apoptosis/drug effects	pyruvate dehydrogenase acetyl-transferring kinase/antagonists &amp; inhibitors	0.07407407407407408	31509699
melanoma/blood	cell survival	0.03703703703703704	32814895
cyclohexylamines/pharmacology	NLRP3	0.07407407407407408	35197507
cisplatin	ASPG	0.03703703703703704	35778693
cisplatin	NLRP1	0.03703703703703704	35778693
aniline compounds/pharmacology	CD274	0.11111111111111112	34593794
neoplasms/diagnostic imaging	cell line tumor	0.37037037037037035	32686685
tumor suppressor protein p53/metabolism	HMOX1	0.07407407407407408	33547170
piperazines/pharmacology	GPX4	0.658119658119658	32778843
cyclohexylamines/pharmacology	HMGB1	0.07407407407407408	35197507
microglia/drug effects	CCK	0.07407407407407408	34717678
tumor microenvironment	iron/metabolism	0.27920227920227925	33311482
apoptosis/drug effects	cell line tumor	0.6125356125356125	31509699
inflammation/drug therapy	neutrophil infiltration	0.03703703703703704	30830879
tumor microenvironment	biomarkers tumor	0.07407407407407408	33311482
apoptosis/drug effects	radiation-protective agents/pharmacology	0.07407407407407408	32134361
inflammation/drug therapy	toll-like receptor 4/genetics	0.03703703703703704	30830879
tumor suppressor protein p53/metabolism	CCK	0.14529914529914534	35778693
collagen type i/metabolism	SLC7A11	0.14814814814814817	34811833
fatty acids/metabolism	multiple myeloma/drug therapy	0.03703703703703704	33691090
microglia/drug effects	GPX4	0.4074074074074075	34717678
neoplasms/diagnostic imaging	CALR	0.03703703703703704	32686685
cyclohexylamines/pharmacology	GPX4	0.658119658119658	35197507
tuberculosis/metabolism	host-pathogen interactions	0.03703703703703704	30787033
liver cirrhosis/drug therapy	hepatocytes/drug effects	0.03703703703703704	34811833
microglia/drug effects	NFE2L2	0.07407407407407408	34717678
apoptosis/drug effects	ROS1	0.27920227920227925	31509699
cyclohexylamines/pharmacology	TLR4	0.002849002849002849	35197507
cyclohexylamines/pharmacology	TLR4	0.002849002849002849	30830879
liver cirrhosis/drug therapy	ferroptosis/drug effects	0	34811833
cd8-positive t-lymphocytes/immunology	nivolumab/therapeutic use	0.11111111111111113	31043744
tumor suppressor protein p53/metabolism	TP53	0.008547008547008548	33547170
tumor suppressor protein p53/metabolism	TP53	0.008547008547008548	35778693
tumor microenvironment	cd8-positive t-lymphocytes/cytology	0.14529914529914534	33691090
liver cirrhosis/drug therapy	macrophages/drug effects	0.14814814814814817	34811833
tumor microenvironment	antibodies monoclonal humanized/pharmacology	0.07407407407407408	33691090
tumor microenvironment	cd36 antigens/antagonists &amp; inhibitors	0.07407407407407408	33691090
tumor microenvironment	cell transformation neoplastic/genetics	0.07407407407407408	33311482
collagen type i/metabolism	FUT1	0.03703703703703704	34811833
fatty acids/metabolism	reactive oxygen species/metabolism	0.2592592592592593	33691090
tumor microenvironment	carcinoma pancreatic ductal/metabolism	0.07407407407407408	33311482
tumor microenvironment	diet	0.07407407407407408	33311482
carbolines/pharmacology	raw 264.7 cells	0.07407407407407408	34717678
cd8-positive t-lymphocytes/immunology	allografts	0.11111111111111113	34093872
cd8-positive t-lymphocytes/drug effects	antineoplastic agents/pharmacology	0.22222222222222224	33277233
tumor microenvironment	spiro compounds/pharmacology	0.07407407407407408	33311482
cd8-positive t-lymphocytes/immunology	b7-h1 antigen/antagonists &amp; inhibitors	0.21367521367521367	31043744
allografts	oxidative stress/drug effects	0.07407407407407408	34093872
carbolines/pharmacology	phospholipid hydroperoxide glutathione peroxidase/antagonists &amp; inhibitors	0.07407407407407408	32778843
cd8-positive t-lymphocytes/immunology	oxidative stress/drug effects	0.21367521367521367	34093872
tumor microenvironment	proto-oncogene proteins p21(ras)/metabolism	0.07407407407407408	33311482
fatty acids/metabolism	cell line tumor	0.37037037037037035	33691090
tumor suppressor protein p53/metabolism	SLC7A11	0.27920227920227925	35778693
tumor microenvironment	ferroptosis/drug effects	0	33691090
tumor microenvironment	ferroptosis/drug effects	0	33311482
cd8-positive t-lymphocytes/drug effects	autophagy/drug effects	0.07407407407407408	33277233
cd8-positive t-lymphocytes/immunology	gene expression regulation neoplastic/drug effects	0.11111111111111113	31554642
tumor microenvironment	pancreatitis/genetics	0.07407407407407408	33311482
cd8-positive t-lymphocytes/immunology	fusion regulatory protein 1 heavy chain/metabolism	0.11111111111111113	31043744
tumor microenvironment	pancreas/metabolism	0.07407407407407408	33311482
inflammation/drug therapy	TICAM1	0.03703703703703704	30830879
tumor suppressor protein p53/metabolism	GPX4	0.658119658119658	35778693
fatty acids/metabolism	CD36	0.03703703703703704	33691090
tumor microenvironment	multiple myeloma/drug therapy	0.07407407407407408	33691090
carbolines/pharmacology	antineoplastic agents/pharmacology	0.4017094017094017	32778843
neoplasms/diagnostic imaging	CYREN	0.03703703703703704	32686685
allografts	antineoplastic agents/pharmacology	0.22222222222222224	34093872
inflammation/drug therapy	IFNA1	0.03703703703703704	30830879
collagen type i/metabolism	GPX4	0.4074074074074075	34811833
oxidative stress	ferric compounds/chemistry	0.21367521367521367	32686685
carbolines/pharmacology	gene expression regulation neoplastic	0.14529914529914534	32778843
collagen type i/metabolism	FN1	0.03703703703703704	34811833
collagen type i/metabolism	ROS1	0.14814814814814817	34811833
tuberculosis/metabolism	ferroptosis/drug effects	0	30787033
carbolines/pharmacology	nf-e2-related factor 2/biosynthesis	0.07407407407407408	34717678
allografts	cell movement/drug effects	0.03703703703703704	34093872
oxidative stress	piperazines/pharmacology	0.14529914529914534	32778843
carbolines/pharmacology	cell proliferation/drug effects	0.07407407407407408	32778843
allografts	iron/chemistry	0.03703703703703704	34093872
cyclohexylamines/pharmacology	TRIM69	0.07407407407407408	30830879
tuberculosis/metabolism	macrophages/drug effects	0.14814814814814817	30787033
oxidative stress	carbolines/pharmacology	0.14529914529914534	32778843
cd8-positive t-lymphocytes/immunology	amino acid transport system y+/genetics	0.11111111111111113	31554642
carbolines/pharmacology	folic acid antagonists/pharmacology	0.07407407407407408	32778843
tumor microenvironment	phospholipid hydroperoxide glutathione peroxidase/genetics	0.07407407407407408	33311482
cd8-positive t-lymphocytes/immunology	antineoplastic agents/pharmacology	0.5452991452991454	34093872
allografts	cell survival/drug effects	0.11111111111111112	34093872
carbolines/pharmacology	tetrahydrofolate dehydrogenase/genetics	0.07407407407407408	32778843
melanoma/blood	GPX4	0.4074074074074075	32814895
carbolines/pharmacology	gene expression	0.07407407407407408	34717678
allografts	tor serine-threonine kinases/metabolism	0.03703703703703704	34093872
carbolines/pharmacology	cell survival/drug effects	0.21367521367521367	34717678
allografts	amp-activated protein kinase kinases	0.03703703703703704	34093872
allografts	lung neoplasms/drug therapy	0.03703703703703704	34093872
collagen type i/metabolism	MMRN1	0.03703703703703704	34811833
tumor microenvironment	reactive oxygen species/metabolism	0.45868945868945876	33691090
iron chelating agents/pharmacology	cells cultured	0.07407407407407408	30787033
inflammation/drug therapy	TLR4	0.07407407407407408	30830879
tumor suppressor protein p53/metabolism	XK	0.07407407407407408	35778693
collagen type i/metabolism	HIF1A	0.03703703703703704	34811833
fatty acids/metabolism	PDCD1	0.11111111111111112	33691090
tumor suppressor protein p53/metabolism	ASAH2	0.07407407407407408	33547170
melanoma/blood	ACSL3	0.03703703703703704	32814895
monocrotaline/toxicity	cells cultured	0.07407407407407408	35197507
cd8-positive t-lymphocytes/immunology	amino acid transport system y+/metabolism	0.21367521367521367	31043744
tumor suppressor protein p53/metabolism	ASPG	0.07407407407407408	35778693
tumor suppressor protein p53/metabolism	NLRP1	0.07407407407407408	35778693
carbolines/pharmacology	lipopolysaccharides/toxicity	0.07407407407407408	34717678
cd8-positive t-lymphocytes/immunology	cell movement/drug effects	0.11111111111111113	34093872
oxidative stress	neoplasms/diagnostic imaging	0.07407407407407408	32686685
liver cirrhosis/drug therapy	cell line	0.03703703703703704	34811833
tumor microenvironment	cell line tumor	0.6125356125356125	33691090
allografts	ferroptosis/drug effects	0	34093872
carbolines/pharmacology	vitamin e/pharmacology	0.07407407407407408	32778843
carbolines/pharmacology	dose-response relationship drug	0.002849002849002849	32778843
carbolines/pharmacology	dose-response relationship drug	0.002849002849002849	34717678
oxidative stress	phospholipid hydroperoxide glutathione peroxidase/antagonists &amp; inhibitors	0.07407407407407408	32778843
carbolines/pharmacology	antioxidants/pharmacology	0.07407407407407408	32778843
allografts	macrophages/drug effects	0.14814814814814817	34093872
sorafenib/pharmacology	hypoxia-inducible factor 1 alpha subunit/metabolism	0.03703703703703704	34811833
inflammation/drug therapy	TRIM69	0.03703703703703704	30830879
tumor microenvironment	CD36	0.07407407407407408	33691090
liver cirrhosis/drug therapy	SLC7A11	0.14814814814814817	34811833
allografts	tumor microenvironment/drug effects	0.14814814814814817	34093872
cd8-positive t-lymphocytes/immunology	iron/chemistry	0.11111111111111113	34093872
oxidative stress	antineoplastic agents/pharmacology	0.4017094017094017	32778843
allografts	mitochondria/drug effects	0.07407407407407408	34093872
interferon-gamma/metabolism	ferric compounds/chemistry	0.11111111111111112	34985903
oxidative stress	gene expression regulation neoplastic	0.14529914529914534	32778843
fatty acids/metabolism	CD8A	0.1851851851851852	33691090
allografts	nf-e2-related factor 2/genetics	0.03703703703703704	34093872
interferon-gamma/metabolism	aniline compounds/chemistry	0.03703703703703704	34985903
monocrotaline/toxicity	bacterial toxins/metabolism	0.03703703703703704	35197507
allografts	cell line tumor	0.37037037037037035	34093872
carbolines/pharmacology	inflammation mediators/antagonists &amp; inhibitors	0.07407407407407408	34717678
tumor microenvironment	PDCD1	0.21367521367521367	33691090
allografts	glycogen synthase kinase 3/metabolism	0.03703703703703704	34093872
liver cirrhosis/drug therapy	FUT1	0.03703703703703704	34811833
tumor microenvironment	GPX4	0.658119658119658	33311482
endothelial cells/metabolism	cyclohexylamines/pharmacology	0.07407407407407408	35197507
endothelial cells/metabolism	monocrotaline/toxicity	0.03703703703703704	35197507
liver cirrhosis/drug therapy	GPX4	0.4074074074074075	34811833
cd8-positive t-lymphocytes/immunology	cell survival/drug effects	0.024957264957264958	34093872
cd8-positive t-lymphocytes/immunology	cell survival/drug effects	0.024957264957264958	31554642
liver cirrhosis/drug therapy	FN1	0.03703703703703704	34811833
cells cultured	bacterial toxins/metabolism	0.07407407407407408	35197507
endothelial cells/metabolism	cells cultured	0.07407407407407408	35197507
cd8-positive t-lymphocytes/immunology	lipid metabolism/drug effects	0.11111111111111113	31554642
cd8-positive t-lymphocytes/immunology	melanoma/genetics	0.11111111111111113	31043744
sorafenib/pharmacology	amino acid transport system y+/metabolism	0.07407407407407408	34811833
oxidative stress	t-lymphocytes cytotoxic/metabolism	0.07407407407407408	32686685
liver cirrhosis/drug therapy	ROS1	0.14814814814814817	34811833
cells cultured	phenylenediamines/pharmacology	0.14529914529914534	35197507
allografts	CHRM1	0.07407407407407408	34093872
cd8-positive t-lymphocytes/immunology	tor serine-threonine kinases/metabolism	0.11111111111111113	34093872
monocrotaline/toxicity	phenylenediamines/pharmacology	0.07407407407407408	35197507
fatty acids/metabolism	RPL17-C18orf32	0.11111111111111112	33691090
cd8-positive t-lymphocytes/immunology	amp-activated protein kinase kinases	0.11111111111111113	34093872
liver cirrhosis/drug therapy	MMRN1	0.03703703703703704	34811833
cells cultured	inflammasomes/metabolism	0.07407407407407408	35197507
tuberculosis/metabolism	GPX4	0.4074074074074075	30787033
fatty acids/metabolism	RPL17	0.11111111111111112	33691090
cd8-positive t-lymphocytes/immunology	lung neoplasms/drug therapy	0.11111111111111113	34093872
tumor microenvironment	CD8A	0.34188034188034183	33691090
liver cirrhosis/drug therapy	HIF1A	0.03703703703703704	34811833
endothelial cells/metabolism	bacterial toxins/metabolism	0.03703703703703704	35197507
tumor microenvironment	KDM8	0.07407407407407408	33311482
b7-h1 antigen/antagonists &amp; inhibitors	immunologic memory	0.07407407407407408	34593794
endothelial cells/metabolism	phenylenediamines/pharmacology	0.07407407407407408	35197507
b7-h1 antigen/antagonists &amp; inhibitors	fusion regulatory protein 1 heavy chain/metabolism	0.07407407407407408	31043744
endothelial cells/metabolism	inflammasomes/metabolism	0.03703703703703704	35197507
carbolines/pharmacology	ferroptosis/drug effects	0	32778843
carbolines/pharmacology	ferroptosis/drug effects	0	34717678
cd8-positive t-lymphocytes/drug effects	endoplasmic reticulum/drug effects	0.03703703703703704	33277233
allografts	GSK3B	0.03703703703703704	34093872
iron chelating agents/pharmacology	iron/metabolism	0.14814814814814817	30787033
carbolines/pharmacology	jurkat cells	0.14529914529914534	32778843
allografts	PDCD1	0.11111111111111112	34093872
oxidative stress	cell proliferation/drug effects	0.07407407407407408	32778843
monocrotaline/toxicity	inflammasomes/metabolism	0.03703703703703704	35197507
aniline compounds/chemistry	b7-h1 antigen/metabolism	0.03703703703703704	34985903
allografts	PRKAA1	0.03703703703703704	34093872
iron chelating agents/pharmacology	phospholipid hydroperoxide glutathione peroxidase/metabolism	0.07407407407407408	30787033
carbolines/pharmacology	methotrexate/pharmacology	0.07407407407407408	32778843
allografts	GABPA	0.03703703703703704	34093872
cd8-positive t-lymphocytes/drug effects	ferroptosis/drug effects	0	33277233
b7-h1 antigen/antagonists &amp; inhibitors	exosomes/drug effects	0.07407407407407408	34593794
cd8-positive t-lymphocytes/drug effects	neoplasms/drug therapy	0.07407407407407408	33277233
aniline compounds/chemistry	immunogenic cell death/drug effects	0.03703703703703704	34985903
oxidative stress	folic acid antagonists/pharmacology	0.07407407407407408	32778843
oxidative stress	tetrahydrofolate dehydrogenase/genetics	0.07407407407407408	32778843
dextrans/chemistry	macrophages/cytology	0.07407407407407408	33236624
b7-h1 antigen/antagonists &amp; inhibitors	t-lymphocytes cytotoxic/drug effects	0.07407407407407408	34593794
tumor microenvironment	RPL17-C18orf32	0.21367521367521367	33691090
interferon-gamma/metabolism	b7-h1 antigen/metabolism	0.03703703703703704	34985903
carbolines/pharmacology	biopterins/analogs &amp; derivatives	0.07407407407407408	32778843
tumor microenvironment	RPL17	0.21367521367521367	33691090
cd8-positive t-lymphocytes/immunology	cysteine/metabolism	0.11111111111111113	31043744
cells cultured	hemodynamics/drug effects	0.07407407407407408	35197507
tumor microenvironment	STING1	0.07407407407407408	33311482
sorafenib/pharmacology	hepatic stellate cells/drug effects	0.03703703703703704	34811833
interferon-gamma/metabolism	immunogenic cell death/drug effects	0.03703703703703704	34985903
cd8-positive t-lymphocytes/immunology	sulfasalazine/administration &amp; dosage	0.11111111111111113	31554642
cd8-positive t-lymphocytes/immunology	ferroptosis/drug effects	0	34093872
cd8-positive t-lymphocytes/immunology	ferroptosis/drug effects	0	31554642
cd8-positive t-lymphocytes/immunology	ferroptosis/drug effects	0	31043744
aniline compounds/chemistry	metal-organic frameworks/chemistry	0.03703703703703704	34985903
lymph/metabolism	coenzyme a ligases/metabolism	0.03703703703703704	32814895
cells cultured	iron/metabolism	0.27920227920227925	30787033
iron chelating agents/pharmacology	glutathione/metabolism	0.11111111111111112	30787033
oxidative stress	calreticulin/metabolism	0.07407407407407408	32686685
monocrotaline/toxicity	hemodynamics/drug effects	0.03703703703703704	35197507
b7-h1 antigen/antagonists &amp; inhibitors	amino acid transport system y+/metabolism	0.14529914529914534	31043744
allografts	MTOR	0.03703703703703704	34093872
cd8-positive t-lymphocytes/drug effects	cell line tumor	0.37037037037037035	33277233
coenzyme a ligases/metabolism	oxidative stress/drug effects	0.07407407407407408	32814895
dextrans/chemistry	gels/chemistry	0.03703703703703704	33236624
allografts	BTRC	0.03703703703703704	34093872
oxidative stress	vitamin e/pharmacology	0.07407407407407408	32778843
cd8-positive t-lymphocytes/immunology	macrophages/drug effects	0.39452991452991454	34093872
allografts	PRKAA2	0.03703703703703704	34093872
b7-h1 antigen/antagonists &amp; inhibitors	hyaluronic acid/chemistry	0.07407407407407408	34593794
dextrans/chemistry	urinary bladder neoplasms/pathology	0.03703703703703704	33236624
sorafenib/pharmacology	hepatocytes/drug effects	0.03703703703703704	34811833
allografts	CD274	0.11111111111111112	34093872
carbolines/pharmacology	cystine/antagonists &amp; inhibitors	0.07407407407407408	32778843
sorafenib/pharmacology	ferroptosis/drug effects	0	34811833
lymph/metabolism	oxidative stress/drug effects	0.07407407407407408	32814895
monocrotaline/toxicity	lung/blood supply	0.03703703703703704	35197507
allografts	NFE2L2	0.07407407407407408	34093872
monocrotaline/toxicity	heart ventricles/diagnostic imaging	0.03703703703703704	35197507
oxidative stress	dose-response relationship drug	0.14529914529914534	32778843
allografts	CD8A	0.1851851851851852	34093872
interferon-gamma/metabolism	metal-organic frameworks/chemistry	0.03703703703703704	34985903
oxidative stress	antioxidants/pharmacology	0.07407407407407408	32778843
sorafenib/pharmacology	macrophages/drug effects	0.14814814814814817	34811833
carbolines/pharmacology	reactive oxygen species/metabolism	0.45868945868945876	32778843
monocrotaline/toxicity	toll-like receptor 4/metabolism	0.03703703703703704	35197507
interferon-gamma/metabolism	programmed cell death 1 receptor/metabolism	0.03703703703703704	34985903
endothelial cells/metabolism	hemodynamics/drug effects	0.03703703703703704	35197507
cells cultured	phospholipid hydroperoxide glutathione peroxidase/metabolism	0.14529914529914534	30787033
monocrotaline/toxicity	hypertension pulmonary/chemically induced	0.03703703703703704	35197507
cells cultured	lung/blood supply	0.07407407407407408	35197507
cells cultured	heart ventricles/diagnostic imaging	0.07407407407407408	35197507
b7-h1 antigen/antagonists &amp; inhibitors	benzylidene compounds/pharmacology	0.07407407407407408	34593794
cells cultured	glutathione/metabolism	0.21367521367521367	30787033
cd8-positive t-lymphocytes/immunology	tumor microenvironment/drug effects	0.39452991452991454	34093872
aniline compounds/chemistry	programmed cell death 1 receptor/metabolism	0.03703703703703704	34985903
cd8-positive t-lymphocytes/immunology	mitochondria/drug effects	0.21367521367521367	34093872
sorafenib/pharmacology	cell line	0.03703703703703704	34811833
b7-h1 antigen/antagonists &amp; inhibitors	cell line tumor/transplantation	0.14529914529914534	34593794
allografts	PRKAB1	0.03703703703703704	34093872
cd8-positive t-lymphocytes/immunology	nf-e2-related factor 2/genetics	0.11111111111111113	34093872
dextrans/chemistry	ferroptosis/drug effects	0	33236624
allografts	RPL17-C18orf32	0.11111111111111112	34093872
carbolines/pharmacology	CCK	0.14529914529914534	34717678
allografts	RPL17	0.11111111111111112	34093872
cd8-positive t-lymphocytes/immunology	reactive oxygen species/metabolism	0.6102564102564103	31043744
cd8-positive t-lymphocytes/immunology	interferon-gamma/immunology	0.11111111111111113	31043744
endothelial cells/metabolism	lung/blood supply	0.03703703703703704	35197507
sorafenib/pharmacology	SLC7A11	0.14814814814814817	34811833
endothelial cells/metabolism	heart ventricles/diagnostic imaging	0.03703703703703704	35197507
monocrotaline/toxicity	nlr family pyrin domain-containing 3 protein/metabolism	0.03703703703703704	35197507
raw 264.7 cells	ferroptosis/drug effects	0	34717678
sorafenib/pharmacology	FUT1	0.03703703703703704	34811833
aniline compounds/chemistry	benzylidene compounds/chemistry	0.03703703703703704	34985903
sorafenib/pharmacology	GPX4	0.4074074074074075	34811833
coenzyme a ligases/metabolism	oleic acid/metabolism	0.03703703703703704	32814895
monocrotaline/toxicity	ferroptosis/drug effects	0	35197507
coenzyme a ligases/metabolism	iron/metabolism	0.14814814814814817	32814895
oxidative stress	ascorbic acid/pharmacology	0.07407407407407408	32686685
aniline compounds/chemistry	phenol/chemistry	0.03703703703703704	34985903
carbolines/pharmacology	GPX4	0.15669515669515674	32778843
carbolines/pharmacology	GPX4	0.15669515669515674	34717678
cd8-positive t-lymphocytes/immunology	antineoplastic agents immunological/administration &amp; dosage	0.11111111111111113	31554642
coenzyme a ligases/metabolism	phospholipid hydroperoxide glutathione peroxidase/metabolism	0.07407407407407408	32814895
cd8-positive t-lymphocytes/drug effects	ACSL4	0.03703703703703704	33277233
cd8-positive t-lymphocytes/immunology	cell line tumor	0.04102564102564102	34093872
cd8-positive t-lymphocytes/immunology	cell line tumor	0.04102564102564102	31554642
cd8-positive t-lymphocytes/immunology	cell line tumor	0.04102564102564102	31043744
iron chelating agents/pharmacology	host-pathogen interactions	0.03703703703703704	30787033
cd8-positive t-lymphocytes/immunology	glycogen synthase kinase 3/metabolism	0.11111111111111113	34093872
b7-h1 antigen/antagonists &amp; inhibitors	melanoma/genetics	0.07407407407407408	31043744
cd8-positive t-lymphocytes/drug effects	GPX4	0.4074074074074075	33277233
aniline compounds/chemistry	cd8-positive t-lymphocytes/cytology	0.07407407407407408	34985903
coenzyme a ligases/metabolism	glutathione/metabolism	0.11111111111111112	32814895
sorafenib/pharmacology	FN1	0.03703703703703704	34811833
endothelial cells/metabolism	toll-like receptor 4/metabolism	0.03703703703703704	35197507
cells cultured	toll-like receptor 4/metabolism	0.07407407407407408	35197507
iron chelating agents/pharmacology	ferroptosis/drug effects	0	30787033
sorafenib/pharmacology	ROS1	0.14814814814814817	34811833
interferon-gamma/metabolism	benzylidene compounds/chemistry	0.03703703703703704	34985903
coenzyme a ligases/metabolism	neoplasm metastasis/drug therapy	0.03703703703703704	32814895
cd8-positive t-lymphocytes/immunology	SLC9A1	0.008547008547008548	31043744
cd8-positive t-lymphocytes/immunology	SLC9A1	0.008547008547008548	31554642
cells cultured	hypertension pulmonary/chemically induced	0.07407407407407408	35197507
endothelial cells/metabolism	hypertension pulmonary/chemically induced	0.03703703703703704	35197507
oxidative stress	ferroptosis/drug effects	0	32778843
oxidative stress	ferroptosis/drug effects	0	32686685
sorafenib/pharmacology	MMRN1	0.03703703703703704	34811833
lymph/metabolism	oleic acid/metabolism	0.03703703703703704	32814895
cd8-positive t-lymphocytes/immunology	ATM	0.11111111111111113	31554642
oxidative stress	jurkat cells	0.14529914529914534	32778843
cd8-positive t-lymphocytes/immunology	SLC7A11	0.04854700854700855	31043744
cd8-positive t-lymphocytes/immunology	SLC7A11	0.04854700854700855	31554642
interferon-gamma/metabolism	phenol/chemistry	0.03703703703703704	34985903
cd8-positive t-lymphocytes/immunology	CHRM1	0.21367521367521367	34093872
cd8-positive t-lymphocytes/drug effects	ATL1	0.03703703703703704	33277233
lymph/metabolism	iron/metabolism	0.14814814814814817	32814895
sorafenib/pharmacology	HIF1A	0.03703703703703704	34811833
cd8-positive t-lymphocytes/immunology	GSK3B	0.11111111111111113	34093872
oxidative stress	methotrexate/pharmacology	0.07407407407407408	32778843
cd8-positive t-lymphocytes/immunology	PDCD1	0.308034188034188	34093872
cells cultured	host-pathogen interactions	0.07407407407407408	30787033
oxidative stress	biopterins/analogs &amp; derivatives	0.07407407407407408	32778843
lymph/metabolism	phospholipid hydroperoxide glutathione peroxidase/metabolism	0.07407407407407408	32814895
cd8-positive t-lymphocytes/drug effects	S100A4	0.03703703703703704	33277233
cells cultured	nlr family pyrin domain-containing 3 protein/metabolism	0.07407407407407408	35197507
cd8-positive t-lymphocytes/immunology	PRKAA1	0.11111111111111113	34093872
carbolines/pharmacology	NFE2L2	0.14529914529914534	34717678
iron chelating agents/pharmacology	macrophages/drug effects	0.14814814814814817	30787033
monocrotaline/toxicity	macrophages/metabolism	0.03703703703703704	35197507
coenzyme a ligases/metabolism	ferroptosis/drug effects	0	32814895
cd8-positive t-lymphocytes/immunology	GABPA	0.11111111111111113	34093872
dextrans/chemistry	reactive oxygen species/metabolism	0.2592592592592593	33236624
interferon-gamma/metabolism	cd8-positive t-lymphocytes/cytology	0.07407407407407408	34985903
cd8-positive t-lymphocytes/immunology	MTOR	0.11111111111111113	34093872
oxidative stress	cystine/antagonists &amp; inhibitors	0.07407407407407408	32778843
cells cultured	ferroptosis/drug effects	0	30787033
cells cultured	ferroptosis/drug effects	0	35197507
cd8-positive t-lymphocytes/drug effects	CD8A	0.1851851851851852	33277233
coenzyme a ligases/metabolism	cell survival	0.03703703703703704	32814895
b7-h1 antigen/antagonists &amp; inhibitors	cysteine/metabolism	0.07407407407407408	31043744
monocrotaline/toxicity	hmgb1 protein/metabolism	0.03703703703703704	35197507
cd8-positive t-lymphocytes/drug effects	AIFM2	0.03703703703703704	33277233
monocrotaline/toxicity	inflammation/metabolism	0.03703703703703704	35197507
myeloid-derived suppressor cells/immunology	neutral ceramidase/antagonists &amp; inhibitors	0.03703703703703704	33547170
cd8-positive t-lymphocytes/immunology	BTRC	0.11111111111111113	34093872
raw 264.7 cells	CCK	0.07407407407407408	34717678
cd8-positive t-lymphocytes/immunology	PRKAA2	0.11111111111111113	34093872
cd8-positive t-lymphocytes/immunology	SLC3A2	0.11111111111111113	31043744
cd8-positive t-lymphocytes/immunology	CD274	0.308034188034188	34093872
adjuvants immunologic/chemistry	dextrans/chemistry	0.03703703703703704	33236624
dextrans/chemistry	gold/chemistry	0.03703703703703704	33236624
monocrotaline/toxicity	NOX4	0.03703703703703704	35197507
aniline compounds/chemistry	ferroptosis/drug effects	0	34985903
cd8-positive t-lymphocytes/immunology	NFE2L2	0.21367521367521367	34093872
oxidative stress	reactive oxygen species/metabolism	0.45868945868945876	32778843
dextrans/chemistry	cell line tumor	0.37037037037037035	33236624
monocrotaline/toxicity	FTH1	0.03703703703703704	35197507
cd8-positive t-lymphocytes/immunology	CD8A	0.003418803418803419	34093872
cd8-positive t-lymphocytes/immunology	CD8A	0.003418803418803419	31554642
cd8-positive t-lymphocytes/immunology	CD8A	0.003418803418803419	31043744
tumor suppressor protein p53/metabolism	myeloid-derived suppressor cells/immunology	0.07407407407407408	33547170
oxidative stress	cell line tumor	0.6125356125356125	32686685
cd8-positive t-lymphocytes/immunology	PRKAB1	0.11111111111111113	34093872
cells cultured	macrophages/drug effects	0.27920227920227925	30787033
monocrotaline/toxicity	NLRP3	0.03703703703703704	35197507
endothelial cells/metabolism	nlr family pyrin domain-containing 3 protein/metabolism	0.03703703703703704	35197507
cd8-positive t-lymphocytes/immunology	RPL17-C18orf32	0.308034188034188	34093872
monocrotaline/toxicity	HMGB1	0.03703703703703704	35197507
cd8-positive t-lymphocytes/immunology	RPL17	0.308034188034188	34093872
iron chelating agents/pharmacology	GPX4	0.4074074074074075	30787033
interferon-gamma/metabolism	ferroptosis/drug effects	0	34985903
cell cycle/drug effects	precursor cell lymphoblastic leukemia-lymphoma/metabolism	0.03703703703703704	33926261
cd8-positive t-lymphocytes/immunology	MRLN	0.21367521367521367	34093872
b7-h1 antigen/antagonists &amp; inhibitors	ferroptosis/drug effects	0	31043744
b7-h1 antigen/antagonists &amp; inhibitors	ferroptosis/drug effects	0	34593794
lymph/metabolism	glutathione/metabolism	0.11111111111111112	32814895
monocrotaline/toxicity	GPX4	0.4074074074074075	35197507
cd8-positive t-lymphocytes/immunology	CTLA4	0.11111111111111113	34093872
dextrans/chemistry	CHRM1	0.07407407407407408	33236624
b7-h1 antigen/antagonists &amp; inhibitors	skin neoplasms/drug therapy	0.07407407407407408	34593794
endothelial cells/metabolism	ferroptosis/drug effects	0	35197507
myeloid-derived suppressor cells/immunology	antineoplastic agents/pharmacology	0.22222222222222224	33547170
raw 264.7 cells	GPX4	0.4074074074074075	34717678
cell cycle/drug effects	antineoplastic agents/pharmacology	0.22222222222222224	33926261
cells cultured	macrophages/metabolism	0.07407407407407408	35197507
phospholipid hydroperoxide glutathione peroxidase/antagonists &amp; inhibitors	cystine/antagonists &amp; inhibitors	0.03703703703703704	32778843
cell cycle/drug effects	autophagy/drug effects	0.07407407407407408	33926261
raw 264.7 cells	NFE2L2	0.07407407407407408	34717678
tumor suppressor protein p53/metabolism	neutral ceramidase/antagonists &amp; inhibitors	0.07407407407407408	33547170
oxidative stress	CALR	0.07407407407407408	32686685
lymph/metabolism	neoplasm metastasis/drug therapy	0.03703703703703704	32814895
monocrotaline/toxicity	TLR4	0.07407407407407408	35197507
dextrans/chemistry	MRLN	0.07407407407407408	33236624
cells cultured	hmgb1 protein/metabolism	0.07407407407407408	35197507
b7-h1 antigen/antagonists &amp; inhibitors	tumor microenvironment/drug effects	0.27920227920227925	34593794
oxidative stress	GPX4	0.658119658119658	32778843
cells cultured	inflammation/metabolism	0.07407407407407408	35197507
b7-h1 antigen/antagonists &amp; inhibitors	tumor escape/drug effects	0.07407407407407408	34593794
b7-h1 antigen/antagonists &amp; inhibitors	immune checkpoint inhibitors/pharmacology	0.07407407407407408	34593794
nivolumab/therapeutic use	b7-h1 antigen/antagonists &amp; inhibitors	0.07407407407407408	31043744
aniline compounds/chemistry	cell line tumor	0.37037037037037035	34985903
b7-h1 antigen/antagonists &amp; inhibitors	reactive oxygen species/metabolism	0.45868945868945876	31043744
myeloid-derived suppressor cells/immunology	lymphocytes tumor-infiltrating/immunology	0.03703703703703704	33547170
aniline compounds/chemistry	exosomes/metabolism	0.03703703703703704	34985903
nivolumab/therapeutic use	fusion regulatory protein 1 heavy chain/metabolism	0.03703703703703704	31043744
myeloid-derived suppressor cells/immunology	cell line tumor/transplantation	0.07407407407407408	33547170
tumor suppressor protein p53/metabolism	antineoplastic agents/pharmacology	0.4017094017094017	33547170
phospholipid hydroperoxide glutathione peroxidase/antagonists &amp; inhibitors	reactive oxygen species/metabolism	0.2592592592592593	32778843
oxidative stress/drug effects	antineoplastic agents/pharmacology	0.4017094017094017	34093872
actins/metabolism	liver cirrhosis/drug therapy	0.03703703703703704	34811833
cells cultured	NOX4	0.07407407407407408	35197507
oxidative stress	CYREN	0.07407407407407408	32686685
b7-h1 antigen/antagonists &amp; inhibitors	interferon-gamma/immunology	0.07407407407407408	31043744
actins/metabolism	sorafenib/pharmacology	0.03703703703703704	34811833
cells cultured	FTH1	0.07407407407407408	35197507
b7-h1 antigen/antagonists &amp; inhibitors	cell line tumor	0.6125356125356125	31043744
lymph/metabolism	ferroptosis/drug effects	0	32814895
b7-h1 antigen/antagonists &amp; inhibitors	drug resistance neoplasm/drug effects	0.07407407407407408	34593794
adjuvants immunologic/chemistry	macrophages/cytology	0.07407407407407408	33236624
cell cycle/drug effects	glutathione/metabolism	0.11111111111111112	33926261
piperazines/pharmacology	carbolines/pharmacology	0.14529914529914534	32778843
drug resistance neoplasm	triple negative breast neoplasms/drug therapy	0.03703703703703704	34991659
interferon-gamma/metabolism	cell line tumor	0.37037037037037035	34985903
aniline compounds/chemistry	PDCD1	0.11111111111111112	34985903
drug resistance neoplasm	ferroptosis/drug effects	0	34991659
interferon-gamma/metabolism	exosomes/metabolism	0.03703703703703704	34985903
glutathione peroxidase/therapeutic use	GPX4	0.4074074074074075	31775041
cells cultured	NLRP3	0.07407407407407408	35197507
oxidative stress/drug effects	cell movement/drug effects	0.07407407407407408	34093872
glutathione peroxidase/therapeutic use	ROS1	0.14814814814814817	31775041
cells cultured	HMGB1	0.07407407407407408	35197507
nivolumab/therapeutic use	amino acid transport system y+/metabolism	0.07407407407407408	31043744
cells cultured	GPX4	0.15669515669515674	30787033
cells cultured	GPX4	0.15669515669515674	35197507
drug resistance neoplasm	tumor microenvironment/drug effects	0.14814814814814817	34991659
lymph/metabolism	cell survival	0.03703703703703704	32814895
oxidative stress/drug effects	iron/chemistry	0.07407407407407408	34093872
oxidative stress/drug effects	oleic acid/metabolism	0.07407407407407408	32814895
cells cultured	TLR4	0.14529914529914534	35197507
ferric compounds/chemistry	aniline compounds/chemistry	0.11111111111111113	34985903
drug resistance neoplasm	basic-leucine zipper transcription factors/analysis	0.03703703703703704	34991659
b7-h1 antigen/antagonists &amp; inhibitors	SLC9A1	0.14529914529914534	31043744
phospholipid hydroperoxide glutathione peroxidase/antagonists &amp; inhibitors	GPX4	0.4074074074074075	32778843
drug resistance neoplasm	tumor-associated macrophages/drug effects	0.03703703703703704	34991659
oxidative stress/drug effects	iron/metabolism	0.27920227920227925	32814895
interferon-gamma/metabolism	PDCD1	0.11111111111111112	34985903
b7-h1 antigen/antagonists &amp; inhibitors	SLC7A11	0.27920227920227925	31043744
oxidative stress/drug effects	phospholipid hydroperoxide glutathione peroxidase/metabolism	0.14529914529914534	32814895
oxidative stress/drug effects	cell survival/drug effects	0.21367521367521367	34093872
myeloid-derived suppressor cells/immunology	t-lymphocytes/immunology	0.03703703703703704	33547170
drug resistance neoplasm	TGFB1	0.03703703703703704	34991659
drug resistance neoplasm	HLF	0.03703703703703704	34991659
aniline compounds/chemistry	CD274	0.11111111111111112	34985903
oxidative stress/drug effects	tor serine-threonine kinases/metabolism	0.07407407407407408	34093872
interferon-gamma/metabolism	CD274	0.11111111111111112	34985903
oxidative stress/drug effects	amp-activated protein kinase kinases	0.07407407407407408	34093872
oxidative stress/drug effects	glutathione/metabolism	0.21367521367521367	32814895
drug resistance neoplasm	STAT3	0.03703703703703704	34991659
oxidative stress/drug effects	lung neoplasms/drug therapy	0.07407407407407408	34093872
actins/metabolism	hypoxia-inducible factor 1 alpha subunit/metabolism	0.03703703703703704	34811833
cell cycle/drug effects	autophagy-related proteins/genetics	0.03703703703703704	33926261
glutathione peroxidase/therapeutic use	PLEKHM1	0.03703703703703704	31775041
drug resistance neoplasm	SMAD3	0.03703703703703704	34991659
adjuvants immunologic/chemistry	gels/chemistry	0.03703703703703704	33236624
cell cycle/drug effects	ferroptosis/drug effects	0	33926261
glutathione peroxidase/therapeutic use	SPANXB1	0.03703703703703704	31775041
cell cycle/drug effects	jurkat cells	0.07407407407407408	33926261
ferric compounds/chemistry	adjuvants immunologic/chemistry	0.11111111111111113	33236624
cell cycle/drug effects	glutathione peroxidase/metabolism	0.03703703703703704	33926261
cell cycle/drug effects	flavonolignans/pharmacology	0.03703703703703704	33926261
nivolumab/therapeutic use	melanoma/genetics	0.03703703703703704	31043744
actins/metabolism	amino acid transport system y+/metabolism	0.07407407407407408	34811833
b7-h1 antigen/antagonists &amp; inhibitors	SLC3A2	0.07407407407407408	31043744
b7-h1 antigen/antagonists &amp; inhibitors	CD274	0.21367521367521367	34593794
phenylenediamines/pharmacology	hemodynamics/drug effects	0.07407407407407408	35197507
dna	proto-oncogene proteins p21(ras)/metabolism	0.03703703703703704	33311482
exosomes/drug effects	t-lymphocytes cytotoxic/drug effects	0.03703703703703704	34593794
lymph/metabolism	GPX4	0.4074074074074075	32814895
dna	ferroptosis/drug effects	0	33311482
drug resistance neoplasm	JAK2	0.03703703703703704	34991659
interferon-gamma/metabolism	RPL17-C18orf32	0.11111111111111112	34985903
b7-h1 antigen/antagonists &amp; inhibitors	CD8A	0.34188034188034183	31043744
phenylenediamines/pharmacology	adaptor proteins vesicular transport/genetics	0.07407407407407408	30830879
interferon-gamma/metabolism	RPL17	0.11111111111111112	34985903
dna	pancreatitis/genetics	0.03703703703703704	33311482
oxidative stress/drug effects	neoplasm metastasis/drug therapy	0.07407407407407408	32814895
aniline compounds/chemistry	RPL17-C18orf32	0.11111111111111112	34985903
adjuvants immunologic/chemistry	urinary bladder neoplasms/pathology	0.03703703703703704	33236624
aniline compounds/chemistry	RPL17	0.11111111111111112	34985903
phenylenediamines/pharmacology	myocardial reperfusion injury/drug therapy	0.07407407407407408	30830879
drug resistance neoplasm	IL6	0.03703703703703704	34991659
ferric compounds/chemistry	dextrans/chemistry	0.11111111111111113	33236624
exosomes/drug effects	hyaluronic acid/chemistry	0.03703703703703704	34593794
drug resistance neoplasm	GGT1	0.03703703703703704	34991659
exosomes/drug effects	benzylidene compounds/pharmacology	0.03703703703703704	34593794
cisplatin	tumor suppressor protein p53/metabolism	0.07407407407407408	35778693
cell cycle/drug effects	reactive oxygen species/metabolism	0.2592592592592593	33926261
lymph/metabolism	ACSL3	0.03703703703703704	32814895
dna	pancreas/metabolism	0.03703703703703704	33311482
oxidative stress/drug effects	ferroptosis/drug effects	0	34093872
oxidative stress/drug effects	ferroptosis/drug effects	0	32814895
exosomes/drug effects	cell line tumor/transplantation	0.07407407407407408	34593794
phenylenediamines/pharmacology	lung/blood supply	0.07407407407407408	35197507
dna	phospholipid hydroperoxide glutathione peroxidase/genetics	0.03703703703703704	33311482
fusion regulatory protein 1 heavy chain/metabolism	amino acid transport system y+/metabolism	0.07407407407407408	31043744
ferric compounds/chemistry	neoplasms/diagnostic imaging	0.11111111111111113	32686685
phenylenediamines/pharmacology	heart ventricles/diagnostic imaging	0.07407407407407408	35197507
macrophages	dna	0.03703703703703704	33311482
gene expression regulation neoplastic/drug effects	amino acid transport system y+/genetics	0.03703703703703704	31554642
phenylenediamines/pharmacology	toll-like receptor 4/metabolism	0.07407407407407408	35197507
macrophages	membrane proteins/genetics	0.03703703703703704	33311482
phenylenediamines/pharmacology	hypertension pulmonary/chemically induced	0.07407407407407408	35197507
aniline compounds/pharmacology	b7-h1 antigen/antagonists &amp; inhibitors	0.07407407407407408	34593794
ferric compounds/chemistry	b7-h1 antigen/metabolism	0.11111111111111113	34985903
macrophages	quinoxalines/pharmacology	0.03703703703703704	33311482
hypoxia-inducible factor 1 alpha subunit/metabolism	MMRN1	0.03703703703703704	34811833
adjuvants immunologic/chemistry	ferroptosis/drug effects	0	33236624
fusion regulatory protein 1 heavy chain/metabolism	melanoma/genetics	0.03703703703703704	31043744
oxidative stress/drug effects	macrophages/drug effects	0.27920227920227925	34093872
hypoxia-inducible factor 1 alpha subunit/metabolism	HIF1A	0.03703703703703704	34811833
phenylenediamines/pharmacology	nlr family pyrin domain-containing 3 protein/metabolism	0.07407407407407408	35197507
oxidative stress/drug effects	cell survival	0.07407407407407408	32814895
exosomes/drug effects	ferroptosis/drug effects	0	34593794
oxidative stress/drug effects	tumor microenvironment/drug effects	0.27920227920227925	34093872
macrophages	iron/metabolism	0.14814814814814817	33311482
cell cycle/drug effects	GPX4	0.4074074074074075	33926261
oxidative stress/drug effects	mitochondria/drug effects	0.14529914529914534	34093872
exosomes/drug effects	skin neoplasms/drug therapy	0.03703703703703704	34593794
phenylenediamines/pharmacology	ferroptosis/drug effects	0	35197507
phenylenediamines/pharmacology	ferroptosis/drug effects	0	30830879
ventricular function left/drug effects	neutrophils/immunology	0.03703703703703704	30830879
macrophages	biomarkers tumor	0.03703703703703704	33311482
cell cycle/drug effects	ROS1	0.14814814814814817	33926261
raw 264.7 cells	nf-e2-related factor 2/biosynthesis	0.03703703703703704	34717678
cell cycle/drug effects	ATG5	0.03703703703703704	33926261
oxidative stress/drug effects	nf-e2-related factor 2/genetics	0.07407407407407408	34093872
aniline compounds/pharmacology	immunologic memory	0.03703703703703704	34593794
dna	GPX4	0.4074074074074075	33311482
exosomes/drug effects	tumor microenvironment/drug effects	0.14814814814814817	34593794
phenylenediamines/pharmacology	neutrophil infiltration	0.07407407407407408	30830879
adjuvants immunologic/chemistry	reactive oxygen species/metabolism	0.2592592592592593	33236624
ventricular function left/drug effects	myocardium/immunology	0.03703703703703704	30830879
exosomes/drug effects	tumor escape/drug effects	0.03703703703703704	34593794
phenylenediamines/pharmacology	macrophages/metabolism	0.07407407407407408	35197507
aniline compounds/pharmacology	exosomes/drug effects	0.03703703703703704	34593794
adjuvants immunologic/chemistry	gold/chemistry	0.03703703703703704	33236624
oxidative stress/drug effects	cell line tumor	0.6125356125356125	34093872
exosomes/drug effects	immune checkpoint inhibitors/pharmacology	0.03703703703703704	34593794
adjuvants immunologic/chemistry	cell line tumor	0.37037037037037035	33236624
raw 264.7 cells	gene expression	0.03703703703703704	34717678
ferric compounds/chemistry	immunogenic cell death/drug effects	0.11111111111111113	34985903
exosomes/drug effects	drug resistance neoplasm/drug effects	0.03703703703703704	34593794
phenylenediamines/pharmacology	toll-like receptor 4/genetics	0.07407407407407408	30830879
ferric compounds/chemistry	macrophages/cytology	0.21367521367521367	33236624
phenylenediamines/pharmacology	hmgb1 protein/metabolism	0.07407407407407408	35197507
ferric compounds/chemistry	metal-organic frameworks/chemistry	0.11111111111111113	34985903
oxidative stress/drug effects	glycogen synthase kinase 3/metabolism	0.07407407407407408	34093872
immunogenic cell death/drug effects	ferroptosis/drug effects	0	34985903
phenylenediamines/pharmacology	inflammation/metabolism	0.07407407407407408	35197507
inflammasomes/metabolism	hmgb1 protein/metabolism	0.03703703703703704	35197507
phenylenediamines/pharmacology	TICAM1	0.07407407407407408	30830879
inflammasomes/metabolism	inflammation/metabolism	0.03703703703703704	35197507
raw 264.7 cells	cell survival/drug effects	0.11111111111111112	34717678
fusion regulatory protein 1 heavy chain/metabolism	cysteine/metabolism	0.03703703703703704	31043744
immunologic memory	exosomes/drug effects	0.03703703703703704	34593794
fusion regulatory protein 1 heavy chain/metabolism	ferroptosis/drug effects	0	31043744
membrane proteins/genetics	cell transformation neoplastic/genetics	0.03703703703703704	33311482
ventricular function left/drug effects	adaptor proteins vesicular transport/genetics	0.03703703703703704	30830879
immunologic memory	t-lymphocytes cytotoxic/drug effects	0.03703703703703704	34593794
dna	KDM8	0.03703703703703704	33311482
cation transport proteins/genetics	t-lymphocytes cytotoxic/immunology	0.03703703703703704	34062295
ferric compounds/chemistry	programmed cell death 1 receptor/metabolism	0.11111111111111113	34985903
ventricular function left/drug effects	myocardial reperfusion injury/drug therapy	0.03703703703703704	30830879
ferric compounds/chemistry	t-lymphocytes cytotoxic/metabolism	0.11111111111111113	32686685
gene expression regulation neoplastic/drug effects	cell survival/drug effects	0.11111111111111112	31554642
gene expression regulation neoplastic/drug effects	lipid metabolism/drug effects	0.03703703703703704	31554642
dna	STING1	0.03703703703703704	33311482
raw 264.7 cells	lipopolysaccharides/toxicity	0.03703703703703704	34717678
macrophages	cell transformation neoplastic/genetics	0.03703703703703704	33311482
phenylenediamines/pharmacology	NOX4	0.07407407407407408	35197507
immunologic memory	hyaluronic acid/chemistry	0.03703703703703704	34593794
oxidative stress/drug effects	CHRM1	0.14529914529914534	34093872
immunologic memory	benzylidene compounds/pharmacology	0.03703703703703704	34593794
b7-h1 antigen/metabolism	immunogenic cell death/drug effects	0.03703703703703704	34985903
oxidative stress/drug effects	GSK3B	0.07407407407407408	34093872
immunogenic cell death/drug effects	cell line tumor	0.37037037037037035	34985903
immunologic memory	cell line tumor/transplantation	0.07407407407407408	34593794
raw 264.7 cells	dose-response relationship drug	0.07407407407407408	34717678
immunogenic cell death/drug effects	exosomes/metabolism	0.03703703703703704	34985903
ferric compounds/chemistry	calreticulin/metabolism	0.11111111111111113	32686685
ferric compounds/chemistry	benzylidene compounds/chemistry	0.11111111111111113	34985903
raw 264.7 cells	inflammation mediators/antagonists &amp; inhibitors	0.03703703703703704	34717678
fusion regulatory protein 1 heavy chain/metabolism	reactive oxygen species/metabolism	0.2592592592592593	31043744
gene expression regulation neoplastic	cell proliferation/drug effects	0.07407407407407408	32778843
membrane proteins/genetics	carcinoma pancreatic ductal/metabolism	0.03703703703703704	33311482
membrane proteins/genetics	diet	0.03703703703703704	33311482
fusion regulatory protein 1 heavy chain/metabolism	interferon-gamma/immunology	0.03703703703703704	31043744
phenylenediamines/pharmacology	FTH1	0.07407407407407408	35197507
inflammasomes/metabolism	NOX4	0.03703703703703704	35197507
oxidative stress/drug effects	PDCD1	0.21367521367521367	34093872
gene expression regulation neoplastic	t-lymphocytes cytotoxic/immunology	0.07407407407407408	34062295
phenylenediamines/pharmacology	IFNA1	0.07407407407407408	30830879
macrophages	carcinoma pancreatic ductal/metabolism	0.03703703703703704	33311482
oxidative stress/drug effects	GPX4	0.658119658119658	32814895
macrophages	diet	0.03703703703703704	33311482
inflammasomes/metabolism	FTH1	0.03703703703703704	35197507
fusion regulatory protein 1 heavy chain/metabolism	cell line tumor	0.37037037037037035	31043744
b7-h1 antigen/metabolism	metal-organic frameworks/chemistry	0.03703703703703704	34985903
phenylenediamines/pharmacology	NLRP3	0.07407407407407408	35197507
macrophages	spiro compounds/pharmacology	0.03703703703703704	33311482
autophagy/drug effects	CD8A	0.34188034188034183	33277233
phenylenediamines/pharmacology	HMGB1	0.07407407407407408	35197507
b7-h1 antigen/metabolism	programmed cell death 1 receptor/metabolism	0.03703703703703704	34985903
inflammasomes/metabolism	NLRP3	0.03703703703703704	35197507
phenylenediamines/pharmacology	GPX4	0.658119658119658	35197507
inflammasomes/metabolism	HMGB1	0.03703703703703704	35197507
macrophages	proto-oncogene proteins p21(ras)/metabolism	0.03703703703703704	33311482
inflammasomes/metabolism	GPX4	0.4074074074074075	35197507
macrophages	ferroptosis/drug effects	0	33311482
gene expression regulation neoplastic/drug effects	sulfasalazine/administration &amp; dosage	0.03703703703703704	31554642
gene expression regulation neoplastic/drug effects	ferroptosis/drug effects	0	31554642
phenylenediamines/pharmacology	TLR4	0.002849002849002849	35197507
phenylenediamines/pharmacology	TLR4	0.002849002849002849	30830879
autophagy/drug effects	AIFM2	0.07407407407407408	33277233
inflammasomes/metabolism	TLR4	0.07407407407407408	35197507
membrane proteins/genetics	spiro compounds/pharmacology	0.03703703703703704	33311482
cation transport proteins/genetics	glioblastoma/genetics	0.03703703703703704	34062295
immunogenic cell death/drug effects	PDCD1	0.11111111111111112	34985903
oxidative stress/drug effects	PRKAA1	0.07407407407407408	34093872
fusion regulatory protein 1 heavy chain/metabolism	SLC9A1	0.07407407407407408	31043744
oxidative stress/drug effects	GABPA	0.07407407407407408	34093872
membrane proteins/genetics	proto-oncogene proteins p21(ras)/metabolism	0.03703703703703704	33311482
oxidative stress/drug effects	ACSL3	0.07407407407407408	32814895
membrane proteins/genetics	ferroptosis/drug effects	0	33311482
oxidative stress/drug effects	MTOR	0.07407407407407408	34093872
cation transport proteins/genetics	heat-shock proteins/genetics	0.03703703703703704	34062295
fusion regulatory protein 1 heavy chain/metabolism	SLC7A11	0.14814814814814817	31043744
exosomes/drug effects	CD274	0.11111111111111112	34593794
membrane proteins/genetics	pancreatitis/genetics	0.03703703703703704	33311482
oxidative stress/drug effects	BTRC	0.07407407407407408	34093872
membrane proteins/genetics	pancreas/metabolism	0.03703703703703704	33311482
oxidative stress/drug effects	PRKAA2	0.07407407407407408	34093872
cation transport proteins/genetics	brain neoplasms/genetics	0.03703703703703704	34062295
macrophages	pancreatitis/genetics	0.03703703703703704	33311482
oxidative stress/drug effects	CD274	0.21367521367521367	34093872
macrophages	pancreas/metabolism	0.03703703703703704	33311482
gene expression regulation neoplastic/drug effects	antineoplastic agents immunological/administration &amp; dosage	0.03703703703703704	31554642
gene expression regulation neoplastic	folic acid antagonists/pharmacology	0.07407407407407408	32778843
gene expression regulation neoplastic/drug effects	cell line tumor	0.37037037037037035	31554642
gene expression regulation neoplastic	tetrahydrofolate dehydrogenase/genetics	0.07407407407407408	32778843
immunologic memory	ferroptosis/drug effects	0	34593794
immunologic memory	skin neoplasms/drug therapy	0.03703703703703704	34593794
b7-h1 antigen/metabolism	benzylidene compounds/chemistry	0.03703703703703704	34985903
immunogenic cell death/drug effects	CD274	0.11111111111111112	34985903
bacterial toxins/metabolism	phenylenediamines/pharmacology	0.07407407407407408	35197507
ventricular function left/drug effects	ferroptosis/drug effects	0	30830879
gene expression regulation neoplastic/drug effects	SLC9A1	0.07407407407407408	31554642
gene expression regulation neoplastic	vitamin e/pharmacology	0.07407407407407408	32778843
membrane proteins/genetics	phospholipid hydroperoxide glutathione peroxidase/genetics	0.03703703703703704	33311482
quinoxalines/pharmacology	iron/metabolism	0.14814814814814817	33311482
gene expression regulation neoplastic	dose-response relationship drug	0.14529914529914534	32778843
gene expression regulation neoplastic/drug effects	ATM	0.03703703703703704	31554642
gene expression regulation neoplastic	antioxidants/pharmacology	0.07407407407407408	32778843
gene expression regulation neoplastic/drug effects	SLC7A11	0.14814814814814817	31554642
quinoxalines/pharmacology	biomarkers tumor	0.03703703703703704	33311482
ventricular function left/drug effects	neutrophil infiltration	0.03703703703703704	30830879
amino acid transport system y+/metabolism	MMRN1	0.07407407407407408	34811833
cation transport proteins/genetics	acetaminophen/pharmacology	0.03703703703703704	34062295
fusion regulatory protein 1 heavy chain/metabolism	SLC3A2	0.03703703703703704	31043744
phenylenediamines/pharmacology	TRIM69	0.07407407407407408	30830879
cation transport proteins/genetics	ferroptosis/drug effects	0	34062295
amino acid transport system y+/metabolism	CD8A	0.34188034188034183	31043744
oxidative stress/drug effects	NFE2L2	0.14529914529914534	34093872
amino acid transport system y+/metabolism	HIF1A	0.07407407407407408	34811833
fusion regulatory protein 1 heavy chain/metabolism	CD8A	0.1851851851851852	31043744
myocardium/immunology	TRIM69	0.03703703703703704	30830879
oxidative stress/drug effects	CD8A	0.34188034188034183	34093872
precursor cell lymphoblastic leukemia-lymphoma/metabolism	antineoplastic agents/pharmacology	0.22222222222222224	33926261
neutral ceramidase/antagonists &amp; inhibitors	antineoplastic agents/pharmacology	0.22222222222222224	33547170
oxidative stress/drug effects	PRKAB1	0.07407407407407408	34093872
bacterial toxins/metabolism	inflammasomes/metabolism	0.03703703703703704	35197507
gene expression regulation neoplastic	glioblastoma/genetics	0.07407407407407408	34062295
oxidative stress/drug effects	RPL17-C18orf32	0.21367521367521367	34093872
b7-h1 antigen/metabolism	phenol/chemistry	0.03703703703703704	34985903
precursor cell lymphoblastic leukemia-lymphoma/metabolism	autophagy/drug effects	0.07407407407407408	33926261
oxidative stress/drug effects	RPL17	0.21367521367521367	34093872
gene expression regulation neoplastic/drug effects	CD8A	0.1851851851851852	31554642
oxidative stress/drug effects	MRLN	0.14529914529914534	34093872
oxidative stress/drug effects	CTLA4	0.07407407407407408	34093872
gene expression regulation neoplastic	heat-shock proteins/genetics	0.07407407407407408	34062295
immunologic memory	tumor microenvironment/drug effects	0.14814814814814817	34593794
immunogenic cell death/drug effects	RPL17-C18orf32	0.11111111111111112	34985903
immunogenic cell death/drug effects	RPL17	0.11111111111111112	34985903
gene expression regulation neoplastic	brain neoplasms/genetics	0.07407407407407408	34062295
immunologic memory	tumor escape/drug effects	0.03703703703703704	34593794
b7-h1 antigen/metabolism	cd8-positive t-lymphocytes/cytology	0.07407407407407408	34985903
immunologic memory	immune checkpoint inhibitors/pharmacology	0.03703703703703704	34593794
ventricular function left/drug effects	toll-like receptor 4/genetics	0.03703703703703704	30830879
dichloroacetic acid/chemistry	macrophages/cytology	0.07407407407407408	31509699
neutral ceramidase/antagonists &amp; inhibitors	lymphocytes tumor-infiltrating/immunology	0.03703703703703704	33547170
dichloroacetic acid/chemistry	biological products/chemistry	0.03703703703703704	31509699
neutral ceramidase/antagonists &amp; inhibitors	cell line tumor/transplantation	0.07407407407407408	33547170
bacterial toxins/metabolism	hemodynamics/drug effects	0.03703703703703704	35197507
gene expression regulation neoplastic	acetaminophen/pharmacology	0.07407407407407408	34062295
immunologic memory	drug resistance neoplasm/drug effects	0.03703703703703704	34593794
dichloroacetic acid/chemistry	protein kinase inhibitors/chemistry	0.03703703703703704	31509699
ventricular function left/drug effects	TICAM1	0.03703703703703704	30830879
b7-h1 antigen/metabolism	ferroptosis/drug effects	0	34985903
quinoxalines/pharmacology	cell transformation neoplastic/genetics	0.03703703703703704	33311482
diterpenes/pharmacology	lymphoma t-cell	0.03703703703703704	35778693
gene expression regulation neoplastic	ferroptosis/drug effects	0	32778843
gene expression regulation neoplastic	ferroptosis/drug effects	0	34062295
cation transport proteins/genetics	hyaluronan receptors/genetics	0.03703703703703704	34062295
quinoxalines/pharmacology	carcinoma pancreatic ductal/metabolism	0.03703703703703704	33311482
gene expression regulation neoplastic	jurkat cells	0.14529914529914534	32778843
quinoxalines/pharmacology	diet	0.03703703703703704	33311482
gene expression regulation neoplastic	methotrexate/pharmacology	0.07407407407407408	32778843
quinoxalines/pharmacology	spiro compounds/pharmacology	0.03703703703703704	33311482
membrane proteins/genetics	GPX4	0.4074074074074075	33311482
gene expression regulation neoplastic	biopterins/analogs &amp; derivatives	0.07407407407407408	32778843
dichloroacetic acid/chemistry	drug synergism	0.03703703703703704	31509699
cytokines/metabolism	bone marrow/drug effects	0.07407407407407408	32134361
dichloroacetic acid/chemistry	saponins/chemistry	0.03703703703703704	31509699
dichloroacetic acid/chemistry	antineoplastic agents/chemistry	0.03703703703703704	31509699
gene expression regulation neoplastic	cystine/antagonists &amp; inhibitors	0.07407407407407408	32778843
amino acid transport system y+/genetics	cell survival/drug effects	0.11111111111111112	31554642
bacterial toxins/metabolism	lung/blood supply	0.03703703703703704	35197507
amino acid transport system y+/genetics	lipid metabolism/drug effects	0.03703703703703704	31554642
ventricular function left/drug effects	IFNA1	0.03703703703703704	30830879
cytokines/metabolism	necroptosis/drug effects	0.07407407407407408	32134361
precursor cell lymphoblastic leukemia-lymphoma/metabolism	glutathione/metabolism	0.11111111111111112	33926261
gene expression regulation neoplastic	reactive oxygen species/metabolism	0.45868945868945876	32778843
cytokines/metabolism	small molecule libraries/pharmacology	0.07407407407407408	32134361
gene expression regulation neoplastic	hyaluronan receptors/genetics	0.07407407407407408	34062295
cation transport proteins/genetics	HSPB1	0.03703703703703704	34062295
neutral ceramidase/antagonists &amp; inhibitors	t-lymphocytes/immunology	0.03703703703703704	33547170
cation transport proteins/genetics	SLC40A1	0.03703703703703704	34062295
quinoxalines/pharmacology	proto-oncogene proteins p21(ras)/metabolism	0.03703703703703704	33311482
quinoxalines/pharmacology	ferroptosis/drug effects	0	33311482
kidney	malondialdehyde/blood	0.03703703703703704	34396451
quinoxalines/pharmacology	pancreatitis/genetics	0.03703703703703704	33311482
dichloroacetic acid/chemistry	energy metabolism/drug effects	0.03703703703703704	31509699
gene expression regulation neoplastic	HSPB1	0.07407407407407408	34062295
kidney	spleen/pathology	0.03703703703703704	34396451
bacterial toxins/metabolism	heart ventricles/diagnostic imaging	0.03703703703703704	35197507
quinoxalines/pharmacology	pancreas/metabolism	0.03703703703703704	33311482
gene expression regulation neoplastic	SLC40A1	0.07407407407407408	34062295
immunologic memory	CD274	0.11111111111111112	34593794
b7-h1 antigen/metabolism	cell line tumor	0.37037037037037035	34985903
membrane proteins/genetics	KDM8	0.03703703703703704	33311482
bacterial toxins/metabolism	toll-like receptor 4/metabolism	0.03703703703703704	35197507
quinoxalines/pharmacology	phospholipid hydroperoxide glutathione peroxidase/genetics	0.03703703703703704	33311482
glutathione peroxidase/therapeutic use	b-lymphocytes/metabolism	0.03703703703703704	31775041
gene expression regulation neoplastic	GPX4	0.658119658119658	32778843
bacterial toxins/metabolism	hypertension pulmonary/chemically induced	0.03703703703703704	35197507
membrane proteins/genetics	STING1	0.03703703703703704	33311482
neutral ceramidase/antagonists &amp; inhibitors	ferroptosis/drug effects	0	33547170
ventricular function left/drug effects	TLR4	0.07407407407407408	30830879
kidney	ferroptosis/drug effects	0	34396451
diterpenes/pharmacology	ferroptosis/drug effects	0	35778693
b7-h1 antigen/metabolism	exosomes/metabolism	0.03703703703703704	34985903
precursor cell lymphoblastic leukemia-lymphoma/metabolism	autophagy-related proteins/genetics	0.03703703703703704	33926261
gene expression regulation neoplastic	CD44	0.07407407407407408	34062295
diterpenes/pharmacology	killer cells natural/metabolism	0.03703703703703704	35778693
dichloroacetic acid/chemistry	ferroptosis/drug effects	0	31509699
antineoplastic agents/pharmacology	gene expression regulation neoplastic	0.4017094017094018	32778843
glutathione peroxidase/therapeutic use	ferroptosis/drug effects	0	31775041
antineoplastic agents/pharmacology	autophagy/drug effects	0.04273504273504274	33277233
antineoplastic agents/pharmacology	autophagy/drug effects	0.04273504273504274	33926261
cation transport proteins/genetics	CD44	0.03703703703703704	34062295
phospholipid hydroperoxide glutathione peroxidase/antagonists &amp; inhibitors	antineoplastic agents/pharmacology	0.22222222222222224	32778843
ventricular function left/drug effects	TRIM69	0.03703703703703704	30830879
biological products/chemistry	protein kinase inhibitors/chemistry	0.03703703703703704	31509699
neutral ceramidase/antagonists &amp; inhibitors	membrane proteins/metabolism	0.03703703703703704	33547170
bacterial toxins/metabolism	nlr family pyrin domain-containing 3 protein/metabolism	0.03703703703703704	35197507
amino acid transport system y+/genetics	sulfasalazine/administration &amp; dosage	0.03703703703703704	31554642
antineoplastic agents/pharmacology	cell movement/drug effects	0.22222222222222227	34093872
amino acid transport system y+/genetics	ferroptosis/drug effects	0	31554642
cytokines/metabolism	ileum/drug effects	0.07407407407407408	32134361
kidney	iron/blood	0.03703703703703704	34396451
dichloroacetic acid/chemistry	neoplasms/drug therapy	0.07407407407407408	31509699
phospholipid hydroperoxide glutathione peroxidase/antagonists &amp; inhibitors	gene expression regulation neoplastic	0.07407407407407408	32778843
antineoplastic agents/pharmacology	cell proliferation/drug effects	0.22222222222222227	32778843
macrophages/cytology	biological products/chemistry	0.07407407407407408	31509699
kidney	liver/pathology	0.03703703703703704	34396451
antineoplastic agents/pharmacology	iron/chemistry	0.22222222222222227	34093872
phospholipid hydroperoxide glutathione peroxidase	glutathione	0.03703703703703704	34396451
bacterial toxins/metabolism	ferroptosis/drug effects	0	35197507
antineoplastic agents/pharmacology	lymphocytes tumor-infiltrating/immunology	0.22222222222222227	33547170
b7-h1 antigen/metabolism	PDCD1	0.11111111111111112	34985903
antineoplastic agents/pharmacology	folic acid antagonists/pharmacology	0.22222222222222227	32778843
dichloroacetic acid/chemistry	mitochondria/drug effects	0.07407407407407408	31509699
antineoplastic agents/pharmacology	cell line tumor/transplantation	0.4017094017094018	33547170
kidney	cell line tumor	0.37037037037037035	34396451
antineoplastic agents/pharmacology	tetrahydrofolate dehydrogenase/genetics	0.22222222222222227	32778843
precursor cell lymphoblastic leukemia-lymphoma/metabolism	ferroptosis/drug effects	0	33926261
dichloroacetic acid/chemistry	pyruvate dehydrogenase acetyl-transferring kinase/antagonists &amp; inhibitors	0.03703703703703704	31509699
phospholipid hydroperoxide glutathione peroxidase	kidney	0.03703703703703704	34396451
precursor cell lymphoblastic leukemia-lymphoma/metabolism	jurkat cells	0.07407407407407408	33926261
glutathione peroxidase/therapeutic use	cytoskeletal proteins/metabolism	0.03703703703703704	31775041
antineoplastic agents/pharmacology	cell survival/drug effects	0.5452991452991454	34093872
neutral ceramidase/antagonists &amp; inhibitors	tumor microenvironment/drug effects	0.14814814814814817	33547170
cytokines/metabolism	cd8-positive t-lymphocytes/cytology	0.14529914529914534	33691090
amino acid transport system y+/genetics	antineoplastic agents immunological/administration &amp; dosage	0.03703703703703704	31554642
antineoplastic agents/pharmacology	tor serine-threonine kinases/metabolism	0.22222222222222227	34093872
amino acid transport system y+/genetics	cell line tumor	0.37037037037037035	31554642
antineoplastic agents/pharmacology	amp-activated protein kinase kinases	0.22222222222222227	34093872
precursor cell lymphoblastic leukemia-lymphoma/metabolism	glutathione peroxidase/metabolism	0.03703703703703704	33926261
cytokines/metabolism	antibodies monoclonal humanized/pharmacology	0.07407407407407408	33691090
diterpenes/pharmacology	reactive oxygen species/metabolism	0.2592592592592593	35778693
biological products/chemistry	drug synergism	0.03703703703703704	31509699
precursor cell lymphoblastic leukemia-lymphoma/metabolism	flavonolignans/pharmacology	0.03703703703703704	33926261
diterpenes/pharmacology	asparaginase	0.03703703703703704	35778693
neutral ceramidase/antagonists &amp; inhibitors	colonic neoplasms/drug therapy	0.03703703703703704	33547170
neutral ceramidase/antagonists &amp; inhibitors	heme oxygenase-1/metabolism	0.03703703703703704	33547170
cytokines/metabolism	cd36 antigens/antagonists &amp; inhibitors	0.07407407407407408	33691090
neutral ceramidase/antagonists &amp; inhibitors	reactive oxygen species/metabolism	0.2592592592592593	33547170
b7-h1 antigen/metabolism	CD274	0.11111111111111112	34985903
amino acid transport system y+/genetics	SLC9A1	0.07407407407407408	31554642
bacterial toxins/metabolism	macrophages/metabolism	0.03703703703703704	35197507
precursor cell lymphoblastic leukemia-lymphoma/metabolism	reactive oxygen species/metabolism	0.2592592592592593	33926261
glutathione peroxidase/therapeutic use	BDKRB2	0.03703703703703704	31775041
amino acid transport system y+/genetics	ATM	0.03703703703703704	31554642
cytokines/metabolism	drug interactions	0.07407407407407408	32134361
antineoplastic agents/pharmacology	glutathione/metabolism	0.5452991452991454	33926261
glutathione peroxidase/therapeutic use	BBS9	0.03703703703703704	31775041
antineoplastic agents/pharmacology	lung neoplasms/drug therapy	0.22222222222222227	34093872
quinoxalines/pharmacology	GPX4	0.4074074074074075	33311482
dichloroacetic acid/chemistry	cell line tumor	0.37037037037037035	31509699
phospholipid hydroperoxide glutathione peroxidase/antagonists &amp; inhibitors	cell proliferation/drug effects	0.03703703703703704	32778843
b7-h1 antigen/metabolism	RPL17-C18orf32	0.11111111111111112	34985903
antineoplastic agents/pharmacology	vitamin e/pharmacology	0.22222222222222227	32778843
glutathione peroxidase/therapeutic use	MS4A1	0.03703703703703704	31775041
b7-h1 antigen/metabolism	RPL17	0.11111111111111112	34985903
antineoplastic agents/pharmacology	dose-response relationship drug	0.4017094017094018	32778843
macrophages/cytology	protein kinase inhibitors/chemistry	0.07407407407407408	31509699
bacterial toxins/metabolism	hmgb1 protein/metabolism	0.03703703703703704	35197507
antineoplastic agents/pharmacology	antioxidants/pharmacology	0.22222222222222227	32778843
phospholipid hydroperoxide glutathione peroxidase/antagonists &amp; inhibitors	folic acid antagonists/pharmacology	0.03703703703703704	32778843
phospholipid hydroperoxide glutathione peroxidase/antagonists &amp; inhibitors	tetrahydrofolate dehydrogenase/genetics	0.03703703703703704	32778843
phospholipid hydroperoxide glutathione peroxidase	malondialdehyde/blood	0.03703703703703704	34396451
diterpenes/pharmacology	CCK	0.07407407407407408	35778693
antineoplastic agents/pharmacology	endoplasmic reticulum/drug effects	0.22222222222222227	33277233
phospholipid hydroperoxide glutathione peroxidase	spleen/pathology	0.03703703703703704	34396451
antineoplastic agents/pharmacology	t-lymphocytes/immunology	0.22222222222222227	33547170
cell movement/drug effects	iron/chemistry	0.03703703703703704	34093872
phospholipid hydroperoxide glutathione peroxidase	ferroptosis/drug effects	0	34396451
cytokines/metabolism	ferroptosis/drug effects	0	32134361
cytokines/metabolism	ferroptosis/drug effects	0	33691090
biological products/chemistry	saponins/chemistry	0.03703703703703704	31509699
diterpenes/pharmacology	TP53	0.11111111111111112	35778693
biological products/chemistry	antineoplastic agents/chemistry	0.03703703703703704	31509699
neutral ceramidase/antagonists &amp; inhibitors	HMOX1	0.03703703703703704	33547170
macrophages/cytology	gels/chemistry	0.07407407407407408	33236624
macrophages/cytology	drug synergism	0.07407407407407408	31509699
cell movement/drug effects	cell survival/drug effects	0.11111111111111112	34093872
cytokines/metabolism	multiple myeloma/drug therapy	0.07407407407407408	33691090
biological products/chemistry	energy metabolism/drug effects	0.03703703703703704	31509699
bacterial toxins/metabolism	inflammation/metabolism	0.03703703703703704	35197507
phospholipid hydroperoxide glutathione peroxidase	iron/blood	0.03703703703703704	34396451
neutral ceramidase/antagonists &amp; inhibitors	TP53	0.11111111111111112	33547170
amino acid transport system y+/genetics	SLC7A11	0.14814814814814817	31554642
cell movement/drug effects	tor serine-threonine kinases/metabolism	0.03703703703703704	34093872
malaria/genetics	genetic variation	0.03703703703703704	31980600
cell movement/drug effects	amp-activated protein kinase kinases	0.03703703703703704	34093872
malaria/genetics	iron/metabolism	0.14814814814814817	31980600
quinoxalines/pharmacology	KDM8	0.03703703703703704	33311482
cell movement/drug effects	lung neoplasms/drug therapy	0.03703703703703704	34093872
phospholipid hydroperoxide glutathione peroxidase	liver/pathology	0.03703703703703704	34396451
bacterial toxins/metabolism	NOX4	0.03703703703703704	35197507
malaria/genetics	hemeproteins/toxicity	0.03703703703703704	31980600
phospholipid hydroperoxide glutathione peroxidase	cell line tumor	0.37037037037037035	34396451
diterpenes/pharmacology	SLC7A11	0.14814814814814817	35778693
quinoxalines/pharmacology	STING1	0.03703703703703704	33311482
metal-organic frameworks/chemistry	programmed cell death 1 receptor/metabolism	0.03703703703703704	34985903
antineoplastic agents/pharmacology	triple negative breast neoplasms/drug therapy	0.22222222222222227	34991659
macrophages/cytology	saponins/chemistry	0.07407407407407408	31509699
diterpenes/pharmacology	GPX4	0.4074074074074075	35778693
amino acid transport system y+/genetics	CD8A	0.1851851851851852	31554642
antineoplastic agents/pharmacology	autophagy-related proteins/genetics	0.22222222222222227	33926261
biological products/chemistry	ferroptosis/drug effects	0	31509699
macrophages/cytology	antineoplastic agents/chemistry	0.07407407407407408	31509699
biological products/chemistry	neoplasms/drug therapy	0.07407407407407408	31509699
phospholipid hydroperoxide glutathione peroxidase/antagonists &amp; inhibitors	vitamin e/pharmacology	0.03703703703703704	32778843
macrophages/cytology	urinary bladder neoplasms/pathology	0.07407407407407408	33236624
antineoplastic agents/pharmacology	ferroptosis/drug effects	0	33547170
antineoplastic agents/pharmacology	ferroptosis/drug effects	0	34991659
antineoplastic agents/pharmacology	ferroptosis/drug effects	0	34093872
antineoplastic agents/pharmacology	ferroptosis/drug effects	0	33277233
antineoplastic agents/pharmacology	ferroptosis/drug effects	0	33926261
antineoplastic agents/pharmacology	ferroptosis/drug effects	0	32778843
malaria/genetics	liver x receptors/agonists	0.03703703703703704	31980600
antineoplastic agents/pharmacology	jurkat cells	0.04273504273504274	32778843
antineoplastic agents/pharmacology	jurkat cells	0.04273504273504274	33926261
phospholipid hydroperoxide glutathione peroxidase/antagonists &amp; inhibitors	dose-response relationship drug	0.07407407407407408	32778843
antineoplastic agents/pharmacology	neoplasms/drug therapy	0.4017094017094018	33277233
phospholipid hydroperoxide glutathione peroxidase/antagonists &amp; inhibitors	antioxidants/pharmacology	0.03703703703703704	32778843
malaria/genetics	transferrin/metabolism	0.03703703703703704	31980600
cytokines/metabolism	reactive oxygen species/metabolism	0.45868945868945876	33691090
antineoplastic agents/pharmacology	methotrexate/pharmacology	0.22222222222222227	32778843
macrophages/cytology	energy metabolism/drug effects	0.07407407407407408	31509699
biological products/chemistry	mitochondria/drug effects	0.07407407407407408	31509699
dichloroacetic acid/chemistry	ROS1	0.14814814814814817	31509699
precursor cell lymphoblastic leukemia-lymphoma/metabolism	GPX4	0.4074074074074075	33926261
biological products/chemistry	pyruvate dehydrogenase acetyl-transferring kinase/antagonists &amp; inhibitors	0.03703703703703704	31509699
cytokines/metabolism	cell line tumor	0.6125356125356125	33691090
bacterial toxins/metabolism	FTH1	0.03703703703703704	35197507
cytokines/metabolism	radiation-protective agents/pharmacology	0.07407407407407408	32134361
precursor cell lymphoblastic leukemia-lymphoma/metabolism	ROS1	0.14814814814814817	33926261
malaria/genetics	tumor suppressor protein p53/genetics	0.03703703703703704	31980600
precursor cell lymphoblastic leukemia-lymphoma/metabolism	ATG5	0.03703703703703704	33926261
phospholipid hydroperoxide glutathione peroxidase/antagonists &amp; inhibitors	ferroptosis/drug effects	0	32778843
phospholipid hydroperoxide glutathione peroxidase/antagonists &amp; inhibitors	jurkat cells	0.07407407407407408	32778843
antineoplastic agents/pharmacology	biopterins/analogs &amp; derivatives	0.22222222222222227	32778843
cytokines/metabolism	CD36	0.07407407407407408	33691090
antineoplastic agents/pharmacology	macrophages/drug effects	0.6589743589743589	34093872
antineoplastic agents/pharmacology	glutathione peroxidase/metabolism	0.22222222222222227	33926261
neutral ceramidase/antagonists &amp; inhibitors	ASAH2	0.03703703703703704	33547170
antineoplastic agents/pharmacology	flavonolignans/pharmacology	0.22222222222222227	33926261
phospholipid hydroperoxide glutathione peroxidase/antagonists &amp; inhibitors	methotrexate/pharmacology	0.03703703703703704	32778843
phospholipid hydroperoxide glutathione peroxidase/antagonists &amp; inhibitors	biopterins/analogs &amp; derivatives	0.03703703703703704	32778843
t-lymphocytes cytotoxic/drug effects	hyaluronic acid/chemistry	0.03703703703703704	34593794
biological products/chemistry	cell line tumor	0.37037037037037035	31509699
diterpenes/pharmacology	XK	0.03703703703703704	35778693
t-lymphocytes cytotoxic/drug effects	benzylidene compounds/pharmacology	0.03703703703703704	34593794
cell movement/drug effects	ferroptosis/drug effects	0	34093872
macrophages/cytology	ferroptosis/drug effects	0	33236624
macrophages/cytology	ferroptosis/drug effects	0	31509699
antineoplastic agents/pharmacology	membrane proteins/metabolism	0.22222222222222227	33547170
metal-organic frameworks/chemistry	benzylidene compounds/chemistry	0.03703703703703704	34985903
t-lymphocytes cytotoxic/drug effects	cell line tumor/transplantation	0.07407407407407408	34593794
antineoplastic agents/pharmacology	tumor microenvironment/drug effects	0.02478632478632479	34093872
antineoplastic agents/pharmacology	tumor microenvironment/drug effects	0.02478632478632479	33547170
antineoplastic agents/pharmacology	tumor microenvironment/drug effects	0.02478632478632479	34991659
malaria/genetics	ferroptosis/drug effects	0	31980600
bacterial toxins/metabolism	NLRP3	0.03703703703703704	35197507
cell movement/drug effects	macrophages/drug effects	0.14814814814814817	34093872
antineoplastic agents/pharmacology	mitochondria/drug effects	0.4017094017094018	34093872
antineoplastic agents/pharmacology	cystine/antagonists &amp; inhibitors	0.22222222222222227	32778843
bacterial toxins/metabolism	HMGB1	0.03703703703703704	35197507
bacterial toxins/metabolism	GPX4	0.4074074074074075	35197507
antineoplastic agents/pharmacology	nf-e2-related factor 2/genetics	0.22222222222222227	34093872
cell movement/drug effects	tumor microenvironment/drug effects	0.14814814814814817	34093872
diterpenes/pharmacology	ASPG	0.03703703703703704	35778693
cytokines/metabolism	PDCD1	0.21367521367521367	33691090
drug resistance neoplasm	antineoplastic agents/pharmacology	0.22222222222222224	34991659
diterpenes/pharmacology	NLRP1	0.03703703703703704	35778693
cell proliferation/drug effects	vitamin e/pharmacology	0.03703703703703704	32778843
bacterial toxins/metabolism	TLR4	0.07407407407407408	35197507
macrophages/cytology	neoplasms/drug therapy	0.14529914529914534	31509699
nf-e2-related factor 2/biosynthesis	gene expression	0.03703703703703704	34717678
biological products/chemistry	ROS1	0.14814814814814817	31509699
nf-e2-related factor 2/biosynthesis	cell survival/drug effects	0.11111111111111112	34717678
neutrophils/immunology	myocardium/immunology	0.03703703703703704	30830879
malaria/genetics	ferritins/blood	0.03703703703703704	31980600
nf-e2-related factor 2/biosynthesis	lipopolysaccharides/toxicity	0.03703703703703704	34717678
metal-organic frameworks/chemistry	phenol/chemistry	0.03703703703703704	34985903
hypoxia-inducible factor 1 alpha subunit/metabolism	amino acid transport system y+/metabolism	0.07407407407407408	34811833
malaria/genetics	macrophages/drug effects	0.14814814814814817	31980600
neutrophils/immunology	adaptor proteins vesicular transport/genetics	0.03703703703703704	30830879
cell movement/drug effects	mitochondria/drug effects	0.07407407407407408	34093872
programmed cell death 1 receptor/metabolism	benzylidene compounds/chemistry	0.03703703703703704	34985903
cell proliferation/drug effects	dose-response relationship drug	0.07407407407407408	32778843
metal-organic frameworks/chemistry	cd8-positive t-lymphocytes/cytology	0.07407407407407408	34985903
neutrophils/immunology	myocardial reperfusion injury/drug therapy	0.03703703703703704	30830879
cell movement/drug effects	nf-e2-related factor 2/genetics	0.03703703703703704	34093872
antineoplastic agents/pharmacology	colonic neoplasms/drug therapy	0.22222222222222227	33547170
cell proliferation/drug effects	antioxidants/pharmacology	0.03703703703703704	32778843
antineoplastic agents/pharmacology	heme oxygenase-1/metabolism	0.22222222222222227	33547170
programmed cell death 1 receptor/metabolism	phenol/chemistry	0.03703703703703704	34985903
antineoplastic agents/pharmacology	reactive oxygen species/metabolism	0.1587007195702848	33547170
antineoplastic agents/pharmacology	reactive oxygen species/metabolism	0.1587007195702848	32778843
antineoplastic agents/pharmacology	reactive oxygen species/metabolism	0.1587007195702848	33926261
antineoplastic agents/pharmacology	basic-leucine zipper transcription factors/analysis	0.22222222222222227	34991659
antineoplastic agents/pharmacology	tumor-associated macrophages/drug effects	0.22222222222222227	34991659
antineoplastic agents/pharmacology	cell line tumor	0.7491436100131752	34093872
antineoplastic agents/pharmacology	cell line tumor	0.7491436100131752	33277233
programmed cell death 1 receptor/metabolism	cd8-positive t-lymphocytes/cytology	0.07407407407407408	34985903
macrophages/cytology	mitochondria/drug effects	0.14529914529914534	31509699
antineoplastic agents/pharmacology	glycogen synthase kinase 3/metabolism	0.22222222222222227	34093872
macrophages/cytology	pyruvate dehydrogenase acetyl-transferring kinase/antagonists &amp; inhibitors	0.07407407407407408	31509699
malaria/genetics	listeriosis/etiology	0.03703703703703704	31980600
cytokines/metabolism	CD8A	0.34188034188034183	33691090
antineoplastic agents/pharmacology	HMOX1	0.22222222222222227	33547170
nf-e2-related factor 2/biosynthesis	dose-response relationship drug	0.07407407407407408	34717678
antineoplastic agents/pharmacology	TGFB1	0.22222222222222227	34991659
antineoplastic agents/pharmacology	HLF	0.22222222222222227	34991659
cytokines/metabolism	RPL17-C18orf32	0.21367521367521367	33691090
cytokines/metabolism	RPL17	0.21367521367521367	33691090
antineoplastic agents/pharmacology	STAT3	0.22222222222222227	34991659
nf-e2-related factor 2/biosynthesis	inflammation mediators/antagonists &amp; inhibitors	0.03703703703703704	34717678
programmed cell death 1 receptor/metabolism	ferroptosis/drug effects	0	34985903
autophagy/drug effects	glutathione/metabolism	0.21367521367521367	33926261
neutrophils/immunology	ferroptosis/drug effects	0	30830879
metal-organic frameworks/chemistry	ferroptosis/drug effects	0	34985903
autophagy/drug effects	endoplasmic reticulum/drug effects	0.07407407407407408	33277233
t-lymphocytes cytotoxic/drug effects	ferroptosis/drug effects	0	34593794
inflammasomes/metabolism	hemodynamics/drug effects	0.03703703703703704	35197507
antineoplastic agents/pharmacology	TP53	0.5452991452991454	33547170
malaria/genetics	TP53	0.11111111111111112	31980600
t-lymphocytes cytotoxic/drug effects	skin neoplasms/drug therapy	0.03703703703703704	34593794
neutrophils/immunology	neutrophil infiltration	0.03703703703703704	30830879
autophagy/drug effects	autophagy-related proteins/genetics	0.07407407407407408	33926261
cell proliferation/drug effects	ferroptosis/drug effects	0	32778843
dna	membrane proteins/genetics	0.03703703703703704	33311482
cell proliferation/drug effects	jurkat cells	0.07407407407407408	32778843
programmed cell death 1 receptor/metabolism	cell line tumor	0.37037037037037035	34985903
antineoplastic agents/pharmacology	CHRM1	0.4017094017094018	34093872
antineoplastic agents/pharmacology	GSK3B	0.22222222222222227	34093872
antineoplastic agents/pharmacology	SMAD3	0.22222222222222227	34991659
cell proliferation/drug effects	methotrexate/pharmacology	0.03703703703703704	32778843
antineoplastic agents/pharmacology	PDCD1	0.5452991452991454	34093872
dna	quinoxalines/pharmacology	0.03703703703703704	33311482
cell proliferation/drug effects	biopterins/analogs &amp; derivatives	0.03703703703703704	32778843
neutrophils/immunology	toll-like receptor 4/genetics	0.03703703703703704	30830879
antineoplastic agents/pharmacology	ACSL4	0.22222222222222227	33277233
programmed cell death 1 receptor/metabolism	exosomes/metabolism	0.03703703703703704	34985903
nf-e2-related factor 2/biosynthesis	ferroptosis/drug effects	0	34717678
cell movement/drug effects	cell line tumor	0.37037037037037035	34093872
macrophages/cytology	reactive oxygen species/metabolism	0.45868945868945876	33236624
cell movement/drug effects	glycogen synthase kinase 3/metabolism	0.03703703703703704	34093872
benzylidene compounds/pharmacology	ferroptosis/drug effects	0	34593794
macrophages/cytology	gold/chemistry	0.07407407407407408	33236624
macrophages/cytology	cell line tumor	0.12820512820512822	33236624
macrophages/cytology	cell line tumor	0.12820512820512822	31509699
autophagy/drug effects	ferroptosis/drug effects	0	33277233
autophagy/drug effects	ferroptosis/drug effects	0	33926261
benzylidene compounds/pharmacology	skin neoplasms/drug therapy	0.03703703703703704	34593794
autophagy/drug effects	jurkat cells	0.14529914529914534	33926261
autophagy/drug effects	neoplasms/drug therapy	0.14529914529914534	33277233
programmed cell death 1 receptor/metabolism	PDCD1	0.11111111111111112	34985903
autophagy/drug effects	glutathione peroxidase/metabolism	0.07407407407407408	33926261
benzylidene compounds/pharmacology	tumor microenvironment/drug effects	0.14814814814814817	34593794
autophagy/drug effects	flavonolignans/pharmacology	0.07407407407407408	33926261
inflammasomes/metabolism	lung/blood supply	0.03703703703703704	35197507
inflammasomes/metabolism	heart ventricles/diagnostic imaging	0.03703703703703704	35197507
benzylidene compounds/pharmacology	tumor escape/drug effects	0.03703703703703704	34593794
t-lymphocytes cytotoxic/drug effects	tumor microenvironment/drug effects	0.14814814814814817	34593794
programmed cell death 1 receptor/metabolism	CD274	0.11111111111111112	34985903
macrophages/cytology	CHRM1	0.14529914529914534	33236624
t-lymphocytes cytotoxic/drug effects	tumor escape/drug effects	0.03703703703703704	34593794
cell proliferation/drug effects	cystine/antagonists &amp; inhibitors	0.03703703703703704	32778843
antineoplastic agents/pharmacology	GPX4	0.47246376811594204	33277233
antineoplastic agents/pharmacology	GPX4	0.47246376811594204	32778843
antineoplastic agents/pharmacology	GPX4	0.47246376811594204	33926261
hypoxia-inducible factor 1 alpha subunit/metabolism	hepatic stellate cells/drug effects	0.03703703703703704	34811833
t-lymphocytes cytotoxic/drug effects	immune checkpoint inhibitors/pharmacology	0.03703703703703704	34593794
antineoplastic agents/pharmacology	PRKAA1	0.22222222222222227	34093872
oleic acid/metabolism	GPX4	0.4074074074074075	32814895
antineoplastic agents/pharmacology	GABPA	0.22222222222222227	34093872
cell proliferation/drug effects	reactive oxygen species/metabolism	0.2592592592592593	32778843
neutrophils/immunology	TICAM1	0.03703703703703704	30830879
antineoplastic agents/pharmacology	ATL1	0.22222222222222227	33277233
programmed cell death 1 receptor/metabolism	RPL17-C18orf32	0.11111111111111112	34985903
antineoplastic agents/pharmacology	MTOR	0.22222222222222227	34093872
programmed cell death 1 receptor/metabolism	RPL17	0.11111111111111112	34985903
antineoplastic agents/pharmacology	ROS1	0.6589743589743589	33926261
oleic acid/metabolism	ACSL3	0.03703703703703704	32814895
antineoplastic agents/pharmacology	S100A4	0.22222222222222227	33277233
antineoplastic agents/pharmacology	ATG5	0.22222222222222227	33926261
antineoplastic agents/pharmacology	BTRC	0.22222222222222227	34093872
neutrophils/immunology	IFNA1	0.03703703703703704	30830879
antineoplastic agents/pharmacology	PRKAA2	0.22222222222222227	34093872
antineoplastic agents/pharmacology	CD274	0.5452991452991454	34093872
antineoplastic agents/pharmacology	JAK2	0.22222222222222227	34991659
dna	iron/metabolism	0.14814814814814817	33311482
antineoplastic agents/pharmacology	ASAH2	0.22222222222222227	33547170
benzylidene compounds/pharmacology	immune checkpoint inhibitors/pharmacology	0.03703703703703704	34593794
antineoplastic agents/pharmacology	NFE2L2	0.4017094017094018	34093872
dna	biomarkers tumor	0.03703703703703704	33311482
inflammasomes/metabolism	toll-like receptor 4/metabolism	0.03703703703703704	35197507
cell movement/drug effects	CHRM1	0.07407407407407408	34093872
metal-organic frameworks/chemistry	cell line tumor	0.37037037037037035	34985903
cell movement/drug effects	GSK3B	0.03703703703703704	34093872
cell movement/drug effects	PDCD1	0.11111111111111112	34093872
metal-organic frameworks/chemistry	exosomes/metabolism	0.03703703703703704	34985903
macrophages/cytology	ROS1	0.27920227920227925	31509699
cell movement/drug effects	PRKAA1	0.03703703703703704	34093872
myocardium/immunology	adaptor proteins vesicular transport/genetics	0.03703703703703704	30830879
benzylidene compounds/pharmacology	drug resistance neoplasm/drug effects	0.03703703703703704	34593794
autophagy/drug effects	reactive oxygen species/metabolism	0.45868945868945876	33926261
neutrophils/immunology	TLR4	0.07407407407407408	30830879
myocardium/immunology	myocardial reperfusion injury/drug therapy	0.03703703703703704	30830879
antineoplastic agents/pharmacology	IL6	0.22222222222222227	34991659
hypoxia-inducible factor 1 alpha subunit/metabolism	hepatocytes/drug effects	0.03703703703703704	34811833
malaria/genetics	TF	0.03703703703703704	31980600
hypoxia-inducible factor 1 alpha subunit/metabolism	ferroptosis/drug effects	0	34811833
cell movement/drug effects	GABPA	0.03703703703703704	34093872
metal-organic frameworks/chemistry	PDCD1	0.11111111111111112	34985903
macrophages/cytology	MRLN	0.14529914529914534	33236624
inflammasomes/metabolism	hypertension pulmonary/chemically induced	0.03703703703703704	35197507
hypoxia-inducible factor 1 alpha subunit/metabolism	macrophages/drug effects	0.14814814814814817	34811833
autophagy/drug effects	cell line tumor	0.6125356125356125	33277233
nf-e2-related factor 2/biosynthesis	CCK	0.07407407407407408	34717678
antineoplastic agents/pharmacology	CD8A	0.3031215161649944	34093872
antineoplastic agents/pharmacology	CD8A	0.3031215161649944	33277233
metal-organic frameworks/chemistry	CD274	0.11111111111111112	34985903
bone marrow/drug effects	necroptosis/drug effects	0.03703703703703704	32134361
t-lymphocytes cytotoxic/immunology	glioblastoma/genetics	0.03703703703703704	34062295
dna	cell transformation neoplastic/genetics	0.03703703703703704	33311482
antineoplastic agents/pharmacology	PRKAB1	0.22222222222222227	34093872
bone marrow/drug effects	small molecule libraries/pharmacology	0.03703703703703704	32134361
antineoplastic agents/pharmacology	RPL17-C18orf32	0.5452991452991454	34093872
dna	carcinoma pancreatic ductal/metabolism	0.03703703703703704	33311482
antineoplastic agents/pharmacology	RPL17	0.5452991452991454	34093872
t-lymphocytes cytotoxic/immunology	heat-shock proteins/genetics	0.03703703703703704	34062295
antineoplastic agents/pharmacology	AIFM2	0.22222222222222227	33277233
dna	diet	0.03703703703703704	33311482
antineoplastic agents/pharmacology	MRLN	0.4017094017094018	34093872
neutrophils/immunology	TRIM69	0.03703703703703704	30830879
antineoplastic agents/pharmacology	CTLA4	0.22222222222222227	34093872
t-lymphocytes cytotoxic/immunology	brain neoplasms/genetics	0.03703703703703704	34062295
antineoplastic agents/pharmacology	GGT1	0.22222222222222227	34991659
t-lymphocytes cytotoxic/drug effects	drug resistance neoplasm/drug effects	0.03703703703703704	34593794
cell movement/drug effects	MTOR	0.03703703703703704	34093872
cell movement/drug effects	BTRC	0.03703703703703704	34093872
cell movement/drug effects	PRKAA2	0.03703703703703704	34093872
cell movement/drug effects	CD274	0.11111111111111112	34093872
phenylenediamines/pharmacology	ventricular function left/drug effects	0.07407407407407408	30830879
t-lymphocytes cytotoxic/immunology	acetaminophen/pharmacology	0.03703703703703704	34062295
t-lymphocytes cytotoxic/immunology	ferroptosis/drug effects	0	34062295
phenylenediamines/pharmacology	inflammasomes/metabolism	0.07407407407407408	35197507
cell movement/drug effects	NFE2L2	0.07407407407407408	34093872
cell proliferation/drug effects	GPX4	0.4074074074074075	32778843
phenylenediamines/pharmacology	neutrophils/immunology	0.07407407407407408	30830879
cell movement/drug effects	CD8A	0.1851851851851852	34093872
inflammasomes/metabolism	nlr family pyrin domain-containing 3 protein/metabolism	0.03703703703703704	35197507
nf-e2-related factor 2/biosynthesis	GPX4	0.4074074074074075	34717678
cell movement/drug effects	PRKAB1	0.03703703703703704	34093872
bone marrow/drug effects	ileum/drug effects	0.03703703703703704	32134361
metal-organic frameworks/chemistry	RPL17-C18orf32	0.11111111111111112	34985903
myocardium/immunology	ferroptosis/drug effects	0	30830879
metal-organic frameworks/chemistry	RPL17	0.11111111111111112	34985903
inflammasomes/metabolism	ferroptosis/drug effects	0	35197507
phenylenediamines/pharmacology	myocardium/immunology	0.07407407407407408	30830879
benzylidene compounds/pharmacology	CD274	0.11111111111111112	34593794
nf-e2-related factor 2/biosynthesis	NFE2L2	0.07407407407407408	34717678
immunogenic cell death/drug effects	metal-organic frameworks/chemistry	0.03703703703703704	34985903
autophagy/drug effects	ACSL4	0.07407407407407408	33277233
t-lymphocytes cytotoxic/immunology	hyaluronan receptors/genetics	0.03703703703703704	34062295
myocardium/immunology	neutrophil infiltration	0.03703703703703704	30830879
immunogenic cell death/drug effects	programmed cell death 1 receptor/metabolism	0.03703703703703704	34985903
autophagy/drug effects	GPX4	0.15669515669515674	33277233
autophagy/drug effects	GPX4	0.15669515669515674	33926261
bone marrow/drug effects	drug interactions	0.03703703703703704	32134361
bone marrow/drug effects	ferroptosis/drug effects	0	32134361
dna	spiro compounds/pharmacology	0.03703703703703704	33311482
hypoxia-inducible factor 1 alpha subunit/metabolism	cell line	0.03703703703703704	34811833
glutathione	kidney	0.03703703703703704	34396451
cell movement/drug effects	RPL17-C18orf32	0.11111111111111112	34093872
cell movement/drug effects	RPL17	0.11111111111111112	34093872
cell movement/drug effects	MRLN	0.07407407407407408	34093872
cell movement/drug effects	CTLA4	0.03703703703703704	34093872
t-lymphocytes cytotoxic/immunology	HSPB1	0.03703703703703704	34062295
necroptosis/drug effects	small molecule libraries/pharmacology	0.03703703703703704	32134361
hypoxia-inducible factor 1 alpha subunit/metabolism	SLC7A11	0.14814814814814817	34811833
t-lymphocytes cytotoxic/drug effects	CD274	0.11111111111111112	34593794
t-lymphocytes cytotoxic/immunology	SLC40A1	0.03703703703703704	34062295
hypoxia-inducible factor 1 alpha subunit/metabolism	FUT1	0.03703703703703704	34811833
autophagy/drug effects	ATL1	0.07407407407407408	33277233
inflammasomes/metabolism	macrophages/metabolism	0.03703703703703704	35197507
adaptor proteins vesicular transport/genetics	TLR4	0.07407407407407408	30830879
autophagy/drug effects	ROS1	0.27920227920227925	33926261
hypoxia-inducible factor 1 alpha subunit/metabolism	GPX4	0.4074074074074075	34811833
autophagy/drug effects	S100A4	0.07407407407407408	33277233
autophagy/drug effects	ATG5	0.07407407407407408	33926261
hypoxia-inducible factor 1 alpha subunit/metabolism	FN1	0.03703703703703704	34811833
myocardium/immunology	toll-like receptor 4/genetics	0.03703703703703704	30830879
hypoxia-inducible factor 1 alpha subunit/metabolism	ROS1	0.14814814814814817	34811833
myocardial reperfusion injury/drug therapy	toll-like receptor 4/genetics	0.03703703703703704	30830879
melanoma/genetics	reactive oxygen species/metabolism	0.2592592592592593	31043744
cell survival/drug effects	lipid metabolism/drug effects	0.11111111111111113	31554642
melanoma/genetics	interferon-gamma/immunology	0.03703703703703704	31043744
necroptosis/drug effects	ileum/drug effects	0.03703703703703704	32134361
cell survival/drug effects	lipopolysaccharides/toxicity	0.11111111111111113	34717678
melanoma/genetics	cell line tumor	0.37037037037037035	31043744
cell survival/drug effects	tor serine-threonine kinases/metabolism	0.11111111111111113	34093872
cell survival/drug effects	amp-activated protein kinase kinases	0.11111111111111113	34093872
t-lymphocytes cytotoxic/immunology	CD44	0.03703703703703704	34062295
amino acid transport system y+/metabolism	melanoma/genetics	0.07407407407407408	31043744
protein kinase inhibitors/chemistry	drug synergism	0.03703703703703704	31509699
immunogenic cell death/drug effects	benzylidene compounds/chemistry	0.03703703703703704	34985903
melanoma/genetics	SLC9A1	0.07407407407407408	31043744
adaptor proteins vesicular transport/genetics	TRIM69	0.03703703703703704	30830879
lymphocytes tumor-infiltrating/immunology	cell line tumor/transplantation	0.07407407407407408	33547170
myocardium/immunology	TICAM1	0.03703703703703704	30830879
bone marrow/drug effects	radiation-protective agents/pharmacology	0.03703703703703704	32134361
immunogenic cell death/drug effects	phenol/chemistry	0.03703703703703704	34985903
amino acid transport system y+/metabolism	hepatic stellate cells/drug effects	0.07407407407407408	34811833
melanoma/genetics	SLC7A11	0.14814814814814817	31043744
cell survival/drug effects	lung neoplasms/drug therapy	0.11111111111111113	34093872
membrane proteins/genetics	quinoxalines/pharmacology	0.03703703703703704	33311482
t-lymphocytes cytotoxic/metabolism	calreticulin/metabolism	0.03703703703703704	32686685
cell line tumor/transplantation	t-lymphocytes/immunology	0.07407407407407408	33547170
myocardial reperfusion injury/drug therapy	TICAM1	0.03703703703703704	30830879
myocardial reperfusion injury/drug therapy	IFNA1	0.03703703703703704	30830879
glutathione	malondialdehyde/blood	0.03703703703703704	34396451
protein kinase inhibitors/chemistry	saponins/chemistry	0.03703703703703704	31509699
glutathione	spleen/pathology	0.03703703703703704	34396451
cell line tumor/transplantation	ferroptosis/drug effects	0	33547170
cell line tumor/transplantation	ferroptosis/drug effects	0	34593794
protein kinase inhibitors/chemistry	antineoplastic agents/chemistry	0.03703703703703704	31509699
melanoma/genetics	SLC3A2	0.03703703703703704	31043744
glutathione	ferroptosis/drug effects	0	34396451
necroptosis/drug effects	drug interactions	0.03703703703703704	32134361
myocardium/immunology	IFNA1	0.03703703703703704	30830879
cell line tumor/transplantation	skin neoplasms/drug therapy	0.07407407407407408	34593794
genetic variation	iron/metabolism	0.14814814814814817	31980600
immunogenic cell death/drug effects	cd8-positive t-lymphocytes/cytology	0.07407407407407408	34985903
protein kinase inhibitors/chemistry	energy metabolism/drug effects	0.03703703703703704	31509699
amino acid transport system y+/metabolism	cysteine/metabolism	0.07407407407407408	31043744
cell survival/drug effects	dose-response relationship drug	0.21367521367521367	34717678
glutathione	iron/blood	0.03703703703703704	34396451
amino acid transport system y+/metabolism	hepatocytes/drug effects	0.07407407407407408	34811833
genetic variation	hemeproteins/toxicity	0.03703703703703704	31980600
amino acid transport system y+/metabolism	ferroptosis/drug effects	0	31043744
amino acid transport system y+/metabolism	ferroptosis/drug effects	0	34811833
glutathione	liver/pathology	0.03703703703703704	34396451
cell survival/drug effects	inflammation mediators/antagonists &amp; inhibitors	0.11111111111111113	34717678
myocardium/immunology	TLR4	0.07407407407407408	30830879
small molecule libraries/pharmacology	ileum/drug effects	0.03703703703703704	32134361
membrane proteins/genetics	iron/metabolism	0.14814814814814817	33311482
necroptosis/drug effects	ferroptosis/drug effects	0	32134361
membrane proteins/genetics	biomarkers tumor	0.03703703703703704	33311482
glutathione	cell line tumor	0.37037037037037035	34396451
melanoma/genetics	CD8A	0.1851851851851852	31043744
t-lymphocytes cytotoxic/metabolism	ascorbic acid/pharmacology	0.03703703703703704	32686685
cell line tumor/transplantation	membrane proteins/metabolism	0.07407407407407408	33547170
amino acid transport system y+/metabolism	macrophages/drug effects	0.27920227920227925	34811833
cell line tumor/transplantation	tumor microenvironment/drug effects	0.017094017094017096	33547170
cell line tumor/transplantation	tumor microenvironment/drug effects	0.017094017094017096	34593794
cell line tumor/transplantation	tumor escape/drug effects	0.07407407407407408	34593794
t-lymphocytes cytotoxic/metabolism	ferroptosis/drug effects	0	32686685
cell line tumor/transplantation	immune checkpoint inhibitors/pharmacology	0.07407407407407408	34593794
lung/blood supply	hypertension pulmonary/chemically induced	0.03703703703703704	35197507
cell line tumor/transplantation	colonic neoplasms/drug therapy	0.07407407407407408	33547170
cell line tumor/transplantation	heme oxygenase-1/metabolism	0.07407407407407408	33547170
amp-activated protein kinase kinases	BTRC	0.03703703703703704	34093872
cell line tumor/transplantation	reactive oxygen species/metabolism	0.45868945868945876	33547170
amp-activated protein kinase kinases	PRKAA2	0.03703703703703704	34093872
protein kinase inhibitors/chemistry	ferroptosis/drug effects	0	31509699
amp-activated protein kinase kinases	CD274	0.11111111111111112	34093872
protein kinase inhibitors/chemistry	neoplasms/drug therapy	0.07407407407407408	31509699
amp-activated protein kinase kinases	NFE2L2	0.07407407407407408	34093872
small molecule libraries/pharmacology	drug interactions	0.03703703703703704	32134361
saponins/chemistry	cell line tumor	0.37037037037037035	31509699
lymphocytes tumor-infiltrating/immunology	t-lymphocytes/immunology	0.03703703703703704	33547170
genetic variation	liver x receptors/agonists	0.03703703703703704	31980600
small molecule libraries/pharmacology	ferroptosis/drug effects	0	32134361
genetic variation	transferrin/metabolism	0.03703703703703704	31980600
myocardial reperfusion injury/drug therapy	TLR4	0.07407407407407408	30830879
amino acid transport system y+/metabolism	reactive oxygen species/metabolism	0.45868945868945876	31043744
cell line tumor/transplantation	drug resistance neoplasm/drug effects	0.07407407407407408	34593794
necroptosis/drug effects	radiation-protective agents/pharmacology	0.03703703703703704	32134361
cell survival/drug effects	sulfasalazine/administration &amp; dosage	0.11111111111111113	31554642
cell survival/drug effects	ferroptosis/drug effects	0	34093872
cell survival/drug effects	ferroptosis/drug effects	0	31554642
cell survival/drug effects	ferroptosis/drug effects	0	34717678
amp-activated protein kinase kinases	CD8A	0.1851851851851852	34093872
cell line tumor/transplantation	HMOX1	0.07407407407407408	33547170
cell survival/drug effects	macrophages/drug effects	0.39452991452991454	34093872
amp-activated protein kinase kinases	PRKAB1	0.03703703703703704	34093872
drug synergism	ROS1	0.14814814814814817	31509699
t-lymphocytes cytotoxic/metabolism	cell line tumor	0.37037037037037035	32686685
amp-activated protein kinase kinases	RPL17-C18orf32	0.11111111111111112	34093872
cell survival/drug effects	tumor microenvironment/drug effects	0.39452991452991454	34093872
lymphocytes tumor-infiltrating/immunology	ferroptosis/drug effects	0	33547170
amp-activated protein kinase kinases	RPL17	0.11111111111111112	34093872
myocardial reperfusion injury/drug therapy	TRIM69	0.03703703703703704	30830879
amp-activated protein kinase kinases	MRLN	0.07407407407407408	34093872
amp-activated protein kinase kinases	CTLA4	0.03703703703703704	34093872
saponins/chemistry	ROS1	0.14814814814814817	31509699
protein kinase inhibitors/chemistry	mitochondria/drug effects	0.07407407407407408	31509699
cation transport proteins/genetics	gene expression regulation neoplastic	0.07407407407407408	34062295
protein kinase inhibitors/chemistry	pyruvate dehydrogenase acetyl-transferring kinase/antagonists &amp; inhibitors	0.03703703703703704	31509699
genetic variation	tumor suppressor protein p53/genetics	0.03703703703703704	31980600
amino acid transport system y+/metabolism	interferon-gamma/immunology	0.07407407407407408	31043744
lung/blood supply	nlr family pyrin domain-containing 3 protein/metabolism	0.03703703703703704	35197507
amino acid transport system y+/metabolism	cell line tumor	0.6125356125356125	31043744
genetic variation	ferroptosis/drug effects	0	31980600
t-lymphocytes cytotoxic/metabolism	CALR	0.03703703703703704	32686685
protein kinase inhibitors/chemistry	cell line tumor	0.37037037037037035	31509699
calreticulin/metabolism	ascorbic acid/pharmacology	0.03703703703703704	32686685
amino acid transport system y+/metabolism	cell line	0.07407407407407408	34811833
urinary bladder neoplasms/pathology	reactive oxygen species/metabolism	0.2592592592592593	33236624
lung/blood supply	ferroptosis/drug effects	0	35197507
cell survival/drug effects	mitochondria/drug effects	0.21367521367521367	34093872
cell line tumor/transplantation	TP53	0.21367521367521367	33547170
urinary bladder neoplasms/pathology	gold/chemistry	0.03703703703703704	33236624
urinary bladder neoplasms/pathology	cell line tumor	0.37037037037037035	33236624
cell survival/drug effects	nf-e2-related factor 2/genetics	0.11111111111111113	34093872
lymphocytes tumor-infiltrating/immunology	membrane proteins/metabolism	0.03703703703703704	33547170
amino acid transport system y+/metabolism	SLC9A1	0.14529914529914534	31043744
lymphocytes tumor-infiltrating/immunology	tumor microenvironment/drug effects	0.14814814814814817	33547170
amino acid transport system y+/metabolism	SLC7A11	0.017094017094017096	31043744
amino acid transport system y+/metabolism	SLC7A11	0.017094017094017096	34811833
lung/blood supply	macrophages/metabolism	0.03703703703703704	35197507
genetic variation	ferritins/blood	0.03703703703703704	31980600
cell survival/drug effects	antineoplastic agents immunological/administration &amp; dosage	0.11111111111111113	31554642
amino acid transport system y+/metabolism	FUT1	0.07407407407407408	34811833
small molecule libraries/pharmacology	radiation-protective agents/pharmacology	0.03703703703703704	32134361
cell survival/drug effects	cell line tumor	0.3025641025641026	34093872
cell survival/drug effects	cell line tumor	0.3025641025641026	31554642
lymphocytes tumor-infiltrating/immunology	colonic neoplasms/drug therapy	0.03703703703703704	33547170
lymphocytes tumor-infiltrating/immunology	heme oxygenase-1/metabolism	0.03703703703703704	33547170
cell survival/drug effects	glycogen synthase kinase 3/metabolism	0.11111111111111113	34093872
genetic variation	macrophages/drug effects	0.14814814814814817	31980600
toll-like receptor 4/metabolism	hypertension pulmonary/chemically induced	0.03703703703703704	35197507
lymphocytes tumor-infiltrating/immunology	reactive oxygen species/metabolism	0.2592592592592593	33547170
dose-response relationship drug	antioxidants/pharmacology	0.07407407407407408	32778843
calreticulin/metabolism	ferroptosis/drug effects	0	32686685
gene expression	cell survival/drug effects	0.11111111111111112	34717678
glutathione/metabolism	neoplasm metastasis/drug therapy	0.11111111111111113	32814895
gene expression	lipopolysaccharides/toxicity	0.03703703703703704	34717678
t-lymphocytes cytotoxic/metabolism	CYREN	0.03703703703703704	32686685
cell line tumor/transplantation	CD274	0.21367521367521367	34593794
gene expression	dose-response relationship drug	0.07407407407407408	34717678
urinary bladder neoplasms/pathology	CHRM1	0.07407407407407408	33236624
glutathione/metabolism	host-pathogen interactions	0.11111111111111113	30787033
cell line tumor/transplantation	ASAH2	0.07407407407407408	33547170
hyaluronic acid/chemistry	benzylidene compounds/pharmacology	0.03703703703703704	34593794
cell survival/drug effects	CCK	0.21367521367521367	34717678
lung/blood supply	hmgb1 protein/metabolism	0.03703703703703704	35197507
dose-response relationship drug	inflammation mediators/antagonists &amp; inhibitors	0.07407407407407408	34717678
glutathione/metabolism	autophagy-related proteins/genetics	0.11111111111111113	33926261
lung/blood supply	inflammation/metabolism	0.03703703703703704	35197507
cell survival/drug effects	SLC9A1	0.21367521367521367	31554642
lymphocytes tumor-infiltrating/immunology	HMOX1	0.03703703703703704	33547170
glutathione/metabolism	ferroptosis/drug effects	0	30787033
glutathione/metabolism	ferroptosis/drug effects	0	33926261
glutathione/metabolism	ferroptosis/drug effects	0	32814895
glutathione/metabolism	jurkat cells	0.21367521367521367	33926261
cell survival/drug effects	ATM	0.11111111111111113	31554642
protein kinase inhibitors/chemistry	ROS1	0.14814814814814817	31509699
cell survival/drug effects	SLC7A11	0.39452991452991454	31554642
cell survival/drug effects	CHRM1	0.21367521367521367	34093872
toll-like receptor 4/metabolism	nlr family pyrin domain-containing 3 protein/metabolism	0.03703703703703704	35197507
cell survival/drug effects	GSK3B	0.11111111111111113	34093872
glutathione/metabolism	macrophages/drug effects	0.39452991452991454	30787033
lymphocytes tumor-infiltrating/immunology	TP53	0.11111111111111112	33547170
cell survival/drug effects	PDCD1	0.308034188034188	34093872
glutathione/metabolism	glutathione peroxidase/metabolism	0.11111111111111113	33926261
genetic variation	listeriosis/etiology	0.03703703703703704	31980600
glutathione/metabolism	flavonolignans/pharmacology	0.11111111111111113	33926261
amino acid transport system y+/metabolism	GPX4	0.658119658119658	34811833
cell survival/drug effects	GPX4	0.8085470085470086	34717678
cell survival/drug effects	PRKAA1	0.11111111111111113	34093872
hyaluronic acid/chemistry	cell line tumor/transplantation	0.07407407407407408	34593794
gene expression	inflammation mediators/antagonists &amp; inhibitors	0.03703703703703704	34717678
cell survival/drug effects	GABPA	0.11111111111111113	34093872
amino acid transport system y+/metabolism	FN1	0.07407407407407408	34811833
cell survival/drug effects	MTOR	0.11111111111111113	34093872
cell survival/drug effects	BTRC	0.11111111111111113	34093872
cell survival/drug effects	PRKAA2	0.11111111111111113	34093872
amino acid transport system y+/metabolism	ROS1	0.27920227920227925	34811833
amino acid transport system y+/metabolism	SLC3A2	0.07407407407407408	31043744
lung/blood supply	NOX4	0.03703703703703704	35197507
dose-response relationship drug	ferroptosis/drug effects	0	32778843
dose-response relationship drug	ferroptosis/drug effects	0	34717678
lung/blood supply	FTH1	0.03703703703703704	35197507
dose-response relationship drug	jurkat cells	0.14529914529914534	32778843
calreticulin/metabolism	cell line tumor	0.37037037037037035	32686685
lung/blood supply	NLRP3	0.03703703703703704	35197507
urinary bladder neoplasms/pathology	MRLN	0.07407407407407408	33236624
hepatic stellate cells/drug effects	cell line	0.03703703703703704	34811833
toll-like receptor 4/metabolism	ferroptosis/drug effects	0	35197507
genetic variation	TP53	0.11111111111111112	31980600
liver x receptors/agonists	transferrin/metabolism	0.03703703703703704	31980600
gene expression	ferroptosis/drug effects	0	34717678
cell survival/drug effects	CD274	0.308034188034188	34093872
dose-response relationship drug	methotrexate/pharmacology	0.07407407407407408	32778843
glutathione/metabolism	cell survival	0.11111111111111113	32814895
toll-like receptor 4/metabolism	macrophages/metabolism	0.03703703703703704	35197507
dose-response relationship drug	biopterins/analogs &amp; derivatives	0.07407407407407408	32778843
tetrahydrofolate dehydrogenase/genetics	vitamin e/pharmacology	0.03703703703703704	32778843
cell survival/drug effects	NFE2L2	0.008547008547008548	34093872
cell survival/drug effects	NFE2L2	0.008547008547008548	34717678
tetrahydrofolate dehydrogenase/genetics	dose-response relationship drug	0.07407407407407408	32778843
calreticulin/metabolism	CALR	0.03703703703703704	32686685
cell survival/drug effects	CD8A	0.07863247863247863	34093872
cell survival/drug effects	CD8A	0.07863247863247863	31554642
lung/blood supply	HMGB1	0.03703703703703704	35197507
iron/chemistry	cell survival/drug effects	0.11111111111111112	34093872
lung/blood supply	GPX4	0.4074074074074075	35197507
dose-response relationship drug	cystine/antagonists &amp; inhibitors	0.07407407407407408	32778843
cell survival/drug effects	PRKAB1	0.11111111111111113	34093872
glutathione/metabolism	reactive oxygen species/metabolism	0.6102564102564103	33926261
cell survival/drug effects	RPL17-C18orf32	0.308034188034188	34093872
hyaluronic acid/chemistry	ferroptosis/drug effects	0	34593794
liver x receptors/agonists	tumor suppressor protein p53/genetics	0.03703703703703704	31980600
lung/blood supply	TLR4	0.07407407407407408	35197507
hyaluronic acid/chemistry	skin neoplasms/drug therapy	0.03703703703703704	34593794
hepatic stellate cells/drug effects	SLC7A11	0.14814814814814817	34811833
hepatic stellate cells/drug effects	FUT1	0.03703703703703704	34811833
toll-like receptor 4/metabolism	hmgb1 protein/metabolism	0.03703703703703704	35197507
lymphocytes tumor-infiltrating/immunology	ASAH2	0.03703703703703704	33547170
genetic variation	TF	0.03703703703703704	31980600
tetrahydrofolate dehydrogenase/genetics	antioxidants/pharmacology	0.03703703703703704	32778843
hemodynamics/drug effects	lung/blood supply	0.03703703703703704	35197507
hemodynamics/drug effects	heart ventricles/diagnostic imaging	0.03703703703703704	35197507
hepatic stellate cells/drug effects	GPX4	0.4074074074074075	34811833
hyaluronic acid/chemistry	tumor microenvironment/drug effects	0.14814814814814817	34593794
dose-response relationship drug	reactive oxygen species/metabolism	0.45868945868945876	32778843
hepatic stellate cells/drug effects	FN1	0.03703703703703704	34811833
hyaluronic acid/chemistry	tumor escape/drug effects	0.03703703703703704	34593794
hepatic stellate cells/drug effects	ROS1	0.14814814814814817	34811833
hyaluronic acid/chemistry	immune checkpoint inhibitors/pharmacology	0.03703703703703704	34593794
cd8-positive t-lymphocytes/cytology	antibodies monoclonal humanized/pharmacology	0.07407407407407408	33691090
cd8-positive t-lymphocytes/cytology	cd36 antigens/antagonists &amp; inhibitors	0.07407407407407408	33691090
iron/chemistry	tor serine-threonine kinases/metabolism	0.03703703703703704	34093872
iron/chemistry	amp-activated protein kinase kinases	0.03703703703703704	34093872
dose-response relationship drug	CCK	0.14529914529914534	34717678
liver x receptors/agonists	ferroptosis/drug effects	0	31980600
iron/chemistry	lung neoplasms/drug therapy	0.03703703703703704	34093872
hyaluronic acid/chemistry	drug resistance neoplasm/drug effects	0.03703703703703704	34593794
tetrahydrofolate dehydrogenase/genetics	ferroptosis/drug effects	0	32778843
liver x receptors/agonists	ferritins/blood	0.03703703703703704	31980600
tetrahydrofolate dehydrogenase/genetics	jurkat cells	0.07407407407407408	32778843
liver x receptors/agonists	macrophages/drug effects	0.14814814814814817	31980600
hemodynamics/drug effects	toll-like receptor 4/metabolism	0.03703703703703704	35197507
tetrahydrofolate dehydrogenase/genetics	methotrexate/pharmacology	0.03703703703703704	32778843
cell survival/drug effects	RPL17	0.308034188034188	34093872
tetrahydrofolate dehydrogenase/genetics	biopterins/analogs &amp; derivatives	0.03703703703703704	32778843
cell survival/drug effects	MRLN	0.21367521367521367	34093872
cell survival/drug effects	CTLA4	0.11111111111111113	34093872
calreticulin/metabolism	CYREN	0.03703703703703704	32686685
hemodynamics/drug effects	hypertension pulmonary/chemically induced	0.03703703703703704	35197507
gene expression	CCK	0.07407407407407408	34717678
glutathione/metabolism	GPX4	0.056410256410256404	30787033
glutathione/metabolism	GPX4	0.056410256410256404	33926261
glutathione/metabolism	GPX4	0.056410256410256404	32814895
tetrahydrofolate dehydrogenase/genetics	cystine/antagonists &amp; inhibitors	0.03703703703703704	32778843
toll-like receptor 4/metabolism	inflammation/metabolism	0.03703703703703704	35197507
glutathione/metabolism	ACSL3	0.11111111111111113	32814895
hyaluronic acid/chemistry	CD274	0.11111111111111112	34593794
glutathione/metabolism	ROS1	0.39452991452991454	33926261
tetrahydrofolate dehydrogenase/genetics	reactive oxygen species/metabolism	0.2592592592592593	32778843
glutathione/metabolism	ATG5	0.11111111111111113	33926261
cd8-positive t-lymphocytes/cytology	ferroptosis/drug effects	0	33691090
cd8-positive t-lymphocytes/cytology	ferroptosis/drug effects	0	34985903
dose-response relationship drug	GPX4	0.15669515669515674	32778843
dose-response relationship drug	GPX4	0.15669515669515674	34717678
toll-like receptor 4/metabolism	NOX4	0.03703703703703704	35197507
adaptor proteins vesicular transport/genetics	myocardial reperfusion injury/drug therapy	0.03703703703703704	30830879
hepatic stellate cells/drug effects	MMRN1	0.03703703703703704	34811833
toll-like receptor 4/metabolism	FTH1	0.03703703703703704	35197507
iron/metabolism	biomarkers tumor	0.14814814814814817	33311482
iron/metabolism	phospholipid hydroperoxide glutathione peroxidase/metabolism	0.017094017094017096	30787033
iron/metabolism	phospholipid hydroperoxide glutathione peroxidase/metabolism	0.017094017094017096	32814895
cd8-positive t-lymphocytes/cytology	multiple myeloma/drug therapy	0.07407407407407408	33691090
iron/metabolism	hemeproteins/toxicity	0.14814814814814817	31980600
heart ventricles/diagnostic imaging	toll-like receptor 4/metabolism	0.03703703703703704	35197507
hepatic stellate cells/drug effects	HIF1A	0.03703703703703704	34811833
liver x receptors/agonists	listeriosis/etiology	0.03703703703703704	31980600
hemodynamics/drug effects	nlr family pyrin domain-containing 3 protein/metabolism	0.03703703703703704	35197507
cell proliferation/drug effects	folic acid antagonists/pharmacology	0.03703703703703704	32778843
cell proliferation/drug effects	tetrahydrofolate dehydrogenase/genetics	0.03703703703703704	32778843
heart ventricles/diagnostic imaging	hypertension pulmonary/chemically induced	0.03703703703703704	35197507
hemodynamics/drug effects	ferroptosis/drug effects	0	35197507
tetrahydrofolate dehydrogenase/genetics	GPX4	0.4074074074074075	32778843
toll-like receptor 4/metabolism	NLRP3	0.03703703703703704	35197507
toll-like receptor 4/metabolism	HMGB1	0.03703703703703704	35197507
heart ventricles/diagnostic imaging	nlr family pyrin domain-containing 3 protein/metabolism	0.03703703703703704	35197507
dose-response relationship drug	NFE2L2	0.14529914529914534	34717678
toll-like receptor 4/metabolism	GPX4	0.4074074074074075	35197507
iron/chemistry	ferroptosis/drug effects	0	34093872
cd36 antigens/antagonists &amp; inhibitors	ferroptosis/drug effects	0	33691090
heart ventricles/diagnostic imaging	ferroptosis/drug effects	0	35197507
iron/metabolism	glutathione/metabolism	0.04854700854700855	30787033
iron/metabolism	glutathione/metabolism	0.04854700854700855	32814895
toll-like receptor 4/metabolism	TLR4	0.07407407407407408	35197507
iron/chemistry	macrophages/drug effects	0.14814814814814817	34093872
adaptor proteins vesicular transport/genetics	ferroptosis/drug effects	0	30830879
liver x receptors/agonists	TP53	0.11111111111111112	31980600
gene expression	GPX4	0.4074074074074075	34717678
cd8-positive t-lymphocytes/cytology	reactive oxygen species/metabolism	0.45868945868945876	33691090
iron/chemistry	tumor microenvironment/drug effects	0.14814814814814817	34093872
iron/metabolism	liver x receptors/agonists	0.14814814814814817	31980600
cd36 antigens/antagonists &amp; inhibitors	multiple myeloma/drug therapy	0.03703703703703704	33691090
iron/metabolism	neoplasm metastasis/drug therapy	0.14814814814814817	32814895
cd8-positive t-lymphocytes/cytology	cell line tumor	0.12820512820512822	33691090
cd8-positive t-lymphocytes/cytology	cell line tumor	0.12820512820512822	34985903
hypertension pulmonary/chemically induced	nlr family pyrin domain-containing 3 protein/metabolism	0.03703703703703704	35197507
lipopolysaccharides/toxicity	dose-response relationship drug	0.07407407407407408	34717678
gene expression	NFE2L2	0.07407407407407408	34717678
lipopolysaccharides/toxicity	inflammation mediators/antagonists &amp; inhibitors	0.03703703703703704	34717678
lymphoma t-cell	ferroptosis/drug effects	0	35778693
cd36 antigens/antagonists &amp; inhibitors	reactive oxygen species/metabolism	0.2592592592592593	33691090
hemodynamics/drug effects	macrophages/metabolism	0.03703703703703704	35197507
hypertension pulmonary/chemically induced	ferroptosis/drug effects	0	35197507
lymphoma t-cell	killer cells natural/metabolism	0.03703703703703704	35778693
cd36 antigens/antagonists &amp; inhibitors	cell line tumor	0.37037037037037035	33691090
liver x receptors/agonists	TF	0.03703703703703704	31980600
iron/chemistry	mitochondria/drug effects	0.07407407407407408	34093872
iron/metabolism	transferrin/metabolism	0.14814814814814817	31980600
iron/chemistry	nf-e2-related factor 2/genetics	0.03703703703703704	34093872
lipopolysaccharides/toxicity	ferroptosis/drug effects	0	34717678
phospholipid hydroperoxide glutathione peroxidase/metabolism	glutathione/metabolism	0.008547008547008548	30787033
phospholipid hydroperoxide glutathione peroxidase/metabolism	glutathione/metabolism	0.008547008547008548	32814895
iron/metabolism	cell transformation neoplastic/genetics	0.14814814814814817	33311482
biomarkers tumor	cell transformation neoplastic/genetics	0.03703703703703704	33311482
heart ventricles/diagnostic imaging	macrophages/metabolism	0.03703703703703704	35197507
antineoplastic agents/chemistry	energy metabolism/drug effects	0.03703703703703704	31509699
iron/metabolism	host-pathogen interactions	0.14814814814814817	30787033
iron/metabolism	carcinoma pancreatic ductal/metabolism	0.14814814814814817	33311482
biomarkers tumor	carcinoma pancreatic ductal/metabolism	0.03703703703703704	33311482
iron/metabolism	diet	0.14814814814814817	33311482
cd8-positive t-lymphocytes/cytology	exosomes/metabolism	0.07407407407407408	34985903
iron/chemistry	cell line tumor	0.37037037037037035	34093872
phospholipid hydroperoxide glutathione peroxidase/metabolism	neoplasm metastasis/drug therapy	0.07407407407407408	32814895
iron/metabolism	tumor suppressor protein p53/genetics	0.14814814814814817	31980600
iron/chemistry	glycogen synthase kinase 3/metabolism	0.03703703703703704	34093872
cd8-positive t-lymphocytes/cytology	CD36	0.07407407407407408	33691090
iron/metabolism	spiro compounds/pharmacology	0.14814814814814817	33311482
antineoplastic agents/chemistry	ferroptosis/drug effects	0	31509699
vitamin e/pharmacology	dose-response relationship drug	0.07407407407407408	32778843
iron/metabolism	proto-oncogene proteins p21(ras)/metabolism	0.14814814814814817	33311482
antineoplastic agents/chemistry	neoplasms/drug therapy	0.07407407407407408	31509699
vitamin e/pharmacology	antioxidants/pharmacology	0.03703703703703704	32778843
iron/metabolism	ferroptosis/drug effects	0	31980600
iron/metabolism	ferroptosis/drug effects	0	30787033
iron/metabolism	ferroptosis/drug effects	0	33311482
iron/metabolism	ferroptosis/drug effects	0	32814895
adaptor proteins vesicular transport/genetics	neutrophil infiltration	0.03703703703703704	30830879
phospholipid hydroperoxide glutathione peroxidase/metabolism	host-pathogen interactions	0.07407407407407408	30787033
cd8-positive t-lymphocytes/cytology	PDCD1	0.008547008547008548	33691090
cd8-positive t-lymphocytes/cytology	PDCD1	0.008547008547008548	34985903
iron/metabolism	pancreatitis/genetics	0.14814814814814817	33311482
cd36 antigens/antagonists &amp; inhibitors	CD36	0.03703703703703704	33691090
iron/metabolism	ferritins/blood	0.14814814814814817	31980600
iron/metabolism	pancreas/metabolism	0.14814814814814817	33311482
hemodynamics/drug effects	hmgb1 protein/metabolism	0.03703703703703704	35197507
hypertension pulmonary/chemically induced	macrophages/metabolism	0.03703703703703704	35197507
biomarkers tumor	diet	0.03703703703703704	33311482
adaptor proteins vesicular transport/genetics	toll-like receptor 4/genetics	0.03703703703703704	30830879
lymphoma t-cell	reactive oxygen species/metabolism	0.2592592592592593	35778693
lymphoma t-cell	asparaginase	0.03703703703703704	35778693
antineoplastic agents/chemistry	mitochondria/drug effects	0.07407407407407408	31509699
antineoplastic agents/chemistry	pyruvate dehydrogenase acetyl-transferring kinase/antagonists &amp; inhibitors	0.03703703703703704	31509699
cd36 antigens/antagonists &amp; inhibitors	PDCD1	0.11111111111111112	33691090
phospholipid hydroperoxide glutathione peroxidase/metabolism	ferroptosis/drug effects	0	30787033
phospholipid hydroperoxide glutathione peroxidase/metabolism	ferroptosis/drug effects	0	32814895
biomarkers tumor	spiro compounds/pharmacology	0.03703703703703704	33311482
heart ventricles/diagnostic imaging	hmgb1 protein/metabolism	0.03703703703703704	35197507
biomarkers tumor	proto-oncogene proteins p21(ras)/metabolism	0.03703703703703704	33311482
phospholipid hydroperoxide glutathione peroxidase/metabolism	macrophages/drug effects	0.27920227920227925	30787033
biomarkers tumor	ferroptosis/drug effects	0	33311482
heart ventricles/diagnostic imaging	inflammation/metabolism	0.03703703703703704	35197507
antineoplastic agents/chemistry	cell line tumor	0.37037037037037035	31509699
phospholipid hydroperoxide glutathione peroxidase/metabolism	cell survival	0.07407407407407408	32814895
neoplasm metastasis/drug therapy	ferroptosis/drug effects	0	32814895
biomarkers tumor	pancreatitis/genetics	0.03703703703703704	33311482
biomarkers tumor	pancreas/metabolism	0.03703703703703704	33311482
hemodynamics/drug effects	inflammation/metabolism	0.03703703703703704	35197507
lung neoplasms/drug therapy	ferroptosis/drug effects	0	34093872
heart ventricles/diagnostic imaging	NOX4	0.03703703703703704	35197507
neoplasm metastasis/drug therapy	cell survival	0.03703703703703704	32814895
heart ventricles/diagnostic imaging	FTH1	0.03703703703703704	35197507
biomarkers tumor	phospholipid hydroperoxide glutathione peroxidase/genetics	0.03703703703703704	33311482
lung neoplasms/drug therapy	macrophages/drug effects	0.14814814814814817	34093872
cd8-positive t-lymphocytes/cytology	CD274	0.21367521367521367	34985903
hemodynamics/drug effects	NOX4	0.03703703703703704	35197507
hemodynamics/drug effects	FTH1	0.03703703703703704	35197507
lymphoma t-cell	CCK	0.07407407407407408	35778693
vitamin e/pharmacology	ferroptosis/drug effects	0	32778843
hypertension pulmonary/chemically induced	hmgb1 protein/metabolism	0.03703703703703704	35197507
vitamin e/pharmacology	jurkat cells	0.07407407407407408	32778843
adaptor proteins vesicular transport/genetics	TICAM1	0.03703703703703704	30830879
antineoplastic agents/chemistry	ROS1	0.14814814814814817	31509699
iron/metabolism	macrophages/drug effects	0.09179487179487181	31980600
iron/metabolism	macrophages/drug effects	0.09179487179487181	30787033
iron/chemistry	CHRM1	0.07407407407407408	34093872
hypertension pulmonary/chemically induced	inflammation/metabolism	0.03703703703703704	35197507
vitamin e/pharmacology	methotrexate/pharmacology	0.03703703703703704	32778843
vitamin e/pharmacology	biopterins/analogs &amp; derivatives	0.03703703703703704	32778843
cd36 antigens/antagonists &amp; inhibitors	CD8A	0.1851851851851852	33691090
lymphoma t-cell	TP53	0.11111111111111112	35778693
adaptor proteins vesicular transport/genetics	IFNA1	0.03703703703703704	30830879
iron/chemistry	GSK3B	0.03703703703703704	34093872
iron/metabolism	cell survival	0.14814814814814817	32814895
iron/chemistry	PDCD1	0.11111111111111112	34093872
iron/metabolism	phospholipid hydroperoxide glutathione peroxidase/genetics	0.14814814814814817	33311482
lymphoma t-cell	SLC7A11	0.14814814814814817	35778693
cd8-positive t-lymphocytes/cytology	CD8A	0.34188034188034183	33691090
heart ventricles/diagnostic imaging	NLRP3	0.03703703703703704	35197507
hypertension pulmonary/chemically induced	NOX4	0.03703703703703704	35197507
hemodynamics/drug effects	NLRP3	0.03703703703703704	35197507
heart ventricles/diagnostic imaging	HMGB1	0.03703703703703704	35197507
hemodynamics/drug effects	HMGB1	0.03703703703703704	35197507
hypertension pulmonary/chemically induced	FTH1	0.03703703703703704	35197507
heart ventricles/diagnostic imaging	GPX4	0.4074074074074075	35197507
hemodynamics/drug effects	GPX4	0.4074074074074075	35197507
cd8-positive t-lymphocytes/cytology	RPL17-C18orf32	0.008547008547008548	33691090
cd8-positive t-lymphocytes/cytology	RPL17-C18orf32	0.008547008547008548	34985903
cd8-positive t-lymphocytes/cytology	RPL17	0.008547008547008548	33691090
cd8-positive t-lymphocytes/cytology	RPL17	0.008547008547008548	34985903
hypertension pulmonary/chemically induced	NLRP3	0.03703703703703704	35197507
iron/metabolism	listeriosis/etiology	0.14814814814814817	31980600
hypertension pulmonary/chemically induced	HMGB1	0.03703703703703704	35197507
lipopolysaccharides/toxicity	CCK	0.07407407407407408	34717678
hypertension pulmonary/chemically induced	GPX4	0.4074074074074075	35197507
hemodynamics/drug effects	TLR4	0.07407407407407408	35197507
iron/chemistry	PRKAA1	0.03703703703703704	34093872
phospholipid hydroperoxide glutathione peroxidase/metabolism	GPX4	0.15669515669515674	30787033
phospholipid hydroperoxide glutathione peroxidase/metabolism	GPX4	0.15669515669515674	32814895
antibodies monoclonal humanized/pharmacology	cd36 antigens/antagonists &amp; inhibitors	0.03703703703703704	33691090
cd36 antigens/antagonists &amp; inhibitors	RPL17-C18orf32	0.11111111111111112	33691090
iron/chemistry	GABPA	0.03703703703703704	34093872
cd36 antigens/antagonists &amp; inhibitors	RPL17	0.11111111111111112	33691090
hypertension pulmonary/chemically induced	TLR4	0.07407407407407408	35197507
lung neoplasms/drug therapy	tumor microenvironment/drug effects	0.14814814814814817	34093872
phospholipid hydroperoxide glutathione peroxidase/metabolism	ACSL3	0.07407407407407408	32814895
iron/metabolism	TP53	0.39452991452991454	31980600
antioxidants/pharmacology	ferroptosis/drug effects	0	32778843
iron/chemistry	MTOR	0.03703703703703704	34093872
antioxidants/pharmacology	jurkat cells	0.07407407407407408	32778843
lung neoplasms/drug therapy	mitochondria/drug effects	0.07407407407407408	34093872
iron/chemistry	BTRC	0.03703703703703704	34093872
cell transformation neoplastic/genetics	carcinoma pancreatic ductal/metabolism	0.03703703703703704	33311482
iron/chemistry	PRKAA2	0.03703703703703704	34093872
cell transformation neoplastic/genetics	diet	0.03703703703703704	33311482
lipopolysaccharides/toxicity	GPX4	0.4074074074074075	34717678
brain neoplasms/genetics	HSPB1	0.03703703703703704	34062295
iron/chemistry	CD274	0.11111111111111112	34093872
antibodies monoclonal humanized/pharmacology	ferroptosis/drug effects	0	33691090
brain neoplasms/genetics	SLC40A1	0.03703703703703704	34062295
vitamin e/pharmacology	cystine/antagonists &amp; inhibitors	0.03703703703703704	32778843
heart ventricles/diagnostic imaging	TLR4	0.07407407407407408	35197507
lung neoplasms/drug therapy	nf-e2-related factor 2/genetics	0.03703703703703704	34093872
vitamin e/pharmacology	reactive oxygen species/metabolism	0.2592592592592593	32778843
biomarkers tumor	GPX4	0.4074074074074075	33311482
lymphoma t-cell	GPX4	0.4074074074074075	35778693
lipopolysaccharides/toxicity	NFE2L2	0.07407407407407408	34717678
lung neoplasms/drug therapy	cell line tumor	0.37037037037037035	34093872
neoplasm metastasis/drug therapy	GPX4	0.4074074074074075	32814895
iron/metabolism	GPX4	0.16923076923076924	30787033
iron/metabolism	GPX4	0.16923076923076924	33311482
iron/metabolism	GPX4	0.16923076923076924	32814895
antioxidants/pharmacology	methotrexate/pharmacology	0.03703703703703704	32778843
antioxidants/pharmacology	biopterins/analogs &amp; derivatives	0.03703703703703704	32778843
tor serine-threonine kinases/metabolism	amp-activated protein kinase kinases	0.03703703703703704	34093872
iron/metabolism	ACSL3	0.14814814814814817	32814895
cell transformation neoplastic/genetics	spiro compounds/pharmacology	0.03703703703703704	33311482
biomarkers tumor	KDM8	0.03703703703703704	33311482
cell transformation neoplastic/genetics	proto-oncogene proteins p21(ras)/metabolism	0.03703703703703704	33311482
iron/chemistry	NFE2L2	0.07407407407407408	34093872
benzylidene compounds/chemistry	phenol/chemistry	0.03703703703703704	34985903
cell transformation neoplastic/genetics	ferroptosis/drug effects	0	33311482
antioxidants/pharmacology	cystine/antagonists &amp; inhibitors	0.03703703703703704	32778843
iron/chemistry	CD8A	0.1851851851851852	34093872
cell transformation neoplastic/genetics	pancreatitis/genetics	0.03703703703703704	33311482
lymphoma t-cell	XK	0.03703703703703704	35778693
biomarkers tumor	STING1	0.03703703703703704	33311482
cell transformation neoplastic/genetics	pancreas/metabolism	0.03703703703703704	33311482
iron/metabolism	TF	0.14814814814814817	31980600
iron/chemistry	PRKAB1	0.03703703703703704	34093872
antioxidants/pharmacology	reactive oxygen species/metabolism	0.2592592592592593	32778843
iron/metabolism	KDM8	0.14814814814814817	33311482
benzylidene compounds/chemistry	cd8-positive t-lymphocytes/cytology	0.07407407407407408	34985903
lung neoplasms/drug therapy	glycogen synthase kinase 3/metabolism	0.03703703703703704	34093872
iron/chemistry	RPL17-C18orf32	0.11111111111111112	34093872
iron/chemistry	RPL17	0.11111111111111112	34093872
antibodies monoclonal humanized/pharmacology	multiple myeloma/drug therapy	0.03703703703703704	33691090
iron/chemistry	MRLN	0.07407407407407408	34093872
iron/chemistry	CTLA4	0.03703703703703704	34093872
lymphoma t-cell	ASPG	0.03703703703703704	35778693
neoplasm metastasis/drug therapy	ACSL3	0.03703703703703704	32814895
lymphoma t-cell	NLRP1	0.03703703703703704	35778693
brain neoplasms/genetics	CD44	0.03703703703703704	34062295
tor serine-threonine kinases/metabolism	lung neoplasms/drug therapy	0.03703703703703704	34093872
benzylidene compounds/pharmacology	cell line tumor/transplantation	0.07407407407407408	34593794
antibodies monoclonal humanized/pharmacology	reactive oxygen species/metabolism	0.2592592592592593	33691090
vitamin e/pharmacology	GPX4	0.4074074074074075	32778843
antibodies monoclonal humanized/pharmacology	cell line tumor	0.37037037037037035	33691090
iron/metabolism	STING1	0.14814814814814817	33311482
host-pathogen interactions	ferroptosis/drug effects	0	30787033
folic acid antagonists/pharmacology	tetrahydrofolate dehydrogenase/genetics	0.03703703703703704	32778843
cell transformation neoplastic/genetics	phospholipid hydroperoxide glutathione peroxidase/genetics	0.03703703703703704	33311482
myocardial reperfusion injury/drug therapy	ferroptosis/drug effects	0	30830879
benzylidene compounds/chemistry	ferroptosis/drug effects	0	34985903
oleic acid/metabolism	iron/metabolism	0.14814814814814817	32814895
lung neoplasms/drug therapy	CHRM1	0.07407407407407408	34093872
lung neoplasms/drug therapy	GSK3B	0.03703703703703704	34093872
hemeproteins/toxicity	liver x receptors/agonists	0.03703703703703704	31980600
folic acid antagonists/pharmacology	vitamin e/pharmacology	0.03703703703703704	32778843
oleic acid/metabolism	phospholipid hydroperoxide glutathione peroxidase/metabolism	0.07407407407407408	32814895
lung neoplasms/drug therapy	PDCD1	0.11111111111111112	34093872
folic acid antagonists/pharmacology	dose-response relationship drug	0.07407407407407408	32778843
folic acid antagonists/pharmacology	antioxidants/pharmacology	0.03703703703703704	32778843
hemeproteins/toxicity	transferrin/metabolism	0.03703703703703704	31980600
lung neoplasms/drug therapy	PRKAA1	0.03703703703703704	34093872
lung neoplasms/drug therapy	GABPA	0.03703703703703704	34093872
lipid metabolism/drug effects	sulfasalazine/administration &amp; dosage	0.03703703703703704	31554642
lipid metabolism/drug effects	ferroptosis/drug effects	0	31554642
lung neoplasms/drug therapy	MTOR	0.03703703703703704	34093872
oleic acid/metabolism	glutathione/metabolism	0.11111111111111112	32814895
host-pathogen interactions	macrophages/drug effects	0.14814814814814817	30787033
lung neoplasms/drug therapy	BTRC	0.03703703703703704	34093872
lung neoplasms/drug therapy	PRKAA2	0.03703703703703704	34093872
benzylidene compounds/chemistry	cell line tumor	0.37037037037037035	34985903
inflammation mediators/antagonists &amp; inhibitors	ferroptosis/drug effects	0	34717678
glioblastoma/genetics	heat-shock proteins/genetics	0.03703703703703704	34062295
oleic acid/metabolism	neoplasm metastasis/drug therapy	0.03703703703703704	32814895
myocardial reperfusion injury/drug therapy	neutrophil infiltration	0.03703703703703704	30830879
benzylidene compounds/chemistry	exosomes/metabolism	0.03703703703703704	34985903
lung neoplasms/drug therapy	CD274	0.11111111111111112	34093872
antioxidants/pharmacology	GPX4	0.4074074074074075	32778843
folic acid antagonists/pharmacology	ferroptosis/drug effects	0	32778843
folic acid antagonists/pharmacology	jurkat cells	0.07407407407407408	32778843
lung neoplasms/drug therapy	NFE2L2	0.07407407407407408	34093872
lung neoplasms/drug therapy	CD8A	0.1851851851851852	34093872
folic acid antagonists/pharmacology	methotrexate/pharmacology	0.03703703703703704	32778843
hemeproteins/toxicity	tumor suppressor protein p53/genetics	0.03703703703703704	31980600
folic acid antagonists/pharmacology	biopterins/analogs &amp; derivatives	0.03703703703703704	32778843
antibodies monoclonal humanized/pharmacology	CD36	0.03703703703703704	33691090
lipid metabolism/drug effects	antineoplastic agents immunological/administration &amp; dosage	0.03703703703703704	31554642
lung neoplasms/drug therapy	PRKAB1	0.03703703703703704	34093872
lipid metabolism/drug effects	cell line tumor	0.37037037037037035	31554642
hemeproteins/toxicity	ferroptosis/drug effects	0	31980600
benzylidene compounds/chemistry	PDCD1	0.11111111111111112	34985903
nlr family pyrin domain-containing 3 protein/metabolism	ferroptosis/drug effects	0	35197507
lung neoplasms/drug therapy	RPL17-C18orf32	0.11111111111111112	34093872
tor serine-threonine kinases/metabolism	ferroptosis/drug effects	0	34093872
antibodies monoclonal humanized/pharmacology	PDCD1	0.11111111111111112	33691090
folic acid antagonists/pharmacology	cystine/antagonists &amp; inhibitors	0.03703703703703704	32778843
cell transformation neoplastic/genetics	GPX4	0.4074074074074075	33311482
tor serine-threonine kinases/metabolism	macrophages/drug effects	0.14814814814814817	34093872
folic acid antagonists/pharmacology	reactive oxygen species/metabolism	0.2592592592592593	32778843
phenol/chemistry	cd8-positive t-lymphocytes/cytology	0.07407407407407408	34985903
glioblastoma/genetics	brain neoplasms/genetics	0.03703703703703704	34062295
lipid metabolism/drug effects	SLC9A1	0.07407407407407408	31554642
lipid metabolism/drug effects	ATM	0.03703703703703704	31554642
tor serine-threonine kinases/metabolism	tumor microenvironment/drug effects	0.14814814814814817	34093872
lipid metabolism/drug effects	SLC7A11	0.14814814814814817	31554642
triple negative breast neoplasms/drug therapy	JAK2	0.03703703703703704	34991659
tor serine-threonine kinases/metabolism	mitochondria/drug effects	0.07407407407407408	34093872
triple negative breast neoplasms/drug therapy	IL6	0.03703703703703704	34991659
hemeproteins/toxicity	ferritins/blood	0.03703703703703704	31980600
lung neoplasms/drug therapy	RPL17	0.11111111111111112	34093872
phenol/chemistry	ferroptosis/drug effects	0	34985903
nlr family pyrin domain-containing 3 protein/metabolism	macrophages/metabolism	0.03703703703703704	35197507
oleic acid/metabolism	ferroptosis/drug effects	0	32814895
lung neoplasms/drug therapy	MRLN	0.07407407407407408	34093872
lung neoplasms/drug therapy	CTLA4	0.03703703703703704	34093872
benzylidene compounds/chemistry	CD274	0.11111111111111112	34985903
hemeproteins/toxicity	macrophages/drug effects	0.14814814814814817	31980600
oleic acid/metabolism	cell survival	0.03703703703703704	32814895
antibodies monoclonal humanized/pharmacology	CD8A	0.1851851851851852	33691090
gels/chemistry	urinary bladder neoplasms/pathology	0.03703703703703704	33236624
lipid metabolism/drug effects	CD8A	0.1851851851851852	31554642
nlr family pyrin domain-containing 3 protein/metabolism	hmgb1 protein/metabolism	0.03703703703703704	35197507
cell transformation neoplastic/genetics	KDM8	0.03703703703703704	33311482
glioblastoma/genetics	acetaminophen/pharmacology	0.03703703703703704	34062295
benzylidene compounds/chemistry	RPL17-C18orf32	0.11111111111111112	34985903
glioblastoma/genetics	ferroptosis/drug effects	0	34062295
benzylidene compounds/chemistry	RPL17	0.11111111111111112	34985903
nlr family pyrin domain-containing 3 protein/metabolism	inflammation/metabolism	0.03703703703703704	35197507
antibodies monoclonal humanized/pharmacology	RPL17-C18orf32	0.11111111111111112	33691090
triple negative breast neoplasms/drug therapy	GGT1	0.03703703703703704	34991659
tor serine-threonine kinases/metabolism	nf-e2-related factor 2/genetics	0.03703703703703704	34093872
antibodies monoclonal humanized/pharmacology	RPL17	0.11111111111111112	33691090
lung/blood supply	heart ventricles/diagnostic imaging	0.03703703703703704	35197507
spiro compounds/pharmacology	proto-oncogene proteins p21(ras)/metabolism	0.03703703703703704	33311482
phenol/chemistry	cell line tumor	0.37037037037037035	34985903
lung/blood supply	toll-like receptor 4/metabolism	0.03703703703703704	35197507
spiro compounds/pharmacology	ferroptosis/drug effects	0	33311482
host-pathogen interactions	GPX4	0.4074074074074075	30787033
nlr family pyrin domain-containing 3 protein/metabolism	NOX4	0.03703703703703704	35197507
spiro compounds/pharmacology	pancreatitis/genetics	0.03703703703703704	33311482
tor serine-threonine kinases/metabolism	cell line tumor	0.37037037037037035	34093872
phenol/chemistry	exosomes/metabolism	0.03703703703703704	34985903
spiro compounds/pharmacology	pancreas/metabolism	0.03703703703703704	33311482
nlr family pyrin domain-containing 3 protein/metabolism	FTH1	0.03703703703703704	35197507
folic acid antagonists/pharmacology	GPX4	0.4074074074074075	32778843
urinary bladder neoplasms/pathology	ferroptosis/drug effects	0	33236624
cell transformation neoplastic/genetics	STING1	0.03703703703703704	33311482
phenol/chemistry	PDCD1	0.11111111111111112	34985903
inflammation mediators/antagonists &amp; inhibitors	CCK	0.07407407407407408	34717678
hepatocytes/drug effects	MMRN1	0.03703703703703704	34811833
tor serine-threonine kinases/metabolism	glycogen synthase kinase 3/metabolism	0.03703703703703704	34093872
melanoma/genetics	cysteine/metabolism	0.03703703703703704	31043744
endoplasmic reticulum/drug effects	ferroptosis/drug effects	0	33277233
endoplasmic reticulum/drug effects	neoplasms/drug therapy	0.07407407407407408	33277233
energy metabolism/drug effects	ferroptosis/drug effects	0	31509699
energy metabolism/drug effects	neoplasms/drug therapy	0.07407407407407408	31509699
phenol/chemistry	CD274	0.11111111111111112	34985903
melanoma/genetics	ferroptosis/drug effects	0	31043744
nlr family pyrin domain-containing 3 protein/metabolism	NLRP3	0.03703703703703704	35197507
nlr family pyrin domain-containing 3 protein/metabolism	HMGB1	0.03703703703703704	35197507
nlr family pyrin domain-containing 3 protein/metabolism	GPX4	0.4074074074074075	35197507
inflammation mediators/antagonists &amp; inhibitors	GPX4	0.4074074074074075	34717678
spiro compounds/pharmacology	phospholipid hydroperoxide glutathione peroxidase/genetics	0.03703703703703704	33311482
gels/chemistry	ferroptosis/drug effects	0	33236624
t-lymphocytes/immunology	ferroptosis/drug effects	0	33547170
phenol/chemistry	RPL17-C18orf32	0.11111111111111112	34985903
glioblastoma/genetics	hyaluronan receptors/genetics	0.03703703703703704	34062295
hemeproteins/toxicity	listeriosis/etiology	0.03703703703703704	31980600
tor serine-threonine kinases/metabolism	CHRM1	0.07407407407407408	34093872
tor serine-threonine kinases/metabolism	GSK3B	0.03703703703703704	34093872
tor serine-threonine kinases/metabolism	PDCD1	0.11111111111111112	34093872
hepatocytes/drug effects	HIF1A	0.03703703703703704	34811833
t-lymphocytes/immunology	membrane proteins/metabolism	0.03703703703703704	33547170
tor serine-threonine kinases/metabolism	PRKAA1	0.03703703703703704	34093872
t-lymphocytes/immunology	tumor microenvironment/drug effects	0.14814814814814817	33547170
ferroptosis/drug effects	RPL17-C18orf32	0	34093872
ferroptosis/drug effects	RPL17-C18orf32	0	33691090
ferroptosis/drug effects	RPL17-C18orf32	0	34985903
tor serine-threonine kinases/metabolism	GABPA	0.03703703703703704	34093872
ferroptosis/drug effects	RPL17	0	34093872
ferroptosis/drug effects	RPL17	0	33691090
ferroptosis/drug effects	RPL17	0	34985903
ferroptosis/drug effects	AIFM2	0	33277233
ferroptosis/drug effects	MRLN	0	34093872
ferroptosis/drug effects	MRLN	0	33236624
ferroptosis/drug effects	CTLA4	0	34093872
ferroptosis/drug effects	STING1	0	33311482
ferroptosis/drug effects	GGT1	0	34991659
tor serine-threonine kinases/metabolism	MTOR	0.03703703703703704	34093872
proto-oncogene proteins p21(ras)/metabolism	ferroptosis/drug effects	0	33311482
t-lymphocytes/immunology	colonic neoplasms/drug therapy	0.03703703703703704	33547170
phenol/chemistry	RPL17	0.11111111111111112	34985903
jurkat cells	methotrexate/pharmacology	0.07407407407407408	32778843
proto-oncogene proteins p21(ras)/metabolism	pancreatitis/genetics	0.03703703703703704	33311482
proto-oncogene proteins p21(ras)/metabolism	pancreas/metabolism	0.03703703703703704	33311482
saponins/chemistry	antineoplastic agents/chemistry	0.03703703703703704	31509699
energy metabolism/drug effects	mitochondria/drug effects	0.07407407407407408	31509699
energy metabolism/drug effects	pyruvate dehydrogenase acetyl-transferring kinase/antagonists &amp; inhibitors	0.03703703703703704	31509699
skin neoplasms/drug therapy	CD274	0.11111111111111112	34593794
nlr family pyrin domain-containing 3 protein/metabolism	TLR4	0.07407407407407408	35197507
hemeproteins/toxicity	TP53	0.11111111111111112	31980600
glioblastoma/genetics	HSPB1	0.03703703703703704	34062295
saponins/chemistry	energy metabolism/drug effects	0.03703703703703704	31509699
endoplasmic reticulum/drug effects	cell line tumor	0.37037037037037035	33277233
gels/chemistry	reactive oxygen species/metabolism	0.2592592592592593	33236624
flavonolignans/pharmacology	reactive oxygen species/metabolism	0.2592592592592593	33926261
tor serine-threonine kinases/metabolism	BTRC	0.03703703703703704	34093872
energy metabolism/drug effects	cell line tumor	0.37037037037037035	31509699
t-lymphocytes/immunology	heme oxygenase-1/metabolism	0.03703703703703704	33547170
gels/chemistry	gold/chemistry	0.03703703703703704	33236624
jurkat cells	biopterins/analogs &amp; derivatives	0.07407407407407408	32778843
tor serine-threonine kinases/metabolism	PRKAA2	0.03703703703703704	34093872
t-lymphocytes/immunology	reactive oxygen species/metabolism	0.2592592592592593	33547170
jurkat cells	glutathione peroxidase/metabolism	0.07407407407407408	33926261
jurkat cells	flavonolignans/pharmacology	0.07407407407407408	33926261
gels/chemistry	cell line tumor	0.37037037037037035	33236624
tor serine-threonine kinases/metabolism	CD274	0.11111111111111112	34093872
inflammation mediators/antagonists &amp; inhibitors	NFE2L2	0.07407407407407408	34717678
tor serine-threonine kinases/metabolism	NFE2L2	0.07407407407407408	34093872
jurkat cells	cystine/antagonists &amp; inhibitors	0.07407407407407408	32778843
t-lymphocytes/immunology	HMOX1	0.03703703703703704	33547170
tor serine-threonine kinases/metabolism	CD8A	0.1851851851851852	34093872
proto-oncogene proteins p21(ras)/metabolism	phospholipid hydroperoxide glutathione peroxidase/genetics	0.03703703703703704	33311482
endoplasmic reticulum/drug effects	ACSL4	0.03703703703703704	33277233
jurkat cells	reactive oxygen species/metabolism	0.05982905982905984	32778843
jurkat cells	reactive oxygen species/metabolism	0.05982905982905984	33926261
endoplasmic reticulum/drug effects	GPX4	0.4074074074074075	33277233
killer cells natural/metabolism	reactive oxygen species/metabolism	0.2592592592592593	35778693
killer cells natural/metabolism	asparaginase	0.03703703703703704	35778693
endoplasmic reticulum/drug effects	ATL1	0.03703703703703704	33277233
endoplasmic reticulum/drug effects	S100A4	0.03703703703703704	33277233
energy metabolism/drug effects	ROS1	0.14814814814814817	31509699
saponins/chemistry	ferroptosis/drug effects	0	31509699
killer cells natural/metabolism	CCK	0.07407407407407408	35778693
saponins/chemistry	neoplasms/drug therapy	0.07407407407407408	31509699
glioblastoma/genetics	SLC40A1	0.03703703703703704	34062295
endoplasmic reticulum/drug effects	CD8A	0.1851851851851852	33277233
tor serine-threonine kinases/metabolism	PRKAB1	0.03703703703703704	34093872
killer cells natural/metabolism	TP53	0.11111111111111112	35778693
tor serine-threonine kinases/metabolism	RPL17-C18orf32	0.11111111111111112	34093872
spiro compounds/pharmacology	GPX4	0.4074074074074075	33311482
tor serine-threonine kinases/metabolism	RPL17	0.11111111111111112	34093872
killer cells natural/metabolism	SLC7A11	0.14814814814814817	35778693
endoplasmic reticulum/drug effects	AIFM2	0.03703703703703704	33277233
tor serine-threonine kinases/metabolism	MRLN	0.07407407407407408	34093872
saponins/chemistry	mitochondria/drug effects	0.07407407407407408	31509699
tor serine-threonine kinases/metabolism	CTLA4	0.03703703703703704	34093872
flavonolignans/pharmacology	GPX4	0.4074074074074075	33926261
saponins/chemistry	pyruvate dehydrogenase acetyl-transferring kinase/antagonists &amp; inhibitors	0.03703703703703704	31509699
amp-activated protein kinase kinases	lung neoplasms/drug therapy	0.03703703703703704	34093872
killer cells natural/metabolism	GPX4	0.4074074074074075	35778693
heat-shock proteins/genetics	brain neoplasms/genetics	0.03703703703703704	34062295
gels/chemistry	CHRM1	0.07407407407407408	33236624
flavonolignans/pharmacology	ROS1	0.14814814814814817	33926261
flavonolignans/pharmacology	ATG5	0.03703703703703704	33926261
t-lymphocytes/immunology	TP53	0.11111111111111112	33547170
hemeproteins/toxicity	TF	0.03703703703703704	31980600
b-lymphocytes/metabolism	ferroptosis/drug effects	0	31775041
killer cells natural/metabolism	XK	0.03703703703703704	35778693
ascorbic acid/pharmacology	ferroptosis/drug effects	0	32686685
heat-shock proteins/genetics	acetaminophen/pharmacology	0.03703703703703704	34062295
transferrin/metabolism	tumor suppressor protein p53/genetics	0.03703703703703704	31980600
heat-shock proteins/genetics	ferroptosis/drug effects	0	34062295
b-lymphocytes/metabolism	cytoskeletal proteins/metabolism	0.03703703703703704	31775041
killer cells natural/metabolism	ASPG	0.03703703703703704	35778693
transferrin/metabolism	ferroptosis/drug effects	0	31980600
killer cells natural/metabolism	NLRP1	0.03703703703703704	35778693
methotrexate/pharmacology	biopterins/analogs &amp; derivatives	0.03703703703703704	32778843
spiro compounds/pharmacology	KDM8	0.03703703703703704	33311482
heat-shock proteins/genetics	hyaluronan receptors/genetics	0.03703703703703704	34062295
methotrexate/pharmacology	cystine/antagonists &amp; inhibitors	0.03703703703703704	32778843
pyruvate dehydrogenase acetyl-transferring kinase/antagonists &amp; inhibitors	ROS1	0.14814814814814817	31509699
phospholipid hydroperoxide glutathione peroxidase/genetics	GPX4	0.4074074074074075	33311482
b-lymphocytes/metabolism	BDKRB2	0.03703703703703704	31775041
proto-oncogene proteins p21(ras)/metabolism	GPX4	0.4074074074074075	33311482
amp-activated protein kinase kinases	ferroptosis/drug effects	0	34093872
methotrexate/pharmacology	reactive oxygen species/metabolism	0.2592592592592593	32778843
b-lymphocytes/metabolism	BBS9	0.03703703703703704	31775041
transferrin/metabolism	ferritins/blood	0.03703703703703704	31980600
amp-activated protein kinase kinases	macrophages/drug effects	0.14814814814814817	34093872
heat-shock proteins/genetics	HSPB1	0.03703703703703704	34062295
heat-shock proteins/genetics	SLC40A1	0.03703703703703704	34062295
b-lymphocytes/metabolism	MS4A1	0.03703703703703704	31775041
transferrin/metabolism	macrophages/drug effects	0.14814814814814817	31980600
glioblastoma/genetics	CD44	0.03703703703703704	34062295
t-lymphocytes/immunology	ASAH2	0.03703703703703704	33547170
b-lymphocytes/metabolism	GPX4	0.4074074074074075	31775041
spiro compounds/pharmacology	STING1	0.03703703703703704	33311482
b-lymphocytes/metabolism	ROS1	0.14814814814814817	31775041
malondialdehyde/blood	spleen/pathology	0.03703703703703704	34396451
phospholipid hydroperoxide glutathione peroxidase/genetics	KDM8	0.03703703703703704	33311482
ascorbic acid/pharmacology	cell line tumor	0.37037037037037035	32686685
carcinoma pancreatic ductal/metabolism	diet	0.03703703703703704	33311482
multiple myeloma/drug therapy	reactive oxygen species/metabolism	0.2592592592592593	33691090
jurkat cells	GPX4	0.15669515669515674	32778843
jurkat cells	GPX4	0.15669515669515674	33926261
b-lymphocytes/metabolism	PLEKHM1	0.03703703703703704	31775041
toll-like receptor 4/genetics	TLR4	0.07407407407407408	30830879
b-lymphocytes/metabolism	SPANXB1	0.03703703703703704	31775041
phospholipid hydroperoxide glutathione peroxidase/genetics	STING1	0.03703703703703704	33311482
transferrin/metabolism	listeriosis/etiology	0.03703703703703704	31980600
multiple myeloma/drug therapy	cell line tumor	0.37037037037037035	33691090
jurkat cells	ROS1	0.27920227920227925	33926261
jurkat cells	ATG5	0.07407407407407408	33926261
heat-shock proteins/genetics	CD44	0.03703703703703704	34062295
tumor microenvironment/drug effects	mitochondria/drug effects	0.27920227920227925	34093872
cystine/antagonists &amp; inhibitors	reactive oxygen species/metabolism	0.2592592592592593	32778843
gels/chemistry	MRLN	0.07407407407407408	33236624
methotrexate/pharmacology	GPX4	0.4074074074074075	32778843
tumor microenvironment/drug effects	tumor escape/drug effects	0.14814814814814817	34593794
proto-oncogene proteins p21(ras)/metabolism	KDM8	0.03703703703703704	33311482
tumor microenvironment/drug effects	immune checkpoint inhibitors/pharmacology	0.14814814814814817	34593794
drug synergism	saponins/chemistry	0.03703703703703704	31509699
transferrin/metabolism	TP53	0.11111111111111112	31980600
drug synergism	antineoplastic agents/chemistry	0.03703703703703704	31509699
multiple myeloma/drug therapy	CD36	0.03703703703703704	33691090
malondialdehyde/blood	ferroptosis/drug effects	0	34396451
brain neoplasms/genetics	acetaminophen/pharmacology	0.03703703703703704	34062295
brain neoplasms/genetics	ferroptosis/drug effects	0	34062295
toll-like receptor 4/genetics	TRIM69	0.03703703703703704	30830879
tumor-associated macrophages/drug effects	GGT1	0.03703703703703704	34991659
drug synergism	energy metabolism/drug effects	0.03703703703703704	31509699
carcinoma pancreatic ductal/metabolism	spiro compounds/pharmacology	0.03703703703703704	33311482
hepatic stellate cells/drug effects	hepatocytes/drug effects	0.03703703703703704	34811833
antineoplastic agents immunological/administration &amp; dosage	cell line tumor	0.37037037037037035	31554642
hepatic stellate cells/drug effects	ferroptosis/drug effects	0	34811833
carcinoma pancreatic ductal/metabolism	proto-oncogene proteins p21(ras)/metabolism	0.03703703703703704	33311482
amp-activated protein kinase kinases	tumor microenvironment/drug effects	0.14814814814814817	34093872
carcinoma pancreatic ductal/metabolism	ferroptosis/drug effects	0	33311482
carcinoma pancreatic ductal/metabolism	pancreatitis/genetics	0.03703703703703704	33311482
malondialdehyde/blood	iron/blood	0.03703703703703704	34396451
ascorbic acid/pharmacology	CALR	0.03703703703703704	32686685
carcinoma pancreatic ductal/metabolism	pancreas/metabolism	0.03703703703703704	33311482
amp-activated protein kinase kinases	mitochondria/drug effects	0.07407407407407408	34093872
malondialdehyde/blood	liver/pathology	0.03703703703703704	34396451
transferrin/metabolism	TF	0.03703703703703704	31980600
antineoplastic agents immunological/administration &amp; dosage	SLC9A1	0.07407407407407408	31554642
proto-oncogene proteins p21(ras)/metabolism	STING1	0.03703703703703704	33311482
amp-activated protein kinase kinases	nf-e2-related factor 2/genetics	0.03703703703703704	34093872
biopterins/analogs &amp; derivatives	cystine/antagonists &amp; inhibitors	0.03703703703703704	32778843
drug interactions	ferroptosis/drug effects	0	32134361
tumor microenvironment/drug effects	nf-e2-related factor 2/genetics	0.14814814814814817	34093872
antineoplastic agents immunological/administration &amp; dosage	ATM	0.03703703703703704	31554642
brain neoplasms/genetics	hyaluronan receptors/genetics	0.03703703703703704	34062295
tumor microenvironment/drug effects	colonic neoplasms/drug therapy	0.14814814814814817	33547170
antineoplastic agents immunological/administration &amp; dosage	SLC7A11	0.14814814814814817	31554642
tumor microenvironment/drug effects	heme oxygenase-1/metabolism	0.14814814814814817	33547170
tumor microenvironment/drug effects	reactive oxygen species/metabolism	0.7239316239316239	33547170
amp-activated protein kinase kinases	cell line tumor	0.37037037037037035	34093872
tumor microenvironment/drug effects	basic-leucine zipper transcription factors/analysis	0.14814814814814817	34991659
reactive oxygen species/metabolism	asparaginase	0.2592592592592593	35778693
tumor microenvironment/drug effects	tumor-associated macrophages/drug effects	0.14814814814814817	34991659
cell line	SLC7A11	0.14814814814814817	34811833
reactive oxygen species/metabolism	interferon-gamma/immunology	0.2592592592592593	31043744
hepatic stellate cells/drug effects	macrophages/drug effects	0.14814814814814817	34811833
cell line	FUT1	0.03703703703703704	34811833
tumor microenvironment/drug effects	cell line tumor	0.8643874643874644	34093872
reactive oxygen species/metabolism	gold/chemistry	0.2592592592592593	33236624
neoplasms/drug therapy	mitochondria/drug effects	0.14529914529914534	31509699
tumor microenvironment/drug effects	drug resistance neoplasm/drug effects	0.14814814814814817	34593794
multiple myeloma/drug therapy	PDCD1	0.11111111111111112	33691090
drug synergism	ferroptosis/drug effects	0	31509699
tumor microenvironment/drug effects	glycogen synthase kinase 3/metabolism	0.14814814814814817	34093872
neoplasms/drug therapy	pyruvate dehydrogenase acetyl-transferring kinase/antagonists &amp; inhibitors	0.07407407407407408	31509699
reactive oxygen species/metabolism	cell line tumor	0.5251646903820817	31043744
reactive oxygen species/metabolism	cell line tumor	0.5251646903820817	33691090
reactive oxygen species/metabolism	cell line tumor	0.5251646903820817	33236624
drug synergism	neoplasms/drug therapy	0.07407407407407408	31509699
cell line	GPX4	0.4074074074074075	34811833
ileum/drug effects	drug interactions	0.03703703703703704	32134361
cell line	FN1	0.03703703703703704	34811833
ileum/drug effects	ferroptosis/drug effects	0	32134361
carcinoma pancreatic ductal/metabolism	phospholipid hydroperoxide glutathione peroxidase/genetics	0.03703703703703704	33311482
antineoplastic agents immunological/administration &amp; dosage	CD8A	0.1851851851851852	31554642
cell line	ROS1	0.14814814814814817	34811833
reactive oxygen species/metabolism	HMOX1	0.2592592592592593	33547170
biopterins/analogs &amp; derivatives	reactive oxygen species/metabolism	0.2592592592592593	32778843
amp-activated protein kinase kinases	glycogen synthase kinase 3/metabolism	0.03703703703703704	34093872
malondialdehyde/blood	cell line tumor	0.37037037037037035	34396451
cell line	MMRN1	0.03703703703703704	34811833
ascorbic acid/pharmacology	CYREN	0.03703703703703704	32686685
hmgb1 protein/metabolism	inflammation/metabolism	0.03703703703703704	35197507
cell line	HIF1A	0.03703703703703704	34811833
tumor microenvironment/drug effects	HMOX1	0.14814814814814817	33547170
tumor microenvironment/drug effects	TGFB1	0.14814814814814817	34991659
reactive oxygen species/metabolism	CCK	0.4586894586894587	35778693
tumor microenvironment/drug effects	HLF	0.14814814814814817	34991659
neoplasms/drug therapy	cell line tumor	0.12820512820512822	33277233
neoplasms/drug therapy	cell line tumor	0.12820512820512822	31509699
ileum/drug effects	radiation-protective agents/pharmacology	0.03703703703703704	32134361
hmgb1 protein/metabolism	NOX4	0.03703703703703704	35197507
cystine/antagonists &amp; inhibitors	GPX4	0.4074074074074075	32778843
multiple myeloma/drug therapy	CD8A	0.1851851851851852	33691090
hmgb1 protein/metabolism	FTH1	0.03703703703703704	35197507
reactive oxygen species/metabolism	CD36	0.2592592592592593	33691090
drug interactions	radiation-protective agents/pharmacology	0.03703703703703704	32134361
drug synergism	mitochondria/drug effects	0.07407407407407408	31509699
drug synergism	pyruvate dehydrogenase acetyl-transferring kinase/antagonists &amp; inhibitors	0.03703703703703704	31509699
amp-activated protein kinase kinases	CHRM1	0.07407407407407408	34093872
multiple myeloma/drug therapy	RPL17-C18orf32	0.11111111111111112	33691090
hmgb1 protein/metabolism	NLRP3	0.03703703703703704	35197507
multiple myeloma/drug therapy	RPL17	0.11111111111111112	33691090
hmgb1 protein/metabolism	HMGB1	0.03703703703703704	35197507
amp-activated protein kinase kinases	GSK3B	0.03703703703703704	34093872
hmgb1 protein/metabolism	GPX4	0.4074074074074075	35197507
amp-activated protein kinase kinases	PDCD1	0.11111111111111112	34093872
amp-activated protein kinase kinases	PRKAA1	0.03703703703703704	34093872
hmgb1 protein/metabolism	TLR4	0.07407407407407408	35197507
drug synergism	cell line tumor	0.37037037037037035	31509699
amp-activated protein kinase kinases	GABPA	0.03703703703703704	34093872
tumor suppressor protein p53/genetics	ferroptosis/drug effects	0	31980600
tumor microenvironment/drug effects	STAT3	0.14814814814814817	34991659
tumor microenvironment/drug effects	TP53	0.39452991452991454	33547170
tumor suppressor protein p53/genetics	ferritins/blood	0.03703703703703704	31980600
reactive oxygen species/metabolism	SLC9A1	0.4586894586894587	31043744
reactive oxygen species/metabolism	TP53	0.15555555555555553	33547170
reactive oxygen species/metabolism	TP53	0.15555555555555553	35778693
biopterins/analogs &amp; derivatives	GPX4	0.4074074074074075	32778843
HSPB1	CD44	0.03703703703703704	34062295
tumor microenvironment/drug effects	CHRM1	0.27920227920227925	34093872
neoplasms/drug therapy	ACSL4	0.07407407407407408	33277233
carcinoma pancreatic ductal/metabolism	GPX4	0.4074074074074075	33311482
tumor microenvironment/drug effects	GSK3B	0.14814814814814817	34093872
neoplasms/drug therapy	GPX4	0.658119658119658	33277233
tumor microenvironment/drug effects	SMAD3	0.14814814814814817	34991659
amp-activated protein kinase kinases	MTOR	0.03703703703703704	34093872
exosomes/metabolism	PDCD1	0.11111111111111112	34985903
cell line tumor	glycogen synthase kinase 3/metabolism	0.37037037037037046	34093872
CHRM1	GSK3B	0.07407407407407408	34093872
cell line tumor	exosomes/metabolism	0.37037037037037046	34985903
CHRM1	PDCD1	0.21367521367521367	34093872
neoplasms/drug therapy	ATL1	0.07407407407407408	33277233
reactive oxygen species/metabolism	SLC7A11	0.26923076923076933	31043744
reactive oxygen species/metabolism	SLC7A11	0.26923076923076933	35778693
MTOR	BTRC	0.03703703703703704	34093872
acetaminophen/pharmacology	ferroptosis/drug effects	0	34062295
neoplasms/drug therapy	ROS1	0.27920227920227925	31509699
MTOR	PRKAA2	0.03703703703703704	34093872
reactive oxygen species/metabolism	CHRM1	0.4586894586894587	33236624
cell line tumor	CD36	0.37037037037037046	33691090
neoplasms/drug therapy	S100A4	0.07407407407407408	33277233
cell line tumor	SLC9A1	0.12820512820512822	31043744
cell line tumor	SLC9A1	0.12820512820512822	31554642
MTOR	CD274	0.11111111111111112	34093872
cytoskeletal proteins/metabolism	BDKRB2	0.03703703703703704	31775041
reactive oxygen species/metabolism	PDCD1	0.6102564102564103	33691090
exosomes/metabolism	CD274	0.11111111111111112	34985903
cell line tumor	ATM	0.37037037037037046	31554642
MTOR	NFE2L2	0.07407407407407408	34093872
reactive oxygen species/metabolism	GPX4	0.6173913043478261	33926261
reactive oxygen species/metabolism	GPX4	0.6173913043478261	32778843
reactive oxygen species/metabolism	GPX4	0.6173913043478261	35778693
cytoskeletal proteins/metabolism	BBS9	0.03703703703703704	31775041
cell line tumor	SLC7A11	0.476923076923077	31043744
cell line tumor	SLC7A11	0.476923076923077	31554642
cell line tumor	CHRM1	0.12820512820512822	34093872
cell line tumor	CHRM1	0.12820512820512822	33236624
macrophages/drug effects	tumor microenvironment/drug effects	0.4954415954415956	34093872
tumor microenvironment/drug effects	PDCD1	0.39452991452991454	34093872
MTOR	CD8A	0.1851851851851852	34093872
cell line tumor	CALR	0.37037037037037046	32686685
neoplasms/drug therapy	CD8A	0.34188034188034183	33277233
cell line tumor	GSK3B	0.37037037037037046	34093872
macrophages/drug effects	mitochondria/drug effects	0.27920227920227925	34093872
tumor microenvironment/drug effects	PRKAA1	0.14814814814814817	34093872
cell line tumor	PDCD1	0.041025641025641026	34093872
cell line tumor	PDCD1	0.041025641025641026	33691090
cell line tumor	PDCD1	0.041025641025641026	34985903
tumor microenvironment/drug effects	GABPA	0.14814814814814817	34093872
reactive oxygen species/metabolism	ROS1	0.7239316239316238	33926261
macrophages/drug effects	nf-e2-related factor 2/genetics	0.14814814814814817	34093872
cell line tumor	ACSL4	0.37037037037037046	33277233
tumor suppressor protein p53/genetics	macrophages/drug effects	0.14814814814814817	31980600
tumor microenvironment/drug effects	MTOR	0.14814814814814817	34093872
reactive oxygen species/metabolism	ATG5	0.2592592592592593	33926261
cell line tumor	GPX4	0.9990507670141537	33277233
carcinoma pancreatic ductal/metabolism	KDM8	0.03703703703703704	33311482
cell line tumor	PRKAA1	0.37037037037037046	34093872
tumor microenvironment/drug effects	BTRC	0.14814814814814817	34093872
tumor microenvironment/drug effects	PRKAA2	0.14814814814814817	34093872
acetaminophen/pharmacology	hyaluronan receptors/genetics	0.03703703703703704	34062295
cell line tumor	GABPA	0.37037037037037046	34093872
CHRM1	PRKAA1	0.07407407407407408	34093872
cell line tumor	ATL1	0.37037037037037046	33277233
MTOR	PRKAB1	0.03703703703703704	34093872
liver/pathology	cell line tumor	0.37037037037037035	34396451
neoplasms/drug therapy	AIFM2	0.07407407407407408	33277233
CHRM1	GABPA	0.07407407407407408	34093872
cell line tumor	MTOR	0.37037037037037046	34093872
cell line tumor	ROS1	0.8643874643874644	31509699
cell line tumor	S100A4	0.37037037037037046	33277233
carcinoma pancreatic ductal/metabolism	STING1	0.03703703703703704	33311482
tumor microenvironment/drug effects	CD274	0.04854700854700855	34093872
tumor microenvironment/drug effects	CD274	0.04854700854700855	34593794
MTOR	RPL17-C18orf32	0.11111111111111112	34093872
reactive oxygen species/metabolism	SLC3A2	0.2592592592592593	31043744
tumor microenvironment/drug effects	JAK2	0.14814814814814817	34991659
MTOR	RPL17	0.11111111111111112	34093872
macrophages/drug effects	cell line tumor	0.8643874643874644	34093872
cell line tumor	BTRC	0.37037037037037046	34093872
cell line tumor	PRKAA2	0.37037037037037046	34093872
tumor microenvironment/drug effects	ASAH2	0.14814814814814817	33547170
tumor microenvironment/drug effects	NFE2L2	0.27920227920227925	34093872
macrophages/drug effects	glycogen synthase kinase 3/metabolism	0.14814814814814817	34093872
diet	spiro compounds/pharmacology	0.03703703703703704	33311482
cell line tumor	SLC3A2	0.37037037037037046	31043744
CHRM1	MTOR	0.07407407407407408	34093872
tumor microenvironment/drug effects	IL6	0.14814814814814817	34991659
cell line tumor	CD274	0.3025641025641026	34093872
cell line tumor	CD274	0.3025641025641026	34985903
diet	proto-oncogene proteins p21(ras)/metabolism	0.03703703703703704	33311482
macrophages/drug effects	listeriosis/etiology	0.14814814814814817	31980600
cell line tumor	CYREN	0.37037037037037046	32686685
CHRM1	BTRC	0.07407407407407408	34093872
diet	ferroptosis/drug effects	0	33311482
macrophages/drug effects	cell line	0.14814814814814817	34811833
CHRM1	PRKAA2	0.07407407407407408	34093872
diet	pancreatitis/genetics	0.03703703703703704	33311482
cell line tumor	NFE2L2	0.6125356125356125	34093872
diet	pancreas/metabolism	0.03703703703703704	33311482
CHRM1	CD274	0.21367521367521367	34093872
tumor suppressor protein p53/genetics	listeriosis/etiology	0.03703703703703704	31980600
cell line tumor	CD8A	0.003121516164994426	31043744
cell line tumor	CD8A	0.003121516164994426	34093872
cell line tumor	CD8A	0.003121516164994426	33277233
cell line tumor	CD8A	0.003121516164994426	33691090
cell line tumor	CD8A	0.003121516164994426	31554642
exosomes/metabolism	RPL17-C18orf32	0.11111111111111112	34985903
autophagy-related proteins/genetics	ferroptosis/drug effects	0	33926261
exosomes/metabolism	RPL17	0.11111111111111112	34985903
autophagy-related proteins/genetics	jurkat cells	0.07407407407407408	33926261
CHRM1	NFE2L2	0.14529914529914534	34093872
pancreatitis/genetics	pancreas/metabolism	0.03703703703703704	33311482
reactive oxygen species/metabolism	XK	0.2592592592592593	35778693
cell line tumor	PRKAB1	0.37037037037037046	34093872
macrophages/drug effects	TP53	0.39452991452991454	31980600
diet	phospholipid hydroperoxide glutathione peroxidase/genetics	0.03703703703703704	33311482
cell line tumor	RPL17-C18orf32	0.041025641025641026	34093872
cell line tumor	RPL17-C18orf32	0.041025641025641026	33691090
cell line tumor	RPL17-C18orf32	0.041025641025641026	34985903
cytoskeletal proteins/metabolism	MS4A1	0.03703703703703704	31775041
cell line tumor	RPL17	0.041025641025641026	34093872
cell line tumor	RPL17	0.041025641025641026	33691090
cell line tumor	RPL17	0.041025641025641026	34985903
acetaminophen/pharmacology	HSPB1	0.03703703703703704	34062295
reactive oxygen species/metabolism	ASAH2	0.2592592592592593	33547170
tumor suppressor protein p53/genetics	TP53	0.11111111111111112	31980600
tumor microenvironment/drug effects	CD8A	0.5831908831908832	34093872
MTOR	MRLN	0.07407407407407408	34093872
pancreatitis/genetics	phospholipid hydroperoxide glutathione peroxidase/genetics	0.03703703703703704	33311482
reactive oxygen species/metabolism	CD8A	0.3878483835005575	31043744
reactive oxygen species/metabolism	CD8A	0.3878483835005575	33691090
MTOR	CTLA4	0.03703703703703704	34093872
cytoskeletal proteins/metabolism	GPX4	0.4074074074074075	31775041
ROS1	ATG5	0.14814814814814817	33926261
tumor microenvironment/drug effects	PRKAB1	0.14814814814814817	34093872
reactive oxygen species/metabolism	ASPG	0.2592592592592593	35778693
tumor microenvironment/drug effects	RPL17-C18orf32	0.39452991452991454	34093872
cytoskeletal proteins/metabolism	ROS1	0.14814814814814817	31775041
tumor microenvironment/drug effects	RPL17	0.39452991452991454	34093872
CHRM1	CD8A	0.34188034188034183	34093872
ROS1	MMRN1	0.14814814814814817	34811833
tumor microenvironment/drug effects	MRLN	0.27920227920227925	34093872
tumor microenvironment/drug effects	CTLA4	0.14814814814814817	34093872
tumor microenvironment/drug effects	GGT1	0.14814814814814817	34991659
ROS1	PLEKHM1	0.14814814814814817	31775041
SLC40A1	CD44	0.03703703703703704	34062295
CHRM1	PRKAB1	0.07407407407407408	34093872
cell line tumor	AIFM2	0.37037037037037046	33277233
macrophages/drug effects	SLC7A11	0.4954415954415956	34811833
CHRM1	RPL17-C18orf32	0.21367521367521367	34093872
cell line tumor	MRLN	0.12820512820512822	34093872
cell line tumor	MRLN	0.12820512820512822	33236624
acetaminophen/pharmacology	SLC40A1	0.03703703703703704	34062295
cytoskeletal proteins/metabolism	PLEKHM1	0.03703703703703704	31775041
autophagy-related proteins/genetics	glutathione peroxidase/metabolism	0.03703703703703704	33926261
CHRM1	RPL17	0.21367521367521367	34093872
cell line tumor	CTLA4	0.37037037037037046	34093872
autophagy-related proteins/genetics	flavonolignans/pharmacology	0.03703703703703704	33926261
tumor suppressor protein p53/genetics	TF	0.03703703703703704	31980600
cytoskeletal proteins/metabolism	SPANXB1	0.03703703703703704	31775041
macrophages/drug effects	CHRM1	0.27920227920227925	34093872
reactive oxygen species/metabolism	NLRP1	0.2592592592592593	35778693
HMOX1	TP53	0.11111111111111112	33547170
diet	GPX4	0.4074074074074075	33311482
reactive oxygen species/metabolism	RPL17-C18orf32	0.6102564102564103	33691090
reactive oxygen species/metabolism	RPL17	0.6102564102564103	33691090
ROS1	SPANXB1	0.14814814814814817	31775041
reactive oxygen species/metabolism	MRLN	0.4586894586894587	33236624
ROS1	HIF1A	0.14814814814814817	34811833
autophagy-related proteins/genetics	reactive oxygen species/metabolism	0.2592592592592593	33926261
cysteine/metabolism	ferroptosis/drug effects	0	31043744
CD36	PDCD1	0.11111111111111112	33691090
diet	KDM8	0.03703703703703704	33311482
macrophages/drug effects	FUT1	0.14814814814814817	34811833
CHRM1	MRLN	0.002849002849002849	34093872
CHRM1	MRLN	0.002849002849002849	33236624
macrophages/drug effects	GSK3B	0.14814814814814817	34093872
diet	STING1	0.03703703703703704	33311482
CHRM1	CTLA4	0.07407407407407408	34093872
macrophages/drug effects	PDCD1	0.39452991452991454	34093872
macrophages/metabolism	hmgb1 protein/metabolism	0.03703703703703704	35197507
pancreatitis/genetics	GPX4	0.4074074074074075	33311482
macrophages/drug effects	GPX4	0.5452991452991452	34811833
macrophages/drug effects	GPX4	0.5452991452991452	30787033
macrophages/drug effects	PRKAA1	0.14814814814814817	34093872
FUT1	GPX4	0.4074074074074075	34811833
macrophages/drug effects	FN1	0.14814814814814817	34811833
macrophages/drug effects	GABPA	0.14814814814814817	34093872
FUT1	FN1	0.03703703703703704	34811833
cysteine/metabolism	reactive oxygen species/metabolism	0.2592592592592593	31043744
macrophages/drug effects	MTOR	0.14814814814814817	34093872
cysteine/metabolism	interferon-gamma/immunology	0.03703703703703704	31043744
macrophages/drug effects	ROS1	0.4954415954415956	34811833
FUT1	ROS1	0.14814814814814817	34811833
acetaminophen/pharmacology	CD44	0.03703703703703704	34062295
HMOX1	ASAH2	0.03703703703703704	33547170
macrophages/drug effects	BTRC	0.14814814814814817	34093872
cysteine/metabolism	cell line tumor	0.37037037037037035	31043744
cell survival	GPX4	0.4074074074074075	32814895
macrophages/drug effects	PRKAA2	0.14814814814814817	34093872
asparaginase	CCK	0.07407407407407408	35778693
drug resistance neoplasm/drug effects	CD274	0.11111111111111112	34593794
cell survival	ACSL3	0.03703703703703704	32814895
pancreatitis/genetics	KDM8	0.03703703703703704	33311482
immune checkpoint inhibitors/pharmacology	drug resistance neoplasm/drug effects	0.03703703703703704	34593794
S100A4	CD8A	0.1851851851851852	33277233
macrophages/metabolism	inflammation/metabolism	0.03703703703703704	35197507
asparaginase	TP53	0.11111111111111112	35778693
pancreatitis/genetics	STING1	0.03703703703703704	33311482
cysteine/metabolism	SLC9A1	0.07407407407407408	31043744
asparaginase	SLC7A11	0.14814814814814817	35778693
ferritins/blood	macrophages/drug effects	0.14814814814814817	31980600
CD36	CD8A	0.1851851851851852	33691090
S100A4	AIFM2	0.03703703703703704	33277233
cysteine/metabolism	SLC7A11	0.14814814814814817	31043744
sulfasalazine/administration &amp; dosage	ferroptosis/drug effects	0	31554642
macrophages/metabolism	NOX4	0.03703703703703704	35197507
FUT1	MMRN1	0.03703703703703704	34811833
macrophages/metabolism	FTH1	0.03703703703703704	35197507
macrophages/drug effects	CD274	0.39452991452991454	34093872
macrophages/drug effects	MMRN1	0.14814814814814817	34811833
FUT1	HIF1A	0.03703703703703704	34811833
cysteine/metabolism	SLC3A2	0.03703703703703704	31043744
macrophages/drug effects	NFE2L2	0.27920227920227925	34093872
BDKRB2	BBS9	0.03703703703703704	31775041
immune checkpoint inhibitors/pharmacology	CD274	0.11111111111111112	34593794
macrophages/drug effects	TF	0.14814814814814817	31980600
macrophages/drug effects	CD8A	0.5831908831908832	34093872
ferritins/blood	listeriosis/etiology	0.03703703703703704	31980600
asparaginase	GPX4	0.4074074074074075	35778693
CD36	RPL17-C18orf32	0.11111111111111112	33691090
autophagy-related proteins/genetics	GPX4	0.4074074074074075	33926261
CD36	RPL17	0.11111111111111112	33691090
sulfasalazine/administration &amp; dosage	antineoplastic agents immunological/administration &amp; dosage	0.03703703703703704	31554642
ferritins/blood	TP53	0.11111111111111112	31980600
sulfasalazine/administration &amp; dosage	cell line tumor	0.37037037037037035	31554642
autophagy-related proteins/genetics	ROS1	0.14814814814814817	33926261
macrophages/drug effects	HIF1A	0.14814814814814817	34811833
macrophages/metabolism	NLRP3	0.03703703703703704	35197507
neutrophil infiltration	toll-like receptor 4/genetics	0.03703703703703704	30830879
autophagy-related proteins/genetics	ATG5	0.03703703703703704	33926261
NOX4	FTH1	0.03703703703703704	35197507
macrophages/drug effects	PRKAB1	0.14814814814814817	34093872
macrophages/metabolism	HMGB1	0.03703703703703704	35197507
macrophages/drug effects	RPL17-C18orf32	0.39452991452991454	34093872
macrophages/metabolism	GPX4	0.4074074074074075	35197507
macrophages/drug effects	RPL17	0.39452991452991454	34093872
glycogen synthase kinase 3/metabolism	CHRM1	0.07407407407407408	34093872
nf-e2-related factor 2/genetics	cell line tumor	0.37037037037037035	34093872
macrophages/drug effects	MRLN	0.27920227920227925	34093872
cysteine/metabolism	CD8A	0.1851851851851852	31043744
macrophages/drug effects	CTLA4	0.14814814814814817	34093872
nf-e2-related factor 2/genetics	glycogen synthase kinase 3/metabolism	0.03703703703703704	34093872
glycogen synthase kinase 3/metabolism	GSK3B	0.03703703703703704	34093872
sulfasalazine/administration &amp; dosage	SLC9A1	0.07407407407407408	31554642
glutathione peroxidase/metabolism	flavonolignans/pharmacology	0.03703703703703704	33926261
glycogen synthase kinase 3/metabolism	PDCD1	0.11111111111111112	34093872
macrophages/metabolism	TLR4	0.07407407407407408	35197507
sulfasalazine/administration &amp; dosage	ATM	0.03703703703703704	31554642
glycogen synthase kinase 3/metabolism	PRKAA1	0.03703703703703704	34093872
sulfasalazine/administration &amp; dosage	SLC7A11	0.14814814814814817	31554642
glycogen synthase kinase 3/metabolism	GABPA	0.03703703703703704	34093872
BDKRB2	MS4A1	0.03703703703703704	31775041
neutrophil infiltration	TICAM1	0.03703703703703704	30830879
glycogen synthase kinase 3/metabolism	MTOR	0.03703703703703704	34093872
ferritins/blood	TF	0.03703703703703704	31980600
glycogen synthase kinase 3/metabolism	BTRC	0.03703703703703704	34093872
glutathione peroxidase/metabolism	reactive oxygen species/metabolism	0.2592592592592593	33926261
spleen/pathology	ferroptosis/drug effects	0	34396451
neutrophil infiltration	IFNA1	0.03703703703703704	30830879
glycogen synthase kinase 3/metabolism	PRKAA2	0.03703703703703704	34093872
CALR	CYREN	0.03703703703703704	32686685
triple negative breast neoplasms/drug therapy	ferroptosis/drug effects	0	34991659
asparaginase	XK	0.03703703703703704	35778693
nf-e2-related factor 2/genetics	CHRM1	0.07407407407407408	34093872
BDKRB2	GPX4	0.4074074074074075	31775041
glycogen synthase kinase 3/metabolism	CD274	0.11111111111111112	34093872
nf-e2-related factor 2/genetics	GSK3B	0.03703703703703704	34093872
nf-e2-related factor 2/genetics	PDCD1	0.11111111111111112	34093872
glycogen synthase kinase 3/metabolism	NFE2L2	0.07407407407407408	34093872
nf-e2-related factor 2/genetics	PRKAA1	0.03703703703703704	34093872
glycogen synthase kinase 3/metabolism	CD8A	0.1851851851851852	34093872
nf-e2-related factor 2/genetics	GABPA	0.03703703703703704	34093872
NOX4	NLRP3	0.03703703703703704	35197507
asparaginase	ASPG	0.03703703703703704	35778693
nf-e2-related factor 2/genetics	MTOR	0.03703703703703704	34093872
asparaginase	NLRP1	0.03703703703703704	35778693
NOX4	HMGB1	0.03703703703703704	35197507
spleen/pathology	iron/blood	0.03703703703703704	34396451
pancreas/metabolism	phospholipid hydroperoxide glutathione peroxidase/genetics	0.03703703703703704	33311482
sulfasalazine/administration &amp; dosage	CD8A	0.1851851851851852	31554642
glycogen synthase kinase 3/metabolism	PRKAB1	0.03703703703703704	34093872
nf-e2-related factor 2/genetics	BTRC	0.03703703703703704	34093872
BTRC	PRKAA2	0.03703703703703704	34093872
glycogen synthase kinase 3/metabolism	RPL17-C18orf32	0.11111111111111112	34093872
spleen/pathology	liver/pathology	0.03703703703703704	34396451
glycogen synthase kinase 3/metabolism	RPL17	0.11111111111111112	34093872
BDKRB2	ROS1	0.14814814814814817	31775041
glycogen synthase kinase 3/metabolism	MRLN	0.07407407407407408	34093872
glycogen synthase kinase 3/metabolism	CTLA4	0.03703703703703704	34093872
BTRC	CD274	0.11111111111111112	34093872
basic-leucine zipper transcription factors/analysis	tumor-associated macrophages/drug effects	0.03703703703703704	34991659
ferroptosis/drug effects	jurkat cells	0	32778843
ferroptosis/drug effects	jurkat cells	0	33926261
BTRC	NFE2L2	0.07407407407407408	34093872
ferroptosis/drug effects	neoplasms/drug therapy	0	33277233
ferroptosis/drug effects	neoplasms/drug therapy	0	31509699
ferroptosis/drug effects	pancreatitis/genetics	0	33311482
ferroptosis/drug effects	ferritins/blood	0	31980600
ferroptosis/drug effects	pancreas/metabolism	0	33311482
ferroptosis/drug effects	skin neoplasms/drug therapy	0	34593794
ferroptosis/drug effects	killer cells natural/metabolism	0	35778693
ferroptosis/drug effects	methotrexate/pharmacology	0	32778843
ferroptosis/drug effects	biopterins/analogs &amp; derivatives	0	32778843
ferroptosis/drug effects	macrophages/drug effects	0	34093872
ferroptosis/drug effects	macrophages/drug effects	0	34811833
ferroptosis/drug effects	macrophages/drug effects	0	31980600
ferroptosis/drug effects	macrophages/drug effects	0	30787033
spleen/pathology	cell line tumor	0.37037037037037035	34396451
ferroptosis/drug effects	glutathione peroxidase/metabolism	0	33926261
iron/blood	liver/pathology	0.03703703703703704	34396451
BTRC	CD8A	0.1851851851851852	34093872
triple negative breast neoplasms/drug therapy	tumor microenvironment/drug effects	0.14814814814814817	34991659
BDKRB2	PLEKHM1	0.03703703703703704	31775041
neutrophil infiltration	TLR4	0.07407407407407408	30830879
NOX4	GPX4	0.4074074074074075	35197507
BTRC	PRKAB1	0.03703703703703704	34093872
basic-leucine zipper transcription factors/analysis	TGFB1	0.03703703703703704	34991659
nf-e2-related factor 2/genetics	PRKAA2	0.03703703703703704	34093872
basic-leucine zipper transcription factors/analysis	HLF	0.03703703703703704	34991659
BTRC	RPL17-C18orf32	0.11111111111111112	34093872
iron/blood	cell line tumor	0.37037037037037035	34396451
BTRC	RPL17	0.11111111111111112	34093872
nf-e2-related factor 2/genetics	CD274	0.11111111111111112	34093872
BTRC	MRLN	0.07407407407407408	34093872
BTRC	CTLA4	0.03703703703703704	34093872
nf-e2-related factor 2/genetics	NFE2L2	0.07407407407407408	34093872
triple negative breast neoplasms/drug therapy	basic-leucine zipper transcription factors/analysis	0.03703703703703704	34991659
NOX4	TLR4	0.07407407407407408	35197507
nf-e2-related factor 2/genetics	CD8A	0.1851851851851852	34093872
ferroptosis/drug effects	flavonolignans/pharmacology	0	33926261
ferroptosis/drug effects	multiple myeloma/drug therapy	0	33691090
ferroptosis/drug effects	cytoskeletal proteins/metabolism	0	31775041
ferroptosis/drug effects	cell survival	0	32814895
ferroptosis/drug effects	neutrophil infiltration	0	30830879
ferroptosis/drug effects	membrane proteins/metabolism	0	33547170
triple negative breast neoplasms/drug therapy	tumor-associated macrophages/drug effects	0.03703703703703704	34991659
ferroptosis/drug effects	phospholipid hydroperoxide glutathione peroxidase/genetics	0	33311482
PRKAA2	CD274	0.11111111111111112	34093872
ferroptosis/drug effects	tumor microenvironment/drug effects	0	34093872
ferroptosis/drug effects	tumor microenvironment/drug effects	0	33547170
ferroptosis/drug effects	tumor microenvironment/drug effects	0	34991659
ferroptosis/drug effects	tumor microenvironment/drug effects	0	34593794
ferroptosis/drug effects	macrophages/metabolism	0	35197507
ferroptosis/drug effects	iron/blood	0	34396451
ferroptosis/drug effects	mitochondria/drug effects	0	34093872
ferroptosis/drug effects	mitochondria/drug effects	0	31509699
ferroptosis/drug effects	tumor escape/drug effects	0	34593794
ferroptosis/drug effects	pyruvate dehydrogenase acetyl-transferring kinase/antagonists &amp; inhibitors	0	31509699
ferroptosis/drug effects	cystine/antagonists &amp; inhibitors	0	32778843
ferroptosis/drug effects	liver/pathology	0	34396451
ferroptosis/drug effects	immune checkpoint inhibitors/pharmacology	0	34593794
pancreas/metabolism	GPX4	0.4074074074074075	33311482
ferroptosis/drug effects	nf-e2-related factor 2/genetics	0	34093872
ferroptosis/drug effects	colonic neoplasms/drug therapy	0	33547170
nf-e2-related factor 2/genetics	PRKAB1	0.03703703703703704	34093872
ferroptosis/drug effects	heme oxygenase-1/metabolism	0	33547170
ferroptosis/drug effects	toll-like receptor 4/genetics	0	30830879
ferroptosis/drug effects	reactive oxygen species/metabolism	0	31043744
ferroptosis/drug effects	reactive oxygen species/metabolism	0	33547170
ferroptosis/drug effects	reactive oxygen species/metabolism	0	35778693
ferroptosis/drug effects	reactive oxygen species/metabolism	0	33236624
ferroptosis/drug effects	reactive oxygen species/metabolism	0	33691090
ferroptosis/drug effects	reactive oxygen species/metabolism	0	33926261
ferroptosis/drug effects	reactive oxygen species/metabolism	0	32778843
ferroptosis/drug effects	asparaginase	0	35778693
ferroptosis/drug effects	basic-leucine zipper transcription factors/analysis	0	34991659
ferroptosis/drug effects	interferon-gamma/immunology	0	31043744
ferroptosis/drug effects	hyaluronan receptors/genetics	0	34062295
ferroptosis/drug effects	gold/chemistry	0	33236624
ferroptosis/drug effects	tumor-associated macrophages/drug effects	0	34991659
ferroptosis/drug effects	antineoplastic agents immunological/administration &amp; dosage	0	31554642
ferroptosis/drug effects	hmgb1 protein/metabolism	0	35197507
ferroptosis/drug effects	cell line tumor	0	31043744
ferroptosis/drug effects	cell line tumor	0	34396451
ferroptosis/drug effects	cell line tumor	0	31509699
ferroptosis/drug effects	cell line tumor	0	34985903
ferroptosis/drug effects	cell line tumor	0	34093872
ferroptosis/drug effects	cell line tumor	0	33277233
ferroptosis/drug effects	cell line tumor	0	33691090
ferroptosis/drug effects	cell line tumor	0	33236624
ferroptosis/drug effects	cell line tumor	0	31554642
ferroptosis/drug effects	cell line tumor	0	32686685
ferroptosis/drug effects	drug resistance neoplasm/drug effects	0	34593794
ferroptosis/drug effects	glycogen synthase kinase 3/metabolism	0	34093872
PRKAA2	NFE2L2	0.07407407407407408	34093872
ferroptosis/drug effects	radiation-protective agents/pharmacology	0	32134361
ferroptosis/drug effects	inflammation/metabolism	0	35197507
ferroptosis/drug effects	listeriosis/etiology	0	31980600
ferroptosis/drug effects	cell line	0	34811833
nf-e2-related factor 2/genetics	RPL17-C18orf32	0.11111111111111112	34093872
ferroptosis/drug effects	exosomes/metabolism	0	34985903
ferroptosis/drug effects	HMOX1	0	33547170
ferroptosis/drug effects	BDKRB2	0	31775041
ferroptosis/drug effects	CCK	0	35778693
ferroptosis/drug effects	CCK	0	34717678
ferroptosis/drug effects	TGFB1	0	34991659
ferroptosis/drug effects	HLF	0	34991659
ferroptosis/drug effects	BBS9	0	31775041
nf-e2-related factor 2/genetics	RPL17	0.11111111111111112	34093872
ferroptosis/drug effects	TICAM1	0	30830879
ferroptosis/drug effects	HSPB1	0	34062295
ferroptosis/drug effects	SLC40A1	0	34062295
ferroptosis/drug effects	CD36	0	33691090
ferroptosis/drug effects	NOX4	0	35197507
ferroptosis/drug effects	SLC9A1	0	31043744
ferroptosis/drug effects	SLC9A1	0	31554642
ferroptosis/drug effects	STAT3	0	34991659
PRKAA2	CD8A	0.1851851851851852	34093872
ferroptosis/drug effects	TP53	0	31980600
ferroptosis/drug effects	TP53	0	33547170
ferroptosis/drug effects	TP53	0	35778693
ferroptosis/drug effects	FTH1	0	35197507
ferroptosis/drug effects	IFNA1	0	30830879
ferroptosis/drug effects	ATM	0	31554642
nf-e2-related factor 2/genetics	MRLN	0.07407407407407408	34093872
ferroptosis/drug effects	MS4A1	0	31775041
ferroptosis/drug effects	SLC7A11	0	31043744
ferroptosis/drug effects	SLC7A11	0	34811833
ferroptosis/drug effects	SLC7A11	0	31554642
ferroptosis/drug effects	SLC7A11	0	35778693
ferroptosis/drug effects	CHRM1	0	34093872
ferroptosis/drug effects	CHRM1	0	33236624
ferroptosis/drug effects	FUT1	0	34811833
ferroptosis/drug effects	CALR	0	32686685
ferroptosis/drug effects	GSK3B	0	34093872
ferroptosis/drug effects	SMAD3	0	34991659
nf-e2-related factor 2/genetics	CTLA4	0.03703703703703704	34093872
ferroptosis/drug effects	PDCD1	0	34093872
ferroptosis/drug effects	PDCD1	0	33691090
ferroptosis/drug effects	PDCD1	0	34985903
ferroptosis/drug effects	NLRP3	0	35197507
triple negative breast neoplasms/drug therapy	TGFB1	0.03703703703703704	34991659
ferroptosis/drug effects	ACSL4	0	33277233
ferroptosis/drug effects	HMGB1	0	35197507
ferroptosis/drug effects	GPX4	0	31775041
ferroptosis/drug effects	GPX4	0	35197507
ferroptosis/drug effects	GPX4	0	35778693
ferroptosis/drug effects	GPX4	0	32778843
ferroptosis/drug effects	GPX4	0	34717678
ferroptosis/drug effects	GPX4	0	32814895
ferroptosis/drug effects	GPX4	0	33277233
ferroptosis/drug effects	GPX4	0	33926261
ferroptosis/drug effects	GPX4	0	30787033
ferroptosis/drug effects	GPX4	0	33311482
ferroptosis/drug effects	GPX4	0	34811833
ferroptosis/drug effects	PRKAA1	0	34093872
ferroptosis/drug effects	FN1	0	34811833
ferroptosis/drug effects	GABPA	0	34093872
ferroptosis/drug effects	ATL1	0	33277233
triple negative breast neoplasms/drug therapy	HLF	0.03703703703703704	34991659
ferroptosis/drug effects	ACSL3	0	32814895
ferroptosis/drug effects	MTOR	0	34093872
ferroptosis/drug effects	ROS1	0	31775041
ferroptosis/drug effects	ROS1	0	34811833
ferroptosis/drug effects	ROS1	0	33926261
ferroptosis/drug effects	ROS1	0	31509699
ferroptosis/drug effects	S100A4	0	33277233
GSK3B	PDCD1	0.11111111111111112	34093872
ferroptosis/drug effects	ATG5	0	33926261
ferroptosis/drug effects	BTRC	0	34093872
ferroptosis/drug effects	PRKAA2	0	34093872
ferroptosis/drug effects	TLR4	0	35197507
ferroptosis/drug effects	TLR4	0	30830879
ferroptosis/drug effects	SLC3A2	0	31043744
ferroptosis/drug effects	XK	0	35778693
ferroptosis/drug effects	CD274	0	34093872
ferroptosis/drug effects	CD274	0	34593794
ferroptosis/drug effects	CD274	0	34985903
ferroptosis/drug effects	JAK2	0	34991659
ferroptosis/drug effects	CYREN	0	32686685
PRKAA2	PRKAB1	0.03703703703703704	34093872
ferroptosis/drug effects	MMRN1	0	34811833
ferroptosis/drug effects	ASAH2	0	33547170
ferroptosis/drug effects	NFE2L2	0	34093872
ferroptosis/drug effects	NFE2L2	0	34717678
ferroptosis/drug effects	IL6	0	34991659
ferroptosis/drug effects	TF	0	31980600
BDKRB2	SPANXB1	0.03703703703703704	31775041
ferroptosis/drug effects	CD8A	0	31043744
ferroptosis/drug effects	CD8A	0	34093872
ferroptosis/drug effects	CD8A	0	33277233
ferroptosis/drug effects	CD8A	0	33691090
ferroptosis/drug effects	CD8A	0	31554642
ferroptosis/drug effects	PLEKHM1	0	31775041
ferroptosis/drug effects	KDM8	0	33311482
ferroptosis/drug effects	CD44	0	34062295
ferroptosis/drug effects	SPANXB1	0	31775041
ferroptosis/drug effects	HIF1A	0	34811833
ferroptosis/drug effects	PRKAB1	0	34093872
ferroptosis/drug effects	ASPG	0	35778693
ferroptosis/drug effects	TRIM69	0	30830879
ferroptosis/drug effects	NLRP1	0	35778693
GSK3B	PRKAA1	0.03703703703703704	34093872
triple negative breast neoplasms/drug therapy	STAT3	0.03703703703703704	34991659
PRKAA2	RPL17-C18orf32	0.11111111111111112	34093872
PRKAA2	RPL17	0.11111111111111112	34093872
neutrophil infiltration	TRIM69	0.03703703703703704	30830879
pancreas/metabolism	KDM8	0.03703703703703704	33311482
PRKAA2	MRLN	0.07407407407407408	34093872
glutathione peroxidase/metabolism	GPX4	0.4074074074074075	33926261
basic-leucine zipper transcription factors/analysis	STAT3	0.03703703703703704	34991659
PRKAA2	CTLA4	0.03703703703703704	34093872
membrane proteins/metabolism	tumor microenvironment/drug effects	0.14814814814814817	33547170
triple negative breast neoplasms/drug therapy	SMAD3	0.03703703703703704	34991659
glutathione peroxidase/metabolism	ROS1	0.14814814814814817	33926261
glutathione peroxidase/metabolism	ATG5	0.03703703703703704	33926261
pancreas/metabolism	STING1	0.03703703703703704	33311482
inflammation/metabolism	NOX4	0.03703703703703704	35197507
hepatocytes/drug effects	ferroptosis/drug effects	0	34811833
CCK	TP53	0.21367521367521367	35778693
inflammation/metabolism	FTH1	0.03703703703703704	35197507
GSK3B	GABPA	0.03703703703703704	34093872
colonic neoplasms/drug therapy	heme oxygenase-1/metabolism	0.03703703703703704	33547170
hepatocytes/drug effects	macrophages/drug effects	0.14814814814814817	34811833
skin neoplasms/drug therapy	tumor microenvironment/drug effects	0.14814814814814817	34593794
TLR4	TRIM69	0.07407407407407408	30830879
colonic neoplasms/drug therapy	reactive oxygen species/metabolism	0.2592592592592593	33547170
GSK3B	MTOR	0.03703703703703704	34093872
skin neoplasms/drug therapy	tumor escape/drug effects	0.03703703703703704	34593794
inflammation/metabolism	NLRP3	0.03703703703703704	35197507
GSK3B	BTRC	0.03703703703703704	34093872
skin neoplasms/drug therapy	immune checkpoint inhibitors/pharmacology	0.03703703703703704	34593794
GSK3B	PRKAA2	0.03703703703703704	34093872
inflammation/metabolism	HMGB1	0.03703703703703704	35197507
SLC9A1	ATM	0.07407407407407408	31554642
inflammation/metabolism	GPX4	0.4074074074074075	35197507
GSK3B	CD274	0.11111111111111112	34093872
SLC9A1	SLC7A11	0.017094017094017096	31043744
SLC9A1	SLC7A11	0.017094017094017096	31554642
colonic neoplasms/drug therapy	HMOX1	0.03703703703703704	33547170
basic-leucine zipper transcription factors/analysis	SMAD3	0.03703703703703704	34991659
membrane proteins/metabolism	colonic neoplasms/drug therapy	0.03703703703703704	33547170
SLC3A2	CD8A	0.1851851851851852	31043744
skin neoplasms/drug therapy	drug resistance neoplasm/drug effects	0.03703703703703704	34593794
membrane proteins/metabolism	heme oxygenase-1/metabolism	0.03703703703703704	33547170
inflammation/metabolism	TLR4	0.07407407407407408	35197507
membrane proteins/metabolism	reactive oxygen species/metabolism	0.2592592592592593	33547170
hepatocytes/drug effects	cell line	0.03703703703703704	34811833
SLC9A1	SLC3A2	0.07407407407407408	31043744
colonic neoplasms/drug therapy	TP53	0.11111111111111112	33547170
membrane proteins/metabolism	HMOX1	0.03703703703703704	33547170
basic-leucine zipper transcription factors/analysis	JAK2	0.03703703703703704	34991659
SLC9A1	CD8A	0.02849002849002849	31043744
SLC9A1	CD8A	0.02849002849002849	31554642
hepatocytes/drug effects	SLC7A11	0.14814814814814817	34811833
basic-leucine zipper transcription factors/analysis	IL6	0.03703703703703704	34991659
hepatocytes/drug effects	FUT1	0.03703703703703704	34811833
membrane proteins/metabolism	TP53	0.11111111111111112	33547170
GSK3B	NFE2L2	0.07407407407407408	34093872
XK	ASPG	0.03703703703703704	35778693
CCK	SLC7A11	0.27920227920227925	35778693
hepatocytes/drug effects	GPX4	0.4074074074074075	34811833
GSK3B	CD8A	0.1851851851851852	34093872
XK	NLRP1	0.03703703703703704	35778693
listeriosis/etiology	TP53	0.11111111111111112	31980600
hepatocytes/drug effects	FN1	0.03703703703703704	34811833
CCK	GPX4	0.15669515669515674	35778693
CCK	GPX4	0.15669515669515674	34717678
GSK3B	PRKAB1	0.03703703703703704	34093872
hepatocytes/drug effects	ROS1	0.14814814814814817	34811833
GSK3B	RPL17-C18orf32	0.11111111111111112	34093872
CD274	NFE2L2	0.21367521367521367	34093872
colonic neoplasms/drug therapy	ASAH2	0.03703703703703704	33547170
GSK3B	RPL17	0.11111111111111112	34093872
CD274	CD8A	0.4735042735042735	34093872
membrane proteins/metabolism	ASAH2	0.03703703703703704	33547170
CCK	XK	0.07407407407407408	35778693
CD274	PRKAB1	0.11111111111111113	34093872
mitochondria/drug effects	pyruvate dehydrogenase acetyl-transferring kinase/antagonists &amp; inhibitors	0.07407407407407408	31509699
CCK	NFE2L2	0.14529914529914534	34717678
CD274	RPL17-C18orf32	0.024957264957264958	34093872
CD274	RPL17-C18orf32	0.024957264957264958	34985903
mitochondria/drug effects	nf-e2-related factor 2/genetics	0.07407407407407408	34093872
CD274	RPL17	0.024957264957264958	34093872
CD274	RPL17	0.024957264957264958	34985903
listeriosis/etiology	TF	0.03703703703703704	31980600
CD274	MRLN	0.21367521367521367	34093872
STAT3	SMAD3	0.03703703703703704	34991659
heme oxygenase-1/metabolism	reactive oxygen species/metabolism	0.2592592592592593	33547170
CD274	CTLA4	0.11111111111111113	34093872
basic-leucine zipper transcription factors/analysis	GGT1	0.03703703703703704	34991659
CCK	ASPG	0.07407407407407408	35778693
GSK3B	MRLN	0.07407407407407408	34093872
mitochondria/drug effects	cell line tumor	0.12820512820512822	34093872
mitochondria/drug effects	cell line tumor	0.12820512820512822	31509699
GSK3B	CTLA4	0.03703703703703704	34093872
CCK	NLRP1	0.07407407407407408	35778693
interferon-gamma/immunology	cell line tumor	0.37037037037037035	31043744
JAK2	IL6	0.03703703703703704	34991659
mitochondria/drug effects	glycogen synthase kinase 3/metabolism	0.07407407407407408	34093872
TGFB1	HLF	0.03703703703703704	34991659
STAT3	JAK2	0.03703703703703704	34991659
STAT3	IL6	0.03703703703703704	34991659
heme oxygenase-1/metabolism	HMOX1	0.03703703703703704	33547170
TGFB1	STAT3	0.03703703703703704	34991659
interferon-gamma/immunology	SLC9A1	0.07407407407407408	31043744
SMAD3	JAK2	0.03703703703703704	34991659
JAK2	GGT1	0.03703703703703704	34991659
mitochondria/drug effects	CHRM1	0.14529914529914534	34093872
SMAD3	IL6	0.03703703703703704	34991659
mitochondria/drug effects	GSK3B	0.07407407407407408	34093872
mitochondria/drug effects	PDCD1	0.21367521367521367	34093872
interferon-gamma/immunology	SLC7A11	0.14814814814814817	31043744
STAT3	GGT1	0.03703703703703704	34991659
TGFB1	SMAD3	0.03703703703703704	34991659
mitochondria/drug effects	PRKAA1	0.07407407407407408	34093872
SMAD3	GGT1	0.03703703703703704	34991659
heme oxygenase-1/metabolism	TP53	0.11111111111111112	33547170
TP53	SLC7A11	0.39452991452991454	35778693
mitochondria/drug effects	GABPA	0.07407407407407408	34093872
PDCD1	PRKAA1	0.11111111111111113	34093872
PDCD1	GABPA	0.11111111111111113	34093872
mitochondria/drug effects	MTOR	0.07407407407407408	34093872
PDCD1	MTOR	0.11111111111111113	34093872
mitochondria/drug effects	ROS1	0.27920227920227925	31509699
PDCD1	BTRC	0.11111111111111113	34093872
PDCD1	PRKAA2	0.11111111111111113	34093872
mitochondria/drug effects	BTRC	0.07407407407407408	34093872
TP53	GPX4	0.8085470085470086	35778693
PDCD1	CD274	0.024957264957264958	34093872
PDCD1	CD274	0.024957264957264958	34985903
mitochondria/drug effects	PRKAA2	0.07407407407407408	34093872
PDCD1	NFE2L2	0.21367521367521367	34093872
MMRN1	HIF1A	0.03703703703703704	34811833
mitochondria/drug effects	CD274	0.21367521367521367	34093872
interferon-gamma/immunology	SLC3A2	0.03703703703703704	31043744
PDCD1	CD8A	0.07863247863247863	34093872
PDCD1	CD8A	0.07863247863247863	33691090
TGFB1	JAK2	0.03703703703703704	34991659
PDCD1	PRKAB1	0.11111111111111113	34093872
mitochondria/drug effects	NFE2L2	0.14529914529914534	34093872
TP53	XK	0.11111111111111113	35778693
PDCD1	RPL17-C18orf32	0.0003418803418803419	34093872
PDCD1	RPL17-C18orf32	0.0003418803418803419	33691090
PDCD1	RPL17-C18orf32	0.0003418803418803419	34985903
PDCD1	RPL17	0.0003418803418803419	34093872
PDCD1	RPL17	0.0003418803418803419	33691090
PDCD1	RPL17	0.0003418803418803419	34985903
mitochondria/drug effects	CD8A	0.34188034188034183	34093872
PDCD1	MRLN	0.21367521367521367	34093872
TGFB1	IL6	0.03703703703703704	34991659
PDCD1	CTLA4	0.11111111111111113	34093872
interferon-gamma/immunology	CD8A	0.1851851851851852	31043744
TP53	ASAH2	0.11111111111111113	33547170
NLRP3	HMGB1	0.03703703703703704	35197507
NLRP3	GPX4	0.4074074074074075	35197507
mitochondria/drug effects	PRKAB1	0.07407407407407408	34093872
TP53	TF	0.11111111111111113	31980600
mitochondria/drug effects	RPL17-C18orf32	0.21367521367521367	34093872
heme oxygenase-1/metabolism	ASAH2	0.03703703703703704	33547170
mitochondria/drug effects	RPL17	0.21367521367521367	34093872
NLRP3	TLR4	0.07407407407407408	35197507
mitochondria/drug effects	MRLN	0.14529914529914534	34093872
TP53	ASPG	0.11111111111111113	35778693
mitochondria/drug effects	CTLA4	0.07407407407407408	34093872
TP53	NLRP1	0.11111111111111113	35778693
TGFB1	GGT1	0.03703703703703704	34991659
tumor escape/drug effects	immune checkpoint inhibitors/pharmacology	0.03703703703703704	34593794
NFE2L2	CD8A	0.34188034188034183	34093872
ACSL4	GPX4	0.4074074074074075	33277233
ACSL4	ATL1	0.03703703703703704	33277233
HLF	STAT3	0.03703703703703704	34991659
hyaluronan receptors/genetics	HSPB1	0.03703703703703704	34062295
ACSL4	S100A4	0.03703703703703704	33277233
NFE2L2	PRKAB1	0.07407407407407408	34093872
FTH1	NLRP3	0.03703703703703704	35197507
hyaluronan receptors/genetics	SLC40A1	0.03703703703703704	34062295
FTH1	HMGB1	0.03703703703703704	35197507
tumor escape/drug effects	drug resistance neoplasm/drug effects	0.03703703703703704	34593794
FTH1	GPX4	0.4074074074074075	35197507
NFE2L2	RPL17-C18orf32	0.21367521367521367	34093872
ACSL4	CD8A	0.1851851851851852	33277233
NFE2L2	RPL17	0.21367521367521367	34093872
NFE2L2	MRLN	0.14529914529914534	34093872
HLF	SMAD3	0.03703703703703704	34991659
NFE2L2	CTLA4	0.07407407407407408	34093872
ACSL4	AIFM2	0.03703703703703704	33277233
FTH1	TLR4	0.07407407407407408	35197507
HMGB1	GPX4	0.4074074074074075	35197507
toll-like receptor 4/genetics	TICAM1	0.03703703703703704	30830879
HMGB1	TLR4	0.07407407407407408	35197507
toll-like receptor 4/genetics	IFNA1	0.03703703703703704	30830879
IL6	GGT1	0.03703703703703704	34991659
HLF	JAK2	0.03703703703703704	34991659
GPX4	FN1	0.4074074074074075	34811833
GPX4	ATL1	0.4074074074074075	33277233
GPX4	ACSL3	0.4074074074074075	32814895
HLF	IL6	0.03703703703703704	34991659
GPX4	ROS1	0.1692307692307693	31775041
GPX4	ROS1	0.1692307692307693	34811833
GPX4	ROS1	0.1692307692307693	33926261
GPX4	S100A4	0.4074074074074075	33277233
GPX4	ATG5	0.4074074074074075	33926261
tumor escape/drug effects	CD274	0.11111111111111112	34593794
GPX4	TLR4	0.6581196581196581	35197507
GPX4	XK	0.4074074074074075	35778693
hyaluronan receptors/genetics	CD44	0.03703703703703704	34062295
GPX4	MMRN1	0.4074074074074075	34811833
GPX4	NFE2L2	0.6581196581196581	34717678
GPX4	CD8A	0.9458937198067633	33277233
GPX4	PLEKHM1	0.4074074074074075	31775041
GPX4	KDM8	0.4074074074074075	33311482
GPX4	SPANXB1	0.4074074074074075	31775041
GPX4	HIF1A	0.4074074074074075	34811833
GPX4	ASPG	0.4074074074074075	35778693
IFNA1	TLR4	0.07407407407407408	30830879
HLF	GGT1	0.03703703703703704	34991659
CD8A	PRKAB1	0.1851851851851852	34093872
GPX4	NLRP1	0.4074074074074075	35778693
GPX4	AIFM2	0.4074074074074075	33277233
GPX4	STING1	0.4074074074074075	33311482
CD8A	RPL17-C18orf32	0.07863247863247863	34093872
CD8A	RPL17-C18orf32	0.07863247863247863	33691090
PRKAA1	GABPA	0.03703703703703704	34093872
CD8A	RPL17	0.07863247863247863	34093872
CD8A	RPL17	0.07863247863247863	33691090
gold/chemistry	cell line tumor	0.37037037037037035	33236624
PRKAA1	MTOR	0.03703703703703704	34093872
CD8A	AIFM2	0.1851851851851852	33277233
PRKAA1	BTRC	0.03703703703703704	34093872
PRKAA1	PRKAA2	0.03703703703703704	34093872
CD8A	MRLN	0.34188034188034183	34093872
BBS9	MS4A1	0.03703703703703704	31775041
CD8A	CTLA4	0.1851851851851852	34093872
PRKAA1	CD274	0.11111111111111112	34093872
IFNA1	TRIM69	0.03703703703703704	30830879
PRKAA1	NFE2L2	0.07407407407407408	34093872
PRKAA1	CD8A	0.1851851851851852	34093872
PLEKHM1	SPANXB1	0.03703703703703704	31775041
pyruvate dehydrogenase acetyl-transferring kinase/antagonists &amp; inhibitors	cell line tumor	0.37037037037037035	31509699
PRKAA1	PRKAB1	0.03703703703703704	34093872
PRKAA1	RPL17-C18orf32	0.11111111111111112	34093872
ATM	SLC7A11	0.14814814814814817	31554642
BBS9	GPX4	0.4074074074074075	31775041
PRKAA1	RPL17	0.11111111111111112	34093872
PRKAA1	MRLN	0.07407407407407408	34093872
PRKAA1	CTLA4	0.03703703703703704	34093872
FN1	ROS1	0.14814814814814817	34811833
BBS9	ROS1	0.14814814814814817	31775041
gold/chemistry	CHRM1	0.07407407407407408	33236624
FN1	MMRN1	0.03703703703703704	34811833
FN1	HIF1A	0.03703703703703704	34811833
KDM8	STING1	0.03703703703703704	33311482
ATM	CD8A	0.1851851851851852	31554642
BBS9	PLEKHM1	0.03703703703703704	31775041
GABPA	MTOR	0.03703703703703704	34093872
GABPA	BTRC	0.03703703703703704	34093872
GABPA	PRKAA2	0.03703703703703704	34093872
BBS9	SPANXB1	0.03703703703703704	31775041
GABPA	CD274	0.11111111111111112	34093872
GABPA	NFE2L2	0.07407407407407408	34093872
GABPA	CD8A	0.1851851851851852	34093872
MS4A1	GPX4	0.4074074074074075	31775041
GABPA	PRKAB1	0.03703703703703704	34093872
GABPA	RPL17-C18orf32	0.11111111111111112	34093872
MS4A1	ROS1	0.14814814814814817	31775041
GABPA	RPL17	0.11111111111111112	34093872
GABPA	MRLN	0.07407407407407408	34093872
GABPA	CTLA4	0.03703703703703704	34093872
ATL1	S100A4	0.03703703703703704	33277233
TICAM1	IFNA1	0.03703703703703704	30830879
MS4A1	PLEKHM1	0.03703703703703704	31775041
gold/chemistry	MRLN	0.07407407407407408	33236624
MS4A1	SPANXB1	0.03703703703703704	31775041
ATL1	CD8A	0.1851851851851852	33277233
SLC7A11	FUT1	0.14814814814814817	34811833
PRKAB1	RPL17-C18orf32	0.11111111111111112	34093872
ATL1	AIFM2	0.03703703703703704	33277233
PRKAB1	RPL17	0.11111111111111112	34093872
SLC7A11	GPX4	0.5452991452991452	34811833
SLC7A11	GPX4	0.5452991452991452	35778693
PRKAB1	MRLN	0.07407407407407408	34093872
SLC7A11	FN1	0.14814814814814817	34811833
PRKAB1	CTLA4	0.03703703703703704	34093872
SLC7A11	ROS1	0.4954415954415956	34811833
tumor-associated macrophages/drug effects	TGFB1	0.03703703703703704	34991659
TICAM1	TLR4	0.07407407407407408	30830879
tumor-associated macrophages/drug effects	HLF	0.03703703703703704	34991659
ASPG	NLRP1	0.03703703703703704	35778693
SLC7A11	SLC3A2	0.14814814814814817	31043744
SLC7A11	XK	0.14814814814814817	35778693
SLC7A11	MMRN1	0.14814814814814817	34811833
SLC7A11	CD8A	0.14444444444444443	31043744
SLC7A11	CD8A	0.14444444444444443	31554642
tumor-associated macrophages/drug effects	STAT3	0.03703703703703704	34991659
SLC7A11	HIF1A	0.14814814814814817	34811833
SLC7A11	ASPG	0.14814814814814817	35778693
TICAM1	TRIM69	0.03703703703703704	30830879
SLC7A11	NLRP1	0.14814814814814817	35778693
tumor-associated macrophages/drug effects	SMAD3	0.03703703703703704	34991659
RPL17-C18orf32	RPL17	0.0003418803418803419	34093872
RPL17-C18orf32	RPL17	0.0003418803418803419	33691090
RPL17-C18orf32	RPL17	0.0003418803418803419	34985903
RPL17-C18orf32	MRLN	0.21367521367521367	34093872
RPL17-C18orf32	CTLA4	0.11111111111111113	34093872
HSPB1	SLC40A1	0.03703703703703704	34062295
RPL17	MRLN	0.21367521367521367	34093872
RPL17	CTLA4	0.11111111111111113	34093872
MRLN	CTLA4	0.07407407407407408	34093872
tumor-associated macrophages/drug effects	JAK2	0.03703703703703704	34991659
tumor-associated macrophages/drug effects	IL6	0.03703703703703704	34991659
