kw1	kw2	pg	crit_p	edge_weight	inv_edge_weight	R1C1	iteration
tumor-associated macrophages/drug effects	basic-leucine zipper transcription factors/analysis	4.50449207933801e-08	2.84818917781398e-07	0.037037037037037	0.493907099155766	1	0
tumor-associated macrophages/drug effects	drug resistance neoplasm	4.50449207933801e-08	2.84818917781398e-07	0.037037037037037	0.493907099155766	1	0
tumor-associated macrophages/drug effects	triple negative breast neoplasms/drug therapy	4.50449207933801e-08	2.84818917781398e-07	0.037037037037037	0.493907099155766	1	0
basic-leucine zipper transcription factors/analysis	drug resistance neoplasm	4.50449207933801e-08	2.84818917781398e-07	0.037037037037037	0.493907099155766	1	0
basic-leucine zipper transcription factors/analysis	triple negative breast neoplasms/drug therapy	4.50449207933801e-08	2.84818917781398e-07	0.037037037037037	0.493907099155766	1	0
triple negative breast neoplasms/drug therapy	drug resistance neoplasm	4.50449207933801e-08	2.84818917781398e-07	0.037037037037037	0.493907099155766	1	0
