kw1	kw2	pg	crit_p	edge_weight	inv_edge_weight	R1C1	iteration
acetaminophen/pharmacology	brain neoplasms/genetics	1.51878509768721e-12	3.21494655714812e-11	0.037037037037037	0.491090027111315	1	0
acetaminophen/pharmacology	cation transport proteins/genetics	1.51878509768721e-12	3.21494655714812e-11	0.037037037037037	0.491090027111315	1	0
acetaminophen/pharmacology	CD44	1.51878509768721e-12	3.21494655714812e-11	0.037037037037037	0.491090027111315	1	0
acetaminophen/pharmacology	gene expression regulation neoplastic	1.62808224802857e-05	6.33368658790105e-05	0.074074074074074	0.491090027111315	1	0
acetaminophen/pharmacology	glioblastoma/genetics	1.51878509768721e-12	3.21494655714812e-11	0.037037037037037	0.491090027111315	1	0
acetaminophen/pharmacology	heat-shock proteins/genetics	1.51878509768721e-12	3.21494655714812e-11	0.037037037037037	0.491090027111315	1	0
acetaminophen/pharmacology	HSPB1	1.51878509768721e-12	3.21494655714812e-11	0.037037037037037	0.491090027111315	1	0
acetaminophen/pharmacology	hyaluronan receptors/genetics	1.51878509768721e-12	3.21494655714812e-11	0.037037037037037	0.491090027111315	1	0
acetaminophen/pharmacology	SLC40A1	1.51878509768721e-12	3.21494655714812e-11	0.037037037037037	0.491090027111315	1	0
acetaminophen/pharmacology	t-lymphocytes cytotoxic/immunology	1.51878509768721e-12	3.21494655714812e-11	0.037037037037037	0.491090027111315	1	0
ACSL3	cell survival	9.441547543787007e-11	1.14562710782353e-09	0.037037037037037	0.491090027111315	1	0
ACSL3	coenzyme a ligases/metabolism	9.441547543787007e-11	1.14562710782353e-09	0.037037037037037	0.491090027111315	1	0
ACSL3	glutathione/metabolism	0.0001487376673323	0.0004423992156552	0.111111111111111	0.491090027111315	1	0
ACSL3	iron/metabolism	0.0021974525656576	0.0046720032554304	0.148148148148148	0.491090027111315	1	0
ACSL3	lymph/metabolism	9.441547543787007e-11	1.14562710782353e-09	0.037037037037037	0.491090027111315	1	0
ACSL3	melanoma/blood	9.441547543787007e-11	1.14562710782353e-09	0.037037037037037	0.491090027111315	1	0
ACSL3	neoplasm metastasis/drug therapy	9.441547543787007e-11	1.14562710782353e-09	0.037037037037037	0.491090027111315	1	0
ACSL3	oleic acid/metabolism	9.441547543787007e-11	1.14562710782353e-09	0.037037037037037	0.491090027111315	1	0
ACSL3	oxidative stress/drug effects	0.0009252229168602	0.0021093918702002	0.074074074074074	0.491090027111315	1	0
ACSL3	phospholipid hydroperoxide glutathione peroxidase/metabolism	1.13100478793537e-06	5.82577954709163e-06	0.074074074074074	0.491090027111315	1	0
ACSL4	AIFM2	9.441547543787007e-11	1.14562710782353e-09	0.037037037037037	0.491090027111315	1	0
ACSL4	ATL1	9.441547543787007e-11	1.14562710782353e-09	0.037037037037037	0.491090027111315	1	0
ACSL4	autophagy/drug effects	8.60452407625001e-06	3.66957644428309e-05	0.074074074074074	0.491090027111315	1	0
ACSL4	cd8-positive t-lymphocytes/drug effects	9.441547543787007e-11	1.14562710782353e-09	0.037037037037037	0.491090027111315	1	0
ACSL4	endoplasmic reticulum/drug effects	9.441547543787007e-11	1.14562710782353e-09	0.037037037037037	0.491090027111315	1	0
ACSL4	neoplasms/drug therapy	1.29861397354381e-05	5.27448252559809e-05	0.074074074074074	0.491090027111315	1	0
ACSL4	S100A4	9.441547543787007e-11	1.14562710782353e-09	0.037037037037037	0.491090027111315	1	0
actins/metabolism	amino acid transport system y+/metabolism	0.0009142822313443	0.0021059717799036	0.074074074074074	0.491090027111315	1	0
actins/metabolism	cell line	5.72955623634464e-06	2.46890239010393e-05	0.037037037037037	0.491090027111315	1	0
actins/metabolism	collagen type i/metabolism	5.72955623634464e-06	2.46890239010393e-05	0.037037037037037	0.491090027111315	1	0
actins/metabolism	FN1	5.72955623634464e-06	2.46890239010393e-05	0.037037037037037	0.491090027111315	1	0
actins/metabolism	FUT1	5.72955623634464e-06	2.46890239010393e-05	0.037037037037037	0.491090027111315	1	0
actins/metabolism	hepatic stellate cells/drug effects	5.72955623634464e-06	2.46890239010393e-05	0.037037037037037	0.491090027111315	1	0
actins/metabolism	hepatocytes/drug effects	5.72955623634464e-06	2.46890239010393e-05	0.037037037037037	0.491090027111315	1	0
actins/metabolism	HIF1A	5.72955623634464e-06	2.46890239010393e-05	0.037037037037037	0.491090027111315	1	0
actins/metabolism	hypoxia-inducible factor 1 alpha subunit/metabolism	5.72955623634464e-06	2.46890239010393e-05	0.037037037037037	0.491090027111315	1	0
actins/metabolism	liver cirrhosis/drug therapy	5.72955623634464e-06	2.46890239010393e-05	0.037037037037037	0.491090027111315	1	0
actins/metabolism	MMRN1	5.72955623634464e-06	2.46890239010393e-05	0.037037037037037	0.491090027111315	1	0
actins/metabolism	sorafenib/pharmacology	5.72955623634464e-06	2.46890239010393e-05	0.037037037037037	0.491090027111315	1	0
adaptor proteins vesicular transport/genetics	cyclohexylamines/pharmacology	0.0006867567885109	0.001610019956897	0.074074074074074	0.491090027111315	1	0
adaptor proteins vesicular transport/genetics	IFNA1	3.10419946414342e-08	1.77908664941026e-07	0.037037037037037	0.491090027111315	1	0
adaptor proteins vesicular transport/genetics	inflammation/drug therapy	3.10419946414342e-08	1.77908664941026e-07	0.037037037037037	0.491090027111315	1	0
adaptor proteins vesicular transport/genetics	myocardial reperfusion injury/drug therapy	3.10419946414342e-08	1.77908664941026e-07	0.037037037037037	0.491090027111315	1	0
adaptor proteins vesicular transport/genetics	myocardium/immunology	3.10419946414342e-08	1.77908664941026e-07	0.037037037037037	0.491090027111315	1	0
adaptor proteins vesicular transport/genetics	neutrophil infiltration	3.10419946414342e-08	1.77908664941026e-07	0.037037037037037	0.491090027111315	1	0
adaptor proteins vesicular transport/genetics	neutrophils/immunology	3.10419946414342e-08	1.77908664941026e-07	0.037037037037037	0.491090027111315	1	0
adaptor proteins vesicular transport/genetics	phenylenediamines/pharmacology	0.0006867567885109	0.001610019956897	0.074074074074074	0.491090027111315	1	0
adaptor proteins vesicular transport/genetics	TICAM1	3.10419946414342e-08	1.77908664941026e-07	0.037037037037037	0.491090027111315	1	0
adaptor proteins vesicular transport/genetics	TLR4	0.0006867567885109	0.001610019956897	0.074074074074074	0.491090027111315	1	0
adaptor proteins vesicular transport/genetics	toll-like receptor 4/genetics	3.10419946414342e-08	1.77908664941026e-07	0.037037037037037	0.491090027111315	1	0
adaptor proteins vesicular transport/genetics	TRIM69	3.10419946414342e-08	1.77908664941026e-07	0.037037037037037	0.491090027111315	1	0
adaptor proteins vesicular transport/genetics	ventricular function left/drug effects	3.10419946414342e-08	1.77908664941026e-07	0.037037037037037	0.491090027111315	1	0
adjuvants immunologic/chemistry	CHRM1	0.0004475609267244	0.0012601229975738	0.074074074074074	0.491090027111315	1	0
adjuvants immunologic/chemistry	dextrans/chemistry	1.51878509768721e-12	3.21494655714812e-11	0.037037037037037	0.491090027111315	1	0
adjuvants immunologic/chemistry	ferric compounds/chemistry	0.0001168032959434	0.0003588236845719	0.111111111111111	0.491090027111315	1	0
adjuvants immunologic/chemistry	gels/chemistry	1.51878509768721e-12	3.21494655714812e-11	0.037037037037037	0.491090027111315	1	0
adjuvants immunologic/chemistry	gold/chemistry	1.51878509768721e-12	3.21494655714812e-11	0.037037037037037	0.491090027111315	1	0
adjuvants immunologic/chemistry	macrophages/cytology	3.26106776693535e-06	1.56574445763452e-05	0.074074074074074	0.491090027111315	1	0
adjuvants immunologic/chemistry	MRLN	0.0004475609267244	0.0012601229975738	0.074074074074074	0.491090027111315	1	0
adjuvants immunologic/chemistry	urinary bladder neoplasms/pathology	1.51878509768721e-12	3.21494655714812e-11	0.037037037037037	0.491090027111315	1	0
AIFM2	ATL1	9.441547543787007e-11	1.14562710782353e-09	0.037037037037037	0.491090027111315	1	0
AIFM2	autophagy/drug effects	8.60452407625001e-06	3.66957644428309e-05	0.074074074074074	0.491090027111315	1	0
AIFM2	cd8-positive t-lymphocytes/drug effects	9.441547543787007e-11	1.14562710782353e-09	0.037037037037037	0.491090027111315	1	0
AIFM2	endoplasmic reticulum/drug effects	9.441547543787007e-11	1.14562710782353e-09	0.037037037037037	0.491090027111315	1	0
AIFM2	neoplasms/drug therapy	1.29861397354381e-05	5.27448252559809e-05	0.074074074074074	0.491090027111315	1	0
AIFM2	S100A4	9.441547543787007e-11	1.14562710782353e-09	0.037037037037037	0.491090027111315	1	0
amino acid transport system y+/genetics	antineoplastic agents immunological/administration &amp; dosage	9.441547543787007e-11	1.14562710782353e-09	0.037037037037037	0.491090027111315	1	0
amino acid transport system y+/genetics	ATM	9.441547543787007e-11	1.14562710782353e-09	0.037037037037037	0.491090027111315	1	0
amino acid transport system y+/genetics	cd8-positive t-lymphocytes/immunology	0.0042660683096238	0.0086454214520678	0.111111111111111	0.491090027111315	1	0
amino acid transport system y+/genetics	cell survival/drug effects	0.0035872302582571	0.0074200911190768	0.111111111111111	0.491090027111315	1	0
amino acid transport system y+/genetics	gene expression regulation neoplastic/drug effects	9.441547543787007e-11	1.14562710782353e-09	0.037037037037037	0.491090027111315	1	0
amino acid transport system y+/genetics	lipid metabolism/drug effects	9.441547543787007e-11	1.14562710782353e-09	0.037037037037037	0.491090027111315	1	0
amino acid transport system y+/genetics	SLC7A11	0.0039176473670681	0.0079727560452614	0.148148148148148	0.491090027111315	1	0
amino acid transport system y+/genetics	SLC9A1	1.29861397354381e-05	5.27448252559809e-05	0.074074074074074	0.491090027111315	1	0
amino acid transport system y+/genetics	sulfasalazine/administration &amp; dosage	9.441547543787007e-11	1.14562710782353e-09	0.037037037037037	0.491090027111315	1	0
amino acid transport system y+/metabolism	cell line	0.0009142822313443	0.0021059717799036	0.074074074074074	0.491090027111315	1	0
amino acid transport system y+/metabolism	collagen type i/metabolism	0.0009142822313443	0.0021059717799036	0.074074074074074	0.491090027111315	1	0
amino acid transport system y+/metabolism	cysteine/metabolism	0.0002401445231134	0.0007043559873365	0.074074074074074	0.491090027111315	1	0
amino acid transport system y+/metabolism	FN1	0.0009142822313443	0.0021059717799036	0.074074074074074	0.491090027111315	1	0
amino acid transport system y+/metabolism	fusion regulatory protein 1 heavy chain/metabolism	0.0002401445231134	0.0007043559873365	0.074074074074074	0.491090027111315	1	0
amino acid transport system y+/metabolism	FUT1	0.0009142822313443	0.0021059717799036	0.074074074074074	0.491090027111315	1	0
amino acid transport system y+/metabolism	hepatic stellate cells/drug effects	0.0009142822313443	0.0021059717799036	0.074074074074074	0.491090027111315	1	0
amino acid transport system y+/metabolism	hepatocytes/drug effects	0.0009142822313443	0.0021059717799036	0.074074074074074	0.491090027111315	1	0
amino acid transport system y+/metabolism	HIF1A	0.0009142822313443	0.0021059717799036	0.074074074074074	0.491090027111315	1	0
amino acid transport system y+/metabolism	hypoxia-inducible factor 1 alpha subunit/metabolism	0.0009142822313443	0.0021059717799036	0.074074074074074	0.491090027111315	1	0
amino acid transport system y+/metabolism	interferon-gamma/immunology	0.0002401445231134	0.0007043559873365	0.074074074074074	0.491090027111315	1	0
amino acid transport system y+/metabolism	liver cirrhosis/drug therapy	0.0009142822313443	0.0021059717799036	0.074074074074074	0.491090027111315	1	0
amino acid transport system y+/metabolism	melanoma/genetics	0.0002401445231134	0.0007043559873365	0.074074074074074	0.491090027111315	1	0
amino acid transport system y+/metabolism	MMRN1	0.0009142822313443	0.0021059717799036	0.074074074074074	0.491090027111315	1	0
amino acid transport system y+/metabolism	nivolumab/therapeutic use	0.0002401445231134	0.0007043559873365	0.074074074074074	0.491090027111315	1	0
amino acid transport system y+/metabolism	SLC3A2	0.0002401445231134	0.0007043559873365	0.074074074074074	0.491090027111315	1	0
amino acid transport system y+/metabolism	SLC7A11	0.0007172013630675	0.0016800355031468	0.017094017094017	0.178864212567384	2	0
amino acid transport system y+/metabolism	sorafenib/pharmacology	0.0009142822313443	0.0021059717799036	0.074074074074074	0.491090027111315	1	0
aniline compounds/chemistry	b7-h1 antigen/metabolism	1.37805787725487e-06	6.67173262777816e-06	0.037037037037037	0.491090027111315	1	0
aniline compounds/chemistry	benzylidene compounds/chemistry	1.37805787725487e-06	6.67173262777816e-06	0.037037037037037	0.491090027111315	1	0
aniline compounds/chemistry	cd8-positive t-lymphocytes/cytology	0.0004953033165658	0.0012925943513292	0.074074074074074	0.491090027111315	1	0
aniline compounds/chemistry	exosomes/metabolism	1.37805787725487e-06	6.67173262777816e-06	0.037037037037037	0.491090027111315	1	0
aniline compounds/chemistry	ferric compounds/chemistry	0.0015625643362536	0.0033615998331867	0.111111111111111	0.491090027111315	1	0
aniline compounds/chemistry	immunogenic cell death/drug effects	1.37805787725487e-06	6.67173262777816e-06	0.037037037037037	0.491090027111315	1	0
aniline compounds/chemistry	interferon-gamma/metabolism	1.37805787725487e-06	6.67173262777816e-06	0.037037037037037	0.491090027111315	1	0
aniline compounds/chemistry	metal-organic frameworks/chemistry	1.37805787725487e-06	6.67173262777816e-06	0.037037037037037	0.491090027111315	1	0
aniline compounds/chemistry	phenol/chemistry	1.37805787725487e-06	6.67173262777816e-06	0.037037037037037	0.491090027111315	1	0
aniline compounds/chemistry	programmed cell death 1 receptor/metabolism	1.37805787725487e-06	6.67173262777816e-06	0.037037037037037	0.491090027111315	1	0
aniline compounds/pharmacology	b7-h1 antigen/antagonists &amp; inhibitors	0.0001074183449439	0.0003317499471113	0.074074074074074	0.491090027111315	1	0
aniline compounds/pharmacology	benzylidene compounds/pharmacology	3.10419946414342e-08	1.77908664941026e-07	0.037037037037037	0.491090027111315	1	0
aniline compounds/pharmacology	cell line tumor/transplantation	0.0001430031506204	0.0004284185297513	0.074074074074074	0.491090027111315	1	0
aniline compounds/pharmacology	drug resistance neoplasm/drug effects	3.10419946414342e-08	1.77908664941026e-07	0.037037037037037	0.491090027111315	1	0
aniline compounds/pharmacology	exosomes/drug effects	3.10419946414342e-08	1.77908664941026e-07	0.037037037037037	0.491090027111315	1	0
aniline compounds/pharmacology	hyaluronic acid/chemistry	3.10419946414342e-08	1.77908664941026e-07	0.037037037037037	0.491090027111315	1	0
aniline compounds/pharmacology	immune checkpoint inhibitors/pharmacology	3.10419946414342e-08	1.77908664941026e-07	0.037037037037037	0.491090027111315	1	0
aniline compounds/pharmacology	immunologic memory	3.10419946414342e-08	1.77908664941026e-07	0.037037037037037	0.491090027111315	1	0
aniline compounds/pharmacology	skin neoplasms/drug therapy	3.10419946414342e-08	1.77908664941026e-07	0.037037037037037	0.491090027111315	1	0
aniline compounds/pharmacology	t-lymphocytes cytotoxic/drug effects	3.10419946414342e-08	1.77908664941026e-07	0.037037037037037	0.491090027111315	1	0
aniline compounds/pharmacology	tumor escape/drug effects	3.10419946414342e-08	1.77908664941026e-07	0.037037037037037	0.491090027111315	1	0
antibodies monoclonal humanized/pharmacology	CD36	3.10419946414342e-08	1.77908664941026e-07	0.037037037037037	0.491090027111315	1	0
antibodies monoclonal humanized/pharmacology	cd36 antigens/antagonists &amp; inhibitors	3.10419946414342e-08	1.77908664941026e-07	0.037037037037037	0.491090027111315	1	0
antibodies monoclonal humanized/pharmacology	cd8-positive t-lymphocytes/cytology	0.0001868757657405	0.0005524360047374	0.074074074074074	0.491090027111315	1	0
antibodies monoclonal humanized/pharmacology	cytokines/metabolism	1.13608141667498e-05	4.7336725694791e-05	0.074074074074074	0.491090027111315	1	0
antibodies monoclonal humanized/pharmacology	fatty acids/metabolism	3.10419946414342e-08	1.77908664941026e-07	0.037037037037037	0.491090027111315	1	0
antibodies monoclonal humanized/pharmacology	multiple myeloma/drug therapy	3.10419946414342e-08	1.77908664941026e-07	0.037037037037037	0.491090027111315	1	0
antibodies monoclonal humanized/pharmacology	tumor microenvironment	0.0003039350520657	0.0008666781229012	0.074074074074074	0.491090027111315	1	0
antineoplastic agents immunological/administration &amp; dosage	ATM	9.441547543787007e-11	1.14562710782353e-09	0.037037037037037	0.491090027111315	1	0
antineoplastic agents immunological/administration &amp; dosage	cd8-positive t-lymphocytes/immunology	0.0042660683096238	0.0086454214520678	0.111111111111111	0.491090027111315	1	0
antineoplastic agents immunological/administration &amp; dosage	cell survival/drug effects	0.0035872302582571	0.0074200911190768	0.111111111111111	0.491090027111315	1	0
antineoplastic agents immunological/administration &amp; dosage	gene expression regulation neoplastic/drug effects	9.441547543787007e-11	1.14562710782353e-09	0.037037037037037	0.491090027111315	1	0
antineoplastic agents immunological/administration &amp; dosage	lipid metabolism/drug effects	9.441547543787007e-11	1.14562710782353e-09	0.037037037037037	0.491090027111315	1	0
antineoplastic agents immunological/administration &amp; dosage	SLC7A11	0.0039176473670681	0.0079727560452614	0.148148148148148	0.491090027111315	1	0
antineoplastic agents immunological/administration &amp; dosage	SLC9A1	1.29861397354381e-05	5.27448252559809e-05	0.074074074074074	0.491090027111315	1	0
antineoplastic agents immunological/administration &amp; dosage	sulfasalazine/administration &amp; dosage	9.441547543787007e-11	1.14562710782353e-09	0.037037037037037	0.491090027111315	1	0
antineoplastic agents/chemistry	apoptosis/drug effects	1.13608141667498e-05	4.7336725694791e-05	0.074074074074074	0.491090027111315	1	0
antineoplastic agents/chemistry	biological products/chemistry	3.10419946414342e-08	1.77908664941026e-07	0.037037037037037	0.491090027111315	1	0
antineoplastic agents/chemistry	dichloroacetic acid/chemistry	3.10419946414342e-08	1.77908664941026e-07	0.037037037037037	0.491090027111315	1	0
antineoplastic agents/chemistry	drug synergism	3.10419946414342e-08	1.77908664941026e-07	0.037037037037037	0.491090027111315	1	0
antineoplastic agents/chemistry	energy metabolism/drug effects	3.10419946414342e-08	1.77908664941026e-07	0.037037037037037	0.491090027111315	1	0
antineoplastic agents/chemistry	macrophages/cytology	3.98433250663466e-05	0.000130412689269	0.074074074074074	0.491090027111315	1	0
antineoplastic agents/chemistry	mitochondria/drug effects	0.0028851458065133	0.0060410995226632	0.074074074074074	0.491090027111315	1	0
antineoplastic agents/chemistry	neoplasms/drug therapy	5.6844185756133e-05	0.0001786003669477	0.074074074074074	0.491090027111315	1	0
antineoplastic agents/chemistry	protein kinase inhibitors/chemistry	3.10419946414342e-08	1.77908664941026e-07	0.037037037037037	0.491090027111315	1	0
antineoplastic agents/chemistry	pyruvate dehydrogenase acetyl-transferring kinase/antagonists &amp; inhibitors	3.10419946414342e-08	1.77908664941026e-07	0.037037037037037	0.491090027111315	1	0
antineoplastic agents/chemistry	saponins/chemistry	3.10419946414342e-08	1.77908664941026e-07	0.037037037037037	0.491090027111315	1	0
antioxidants/pharmacology	biopterins/analogs &amp; derivatives	1.90229000622821e-05	6.33368658790105e-05	0.037037037037037	0.491090027111315	1	0
antioxidants/pharmacology	carbolines/pharmacology	0.0010636503730522	0.0023691137341409	0.074074074074074	0.491090027111315	1	0
antioxidants/pharmacology	cell proliferation/drug effects	1.90229000622821e-05	6.33368658790105e-05	0.037037037037037	0.491090027111315	1	0
antioxidants/pharmacology	cystine/antagonists &amp; inhibitors	1.90229000622821e-05	6.33368658790105e-05	0.037037037037037	0.491090027111315	1	0
antioxidants/pharmacology	dose-response relationship drug	0.0010636503730522	0.0023691137341409	0.074074074074074	0.491090027111315	1	0
antioxidants/pharmacology	folic acid antagonists/pharmacology	1.90229000622821e-05	6.33368658790105e-05	0.037037037037037	0.491090027111315	1	0
antioxidants/pharmacology	gene expression regulation neoplastic	0.000860920973641	0.0020021417991653	0.074074074074074	0.491090027111315	1	0
antioxidants/pharmacology	jurkat cells	0.0012969225227602	0.0028666732591499	0.074074074074074	0.491090027111315	1	0
antioxidants/pharmacology	methotrexate/pharmacology	1.90229000622821e-05	6.33368658790105e-05	0.037037037037037	0.491090027111315	1	0
antioxidants/pharmacology	oxidative stress	0.0005390447313372	0.0013092376221759	0.074074074074074	0.491090027111315	1	0
antioxidants/pharmacology	phospholipid hydroperoxide glutathione peroxidase/antagonists &amp; inhibitors	1.90229000622821e-05	6.33368658790105e-05	0.037037037037037	0.491090027111315	1	0
antioxidants/pharmacology	piperazines/pharmacology	0.0005390447313372	0.0013092376221759	0.074074074074074	0.491090027111315	1	0
antioxidants/pharmacology	tetrahydrofolate dehydrogenase/genetics	1.90229000622821e-05	6.33368658790105e-05	0.037037037037037	0.491090027111315	1	0
antioxidants/pharmacology	vitamin e/pharmacology	1.90229000622821e-05	6.33368658790105e-05	0.037037037037037	0.491090027111315	1	0
apoptosis/drug effects	biological products/chemistry	1.13608141667498e-05	4.7336725694791e-05	0.074074074074074	0.491090027111315	1	0
apoptosis/drug effects	bone marrow/drug effects	4.985667878543151e-09	4.50418593388634e-08	0.074074074074074	0.491090027111315	1	0
apoptosis/drug effects	cytokines/metabolism	0.0005241692955735	0.0012925943513292	0.145299145299145	0.491090027111315	1	0
apoptosis/drug effects	dichloroacetic acid/chemistry	1.13608141667498e-05	4.7336725694791e-05	0.074074074074074	0.491090027111315	1	0
apoptosis/drug effects	drug interactions	4.985667878543151e-09	4.50418593388634e-08	0.074074074074074	0.491090027111315	1	0
apoptosis/drug effects	drug synergism	1.13608141667498e-05	4.7336725694791e-05	0.074074074074074	0.491090027111315	1	0
apoptosis/drug effects	energy metabolism/drug effects	1.13608141667498e-05	4.7336725694791e-05	0.074074074074074	0.491090027111315	1	0
apoptosis/drug effects	ileum/drug effects	4.985667878543151e-09	4.50418593388634e-08	0.074074074074074	0.491090027111315	1	0
apoptosis/drug effects	macrophages/cytology	0.0011893547260051	0.0026470673103721	0.145299145299145	0.491090027111315	1	0
apoptosis/drug effects	necroptosis/drug effects	4.985667878543151e-09	4.50418593388634e-08	0.074074074074074	0.491090027111315	1	0
apoptosis/drug effects	neoplasms/drug therapy	0.0015006475463213	0.0033068980883982	0.145299145299145	0.491090027111315	1	0
apoptosis/drug effects	protein kinase inhibitors/chemistry	1.13608141667498e-05	4.7336725694791e-05	0.074074074074074	0.491090027111315	1	0
apoptosis/drug effects	pyruvate dehydrogenase acetyl-transferring kinase/antagonists &amp; inhibitors	1.13608141667498e-05	4.7336725694791e-05	0.074074074074074	0.491090027111315	1	0
apoptosis/drug effects	radiation-protective agents/pharmacology	4.985667878543151e-09	4.50418593388634e-08	0.074074074074074	0.491090027111315	1	0
apoptosis/drug effects	saponins/chemistry	1.13608141667498e-05	4.7336725694791e-05	0.074074074074074	0.491090027111315	1	0
apoptosis/drug effects	small molecule libraries/pharmacology	4.985667878543151e-09	4.50418593388634e-08	0.074074074074074	0.491090027111315	1	0
ASAH2	cell line tumor/transplantation	0.0002443386631932	0.0007043559873365	0.074074074074074	0.491090027111315	1	0
ASAH2	colonic neoplasms/drug therapy	2.48910234645905e-07	1.3318075285482e-06	0.037037037037037	0.491090027111315	1	0
ASAH2	heme oxygenase-1/metabolism	2.48910234645905e-07	1.3318075285482e-06	0.037037037037037	0.491090027111315	1	0
ASAH2	HMOX1	2.48910234645905e-07	1.3318075285482e-06	0.037037037037037	0.491090027111315	1	0
ASAH2	lymphocytes tumor-infiltrating/immunology	2.48910234645905e-07	1.3318075285482e-06	0.037037037037037	0.491090027111315	1	0
ASAH2	membrane proteins/metabolism	2.48910234645905e-07	1.3318075285482e-06	0.037037037037037	0.491090027111315	1	0
ASAH2	myeloid-derived suppressor cells/immunology	2.48910234645905e-07	1.3318075285482e-06	0.037037037037037	0.491090027111315	1	0
ASAH2	neutral ceramidase/antagonists &amp; inhibitors	2.48910234645905e-07	1.3318075285482e-06	0.037037037037037	0.491090027111315	1	0
ASAH2	t-lymphocytes/immunology	2.48910234645905e-07	1.3318075285482e-06	0.037037037037037	0.491090027111315	1	0
ASAH2	TP53	0.0022568714518765	0.0047668807068041	0.111111111111111	0.491090027111315	1	0
ASAH2	tumor suppressor protein p53/metabolism	0.0002443386631932	0.0007043559873365	0.074074074074074	0.491090027111315	1	0
ascorbic acid/pharmacology	CALR	0.0	0.0	0.037037037037037	0.491090027111315	1	0
ascorbic acid/pharmacology	calreticulin/metabolism	0.0	0.0	0.037037037037037	0.491090027111315	1	0
ascorbic acid/pharmacology	CYREN	0.0	0.0	0.037037037037037	0.491090027111315	1	0
ascorbic acid/pharmacology	ferric compounds/chemistry	1.90229000622821e-05	6.33368658790105e-05	0.111111111111111	0.491090027111315	1	0
ascorbic acid/pharmacology	neoplasms/diagnostic imaging	0.0	0.0	0.037037037037037	0.491090027111315	1	0
ascorbic acid/pharmacology	oxidative stress	7.083931083951e-07	3.69485614090969e-06	0.074074074074074	0.491090027111315	1	0
ascorbic acid/pharmacology	t-lymphocytes cytotoxic/metabolism	0.0	0.0	0.037037037037037	0.491090027111315	1	0
asparaginase	ASPG	3.10419946414342e-08	1.77908664941026e-07	0.037037037037037	0.491090027111315	1	0
asparaginase	CCK	5.6844185756133e-05	0.0001786003669477	0.074074074074074	0.491090027111315	1	0
asparaginase	cisplatin	3.10419946414342e-08	1.77908664941026e-07	0.037037037037037	0.491090027111315	1	0
asparaginase	diterpenes/pharmacology	3.10419946414342e-08	1.77908664941026e-07	0.037037037037037	0.491090027111315	1	0
asparaginase	killer cells natural/metabolism	3.10419946414342e-08	1.77908664941026e-07	0.037037037037037	0.491090027111315	1	0
asparaginase	lymphoma t-cell	3.10419946414342e-08	1.77908664941026e-07	0.037037037037037	0.491090027111315	1	0
asparaginase	NLRP1	3.10419946414342e-08	1.77908664941026e-07	0.037037037037037	0.491090027111315	1	0
asparaginase	TP53	0.0015313968527381	0.0033542680309219	0.111111111111111	0.491090027111315	1	0
asparaginase	tumor suppressor protein p53/metabolism	0.0001430031506204	0.0004284185297513	0.074074074074074	0.491090027111315	1	0
asparaginase	XK	3.10419946414342e-08	1.77908664941026e-07	0.037037037037037	0.491090027111315	1	0
ASPG	CCK	5.6844185756133e-05	0.0001786003669477	0.074074074074074	0.491090027111315	1	0
ASPG	cisplatin	3.10419946414342e-08	1.77908664941026e-07	0.037037037037037	0.491090027111315	1	0
ASPG	diterpenes/pharmacology	3.10419946414342e-08	1.77908664941026e-07	0.037037037037037	0.491090027111315	1	0
ASPG	killer cells natural/metabolism	3.10419946414342e-08	1.77908664941026e-07	0.037037037037037	0.491090027111315	1	0
ASPG	lymphoma t-cell	3.10419946414342e-08	1.77908664941026e-07	0.037037037037037	0.491090027111315	1	0
ASPG	NLRP1	3.10419946414342e-08	1.77908664941026e-07	0.037037037037037	0.491090027111315	1	0
ASPG	TP53	0.0015313968527381	0.0033542680309219	0.111111111111111	0.491090027111315	1	0
ASPG	tumor suppressor protein p53/metabolism	0.0001430031506204	0.0004284185297513	0.074074074074074	0.491090027111315	1	0
ASPG	XK	3.10419946414342e-08	1.77908664941026e-07	0.037037037037037	0.491090027111315	1	0
ATG5	autophagy-related proteins/genetics	2.3766930645763304e-09	2.23055336157649e-08	0.037037037037037	0.491090027111315	1	0
ATG5	autophagy/drug effects	1.96134005804316e-05	6.48561706764557e-05	0.074074074074074	0.491090027111315	1	0
ATG5	cell cycle/drug effects	2.3766930645763304e-09	2.23055336157649e-08	0.037037037037037	0.491090027111315	1	0
ATG5	flavonolignans/pharmacology	2.3766930645763304e-09	2.23055336157649e-08	0.037037037037037	0.491090027111315	1	0
ATG5	glutathione peroxidase/metabolism	2.3766930645763304e-09	2.23055336157649e-08	0.037037037037037	0.491090027111315	1	0
ATG5	glutathione/metabolism	0.0002752353370022	0.000788717862951	0.111111111111111	0.491090027111315	1	0
ATG5	jurkat cells	0.0001347174188101	0.000411242646894	0.074074074074074	0.491090027111315	1	0
ATG5	precursor cell lymphoblastic leukemia-lymphoma/metabolism	2.3766930645763304e-09	2.23055336157649e-08	0.037037037037037	0.491090027111315	1	0
ATG5	ROS1	0.0044470815063318	0.0089746251693545	0.148148148148148	0.491090027111315	1	0
ATL1	autophagy/drug effects	8.60452407625001e-06	3.66957644428309e-05	0.074074074074074	0.491090027111315	1	0
ATL1	cd8-positive t-lymphocytes/drug effects	9.441547543787007e-11	1.14562710782353e-09	0.037037037037037	0.491090027111315	1	0
ATL1	endoplasmic reticulum/drug effects	9.441547543787007e-11	1.14562710782353e-09	0.037037037037037	0.491090027111315	1	0
ATL1	neoplasms/drug therapy	1.29861397354381e-05	5.27448252559809e-05	0.074074074074074	0.491090027111315	1	0
ATL1	S100A4	9.441547543787007e-11	1.14562710782353e-09	0.037037037037037	0.491090027111315	1	0
ATM	cd8-positive t-lymphocytes/immunology	0.0042660683096238	0.0086454214520678	0.111111111111111	0.491090027111315	1	0
ATM	cell survival/drug effects	0.0035872302582571	0.0074200911190768	0.111111111111111	0.491090027111315	1	0
ATM	gene expression regulation neoplastic/drug effects	9.441547543787007e-11	1.14562710782353e-09	0.037037037037037	0.491090027111315	1	0
ATM	lipid metabolism/drug effects	9.441547543787007e-11	1.14562710782353e-09	0.037037037037037	0.491090027111315	1	0
ATM	SLC7A11	0.0039176473670681	0.0079727560452614	0.148148148148148	0.491090027111315	1	0
ATM	SLC9A1	1.29861397354381e-05	5.27448252559809e-05	0.074074074074074	0.491090027111315	1	0
ATM	sulfasalazine/administration &amp; dosage	9.441547543787007e-11	1.14562710782353e-09	0.037037037037037	0.491090027111315	1	0
autophagy-related proteins/genetics	autophagy/drug effects	1.96134005804316e-05	6.48561706764557e-05	0.074074074074074	0.491090027111315	1	0
autophagy-related proteins/genetics	cell cycle/drug effects	2.3766930645763304e-09	2.23055336157649e-08	0.037037037037037	0.491090027111315	1	0
autophagy-related proteins/genetics	flavonolignans/pharmacology	2.3766930645763304e-09	2.23055336157649e-08	0.037037037037037	0.491090027111315	1	0
autophagy-related proteins/genetics	glutathione peroxidase/metabolism	2.3766930645763304e-09	2.23055336157649e-08	0.037037037037037	0.491090027111315	1	0
autophagy-related proteins/genetics	glutathione/metabolism	0.0002752353370022	0.000788717862951	0.111111111111111	0.491090027111315	1	0
autophagy-related proteins/genetics	jurkat cells	0.0001347174188101	0.000411242646894	0.074074074074074	0.491090027111315	1	0
autophagy-related proteins/genetics	precursor cell lymphoblastic leukemia-lymphoma/metabolism	2.3766930645763304e-09	2.23055336157649e-08	0.037037037037037	0.491090027111315	1	0
autophagy-related proteins/genetics	ROS1	0.0044470815063318	0.0089746251693545	0.148148148148148	0.491090027111315	1	0
autophagy/drug effects	cd8-positive t-lymphocytes/drug effects	8.60452407625001e-06	3.66957644428309e-05	0.074074074074074	0.491090027111315	1	0
autophagy/drug effects	cell cycle/drug effects	1.96134005804316e-05	6.48561706764557e-05	0.074074074074074	0.491090027111315	1	0
autophagy/drug effects	endoplasmic reticulum/drug effects	8.60452407625001e-06	3.66957644428309e-05	0.074074074074074	0.491090027111315	1	0
autophagy/drug effects	flavonolignans/pharmacology	1.96134005804316e-05	6.48561706764557e-05	0.074074074074074	0.491090027111315	1	0
autophagy/drug effects	glutathione peroxidase/metabolism	1.96134005804316e-05	6.48561706764557e-05	0.074074074074074	0.491090027111315	1	0
autophagy/drug effects	neoplasms/drug therapy	0.0030275730352965	0.006325620895072	0.145299145299145	0.491090027111315	1	0
autophagy/drug effects	precursor cell lymphoblastic leukemia-lymphoma/metabolism	1.96134005804316e-05	6.48561706764557e-05	0.074074074074074	0.491090027111315	1	0
autophagy/drug effects	S100A4	8.60452407625001e-06	3.66957644428309e-05	0.074074074074074	0.491090027111315	1	0
b-lymphocytes/metabolism	BBS9	6.772360450213451e-15	2.3951030860511e-13	0.037037037037037	0.491090027111315	1	0
b-lymphocytes/metabolism	BDKRB2	6.772360450213451e-15	2.3951030860511e-13	0.037037037037037	0.491090027111315	1	0
b-lymphocytes/metabolism	cytoskeletal proteins/metabolism	6.772360450213451e-15	2.3951030860511e-13	0.037037037037037	0.491090027111315	1	0
b-lymphocytes/metabolism	glutathione peroxidase/therapeutic use	6.772360450213451e-15	2.3951030860511e-13	0.037037037037037	0.491090027111315	1	0
b-lymphocytes/metabolism	MS4A1	6.772360450213451e-15	2.3951030860511e-13	0.037037037037037	0.491090027111315	1	0
b-lymphocytes/metabolism	PLEKHM1	6.772360450213451e-15	2.3951030860511e-13	0.037037037037037	0.491090027111315	1	0
b-lymphocytes/metabolism	ROS1	0.0010636503730522	0.0023691137341409	0.148148148148148	0.491090027111315	1	0
b-lymphocytes/metabolism	SPANXB1	6.772360450213451e-15	2.3951030860511e-13	0.037037037037037	0.491090027111315	1	0
b7-h1 antigen/antagonists &amp; inhibitors	benzylidene compounds/pharmacology	0.0001074183449439	0.0003317499471113	0.074074074074074	0.491090027111315	1	0
b7-h1 antigen/antagonists &amp; inhibitors	cysteine/metabolism	0.0001074183449439	0.0003317499471113	0.074074074074074	0.491090027111315	1	0
b7-h1 antigen/antagonists &amp; inhibitors	drug resistance neoplasm/drug effects	0.0001074183449439	0.0003317499471113	0.074074074074074	0.491090027111315	1	0
b7-h1 antigen/antagonists &amp; inhibitors	exosomes/drug effects	0.0001074183449439	0.0003317499471113	0.074074074074074	0.491090027111315	1	0
b7-h1 antigen/antagonists &amp; inhibitors	fusion regulatory protein 1 heavy chain/metabolism	0.0001074183449439	0.0003317499471113	0.074074074074074	0.491090027111315	1	0
b7-h1 antigen/antagonists &amp; inhibitors	hyaluronic acid/chemistry	0.0001074183449439	0.0003317499471113	0.074074074074074	0.491090027111315	1	0
b7-h1 antigen/antagonists &amp; inhibitors	immune checkpoint inhibitors/pharmacology	0.0001074183449439	0.0003317499471113	0.074074074074074	0.491090027111315	1	0
b7-h1 antigen/antagonists &amp; inhibitors	immunologic memory	0.0001074183449439	0.0003317499471113	0.074074074074074	0.491090027111315	1	0
b7-h1 antigen/antagonists &amp; inhibitors	interferon-gamma/immunology	0.0001074183449439	0.0003317499471113	0.074074074074074	0.491090027111315	1	0
b7-h1 antigen/antagonists &amp; inhibitors	melanoma/genetics	0.0001074183449439	0.0003317499471113	0.074074074074074	0.491090027111315	1	0
b7-h1 antigen/antagonists &amp; inhibitors	nivolumab/therapeutic use	0.0001074183449439	0.0003317499471113	0.074074074074074	0.491090027111315	1	0
b7-h1 antigen/antagonists &amp; inhibitors	skin neoplasms/drug therapy	0.0001074183449439	0.0003317499471113	0.074074074074074	0.491090027111315	1	0
b7-h1 antigen/antagonists &amp; inhibitors	SLC3A2	0.0001074183449439	0.0003317499471113	0.074074074074074	0.491090027111315	1	0
b7-h1 antigen/antagonists &amp; inhibitors	t-lymphocytes cytotoxic/drug effects	0.0001074183449439	0.0003317499471113	0.074074074074074	0.491090027111315	1	0
b7-h1 antigen/antagonists &amp; inhibitors	tumor escape/drug effects	0.0001074183449439	0.0003317499471113	0.074074074074074	0.491090027111315	1	0
b7-h1 antigen/metabolism	benzylidene compounds/chemistry	1.37805787725487e-06	6.67173262777816e-06	0.037037037037037	0.491090027111315	1	0
b7-h1 antigen/metabolism	cd8-positive t-lymphocytes/cytology	0.0004953033165658	0.0012925943513292	0.074074074074074	0.491090027111315	1	0
b7-h1 antigen/metabolism	exosomes/metabolism	1.37805787725487e-06	6.67173262777816e-06	0.037037037037037	0.491090027111315	1	0
b7-h1 antigen/metabolism	ferric compounds/chemistry	0.0015625643362536	0.0033615998331867	0.111111111111111	0.491090027111315	1	0
b7-h1 antigen/metabolism	immunogenic cell death/drug effects	1.37805787725487e-06	6.67173262777816e-06	0.037037037037037	0.491090027111315	1	0
b7-h1 antigen/metabolism	interferon-gamma/metabolism	1.37805787725487e-06	6.67173262777816e-06	0.037037037037037	0.491090027111315	1	0
b7-h1 antigen/metabolism	metal-organic frameworks/chemistry	1.37805787725487e-06	6.67173262777816e-06	0.037037037037037	0.491090027111315	1	0
b7-h1 antigen/metabolism	phenol/chemistry	1.37805787725487e-06	6.67173262777816e-06	0.037037037037037	0.491090027111315	1	0
b7-h1 antigen/metabolism	programmed cell death 1 receptor/metabolism	1.37805787725487e-06	6.67173262777816e-06	0.037037037037037	0.491090027111315	1	0
bacterial toxins/metabolism	cells cultured	0.0038613323464813	0.0078913768885101	0.074074074074074	0.491090027111315	1	0
bacterial toxins/metabolism	endothelial cells/metabolism	0.0005241692955735	0.0012925943513292	0.037037037037037	0.491090027111315	1	0
bacterial toxins/metabolism	FTH1	0.0005241692955735	0.0012925943513292	0.037037037037037	0.491090027111315	1	0
bacterial toxins/metabolism	heart ventricles/diagnostic imaging	0.0005241692955735	0.0012925943513292	0.037037037037037	0.491090027111315	1	0
bacterial toxins/metabolism	hemodynamics/drug effects	0.0005241692955735	0.0012925943513292	0.037037037037037	0.491090027111315	1	0
bacterial toxins/metabolism	HMGB1	0.0005241692955735	0.0012925943513292	0.037037037037037	0.491090027111315	1	0
bacterial toxins/metabolism	hmgb1 protein/metabolism	0.0005241692955735	0.0012925943513292	0.037037037037037	0.491090027111315	1	0
bacterial toxins/metabolism	hypertension pulmonary/chemically induced	0.0005241692955735	0.0012925943513292	0.037037037037037	0.491090027111315	1	0
bacterial toxins/metabolism	inflammasomes/metabolism	0.0005241692955735	0.0012925943513292	0.037037037037037	0.491090027111315	1	0
bacterial toxins/metabolism	inflammation/metabolism	0.0005241692955735	0.0012925943513292	0.037037037037037	0.491090027111315	1	0
bacterial toxins/metabolism	lung/blood supply	0.0005241692955735	0.0012925943513292	0.037037037037037	0.491090027111315	1	0
bacterial toxins/metabolism	macrophages/metabolism	0.0005241692955735	0.0012925943513292	0.037037037037037	0.491090027111315	1	0
bacterial toxins/metabolism	monocrotaline/toxicity	0.0005241692955735	0.0012925943513292	0.037037037037037	0.491090027111315	1	0
bacterial toxins/metabolism	nlr family pyrin domain-containing 3 protein/metabolism	0.0005241692955735	0.0012925943513292	0.037037037037037	0.491090027111315	1	0
bacterial toxins/metabolism	NLRP3	0.0005241692955735	0.0012925943513292	0.037037037037037	0.491090027111315	1	0
bacterial toxins/metabolism	NOX4	0.0005241692955735	0.0012925943513292	0.037037037037037	0.491090027111315	1	0
bacterial toxins/metabolism	toll-like receptor 4/metabolism	0.0005241692955735	0.0012925943513292	0.037037037037037	0.491090027111315	1	0
basic-leucine zipper transcription factors/analysis	drug resistance neoplasm	2.3766930645763304e-09	2.23055336157649e-08	0.037037037037037	0.491090027111315	1	0
basic-leucine zipper transcription factors/analysis	GGT1	2.3766930645763304e-09	2.23055336157649e-08	0.037037037037037	0.491090027111315	1	0
basic-leucine zipper transcription factors/analysis	HLF	2.3766930645763304e-09	2.23055336157649e-08	0.037037037037037	0.491090027111315	1	0
basic-leucine zipper transcription factors/analysis	IL6	2.3766930645763304e-09	2.23055336157649e-08	0.037037037037037	0.491090027111315	1	0
basic-leucine zipper transcription factors/analysis	JAK2	2.3766930645763304e-09	2.23055336157649e-08	0.037037037037037	0.491090027111315	1	0
basic-leucine zipper transcription factors/analysis	SMAD3	2.3766930645763304e-09	2.23055336157649e-08	0.037037037037037	0.491090027111315	1	0
basic-leucine zipper transcription factors/analysis	STAT3	2.3766930645763304e-09	2.23055336157649e-08	0.037037037037037	0.491090027111315	1	0
basic-leucine zipper transcription factors/analysis	TGFB1	2.3766930645763304e-09	2.23055336157649e-08	0.037037037037037	0.491090027111315	1	0
basic-leucine zipper transcription factors/analysis	triple negative breast neoplasms/drug therapy	2.3766930645763304e-09	2.23055336157649e-08	0.037037037037037	0.491090027111315	1	0
basic-leucine zipper transcription factors/analysis	tumor-associated macrophages/drug effects	2.3766930645763304e-09	2.23055336157649e-08	0.037037037037037	0.491090027111315	1	0
BBS9	BDKRB2	6.772360450213451e-15	2.3951030860511e-13	0.037037037037037	0.491090027111315	1	0
BBS9	cytoskeletal proteins/metabolism	6.772360450213451e-15	2.3951030860511e-13	0.037037037037037	0.491090027111315	1	0
BBS9	glutathione peroxidase/therapeutic use	6.772360450213451e-15	2.3951030860511e-13	0.037037037037037	0.491090027111315	1	0
BBS9	MS4A1	6.772360450213451e-15	2.3951030860511e-13	0.037037037037037	0.491090027111315	1	0
BBS9	PLEKHM1	6.772360450213451e-15	2.3951030860511e-13	0.037037037037037	0.491090027111315	1	0
BBS9	ROS1	0.0010636503730522	0.0023691137341409	0.148148148148148	0.491090027111315	1	0
BBS9	SPANXB1	6.772360450213451e-15	2.3951030860511e-13	0.037037037037037	0.491090027111315	1	0
BDKRB2	cytoskeletal proteins/metabolism	6.772360450213451e-15	2.3951030860511e-13	0.037037037037037	0.491090027111315	1	0
BDKRB2	glutathione peroxidase/therapeutic use	6.772360450213451e-15	2.3951030860511e-13	0.037037037037037	0.491090027111315	1	0
BDKRB2	MS4A1	6.772360450213451e-15	2.3951030860511e-13	0.037037037037037	0.491090027111315	1	0
BDKRB2	PLEKHM1	6.772360450213451e-15	2.3951030860511e-13	0.037037037037037	0.491090027111315	1	0
BDKRB2	ROS1	0.0010636503730522	0.0023691137341409	0.148148148148148	0.491090027111315	1	0
BDKRB2	SPANXB1	6.772360450213451e-15	2.3951030860511e-13	0.037037037037037	0.491090027111315	1	0
benzylidene compounds/chemistry	cd8-positive t-lymphocytes/cytology	0.0004953033165658	0.0012925943513292	0.074074074074074	0.491090027111315	1	0
benzylidene compounds/chemistry	exosomes/metabolism	1.37805787725487e-06	6.67173262777816e-06	0.037037037037037	0.491090027111315	1	0
benzylidene compounds/chemistry	ferric compounds/chemistry	0.0015625643362536	0.0033615998331867	0.111111111111111	0.491090027111315	1	0
benzylidene compounds/chemistry	immunogenic cell death/drug effects	1.37805787725487e-06	6.67173262777816e-06	0.037037037037037	0.491090027111315	1	0
benzylidene compounds/chemistry	interferon-gamma/metabolism	1.37805787725487e-06	6.67173262777816e-06	0.037037037037037	0.491090027111315	1	0
benzylidene compounds/chemistry	metal-organic frameworks/chemistry	1.37805787725487e-06	6.67173262777816e-06	0.037037037037037	0.491090027111315	1	0
benzylidene compounds/chemistry	phenol/chemistry	1.37805787725487e-06	6.67173262777816e-06	0.037037037037037	0.491090027111315	1	0
benzylidene compounds/chemistry	programmed cell death 1 receptor/metabolism	1.37805787725487e-06	6.67173262777816e-06	0.037037037037037	0.491090027111315	1	0
benzylidene compounds/pharmacology	cell line tumor/transplantation	0.0001430031506204	0.0004284185297513	0.074074074074074	0.491090027111315	1	0
benzylidene compounds/pharmacology	drug resistance neoplasm/drug effects	3.10419946414342e-08	1.77908664941026e-07	0.037037037037037	0.491090027111315	1	0
benzylidene compounds/pharmacology	exosomes/drug effects	3.10419946414342e-08	1.77908664941026e-07	0.037037037037037	0.491090027111315	1	0
benzylidene compounds/pharmacology	hyaluronic acid/chemistry	3.10419946414342e-08	1.77908664941026e-07	0.037037037037037	0.491090027111315	1	0
benzylidene compounds/pharmacology	immune checkpoint inhibitors/pharmacology	3.10419946414342e-08	1.77908664941026e-07	0.037037037037037	0.491090027111315	1	0
benzylidene compounds/pharmacology	immunologic memory	3.10419946414342e-08	1.77908664941026e-07	0.037037037037037	0.491090027111315	1	0
benzylidene compounds/pharmacology	skin neoplasms/drug therapy	3.10419946414342e-08	1.77908664941026e-07	0.037037037037037	0.491090027111315	1	0
benzylidene compounds/pharmacology	t-lymphocytes cytotoxic/drug effects	3.10419946414342e-08	1.77908664941026e-07	0.037037037037037	0.491090027111315	1	0
benzylidene compounds/pharmacology	tumor escape/drug effects	3.10419946414342e-08	1.77908664941026e-07	0.037037037037037	0.491090027111315	1	0
biological products/chemistry	dichloroacetic acid/chemistry	3.10419946414342e-08	1.77908664941026e-07	0.037037037037037	0.491090027111315	1	0
biological products/chemistry	drug synergism	3.10419946414342e-08	1.77908664941026e-07	0.037037037037037	0.491090027111315	1	0
biological products/chemistry	energy metabolism/drug effects	3.10419946414342e-08	1.77908664941026e-07	0.037037037037037	0.491090027111315	1	0
biological products/chemistry	macrophages/cytology	3.98433250663466e-05	0.000130412689269	0.074074074074074	0.491090027111315	1	0
biological products/chemistry	mitochondria/drug effects	0.0028851458065133	0.0060410995226632	0.074074074074074	0.491090027111315	1	0
biological products/chemistry	neoplasms/drug therapy	5.6844185756133e-05	0.0001786003669477	0.074074074074074	0.491090027111315	1	0
biological products/chemistry	protein kinase inhibitors/chemistry	3.10419946414342e-08	1.77908664941026e-07	0.037037037037037	0.491090027111315	1	0
biological products/chemistry	pyruvate dehydrogenase acetyl-transferring kinase/antagonists &amp; inhibitors	3.10419946414342e-08	1.77908664941026e-07	0.037037037037037	0.491090027111315	1	0
biological products/chemistry	saponins/chemistry	3.10419946414342e-08	1.77908664941026e-07	0.037037037037037	0.491090027111315	1	0
biomarkers tumor	carcinoma pancreatic ductal/metabolism	1.90229000622821e-05	6.33368658790105e-05	0.037037037037037	0.491090027111315	1	0
biomarkers tumor	cell transformation neoplastic/genetics	1.90229000622821e-05	6.33368658790105e-05	0.037037037037037	0.491090027111315	1	0
biomarkers tumor	diet	1.90229000622821e-05	6.33368658790105e-05	0.037037037037037	0.491090027111315	1	0
biomarkers tumor	dna	1.90229000622821e-05	6.33368658790105e-05	0.037037037037037	0.491090027111315	1	0
biomarkers tumor	KDM8	1.90229000622821e-05	6.33368658790105e-05	0.037037037037037	0.491090027111315	1	0
biomarkers tumor	macrophages	1.90229000622821e-05	6.33368658790105e-05	0.037037037037037	0.491090027111315	1	0
biomarkers tumor	membrane proteins/genetics	1.90229000622821e-05	6.33368658790105e-05	0.037037037037037	0.491090027111315	1	0
biomarkers tumor	pancreas/metabolism	1.90229000622821e-05	6.33368658790105e-05	0.037037037037037	0.491090027111315	1	0
biomarkers tumor	pancreatitis/genetics	1.90229000622821e-05	6.33368658790105e-05	0.037037037037037	0.491090027111315	1	0
biomarkers tumor	phospholipid hydroperoxide glutathione peroxidase/genetics	1.90229000622821e-05	6.33368658790105e-05	0.037037037037037	0.491090027111315	1	0
biomarkers tumor	proto-oncogene proteins p21(ras)/metabolism	1.90229000622821e-05	6.33368658790105e-05	0.037037037037037	0.491090027111315	1	0
biomarkers tumor	quinoxalines/pharmacology	1.90229000622821e-05	6.33368658790105e-05	0.037037037037037	0.491090027111315	1	0
biomarkers tumor	spiro compounds/pharmacology	1.90229000622821e-05	6.33368658790105e-05	0.037037037037037	0.491090027111315	1	0
biomarkers tumor	STING1	1.90229000622821e-05	6.33368658790105e-05	0.037037037037037	0.491090027111315	1	0
biomarkers tumor	tumor microenvironment	0.0015625643362536	0.0033615998331867	0.074074074074074	0.491090027111315	1	0
biopterins/analogs &amp; derivatives	carbolines/pharmacology	0.0010636503730522	0.0023691137341409	0.074074074074074	0.491090027111315	1	0
biopterins/analogs &amp; derivatives	cell proliferation/drug effects	1.90229000622821e-05	6.33368658790105e-05	0.037037037037037	0.491090027111315	1	0
biopterins/analogs &amp; derivatives	cystine/antagonists &amp; inhibitors	1.90229000622821e-05	6.33368658790105e-05	0.037037037037037	0.491090027111315	1	0
biopterins/analogs &amp; derivatives	dose-response relationship drug	0.0010636503730522	0.0023691137341409	0.074074074074074	0.491090027111315	1	0
biopterins/analogs &amp; derivatives	folic acid antagonists/pharmacology	1.90229000622821e-05	6.33368658790105e-05	0.037037037037037	0.491090027111315	1	0
biopterins/analogs &amp; derivatives	gene expression regulation neoplastic	0.000860920973641	0.0020021417991653	0.074074074074074	0.491090027111315	1	0
biopterins/analogs &amp; derivatives	jurkat cells	0.0012969225227602	0.0028666732591499	0.074074074074074	0.491090027111315	1	0
biopterins/analogs &amp; derivatives	methotrexate/pharmacology	1.90229000622821e-05	6.33368658790105e-05	0.037037037037037	0.491090027111315	1	0
biopterins/analogs &amp; derivatives	oxidative stress	0.0005390447313372	0.0013092376221759	0.074074074074074	0.491090027111315	1	0
biopterins/analogs &amp; derivatives	phospholipid hydroperoxide glutathione peroxidase/antagonists &amp; inhibitors	1.90229000622821e-05	6.33368658790105e-05	0.037037037037037	0.491090027111315	1	0
biopterins/analogs &amp; derivatives	piperazines/pharmacology	0.0005390447313372	0.0013092376221759	0.074074074074074	0.491090027111315	1	0
biopterins/analogs &amp; derivatives	tetrahydrofolate dehydrogenase/genetics	1.90229000622821e-05	6.33368658790105e-05	0.037037037037037	0.491090027111315	1	0
biopterins/analogs &amp; derivatives	vitamin e/pharmacology	1.90229000622821e-05	6.33368658790105e-05	0.037037037037037	0.491090027111315	1	0
bone marrow/drug effects	cytokines/metabolism	4.985667878543151e-09	4.50418593388634e-08	0.074074074074074	0.491090027111315	1	0
bone marrow/drug effects	drug interactions	0.0	0.0	0.037037037037037	0.491090027111315	1	0
bone marrow/drug effects	ileum/drug effects	0.0	0.0	0.037037037037037	0.491090027111315	1	0
bone marrow/drug effects	necroptosis/drug effects	0.0	0.0	0.037037037037037	0.491090027111315	1	0
bone marrow/drug effects	radiation-protective agents/pharmacology	0.0	0.0	0.037037037037037	0.491090027111315	1	0
bone marrow/drug effects	small molecule libraries/pharmacology	0.0	0.0	0.037037037037037	0.491090027111315	1	0
brain neoplasms/genetics	cation transport proteins/genetics	1.51878509768721e-12	3.21494655714812e-11	0.037037037037037	0.491090027111315	1	0
brain neoplasms/genetics	CD44	1.51878509768721e-12	3.21494655714812e-11	0.037037037037037	0.491090027111315	1	0
brain neoplasms/genetics	gene expression regulation neoplastic	1.62808224802857e-05	6.33368658790105e-05	0.074074074074074	0.491090027111315	1	0
brain neoplasms/genetics	glioblastoma/genetics	1.51878509768721e-12	3.21494655714812e-11	0.037037037037037	0.491090027111315	1	0
brain neoplasms/genetics	heat-shock proteins/genetics	1.51878509768721e-12	3.21494655714812e-11	0.037037037037037	0.491090027111315	1	0
brain neoplasms/genetics	HSPB1	1.51878509768721e-12	3.21494655714812e-11	0.037037037037037	0.491090027111315	1	0
brain neoplasms/genetics	hyaluronan receptors/genetics	1.51878509768721e-12	3.21494655714812e-11	0.037037037037037	0.491090027111315	1	0
brain neoplasms/genetics	SLC40A1	1.51878509768721e-12	3.21494655714812e-11	0.037037037037037	0.491090027111315	1	0
brain neoplasms/genetics	t-lymphocytes cytotoxic/immunology	1.51878509768721e-12	3.21494655714812e-11	0.037037037037037	0.491090027111315	1	0
CALR	calreticulin/metabolism	0.0	0.0	0.037037037037037	0.491090027111315	1	0
CALR	CYREN	0.0	0.0	0.037037037037037	0.491090027111315	1	0
CALR	ferric compounds/chemistry	1.90229000622821e-05	6.33368658790105e-05	0.111111111111111	0.491090027111315	1	0
CALR	neoplasms/diagnostic imaging	0.0	0.0	0.037037037037037	0.491090027111315	1	0
CALR	oxidative stress	7.083931083951e-07	3.69485614090969e-06	0.074074074074074	0.491090027111315	1	0
CALR	t-lymphocytes cytotoxic/metabolism	0.0	0.0	0.037037037037037	0.491090027111315	1	0
calreticulin/metabolism	CYREN	0.0	0.0	0.037037037037037	0.491090027111315	1	0
calreticulin/metabolism	ferric compounds/chemistry	1.90229000622821e-05	6.33368658790105e-05	0.111111111111111	0.491090027111315	1	0
calreticulin/metabolism	neoplasms/diagnostic imaging	0.0	0.0	0.037037037037037	0.491090027111315	1	0
calreticulin/metabolism	oxidative stress	7.083931083951e-07	3.69485614090969e-06	0.074074074074074	0.491090027111315	1	0
calreticulin/metabolism	t-lymphocytes cytotoxic/metabolism	0.0	0.0	0.037037037037037	0.491090027111315	1	0
carbolines/pharmacology	cell proliferation/drug effects	0.0010636503730522	0.0023691137341409	0.074074074074074	0.491090027111315	1	0
carbolines/pharmacology	cystine/antagonists &amp; inhibitors	0.0010636503730522	0.0023691137341409	0.074074074074074	0.491090027111315	1	0
carbolines/pharmacology	dose-response relationship drug	6.63710797654815e-07	3.54468013480472e-06	0.0028490028490028	0.178864212567384	2	0
carbolines/pharmacology	folic acid antagonists/pharmacology	0.0010636503730522	0.0023691137341409	0.074074074074074	0.491090027111315	1	0
carbolines/pharmacology	gene expression	5.14974610709151e-05	0.0001657520944568	0.074074074074074	0.491090027111315	1	0
carbolines/pharmacology	inflammation mediators/antagonists &amp; inhibitors	5.14974610709151e-05	0.0001657520944568	0.074074074074074	0.491090027111315	1	0
carbolines/pharmacology	lipopolysaccharides/toxicity	5.14974610709151e-05	0.0001657520944568	0.074074074074074	0.491090027111315	1	0
carbolines/pharmacology	methotrexate/pharmacology	0.0010636503730522	0.0023691137341409	0.074074074074074	0.491090027111315	1	0
carbolines/pharmacology	microglia/drug effects	5.14974610709151e-05	0.0001657520944568	0.074074074074074	0.491090027111315	1	0
carbolines/pharmacology	nf-e2-related factor 2/biosynthesis	5.14974610709151e-05	0.0001657520944568	0.074074074074074	0.491090027111315	1	0
carbolines/pharmacology	phospholipid hydroperoxide glutathione peroxidase/antagonists &amp; inhibitors	0.0010636503730522	0.0023691137341409	0.074074074074074	0.491090027111315	1	0
carbolines/pharmacology	raw 264.7 cells	5.14974610709151e-05	0.0001657520944568	0.074074074074074	0.491090027111315	1	0
carbolines/pharmacology	tetrahydrofolate dehydrogenase/genetics	0.0010636503730522	0.0023691137341409	0.074074074074074	0.491090027111315	1	0
carbolines/pharmacology	vitamin e/pharmacology	0.0010636503730522	0.0023691137341409	0.074074074074074	0.491090027111315	1	0
carcinoma pancreatic ductal/metabolism	cell transformation neoplastic/genetics	1.90229000622821e-05	6.33368658790105e-05	0.037037037037037	0.491090027111315	1	0
carcinoma pancreatic ductal/metabolism	diet	1.90229000622821e-05	6.33368658790105e-05	0.037037037037037	0.491090027111315	1	0
carcinoma pancreatic ductal/metabolism	dna	1.90229000622821e-05	6.33368658790105e-05	0.037037037037037	0.491090027111315	1	0
carcinoma pancreatic ductal/metabolism	KDM8	1.90229000622821e-05	6.33368658790105e-05	0.037037037037037	0.491090027111315	1	0
carcinoma pancreatic ductal/metabolism	macrophages	1.90229000622821e-05	6.33368658790105e-05	0.037037037037037	0.491090027111315	1	0
carcinoma pancreatic ductal/metabolism	membrane proteins/genetics	1.90229000622821e-05	6.33368658790105e-05	0.037037037037037	0.491090027111315	1	0
carcinoma pancreatic ductal/metabolism	pancreas/metabolism	1.90229000622821e-05	6.33368658790105e-05	0.037037037037037	0.491090027111315	1	0
carcinoma pancreatic ductal/metabolism	pancreatitis/genetics	1.90229000622821e-05	6.33368658790105e-05	0.037037037037037	0.491090027111315	1	0
carcinoma pancreatic ductal/metabolism	phospholipid hydroperoxide glutathione peroxidase/genetics	1.90229000622821e-05	6.33368658790105e-05	0.037037037037037	0.491090027111315	1	0
carcinoma pancreatic ductal/metabolism	proto-oncogene proteins p21(ras)/metabolism	1.90229000622821e-05	6.33368658790105e-05	0.037037037037037	0.491090027111315	1	0
carcinoma pancreatic ductal/metabolism	quinoxalines/pharmacology	1.90229000622821e-05	6.33368658790105e-05	0.037037037037037	0.491090027111315	1	0
carcinoma pancreatic ductal/metabolism	spiro compounds/pharmacology	1.90229000622821e-05	6.33368658790105e-05	0.037037037037037	0.491090027111315	1	0
carcinoma pancreatic ductal/metabolism	STING1	1.90229000622821e-05	6.33368658790105e-05	0.037037037037037	0.491090027111315	1	0
carcinoma pancreatic ductal/metabolism	tumor microenvironment	0.0015625643362536	0.0033615998331867	0.074074074074074	0.491090027111315	1	0
cation transport proteins/genetics	CD44	1.51878509768721e-12	3.21494655714812e-11	0.037037037037037	0.491090027111315	1	0
cation transport proteins/genetics	gene expression regulation neoplastic	1.62808224802857e-05	6.33368658790105e-05	0.074074074074074	0.491090027111315	1	0
cation transport proteins/genetics	glioblastoma/genetics	1.51878509768721e-12	3.21494655714812e-11	0.037037037037037	0.491090027111315	1	0
cation transport proteins/genetics	heat-shock proteins/genetics	1.51878509768721e-12	3.21494655714812e-11	0.037037037037037	0.491090027111315	1	0
cation transport proteins/genetics	HSPB1	1.51878509768721e-12	3.21494655714812e-11	0.037037037037037	0.491090027111315	1	0
cation transport proteins/genetics	hyaluronan receptors/genetics	1.51878509768721e-12	3.21494655714812e-11	0.037037037037037	0.491090027111315	1	0
cation transport proteins/genetics	SLC40A1	1.51878509768721e-12	3.21494655714812e-11	0.037037037037037	0.491090027111315	1	0
cation transport proteins/genetics	t-lymphocytes cytotoxic/immunology	1.51878509768721e-12	3.21494655714812e-11	0.037037037037037	0.491090027111315	1	0
CCK	cisplatin	5.6844185756133e-05	0.0001786003669477	0.074074074074074	0.491090027111315	1	0
CCK	diterpenes/pharmacology	5.6844185756133e-05	0.0001786003669477	0.074074074074074	0.491090027111315	1	0
CCK	gene expression	1.29861397354381e-05	5.27448252559809e-05	0.074074074074074	0.491090027111315	1	0
CCK	inflammation mediators/antagonists &amp; inhibitors	1.29861397354381e-05	5.27448252559809e-05	0.074074074074074	0.491090027111315	1	0
CCK	killer cells natural/metabolism	5.6844185756133e-05	0.0001786003669477	0.074074074074074	0.491090027111315	1	0
CCK	lipopolysaccharides/toxicity	1.29861397354381e-05	5.27448252559809e-05	0.074074074074074	0.491090027111315	1	0
CCK	lymphoma t-cell	5.6844185756133e-05	0.0001786003669477	0.074074074074074	0.491090027111315	1	0
CCK	microglia/drug effects	1.29861397354381e-05	5.27448252559809e-05	0.074074074074074	0.491090027111315	1	0
CCK	nf-e2-related factor 2/biosynthesis	1.29861397354381e-05	5.27448252559809e-05	0.074074074074074	0.491090027111315	1	0
CCK	NLRP1	5.6844185756133e-05	0.0001786003669477	0.074074074074074	0.491090027111315	1	0
CCK	raw 264.7 cells	1.29861397354381e-05	5.27448252559809e-05	0.074074074074074	0.491090027111315	1	0
CCK	XK	5.6844185756133e-05	0.0001786003669477	0.074074074074074	0.491090027111315	1	0
CD36	cd36 antigens/antagonists &amp; inhibitors	3.10419946414342e-08	1.77908664941026e-07	0.037037037037037	0.491090027111315	1	0
CD36	cd8-positive t-lymphocytes/cytology	0.0001868757657405	0.0005524360047374	0.074074074074074	0.491090027111315	1	0
CD36	cytokines/metabolism	1.13608141667498e-05	4.7336725694791e-05	0.074074074074074	0.491090027111315	1	0
CD36	fatty acids/metabolism	3.10419946414342e-08	1.77908664941026e-07	0.037037037037037	0.491090027111315	1	0
CD36	multiple myeloma/drug therapy	3.10419946414342e-08	1.77908664941026e-07	0.037037037037037	0.491090027111315	1	0
CD36	tumor microenvironment	0.0003039350520657	0.0008666781229012	0.074074074074074	0.491090027111315	1	0
cd36 antigens/antagonists &amp; inhibitors	cd8-positive t-lymphocytes/cytology	0.0001868757657405	0.0005524360047374	0.074074074074074	0.491090027111315	1	0
cd36 antigens/antagonists &amp; inhibitors	cytokines/metabolism	1.13608141667498e-05	4.7336725694791e-05	0.074074074074074	0.491090027111315	1	0
cd36 antigens/antagonists &amp; inhibitors	fatty acids/metabolism	3.10419946414342e-08	1.77908664941026e-07	0.037037037037037	0.491090027111315	1	0
cd36 antigens/antagonists &amp; inhibitors	multiple myeloma/drug therapy	3.10419946414342e-08	1.77908664941026e-07	0.037037037037037	0.491090027111315	1	0
cd36 antigens/antagonists &amp; inhibitors	tumor microenvironment	0.0003039350520657	0.0008666781229012	0.074074074074074	0.491090027111315	1	0
CD44	gene expression regulation neoplastic	1.62808224802857e-05	6.33368658790105e-05	0.074074074074074	0.491090027111315	1	0
CD44	glioblastoma/genetics	1.51878509768721e-12	3.21494655714812e-11	0.037037037037037	0.491090027111315	1	0
CD44	heat-shock proteins/genetics	1.51878509768721e-12	3.21494655714812e-11	0.037037037037037	0.491090027111315	1	0
CD44	HSPB1	1.51878509768721e-12	3.21494655714812e-11	0.037037037037037	0.491090027111315	1	0
CD44	hyaluronan receptors/genetics	1.51878509768721e-12	3.21494655714812e-11	0.037037037037037	0.491090027111315	1	0
CD44	SLC40A1	1.51878509768721e-12	3.21494655714812e-11	0.037037037037037	0.491090027111315	1	0
CD44	t-lymphocytes cytotoxic/immunology	1.51878509768721e-12	3.21494655714812e-11	0.037037037037037	0.491090027111315	1	0
cd8-positive t-lymphocytes/cytology	cytokines/metabolism	0.0032746267628741	0.0068319551167878	0.145299145299145	0.491090027111315	1	0
cd8-positive t-lymphocytes/cytology	exosomes/metabolism	0.0004953033165658	0.0012925943513292	0.074074074074074	0.491090027111315	1	0
cd8-positive t-lymphocytes/cytology	fatty acids/metabolism	0.0001868757657405	0.0005524360047374	0.074074074074074	0.491090027111315	1	0
cd8-positive t-lymphocytes/cytology	immunogenic cell death/drug effects	0.0004953033165658	0.0012925943513292	0.074074074074074	0.491090027111315	1	0
cd8-positive t-lymphocytes/cytology	interferon-gamma/metabolism	0.0004953033165658	0.0012925943513292	0.074074074074074	0.491090027111315	1	0
cd8-positive t-lymphocytes/cytology	metal-organic frameworks/chemistry	0.0004953033165658	0.0012925943513292	0.074074074074074	0.491090027111315	1	0
cd8-positive t-lymphocytes/cytology	multiple myeloma/drug therapy	0.0001868757657405	0.0005524360047374	0.074074074074074	0.491090027111315	1	0
cd8-positive t-lymphocytes/cytology	PDCD1	0.0010371524413204	0.0023571646393645	0.0085470085470085	0.178864212567384	2	0
cd8-positive t-lymphocytes/cytology	phenol/chemistry	0.0004953033165658	0.0012925943513292	0.074074074074074	0.491090027111315	1	0
cd8-positive t-lymphocytes/cytology	programmed cell death 1 receptor/metabolism	0.0004953033165658	0.0012925943513292	0.074074074074074	0.491090027111315	1	0
cd8-positive t-lymphocytes/cytology	RPL17	0.0010371524413204	0.0023571646393645	0.0085470085470085	0.178864212567384	2	0
cd8-positive t-lymphocytes/cytology	RPL17-C18orf32	0.0010371524413204	0.0023571646393645	0.0085470085470085	0.178864212567384	2	0
cd8-positive t-lymphocytes/drug effects	endoplasmic reticulum/drug effects	9.441547543787007e-11	1.14562710782353e-09	0.037037037037037	0.491090027111315	1	0
cd8-positive t-lymphocytes/drug effects	neoplasms/drug therapy	1.29861397354381e-05	5.27448252559809e-05	0.074074074074074	0.491090027111315	1	0
cd8-positive t-lymphocytes/drug effects	S100A4	9.441547543787007e-11	1.14562710782353e-09	0.037037037037037	0.491090027111315	1	0
cd8-positive t-lymphocytes/immunology	gene expression regulation neoplastic/drug effects	0.0042660683096238	0.0086454214520678	0.111111111111111	0.491090027111315	1	0
cd8-positive t-lymphocytes/immunology	lipid metabolism/drug effects	0.0042660683096238	0.0086454214520678	0.111111111111111	0.491090027111315	1	0
cd8-positive t-lymphocytes/immunology	SLC9A1	0.0002033306432434	0.0006004672763807	0.0085470085470085	0.178864212567384	2	0
cd8-positive t-lymphocytes/immunology	sulfasalazine/administration &amp; dosage	0.0042660683096238	0.0086454214520678	0.111111111111111	0.491090027111315	1	0
CD8A	SLC9A1	0.0029503525626719	0.006173176357683	0.0284900284900284	0.178864212567384	2	0
cell cycle/drug effects	flavonolignans/pharmacology	2.3766930645763304e-09	2.23055336157649e-08	0.037037037037037	0.491090027111315	1	0
cell cycle/drug effects	glutathione peroxidase/metabolism	2.3766930645763304e-09	2.23055336157649e-08	0.037037037037037	0.491090027111315	1	0
cell cycle/drug effects	glutathione/metabolism	0.0002752353370022	0.000788717862951	0.111111111111111	0.491090027111315	1	0
cell cycle/drug effects	jurkat cells	0.0001347174188101	0.000411242646894	0.074074074074074	0.491090027111315	1	0
cell cycle/drug effects	precursor cell lymphoblastic leukemia-lymphoma/metabolism	2.3766930645763304e-09	2.23055336157649e-08	0.037037037037037	0.491090027111315	1	0
cell cycle/drug effects	ROS1	0.0044470815063318	0.0089746251693545	0.148148148148148	0.491090027111315	1	0
cell line	collagen type i/metabolism	5.72955623634464e-06	2.46890239010393e-05	0.037037037037037	0.491090027111315	1	0
cell line	FN1	5.72955623634464e-06	2.46890239010393e-05	0.037037037037037	0.491090027111315	1	0
cell line	FUT1	5.72955623634464e-06	2.46890239010393e-05	0.037037037037037	0.491090027111315	1	0
cell line	hepatic stellate cells/drug effects	5.72955623634464e-06	2.46890239010393e-05	0.037037037037037	0.491090027111315	1	0
cell line	hepatocytes/drug effects	5.72955623634464e-06	2.46890239010393e-05	0.037037037037037	0.491090027111315	1	0
cell line	HIF1A	5.72955623634464e-06	2.46890239010393e-05	0.037037037037037	0.491090027111315	1	0
cell line	hypoxia-inducible factor 1 alpha subunit/metabolism	5.72955623634464e-06	2.46890239010393e-05	0.037037037037037	0.491090027111315	1	0
cell line	liver cirrhosis/drug therapy	5.72955623634464e-06	2.46890239010393e-05	0.037037037037037	0.491090027111315	1	0
cell line	MMRN1	5.72955623634464e-06	2.46890239010393e-05	0.037037037037037	0.491090027111315	1	0
cell line	sorafenib/pharmacology	5.72955623634464e-06	2.46890239010393e-05	0.037037037037037	0.491090027111315	1	0
cell line tumor/transplantation	colonic neoplasms/drug therapy	0.0002443386631932	0.0007043559873365	0.074074074074074	0.491090027111315	1	0
cell line tumor/transplantation	drug resistance neoplasm/drug effects	0.0001430031506204	0.0004284185297513	0.074074074074074	0.491090027111315	1	0
cell line tumor/transplantation	exosomes/drug effects	0.0001430031506204	0.0004284185297513	0.074074074074074	0.491090027111315	1	0
cell line tumor/transplantation	heme oxygenase-1/metabolism	0.0002443386631932	0.0007043559873365	0.074074074074074	0.491090027111315	1	0
cell line tumor/transplantation	HMOX1	0.0002443386631932	0.0007043559873365	0.074074074074074	0.491090027111315	1	0
cell line tumor/transplantation	hyaluronic acid/chemistry	0.0001430031506204	0.0004284185297513	0.074074074074074	0.491090027111315	1	0
cell line tumor/transplantation	immune checkpoint inhibitors/pharmacology	0.0001430031506204	0.0004284185297513	0.074074074074074	0.491090027111315	1	0
cell line tumor/transplantation	immunologic memory	0.0001430031506204	0.0004284185297513	0.074074074074074	0.491090027111315	1	0
cell line tumor/transplantation	lymphocytes tumor-infiltrating/immunology	0.0002443386631932	0.0007043559873365	0.074074074074074	0.491090027111315	1	0
cell line tumor/transplantation	membrane proteins/metabolism	0.0002443386631932	0.0007043559873365	0.074074074074074	0.491090027111315	1	0
cell line tumor/transplantation	myeloid-derived suppressor cells/immunology	0.0002443386631932	0.0007043559873365	0.074074074074074	0.491090027111315	1	0
cell line tumor/transplantation	neutral ceramidase/antagonists &amp; inhibitors	0.0002443386631932	0.0007043559873365	0.074074074074074	0.491090027111315	1	0
cell line tumor/transplantation	skin neoplasms/drug therapy	0.0001430031506204	0.0004284185297513	0.074074074074074	0.491090027111315	1	0
cell line tumor/transplantation	t-lymphocytes cytotoxic/drug effects	0.0001430031506204	0.0004284185297513	0.074074074074074	0.491090027111315	1	0
cell line tumor/transplantation	t-lymphocytes/immunology	0.0002443386631932	0.0007043559873365	0.074074074074074	0.491090027111315	1	0
cell line tumor/transplantation	tumor escape/drug effects	0.0001430031506204	0.0004284185297513	0.074074074074074	0.491090027111315	1	0
cell line tumor/transplantation	tumor microenvironment/drug effects	0.0026517634703525	0.0055846870472203	0.017094017094017	0.178864212567384	2	0
cell proliferation/drug effects	cystine/antagonists &amp; inhibitors	1.90229000622821e-05	6.33368658790105e-05	0.037037037037037	0.491090027111315	1	0
cell proliferation/drug effects	dose-response relationship drug	0.0010636503730522	0.0023691137341409	0.074074074074074	0.491090027111315	1	0
cell proliferation/drug effects	folic acid antagonists/pharmacology	1.90229000622821e-05	6.33368658790105e-05	0.037037037037037	0.491090027111315	1	0
cell proliferation/drug effects	gene expression regulation neoplastic	0.000860920973641	0.0020021417991653	0.074074074074074	0.491090027111315	1	0
cell proliferation/drug effects	jurkat cells	0.0012969225227602	0.0028666732591499	0.074074074074074	0.491090027111315	1	0
cell proliferation/drug effects	methotrexate/pharmacology	1.90229000622821e-05	6.33368658790105e-05	0.037037037037037	0.491090027111315	1	0
cell proliferation/drug effects	oxidative stress	0.0005390447313372	0.0013092376221759	0.074074074074074	0.491090027111315	1	0
cell proliferation/drug effects	phospholipid hydroperoxide glutathione peroxidase/antagonists &amp; inhibitors	1.90229000622821e-05	6.33368658790105e-05	0.037037037037037	0.491090027111315	1	0
cell proliferation/drug effects	piperazines/pharmacology	0.0005390447313372	0.0013092376221759	0.074074074074074	0.491090027111315	1	0
cell proliferation/drug effects	tetrahydrofolate dehydrogenase/genetics	1.90229000622821e-05	6.33368658790105e-05	0.037037037037037	0.491090027111315	1	0
cell proliferation/drug effects	vitamin e/pharmacology	1.90229000622821e-05	6.33368658790105e-05	0.037037037037037	0.491090027111315	1	0
cell survival	coenzyme a ligases/metabolism	9.441547543787007e-11	1.14562710782353e-09	0.037037037037037	0.491090027111315	1	0
cell survival	glutathione/metabolism	0.0001487376673323	0.0004423992156552	0.111111111111111	0.491090027111315	1	0
cell survival	iron/metabolism	0.0021974525656576	0.0046720032554304	0.148148148148148	0.491090027111315	1	0
cell survival	lymph/metabolism	9.441547543787007e-11	1.14562710782353e-09	0.037037037037037	0.491090027111315	1	0
cell survival	melanoma/blood	9.441547543787007e-11	1.14562710782353e-09	0.037037037037037	0.491090027111315	1	0
cell survival	neoplasm metastasis/drug therapy	9.441547543787007e-11	1.14562710782353e-09	0.037037037037037	0.491090027111315	1	0
cell survival	oleic acid/metabolism	9.441547543787007e-11	1.14562710782353e-09	0.037037037037037	0.491090027111315	1	0
cell survival	oxidative stress/drug effects	0.0009252229168602	0.0021093918702002	0.074074074074074	0.491090027111315	1	0
cell survival	phospholipid hydroperoxide glutathione peroxidase/metabolism	1.13100478793537e-06	5.82577954709163e-06	0.074074074074074	0.491090027111315	1	0
cell survival/drug effects	gene expression	0.0035872302582571	0.0074200911190768	0.111111111111111	0.491090027111315	1	0
cell survival/drug effects	gene expression regulation neoplastic/drug effects	0.0035872302582571	0.0074200911190768	0.111111111111111	0.491090027111315	1	0
cell survival/drug effects	inflammation mediators/antagonists &amp; inhibitors	0.0035872302582571	0.0074200911190768	0.111111111111111	0.491090027111315	1	0
cell survival/drug effects	lipid metabolism/drug effects	0.0035872302582571	0.0074200911190768	0.111111111111111	0.491090027111315	1	0
cell survival/drug effects	lipopolysaccharides/toxicity	0.0035872302582571	0.0074200911190768	0.111111111111111	0.491090027111315	1	0
cell survival/drug effects	microglia/drug effects	0.0035872302582571	0.0074200911190768	0.111111111111111	0.491090027111315	1	0
cell survival/drug effects	nf-e2-related factor 2/biosynthesis	0.0035872302582571	0.0074200911190768	0.111111111111111	0.491090027111315	1	0
cell survival/drug effects	raw 264.7 cells	0.0035872302582571	0.0074200911190768	0.111111111111111	0.491090027111315	1	0
cell survival/drug effects	sulfasalazine/administration &amp; dosage	0.0035872302582571	0.0074200911190768	0.111111111111111	0.491090027111315	1	0
cell transformation neoplastic/genetics	diet	1.90229000622821e-05	6.33368658790105e-05	0.037037037037037	0.491090027111315	1	0
cell transformation neoplastic/genetics	dna	1.90229000622821e-05	6.33368658790105e-05	0.037037037037037	0.491090027111315	1	0
cell transformation neoplastic/genetics	KDM8	1.90229000622821e-05	6.33368658790105e-05	0.037037037037037	0.491090027111315	1	0
cell transformation neoplastic/genetics	macrophages	1.90229000622821e-05	6.33368658790105e-05	0.037037037037037	0.491090027111315	1	0
cell transformation neoplastic/genetics	membrane proteins/genetics	1.90229000622821e-05	6.33368658790105e-05	0.037037037037037	0.491090027111315	1	0
cell transformation neoplastic/genetics	pancreas/metabolism	1.90229000622821e-05	6.33368658790105e-05	0.037037037037037	0.491090027111315	1	0
cell transformation neoplastic/genetics	pancreatitis/genetics	1.90229000622821e-05	6.33368658790105e-05	0.037037037037037	0.491090027111315	1	0
cell transformation neoplastic/genetics	phospholipid hydroperoxide glutathione peroxidase/genetics	1.90229000622821e-05	6.33368658790105e-05	0.037037037037037	0.491090027111315	1	0
cell transformation neoplastic/genetics	proto-oncogene proteins p21(ras)/metabolism	1.90229000622821e-05	6.33368658790105e-05	0.037037037037037	0.491090027111315	1	0
cell transformation neoplastic/genetics	quinoxalines/pharmacology	1.90229000622821e-05	6.33368658790105e-05	0.037037037037037	0.491090027111315	1	0
cell transformation neoplastic/genetics	spiro compounds/pharmacology	1.90229000622821e-05	6.33368658790105e-05	0.037037037037037	0.491090027111315	1	0
cell transformation neoplastic/genetics	STING1	1.90229000622821e-05	6.33368658790105e-05	0.037037037037037	0.491090027111315	1	0
cell transformation neoplastic/genetics	tumor microenvironment	0.0015625643362536	0.0033615998331867	0.074074074074074	0.491090027111315	1	0
cells cultured	endothelial cells/metabolism	0.0038613323464813	0.0078913768885101	0.074074074074074	0.491090027111315	1	0
cells cultured	FTH1	0.0038613323464813	0.0078913768885101	0.074074074074074	0.491090027111315	1	0
cells cultured	heart ventricles/diagnostic imaging	0.0038613323464813	0.0078913768885101	0.074074074074074	0.491090027111315	1	0
cells cultured	hemodynamics/drug effects	0.0038613323464813	0.0078913768885101	0.074074074074074	0.491090027111315	1	0
cells cultured	HMGB1	0.0038613323464813	0.0078913768885101	0.074074074074074	0.491090027111315	1	0
cells cultured	hmgb1 protein/metabolism	0.0038613323464813	0.0078913768885101	0.074074074074074	0.491090027111315	1	0
cells cultured	host-pathogen interactions	3.85253685275533e-06	1.84058597578096e-05	0.074074074074074	0.491090027111315	1	0
cells cultured	hypertension pulmonary/chemically induced	0.0038613323464813	0.0078913768885101	0.074074074074074	0.491090027111315	1	0
cells cultured	inflammasomes/metabolism	0.0038613323464813	0.0078913768885101	0.074074074074074	0.491090027111315	1	0
cells cultured	inflammation/metabolism	0.0038613323464813	0.0078913768885101	0.074074074074074	0.491090027111315	1	0
cells cultured	iron chelating agents/pharmacology	3.85253685275533e-06	1.84058597578096e-05	0.074074074074074	0.491090027111315	1	0
cells cultured	lung/blood supply	0.0038613323464813	0.0078913768885101	0.074074074074074	0.491090027111315	1	0
cells cultured	macrophages/metabolism	0.0038613323464813	0.0078913768885101	0.074074074074074	0.491090027111315	1	0
cells cultured	monocrotaline/toxicity	0.0038613323464813	0.0078913768885101	0.074074074074074	0.491090027111315	1	0
cells cultured	nlr family pyrin domain-containing 3 protein/metabolism	0.0038613323464813	0.0078913768885101	0.074074074074074	0.491090027111315	1	0
cells cultured	NLRP3	0.0038613323464813	0.0078913768885101	0.074074074074074	0.491090027111315	1	0
cells cultured	NOX4	0.0038613323464813	0.0078913768885101	0.074074074074074	0.491090027111315	1	0
cells cultured	phospholipid hydroperoxide glutathione peroxidase/metabolism	0.0030517326101732	0.0063715079694041	0.145299145299145	0.491090027111315	1	0
cells cultured	toll-like receptor 4/metabolism	0.0038613323464813	0.0078913768885101	0.074074074074074	0.491090027111315	1	0
cells cultured	tuberculosis/metabolism	3.85253685275533e-06	1.84058597578096e-05	0.074074074074074	0.491090027111315	1	0
CHRM1	dextrans/chemistry	0.0004475609267244	0.0012601229975738	0.074074074074074	0.491090027111315	1	0
CHRM1	gels/chemistry	0.0004475609267244	0.0012601229975738	0.074074074074074	0.491090027111315	1	0
CHRM1	gold/chemistry	0.0004475609267244	0.0012601229975738	0.074074074074074	0.491090027111315	1	0
CHRM1	MRLN	0.0009947484468403	0.0022661197924877	0.0028490028490028	0.178864212567384	2	0
CHRM1	urinary bladder neoplasms/pathology	0.0004475609267244	0.0012601229975738	0.074074074074074	0.491090027111315	1	0
cisplatin	diterpenes/pharmacology	3.10419946414342e-08	1.77908664941026e-07	0.037037037037037	0.491090027111315	1	0
cisplatin	killer cells natural/metabolism	3.10419946414342e-08	1.77908664941026e-07	0.037037037037037	0.491090027111315	1	0
cisplatin	lymphoma t-cell	3.10419946414342e-08	1.77908664941026e-07	0.037037037037037	0.491090027111315	1	0
cisplatin	NLRP1	3.10419946414342e-08	1.77908664941026e-07	0.037037037037037	0.491090027111315	1	0
cisplatin	TP53	0.0015313968527381	0.0033542680309219	0.111111111111111	0.491090027111315	1	0
cisplatin	tumor suppressor protein p53/metabolism	0.0001430031506204	0.0004284185297513	0.074074074074074	0.491090027111315	1	0
cisplatin	XK	3.10419946414342e-08	1.77908664941026e-07	0.037037037037037	0.491090027111315	1	0
coenzyme a ligases/metabolism	glutathione/metabolism	0.0001487376673323	0.0004423992156552	0.111111111111111	0.491090027111315	1	0
coenzyme a ligases/metabolism	iron/metabolism	0.0021974525656576	0.0046720032554304	0.148148148148148	0.491090027111315	1	0
coenzyme a ligases/metabolism	lymph/metabolism	9.441547543787007e-11	1.14562710782353e-09	0.037037037037037	0.491090027111315	1	0
coenzyme a ligases/metabolism	melanoma/blood	9.441547543787007e-11	1.14562710782353e-09	0.037037037037037	0.491090027111315	1	0
coenzyme a ligases/metabolism	neoplasm metastasis/drug therapy	9.441547543787007e-11	1.14562710782353e-09	0.037037037037037	0.491090027111315	1	0
coenzyme a ligases/metabolism	oleic acid/metabolism	9.441547543787007e-11	1.14562710782353e-09	0.037037037037037	0.491090027111315	1	0
coenzyme a ligases/metabolism	oxidative stress/drug effects	0.0009252229168602	0.0021093918702002	0.074074074074074	0.491090027111315	1	0
coenzyme a ligases/metabolism	phospholipid hydroperoxide glutathione peroxidase/metabolism	1.13100478793537e-06	5.82577954709163e-06	0.074074074074074	0.491090027111315	1	0
collagen type i/metabolism	FN1	5.72955623634464e-06	2.46890239010393e-05	0.037037037037037	0.491090027111315	1	0
collagen type i/metabolism	FUT1	5.72955623634464e-06	2.46890239010393e-05	0.037037037037037	0.491090027111315	1	0
collagen type i/metabolism	hepatic stellate cells/drug effects	5.72955623634464e-06	2.46890239010393e-05	0.037037037037037	0.491090027111315	1	0
collagen type i/metabolism	hepatocytes/drug effects	5.72955623634464e-06	2.46890239010393e-05	0.037037037037037	0.491090027111315	1	0
collagen type i/metabolism	HIF1A	5.72955623634464e-06	2.46890239010393e-05	0.037037037037037	0.491090027111315	1	0
collagen type i/metabolism	hypoxia-inducible factor 1 alpha subunit/metabolism	5.72955623634464e-06	2.46890239010393e-05	0.037037037037037	0.491090027111315	1	0
collagen type i/metabolism	liver cirrhosis/drug therapy	5.72955623634464e-06	2.46890239010393e-05	0.037037037037037	0.491090027111315	1	0
collagen type i/metabolism	MMRN1	5.72955623634464e-06	2.46890239010393e-05	0.037037037037037	0.491090027111315	1	0
collagen type i/metabolism	sorafenib/pharmacology	5.72955623634464e-06	2.46890239010393e-05	0.037037037037037	0.491090027111315	1	0
colonic neoplasms/drug therapy	heme oxygenase-1/metabolism	2.48910234645905e-07	1.3318075285482e-06	0.037037037037037	0.491090027111315	1	0
colonic neoplasms/drug therapy	HMOX1	2.48910234645905e-07	1.3318075285482e-06	0.037037037037037	0.491090027111315	1	0
colonic neoplasms/drug therapy	lymphocytes tumor-infiltrating/immunology	2.48910234645905e-07	1.3318075285482e-06	0.037037037037037	0.491090027111315	1	0
colonic neoplasms/drug therapy	membrane proteins/metabolism	2.48910234645905e-07	1.3318075285482e-06	0.037037037037037	0.491090027111315	1	0
colonic neoplasms/drug therapy	myeloid-derived suppressor cells/immunology	2.48910234645905e-07	1.3318075285482e-06	0.037037037037037	0.491090027111315	1	0
colonic neoplasms/drug therapy	neutral ceramidase/antagonists &amp; inhibitors	2.48910234645905e-07	1.3318075285482e-06	0.037037037037037	0.491090027111315	1	0
colonic neoplasms/drug therapy	t-lymphocytes/immunology	2.48910234645905e-07	1.3318075285482e-06	0.037037037037037	0.491090027111315	1	0
colonic neoplasms/drug therapy	TP53	0.0022568714518765	0.0047668807068041	0.111111111111111	0.491090027111315	1	0
colonic neoplasms/drug therapy	tumor suppressor protein p53/metabolism	0.0002443386631932	0.0007043559873365	0.074074074074074	0.491090027111315	1	0
cyclohexylamines/pharmacology	IFNA1	0.0006867567885109	0.001610019956897	0.074074074074074	0.491090027111315	1	0
cyclohexylamines/pharmacology	inflammation/drug therapy	0.0006867567885109	0.001610019956897	0.074074074074074	0.491090027111315	1	0
cyclohexylamines/pharmacology	myocardial reperfusion injury/drug therapy	0.0006867567885109	0.001610019956897	0.074074074074074	0.491090027111315	1	0
cyclohexylamines/pharmacology	myocardium/immunology	0.0006867567885109	0.001610019956897	0.074074074074074	0.491090027111315	1	0
cyclohexylamines/pharmacology	neutrophil infiltration	0.0006867567885109	0.001610019956897	0.074074074074074	0.491090027111315	1	0
cyclohexylamines/pharmacology	neutrophils/immunology	0.0006867567885109	0.001610019956897	0.074074074074074	0.491090027111315	1	0
cyclohexylamines/pharmacology	phenylenediamines/pharmacology	5.02924301564178e-05	0.000164058546067	0.0028490028490028	0.178864212567384	2	0
cyclohexylamines/pharmacology	TICAM1	0.0006867567885109	0.001610019956897	0.074074074074074	0.491090027111315	1	0
cyclohexylamines/pharmacology	TLR4	5.02924301564178e-05	0.000164058546067	0.0028490028490028	0.178864212567384	2	0
cyclohexylamines/pharmacology	toll-like receptor 4/genetics	0.0006867567885109	0.001610019956897	0.074074074074074	0.491090027111315	1	0
cyclohexylamines/pharmacology	TRIM69	0.0006867567885109	0.001610019956897	0.074074074074074	0.491090027111315	1	0
cyclohexylamines/pharmacology	ventricular function left/drug effects	0.0006867567885109	0.001610019956897	0.074074074074074	0.491090027111315	1	0
CYREN	ferric compounds/chemistry	1.90229000622821e-05	6.33368658790105e-05	0.111111111111111	0.491090027111315	1	0
CYREN	neoplasms/diagnostic imaging	0.0	0.0	0.037037037037037	0.491090027111315	1	0
CYREN	oxidative stress	7.083931083951e-07	3.69485614090969e-06	0.074074074074074	0.491090027111315	1	0
CYREN	t-lymphocytes cytotoxic/metabolism	0.0	0.0	0.037037037037037	0.491090027111315	1	0
cysteine/metabolism	fusion regulatory protein 1 heavy chain/metabolism	3.10419946414342e-08	1.77908664941026e-07	0.037037037037037	0.491090027111315	1	0
cysteine/metabolism	interferon-gamma/immunology	3.10419946414342e-08	1.77908664941026e-07	0.037037037037037	0.491090027111315	1	0
cysteine/metabolism	melanoma/genetics	3.10419946414342e-08	1.77908664941026e-07	0.037037037037037	0.491090027111315	1	0
cysteine/metabolism	nivolumab/therapeutic use	3.10419946414342e-08	1.77908664941026e-07	0.037037037037037	0.491090027111315	1	0
cysteine/metabolism	SLC3A2	3.10419946414342e-08	1.77908664941026e-07	0.037037037037037	0.491090027111315	1	0
cysteine/metabolism	SLC9A1	5.6844185756133e-05	0.0001786003669477	0.074074074074074	0.491090027111315	1	0
cystine/antagonists &amp; inhibitors	dose-response relationship drug	0.0010636503730522	0.0023691137341409	0.074074074074074	0.491090027111315	1	0
cystine/antagonists &amp; inhibitors	folic acid antagonists/pharmacology	1.90229000622821e-05	6.33368658790105e-05	0.037037037037037	0.491090027111315	1	0
cystine/antagonists &amp; inhibitors	gene expression regulation neoplastic	0.000860920973641	0.0020021417991653	0.074074074074074	0.491090027111315	1	0
cystine/antagonists &amp; inhibitors	jurkat cells	0.0012969225227602	0.0028666732591499	0.074074074074074	0.491090027111315	1	0
cystine/antagonists &amp; inhibitors	methotrexate/pharmacology	1.90229000622821e-05	6.33368658790105e-05	0.037037037037037	0.491090027111315	1	0
cystine/antagonists &amp; inhibitors	oxidative stress	0.0005390447313372	0.0013092376221759	0.074074074074074	0.491090027111315	1	0
cystine/antagonists &amp; inhibitors	phospholipid hydroperoxide glutathione peroxidase/antagonists &amp; inhibitors	1.90229000622821e-05	6.33368658790105e-05	0.037037037037037	0.491090027111315	1	0
cystine/antagonists &amp; inhibitors	piperazines/pharmacology	0.0005390447313372	0.0013092376221759	0.074074074074074	0.491090027111315	1	0
cystine/antagonists &amp; inhibitors	tetrahydrofolate dehydrogenase/genetics	1.90229000622821e-05	6.33368658790105e-05	0.037037037037037	0.491090027111315	1	0
cystine/antagonists &amp; inhibitors	vitamin e/pharmacology	1.90229000622821e-05	6.33368658790105e-05	0.037037037037037	0.491090027111315	1	0
cytokines/metabolism	drug interactions	4.985667878543151e-09	4.50418593388634e-08	0.074074074074074	0.491090027111315	1	0
cytokines/metabolism	fatty acids/metabolism	1.13608141667498e-05	4.7336725694791e-05	0.074074074074074	0.491090027111315	1	0
cytokines/metabolism	ileum/drug effects	4.985667878543151e-09	4.50418593388634e-08	0.074074074074074	0.491090027111315	1	0
cytokines/metabolism	multiple myeloma/drug therapy	1.13608141667498e-05	4.7336725694791e-05	0.074074074074074	0.491090027111315	1	0
cytokines/metabolism	necroptosis/drug effects	4.985667878543151e-09	4.50418593388634e-08	0.074074074074074	0.491090027111315	1	0
cytokines/metabolism	radiation-protective agents/pharmacology	4.985667878543151e-09	4.50418593388634e-08	0.074074074074074	0.491090027111315	1	0
cytokines/metabolism	small molecule libraries/pharmacology	4.985667878543151e-09	4.50418593388634e-08	0.074074074074074	0.491090027111315	1	0
cytokines/metabolism	tumor microenvironment	0.0045084315169171	0.0090921080661055	0.145299145299145	0.491090027111315	1	0
cytoskeletal proteins/metabolism	glutathione peroxidase/therapeutic use	6.772360450213451e-15	2.3951030860511e-13	0.037037037037037	0.491090027111315	1	0
cytoskeletal proteins/metabolism	MS4A1	6.772360450213451e-15	2.3951030860511e-13	0.037037037037037	0.491090027111315	1	0
cytoskeletal proteins/metabolism	PLEKHM1	6.772360450213451e-15	2.3951030860511e-13	0.037037037037037	0.491090027111315	1	0
cytoskeletal proteins/metabolism	ROS1	0.0010636503730522	0.0023691137341409	0.148148148148148	0.491090027111315	1	0
cytoskeletal proteins/metabolism	SPANXB1	6.772360450213451e-15	2.3951030860511e-13	0.037037037037037	0.491090027111315	1	0
dextrans/chemistry	ferric compounds/chemistry	0.0001168032959434	0.0003588236845719	0.111111111111111	0.491090027111315	1	0
dextrans/chemistry	gels/chemistry	1.51878509768721e-12	3.21494655714812e-11	0.037037037037037	0.491090027111315	1	0
dextrans/chemistry	gold/chemistry	1.51878509768721e-12	3.21494655714812e-11	0.037037037037037	0.491090027111315	1	0
dextrans/chemistry	macrophages/cytology	3.26106776693535e-06	1.56574445763452e-05	0.074074074074074	0.491090027111315	1	0
dextrans/chemistry	MRLN	0.0004475609267244	0.0012601229975738	0.074074074074074	0.491090027111315	1	0
dextrans/chemistry	urinary bladder neoplasms/pathology	1.51878509768721e-12	3.21494655714812e-11	0.037037037037037	0.491090027111315	1	0
dichloroacetic acid/chemistry	drug synergism	3.10419946414342e-08	1.77908664941026e-07	0.037037037037037	0.491090027111315	1	0
dichloroacetic acid/chemistry	energy metabolism/drug effects	3.10419946414342e-08	1.77908664941026e-07	0.037037037037037	0.491090027111315	1	0
dichloroacetic acid/chemistry	macrophages/cytology	3.98433250663466e-05	0.000130412689269	0.074074074074074	0.491090027111315	1	0
dichloroacetic acid/chemistry	mitochondria/drug effects	0.0028851458065133	0.0060410995226632	0.074074074074074	0.491090027111315	1	0
dichloroacetic acid/chemistry	neoplasms/drug therapy	5.6844185756133e-05	0.0001786003669477	0.074074074074074	0.491090027111315	1	0
dichloroacetic acid/chemistry	protein kinase inhibitors/chemistry	3.10419946414342e-08	1.77908664941026e-07	0.037037037037037	0.491090027111315	1	0
dichloroacetic acid/chemistry	pyruvate dehydrogenase acetyl-transferring kinase/antagonists &amp; inhibitors	3.10419946414342e-08	1.77908664941026e-07	0.037037037037037	0.491090027111315	1	0
dichloroacetic acid/chemistry	saponins/chemistry	3.10419946414342e-08	1.77908664941026e-07	0.037037037037037	0.491090027111315	1	0
diet	dna	1.90229000622821e-05	6.33368658790105e-05	0.037037037037037	0.491090027111315	1	0
diet	KDM8	1.90229000622821e-05	6.33368658790105e-05	0.037037037037037	0.491090027111315	1	0
diet	macrophages	1.90229000622821e-05	6.33368658790105e-05	0.037037037037037	0.491090027111315	1	0
diet	membrane proteins/genetics	1.90229000622821e-05	6.33368658790105e-05	0.037037037037037	0.491090027111315	1	0
diet	pancreas/metabolism	1.90229000622821e-05	6.33368658790105e-05	0.037037037037037	0.491090027111315	1	0
diet	pancreatitis/genetics	1.90229000622821e-05	6.33368658790105e-05	0.037037037037037	0.491090027111315	1	0
diet	phospholipid hydroperoxide glutathione peroxidase/genetics	1.90229000622821e-05	6.33368658790105e-05	0.037037037037037	0.491090027111315	1	0
diet	proto-oncogene proteins p21(ras)/metabolism	1.90229000622821e-05	6.33368658790105e-05	0.037037037037037	0.491090027111315	1	0
diet	quinoxalines/pharmacology	1.90229000622821e-05	6.33368658790105e-05	0.037037037037037	0.491090027111315	1	0
diet	spiro compounds/pharmacology	1.90229000622821e-05	6.33368658790105e-05	0.037037037037037	0.491090027111315	1	0
diet	STING1	1.90229000622821e-05	6.33368658790105e-05	0.037037037037037	0.491090027111315	1	0
diet	tumor microenvironment	0.0015625643362536	0.0033615998331867	0.074074074074074	0.491090027111315	1	0
diterpenes/pharmacology	killer cells natural/metabolism	3.10419946414342e-08	1.77908664941026e-07	0.037037037037037	0.491090027111315	1	0
diterpenes/pharmacology	lymphoma t-cell	3.10419946414342e-08	1.77908664941026e-07	0.037037037037037	0.491090027111315	1	0
diterpenes/pharmacology	NLRP1	3.10419946414342e-08	1.77908664941026e-07	0.037037037037037	0.491090027111315	1	0
diterpenes/pharmacology	TP53	0.0015313968527381	0.0033542680309219	0.111111111111111	0.491090027111315	1	0
diterpenes/pharmacology	tumor suppressor protein p53/metabolism	0.0001430031506204	0.0004284185297513	0.074074074074074	0.491090027111315	1	0
diterpenes/pharmacology	XK	3.10419946414342e-08	1.77908664941026e-07	0.037037037037037	0.491090027111315	1	0
dna	KDM8	1.90229000622821e-05	6.33368658790105e-05	0.037037037037037	0.491090027111315	1	0
dna	macrophages	1.90229000622821e-05	6.33368658790105e-05	0.037037037037037	0.491090027111315	1	0
dna	membrane proteins/genetics	1.90229000622821e-05	6.33368658790105e-05	0.037037037037037	0.491090027111315	1	0
dna	pancreas/metabolism	1.90229000622821e-05	6.33368658790105e-05	0.037037037037037	0.491090027111315	1	0
dna	pancreatitis/genetics	1.90229000622821e-05	6.33368658790105e-05	0.037037037037037	0.491090027111315	1	0
dna	phospholipid hydroperoxide glutathione peroxidase/genetics	1.90229000622821e-05	6.33368658790105e-05	0.037037037037037	0.491090027111315	1	0
dna	proto-oncogene proteins p21(ras)/metabolism	1.90229000622821e-05	6.33368658790105e-05	0.037037037037037	0.491090027111315	1	0
dna	quinoxalines/pharmacology	1.90229000622821e-05	6.33368658790105e-05	0.037037037037037	0.491090027111315	1	0
dna	spiro compounds/pharmacology	1.90229000622821e-05	6.33368658790105e-05	0.037037037037037	0.491090027111315	1	0
dna	STING1	1.90229000622821e-05	6.33368658790105e-05	0.037037037037037	0.491090027111315	1	0
dna	tumor microenvironment	0.0015625643362536	0.0033615998331867	0.074074074074074	0.491090027111315	1	0
dose-response relationship drug	folic acid antagonists/pharmacology	0.0010636503730522	0.0023691137341409	0.074074074074074	0.491090027111315	1	0
dose-response relationship drug	gene expression	5.14974610709151e-05	0.0001657520944568	0.074074074074074	0.491090027111315	1	0
dose-response relationship drug	inflammation mediators/antagonists &amp; inhibitors	5.14974610709151e-05	0.0001657520944568	0.074074074074074	0.491090027111315	1	0
dose-response relationship drug	lipopolysaccharides/toxicity	5.14974610709151e-05	0.0001657520944568	0.074074074074074	0.491090027111315	1	0
dose-response relationship drug	methotrexate/pharmacology	0.0010636503730522	0.0023691137341409	0.074074074074074	0.491090027111315	1	0
dose-response relationship drug	microglia/drug effects	5.14974610709151e-05	0.0001657520944568	0.074074074074074	0.491090027111315	1	0
dose-response relationship drug	nf-e2-related factor 2/biosynthesis	5.14974610709151e-05	0.0001657520944568	0.074074074074074	0.491090027111315	1	0
dose-response relationship drug	phospholipid hydroperoxide glutathione peroxidase/antagonists &amp; inhibitors	0.0010636503730522	0.0023691137341409	0.074074074074074	0.491090027111315	1	0
dose-response relationship drug	raw 264.7 cells	5.14974610709151e-05	0.0001657520944568	0.074074074074074	0.491090027111315	1	0
dose-response relationship drug	tetrahydrofolate dehydrogenase/genetics	0.0010636503730522	0.0023691137341409	0.074074074074074	0.491090027111315	1	0
dose-response relationship drug	vitamin e/pharmacology	0.0010636503730522	0.0023691137341409	0.074074074074074	0.491090027111315	1	0
drug interactions	ileum/drug effects	0.0	0.0	0.037037037037037	0.491090027111315	1	0
drug interactions	necroptosis/drug effects	0.0	0.0	0.037037037037037	0.491090027111315	1	0
drug interactions	radiation-protective agents/pharmacology	0.0	0.0	0.037037037037037	0.491090027111315	1	0
drug interactions	small molecule libraries/pharmacology	0.0	0.0	0.037037037037037	0.491090027111315	1	0
drug resistance neoplasm	GGT1	2.3766930645763304e-09	2.23055336157649e-08	0.037037037037037	0.491090027111315	1	0
drug resistance neoplasm	HLF	2.3766930645763304e-09	2.23055336157649e-08	0.037037037037037	0.491090027111315	1	0
drug resistance neoplasm	IL6	2.3766930645763304e-09	2.23055336157649e-08	0.037037037037037	0.491090027111315	1	0
drug resistance neoplasm	JAK2	2.3766930645763304e-09	2.23055336157649e-08	0.037037037037037	0.491090027111315	1	0
drug resistance neoplasm	SMAD3	2.3766930645763304e-09	2.23055336157649e-08	0.037037037037037	0.491090027111315	1	0
drug resistance neoplasm	STAT3	2.3766930645763304e-09	2.23055336157649e-08	0.037037037037037	0.491090027111315	1	0
drug resistance neoplasm	TGFB1	2.3766930645763304e-09	2.23055336157649e-08	0.037037037037037	0.491090027111315	1	0
drug resistance neoplasm	triple negative breast neoplasms/drug therapy	2.3766930645763304e-09	2.23055336157649e-08	0.037037037037037	0.491090027111315	1	0
drug resistance neoplasm	tumor-associated macrophages/drug effects	2.3766930645763304e-09	2.23055336157649e-08	0.037037037037037	0.491090027111315	1	0
drug resistance neoplasm/drug effects	exosomes/drug effects	3.10419946414342e-08	1.77908664941026e-07	0.037037037037037	0.491090027111315	1	0
drug resistance neoplasm/drug effects	hyaluronic acid/chemistry	3.10419946414342e-08	1.77908664941026e-07	0.037037037037037	0.491090027111315	1	0
drug resistance neoplasm/drug effects	immune checkpoint inhibitors/pharmacology	3.10419946414342e-08	1.77908664941026e-07	0.037037037037037	0.491090027111315	1	0
drug resistance neoplasm/drug effects	immunologic memory	3.10419946414342e-08	1.77908664941026e-07	0.037037037037037	0.491090027111315	1	0
drug resistance neoplasm/drug effects	skin neoplasms/drug therapy	3.10419946414342e-08	1.77908664941026e-07	0.037037037037037	0.491090027111315	1	0
drug resistance neoplasm/drug effects	t-lymphocytes cytotoxic/drug effects	3.10419946414342e-08	1.77908664941026e-07	0.037037037037037	0.491090027111315	1	0
drug resistance neoplasm/drug effects	tumor escape/drug effects	3.10419946414342e-08	1.77908664941026e-07	0.037037037037037	0.491090027111315	1	0
drug synergism	energy metabolism/drug effects	3.10419946414342e-08	1.77908664941026e-07	0.037037037037037	0.491090027111315	1	0
drug synergism	macrophages/cytology	3.98433250663466e-05	0.000130412689269	0.074074074074074	0.491090027111315	1	0
drug synergism	mitochondria/drug effects	0.0028851458065133	0.0060410995226632	0.074074074074074	0.491090027111315	1	0
drug synergism	neoplasms/drug therapy	5.6844185756133e-05	0.0001786003669477	0.074074074074074	0.491090027111315	1	0
drug synergism	protein kinase inhibitors/chemistry	3.10419946414342e-08	1.77908664941026e-07	0.037037037037037	0.491090027111315	1	0
drug synergism	pyruvate dehydrogenase acetyl-transferring kinase/antagonists &amp; inhibitors	3.10419946414342e-08	1.77908664941026e-07	0.037037037037037	0.491090027111315	1	0
drug synergism	saponins/chemistry	3.10419946414342e-08	1.77908664941026e-07	0.037037037037037	0.491090027111315	1	0
endoplasmic reticulum/drug effects	neoplasms/drug therapy	1.29861397354381e-05	5.27448252559809e-05	0.074074074074074	0.491090027111315	1	0
endoplasmic reticulum/drug effects	S100A4	9.441547543787007e-11	1.14562710782353e-09	0.037037037037037	0.491090027111315	1	0
endothelial cells/metabolism	FTH1	0.0005241692955735	0.0012925943513292	0.037037037037037	0.491090027111315	1	0
endothelial cells/metabolism	heart ventricles/diagnostic imaging	0.0005241692955735	0.0012925943513292	0.037037037037037	0.491090027111315	1	0
endothelial cells/metabolism	hemodynamics/drug effects	0.0005241692955735	0.0012925943513292	0.037037037037037	0.491090027111315	1	0
endothelial cells/metabolism	HMGB1	0.0005241692955735	0.0012925943513292	0.037037037037037	0.491090027111315	1	0
endothelial cells/metabolism	hmgb1 protein/metabolism	0.0005241692955735	0.0012925943513292	0.037037037037037	0.491090027111315	1	0
endothelial cells/metabolism	hypertension pulmonary/chemically induced	0.0005241692955735	0.0012925943513292	0.037037037037037	0.491090027111315	1	0
endothelial cells/metabolism	inflammasomes/metabolism	0.0005241692955735	0.0012925943513292	0.037037037037037	0.491090027111315	1	0
endothelial cells/metabolism	inflammation/metabolism	0.0005241692955735	0.0012925943513292	0.037037037037037	0.491090027111315	1	0
endothelial cells/metabolism	lung/blood supply	0.0005241692955735	0.0012925943513292	0.037037037037037	0.491090027111315	1	0
endothelial cells/metabolism	macrophages/metabolism	0.0005241692955735	0.0012925943513292	0.037037037037037	0.491090027111315	1	0
endothelial cells/metabolism	monocrotaline/toxicity	0.0005241692955735	0.0012925943513292	0.037037037037037	0.491090027111315	1	0
endothelial cells/metabolism	nlr family pyrin domain-containing 3 protein/metabolism	0.0005241692955735	0.0012925943513292	0.037037037037037	0.491090027111315	1	0
endothelial cells/metabolism	NLRP3	0.0005241692955735	0.0012925943513292	0.037037037037037	0.491090027111315	1	0
endothelial cells/metabolism	NOX4	0.0005241692955735	0.0012925943513292	0.037037037037037	0.491090027111315	1	0
endothelial cells/metabolism	toll-like receptor 4/metabolism	0.0005241692955735	0.0012925943513292	0.037037037037037	0.491090027111315	1	0
energy metabolism/drug effects	macrophages/cytology	3.98433250663466e-05	0.000130412689269	0.074074074074074	0.491090027111315	1	0
energy metabolism/drug effects	mitochondria/drug effects	0.0028851458065133	0.0060410995226632	0.074074074074074	0.491090027111315	1	0
energy metabolism/drug effects	neoplasms/drug therapy	5.6844185756133e-05	0.0001786003669477	0.074074074074074	0.491090027111315	1	0
energy metabolism/drug effects	protein kinase inhibitors/chemistry	3.10419946414342e-08	1.77908664941026e-07	0.037037037037037	0.491090027111315	1	0
energy metabolism/drug effects	pyruvate dehydrogenase acetyl-transferring kinase/antagonists &amp; inhibitors	3.10419946414342e-08	1.77908664941026e-07	0.037037037037037	0.491090027111315	1	0
energy metabolism/drug effects	saponins/chemistry	3.10419946414342e-08	1.77908664941026e-07	0.037037037037037	0.491090027111315	1	0
exosomes/drug effects	hyaluronic acid/chemistry	3.10419946414342e-08	1.77908664941026e-07	0.037037037037037	0.491090027111315	1	0
exosomes/drug effects	immune checkpoint inhibitors/pharmacology	3.10419946414342e-08	1.77908664941026e-07	0.037037037037037	0.491090027111315	1	0
exosomes/drug effects	immunologic memory	3.10419946414342e-08	1.77908664941026e-07	0.037037037037037	0.491090027111315	1	0
exosomes/drug effects	skin neoplasms/drug therapy	3.10419946414342e-08	1.77908664941026e-07	0.037037037037037	0.491090027111315	1	0
exosomes/drug effects	t-lymphocytes cytotoxic/drug effects	3.10419946414342e-08	1.77908664941026e-07	0.037037037037037	0.491090027111315	1	0
exosomes/drug effects	tumor escape/drug effects	3.10419946414342e-08	1.77908664941026e-07	0.037037037037037	0.491090027111315	1	0
exosomes/metabolism	ferric compounds/chemistry	0.0015625643362536	0.0033615998331867	0.111111111111111	0.491090027111315	1	0
exosomes/metabolism	immunogenic cell death/drug effects	1.37805787725487e-06	6.67173262777816e-06	0.037037037037037	0.491090027111315	1	0
exosomes/metabolism	interferon-gamma/metabolism	1.37805787725487e-06	6.67173262777816e-06	0.037037037037037	0.491090027111315	1	0
exosomes/metabolism	metal-organic frameworks/chemistry	1.37805787725487e-06	6.67173262777816e-06	0.037037037037037	0.491090027111315	1	0
exosomes/metabolism	phenol/chemistry	1.37805787725487e-06	6.67173262777816e-06	0.037037037037037	0.491090027111315	1	0
exosomes/metabolism	programmed cell death 1 receptor/metabolism	1.37805787725487e-06	6.67173262777816e-06	0.037037037037037	0.491090027111315	1	0
fatty acids/metabolism	multiple myeloma/drug therapy	3.10419946414342e-08	1.77908664941026e-07	0.037037037037037	0.491090027111315	1	0
fatty acids/metabolism	tumor microenvironment	0.0003039350520657	0.0008666781229012	0.074074074074074	0.491090027111315	1	0
ferric compounds/chemistry	gels/chemistry	0.0001168032959434	0.0003588236845719	0.111111111111111	0.491090027111315	1	0
ferric compounds/chemistry	gold/chemistry	0.0001168032959434	0.0003588236845719	0.111111111111111	0.491090027111315	1	0
ferric compounds/chemistry	immunogenic cell death/drug effects	0.0015625643362536	0.0033615998331867	0.111111111111111	0.491090027111315	1	0
ferric compounds/chemistry	interferon-gamma/metabolism	0.0015625643362536	0.0033615998331867	0.111111111111111	0.491090027111315	1	0
ferric compounds/chemistry	metal-organic frameworks/chemistry	0.0015625643362536	0.0033615998331867	0.111111111111111	0.491090027111315	1	0
ferric compounds/chemistry	neoplasms/diagnostic imaging	1.90229000622821e-05	6.33368658790105e-05	0.111111111111111	0.491090027111315	1	0
ferric compounds/chemistry	phenol/chemistry	0.0015625643362536	0.0033615998331867	0.111111111111111	0.491090027111315	1	0
ferric compounds/chemistry	programmed cell death 1 receptor/metabolism	0.0015625643362536	0.0033615998331867	0.111111111111111	0.491090027111315	1	0
ferric compounds/chemistry	t-lymphocytes cytotoxic/metabolism	1.90229000622821e-05	6.33368658790105e-05	0.111111111111111	0.491090027111315	1	0
ferric compounds/chemistry	urinary bladder neoplasms/pathology	0.0001168032959434	0.0003588236845719	0.111111111111111	0.491090027111315	1	0
ferritins/blood	genetic variation	9.441547543787007e-11	1.14562710782353e-09	0.037037037037037	0.491090027111315	1	0
ferritins/blood	hemeproteins/toxicity	9.441547543787007e-11	1.14562710782353e-09	0.037037037037037	0.491090027111315	1	0
ferritins/blood	iron/metabolism	0.0021974525656576	0.0046720032554304	0.148148148148148	0.491090027111315	1	0
ferritins/blood	listeriosis/etiology	9.441547543787007e-11	1.14562710782353e-09	0.037037037037037	0.491090027111315	1	0
ferritins/blood	liver x receptors/agonists	9.441547543787007e-11	1.14562710782353e-09	0.037037037037037	0.491090027111315	1	0
ferritins/blood	malaria/genetics	9.441547543787007e-11	1.14562710782353e-09	0.037037037037037	0.491090027111315	1	0
ferritins/blood	TF	9.441547543787007e-11	1.14562710782353e-09	0.037037037037037	0.491090027111315	1	0
ferritins/blood	TP53	0.0005854784028423	0.0014113776959625	0.111111111111111	0.491090027111315	1	0
ferritins/blood	transferrin/metabolism	9.441547543787007e-11	1.14562710782353e-09	0.037037037037037	0.491090027111315	1	0
ferritins/blood	tumor suppressor protein p53/genetics	9.441547543787007e-11	1.14562710782353e-09	0.037037037037037	0.491090027111315	1	0
flavonolignans/pharmacology	glutathione peroxidase/metabolism	2.3766930645763304e-09	2.23055336157649e-08	0.037037037037037	0.491090027111315	1	0
flavonolignans/pharmacology	glutathione/metabolism	0.0002752353370022	0.000788717862951	0.111111111111111	0.491090027111315	1	0
flavonolignans/pharmacology	jurkat cells	0.0001347174188101	0.000411242646894	0.074074074074074	0.491090027111315	1	0
flavonolignans/pharmacology	precursor cell lymphoblastic leukemia-lymphoma/metabolism	2.3766930645763304e-09	2.23055336157649e-08	0.037037037037037	0.491090027111315	1	0
flavonolignans/pharmacology	ROS1	0.0044470815063318	0.0089746251693545	0.148148148148148	0.491090027111315	1	0
FN1	FUT1	5.72955623634464e-06	2.46890239010393e-05	0.037037037037037	0.491090027111315	1	0
FN1	hepatic stellate cells/drug effects	5.72955623634464e-06	2.46890239010393e-05	0.037037037037037	0.491090027111315	1	0
FN1	hepatocytes/drug effects	5.72955623634464e-06	2.46890239010393e-05	0.037037037037037	0.491090027111315	1	0
FN1	HIF1A	5.72955623634464e-06	2.46890239010393e-05	0.037037037037037	0.491090027111315	1	0
FN1	hypoxia-inducible factor 1 alpha subunit/metabolism	5.72955623634464e-06	2.46890239010393e-05	0.037037037037037	0.491090027111315	1	0
FN1	liver cirrhosis/drug therapy	5.72955623634464e-06	2.46890239010393e-05	0.037037037037037	0.491090027111315	1	0
FN1	MMRN1	5.72955623634464e-06	2.46890239010393e-05	0.037037037037037	0.491090027111315	1	0
FN1	sorafenib/pharmacology	5.72955623634464e-06	2.46890239010393e-05	0.037037037037037	0.491090027111315	1	0
folic acid antagonists/pharmacology	gene expression regulation neoplastic	0.000860920973641	0.0020021417991653	0.074074074074074	0.491090027111315	1	0
folic acid antagonists/pharmacology	jurkat cells	0.0012969225227602	0.0028666732591499	0.074074074074074	0.491090027111315	1	0
folic acid antagonists/pharmacology	methotrexate/pharmacology	1.90229000622821e-05	6.33368658790105e-05	0.037037037037037	0.491090027111315	1	0
folic acid antagonists/pharmacology	oxidative stress	0.0005390447313372	0.0013092376221759	0.074074074074074	0.491090027111315	1	0
folic acid antagonists/pharmacology	phospholipid hydroperoxide glutathione peroxidase/antagonists &amp; inhibitors	1.90229000622821e-05	6.33368658790105e-05	0.037037037037037	0.491090027111315	1	0
folic acid antagonists/pharmacology	piperazines/pharmacology	0.0005390447313372	0.0013092376221759	0.074074074074074	0.491090027111315	1	0
folic acid antagonists/pharmacology	tetrahydrofolate dehydrogenase/genetics	1.90229000622821e-05	6.33368658790105e-05	0.037037037037037	0.491090027111315	1	0
folic acid antagonists/pharmacology	vitamin e/pharmacology	1.90229000622821e-05	6.33368658790105e-05	0.037037037037037	0.491090027111315	1	0
FTH1	heart ventricles/diagnostic imaging	0.0005241692955735	0.0012925943513292	0.037037037037037	0.491090027111315	1	0
FTH1	hemodynamics/drug effects	0.0005241692955735	0.0012925943513292	0.037037037037037	0.491090027111315	1	0
FTH1	HMGB1	0.0005241692955735	0.0012925943513292	0.037037037037037	0.491090027111315	1	0
FTH1	hmgb1 protein/metabolism	0.0005241692955735	0.0012925943513292	0.037037037037037	0.491090027111315	1	0
FTH1	hypertension pulmonary/chemically induced	0.0005241692955735	0.0012925943513292	0.037037037037037	0.491090027111315	1	0
FTH1	inflammasomes/metabolism	0.0005241692955735	0.0012925943513292	0.037037037037037	0.491090027111315	1	0
FTH1	inflammation/metabolism	0.0005241692955735	0.0012925943513292	0.037037037037037	0.491090027111315	1	0
FTH1	lung/blood supply	0.0005241692955735	0.0012925943513292	0.037037037037037	0.491090027111315	1	0
FTH1	macrophages/metabolism	0.0005241692955735	0.0012925943513292	0.037037037037037	0.491090027111315	1	0
FTH1	monocrotaline/toxicity	0.0005241692955735	0.0012925943513292	0.037037037037037	0.491090027111315	1	0
FTH1	nlr family pyrin domain-containing 3 protein/metabolism	0.0005241692955735	0.0012925943513292	0.037037037037037	0.491090027111315	1	0
FTH1	NLRP3	0.0005241692955735	0.0012925943513292	0.037037037037037	0.491090027111315	1	0
FTH1	NOX4	0.0005241692955735	0.0012925943513292	0.037037037037037	0.491090027111315	1	0
FTH1	toll-like receptor 4/metabolism	0.0005241692955735	0.0012925943513292	0.037037037037037	0.491090027111315	1	0
fusion regulatory protein 1 heavy chain/metabolism	interferon-gamma/immunology	3.10419946414342e-08	1.77908664941026e-07	0.037037037037037	0.491090027111315	1	0
fusion regulatory protein 1 heavy chain/metabolism	melanoma/genetics	3.10419946414342e-08	1.77908664941026e-07	0.037037037037037	0.491090027111315	1	0
fusion regulatory protein 1 heavy chain/metabolism	nivolumab/therapeutic use	3.10419946414342e-08	1.77908664941026e-07	0.037037037037037	0.491090027111315	1	0
fusion regulatory protein 1 heavy chain/metabolism	SLC3A2	3.10419946414342e-08	1.77908664941026e-07	0.037037037037037	0.491090027111315	1	0
fusion regulatory protein 1 heavy chain/metabolism	SLC9A1	5.6844185756133e-05	0.0001786003669477	0.074074074074074	0.491090027111315	1	0
FUT1	hepatic stellate cells/drug effects	5.72955623634464e-06	2.46890239010393e-05	0.037037037037037	0.491090027111315	1	0
FUT1	hepatocytes/drug effects	5.72955623634464e-06	2.46890239010393e-05	0.037037037037037	0.491090027111315	1	0
FUT1	HIF1A	5.72955623634464e-06	2.46890239010393e-05	0.037037037037037	0.491090027111315	1	0
FUT1	hypoxia-inducible factor 1 alpha subunit/metabolism	5.72955623634464e-06	2.46890239010393e-05	0.037037037037037	0.491090027111315	1	0
FUT1	liver cirrhosis/drug therapy	5.72955623634464e-06	2.46890239010393e-05	0.037037037037037	0.491090027111315	1	0
FUT1	MMRN1	5.72955623634464e-06	2.46890239010393e-05	0.037037037037037	0.491090027111315	1	0
FUT1	sorafenib/pharmacology	5.72955623634464e-06	2.46890239010393e-05	0.037037037037037	0.491090027111315	1	0
gels/chemistry	gold/chemistry	1.51878509768721e-12	3.21494655714812e-11	0.037037037037037	0.491090027111315	1	0
gels/chemistry	macrophages/cytology	3.26106776693535e-06	1.56574445763452e-05	0.074074074074074	0.491090027111315	1	0
gels/chemistry	MRLN	0.0004475609267244	0.0012601229975738	0.074074074074074	0.491090027111315	1	0
gels/chemistry	urinary bladder neoplasms/pathology	1.51878509768721e-12	3.21494655714812e-11	0.037037037037037	0.491090027111315	1	0
gene expression	inflammation mediators/antagonists &amp; inhibitors	9.441547543787007e-11	1.14562710782353e-09	0.037037037037037	0.491090027111315	1	0
gene expression	lipopolysaccharides/toxicity	9.441547543787007e-11	1.14562710782353e-09	0.037037037037037	0.491090027111315	1	0
gene expression	microglia/drug effects	9.441547543787007e-11	1.14562710782353e-09	0.037037037037037	0.491090027111315	1	0
gene expression	nf-e2-related factor 2/biosynthesis	9.441547543787007e-11	1.14562710782353e-09	0.037037037037037	0.491090027111315	1	0
gene expression	NFE2L2	0.0009252229168602	0.0021093918702002	0.074074074074074	0.491090027111315	1	0
gene expression	raw 264.7 cells	9.441547543787007e-11	1.14562710782353e-09	0.037037037037037	0.491090027111315	1	0
gene expression regulation neoplastic	glioblastoma/genetics	1.62808224802857e-05	6.33368658790105e-05	0.074074074074074	0.491090027111315	1	0
gene expression regulation neoplastic	heat-shock proteins/genetics	1.62808224802857e-05	6.33368658790105e-05	0.074074074074074	0.491090027111315	1	0
gene expression regulation neoplastic	HSPB1	1.62808224802857e-05	6.33368658790105e-05	0.074074074074074	0.491090027111315	1	0
gene expression regulation neoplastic	hyaluronan receptors/genetics	1.62808224802857e-05	6.33368658790105e-05	0.074074074074074	0.491090027111315	1	0
gene expression regulation neoplastic	methotrexate/pharmacology	0.000860920973641	0.0020021417991653	0.074074074074074	0.491090027111315	1	0
gene expression regulation neoplastic	phospholipid hydroperoxide glutathione peroxidase/antagonists &amp; inhibitors	0.000860920973641	0.0020021417991653	0.074074074074074	0.491090027111315	1	0
gene expression regulation neoplastic	SLC40A1	1.62808224802857e-05	6.33368658790105e-05	0.074074074074074	0.491090027111315	1	0
gene expression regulation neoplastic	t-lymphocytes cytotoxic/immunology	1.62808224802857e-05	6.33368658790105e-05	0.074074074074074	0.491090027111315	1	0
gene expression regulation neoplastic	tetrahydrofolate dehydrogenase/genetics	0.000860920973641	0.0020021417991653	0.074074074074074	0.491090027111315	1	0
gene expression regulation neoplastic	vitamin e/pharmacology	0.000860920973641	0.0020021417991653	0.074074074074074	0.491090027111315	1	0
gene expression regulation neoplastic/drug effects	lipid metabolism/drug effects	9.441547543787007e-11	1.14562710782353e-09	0.037037037037037	0.491090027111315	1	0
gene expression regulation neoplastic/drug effects	SLC7A11	0.0039176473670681	0.0079727560452614	0.148148148148148	0.491090027111315	1	0
gene expression regulation neoplastic/drug effects	SLC9A1	1.29861397354381e-05	5.27448252559809e-05	0.074074074074074	0.491090027111315	1	0
gene expression regulation neoplastic/drug effects	sulfasalazine/administration &amp; dosage	9.441547543787007e-11	1.14562710782353e-09	0.037037037037037	0.491090027111315	1	0
genetic variation	hemeproteins/toxicity	9.441547543787007e-11	1.14562710782353e-09	0.037037037037037	0.491090027111315	1	0
genetic variation	iron/metabolism	0.0021974525656576	0.0046720032554304	0.148148148148148	0.491090027111315	1	0
genetic variation	listeriosis/etiology	9.441547543787007e-11	1.14562710782353e-09	0.037037037037037	0.491090027111315	1	0
genetic variation	liver x receptors/agonists	9.441547543787007e-11	1.14562710782353e-09	0.037037037037037	0.491090027111315	1	0
genetic variation	malaria/genetics	9.441547543787007e-11	1.14562710782353e-09	0.037037037037037	0.491090027111315	1	0
genetic variation	TF	9.441547543787007e-11	1.14562710782353e-09	0.037037037037037	0.491090027111315	1	0
genetic variation	TP53	0.0005854784028423	0.0014113776959625	0.111111111111111	0.491090027111315	1	0
genetic variation	transferrin/metabolism	9.441547543787007e-11	1.14562710782353e-09	0.037037037037037	0.491090027111315	1	0
genetic variation	tumor suppressor protein p53/genetics	9.441547543787007e-11	1.14562710782353e-09	0.037037037037037	0.491090027111315	1	0
GGT1	HLF	2.3766930645763304e-09	2.23055336157649e-08	0.037037037037037	0.491090027111315	1	0
GGT1	IL6	2.3766930645763304e-09	2.23055336157649e-08	0.037037037037037	0.491090027111315	1	0
GGT1	JAK2	2.3766930645763304e-09	2.23055336157649e-08	0.037037037037037	0.491090027111315	1	0
GGT1	SMAD3	2.3766930645763304e-09	2.23055336157649e-08	0.037037037037037	0.491090027111315	1	0
GGT1	STAT3	2.3766930645763304e-09	2.23055336157649e-08	0.037037037037037	0.491090027111315	1	0
GGT1	TGFB1	2.3766930645763304e-09	2.23055336157649e-08	0.037037037037037	0.491090027111315	1	0
GGT1	triple negative breast neoplasms/drug therapy	2.3766930645763304e-09	2.23055336157649e-08	0.037037037037037	0.491090027111315	1	0
GGT1	tumor-associated macrophages/drug effects	2.3766930645763304e-09	2.23055336157649e-08	0.037037037037037	0.491090027111315	1	0
glioblastoma/genetics	heat-shock proteins/genetics	1.51878509768721e-12	3.21494655714812e-11	0.037037037037037	0.491090027111315	1	0
glioblastoma/genetics	HSPB1	1.51878509768721e-12	3.21494655714812e-11	0.037037037037037	0.491090027111315	1	0
glioblastoma/genetics	hyaluronan receptors/genetics	1.51878509768721e-12	3.21494655714812e-11	0.037037037037037	0.491090027111315	1	0
glioblastoma/genetics	SLC40A1	1.51878509768721e-12	3.21494655714812e-11	0.037037037037037	0.491090027111315	1	0
glioblastoma/genetics	t-lymphocytes cytotoxic/immunology	1.51878509768721e-12	3.21494655714812e-11	0.037037037037037	0.491090027111315	1	0
glutathione	iron/blood	0.0	0.0	0.037037037037037	0.491090027111315	1	0
glutathione	kidney	0.0	0.0	0.037037037037037	0.491090027111315	1	0
glutathione	liver/pathology	0.0	0.0	0.037037037037037	0.491090027111315	1	0
glutathione	malondialdehyde/blood	0.0	0.0	0.037037037037037	0.491090027111315	1	0
glutathione	phospholipid hydroperoxide glutathione peroxidase	0.0	0.0	0.037037037037037	0.491090027111315	1	0
glutathione	piperazines/pharmacology	7.083931083951e-07	3.69485614090969e-06	0.074074074074074	0.491090027111315	1	0
glutathione	spleen/pathology	0.0	0.0	0.037037037037037	0.491090027111315	1	0
glutathione peroxidase/metabolism	glutathione/metabolism	0.0002752353370022	0.000788717862951	0.111111111111111	0.491090027111315	1	0
glutathione peroxidase/metabolism	jurkat cells	0.0001347174188101	0.000411242646894	0.074074074074074	0.491090027111315	1	0
glutathione peroxidase/metabolism	precursor cell lymphoblastic leukemia-lymphoma/metabolism	2.3766930645763304e-09	2.23055336157649e-08	0.037037037037037	0.491090027111315	1	0
glutathione peroxidase/metabolism	ROS1	0.0044470815063318	0.0089746251693545	0.148148148148148	0.491090027111315	1	0
glutathione peroxidase/therapeutic use	MS4A1	6.772360450213451e-15	2.3951030860511e-13	0.037037037037037	0.491090027111315	1	0
glutathione peroxidase/therapeutic use	PLEKHM1	6.772360450213451e-15	2.3951030860511e-13	0.037037037037037	0.491090027111315	1	0
glutathione peroxidase/therapeutic use	ROS1	0.0010636503730522	0.0023691137341409	0.148148148148148	0.491090027111315	1	0
glutathione peroxidase/therapeutic use	SPANXB1	6.772360450213451e-15	2.3951030860511e-13	0.037037037037037	0.491090027111315	1	0
glutathione/metabolism	host-pathogen interactions	1.06124954789566e-05	4.50603761185566e-05	0.111111111111111	0.491090027111315	1	0
glutathione/metabolism	iron chelating agents/pharmacology	1.06124954789566e-05	4.50603761185566e-05	0.111111111111111	0.491090027111315	1	0
glutathione/metabolism	iron/metabolism	0.000623406723278	0.0015015610444405	0.0485470085470085	0.178864212567384	2	0
glutathione/metabolism	lymph/metabolism	0.0001487376673323	0.0004423992156552	0.111111111111111	0.491090027111315	1	0
glutathione/metabolism	melanoma/blood	0.0001487376673323	0.0004423992156552	0.111111111111111	0.491090027111315	1	0
glutathione/metabolism	neoplasm metastasis/drug therapy	0.0001487376673323	0.0004423992156552	0.111111111111111	0.491090027111315	1	0
glutathione/metabolism	oleic acid/metabolism	0.0001487376673323	0.0004423992156552	0.111111111111111	0.491090027111315	1	0
glutathione/metabolism	phospholipid hydroperoxide glutathione peroxidase/metabolism	1.7149710207498e-08	1.53028183389982e-07	0.0085470085470085	0.178864212567384	2	0
glutathione/metabolism	precursor cell lymphoblastic leukemia-lymphoma/metabolism	0.0002752353370022	0.000788717862951	0.111111111111111	0.491090027111315	1	0
glutathione/metabolism	tuberculosis/metabolism	1.06124954789566e-05	4.50603761185566e-05	0.111111111111111	0.491090027111315	1	0
gold/chemistry	macrophages/cytology	3.26106776693535e-06	1.56574445763452e-05	0.074074074074074	0.491090027111315	1	0
gold/chemistry	MRLN	0.0004475609267244	0.0012601229975738	0.074074074074074	0.491090027111315	1	0
gold/chemistry	urinary bladder neoplasms/pathology	1.51878509768721e-12	3.21494655714812e-11	0.037037037037037	0.491090027111315	1	0
heart ventricles/diagnostic imaging	hemodynamics/drug effects	0.0005241692955735	0.0012925943513292	0.037037037037037	0.491090027111315	1	0
heart ventricles/diagnostic imaging	HMGB1	0.0005241692955735	0.0012925943513292	0.037037037037037	0.491090027111315	1	0
heart ventricles/diagnostic imaging	hmgb1 protein/metabolism	0.0005241692955735	0.0012925943513292	0.037037037037037	0.491090027111315	1	0
heart ventricles/diagnostic imaging	hypertension pulmonary/chemically induced	0.0005241692955735	0.0012925943513292	0.037037037037037	0.491090027111315	1	0
heart ventricles/diagnostic imaging	inflammasomes/metabolism	0.0005241692955735	0.0012925943513292	0.037037037037037	0.491090027111315	1	0
heart ventricles/diagnostic imaging	inflammation/metabolism	0.0005241692955735	0.0012925943513292	0.037037037037037	0.491090027111315	1	0
heart ventricles/diagnostic imaging	lung/blood supply	0.0005241692955735	0.0012925943513292	0.037037037037037	0.491090027111315	1	0
heart ventricles/diagnostic imaging	macrophages/metabolism	0.0005241692955735	0.0012925943513292	0.037037037037037	0.491090027111315	1	0
heart ventricles/diagnostic imaging	monocrotaline/toxicity	0.0005241692955735	0.0012925943513292	0.037037037037037	0.491090027111315	1	0
heart ventricles/diagnostic imaging	nlr family pyrin domain-containing 3 protein/metabolism	0.0005241692955735	0.0012925943513292	0.037037037037037	0.491090027111315	1	0
heart ventricles/diagnostic imaging	NLRP3	0.0005241692955735	0.0012925943513292	0.037037037037037	0.491090027111315	1	0
heart ventricles/diagnostic imaging	NOX4	0.0005241692955735	0.0012925943513292	0.037037037037037	0.491090027111315	1	0
heart ventricles/diagnostic imaging	toll-like receptor 4/metabolism	0.0005241692955735	0.0012925943513292	0.037037037037037	0.491090027111315	1	0
heat-shock proteins/genetics	HSPB1	1.51878509768721e-12	3.21494655714812e-11	0.037037037037037	0.491090027111315	1	0
heat-shock proteins/genetics	hyaluronan receptors/genetics	1.51878509768721e-12	3.21494655714812e-11	0.037037037037037	0.491090027111315	1	0
heat-shock proteins/genetics	SLC40A1	1.51878509768721e-12	3.21494655714812e-11	0.037037037037037	0.491090027111315	1	0
heat-shock proteins/genetics	t-lymphocytes cytotoxic/immunology	1.51878509768721e-12	3.21494655714812e-11	0.037037037037037	0.491090027111315	1	0
heme oxygenase-1/metabolism	HMOX1	2.48910234645905e-07	1.3318075285482e-06	0.037037037037037	0.491090027111315	1	0
heme oxygenase-1/metabolism	lymphocytes tumor-infiltrating/immunology	2.48910234645905e-07	1.3318075285482e-06	0.037037037037037	0.491090027111315	1	0
heme oxygenase-1/metabolism	membrane proteins/metabolism	2.48910234645905e-07	1.3318075285482e-06	0.037037037037037	0.491090027111315	1	0
heme oxygenase-1/metabolism	myeloid-derived suppressor cells/immunology	2.48910234645905e-07	1.3318075285482e-06	0.037037037037037	0.491090027111315	1	0
heme oxygenase-1/metabolism	neutral ceramidase/antagonists &amp; inhibitors	2.48910234645905e-07	1.3318075285482e-06	0.037037037037037	0.491090027111315	1	0
heme oxygenase-1/metabolism	t-lymphocytes/immunology	2.48910234645905e-07	1.3318075285482e-06	0.037037037037037	0.491090027111315	1	0
heme oxygenase-1/metabolism	TP53	0.0022568714518765	0.0047668807068041	0.111111111111111	0.491090027111315	1	0
heme oxygenase-1/metabolism	tumor suppressor protein p53/metabolism	0.0002443386631932	0.0007043559873365	0.074074074074074	0.491090027111315	1	0
hemeproteins/toxicity	iron/metabolism	0.0021974525656576	0.0046720032554304	0.148148148148148	0.491090027111315	1	0
hemeproteins/toxicity	listeriosis/etiology	9.441547543787007e-11	1.14562710782353e-09	0.037037037037037	0.491090027111315	1	0
hemeproteins/toxicity	liver x receptors/agonists	9.441547543787007e-11	1.14562710782353e-09	0.037037037037037	0.491090027111315	1	0
hemeproteins/toxicity	malaria/genetics	9.441547543787007e-11	1.14562710782353e-09	0.037037037037037	0.491090027111315	1	0
hemeproteins/toxicity	TF	9.441547543787007e-11	1.14562710782353e-09	0.037037037037037	0.491090027111315	1	0
hemeproteins/toxicity	TP53	0.0005854784028423	0.0014113776959625	0.111111111111111	0.491090027111315	1	0
hemeproteins/toxicity	transferrin/metabolism	9.441547543787007e-11	1.14562710782353e-09	0.037037037037037	0.491090027111315	1	0
hemeproteins/toxicity	tumor suppressor protein p53/genetics	9.441547543787007e-11	1.14562710782353e-09	0.037037037037037	0.491090027111315	1	0
hemodynamics/drug effects	HMGB1	0.0005241692955735	0.0012925943513292	0.037037037037037	0.491090027111315	1	0
hemodynamics/drug effects	hmgb1 protein/metabolism	0.0005241692955735	0.0012925943513292	0.037037037037037	0.491090027111315	1	0
hemodynamics/drug effects	hypertension pulmonary/chemically induced	0.0005241692955735	0.0012925943513292	0.037037037037037	0.491090027111315	1	0
hemodynamics/drug effects	inflammasomes/metabolism	0.0005241692955735	0.0012925943513292	0.037037037037037	0.491090027111315	1	0
hemodynamics/drug effects	inflammation/metabolism	0.0005241692955735	0.0012925943513292	0.037037037037037	0.491090027111315	1	0
hemodynamics/drug effects	lung/blood supply	0.0005241692955735	0.0012925943513292	0.037037037037037	0.491090027111315	1	0
hemodynamics/drug effects	macrophages/metabolism	0.0005241692955735	0.0012925943513292	0.037037037037037	0.491090027111315	1	0
hemodynamics/drug effects	monocrotaline/toxicity	0.0005241692955735	0.0012925943513292	0.037037037037037	0.491090027111315	1	0
hemodynamics/drug effects	nlr family pyrin domain-containing 3 protein/metabolism	0.0005241692955735	0.0012925943513292	0.037037037037037	0.491090027111315	1	0
hemodynamics/drug effects	NLRP3	0.0005241692955735	0.0012925943513292	0.037037037037037	0.491090027111315	1	0
hemodynamics/drug effects	NOX4	0.0005241692955735	0.0012925943513292	0.037037037037037	0.491090027111315	1	0
hemodynamics/drug effects	toll-like receptor 4/metabolism	0.0005241692955735	0.0012925943513292	0.037037037037037	0.491090027111315	1	0
hepatic stellate cells/drug effects	hepatocytes/drug effects	5.72955623634464e-06	2.46890239010393e-05	0.037037037037037	0.491090027111315	1	0
hepatic stellate cells/drug effects	HIF1A	5.72955623634464e-06	2.46890239010393e-05	0.037037037037037	0.491090027111315	1	0
hepatic stellate cells/drug effects	hypoxia-inducible factor 1 alpha subunit/metabolism	5.72955623634464e-06	2.46890239010393e-05	0.037037037037037	0.491090027111315	1	0
hepatic stellate cells/drug effects	liver cirrhosis/drug therapy	5.72955623634464e-06	2.46890239010393e-05	0.037037037037037	0.491090027111315	1	0
hepatic stellate cells/drug effects	MMRN1	5.72955623634464e-06	2.46890239010393e-05	0.037037037037037	0.491090027111315	1	0
hepatic stellate cells/drug effects	sorafenib/pharmacology	5.72955623634464e-06	2.46890239010393e-05	0.037037037037037	0.491090027111315	1	0
hepatocytes/drug effects	HIF1A	5.72955623634464e-06	2.46890239010393e-05	0.037037037037037	0.491090027111315	1	0
hepatocytes/drug effects	hypoxia-inducible factor 1 alpha subunit/metabolism	5.72955623634464e-06	2.46890239010393e-05	0.037037037037037	0.491090027111315	1	0
hepatocytes/drug effects	liver cirrhosis/drug therapy	5.72955623634464e-06	2.46890239010393e-05	0.037037037037037	0.491090027111315	1	0
hepatocytes/drug effects	MMRN1	5.72955623634464e-06	2.46890239010393e-05	0.037037037037037	0.491090027111315	1	0
hepatocytes/drug effects	sorafenib/pharmacology	5.72955623634464e-06	2.46890239010393e-05	0.037037037037037	0.491090027111315	1	0
HIF1A	hypoxia-inducible factor 1 alpha subunit/metabolism	5.72955623634464e-06	2.46890239010393e-05	0.037037037037037	0.491090027111315	1	0
HIF1A	liver cirrhosis/drug therapy	5.72955623634464e-06	2.46890239010393e-05	0.037037037037037	0.491090027111315	1	0
HIF1A	MMRN1	5.72955623634464e-06	2.46890239010393e-05	0.037037037037037	0.491090027111315	1	0
HIF1A	sorafenib/pharmacology	5.72955623634464e-06	2.46890239010393e-05	0.037037037037037	0.491090027111315	1	0
HLF	IL6	2.3766930645763304e-09	2.23055336157649e-08	0.037037037037037	0.491090027111315	1	0
HLF	JAK2	2.3766930645763304e-09	2.23055336157649e-08	0.037037037037037	0.491090027111315	1	0
HLF	SMAD3	2.3766930645763304e-09	2.23055336157649e-08	0.037037037037037	0.491090027111315	1	0
HLF	STAT3	2.3766930645763304e-09	2.23055336157649e-08	0.037037037037037	0.491090027111315	1	0
HLF	TGFB1	2.3766930645763304e-09	2.23055336157649e-08	0.037037037037037	0.491090027111315	1	0
HLF	triple negative breast neoplasms/drug therapy	2.3766930645763304e-09	2.23055336157649e-08	0.037037037037037	0.491090027111315	1	0
HLF	tumor-associated macrophages/drug effects	2.3766930645763304e-09	2.23055336157649e-08	0.037037037037037	0.491090027111315	1	0
HMGB1	hmgb1 protein/metabolism	0.0005241692955735	0.0012925943513292	0.037037037037037	0.491090027111315	1	0
HMGB1	hypertension pulmonary/chemically induced	0.0005241692955735	0.0012925943513292	0.037037037037037	0.491090027111315	1	0
HMGB1	inflammasomes/metabolism	0.0005241692955735	0.0012925943513292	0.037037037037037	0.491090027111315	1	0
HMGB1	inflammation/metabolism	0.0005241692955735	0.0012925943513292	0.037037037037037	0.491090027111315	1	0
HMGB1	lung/blood supply	0.0005241692955735	0.0012925943513292	0.037037037037037	0.491090027111315	1	0
HMGB1	macrophages/metabolism	0.0005241692955735	0.0012925943513292	0.037037037037037	0.491090027111315	1	0
HMGB1	monocrotaline/toxicity	0.0005241692955735	0.0012925943513292	0.037037037037037	0.491090027111315	1	0
HMGB1	nlr family pyrin domain-containing 3 protein/metabolism	0.0005241692955735	0.0012925943513292	0.037037037037037	0.491090027111315	1	0
HMGB1	NLRP3	0.0005241692955735	0.0012925943513292	0.037037037037037	0.491090027111315	1	0
HMGB1	NOX4	0.0005241692955735	0.0012925943513292	0.037037037037037	0.491090027111315	1	0
HMGB1	toll-like receptor 4/metabolism	0.0005241692955735	0.0012925943513292	0.037037037037037	0.491090027111315	1	0
hmgb1 protein/metabolism	hypertension pulmonary/chemically induced	0.0005241692955735	0.0012925943513292	0.037037037037037	0.491090027111315	1	0
hmgb1 protein/metabolism	inflammasomes/metabolism	0.0005241692955735	0.0012925943513292	0.037037037037037	0.491090027111315	1	0
hmgb1 protein/metabolism	inflammation/metabolism	0.0005241692955735	0.0012925943513292	0.037037037037037	0.491090027111315	1	0
hmgb1 protein/metabolism	lung/blood supply	0.0005241692955735	0.0012925943513292	0.037037037037037	0.491090027111315	1	0
hmgb1 protein/metabolism	macrophages/metabolism	0.0005241692955735	0.0012925943513292	0.037037037037037	0.491090027111315	1	0
hmgb1 protein/metabolism	monocrotaline/toxicity	0.0005241692955735	0.0012925943513292	0.037037037037037	0.491090027111315	1	0
hmgb1 protein/metabolism	nlr family pyrin domain-containing 3 protein/metabolism	0.0005241692955735	0.0012925943513292	0.037037037037037	0.491090027111315	1	0
hmgb1 protein/metabolism	NLRP3	0.0005241692955735	0.0012925943513292	0.037037037037037	0.491090027111315	1	0
hmgb1 protein/metabolism	NOX4	0.0005241692955735	0.0012925943513292	0.037037037037037	0.491090027111315	1	0
hmgb1 protein/metabolism	toll-like receptor 4/metabolism	0.0005241692955735	0.0012925943513292	0.037037037037037	0.491090027111315	1	0
HMOX1	lymphocytes tumor-infiltrating/immunology	2.48910234645905e-07	1.3318075285482e-06	0.037037037037037	0.491090027111315	1	0
HMOX1	membrane proteins/metabolism	2.48910234645905e-07	1.3318075285482e-06	0.037037037037037	0.491090027111315	1	0
HMOX1	myeloid-derived suppressor cells/immunology	2.48910234645905e-07	1.3318075285482e-06	0.037037037037037	0.491090027111315	1	0
HMOX1	neutral ceramidase/antagonists &amp; inhibitors	2.48910234645905e-07	1.3318075285482e-06	0.037037037037037	0.491090027111315	1	0
HMOX1	t-lymphocytes/immunology	2.48910234645905e-07	1.3318075285482e-06	0.037037037037037	0.491090027111315	1	0
HMOX1	TP53	0.0022568714518765	0.0047668807068041	0.111111111111111	0.491090027111315	1	0
HMOX1	tumor suppressor protein p53/metabolism	0.0002443386631932	0.0007043559873365	0.074074074074074	0.491090027111315	1	0
host-pathogen interactions	iron chelating agents/pharmacology	0.0	0.0	0.037037037037037	0.491090027111315	1	0
host-pathogen interactions	iron/metabolism	0.0003621740428354	0.0010297105139439	0.148148148148148	0.491090027111315	1	0
host-pathogen interactions	macrophages/drug effects	0.0025695249368861	0.0054154231954721	0.148148148148148	0.491090027111315	1	0
host-pathogen interactions	phospholipid hydroperoxide glutathione peroxidase/metabolism	1.70932890064535e-08	1.52995488020725e-07	0.074074074074074	0.491090027111315	1	0
host-pathogen interactions	tuberculosis/metabolism	0.0	0.0	0.037037037037037	0.491090027111315	1	0
HSPB1	hyaluronan receptors/genetics	1.51878509768721e-12	3.21494655714812e-11	0.037037037037037	0.491090027111315	1	0
HSPB1	SLC40A1	1.51878509768721e-12	3.21494655714812e-11	0.037037037037037	0.491090027111315	1	0
HSPB1	t-lymphocytes cytotoxic/immunology	1.51878509768721e-12	3.21494655714812e-11	0.037037037037037	0.491090027111315	1	0
hyaluronan receptors/genetics	SLC40A1	1.51878509768721e-12	3.21494655714812e-11	0.037037037037037	0.491090027111315	1	0
hyaluronan receptors/genetics	t-lymphocytes cytotoxic/immunology	1.51878509768721e-12	3.21494655714812e-11	0.037037037037037	0.491090027111315	1	0
hyaluronic acid/chemistry	immune checkpoint inhibitors/pharmacology	3.10419946414342e-08	1.77908664941026e-07	0.037037037037037	0.491090027111315	1	0
hyaluronic acid/chemistry	immunologic memory	3.10419946414342e-08	1.77908664941026e-07	0.037037037037037	0.491090027111315	1	0
hyaluronic acid/chemistry	skin neoplasms/drug therapy	3.10419946414342e-08	1.77908664941026e-07	0.037037037037037	0.491090027111315	1	0
hyaluronic acid/chemistry	t-lymphocytes cytotoxic/drug effects	3.10419946414342e-08	1.77908664941026e-07	0.037037037037037	0.491090027111315	1	0
hyaluronic acid/chemistry	tumor escape/drug effects	3.10419946414342e-08	1.77908664941026e-07	0.037037037037037	0.491090027111315	1	0
hypertension pulmonary/chemically induced	inflammasomes/metabolism	0.0005241692955735	0.0012925943513292	0.037037037037037	0.491090027111315	1	0
hypertension pulmonary/chemically induced	inflammation/metabolism	0.0005241692955735	0.0012925943513292	0.037037037037037	0.491090027111315	1	0
hypertension pulmonary/chemically induced	lung/blood supply	0.0005241692955735	0.0012925943513292	0.037037037037037	0.491090027111315	1	0
hypertension pulmonary/chemically induced	macrophages/metabolism	0.0005241692955735	0.0012925943513292	0.037037037037037	0.491090027111315	1	0
hypertension pulmonary/chemically induced	monocrotaline/toxicity	0.0005241692955735	0.0012925943513292	0.037037037037037	0.491090027111315	1	0
hypertension pulmonary/chemically induced	nlr family pyrin domain-containing 3 protein/metabolism	0.0005241692955735	0.0012925943513292	0.037037037037037	0.491090027111315	1	0
hypertension pulmonary/chemically induced	NLRP3	0.0005241692955735	0.0012925943513292	0.037037037037037	0.491090027111315	1	0
hypertension pulmonary/chemically induced	NOX4	0.0005241692955735	0.0012925943513292	0.037037037037037	0.491090027111315	1	0
hypertension pulmonary/chemically induced	toll-like receptor 4/metabolism	0.0005241692955735	0.0012925943513292	0.037037037037037	0.491090027111315	1	0
hypoxia-inducible factor 1 alpha subunit/metabolism	liver cirrhosis/drug therapy	5.72955623634464e-06	2.46890239010393e-05	0.037037037037037	0.491090027111315	1	0
hypoxia-inducible factor 1 alpha subunit/metabolism	MMRN1	5.72955623634464e-06	2.46890239010393e-05	0.037037037037037	0.491090027111315	1	0
hypoxia-inducible factor 1 alpha subunit/metabolism	sorafenib/pharmacology	5.72955623634464e-06	2.46890239010393e-05	0.037037037037037	0.491090027111315	1	0
IFNA1	inflammation/drug therapy	3.10419946414342e-08	1.77908664941026e-07	0.037037037037037	0.491090027111315	1	0
IFNA1	myocardial reperfusion injury/drug therapy	3.10419946414342e-08	1.77908664941026e-07	0.037037037037037	0.491090027111315	1	0
IFNA1	myocardium/immunology	3.10419946414342e-08	1.77908664941026e-07	0.037037037037037	0.491090027111315	1	0
IFNA1	neutrophil infiltration	3.10419946414342e-08	1.77908664941026e-07	0.037037037037037	0.491090027111315	1	0
IFNA1	neutrophils/immunology	3.10419946414342e-08	1.77908664941026e-07	0.037037037037037	0.491090027111315	1	0
IFNA1	phenylenediamines/pharmacology	0.0006867567885109	0.001610019956897	0.074074074074074	0.491090027111315	1	0
IFNA1	TICAM1	3.10419946414342e-08	1.77908664941026e-07	0.037037037037037	0.491090027111315	1	0
IFNA1	TLR4	0.0006867567885109	0.001610019956897	0.074074074074074	0.491090027111315	1	0
IFNA1	toll-like receptor 4/genetics	3.10419946414342e-08	1.77908664941026e-07	0.037037037037037	0.491090027111315	1	0
IFNA1	TRIM69	3.10419946414342e-08	1.77908664941026e-07	0.037037037037037	0.491090027111315	1	0
IFNA1	ventricular function left/drug effects	3.10419946414342e-08	1.77908664941026e-07	0.037037037037037	0.491090027111315	1	0
IL6	JAK2	2.3766930645763304e-09	2.23055336157649e-08	0.037037037037037	0.491090027111315	1	0
IL6	SMAD3	2.3766930645763304e-09	2.23055336157649e-08	0.037037037037037	0.491090027111315	1	0
IL6	STAT3	2.3766930645763304e-09	2.23055336157649e-08	0.037037037037037	0.491090027111315	1	0
IL6	TGFB1	2.3766930645763304e-09	2.23055336157649e-08	0.037037037037037	0.491090027111315	1	0
IL6	triple negative breast neoplasms/drug therapy	2.3766930645763304e-09	2.23055336157649e-08	0.037037037037037	0.491090027111315	1	0
IL6	tumor-associated macrophages/drug effects	2.3766930645763304e-09	2.23055336157649e-08	0.037037037037037	0.491090027111315	1	0
ileum/drug effects	necroptosis/drug effects	0.0	0.0	0.037037037037037	0.491090027111315	1	0
ileum/drug effects	radiation-protective agents/pharmacology	0.0	0.0	0.037037037037037	0.491090027111315	1	0
ileum/drug effects	small molecule libraries/pharmacology	0.0	0.0	0.037037037037037	0.491090027111315	1	0
immune checkpoint inhibitors/pharmacology	immunologic memory	3.10419946414342e-08	1.77908664941026e-07	0.037037037037037	0.491090027111315	1	0
immune checkpoint inhibitors/pharmacology	skin neoplasms/drug therapy	3.10419946414342e-08	1.77908664941026e-07	0.037037037037037	0.491090027111315	1	0
immune checkpoint inhibitors/pharmacology	t-lymphocytes cytotoxic/drug effects	3.10419946414342e-08	1.77908664941026e-07	0.037037037037037	0.491090027111315	1	0
immune checkpoint inhibitors/pharmacology	tumor escape/drug effects	3.10419946414342e-08	1.77908664941026e-07	0.037037037037037	0.491090027111315	1	0
immunogenic cell death/drug effects	interferon-gamma/metabolism	1.37805787725487e-06	6.67173262777816e-06	0.037037037037037	0.491090027111315	1	0
immunogenic cell death/drug effects	metal-organic frameworks/chemistry	1.37805787725487e-06	6.67173262777816e-06	0.037037037037037	0.491090027111315	1	0
immunogenic cell death/drug effects	phenol/chemistry	1.37805787725487e-06	6.67173262777816e-06	0.037037037037037	0.491090027111315	1	0
immunogenic cell death/drug effects	programmed cell death 1 receptor/metabolism	1.37805787725487e-06	6.67173262777816e-06	0.037037037037037	0.491090027111315	1	0
immunologic memory	skin neoplasms/drug therapy	3.10419946414342e-08	1.77908664941026e-07	0.037037037037037	0.491090027111315	1	0
immunologic memory	t-lymphocytes cytotoxic/drug effects	3.10419946414342e-08	1.77908664941026e-07	0.037037037037037	0.491090027111315	1	0
immunologic memory	tumor escape/drug effects	3.10419946414342e-08	1.77908664941026e-07	0.037037037037037	0.491090027111315	1	0
inflammasomes/metabolism	inflammation/metabolism	0.0005241692955735	0.0012925943513292	0.037037037037037	0.491090027111315	1	0
inflammasomes/metabolism	lung/blood supply	0.0005241692955735	0.0012925943513292	0.037037037037037	0.491090027111315	1	0
inflammasomes/metabolism	macrophages/metabolism	0.0005241692955735	0.0012925943513292	0.037037037037037	0.491090027111315	1	0
inflammasomes/metabolism	monocrotaline/toxicity	0.0005241692955735	0.0012925943513292	0.037037037037037	0.491090027111315	1	0
inflammasomes/metabolism	nlr family pyrin domain-containing 3 protein/metabolism	0.0005241692955735	0.0012925943513292	0.037037037037037	0.491090027111315	1	0
inflammasomes/metabolism	NLRP3	0.0005241692955735	0.0012925943513292	0.037037037037037	0.491090027111315	1	0
inflammasomes/metabolism	NOX4	0.0005241692955735	0.0012925943513292	0.037037037037037	0.491090027111315	1	0
inflammasomes/metabolism	toll-like receptor 4/metabolism	0.0005241692955735	0.0012925943513292	0.037037037037037	0.491090027111315	1	0
inflammation mediators/antagonists &amp; inhibitors	lipopolysaccharides/toxicity	9.441547543787007e-11	1.14562710782353e-09	0.037037037037037	0.491090027111315	1	0
inflammation mediators/antagonists &amp; inhibitors	microglia/drug effects	9.441547543787007e-11	1.14562710782353e-09	0.037037037037037	0.491090027111315	1	0
inflammation mediators/antagonists &amp; inhibitors	nf-e2-related factor 2/biosynthesis	9.441547543787007e-11	1.14562710782353e-09	0.037037037037037	0.491090027111315	1	0
inflammation mediators/antagonists &amp; inhibitors	NFE2L2	0.0009252229168602	0.0021093918702002	0.074074074074074	0.491090027111315	1	0
inflammation mediators/antagonists &amp; inhibitors	raw 264.7 cells	9.441547543787007e-11	1.14562710782353e-09	0.037037037037037	0.491090027111315	1	0
inflammation/drug therapy	myocardial reperfusion injury/drug therapy	3.10419946414342e-08	1.77908664941026e-07	0.037037037037037	0.491090027111315	1	0
inflammation/drug therapy	myocardium/immunology	3.10419946414342e-08	1.77908664941026e-07	0.037037037037037	0.491090027111315	1	0
inflammation/drug therapy	neutrophil infiltration	3.10419946414342e-08	1.77908664941026e-07	0.037037037037037	0.491090027111315	1	0
inflammation/drug therapy	neutrophils/immunology	3.10419946414342e-08	1.77908664941026e-07	0.037037037037037	0.491090027111315	1	0
inflammation/drug therapy	phenylenediamines/pharmacology	0.0006867567885109	0.001610019956897	0.074074074074074	0.491090027111315	1	0
inflammation/drug therapy	TICAM1	3.10419946414342e-08	1.77908664941026e-07	0.037037037037037	0.491090027111315	1	0
inflammation/drug therapy	TLR4	0.0006867567885109	0.001610019956897	0.074074074074074	0.491090027111315	1	0
inflammation/drug therapy	toll-like receptor 4/genetics	3.10419946414342e-08	1.77908664941026e-07	0.037037037037037	0.491090027111315	1	0
inflammation/drug therapy	TRIM69	3.10419946414342e-08	1.77908664941026e-07	0.037037037037037	0.491090027111315	1	0
inflammation/drug therapy	ventricular function left/drug effects	3.10419946414342e-08	1.77908664941026e-07	0.037037037037037	0.491090027111315	1	0
inflammation/metabolism	lung/blood supply	0.0005241692955735	0.0012925943513292	0.037037037037037	0.491090027111315	1	0
inflammation/metabolism	macrophages/metabolism	0.0005241692955735	0.0012925943513292	0.037037037037037	0.491090027111315	1	0
inflammation/metabolism	monocrotaline/toxicity	0.0005241692955735	0.0012925943513292	0.037037037037037	0.491090027111315	1	0
inflammation/metabolism	nlr family pyrin domain-containing 3 protein/metabolism	0.0005241692955735	0.0012925943513292	0.037037037037037	0.491090027111315	1	0
inflammation/metabolism	NLRP3	0.0005241692955735	0.0012925943513292	0.037037037037037	0.491090027111315	1	0
inflammation/metabolism	NOX4	0.0005241692955735	0.0012925943513292	0.037037037037037	0.491090027111315	1	0
inflammation/metabolism	toll-like receptor 4/metabolism	0.0005241692955735	0.0012925943513292	0.037037037037037	0.491090027111315	1	0
interferon-gamma/immunology	melanoma/genetics	3.10419946414342e-08	1.77908664941026e-07	0.037037037037037	0.491090027111315	1	0
interferon-gamma/immunology	nivolumab/therapeutic use	3.10419946414342e-08	1.77908664941026e-07	0.037037037037037	0.491090027111315	1	0
interferon-gamma/immunology	SLC3A2	3.10419946414342e-08	1.77908664941026e-07	0.037037037037037	0.491090027111315	1	0
interferon-gamma/immunology	SLC9A1	5.6844185756133e-05	0.0001786003669477	0.074074074074074	0.491090027111315	1	0
interferon-gamma/metabolism	metal-organic frameworks/chemistry	1.37805787725487e-06	6.67173262777816e-06	0.037037037037037	0.491090027111315	1	0
interferon-gamma/metabolism	phenol/chemistry	1.37805787725487e-06	6.67173262777816e-06	0.037037037037037	0.491090027111315	1	0
interferon-gamma/metabolism	programmed cell death 1 receptor/metabolism	1.37805787725487e-06	6.67173262777816e-06	0.037037037037037	0.491090027111315	1	0
iron chelating agents/pharmacology	iron/metabolism	0.0003621740428354	0.0010297105139439	0.148148148148148	0.491090027111315	1	0
iron chelating agents/pharmacology	macrophages/drug effects	0.0025695249368861	0.0054154231954721	0.148148148148148	0.491090027111315	1	0
iron chelating agents/pharmacology	phospholipid hydroperoxide glutathione peroxidase/metabolism	1.70932890064535e-08	1.52995488020725e-07	0.074074074074074	0.491090027111315	1	0
iron chelating agents/pharmacology	tuberculosis/metabolism	0.0	0.0	0.037037037037037	0.491090027111315	1	0
iron/blood	kidney	0.0	0.0	0.037037037037037	0.491090027111315	1	0
iron/blood	liver/pathology	0.0	0.0	0.037037037037037	0.491090027111315	1	0
iron/blood	malondialdehyde/blood	0.0	0.0	0.037037037037037	0.491090027111315	1	0
iron/blood	phospholipid hydroperoxide glutathione peroxidase	0.0	0.0	0.037037037037037	0.491090027111315	1	0
iron/blood	piperazines/pharmacology	7.083931083951e-07	3.69485614090969e-06	0.074074074074074	0.491090027111315	1	0
iron/blood	spleen/pathology	0.0	0.0	0.037037037037037	0.491090027111315	1	0
iron/metabolism	listeriosis/etiology	0.0021974525656576	0.0046720032554304	0.148148148148148	0.491090027111315	1	0
iron/metabolism	liver x receptors/agonists	0.0021974525656576	0.0046720032554304	0.148148148148148	0.491090027111315	1	0
iron/metabolism	lymph/metabolism	0.0021974525656576	0.0046720032554304	0.148148148148148	0.491090027111315	1	0
iron/metabolism	malaria/genetics	0.0021974525656576	0.0046720032554304	0.148148148148148	0.491090027111315	1	0
iron/metabolism	melanoma/blood	0.0021974525656576	0.0046720032554304	0.148148148148148	0.491090027111315	1	0
iron/metabolism	neoplasm metastasis/drug therapy	0.0021974525656576	0.0046720032554304	0.148148148148148	0.491090027111315	1	0
iron/metabolism	oleic acid/metabolism	0.0021974525656576	0.0046720032554304	0.148148148148148	0.491090027111315	1	0
iron/metabolism	phospholipid hydroperoxide glutathione peroxidase/metabolism	6.32554567225885e-06	2.72167395393927e-05	0.017094017094017	0.178864212567384	2	0
iron/metabolism	TF	0.0021974525656576	0.0046720032554304	0.148148148148148	0.491090027111315	1	0
iron/metabolism	transferrin/metabolism	0.0021974525656576	0.0046720032554304	0.148148148148148	0.491090027111315	1	0
iron/metabolism	tuberculosis/metabolism	0.0003621740428354	0.0010297105139439	0.148148148148148	0.491090027111315	1	0
iron/metabolism	tumor suppressor protein p53/genetics	0.0021974525656576	0.0046720032554304	0.148148148148148	0.491090027111315	1	0
JAK2	SMAD3	2.3766930645763304e-09	2.23055336157649e-08	0.037037037037037	0.491090027111315	1	0
JAK2	STAT3	2.3766930645763304e-09	2.23055336157649e-08	0.037037037037037	0.491090027111315	1	0
JAK2	TGFB1	2.3766930645763304e-09	2.23055336157649e-08	0.037037037037037	0.491090027111315	1	0
JAK2	triple negative breast neoplasms/drug therapy	2.3766930645763304e-09	2.23055336157649e-08	0.037037037037037	0.491090027111315	1	0
JAK2	tumor-associated macrophages/drug effects	2.3766930645763304e-09	2.23055336157649e-08	0.037037037037037	0.491090027111315	1	0
jurkat cells	methotrexate/pharmacology	0.0012969225227602	0.0028666732591499	0.074074074074074	0.491090027111315	1	0
jurkat cells	phospholipid hydroperoxide glutathione peroxidase/antagonists &amp; inhibitors	0.0012969225227602	0.0028666732591499	0.074074074074074	0.491090027111315	1	0
jurkat cells	precursor cell lymphoblastic leukemia-lymphoma/metabolism	0.0001347174188101	0.000411242646894	0.074074074074074	0.491090027111315	1	0
jurkat cells	tetrahydrofolate dehydrogenase/genetics	0.0012969225227602	0.0028666732591499	0.074074074074074	0.491090027111315	1	0
jurkat cells	vitamin e/pharmacology	0.0012969225227602	0.0028666732591499	0.074074074074074	0.491090027111315	1	0
KDM8	macrophages	1.90229000622821e-05	6.33368658790105e-05	0.037037037037037	0.491090027111315	1	0
KDM8	membrane proteins/genetics	1.90229000622821e-05	6.33368658790105e-05	0.037037037037037	0.491090027111315	1	0
KDM8	pancreas/metabolism	1.90229000622821e-05	6.33368658790105e-05	0.037037037037037	0.491090027111315	1	0
KDM8	pancreatitis/genetics	1.90229000622821e-05	6.33368658790105e-05	0.037037037037037	0.491090027111315	1	0
KDM8	phospholipid hydroperoxide glutathione peroxidase/genetics	1.90229000622821e-05	6.33368658790105e-05	0.037037037037037	0.491090027111315	1	0
KDM8	proto-oncogene proteins p21(ras)/metabolism	1.90229000622821e-05	6.33368658790105e-05	0.037037037037037	0.491090027111315	1	0
KDM8	quinoxalines/pharmacology	1.90229000622821e-05	6.33368658790105e-05	0.037037037037037	0.491090027111315	1	0
KDM8	spiro compounds/pharmacology	1.90229000622821e-05	6.33368658790105e-05	0.037037037037037	0.491090027111315	1	0
KDM8	STING1	1.90229000622821e-05	6.33368658790105e-05	0.037037037037037	0.491090027111315	1	0
KDM8	tumor microenvironment	0.0015625643362536	0.0033615998331867	0.074074074074074	0.491090027111315	1	0
kidney	liver/pathology	0.0	0.0	0.037037037037037	0.491090027111315	1	0
kidney	malondialdehyde/blood	0.0	0.0	0.037037037037037	0.491090027111315	1	0
kidney	phospholipid hydroperoxide glutathione peroxidase	0.0	0.0	0.037037037037037	0.491090027111315	1	0
kidney	piperazines/pharmacology	7.083931083951e-07	3.69485614090969e-06	0.074074074074074	0.491090027111315	1	0
kidney	spleen/pathology	0.0	0.0	0.037037037037037	0.491090027111315	1	0
killer cells natural/metabolism	lymphoma t-cell	3.10419946414342e-08	1.77908664941026e-07	0.037037037037037	0.491090027111315	1	0
killer cells natural/metabolism	NLRP1	3.10419946414342e-08	1.77908664941026e-07	0.037037037037037	0.491090027111315	1	0
killer cells natural/metabolism	TP53	0.0015313968527381	0.0033542680309219	0.111111111111111	0.491090027111315	1	0
killer cells natural/metabolism	tumor suppressor protein p53/metabolism	0.0001430031506204	0.0004284185297513	0.074074074074074	0.491090027111315	1	0
killer cells natural/metabolism	XK	3.10419946414342e-08	1.77908664941026e-07	0.037037037037037	0.491090027111315	1	0
lipid metabolism/drug effects	SLC7A11	0.0039176473670681	0.0079727560452614	0.148148148148148	0.491090027111315	1	0
lipid metabolism/drug effects	SLC9A1	1.29861397354381e-05	5.27448252559809e-05	0.074074074074074	0.491090027111315	1	0
lipid metabolism/drug effects	sulfasalazine/administration &amp; dosage	9.441547543787007e-11	1.14562710782353e-09	0.037037037037037	0.491090027111315	1	0
lipopolysaccharides/toxicity	microglia/drug effects	9.441547543787007e-11	1.14562710782353e-09	0.037037037037037	0.491090027111315	1	0
lipopolysaccharides/toxicity	nf-e2-related factor 2/biosynthesis	9.441547543787007e-11	1.14562710782353e-09	0.037037037037037	0.491090027111315	1	0
lipopolysaccharides/toxicity	NFE2L2	0.0009252229168602	0.0021093918702002	0.074074074074074	0.491090027111315	1	0
lipopolysaccharides/toxicity	raw 264.7 cells	9.441547543787007e-11	1.14562710782353e-09	0.037037037037037	0.491090027111315	1	0
listeriosis/etiology	liver x receptors/agonists	9.441547543787007e-11	1.14562710782353e-09	0.037037037037037	0.491090027111315	1	0
listeriosis/etiology	malaria/genetics	9.441547543787007e-11	1.14562710782353e-09	0.037037037037037	0.491090027111315	1	0
listeriosis/etiology	TF	9.441547543787007e-11	1.14562710782353e-09	0.037037037037037	0.491090027111315	1	0
listeriosis/etiology	TP53	0.0005854784028423	0.0014113776959625	0.111111111111111	0.491090027111315	1	0
listeriosis/etiology	transferrin/metabolism	9.441547543787007e-11	1.14562710782353e-09	0.037037037037037	0.491090027111315	1	0
listeriosis/etiology	tumor suppressor protein p53/genetics	9.441547543787007e-11	1.14562710782353e-09	0.037037037037037	0.491090027111315	1	0
liver cirrhosis/drug therapy	MMRN1	5.72955623634464e-06	2.46890239010393e-05	0.037037037037037	0.491090027111315	1	0
liver cirrhosis/drug therapy	sorafenib/pharmacology	5.72955623634464e-06	2.46890239010393e-05	0.037037037037037	0.491090027111315	1	0
liver x receptors/agonists	malaria/genetics	9.441547543787007e-11	1.14562710782353e-09	0.037037037037037	0.491090027111315	1	0
liver x receptors/agonists	TF	9.441547543787007e-11	1.14562710782353e-09	0.037037037037037	0.491090027111315	1	0
liver x receptors/agonists	TP53	0.0005854784028423	0.0014113776959625	0.111111111111111	0.491090027111315	1	0
liver x receptors/agonists	transferrin/metabolism	9.441547543787007e-11	1.14562710782353e-09	0.037037037037037	0.491090027111315	1	0
liver x receptors/agonists	tumor suppressor protein p53/genetics	9.441547543787007e-11	1.14562710782353e-09	0.037037037037037	0.491090027111315	1	0
liver/pathology	malondialdehyde/blood	0.0	0.0	0.037037037037037	0.491090027111315	1	0
liver/pathology	phospholipid hydroperoxide glutathione peroxidase	0.0	0.0	0.037037037037037	0.491090027111315	1	0
liver/pathology	piperazines/pharmacology	7.083931083951e-07	3.69485614090969e-06	0.074074074074074	0.491090027111315	1	0
liver/pathology	spleen/pathology	0.0	0.0	0.037037037037037	0.491090027111315	1	0
lung/blood supply	macrophages/metabolism	0.0005241692955735	0.0012925943513292	0.037037037037037	0.491090027111315	1	0
lung/blood supply	monocrotaline/toxicity	0.0005241692955735	0.0012925943513292	0.037037037037037	0.491090027111315	1	0
lung/blood supply	nlr family pyrin domain-containing 3 protein/metabolism	0.0005241692955735	0.0012925943513292	0.037037037037037	0.491090027111315	1	0
lung/blood supply	NLRP3	0.0005241692955735	0.0012925943513292	0.037037037037037	0.491090027111315	1	0
lung/blood supply	NOX4	0.0005241692955735	0.0012925943513292	0.037037037037037	0.491090027111315	1	0
lung/blood supply	toll-like receptor 4/metabolism	0.0005241692955735	0.0012925943513292	0.037037037037037	0.491090027111315	1	0
lymph/metabolism	melanoma/blood	9.441547543787007e-11	1.14562710782353e-09	0.037037037037037	0.491090027111315	1	0
lymph/metabolism	neoplasm metastasis/drug therapy	9.441547543787007e-11	1.14562710782353e-09	0.037037037037037	0.491090027111315	1	0
lymph/metabolism	oleic acid/metabolism	9.441547543787007e-11	1.14562710782353e-09	0.037037037037037	0.491090027111315	1	0
lymph/metabolism	oxidative stress/drug effects	0.0009252229168602	0.0021093918702002	0.074074074074074	0.491090027111315	1	0
lymph/metabolism	phospholipid hydroperoxide glutathione peroxidase/metabolism	1.13100478793537e-06	5.82577954709163e-06	0.074074074074074	0.491090027111315	1	0
lymphocytes tumor-infiltrating/immunology	membrane proteins/metabolism	2.48910234645905e-07	1.3318075285482e-06	0.037037037037037	0.491090027111315	1	0
lymphocytes tumor-infiltrating/immunology	myeloid-derived suppressor cells/immunology	2.48910234645905e-07	1.3318075285482e-06	0.037037037037037	0.491090027111315	1	0
lymphocytes tumor-infiltrating/immunology	neutral ceramidase/antagonists &amp; inhibitors	2.48910234645905e-07	1.3318075285482e-06	0.037037037037037	0.491090027111315	1	0
lymphocytes tumor-infiltrating/immunology	t-lymphocytes/immunology	2.48910234645905e-07	1.3318075285482e-06	0.037037037037037	0.491090027111315	1	0
lymphocytes tumor-infiltrating/immunology	TP53	0.0022568714518765	0.0047668807068041	0.111111111111111	0.491090027111315	1	0
lymphocytes tumor-infiltrating/immunology	tumor suppressor protein p53/metabolism	0.0002443386631932	0.0007043559873365	0.074074074074074	0.491090027111315	1	0
lymphoma t-cell	NLRP1	3.10419946414342e-08	1.77908664941026e-07	0.037037037037037	0.491090027111315	1	0
lymphoma t-cell	TP53	0.0015313968527381	0.0033542680309219	0.111111111111111	0.491090027111315	1	0
lymphoma t-cell	tumor suppressor protein p53/metabolism	0.0001430031506204	0.0004284185297513	0.074074074074074	0.491090027111315	1	0
lymphoma t-cell	XK	3.10419946414342e-08	1.77908664941026e-07	0.037037037037037	0.491090027111315	1	0
macrophages	membrane proteins/genetics	1.90229000622821e-05	6.33368658790105e-05	0.037037037037037	0.491090027111315	1	0
macrophages	pancreas/metabolism	1.90229000622821e-05	6.33368658790105e-05	0.037037037037037	0.491090027111315	1	0
macrophages	pancreatitis/genetics	1.90229000622821e-05	6.33368658790105e-05	0.037037037037037	0.491090027111315	1	0
macrophages	phospholipid hydroperoxide glutathione peroxidase/genetics	1.90229000622821e-05	6.33368658790105e-05	0.037037037037037	0.491090027111315	1	0
macrophages	proto-oncogene proteins p21(ras)/metabolism	1.90229000622821e-05	6.33368658790105e-05	0.037037037037037	0.491090027111315	1	0
macrophages	quinoxalines/pharmacology	1.90229000622821e-05	6.33368658790105e-05	0.037037037037037	0.491090027111315	1	0
macrophages	spiro compounds/pharmacology	1.90229000622821e-05	6.33368658790105e-05	0.037037037037037	0.491090027111315	1	0
macrophages	STING1	1.90229000622821e-05	6.33368658790105e-05	0.037037037037037	0.491090027111315	1	0
macrophages	tumor microenvironment	0.0015625643362536	0.0033615998331867	0.074074074074074	0.491090027111315	1	0
macrophages/cytology	neoplasms/drug therapy	0.0030275730352965	0.006325620895072	0.145299145299145	0.491090027111315	1	0
macrophages/cytology	protein kinase inhibitors/chemistry	3.98433250663466e-05	0.000130412689269	0.074074074074074	0.491090027111315	1	0
macrophages/cytology	pyruvate dehydrogenase acetyl-transferring kinase/antagonists &amp; inhibitors	3.98433250663466e-05	0.000130412689269	0.074074074074074	0.491090027111315	1	0
macrophages/cytology	saponins/chemistry	3.98433250663466e-05	0.000130412689269	0.074074074074074	0.491090027111315	1	0
macrophages/cytology	urinary bladder neoplasms/pathology	3.26106776693535e-06	1.56574445763452e-05	0.074074074074074	0.491090027111315	1	0
macrophages/drug effects	tuberculosis/metabolism	0.0025695249368861	0.0054154231954721	0.148148148148148	0.491090027111315	1	0
macrophages/metabolism	monocrotaline/toxicity	0.0005241692955735	0.0012925943513292	0.037037037037037	0.491090027111315	1	0
macrophages/metabolism	nlr family pyrin domain-containing 3 protein/metabolism	0.0005241692955735	0.0012925943513292	0.037037037037037	0.491090027111315	1	0
macrophages/metabolism	NLRP3	0.0005241692955735	0.0012925943513292	0.037037037037037	0.491090027111315	1	0
macrophages/metabolism	NOX4	0.0005241692955735	0.0012925943513292	0.037037037037037	0.491090027111315	1	0
macrophages/metabolism	toll-like receptor 4/metabolism	0.0005241692955735	0.0012925943513292	0.037037037037037	0.491090027111315	1	0
malaria/genetics	TF	9.441547543787007e-11	1.14562710782353e-09	0.037037037037037	0.491090027111315	1	0
malaria/genetics	TP53	0.0005854784028423	0.0014113776959625	0.111111111111111	0.491090027111315	1	0
malaria/genetics	transferrin/metabolism	9.441547543787007e-11	1.14562710782353e-09	0.037037037037037	0.491090027111315	1	0
malaria/genetics	tumor suppressor protein p53/genetics	9.441547543787007e-11	1.14562710782353e-09	0.037037037037037	0.491090027111315	1	0
malondialdehyde/blood	phospholipid hydroperoxide glutathione peroxidase	0.0	0.0	0.037037037037037	0.491090027111315	1	0
malondialdehyde/blood	piperazines/pharmacology	7.083931083951e-07	3.69485614090969e-06	0.074074074074074	0.491090027111315	1	0
malondialdehyde/blood	spleen/pathology	0.0	0.0	0.037037037037037	0.491090027111315	1	0
melanoma/blood	neoplasm metastasis/drug therapy	9.441547543787007e-11	1.14562710782353e-09	0.037037037037037	0.491090027111315	1	0
melanoma/blood	oleic acid/metabolism	9.441547543787007e-11	1.14562710782353e-09	0.037037037037037	0.491090027111315	1	0
melanoma/blood	oxidative stress/drug effects	0.0009252229168602	0.0021093918702002	0.074074074074074	0.491090027111315	1	0
melanoma/blood	phospholipid hydroperoxide glutathione peroxidase/metabolism	1.13100478793537e-06	5.82577954709163e-06	0.074074074074074	0.491090027111315	1	0
melanoma/genetics	nivolumab/therapeutic use	3.10419946414342e-08	1.77908664941026e-07	0.037037037037037	0.491090027111315	1	0
melanoma/genetics	SLC3A2	3.10419946414342e-08	1.77908664941026e-07	0.037037037037037	0.491090027111315	1	0
melanoma/genetics	SLC9A1	5.6844185756133e-05	0.0001786003669477	0.074074074074074	0.491090027111315	1	0
membrane proteins/genetics	pancreas/metabolism	1.90229000622821e-05	6.33368658790105e-05	0.037037037037037	0.491090027111315	1	0
membrane proteins/genetics	pancreatitis/genetics	1.90229000622821e-05	6.33368658790105e-05	0.037037037037037	0.491090027111315	1	0
membrane proteins/genetics	phospholipid hydroperoxide glutathione peroxidase/genetics	1.90229000622821e-05	6.33368658790105e-05	0.037037037037037	0.491090027111315	1	0
membrane proteins/genetics	proto-oncogene proteins p21(ras)/metabolism	1.90229000622821e-05	6.33368658790105e-05	0.037037037037037	0.491090027111315	1	0
membrane proteins/genetics	quinoxalines/pharmacology	1.90229000622821e-05	6.33368658790105e-05	0.037037037037037	0.491090027111315	1	0
membrane proteins/genetics	spiro compounds/pharmacology	1.90229000622821e-05	6.33368658790105e-05	0.037037037037037	0.491090027111315	1	0
membrane proteins/genetics	STING1	1.90229000622821e-05	6.33368658790105e-05	0.037037037037037	0.491090027111315	1	0
membrane proteins/genetics	tumor microenvironment	0.0015625643362536	0.0033615998331867	0.074074074074074	0.491090027111315	1	0
membrane proteins/metabolism	myeloid-derived suppressor cells/immunology	2.48910234645905e-07	1.3318075285482e-06	0.037037037037037	0.491090027111315	1	0
membrane proteins/metabolism	neutral ceramidase/antagonists &amp; inhibitors	2.48910234645905e-07	1.3318075285482e-06	0.037037037037037	0.491090027111315	1	0
membrane proteins/metabolism	t-lymphocytes/immunology	2.48910234645905e-07	1.3318075285482e-06	0.037037037037037	0.491090027111315	1	0
membrane proteins/metabolism	TP53	0.0022568714518765	0.0047668807068041	0.111111111111111	0.491090027111315	1	0
membrane proteins/metabolism	tumor suppressor protein p53/metabolism	0.0002443386631932	0.0007043559873365	0.074074074074074	0.491090027111315	1	0
metal-organic frameworks/chemistry	phenol/chemistry	1.37805787725487e-06	6.67173262777816e-06	0.037037037037037	0.491090027111315	1	0
metal-organic frameworks/chemistry	programmed cell death 1 receptor/metabolism	1.37805787725487e-06	6.67173262777816e-06	0.037037037037037	0.491090027111315	1	0
methotrexate/pharmacology	oxidative stress	0.0005390447313372	0.0013092376221759	0.074074074074074	0.491090027111315	1	0
methotrexate/pharmacology	phospholipid hydroperoxide glutathione peroxidase/antagonists &amp; inhibitors	1.90229000622821e-05	6.33368658790105e-05	0.037037037037037	0.491090027111315	1	0
methotrexate/pharmacology	piperazines/pharmacology	0.0005390447313372	0.0013092376221759	0.074074074074074	0.491090027111315	1	0
methotrexate/pharmacology	tetrahydrofolate dehydrogenase/genetics	1.90229000622821e-05	6.33368658790105e-05	0.037037037037037	0.491090027111315	1	0
methotrexate/pharmacology	vitamin e/pharmacology	1.90229000622821e-05	6.33368658790105e-05	0.037037037037037	0.491090027111315	1	0
microglia/drug effects	nf-e2-related factor 2/biosynthesis	9.441547543787007e-11	1.14562710782353e-09	0.037037037037037	0.491090027111315	1	0
microglia/drug effects	NFE2L2	0.0009252229168602	0.0021093918702002	0.074074074074074	0.491090027111315	1	0
microglia/drug effects	raw 264.7 cells	9.441547543787007e-11	1.14562710782353e-09	0.037037037037037	0.491090027111315	1	0
mitochondria/drug effects	protein kinase inhibitors/chemistry	0.0028851458065133	0.0060410995226632	0.074074074074074	0.491090027111315	1	0
mitochondria/drug effects	pyruvate dehydrogenase acetyl-transferring kinase/antagonists &amp; inhibitors	0.0028851458065133	0.0060410995226632	0.074074074074074	0.491090027111315	1	0
mitochondria/drug effects	saponins/chemistry	0.0028851458065133	0.0060410995226632	0.074074074074074	0.491090027111315	1	0
MMRN1	sorafenib/pharmacology	5.72955623634464e-06	2.46890239010393e-05	0.037037037037037	0.491090027111315	1	0
monocrotaline/toxicity	nlr family pyrin domain-containing 3 protein/metabolism	0.0005241692955735	0.0012925943513292	0.037037037037037	0.491090027111315	1	0
monocrotaline/toxicity	NLRP3	0.0005241692955735	0.0012925943513292	0.037037037037037	0.491090027111315	1	0
monocrotaline/toxicity	NOX4	0.0005241692955735	0.0012925943513292	0.037037037037037	0.491090027111315	1	0
monocrotaline/toxicity	toll-like receptor 4/metabolism	0.0005241692955735	0.0012925943513292	0.037037037037037	0.491090027111315	1	0
MRLN	urinary bladder neoplasms/pathology	0.0004475609267244	0.0012601229975738	0.074074074074074	0.491090027111315	1	0
MS4A1	PLEKHM1	6.772360450213451e-15	2.3951030860511e-13	0.037037037037037	0.491090027111315	1	0
MS4A1	ROS1	0.0010636503730522	0.0023691137341409	0.148148148148148	0.491090027111315	1	0
MS4A1	SPANXB1	6.772360450213451e-15	2.3951030860511e-13	0.037037037037037	0.491090027111315	1	0
multiple myeloma/drug therapy	tumor microenvironment	0.0003039350520657	0.0008666781229012	0.074074074074074	0.491090027111315	1	0
myeloid-derived suppressor cells/immunology	neutral ceramidase/antagonists &amp; inhibitors	2.48910234645905e-07	1.3318075285482e-06	0.037037037037037	0.491090027111315	1	0
myeloid-derived suppressor cells/immunology	t-lymphocytes/immunology	2.48910234645905e-07	1.3318075285482e-06	0.037037037037037	0.491090027111315	1	0
myeloid-derived suppressor cells/immunology	TP53	0.0022568714518765	0.0047668807068041	0.111111111111111	0.491090027111315	1	0
myeloid-derived suppressor cells/immunology	tumor suppressor protein p53/metabolism	0.0002443386631932	0.0007043559873365	0.074074074074074	0.491090027111315	1	0
myocardial reperfusion injury/drug therapy	myocardium/immunology	3.10419946414342e-08	1.77908664941026e-07	0.037037037037037	0.491090027111315	1	0
myocardial reperfusion injury/drug therapy	neutrophil infiltration	3.10419946414342e-08	1.77908664941026e-07	0.037037037037037	0.491090027111315	1	0
myocardial reperfusion injury/drug therapy	neutrophils/immunology	3.10419946414342e-08	1.77908664941026e-07	0.037037037037037	0.491090027111315	1	0
myocardial reperfusion injury/drug therapy	phenylenediamines/pharmacology	0.0006867567885109	0.001610019956897	0.074074074074074	0.491090027111315	1	0
myocardial reperfusion injury/drug therapy	TICAM1	3.10419946414342e-08	1.77908664941026e-07	0.037037037037037	0.491090027111315	1	0
myocardial reperfusion injury/drug therapy	TLR4	0.0006867567885109	0.001610019956897	0.074074074074074	0.491090027111315	1	0
myocardial reperfusion injury/drug therapy	toll-like receptor 4/genetics	3.10419946414342e-08	1.77908664941026e-07	0.037037037037037	0.491090027111315	1	0
myocardial reperfusion injury/drug therapy	TRIM69	3.10419946414342e-08	1.77908664941026e-07	0.037037037037037	0.491090027111315	1	0
myocardial reperfusion injury/drug therapy	ventricular function left/drug effects	3.10419946414342e-08	1.77908664941026e-07	0.037037037037037	0.491090027111315	1	0
myocardium/immunology	neutrophil infiltration	3.10419946414342e-08	1.77908664941026e-07	0.037037037037037	0.491090027111315	1	0
myocardium/immunology	neutrophils/immunology	3.10419946414342e-08	1.77908664941026e-07	0.037037037037037	0.491090027111315	1	0
myocardium/immunology	phenylenediamines/pharmacology	0.0006867567885109	0.001610019956897	0.074074074074074	0.491090027111315	1	0
myocardium/immunology	TICAM1	3.10419946414342e-08	1.77908664941026e-07	0.037037037037037	0.491090027111315	1	0
myocardium/immunology	TLR4	0.0006867567885109	0.001610019956897	0.074074074074074	0.491090027111315	1	0
myocardium/immunology	toll-like receptor 4/genetics	3.10419946414342e-08	1.77908664941026e-07	0.037037037037037	0.491090027111315	1	0
myocardium/immunology	TRIM69	3.10419946414342e-08	1.77908664941026e-07	0.037037037037037	0.491090027111315	1	0
myocardium/immunology	ventricular function left/drug effects	3.10419946414342e-08	1.77908664941026e-07	0.037037037037037	0.491090027111315	1	0
necroptosis/drug effects	radiation-protective agents/pharmacology	0.0	0.0	0.037037037037037	0.491090027111315	1	0
necroptosis/drug effects	small molecule libraries/pharmacology	0.0	0.0	0.037037037037037	0.491090027111315	1	0
neoplasm metastasis/drug therapy	oleic acid/metabolism	9.441547543787007e-11	1.14562710782353e-09	0.037037037037037	0.491090027111315	1	0
neoplasm metastasis/drug therapy	oxidative stress/drug effects	0.0009252229168602	0.0021093918702002	0.074074074074074	0.491090027111315	1	0
neoplasm metastasis/drug therapy	phospholipid hydroperoxide glutathione peroxidase/metabolism	1.13100478793537e-06	5.82577954709163e-06	0.074074074074074	0.491090027111315	1	0
neoplasms/diagnostic imaging	oxidative stress	7.083931083951e-07	3.69485614090969e-06	0.074074074074074	0.491090027111315	1	0
neoplasms/diagnostic imaging	t-lymphocytes cytotoxic/metabolism	0.0	0.0	0.037037037037037	0.491090027111315	1	0
neoplasms/drug therapy	protein kinase inhibitors/chemistry	5.6844185756133e-05	0.0001786003669477	0.074074074074074	0.491090027111315	1	0
neoplasms/drug therapy	pyruvate dehydrogenase acetyl-transferring kinase/antagonists &amp; inhibitors	5.6844185756133e-05	0.0001786003669477	0.074074074074074	0.491090027111315	1	0
neoplasms/drug therapy	S100A4	1.29861397354381e-05	5.27448252559809e-05	0.074074074074074	0.491090027111315	1	0
neoplasms/drug therapy	saponins/chemistry	5.6844185756133e-05	0.0001786003669477	0.074074074074074	0.491090027111315	1	0
neutral ceramidase/antagonists &amp; inhibitors	t-lymphocytes/immunology	2.48910234645905e-07	1.3318075285482e-06	0.037037037037037	0.491090027111315	1	0
neutral ceramidase/antagonists &amp; inhibitors	TP53	0.0022568714518765	0.0047668807068041	0.111111111111111	0.491090027111315	1	0
neutral ceramidase/antagonists &amp; inhibitors	tumor suppressor protein p53/metabolism	0.0002443386631932	0.0007043559873365	0.074074074074074	0.491090027111315	1	0
neutrophil infiltration	neutrophils/immunology	3.10419946414342e-08	1.77908664941026e-07	0.037037037037037	0.491090027111315	1	0
neutrophil infiltration	phenylenediamines/pharmacology	0.0006867567885109	0.001610019956897	0.074074074074074	0.491090027111315	1	0
neutrophil infiltration	TICAM1	3.10419946414342e-08	1.77908664941026e-07	0.037037037037037	0.491090027111315	1	0
neutrophil infiltration	TLR4	0.0006867567885109	0.001610019956897	0.074074074074074	0.491090027111315	1	0
neutrophil infiltration	toll-like receptor 4/genetics	3.10419946414342e-08	1.77908664941026e-07	0.037037037037037	0.491090027111315	1	0
neutrophil infiltration	TRIM69	3.10419946414342e-08	1.77908664941026e-07	0.037037037037037	0.491090027111315	1	0
neutrophil infiltration	ventricular function left/drug effects	3.10419946414342e-08	1.77908664941026e-07	0.037037037037037	0.491090027111315	1	0
neutrophils/immunology	phenylenediamines/pharmacology	0.0006867567885109	0.001610019956897	0.074074074074074	0.491090027111315	1	0
neutrophils/immunology	TICAM1	3.10419946414342e-08	1.77908664941026e-07	0.037037037037037	0.491090027111315	1	0
neutrophils/immunology	TLR4	0.0006867567885109	0.001610019956897	0.074074074074074	0.491090027111315	1	0
neutrophils/immunology	toll-like receptor 4/genetics	3.10419946414342e-08	1.77908664941026e-07	0.037037037037037	0.491090027111315	1	0
neutrophils/immunology	TRIM69	3.10419946414342e-08	1.77908664941026e-07	0.037037037037037	0.491090027111315	1	0
neutrophils/immunology	ventricular function left/drug effects	3.10419946414342e-08	1.77908664941026e-07	0.037037037037037	0.491090027111315	1	0
nf-e2-related factor 2/biosynthesis	NFE2L2	0.0009252229168602	0.0021093918702002	0.074074074074074	0.491090027111315	1	0
nf-e2-related factor 2/biosynthesis	raw 264.7 cells	9.441547543787007e-11	1.14562710782353e-09	0.037037037037037	0.491090027111315	1	0
NFE2L2	raw 264.7 cells	0.0009252229168602	0.0021093918702002	0.074074074074074	0.491090027111315	1	0
nivolumab/therapeutic use	SLC3A2	3.10419946414342e-08	1.77908664941026e-07	0.037037037037037	0.491090027111315	1	0
nivolumab/therapeutic use	SLC9A1	5.6844185756133e-05	0.0001786003669477	0.074074074074074	0.491090027111315	1	0
nlr family pyrin domain-containing 3 protein/metabolism	NLRP3	0.0005241692955735	0.0012925943513292	0.037037037037037	0.491090027111315	1	0
nlr family pyrin domain-containing 3 protein/metabolism	NOX4	0.0005241692955735	0.0012925943513292	0.037037037037037	0.491090027111315	1	0
nlr family pyrin domain-containing 3 protein/metabolism	toll-like receptor 4/metabolism	0.0005241692955735	0.0012925943513292	0.037037037037037	0.491090027111315	1	0
NLRP1	TP53	0.0015313968527381	0.0033542680309219	0.111111111111111	0.491090027111315	1	0
NLRP1	tumor suppressor protein p53/metabolism	0.0001430031506204	0.0004284185297513	0.074074074074074	0.491090027111315	1	0
NLRP1	XK	3.10419946414342e-08	1.77908664941026e-07	0.037037037037037	0.491090027111315	1	0
NLRP3	NOX4	0.0005241692955735	0.0012925943513292	0.037037037037037	0.491090027111315	1	0
NLRP3	toll-like receptor 4/metabolism	0.0005241692955735	0.0012925943513292	0.037037037037037	0.491090027111315	1	0
NOX4	toll-like receptor 4/metabolism	0.0005241692955735	0.0012925943513292	0.037037037037037	0.491090027111315	1	0
oleic acid/metabolism	oxidative stress/drug effects	0.0009252229168602	0.0021093918702002	0.074074074074074	0.491090027111315	1	0
oleic acid/metabolism	phospholipid hydroperoxide glutathione peroxidase/metabolism	1.13100478793537e-06	5.82577954709163e-06	0.074074074074074	0.491090027111315	1	0
oxidative stress	phospholipid hydroperoxide glutathione peroxidase/antagonists &amp; inhibitors	0.0005390447313372	0.0013092376221759	0.074074074074074	0.491090027111315	1	0
oxidative stress	t-lymphocytes cytotoxic/metabolism	7.083931083951e-07	3.69485614090969e-06	0.074074074074074	0.491090027111315	1	0
oxidative stress	tetrahydrofolate dehydrogenase/genetics	0.0005390447313372	0.0013092376221759	0.074074074074074	0.491090027111315	1	0
oxidative stress	vitamin e/pharmacology	0.0005390447313372	0.0013092376221759	0.074074074074074	0.491090027111315	1	0
pancreas/metabolism	pancreatitis/genetics	1.90229000622821e-05	6.33368658790105e-05	0.037037037037037	0.491090027111315	1	0
pancreas/metabolism	phospholipid hydroperoxide glutathione peroxidase/genetics	1.90229000622821e-05	6.33368658790105e-05	0.037037037037037	0.491090027111315	1	0
pancreas/metabolism	proto-oncogene proteins p21(ras)/metabolism	1.90229000622821e-05	6.33368658790105e-05	0.037037037037037	0.491090027111315	1	0
pancreas/metabolism	quinoxalines/pharmacology	1.90229000622821e-05	6.33368658790105e-05	0.037037037037037	0.491090027111315	1	0
pancreas/metabolism	spiro compounds/pharmacology	1.90229000622821e-05	6.33368658790105e-05	0.037037037037037	0.491090027111315	1	0
pancreas/metabolism	STING1	1.90229000622821e-05	6.33368658790105e-05	0.037037037037037	0.491090027111315	1	0
pancreas/metabolism	tumor microenvironment	0.0015625643362536	0.0033615998331867	0.074074074074074	0.491090027111315	1	0
pancreatitis/genetics	phospholipid hydroperoxide glutathione peroxidase/genetics	1.90229000622821e-05	6.33368658790105e-05	0.037037037037037	0.491090027111315	1	0
pancreatitis/genetics	proto-oncogene proteins p21(ras)/metabolism	1.90229000622821e-05	6.33368658790105e-05	0.037037037037037	0.491090027111315	1	0
pancreatitis/genetics	quinoxalines/pharmacology	1.90229000622821e-05	6.33368658790105e-05	0.037037037037037	0.491090027111315	1	0
pancreatitis/genetics	spiro compounds/pharmacology	1.90229000622821e-05	6.33368658790105e-05	0.037037037037037	0.491090027111315	1	0
pancreatitis/genetics	STING1	1.90229000622821e-05	6.33368658790105e-05	0.037037037037037	0.491090027111315	1	0
pancreatitis/genetics	tumor microenvironment	0.0015625643362536	0.0033615998331867	0.074074074074074	0.491090027111315	1	0
PDCD1	RPL17	0.0013676032024639	0.0030160070624681	0.0003418803418803	0.0511599499132576	3	0
PDCD1	RPL17-C18orf32	0.0013676032024639	0.0030160070624681	0.0003418803418803	0.0511599499132576	3	0
phenol/chemistry	programmed cell death 1 receptor/metabolism	1.37805787725487e-06	6.67173262777816e-06	0.037037037037037	0.491090027111315	1	0
phenylenediamines/pharmacology	TICAM1	0.0006867567885109	0.001610019956897	0.074074074074074	0.491090027111315	1	0
phenylenediamines/pharmacology	TLR4	5.02924301564178e-05	0.000164058546067	0.0028490028490028	0.178864212567384	2	0
phenylenediamines/pharmacology	toll-like receptor 4/genetics	0.0006867567885109	0.001610019956897	0.074074074074074	0.491090027111315	1	0
phenylenediamines/pharmacology	TRIM69	0.0006867567885109	0.001610019956897	0.074074074074074	0.491090027111315	1	0
phenylenediamines/pharmacology	ventricular function left/drug effects	0.0006867567885109	0.001610019956897	0.074074074074074	0.491090027111315	1	0
phospholipid hydroperoxide glutathione peroxidase	piperazines/pharmacology	7.083931083951e-07	3.69485614090969e-06	0.074074074074074	0.491090027111315	1	0
phospholipid hydroperoxide glutathione peroxidase	spleen/pathology	0.0	0.0	0.037037037037037	0.491090027111315	1	0
phospholipid hydroperoxide glutathione peroxidase/antagonists &amp; inhibitors	piperazines/pharmacology	0.0005390447313372	0.0013092376221759	0.074074074074074	0.491090027111315	1	0
phospholipid hydroperoxide glutathione peroxidase/antagonists &amp; inhibitors	tetrahydrofolate dehydrogenase/genetics	1.90229000622821e-05	6.33368658790105e-05	0.037037037037037	0.491090027111315	1	0
phospholipid hydroperoxide glutathione peroxidase/antagonists &amp; inhibitors	vitamin e/pharmacology	1.90229000622821e-05	6.33368658790105e-05	0.037037037037037	0.491090027111315	1	0
phospholipid hydroperoxide glutathione peroxidase/genetics	proto-oncogene proteins p21(ras)/metabolism	1.90229000622821e-05	6.33368658790105e-05	0.037037037037037	0.491090027111315	1	0
phospholipid hydroperoxide glutathione peroxidase/genetics	quinoxalines/pharmacology	1.90229000622821e-05	6.33368658790105e-05	0.037037037037037	0.491090027111315	1	0
phospholipid hydroperoxide glutathione peroxidase/genetics	spiro compounds/pharmacology	1.90229000622821e-05	6.33368658790105e-05	0.037037037037037	0.491090027111315	1	0
phospholipid hydroperoxide glutathione peroxidase/genetics	STING1	1.90229000622821e-05	6.33368658790105e-05	0.037037037037037	0.491090027111315	1	0
phospholipid hydroperoxide glutathione peroxidase/genetics	tumor microenvironment	0.0015625643362536	0.0033615998331867	0.074074074074074	0.491090027111315	1	0
phospholipid hydroperoxide glutathione peroxidase/metabolism	tuberculosis/metabolism	1.70932890064535e-08	1.52995488020725e-07	0.074074074074074	0.491090027111315	1	0
piperazines/pharmacology	spleen/pathology	7.083931083951e-07	3.69485614090969e-06	0.074074074074074	0.491090027111315	1	0
piperazines/pharmacology	tetrahydrofolate dehydrogenase/genetics	0.0005390447313372	0.0013092376221759	0.074074074074074	0.491090027111315	1	0
piperazines/pharmacology	vitamin e/pharmacology	0.0005390447313372	0.0013092376221759	0.074074074074074	0.491090027111315	1	0
PLEKHM1	ROS1	0.0010636503730522	0.0023691137341409	0.148148148148148	0.491090027111315	1	0
PLEKHM1	SPANXB1	6.772360450213451e-15	2.3951030860511e-13	0.037037037037037	0.491090027111315	1	0
precursor cell lymphoblastic leukemia-lymphoma/metabolism	ROS1	0.0044470815063318	0.0089746251693545	0.148148148148148	0.491090027111315	1	0
protein kinase inhibitors/chemistry	pyruvate dehydrogenase acetyl-transferring kinase/antagonists &amp; inhibitors	3.10419946414342e-08	1.77908664941026e-07	0.037037037037037	0.491090027111315	1	0
protein kinase inhibitors/chemistry	saponins/chemistry	3.10419946414342e-08	1.77908664941026e-07	0.037037037037037	0.491090027111315	1	0
proto-oncogene proteins p21(ras)/metabolism	quinoxalines/pharmacology	1.90229000622821e-05	6.33368658790105e-05	0.037037037037037	0.491090027111315	1	0
proto-oncogene proteins p21(ras)/metabolism	spiro compounds/pharmacology	1.90229000622821e-05	6.33368658790105e-05	0.037037037037037	0.491090027111315	1	0
proto-oncogene proteins p21(ras)/metabolism	STING1	1.90229000622821e-05	6.33368658790105e-05	0.037037037037037	0.491090027111315	1	0
proto-oncogene proteins p21(ras)/metabolism	tumor microenvironment	0.0015625643362536	0.0033615998331867	0.074074074074074	0.491090027111315	1	0
pyruvate dehydrogenase acetyl-transferring kinase/antagonists &amp; inhibitors	saponins/chemistry	3.10419946414342e-08	1.77908664941026e-07	0.037037037037037	0.491090027111315	1	0
quinoxalines/pharmacology	spiro compounds/pharmacology	1.90229000622821e-05	6.33368658790105e-05	0.037037037037037	0.491090027111315	1	0
quinoxalines/pharmacology	STING1	1.90229000622821e-05	6.33368658790105e-05	0.037037037037037	0.491090027111315	1	0
quinoxalines/pharmacology	tumor microenvironment	0.0015625643362536	0.0033615998331867	0.074074074074074	0.491090027111315	1	0
radiation-protective agents/pharmacology	small molecule libraries/pharmacology	0.0	0.0	0.037037037037037	0.491090027111315	1	0
ROS1	SPANXB1	0.0010636503730522	0.0023691137341409	0.148148148148148	0.491090027111315	1	0
RPL17	RPL17-C18orf32	0.0013676032024639	0.0030160070624681	0.0003418803418803	0.0511599499132576	3	0
skin neoplasms/drug therapy	t-lymphocytes cytotoxic/drug effects	3.10419946414342e-08	1.77908664941026e-07	0.037037037037037	0.491090027111315	1	0
skin neoplasms/drug therapy	tumor escape/drug effects	3.10419946414342e-08	1.77908664941026e-07	0.037037037037037	0.491090027111315	1	0
SLC3A2	SLC9A1	5.6844185756133e-05	0.0001786003669477	0.074074074074074	0.491090027111315	1	0
SLC40A1	t-lymphocytes cytotoxic/immunology	1.51878509768721e-12	3.21494655714812e-11	0.037037037037037	0.491090027111315	1	0
SLC7A11	SLC9A1	0.0001749606033807	0.0005198624485698	0.017094017094017	0.178864212567384	2	0
SLC7A11	sulfasalazine/administration &amp; dosage	0.0039176473670681	0.0079727560452614	0.148148148148148	0.491090027111315	1	0
SLC9A1	sulfasalazine/administration &amp; dosage	1.29861397354381e-05	5.27448252559809e-05	0.074074074074074	0.491090027111315	1	0
SMAD3	STAT3	2.3766930645763304e-09	2.23055336157649e-08	0.037037037037037	0.491090027111315	1	0
SMAD3	TGFB1	2.3766930645763304e-09	2.23055336157649e-08	0.037037037037037	0.491090027111315	1	0
SMAD3	triple negative breast neoplasms/drug therapy	2.3766930645763304e-09	2.23055336157649e-08	0.037037037037037	0.491090027111315	1	0
SMAD3	tumor-associated macrophages/drug effects	2.3766930645763304e-09	2.23055336157649e-08	0.037037037037037	0.491090027111315	1	0
spiro compounds/pharmacology	STING1	1.90229000622821e-05	6.33368658790105e-05	0.037037037037037	0.491090027111315	1	0
spiro compounds/pharmacology	tumor microenvironment	0.0015625643362536	0.0033615998331867	0.074074074074074	0.491090027111315	1	0
STAT3	TGFB1	2.3766930645763304e-09	2.23055336157649e-08	0.037037037037037	0.491090027111315	1	0
STAT3	triple negative breast neoplasms/drug therapy	2.3766930645763304e-09	2.23055336157649e-08	0.037037037037037	0.491090027111315	1	0
STAT3	tumor-associated macrophages/drug effects	2.3766930645763304e-09	2.23055336157649e-08	0.037037037037037	0.491090027111315	1	0
STING1	tumor microenvironment	0.0015625643362536	0.0033615998331867	0.074074074074074	0.491090027111315	1	0
t-lymphocytes cytotoxic/drug effects	tumor escape/drug effects	3.10419946414342e-08	1.77908664941026e-07	0.037037037037037	0.491090027111315	1	0
t-lymphocytes/immunology	TP53	0.0022568714518765	0.0047668807068041	0.111111111111111	0.491090027111315	1	0
t-lymphocytes/immunology	tumor suppressor protein p53/metabolism	0.0002443386631932	0.0007043559873365	0.074074074074074	0.491090027111315	1	0
tetrahydrofolate dehydrogenase/genetics	vitamin e/pharmacology	1.90229000622821e-05	6.33368658790105e-05	0.037037037037037	0.491090027111315	1	0
TF	TP53	0.0005854784028423	0.0014113776959625	0.111111111111111	0.491090027111315	1	0
TF	transferrin/metabolism	9.441547543787007e-11	1.14562710782353e-09	0.037037037037037	0.491090027111315	1	0
TF	tumor suppressor protein p53/genetics	9.441547543787007e-11	1.14562710782353e-09	0.037037037037037	0.491090027111315	1	0
TGFB1	triple negative breast neoplasms/drug therapy	2.3766930645763304e-09	2.23055336157649e-08	0.037037037037037	0.491090027111315	1	0
TGFB1	tumor-associated macrophages/drug effects	2.3766930645763304e-09	2.23055336157649e-08	0.037037037037037	0.491090027111315	1	0
TICAM1	TLR4	0.0006867567885109	0.001610019956897	0.074074074074074	0.491090027111315	1	0
TICAM1	toll-like receptor 4/genetics	3.10419946414342e-08	1.77908664941026e-07	0.037037037037037	0.491090027111315	1	0
TICAM1	TRIM69	3.10419946414342e-08	1.77908664941026e-07	0.037037037037037	0.491090027111315	1	0
TICAM1	ventricular function left/drug effects	3.10419946414342e-08	1.77908664941026e-07	0.037037037037037	0.491090027111315	1	0
TLR4	toll-like receptor 4/genetics	0.0006867567885109	0.001610019956897	0.074074074074074	0.491090027111315	1	0
TLR4	TRIM69	0.0006867567885109	0.001610019956897	0.074074074074074	0.491090027111315	1	0
TLR4	ventricular function left/drug effects	0.0006867567885109	0.001610019956897	0.074074074074074	0.491090027111315	1	0
toll-like receptor 4/genetics	TRIM69	3.10419946414342e-08	1.77908664941026e-07	0.037037037037037	0.491090027111315	1	0
toll-like receptor 4/genetics	ventricular function left/drug effects	3.10419946414342e-08	1.77908664941026e-07	0.037037037037037	0.491090027111315	1	0
TP53	transferrin/metabolism	0.0005854784028423	0.0014113776959625	0.111111111111111	0.491090027111315	1	0
TP53	tumor suppressor protein p53/genetics	0.0005854784028423	0.0014113776959625	0.111111111111111	0.491090027111315	1	0
TP53	tumor suppressor protein p53/metabolism	2.06541913160274e-05	6.82199940962181e-05	0.0085470085470085	0.178864212567384	2	0
TP53	XK	0.0015313968527381	0.0033542680309219	0.111111111111111	0.491090027111315	1	0
transferrin/metabolism	tumor suppressor protein p53/genetics	9.441547543787007e-11	1.14562710782353e-09	0.037037037037037	0.491090027111315	1	0
TRIM69	ventricular function left/drug effects	3.10419946414342e-08	1.77908664941026e-07	0.037037037037037	0.491090027111315	1	0
triple negative breast neoplasms/drug therapy	tumor-associated macrophages/drug effects	2.3766930645763304e-09	2.23055336157649e-08	0.037037037037037	0.491090027111315	1	0
tumor suppressor protein p53/metabolism	XK	0.0001430031506204	0.0004284185297513	0.074074074074074	0.491090027111315	1	0
coenzyme a ligases/metabolism	GPX4	0.0061819179218259	0.0090162404854958	0.1617647058823529	0.5011717509037003	1	1
oleic acid/metabolism	GPX4	0.0061819179218259	0.0090162404854958	0.1617647058823529	0.5011717509037003	1	1
iron/metabolism	membrane proteins/genetics	6.120353295802072e-05	0.0001257224765577	0.0588235294117647	0.5011717509037003	1	1
iron/metabolism	dna	6.120353295802072e-05	0.0001257224765577	0.0588235294117647	0.5011717509037003	1	1
iron/metabolism	macrophages	6.120353295802072e-05	0.0001257224765577	0.0588235294117647	0.5011717509037003	1	1
iron/metabolism	quinoxalines/pharmacology	6.120353295802072e-05	0.0001257224765577	0.0588235294117647	0.5011717509037003	1	1
iron/metabolism	biomarkers tumor	6.120353295802072e-05	0.0001257224765577	0.0588235294117647	0.5011717509037003	1	1
iron/metabolism	cell transformation neoplastic/genetics	6.120353295802072e-05	0.0001257224765577	0.0588235294117647	0.5011717509037003	1	1
iron/metabolism	carcinoma pancreatic ductal/metabolism	6.120353295802072e-05	0.0001257224765577	0.0588235294117647	0.5011717509037003	1	1
iron/metabolism	diet	6.120353295802072e-05	0.0001257224765577	0.0588235294117647	0.5011717509037003	1	1
iron/metabolism	spiro compounds/pharmacology	6.120353295802072e-05	0.0001257224765577	0.0588235294117647	0.5011717509037003	1	1
iron/metabolism	proto-oncogene proteins p21(ras)/metabolism	6.120353295802072e-05	0.0001257224765577	0.0588235294117647	0.5011717509037003	1	1
iron/metabolism	ferroptosis/drug effects	0.0068723509875587	0.0099684556826216	0.0215500039907414	0.0131605085751639	4	1
iron/metabolism	pancreatitis/genetics	6.120353295802072e-05	0.0001257224765577	0.0588235294117647	0.5011717509037003	1	1
iron/metabolism	pancreas/metabolism	6.120353295802072e-05	0.0001257224765577	0.0588235294117647	0.5011717509037003	1	1
iron/metabolism	macrophages/drug effects	0.0008029908955162	0.001397871204315	0.0247610159813847	0.1868283063250888	2	1
iron/metabolism	phospholipid hydroperoxide glutathione peroxidase/genetics	6.120353295802072e-05	0.0001257224765577	0.0588235294117647	0.5011717509037003	1	1
iron/metabolism	GPX4	0.0003042071340232	0.0005570394812326	0.0119538056324711	0.054769758680606	3	1
iron/metabolism	KDM8	6.120353295802072e-05	0.0001257224765577	0.0588235294117647	0.5011717509037003	1	1
iron/metabolism	STING1	6.120353295802072e-05	0.0001257224765577	0.0588235294117647	0.5011717509037003	1	1
actins/metabolism	macrophages/drug effects	0.0019364221367503	0.0031229382209923	0.0735294117647058	0.5011717509037003	1	1
actins/metabolism	SLC7A11	9.743754924262936e-05	0.0001969359603558	0.0588235294117647	0.5011717509037003	1	1
actins/metabolism	ROS1	6.120353295802072e-05	0.0001257224765577	0.0588235294117647	0.5011717509037003	1	1
hepatocytes/drug effects	macrophages/drug effects	0.0019364221367503	0.0031229382209923	0.0735294117647058	0.5011717509037003	1	1
hepatocytes/drug effects	SLC7A11	9.743754924262936e-05	0.0001969359603558	0.0588235294117647	0.5011717509037003	1	1
hepatocytes/drug effects	ROS1	6.120353295802072e-05	0.0001257224765577	0.0588235294117647	0.5011717509037003	1	1
aniline compounds/chemistry	PDCD1	0.0060053206106562	0.0087908768007707	0.088235294117647	0.5011717509037003	1	1
aniline compounds/chemistry	CD274	0.0003359143339474	0.0006121276459194	0.0588235294117647	0.5011717509037003	1	1
aniline compounds/chemistry	RPL17-C18orf32	0.0060053206106562	0.0087908768007707	0.088235294117647	0.5011717509037003	1	1
aniline compounds/chemistry	RPL17	0.0060053206106562	0.0087908768007707	0.088235294117647	0.5011717509037003	1	1
b7-h1 antigen/metabolism	PDCD1	0.0060053206106562	0.0087908768007707	0.088235294117647	0.5011717509037003	1	1
b7-h1 antigen/metabolism	CD274	0.0003359143339474	0.0006121276459194	0.0588235294117647	0.5011717509037003	1	1
b7-h1 antigen/metabolism	RPL17-C18orf32	0.0060053206106562	0.0087908768007707	0.088235294117647	0.5011717509037003	1	1
b7-h1 antigen/metabolism	RPL17	0.0060053206106562	0.0087908768007707	0.088235294117647	0.5011717509037003	1	1
melanoma/blood	GPX4	0.0061819179218259	0.0090162404854958	0.1617647058823529	0.5011717509037003	1	1
lymph/metabolism	GPX4	0.0061819179218259	0.0090162404854958	0.1617647058823529	0.5011717509037003	1	1
phospholipid hydroperoxide glutathione peroxidase/metabolism	oxidative stress/drug effects	6.481293576388047e-05	0.000132984343149	0.0583845478489903	0.5011717509037003	1	1
phospholipid hydroperoxide glutathione peroxidase/metabolism	macrophages/drug effects	0.0056610184889931	0.008358574270831	0.1426690079016681	0.5011717509037003	1	1
phospholipid hydroperoxide glutathione peroxidase/metabolism	GPX4	5.946356235853045e-05	0.0001233860311012	0.0241439859525899	0.1868283063250888	2	1
ferroptosis/drug effects	reactive oxygen species/metabolism	0.0016323015679027	0.0026642462621632	0.0009160199949021	7.248540907378561e-05	7	1
ferroptosis/drug effects	GPX4	0.0001294721602272	0.0002584035010718	8.504501969514356e-06	1.4684911266622884e-08	11	1
cyclohexylamines/pharmacology	monocrotaline/toxicity	1.511673891285703e-05	3.3730282624049297e-05	0.0294117647058823	0.5011717509037003	1	1
cyclohexylamines/pharmacology	cells cultured	0.0026427423852313	0.0041792883219225	0.0869183494293239	0.5011717509037003	1	1
cyclohexylamines/pharmacology	bacterial toxins/metabolism	1.511673891285703e-05	3.3730282624049297e-05	0.0294117647058823	0.5011717509037003	1	1
cyclohexylamines/pharmacology	inflammasomes/metabolism	1.511673891285703e-05	3.3730282624049297e-05	0.0294117647058823	0.5011717509037003	1	1
cyclohexylamines/pharmacology	hemodynamics/drug effects	1.511673891285703e-05	3.3730282624049297e-05	0.0294117647058823	0.5011717509037003	1	1
cyclohexylamines/pharmacology	lung/blood supply	1.511673891285703e-05	3.3730282624049297e-05	0.0294117647058823	0.5011717509037003	1	1
cyclohexylamines/pharmacology	heart ventricles/diagnostic imaging	1.511673891285703e-05	3.3730282624049297e-05	0.0294117647058823	0.5011717509037003	1	1
cyclohexylamines/pharmacology	toll-like receptor 4/metabolism	0.0041163028653422	0.0062649272957969	0.0869183494293239	0.5011717509037003	1	1
cyclohexylamines/pharmacology	hypertension pulmonary/chemically induced	1.511673891285703e-05	3.3730282624049297e-05	0.0294117647058823	0.5011717509037003	1	1
cyclohexylamines/pharmacology	endothelial cells/metabolism	1.511673891285703e-05	3.3730282624049297e-05	0.0294117647058823	0.5011717509037003	1	1
cyclohexylamines/pharmacology	nlr family pyrin domain-containing 3 protein/metabolism	1.511673891285703e-05	3.3730282624049297e-05	0.0294117647058823	0.5011717509037003	1	1
cyclohexylamines/pharmacology	hmgb1 protein/metabolism	1.511673891285703e-05	3.3730282624049297e-05	0.0294117647058823	0.5011717509037003	1	1
cyclohexylamines/pharmacology	inflammation/metabolism	0.0011503298334852	0.0019471927058547	0.0583845478489903	0.5011717509037003	1	1
cyclohexylamines/pharmacology	NOX4	1.511673891285703e-05	3.3730282624049297e-05	0.0294117647058823	0.5011717509037003	1	1
cyclohexylamines/pharmacology	FTH1	1.511673891285703e-05	3.3730282624049297e-05	0.0294117647058823	0.5011717509037003	1	1
cyclohexylamines/pharmacology	NLRP3	1.511673891285703e-05	3.3730282624049297e-05	0.0294117647058823	0.5011717509037003	1	1
cyclohexylamines/pharmacology	HMGB1	0.0015588727606166	0.0025467155403098	0.0583845478489903	0.5011717509037003	1	1
immunogenic cell death/drug effects	PDCD1	0.0060053206106562	0.0087908768007707	0.088235294117647	0.5011717509037003	1	1
immunogenic cell death/drug effects	CD274	0.0003359143339474	0.0006121276459194	0.0588235294117647	0.5011717509037003	1	1
immunogenic cell death/drug effects	RPL17-C18orf32	0.0060053206106562	0.0087908768007707	0.088235294117647	0.5011717509037003	1	1
immunogenic cell death/drug effects	RPL17	0.0060053206106562	0.0087908768007707	0.088235294117647	0.5011717509037003	1	1
tumor suppressor protein p53/metabolism	interleukins/metabolism	1.3276510668847052e-05	2.9969370697205297e-05	0.0441176470588235	0.5011717509037003	1	1
tumor suppressor protein p53/metabolism	tumor escape/immunology	1.3276510668847052e-05	2.9969370697205297e-05	0.0441176470588235	0.5011717509037003	1	1
tumor suppressor protein p53/metabolism	liver neoplasms/immunology	1.3276510668847052e-05	2.9969370697205297e-05	0.0441176470588235	0.5011717509037003	1	1
tumor suppressor protein p53/metabolism	tumor-associated macrophages/immunology	0.000622924630541	0.0011083666402898	0.0869183494293239	0.5011717509037003	1	1
tumor suppressor protein p53/metabolism	cellular reprogramming/immunology	1.3276510668847052e-05	2.9969370697205297e-05	0.0441176470588235	0.5011717509037003	1	1
tumor suppressor protein p53/metabolism	neoplastic stem cells/immunology	1.3276510668847052e-05	2.9969370697205297e-05	0.0441176470588235	0.5011717509037003	1	1
tumor suppressor protein p53/metabolism	IL34	1.3276510668847052e-05	2.9969370697205297e-05	0.0441176470588235	0.5011717509037003	1	1
tumor suppressor protein p53/metabolism	cell line tumor/transplantation	0.0009856609321832	0.0016823605384513	0.0869183494293239	0.5011717509037003	1	1
tumor suppressor protein p53/metabolism	reactive oxygen species/metabolism	0.0008921307204657	0.0015433021659614	0.0262590789368664	0.1868283063250888	2	1
tumor suppressor protein p53/metabolism	CCK	0.005548883149006	0.0082217997785665	0.1284220608189001	0.5011717509037003	1	1
PDCD1	metal-organic frameworks/chemistry	0.0060053206106562	0.0087908768007707	0.088235294117647	0.5011717509037003	1	1
PDCD1	interferon-gamma/metabolism	0.0060053206106562	0.0087908768007707	0.088235294117647	0.5011717509037003	1	1
PDCD1	programmed cell death 1 receptor/metabolism	0.0010819731568948	0.0018393030397213	0.0065847234416154	0.1868283063250888	2	1
PDCD1	phenol/chemistry	0.0060053206106562	0.0087908768007707	0.088235294117647	0.5011717509037003	1	1
PDCD1	fatty acids/metabolism	0.0031479144449798	0.0048939485525315	0.088235294117647	0.5011717509037003	1	1
PDCD1	cd36 antigens/antagonists &amp; inhibitors	0.0031479144449798	0.0048939485525315	0.088235294117647	0.5011717509037003	1	1
PDCD1	benzylidene compounds/chemistry	0.0060053206106562	0.0087908768007707	0.088235294117647	0.5011717509037003	1	1
PDCD1	antibodies monoclonal humanized/pharmacology	0.0031479144449798	0.0048939485525315	0.088235294117647	0.5011717509037003	1	1
PDCD1	multiple myeloma/drug therapy	0.0031479144449798	0.0048939485525315	0.088235294117647	0.5011717509037003	1	1
PDCD1	exosomes/metabolism	0.0060053206106562	0.0087908768007707	0.088235294117647	0.5011717509037003	1	1
PDCD1	CD8A	0.0013497045721265	0.0022475215307693	0.0011629429978859	0.0131605085751639	4	1
PDCD1	metabolic reprogramming	0.0031479144449798	0.0048939485525315	0.088235294117647	0.5011717509037003	1	1
PDCD1	cancer-associated fibroblasts/pathology	0.0031479144449798	0.0048939485525315	0.088235294117647	0.5011717509037003	1	1
PDCD1	FAP	0.0031479144449798	0.0048939485525315	0.088235294117647	0.5011717509037003	1	1
PDCD1	FAM126A	0.0031479144449798	0.0048939485525315	0.088235294117647	0.5011717509037003	1	1
PDCD1	VIM	0.0031479144449798	0.0048939485525315	0.088235294117647	0.5011717509037003	1	1
macrophages/drug effects	malaria/genetics	0.0001946909791568	0.0003677781359032	0.0735294117647058	0.5011717509037003	1	1
macrophages/drug effects	sorafenib/pharmacology	0.0019364221367503	0.0031229382209923	0.0735294117647058	0.5011717509037003	1	1
macrophages/drug effects	hypoxia-inducible factor 1 alpha subunit/metabolism	0.0019364221367503	0.0031229382209923	0.0735294117647058	0.5011717509037003	1	1
macrophages/drug effects	liver cirrhosis/drug therapy	0.0019364221367503	0.0031229382209923	0.0735294117647058	0.5011717509037003	1	1
macrophages/drug effects	liver x receptors/agonists	0.0001946909791568	0.0003677781359032	0.0735294117647058	0.5011717509037003	1	1
macrophages/drug effects	hemeproteins/toxicity	0.0001946909791568	0.0003677781359032	0.0735294117647058	0.5011717509037003	1	1
macrophages/drug effects	genetic variation	0.0001946909791568	0.0003677781359032	0.0735294117647058	0.5011717509037003	1	1
macrophages/drug effects	transferrin/metabolism	0.0001946909791568	0.0003677781359032	0.0735294117647058	0.5011717509037003	1	1
macrophages/drug effects	collagen type i/metabolism	0.0019364221367503	0.0031229382209923	0.0735294117647058	0.5011717509037003	1	1
macrophages/drug effects	hepatic stellate cells/drug effects	0.0019364221367503	0.0031229382209923	0.0735294117647058	0.5011717509037003	1	1
macrophages/drug effects	ferritins/blood	0.0001946909791568	0.0003677781359032	0.0735294117647058	0.5011717509037003	1	1
macrophages/drug effects	listeriosis/etiology	0.0001946909791568	0.0003677781359032	0.0735294117647058	0.5011717509037003	1	1
macrophages/drug effects	FUT1	0.0019364221367503	0.0031229382209923	0.0735294117647058	0.5011717509037003	1	1
macrophages/drug effects	FN1	0.0019364221367503	0.0031229382209923	0.0735294117647058	0.5011717509037003	1	1
macrophages/drug effects	MMRN1	0.0019364221367503	0.0031229382209923	0.0735294117647058	0.5011717509037003	1	1
macrophages/drug effects	TF	0.0001946909791568	0.0003677781359032	0.0735294117647058	0.5011717509037003	1	1
macrophages/drug effects	HIF1A	0.0019364221367503	0.0031229382209923	0.0735294117647058	0.5011717509037003	1	1
macrophages/drug effects	glycyrrhizic acid/pharmacology	0.0026427423852313	0.0041792883219225	0.0735294117647058	0.5011717509037003	1	1
macrophages/drug effects	calgranulin a/metabolism	0.0026427423852313	0.0041792883219225	0.0735294117647058	0.5011717509037003	1	1
macrophages/drug effects	colon/metabolism	0.0026427423852313	0.0041792883219225	0.0735294117647058	0.5011717509037003	1	1
macrophages/drug effects	anti-inflammatory agents/pharmacology	0.0026427423852313	0.0041792883219225	0.0735294117647058	0.5011717509037003	1	1
macrophages/drug effects	IRF6	0.0026427423852313	0.0041792883219225	0.0735294117647058	0.5011717509037003	1	1
macrophages/drug effects	tumor suppressor protein p53/genetics	0.0001946909791568	0.0003677781359032	0.0735294117647058	0.5011717509037003	1	1
immunologic memory	tumor microenvironment/drug effects	0.0056610184889931	0.008358574270831	0.1176470588235294	0.5011717509037003	1	1
immunologic memory	CD274	0.0001203227784936	0.0002414879175199	0.0588235294117647	0.5011717509037003	1	1
hyaluronic acid/chemistry	tumor microenvironment/drug effects	0.0056610184889931	0.008358574270831	0.1176470588235294	0.5011717509037003	1	1
hyaluronic acid/chemistry	CD274	0.0001203227784936	0.0002414879175199	0.0588235294117647	0.5011717509037003	1	1
glutathione/metabolism	cells cultured	0.0019364221367503	0.0031229382209923	0.1284220608189001	0.5011717509037003	1	1
glutathione/metabolism	oxidative stress/drug effects	0.0019364221367503	0.0031229382209923	0.0869183494293239	0.5011717509037003	1	1
glutathione/metabolism	autophagy/drug effects	3.025816011892335e-05	6.442668852416033e-05	0.0869183494293239	0.5011717509037003	1	1
glutathione/metabolism	jurkat cells	0.0001918567172121	0.0003646346041525	0.0869183494293239	0.5011717509037003	1	1
glutathione/metabolism	GPX4	3.506831367738883e-06	8.408651861018593e-06	0.0032923617208077	0.054769758680606	3	1
glutathione/metabolism	ROS1	0.0054933084553607	0.0081766441743656	0.1686487349349509	0.5011717509037003	1	1
metal-organic frameworks/chemistry	CD274	0.0003359143339474	0.0006121276459194	0.0588235294117647	0.5011717509037003	1	1
metal-organic frameworks/chemistry	RPL17-C18orf32	0.0060053206106562	0.0087908768007707	0.088235294117647	0.5011717509037003	1	1
metal-organic frameworks/chemistry	RPL17	0.0060053206106562	0.0087908768007707	0.088235294117647	0.5011717509037003	1	1
benzylidene compounds/pharmacology	tumor microenvironment/drug effects	0.0056610184889931	0.008358574270831	0.1176470588235294	0.5011717509037003	1	1
benzylidene compounds/pharmacology	CD274	0.0001203227784936	0.0002414879175199	0.0588235294117647	0.5011717509037003	1	1
programmed cell death 1 receptor/metabolism	RPL17-C18orf32	0.0010819731568948	0.0018393030397213	0.0065847234416154	0.1868283063250888	2	1
programmed cell death 1 receptor/metabolism	RPL17	0.0010819731568948	0.0018393030397213	0.0065847234416154	0.1868283063250888	2	1
programmed cell death 1 receptor/metabolism	obesity/metabolism	0.0018230075727245	0.002964041577522	0.0583845478489903	0.5011717509037003	1	1
programmed cell death 1 receptor/metabolism	drugs chinese herbal	9.007546740258388e-05	0.0001833487290185	0.0294117647058823	0.5011717509037003	1	1
programmed cell death 1 receptor/metabolism	diterpenes	9.007546740258388e-05	0.0001833487290185	0.0294117647058823	0.5011717509037003	1	1
programmed cell death 1 receptor/metabolism	hepatitis a virus cellular receptor 2/metabolism	9.007546740258388e-05	0.0001833487290185	0.0294117647058823	0.5011717509037003	1	1
programmed cell death 1 receptor/metabolism	colorectal neoplasms/drug therapy	9.007546740258388e-05	0.0001833487290185	0.0294117647058823	0.5011717509037003	1	1
programmed cell death 1 receptor/metabolism	cd8-positive t-lymphocytes	9.007546740258388e-05	0.0001833487290185	0.0294117647058823	0.5011717509037003	1	1
programmed cell death 1 receptor/metabolism	ARHGEF5	9.007546740258388e-05	0.0001833487290185	0.0294117647058823	0.5011717509037003	1	1
programmed cell death 1 receptor/metabolism	TPI1	9.007546740258388e-05	0.0001833487290185	0.0294117647058823	0.5011717509037003	1	1
programmed cell death 1 receptor/metabolism	CCR2	0.0015588727606166	0.0025467155403098	0.0583845478489903	0.5011717509037003	1	1
programmed cell death 1 receptor/metabolism	HAVCR2	9.007546740258388e-05	0.0001833487290185	0.0294117647058823	0.5011717509037003	1	1
programmed cell death 1 receptor/metabolism	HNF4A	9.007546740258388e-05	0.0001833487290185	0.0294117647058823	0.5011717509037003	1	1
programmed cell death 1 receptor/metabolism	TCF7	9.007546740258388e-05	0.0001833487290185	0.0294117647058823	0.5011717509037003	1	1
programmed cell death 1 receptor/metabolism	HNF1A	9.007546740258388e-05	0.0001833487290185	0.0294117647058823	0.5011717509037003	1	1
programmed cell death 1 receptor/metabolism	TIMELESS	9.007546740258388e-05	0.0001833487290185	0.0294117647058823	0.5011717509037003	1	1
programmed cell death 1 receptor/metabolism	HAVCR1	9.007546740258388e-05	0.0001833487290185	0.0294117647058823	0.5011717509037003	1	1
GPX4	glutathione peroxidase/therapeutic use	0.0025208193798305	0.004006811376191	0.1617647058823529	0.5011717509037003	1	1
GPX4	nf-e2-related factor 2/biosynthesis	0.0061819179218259	0.0090162404854958	0.1617647058823529	0.5011717509037003	1	1
GPX4	cd8-positive t-lymphocytes/drug effects	0.0061819179218259	0.0090162404854958	0.1617647058823529	0.5011717509037003	1	1
GPX4	autophagy/drug effects	0.0002843846043515	0.0005222097000736	0.0241439859525899	0.1868283063250888	2	1
GPX4	microglia/drug effects	0.0061819179218259	0.0090162404854958	0.1617647058823529	0.5011717509037003	1	1
GPX4	tuberculosis/metabolism	0.001395833240859	0.0023077132265828	0.1617647058823529	0.5011717509037003	1	1
GPX4	carbolines/pharmacology	0.0011311547431495	0.0019215420820461	0.0241439859525899	0.1868283063250888	2	1
GPX4	inflammation mediators/antagonists &amp; inhibitors	0.0061819179218259	0.0090162404854958	0.1617647058823529	0.5011717509037003	1	1
GPX4	lipopolysaccharides/toxicity	0.0061819179218259	0.0090162404854958	0.1617647058823529	0.5011717509037003	1	1
GPX4	neoplasm metastasis/drug therapy	0.0061819179218259	0.0090162404854958	0.1617647058823529	0.5011717509037003	1	1
GPX4	iron chelating agents/pharmacology	0.001395833240859	0.0023077132265828	0.1617647058823529	0.5011717509037003	1	1
GPX4	gene expression	0.0061819179218259	0.0090162404854958	0.1617647058823529	0.5011717509037003	1	1
GPX4	endoplasmic reticulum/drug effects	0.0061819179218259	0.0090162404854958	0.1617647058823529	0.5011717509037003	1	1
GPX4	b-lymphocytes/metabolism	0.0025208193798305	0.004006811376191	0.1617647058823529	0.5011717509037003	1	1
GPX4	BBS9	0.0025208193798305	0.004006811376191	0.1617647058823529	0.5011717509037003	1	1
GPX4	host-pathogen interactions	0.001395833240859	0.0023077132265828	0.1617647058823529	0.5011717509037003	1	1
GPX4	ATL1	0.0061819179218259	0.0090162404854958	0.1617647058823529	0.5011717509037003	1	1
GPX4	ACSL3	0.0061819179218259	0.0090162404854958	0.1617647058823529	0.5011717509037003	1	1
GPX4	ROS1	0.0005010411794058	0.0008963959392915	0.0119538056324711	0.054769758680606	3	1
GPX4	S100A4	0.0061819179218259	0.0090162404854958	0.1617647058823529	0.5011717509037003	1	1
GPX4	PLEKHM1	0.0025208193798305	0.004006811376191	0.1617647058823529	0.5011717509037003	1	1
GPX4	SPANXB1	0.0025208193798305	0.004006811376191	0.1617647058823529	0.5011717509037003	1	1
GPX4	AIFM2	0.0061819179218259	0.0090162404854958	0.1617647058823529	0.5011717509037003	1	1
GPX4	MS4A1	0.0025208193798305	0.004006811376191	0.1617647058823529	0.5011717509037003	1	1
GPX4	cytoskeletal proteins/metabolism	0.0025208193798305	0.004006811376191	0.1617647058823529	0.5011717509037003	1	1
GPX4	jurkat cells	0.0014150480324677	0.0023351713674179	0.0241439859525899	0.1868283063250888	2	1
GPX4	BDKRB2	0.0025208193798305	0.004006811376191	0.1617647058823529	0.5011717509037003	1	1
GPX4	ACSL4	0.0061819179218259	0.0090162404854958	0.1617647058823529	0.5011717509037003	1	1
GPX4	CCK	0.0064896251289224	0.0094515633608997	0.0658472344161545	0.1868283063250888	2	1
cell line tumor/transplantation	b7-h1 antigen/antagonists &amp; inhibitors	1.941482410217077e-05	4.2774683166387306e-05	0.0583845478489903	0.5011717509037003	1	1
benzylidene compounds/chemistry	CD274	0.0003359143339474	0.0006121276459194	0.0588235294117647	0.5011717509037003	1	1
benzylidene compounds/chemistry	RPL17-C18orf32	0.0060053206106562	0.0087908768007707	0.088235294117647	0.5011717509037003	1	1
benzylidene compounds/chemistry	RPL17	0.0060053206106562	0.0087908768007707	0.088235294117647	0.5011717509037003	1	1
macrophages/cytology	CHRM1	0.0068076812274767	0.0098766500723332	0.1150131694468832	0.5011717509037003	1	1
macrophages/cytology	ROS1	0.0010609808949021	0.00180575874466	0.1150131694468832	0.5011717509037003	1	1
macrophages/cytology	MRLN	0.0068076812274767	0.0098766500723332	0.1150131694468832	0.5011717509037003	1	1
macrophages/cytology	mitochondria/drug effects	0.0003667702795712	0.0006634635521673	0.0583845478489903	0.5011717509037003	1	1
macrophages/cytology	ferric compounds/chemistry	5.130761821336982e-05	0.000107238757578	0.0869183494293239	0.5011717509037003	1	1
reactive oxygen species/metabolism	cisplatin	0.0012446795696657	0.0020789136508493	0.1029411764705882	0.5011717509037003	1	1
reactive oxygen species/metabolism	precursor cell lymphoblastic leukemia-lymphoma/metabolism	0.0007858745973121	0.0013687395477366	0.1029411764705882	0.5011717509037003	1	1
reactive oxygen species/metabolism	phospholipid hydroperoxide glutathione peroxidase/antagonists &amp; inhibitors	0.0047751294388702	0.0071792222967029	0.1029411764705882	0.5011717509037003	1	1
reactive oxygen species/metabolism	neutral ceramidase/antagonists &amp; inhibitors	0.0018579666779763	0.003012680357705	0.1029411764705882	0.5011717509037003	1	1
reactive oxygen species/metabolism	myeloid-derived suppressor cells/immunology	0.0018579666779763	0.003012680357705	0.1029411764705882	0.5011717509037003	1	1
reactive oxygen species/metabolism	antineoplastic agents/pharmacology	0.0057497382773835	0.0084878216753878	0.0201800567513806	0.054769758680606	3	1
reactive oxygen species/metabolism	adjuvants immunologic/chemistry	0.000246122170292	0.0004560386748922	0.1029411764705882	0.5011717509037003	1	1
reactive oxygen species/metabolism	nivolumab/therapeutic use	0.0012446795696657	0.0020789136508493	0.1029411764705882	0.5011717509037003	1	1
reactive oxygen species/metabolism	diterpenes/pharmacology	0.0012446795696657	0.0020789136508493	0.1029411764705882	0.5011717509037003	1	1
reactive oxygen species/metabolism	folic acid antagonists/pharmacology	0.0047751294388702	0.0071792222967029	0.1029411764705882	0.5011717509037003	1	1
reactive oxygen species/metabolism	lymphocytes tumor-infiltrating/immunology	0.0018579666779763	0.003012680357705	0.1029411764705882	0.5011717509037003	1	1
reactive oxygen species/metabolism	dextrans/chemistry	0.000246122170292	0.0004560386748922	0.1029411764705882	0.5011717509037003	1	1
reactive oxygen species/metabolism	urinary bladder neoplasms/pathology	0.000246122170292	0.0004560386748922	0.1029411764705882	0.5011717509037003	1	1
reactive oxygen species/metabolism	vitamin e/pharmacology	0.0047751294388702	0.0071792222967029	0.1029411764705882	0.5011717509037003	1	1
reactive oxygen species/metabolism	tetrahydrofolate dehydrogenase/genetics	0.0047751294388702	0.0071792222967029	0.1029411764705882	0.5011717509037003	1	1
reactive oxygen species/metabolism	cell cycle/drug effects	0.0007858745973121	0.0013687395477366	0.1029411764705882	0.5011717509037003	1	1
reactive oxygen species/metabolism	fusion regulatory protein 1 heavy chain/metabolism	0.0012446795696657	0.0020789136508493	0.1029411764705882	0.5011717509037003	1	1
reactive oxygen species/metabolism	fatty acids/metabolism	0.0012446795696657	0.0020789136508493	0.1029411764705882	0.5011717509037003	1	1
reactive oxygen species/metabolism	t-lymphocytes/immunology	0.0018579666779763	0.003012680357705	0.1029411764705882	0.5011717509037003	1	1
reactive oxygen species/metabolism	gels/chemistry	0.000246122170292	0.0004560386748922	0.1029411764705882	0.5011717509037003	1	1
reactive oxygen species/metabolism	cd36 antigens/antagonists &amp; inhibitors	0.0012446795696657	0.0020789136508493	0.1029411764705882	0.5011717509037003	1	1
reactive oxygen species/metabolism	lymphoma t-cell	0.0012446795696657	0.0020789136508493	0.1029411764705882	0.5011717509037003	1	1
reactive oxygen species/metabolism	antioxidants/pharmacology	0.0047751294388702	0.0071792222967029	0.1029411764705882	0.5011717509037003	1	1
reactive oxygen species/metabolism	membrane proteins/metabolism	0.0018579666779763	0.003012680357705	0.1029411764705882	0.5011717509037003	1	1
reactive oxygen species/metabolism	autophagy-related proteins/genetics	0.0007858745973121	0.0013687395477366	0.1029411764705882	0.5011717509037003	1	1
reactive oxygen species/metabolism	glutathione peroxidase/metabolism	0.0007858745973121	0.0013687395477366	0.1029411764705882	0.5011717509037003	1	1
reactive oxygen species/metabolism	antibodies monoclonal humanized/pharmacology	0.0012446795696657	0.0020789136508493	0.1029411764705882	0.5011717509037003	1	1
reactive oxygen species/metabolism	melanoma/genetics	0.0012446795696657	0.0020789136508493	0.1029411764705882	0.5011717509037003	1	1
reactive oxygen species/metabolism	asparaginase	0.0012446795696657	0.0020789136508493	0.1029411764705882	0.5011717509037003	1	1
reactive oxygen species/metabolism	interferon-gamma/immunology	0.0012446795696657	0.0020789136508493	0.1029411764705882	0.5011717509037003	1	1
reactive oxygen species/metabolism	gold/chemistry	0.000246122170292	0.0004560386748922	0.1029411764705882	0.5011717509037003	1	1
reactive oxygen species/metabolism	HMOX1	0.0018579666779763	0.003012680357705	0.1029411764705882	0.5011717509037003	1	1
reactive oxygen species/metabolism	killer cells natural/metabolism	0.0012446795696657	0.0020789136508493	0.1029411764705882	0.5011717509037003	1	1
reactive oxygen species/metabolism	SLC7A11	0.0035800727110919	0.0054954767874054	0.0498535704857039	0.1868283063250888	2	1
reactive oxygen species/metabolism	ATG5	0.0007858745973121	0.0013687395477366	0.1029411764705882	0.5011717509037003	1	1
reactive oxygen species/metabolism	SLC3A2	0.0012446795696657	0.0020789136508493	0.1029411764705882	0.5011717509037003	1	1
reactive oxygen species/metabolism	XK	0.0012446795696657	0.0020789136508493	0.1029411764705882	0.5011717509037003	1	1
reactive oxygen species/metabolism	ASAH2	0.0018579666779763	0.003012680357705	0.1029411764705882	0.5011717509037003	1	1
reactive oxygen species/metabolism	flavonolignans/pharmacology	0.0007858745973121	0.0013687395477366	0.1029411764705882	0.5011717509037003	1	1
reactive oxygen species/metabolism	ASPG	0.0012446795696657	0.0020789136508493	0.1029411764705882	0.5011717509037003	1	1
reactive oxygen species/metabolism	NLRP1	0.0012446795696657	0.0020789136508493	0.1029411764705882	0.5011717509037003	1	1
reactive oxygen species/metabolism	cystine/antagonists &amp; inhibitors	0.0047751294388702	0.0071792222967029	0.1029411764705882	0.5011717509037003	1	1
reactive oxygen species/metabolism	methotrexate/pharmacology	0.0047751294388702	0.0071792222967029	0.1029411764705882	0.5011717509037003	1	1
reactive oxygen species/metabolism	multiple myeloma/drug therapy	0.0012446795696657	0.0020789136508493	0.1029411764705882	0.5011717509037003	1	1
reactive oxygen species/metabolism	biopterins/analogs &amp; derivatives	0.0047751294388702	0.0071792222967029	0.1029411764705882	0.5011717509037003	1	1
reactive oxygen species/metabolism	cysteine/metabolism	0.0012446795696657	0.0020789136508493	0.1029411764705882	0.5011717509037003	1	1
reactive oxygen species/metabolism	jurkat cells	2.885827467058455e-05	6.207300557145242e-05	0.0092186128182616	0.1868283063250888	2	1
reactive oxygen species/metabolism	colonic neoplasms/drug therapy	0.0018579666779763	0.003012680357705	0.1029411764705882	0.5011717509037003	1	1
reactive oxygen species/metabolism	heme oxygenase-1/metabolism	0.0018579666779763	0.003012680357705	0.1029411764705882	0.5011717509037003	1	1
XK	SLC7A11	1.6316221617906912e-05	3.6237483834998086e-05	0.0588235294117647	0.5011717509037003	1	1
phenol/chemistry	CD274	0.0003359143339474	0.0006121276459194	0.0588235294117647	0.5011717509037003	1	1
phenol/chemistry	RPL17-C18orf32	0.0060053206106562	0.0087908768007707	0.088235294117647	0.5011717509037003	1	1
phenol/chemistry	RPL17	0.0060053206106562	0.0087908768007707	0.088235294117647	0.5011717509037003	1	1
cell line	mesenchymal stem cells	2.265480436580703e-07	6.106317521238772e-07	0.0441176470588235	0.5011717509037003	1	1
cell line	micrornas/metabolism	2.265480436580703e-07	6.106317521238772e-07	0.0441176470588235	0.5011717509037003	1	1
cell line	nanog homeobox protein/genetics	2.265480436580703e-07	6.106317521238772e-07	0.0441176470588235	0.5011717509037003	1	1
cell line	alpha-ketoglutarate-dependent dioxygenase fto/metabolism	0.0001626815727931	0.0003113321314309	0.0869183494293239	0.5011717509037003	1	1
cell line	neoplasm invasiveness/pathology	2.265480436580703e-07	6.106317521238772e-07	0.0441176470588235	0.5011717509037003	1	1
cell line	matrix metalloproteinase 9/metabolism	2.265480436580703e-07	6.106317521238772e-07	0.0441176470588235	0.5011717509037003	1	1
cell line	adipocytes/pathology	2.265480436580703e-07	6.106317521238772e-07	0.0441176470588235	0.5011717509037003	1	1
cell line	smad proteins/metabolism	2.265480436580703e-07	6.106317521238772e-07	0.0441176470588235	0.5011717509037003	1	1
cell line	sweat glands/cytology	2.265480436580703e-07	6.106317521238772e-07	0.0441176470588235	0.5011717509037003	1	1
cell line	tumor microenvironment/physiology	0.0023366179028878	0.003734732495539	0.1284220608189001	0.5011717509037003	1	1
cell line	stem cells/pathology	2.265480436580703e-07	6.106317521238772e-07	0.0441176470588235	0.5011717509037003	1	1
cell line	rna messenger/metabolism	0.0006397290434762	0.0011340435455339	0.0869183494293239	0.5011717509037003	1	1
cell line	gene expression regulation	2.265480436580703e-07	6.106317521238772e-07	0.0441176470588235	0.5011717509037003	1	1
cell line	receptors androgen/metabolism	2.265480436580703e-07	6.106317521238772e-07	0.0441176470588235	0.5011717509037003	1	1
cell line	NANOG	2.265480436580703e-07	6.106317521238772e-07	0.0441176470588235	0.5011717509037003	1	1
cell line	MMP9	2.265480436580703e-07	6.106317521238772e-07	0.0441176470588235	0.5011717509037003	1	1
cell line	FTO	0.0001626815727931	0.0003113321314309	0.0869183494293239	0.5011717509037003	1	1
ASAH2	antineoplastic agents/pharmacology	0.0050078979304749	0.0074820939061317	0.1029411764705882	0.5011717509037003	1	1
cd8-positive t-lymphocytes/cytology	ferric compounds/chemistry	0.0002311983189888	0.000429163002381	0.0869183494293239	0.5011717509037003	1	1
oxidative stress/drug effects	iron/chemistry	0.0013669559477371	0.0022615358442826	0.0294117647058823	0.5011717509037003	1	1
oxidative stress/drug effects	tor serine-threonine kinases/metabolism	0.0013669559477371	0.0022615358442826	0.0294117647058823	0.5011717509037003	1	1
oxidative stress/drug effects	amp-activated protein kinase kinases	0.0013669559477371	0.0022615358442826	0.0294117647058823	0.5011717509037003	1	1
oxidative stress/drug effects	lung neoplasms/drug therapy	0.0013669559477371	0.0022615358442826	0.0294117647058823	0.5011717509037003	1	1
oxidative stress/drug effects	nf-e2-related factor 2/genetics	0.0013669559477371	0.0022615358442826	0.0294117647058823	0.5011717509037003	1	1
oxidative stress/drug effects	glycogen synthase kinase 3/metabolism	0.0013669559477371	0.0022615358442826	0.0294117647058823	0.5011717509037003	1	1
oxidative stress/drug effects	GSK3B	0.0013669559477371	0.0022615358442826	0.0294117647058823	0.5011717509037003	1	1
oxidative stress/drug effects	PRKAA1	0.0013669559477371	0.0022615358442826	0.0294117647058823	0.5011717509037003	1	1
oxidative stress/drug effects	GABPA	0.0013669559477371	0.0022615358442826	0.0294117647058823	0.5011717509037003	1	1
oxidative stress/drug effects	MTOR	0.0013669559477371	0.0022615358442826	0.0294117647058823	0.5011717509037003	1	1
oxidative stress/drug effects	BTRC	0.0013669559477371	0.0022615358442826	0.0294117647058823	0.5011717509037003	1	1
oxidative stress/drug effects	PRKAA2	0.0013669559477371	0.0022615358442826	0.0294117647058823	0.5011717509037003	1	1
oxidative stress/drug effects	PRKAB1	0.0013669559477371	0.0022615358442826	0.0294117647058823	0.5011717509037003	1	1
oxidative stress/drug effects	CTLA4	0.0013669559477371	0.0022615358442826	0.0294117647058823	0.5011717509037003	1	1
CD8A	cd8-positive t-lymphocytes/drug effects	0.002538011801026	0.0040234307847719	0.1176470588235294	0.5011717509037003	1	1
CD8A	cd8-positive t-lymphocytes/immunology	1.3621402925267924e-05	3.072854729788958e-05	8.595443187190334e-05	0.0131605085751639	4	1
CD8A	gene expression regulation neoplastic/drug effects	0.002538011801026	0.0040234307847719	0.1176470588235294	0.5011717509037003	1	1
CD8A	nivolumab/therapeutic use	0.0054656442930108	0.0081371567611152	0.1176470588235294	0.5011717509037003	1	1
CD8A	amino acid transport system y+/genetics	0.002538011801026	0.0040234307847719	0.1176470588235294	0.5011717509037003	1	1
CD8A	fusion regulatory protein 1 heavy chain/metabolism	0.0054656442930108	0.0081371567611152	0.1176470588235294	0.5011717509037003	1	1
CD8A	fatty acids/metabolism	0.0054656442930108	0.0081371567611152	0.1176470588235294	0.5011717509037003	1	1
CD8A	cd36 antigens/antagonists &amp; inhibitors	0.0054656442930108	0.0081371567611152	0.1176470588235294	0.5011717509037003	1	1
CD8A	endoplasmic reticulum/drug effects	0.002538011801026	0.0040234307847719	0.1176470588235294	0.5011717509037003	1	1
CD8A	lipid metabolism/drug effects	0.002538011801026	0.0040234307847719	0.1176470588235294	0.5011717509037003	1	1
CD8A	antineoplastic agents immunological/administration &amp; dosage	0.002538011801026	0.0040234307847719	0.1176470588235294	0.5011717509037003	1	1
CD8A	antibodies monoclonal humanized/pharmacology	0.0054656442930108	0.0081371567611152	0.1176470588235294	0.5011717509037003	1	1
CD8A	melanoma/genetics	0.0054656442930108	0.0081371567611152	0.1176470588235294	0.5011717509037003	1	1
CD8A	multiple myeloma/drug therapy	0.0054656442930108	0.0081371567611152	0.1176470588235294	0.5011717509037003	1	1
CD8A	sulfasalazine/administration &amp; dosage	0.002538011801026	0.0040234307847719	0.1176470588235294	0.5011717509037003	1	1
CD8A	ATM	0.002538011801026	0.0040234307847719	0.1176470588235294	0.5011717509037003	1	1
CD8A	RPL17-C18orf32	0.0013497045721265	0.0022475215307693	0.0011629429978859	0.0131605085751639	4	1
CD8A	RPL17	0.0013497045721265	0.0022475215307693	0.0011629429978859	0.0131605085751639	4	1
CD8A	AIFM2	0.002538011801026	0.0040234307847719	0.1176470588235294	0.5011717509037003	1	1
CD8A	S100A4	0.002538011801026	0.0040234307847719	0.1176470588235294	0.5011717509037003	1	1
CD8A	interleukin-12/metabolism	1.3989489849985937e-05	3.151923098234807e-05	0.1176470588235294	0.5011717509037003	1	1
CD8A	cysteine/metabolism	0.0054656442930108	0.0081371567611152	0.1176470588235294	0.5011717509037003	1	1
CD8A	CD4	1.3989489849985937e-05	3.151923098234807e-05	0.1176470588235294	0.5011717509037003	1	1
CD8A	CSF3	1.3989489849985937e-05	3.151923098234807e-05	0.1176470588235294	0.5011717509037003	1	1
CD8A	PTPRC	1.3989489849985937e-05	3.151923098234807e-05	0.1176470588235294	0.5011717509037003	1	1
CD8A	interferon-gamma/immunology	0.0054656442930108	0.0081371567611152	0.1176470588235294	0.5011717509037003	1	1
CD8A	SLC3A2	0.0054656442930108	0.0081371567611152	0.1176470588235294	0.5011717509037003	1	1
CD8A	ATL1	0.002538011801026	0.0040234307847719	0.1176470588235294	0.5011717509037003	1	1
CD8A	ACSL4	0.002538011801026	0.0040234307847719	0.1176470588235294	0.5011717509037003	1	1
phenylenediamines/pharmacology	inflammasomes/metabolism	1.511673891285703e-05	3.3730282624049297e-05	0.0294117647058823	0.5011717509037003	1	1
phenylenediamines/pharmacology	hemodynamics/drug effects	1.511673891285703e-05	3.3730282624049297e-05	0.0294117647058823	0.5011717509037003	1	1
phenylenediamines/pharmacology	lung/blood supply	1.511673891285703e-05	3.3730282624049297e-05	0.0294117647058823	0.5011717509037003	1	1
phenylenediamines/pharmacology	heart ventricles/diagnostic imaging	1.511673891285703e-05	3.3730282624049297e-05	0.0294117647058823	0.5011717509037003	1	1
phenylenediamines/pharmacology	toll-like receptor 4/metabolism	0.0041163028653422	0.0062649272957969	0.0869183494293239	0.5011717509037003	1	1
phenylenediamines/pharmacology	hypertension pulmonary/chemically induced	1.511673891285703e-05	3.3730282624049297e-05	0.0294117647058823	0.5011717509037003	1	1
phenylenediamines/pharmacology	nlr family pyrin domain-containing 3 protein/metabolism	1.511673891285703e-05	3.3730282624049297e-05	0.0294117647058823	0.5011717509037003	1	1
phenylenediamines/pharmacology	hmgb1 protein/metabolism	1.511673891285703e-05	3.3730282624049297e-05	0.0294117647058823	0.5011717509037003	1	1
phenylenediamines/pharmacology	inflammation/metabolism	0.0011503298334852	0.0019471927058547	0.0583845478489903	0.5011717509037003	1	1
phenylenediamines/pharmacology	NOX4	1.511673891285703e-05	3.3730282624049297e-05	0.0294117647058823	0.5011717509037003	1	1
phenylenediamines/pharmacology	FTH1	1.511673891285703e-05	3.3730282624049297e-05	0.0294117647058823	0.5011717509037003	1	1
phenylenediamines/pharmacology	NLRP3	1.511673891285703e-05	3.3730282624049297e-05	0.0294117647058823	0.5011717509037003	1	1
phenylenediamines/pharmacology	HMGB1	0.0015588727606166	0.0025467155403098	0.0583845478489903	0.5011717509037003	1	1
phenylenediamines/pharmacology	cells cultured	0.0026427423852313	0.0041792883219225	0.0869183494293239	0.5011717509037003	1	1
phenylenediamines/pharmacology	bacterial toxins/metabolism	1.511673891285703e-05	3.3730282624049297e-05	0.0294117647058823	0.5011717509037003	1	1
phenylenediamines/pharmacology	endothelial cells/metabolism	1.511673891285703e-05	3.3730282624049297e-05	0.0294117647058823	0.5011717509037003	1	1
phenylenediamines/pharmacology	monocrotaline/toxicity	1.511673891285703e-05	3.3730282624049297e-05	0.0294117647058823	0.5011717509037003	1	1
SLC7A11	b7-h1 antigen/antagonists &amp; inhibitors	0.0027501892023392	0.0043310494425764	0.1150131694468832	0.5011717509037003	1	1
SLC7A11	cisplatin	1.6316221617906912e-05	3.6237483834998086e-05	0.0588235294117647	0.5011717509037003	1	1
SLC7A11	sorafenib/pharmacology	9.743754924262936e-05	0.0001969359603558	0.0588235294117647	0.5011717509037003	1	1
SLC7A11	cd8-positive t-lymphocytes/immunology	0.0005594830270858	0.000999953829208	0.0151685013844803	0.1868283063250888	2	1
SLC7A11	nivolumab/therapeutic use	1.6316221617906912e-05	3.6237483834998086e-05	0.0588235294117647	0.5011717509037003	1	1
SLC7A11	diterpenes/pharmacology	1.6316221617906912e-05	3.6237483834998086e-05	0.0588235294117647	0.5011717509037003	1	1
SLC7A11	hypoxia-inducible factor 1 alpha subunit/metabolism	9.743754924262936e-05	0.0001969359603558	0.0588235294117647	0.5011717509037003	1	1
SLC7A11	liver cirrhosis/drug therapy	9.743754924262936e-05	0.0001969359603558	0.0588235294117647	0.5011717509037003	1	1
SLC7A11	fusion regulatory protein 1 heavy chain/metabolism	1.6316221617906912e-05	3.6237483834998086e-05	0.0588235294117647	0.5011717509037003	1	1
SLC7A11	collagen type i/metabolism	9.743754924262936e-05	0.0001969359603558	0.0588235294117647	0.5011717509037003	1	1
SLC7A11	hepatic stellate cells/drug effects	9.743754924262936e-05	0.0001969359603558	0.0588235294117647	0.5011717509037003	1	1
SLC7A11	lymphoma t-cell	1.6316221617906912e-05	3.6237483834998086e-05	0.0588235294117647	0.5011717509037003	1	1
SLC7A11	melanoma/genetics	1.6316221617906912e-05	3.6237483834998086e-05	0.0588235294117647	0.5011717509037003	1	1
SLC7A11	killer cells natural/metabolism	1.6316221617906912e-05	3.6237483834998086e-05	0.0588235294117647	0.5011717509037003	1	1
SLC7A11	asparaginase	1.6316221617906912e-05	3.6237483834998086e-05	0.0588235294117647	0.5011717509037003	1	1
SLC7A11	cysteine/metabolism	1.6316221617906912e-05	3.6237483834998086e-05	0.0588235294117647	0.5011717509037003	1	1
SLC7A11	FUT1	9.743754924262936e-05	0.0001969359603558	0.0588235294117647	0.5011717509037003	1	1
SLC7A11	FN1	9.743754924262936e-05	0.0001969359603558	0.0588235294117647	0.5011717509037003	1	1
SLC7A11	SLC3A2	1.6316221617906912e-05	3.6237483834998086e-05	0.0588235294117647	0.5011717509037003	1	1
SLC7A11	MMRN1	9.743754924262936e-05	0.0001969359603558	0.0588235294117647	0.5011717509037003	1	1
SLC7A11	HIF1A	9.743754924262936e-05	0.0001969359603558	0.0588235294117647	0.5011717509037003	1	1
SLC7A11	ASPG	1.6316221617906912e-05	3.6237483834998086e-05	0.0588235294117647	0.5011717509037003	1	1
SLC7A11	NLRP1	1.6316221617906912e-05	3.6237483834998086e-05	0.0588235294117647	0.5011717509037003	1	1
SLC7A11	interferon-gamma/immunology	1.6316221617906912e-05	3.6237483834998086e-05	0.0588235294117647	0.5011717509037003	1	1
FUT1	ROS1	6.120353295802072e-05	0.0001257224765577	0.0588235294117647	0.5011717509037003	1	1
neutrophils/immunology	chemokine cxcl13/metabolism	5.544618097985674e-10	2.2212564509929203e-09	0.0294117647058823	0.5011717509037003	1	1
neutrophils/immunology	interleukin-10/metabolism	5.544618097985674e-10	2.2212564509929203e-09	0.0294117647058823	0.5011717509037003	1	1
neutrophils/immunology	t-lymphocytes regulatory/immunology	5.544618097985674e-10	2.2212564509929203e-09	0.0294117647058823	0.5011717509037003	1	1
neutrophils/immunology	immunity innate	2.70259109118598e-05	5.8149115432392427e-05	0.0583845478489903	0.5011717509037003	1	1
neutrophils/immunology	b-lymphocytes/immunology	5.544618097985674e-10	2.2212564509929203e-09	0.0294117647058823	0.5011717509037003	1	1
neutrophils/immunology	extracellular traps/immunology	5.544618097985674e-10	2.2212564509929203e-09	0.0294117647058823	0.5011717509037003	1	1
neutrophils/immunology	ovarian neoplasms/pathology	5.544618097985674e-10	2.2212564509929203e-09	0.0294117647058823	0.5011717509037003	1	1
neutrophils/immunology	peritoneal neoplasms/secondary	5.544618097985674e-10	2.2212564509929203e-09	0.0294117647058823	0.5011717509037003	1	1
neutrophils/immunology	protein tyrosine phosphatase non-receptor type 6/metabolism	5.544618097985674e-10	2.2212564509929203e-09	0.0294117647058823	0.5011717509037003	1	1
neutrophils/immunology	omentum/immunology	5.544618097985674e-10	2.2212564509929203e-09	0.0294117647058823	0.5011717509037003	1	1
neutrophils/immunology	CXCL13	5.544618097985674e-10	2.2212564509929203e-09	0.0294117647058823	0.5011717509037003	1	1
neutrophils/immunology	PTPN6	5.544618097985674e-10	2.2212564509929203e-09	0.0294117647058823	0.5011717509037003	1	1
neutrophils/immunology	IL10	0.0018509398572931	0.0030074101013873	0.1150131694468832	0.5011717509037003	1	1
RPL17-C18orf32	interferon-gamma/metabolism	0.0060053206106562	0.0087908768007707	0.088235294117647	0.5011717509037003	1	1
RPL17-C18orf32	fatty acids/metabolism	0.0031479144449798	0.0048939485525315	0.088235294117647	0.5011717509037003	1	1
RPL17-C18orf32	cd36 antigens/antagonists &amp; inhibitors	0.0031479144449798	0.0048939485525315	0.088235294117647	0.5011717509037003	1	1
RPL17-C18orf32	antibodies monoclonal humanized/pharmacology	0.0031479144449798	0.0048939485525315	0.088235294117647	0.5011717509037003	1	1
RPL17-C18orf32	multiple myeloma/drug therapy	0.0031479144449798	0.0048939485525315	0.088235294117647	0.5011717509037003	1	1
RPL17-C18orf32	exosomes/metabolism	0.0060053206106562	0.0087908768007707	0.088235294117647	0.5011717509037003	1	1
RPL17-C18orf32	metabolic reprogramming	0.0031479144449798	0.0048939485525315	0.088235294117647	0.5011717509037003	1	1
RPL17-C18orf32	cancer-associated fibroblasts/pathology	0.0031479144449798	0.0048939485525315	0.088235294117647	0.5011717509037003	1	1
RPL17-C18orf32	FAP	0.0031479144449798	0.0048939485525315	0.088235294117647	0.5011717509037003	1	1
RPL17-C18orf32	FAM126A	0.0031479144449798	0.0048939485525315	0.088235294117647	0.5011717509037003	1	1
RPL17-C18orf32	VIM	0.0031479144449798	0.0048939485525315	0.088235294117647	0.5011717509037003	1	1
CHRM1	tumor microenvironment/drug effects	0.0020547216750272	0.0033114886991051	0.0042117671617232	0.054769758680606	3	1
CHRM1	protease inhibitors/pharmacology	0.0005902585392537	0.0010518107784265	0.0588235294117647	0.5011717509037003	1	1
CHRM1	carcinoma hepatocellular/drug therapy	0.0005902585392537	0.0010518107784265	0.0588235294117647	0.5011717509037003	1	1
CHRM1	glycyrrhizic acid/pharmacology	0.0012446795696657	0.0020789136508493	0.0588235294117647	0.5011717509037003	1	1
CHRM1	calgranulin a/metabolism	0.0012446795696657	0.0020789136508493	0.0588235294117647	0.5011717509037003	1	1
CHRM1	stem cell factor/metabolism	0.0005902585392537	0.0010518107784265	0.0588235294117647	0.5011717509037003	1	1
CHRM1	colon/metabolism	0.0012446795696657	0.0020789136508493	0.0588235294117647	0.5011717509037003	1	1
CHRM1	plant extracts/pharmacology	0.0005902585392537	0.0010518107784265	0.0588235294117647	0.5011717509037003	1	1
CHRM1	digestion	0.0005902585392537	0.0010518107784265	0.0588235294117647	0.5011717509037003	1	1
CHRM1	anti-inflammatory agents/pharmacology	0.0012446795696657	0.0020789136508493	0.0588235294117647	0.5011717509037003	1	1
CHRM1	gastrointestinal tract	0.0005902585392537	0.0010518107784265	0.0588235294117647	0.5011717509037003	1	1
CHRM1	IRF6	0.0012446795696657	0.0020789136508493	0.0588235294117647	0.5011717509037003	1	1
RPL17	interferon-gamma/metabolism	0.0060053206106562	0.0087908768007707	0.088235294117647	0.5011717509037003	1	1
RPL17	fatty acids/metabolism	0.0031479144449798	0.0048939485525315	0.088235294117647	0.5011717509037003	1	1
RPL17	cd36 antigens/antagonists &amp; inhibitors	0.0031479144449798	0.0048939485525315	0.088235294117647	0.5011717509037003	1	1
RPL17	antibodies monoclonal humanized/pharmacology	0.0031479144449798	0.0048939485525315	0.088235294117647	0.5011717509037003	1	1
RPL17	multiple myeloma/drug therapy	0.0031479144449798	0.0048939485525315	0.088235294117647	0.5011717509037003	1	1
RPL17	exosomes/metabolism	0.0060053206106562	0.0087908768007707	0.088235294117647	0.5011717509037003	1	1
RPL17	metabolic reprogramming	0.0031479144449798	0.0048939485525315	0.088235294117647	0.5011717509037003	1	1
RPL17	cancer-associated fibroblasts/pathology	0.0031479144449798	0.0048939485525315	0.088235294117647	0.5011717509037003	1	1
RPL17	FAP	0.0031479144449798	0.0048939485525315	0.088235294117647	0.5011717509037003	1	1
RPL17	FAM126A	0.0031479144449798	0.0048939485525315	0.088235294117647	0.5011717509037003	1	1
RPL17	VIM	0.0031479144449798	0.0048939485525315	0.088235294117647	0.5011717509037003	1	1
FN1	ROS1	6.120353295802072e-05	0.0001257224765577	0.0588235294117647	0.5011717509037003	1	1
ROS1	sorafenib/pharmacology	6.120353295802072e-05	0.0001257224765577	0.0588235294117647	0.5011717509037003	1	1
ROS1	amino acid transport system y+/metabolism	0.0035160552113981	0.0054180966889036	0.1150131694468832	0.5011717509037003	1	1
ROS1	biological products/chemistry	9.325897335932254e-06	2.121863689099253e-05	0.0588235294117647	0.5011717509037003	1	1
ROS1	hypoxia-inducible factor 1 alpha subunit/metabolism	6.120353295802072e-05	0.0001257224765577	0.0588235294117647	0.5011717509037003	1	1
ROS1	autophagy/drug effects	0.0010609808949021	0.00180575874466	0.1150131694468832	0.5011717509037003	1	1
ROS1	dichloroacetic acid/chemistry	9.325897335932254e-06	2.121863689099253e-05	0.0588235294117647	0.5011717509037003	1	1
ROS1	liver cirrhosis/drug therapy	6.120353295802072e-05	0.0001257224765577	0.0588235294117647	0.5011717509037003	1	1
ROS1	protein kinase inhibitors/chemistry	9.325897335932254e-06	2.121863689099253e-05	0.0588235294117647	0.5011717509037003	1	1
ROS1	saponins/chemistry	9.325897335932254e-06	2.121863689099253e-05	0.0588235294117647	0.5011717509037003	1	1
ROS1	drug synergism	9.325897335932254e-06	2.121863689099253e-05	0.0588235294117647	0.5011717509037003	1	1
ROS1	collagen type i/metabolism	6.120353295802072e-05	0.0001257224765577	0.0588235294117647	0.5011717509037003	1	1
ROS1	hepatic stellate cells/drug effects	6.120353295802072e-05	0.0001257224765577	0.0588235294117647	0.5011717509037003	1	1
ROS1	antineoplastic agents/chemistry	9.325897335932254e-06	2.121863689099253e-05	0.0588235294117647	0.5011717509037003	1	1
ROS1	pyruvate dehydrogenase acetyl-transferring kinase/antagonists &amp; inhibitors	9.325897335932254e-06	2.121863689099253e-05	0.0588235294117647	0.5011717509037003	1	1
ROS1	energy metabolism/drug effects	9.325897335932254e-06	2.121863689099253e-05	0.0588235294117647	0.5011717509037003	1	1
ROS1	MMRN1	6.120353295802072e-05	0.0001257224765577	0.0588235294117647	0.5011717509037003	1	1
ROS1	HIF1A	6.120353295802072e-05	0.0001257224765577	0.0588235294117647	0.5011717509037003	1	1
ROS1	jurkat cells	0.0035160552113981	0.0054180966889036	0.1150131694468832	0.5011717509037003	1	1
ROS1	neoplasms/drug therapy	0.0013441460741747	0.0022398267643828	0.1150131694468832	0.5011717509037003	1	1
skin neoplasms/drug therapy	tumor microenvironment/drug effects	0.0056610184889931	0.008358574270831	0.1176470588235294	0.5011717509037003	1	1
skin neoplasms/drug therapy	CD274	0.0001203227784936	0.0002414879175199	0.0588235294117647	0.5011717509037003	1	1
exosomes/metabolism	CD274	0.0003359143339474	0.0006121276459194	0.0588235294117647	0.5011717509037003	1	1
cell survival	capillary permeability	1.0551270968051083e-09	4.1458859116240205e-09	0.0294117647058823	0.5011717509037003	1	1
cell survival	inflammation mediators/metabolism	0.0002780972675769	0.0005107952631277	0.0869183494293239	0.5011717509037003	1	1
cell survival	vascular endothelial growth factor a/genetics	1.0551270968051083e-09	4.1458859116240205e-09	0.0294117647058823	0.5011717509037003	1	1
cell survival	calgranulin a/genetics	1.0551270968051083e-09	4.1458859116240205e-09	0.0294117647058823	0.5011717509037003	1	1
cell survival	lung neoplasms/metabolism	1.3451933250863137e-05	3.0355795216919427e-05	0.0583845478489903	0.5011717509037003	1	1
cell survival	calgranulin b/genetics	1.0551270968051083e-09	4.1458859116240205e-09	0.0294117647058823	0.5011717509037003	1	1
cell survival	angiopoietin-2/genetics	1.0551270968051083e-09	4.1458859116240205e-09	0.0294117647058823	0.5011717509037003	1	1
cell survival	transforming growth factor beta/metabolism	1.5989558083129296e-06	3.913837526700399e-06	0.0583845478489903	0.5011717509037003	1	1
cell survival	ANGPT2	1.0551270968051083e-09	4.1458859116240205e-09	0.0294117647058823	0.5011717509037003	1	1
cell survival	S100A8	4.685477104804381e-05	9.82469701876331e-05	0.0583845478489903	0.5011717509037003	1	1
cell survival	S100A9	1.0551270968051083e-09	4.1458859116240205e-09	0.0294117647058823	0.5011717509037003	1	1
tumor microenvironment/drug effects	t-lymphocytes cytotoxic/drug effects	0.0056610184889931	0.008358574270831	0.1176470588235294	0.5011717509037003	1	1
tumor microenvironment/drug effects	exosomes/drug effects	0.0056610184889931	0.008358574270831	0.1176470588235294	0.5011717509037003	1	1
tumor microenvironment/drug effects	aniline compounds/pharmacology	0.0056610184889931	0.008358574270831	0.1176470588235294	0.5011717509037003	1	1
tumor microenvironment/drug effects	drug resistance neoplasm	0.0039778851868	0.006085272814044	0.1176470588235294	0.5011717509037003	1	1
tumor microenvironment/drug effects	triple negative breast neoplasms/drug therapy	0.0039778851868	0.006085272814044	0.1176470588235294	0.5011717509037003	1	1
tumor microenvironment/drug effects	tumor escape/drug effects	0.0056610184889931	0.008358574270831	0.1176470588235294	0.5011717509037003	1	1
tumor microenvironment/drug effects	immune checkpoint inhibitors/pharmacology	0.0056610184889931	0.008358574270831	0.1176470588235294	0.5011717509037003	1	1
tumor microenvironment/drug effects	basic-leucine zipper transcription factors/analysis	0.0039778851868	0.006085272814044	0.1176470588235294	0.5011717509037003	1	1
tumor microenvironment/drug effects	tumor-associated macrophages/drug effects	0.0039778851868	0.006085272814044	0.1176470588235294	0.5011717509037003	1	1
tumor microenvironment/drug effects	drug resistance neoplasm/drug effects	0.0056610184889931	0.008358574270831	0.1176470588235294	0.5011717509037003	1	1
tumor microenvironment/drug effects	HLF	0.0039778851868	0.006085272814044	0.1176470588235294	0.5011717509037003	1	1
tumor microenvironment/drug effects	SMAD3	0.0039778851868	0.006085272814044	0.1176470588235294	0.5011717509037003	1	1
tumor microenvironment/drug effects	JAK2	0.0039778851868	0.006085272814044	0.1176470588235294	0.5011717509037003	1	1
tumor microenvironment/drug effects	MRLN	0.0020547216750272	0.0033114886991051	0.0042117671617232	0.054769758680606	3	1
tumor microenvironment/drug effects	GGT1	0.0039778851868	0.006085272814044	0.1176470588235294	0.5011717509037003	1	1
tumor microenvironment/drug effects	mitogen-activated protein kinases/metabolism	0.0056610184889931	0.008358574270831	0.1176470588235294	0.5011717509037003	1	1
tumor microenvironment/drug effects	amidines/administration &amp; dosage	0.0056610184889931	0.008358574270831	0.1176470588235294	0.5011717509037003	1	1
tumor microenvironment/drug effects	cadherins/metabolism	0.0056610184889931	0.008358574270831	0.1176470588235294	0.5011717509037003	1	1
tumor microenvironment/drug effects	pancreatic neoplasms/immunology	0.0009228513294738	0.0015933691829292	0.1176470588235294	0.5011717509037003	1	1
tumor microenvironment/drug effects	cachexia/immunology	0.0009228513294738	0.0015933691829292	0.1176470588235294	0.5011717509037003	1	1
tumor microenvironment/drug effects	stat3 transcription factor/immunology	0.0009228513294738	0.0015933691829292	0.1176470588235294	0.5011717509037003	1	1
tumor microenvironment/drug effects	muscle fibers skeletal/drug effects	0.0009228513294738	0.0015933691829292	0.1176470588235294	0.5011717509037003	1	1
tumor microenvironment/drug effects	immunocompetence	0.0056610184889931	0.008358574270831	0.1176470588235294	0.5011717509037003	1	1
tumor escape/drug effects	CD274	0.0001203227784936	0.0002414879175199	0.0588235294117647	0.5011717509037003	1	1
immune checkpoint inhibitors/pharmacology	CD274	0.0001203227784936	0.0002414879175199	0.0588235294117647	0.5011717509037003	1	1
CD274	t-lymphocytes cytotoxic/drug effects	0.0001203227784936	0.0002414879175199	0.0588235294117647	0.5011717509037003	1	1
CD274	exosomes/drug effects	0.0001203227784936	0.0002414879175199	0.0588235294117647	0.5011717509037003	1	1
CD274	interferon-gamma/metabolism	0.0003359143339474	0.0006121276459194	0.0588235294117647	0.5011717509037003	1	1
CD274	aniline compounds/pharmacology	0.0001203227784936	0.0002414879175199	0.0588235294117647	0.5011717509037003	1	1
CD274	drug resistance neoplasm/drug effects	0.0001203227784936	0.0002414879175199	0.0588235294117647	0.5011717509037003	1	1
CD274	cadherins/genetics	1.3445404302148134e-06	3.333213857955575e-06	0.0588235294117647	0.5011717509037003	1	1
CD274	glioblastoma/pathology	1.3445404302148134e-06	3.333213857955575e-06	0.0588235294117647	0.5011717509037003	1	1
CD274	SERPINE1	1.3445404302148134e-06	3.333213857955575e-06	0.0588235294117647	0.5011717509037003	1	1
CD274	PDCD1LG2	1.3445404302148134e-06	3.333213857955575e-06	0.0588235294117647	0.5011717509037003	1	1
CD274	FAT1	1.3445404302148134e-06	3.333213857955575e-06	0.0588235294117647	0.5011717509037003	1	1
b7-h1 antigen/antagonists &amp; inhibitors	amino acid transport system y+/metabolism	3.6844543410463615e-05	7.80564122443963e-05	0.0583845478489903	0.5011717509037003	1	1
b7-h1 antigen/antagonists &amp; inhibitors	SLC9A1	6.201826821539136e-06	1.4535151350546432e-05	0.0583845478489903	0.5011717509037003	1	1
MRLN	protease inhibitors/pharmacology	0.0005902585392537	0.0010518107784265	0.0588235294117647	0.5011717509037003	1	1
MRLN	carcinoma hepatocellular/drug therapy	0.0005902585392537	0.0010518107784265	0.0588235294117647	0.5011717509037003	1	1
MRLN	glycyrrhizic acid/pharmacology	0.0012446795696657	0.0020789136508493	0.0588235294117647	0.5011717509037003	1	1
MRLN	calgranulin a/metabolism	0.0012446795696657	0.0020789136508493	0.0588235294117647	0.5011717509037003	1	1
MRLN	stem cell factor/metabolism	0.0005902585392537	0.0010518107784265	0.0588235294117647	0.5011717509037003	1	1
MRLN	colon/metabolism	0.0012446795696657	0.0020789136508493	0.0588235294117647	0.5011717509037003	1	1
MRLN	plant extracts/pharmacology	0.0005902585392537	0.0010518107784265	0.0588235294117647	0.5011717509037003	1	1
MRLN	digestion	0.0005902585392537	0.0010518107784265	0.0588235294117647	0.5011717509037003	1	1
MRLN	anti-inflammatory agents/pharmacology	0.0012446795696657	0.0020789136508493	0.0588235294117647	0.5011717509037003	1	1
MRLN	gastrointestinal tract	0.0005902585392537	0.0010518107784265	0.0588235294117647	0.5011717509037003	1	1
MRLN	IRF6	0.0012446795696657	0.0020789136508493	0.0588235294117647	0.5011717509037003	1	1
interleukins/metabolism	cd8-positive t-lymphocytes/immunology	0.00073980105763	0.0012922627784632	0.0588235294117647	0.5011717509037003	1	1
interleukins/metabolism	TP53	0.0003423603083223	0.0006229236683793	0.0735294117647058	0.5011717509037003	1	1
interleukins/metabolism	tumor escape/immunology	4.499733918805761e-13	2.348841441812155e-12	0.0147058823529411	0.5011717509037003	1	1
interleukins/metabolism	liver neoplasms/immunology	4.499733918805761e-13	2.348841441812155e-12	0.0147058823529411	0.5011717509037003	1	1
interleukins/metabolism	tumor-associated macrophages/immunology	1.0388347515544185e-08	3.685806269500256e-08	0.0294117647058823	0.5011717509037003	1	1
interleukins/metabolism	cellular reprogramming/immunology	4.499733918805761e-13	2.348841441812155e-12	0.0147058823529411	0.5011717509037003	1	1
interleukins/metabolism	tumor microenvironment/immunology	0.002192546564825	0.0035177929774123	0.1029411764705882	0.5011717509037003	1	1
interleukins/metabolism	neoplastic stem cells/immunology	4.499733918805761e-13	2.348841441812155e-12	0.0147058823529411	0.5011717509037003	1	1
interleukins/metabolism	cd36 antigens/metabolism	0.0043897008244344	0.0066485599764838	0.1029411764705882	0.5011717509037003	1	1
interleukins/metabolism	IL34	4.499733918805761e-13	2.348841441812155e-12	0.0147058823529411	0.5011717509037003	1	1
fusion regulatory protein 1 heavy chain/metabolism	cd8-positive t-lymphocytes/immunology	0.0001862810580269	0.0003543196239064	0.0588235294117647	0.5011717509037003	1	1
amino acid transport system y+/metabolism	SLC9A1	1.803367479824569e-05	3.982969099507762e-05	0.0583845478489903	0.5011717509037003	1	1
tumor escape/immunology	cd8-positive t-lymphocytes/immunology	0.00073980105763	0.0012922627784632	0.0588235294117647	0.5011717509037003	1	1
tumor escape/immunology	TP53	0.0003423603083223	0.0006229236683793	0.0735294117647058	0.5011717509037003	1	1
tumor escape/immunology	liver neoplasms/immunology	4.499733918805761e-13	2.348841441812155e-12	0.0147058823529411	0.5011717509037003	1	1
tumor escape/immunology	tumor-associated macrophages/immunology	1.0388347515544185e-08	3.685806269500256e-08	0.0294117647058823	0.5011717509037003	1	1
tumor escape/immunology	cellular reprogramming/immunology	4.499733918805761e-13	2.348841441812155e-12	0.0147058823529411	0.5011717509037003	1	1
tumor escape/immunology	tumor microenvironment/immunology	0.002192546564825	0.0035177929774123	0.1029411764705882	0.5011717509037003	1	1
tumor escape/immunology	neoplastic stem cells/immunology	4.499733918805761e-13	2.348841441812155e-12	0.0147058823529411	0.5011717509037003	1	1
tumor escape/immunology	cd36 antigens/metabolism	0.0043897008244344	0.0066485599764838	0.1029411764705882	0.5011717509037003	1	1
tumor escape/immunology	IL34	4.499733918805761e-13	2.348841441812155e-12	0.0147058823529411	0.5011717509037003	1	1
TP53	cytokines/analysis	6.389823212771262e-07	1.6125303861243532e-06	0.0735294117647058	0.5011717509037003	1	1
TP53	pten phosphohydrolase/deficiency	6.389823212771262e-07	1.6125303861243532e-06	0.0735294117647058	0.5011717509037003	1	1
TP53	liver neoplasms/immunology	0.0003423603083223	0.0006229236683793	0.0735294117647058	0.5011717509037003	1	1
TP53	tumor-associated macrophages/immunology	0.0051267629104617	0.007656492973386	0.1426690079016681	0.5011717509037003	1	1
TP53	docosahexaenoic acids/analysis	6.389823212771262e-07	1.6125303861243532e-06	0.0735294117647058	0.5011717509037003	1	1
TP53	cellular reprogramming/immunology	0.0003423603083223	0.0006229236683793	0.0735294117647058	0.5011717509037003	1	1
TP53	tumor suppressor protein p53/deficiency	6.389823212771262e-07	1.6125303861243532e-06	0.0735294117647058	0.5011717509037003	1	1
TP53	neoplastic stem cells/immunology	0.0003423603083223	0.0006229236683793	0.0735294117647058	0.5011717509037003	1	1
TP53	PTEN	6.389823212771262e-07	1.6125303861243532e-06	0.0735294117647058	0.5011717509037003	1	1
TP53	IL34	0.0003423603083223	0.0006229236683793	0.0735294117647058	0.5011717509037003	1	1
liver neoplasms/immunology	cd8-positive t-lymphocytes/immunology	0.00073980105763	0.0012922627784632	0.0588235294117647	0.5011717509037003	1	1
liver neoplasms/immunology	tumor-associated macrophages/immunology	1.0388347515544185e-08	3.685806269500256e-08	0.0294117647058823	0.5011717509037003	1	1
liver neoplasms/immunology	cellular reprogramming/immunology	4.499733918805761e-13	2.348841441812155e-12	0.0147058823529411	0.5011717509037003	1	1
liver neoplasms/immunology	tumor microenvironment/immunology	0.002192546564825	0.0035177929774123	0.1029411764705882	0.5011717509037003	1	1
liver neoplasms/immunology	neoplastic stem cells/immunology	4.499733918805761e-13	2.348841441812155e-12	0.0147058823529411	0.5011717509037003	1	1
liver neoplasms/immunology	cd36 antigens/metabolism	0.0043897008244344	0.0066485599764838	0.1029411764705882	0.5011717509037003	1	1
liver neoplasms/immunology	IL34	4.499733918805761e-13	2.348841441812155e-12	0.0147058823529411	0.5011717509037003	1	1
melanoma/genetics	cd8-positive t-lymphocytes/immunology	0.0001862810580269	0.0003543196239064	0.0588235294117647	0.5011717509037003	1	1
tumor-associated macrophages/immunology	heterografts	6.7390537594747e-14	4.167281992593201e-13	0.0294117647058823	0.5011717509037003	1	1
tumor-associated macrophages/immunology	lipids/chemistry	6.7390537594747e-14	4.167281992593201e-13	0.0294117647058823	0.5011717509037003	1	1
tumor-associated macrophages/immunology	metabolic networks and pathways	6.7390537594747e-14	4.167281992593201e-13	0.0294117647058823	0.5011717509037003	1	1
tumor-associated macrophages/immunology	cellular reprogramming/immunology	1.0388347515544185e-08	3.685806269500256e-08	0.0294117647058823	0.5011717509037003	1	1
tumor-associated macrophages/immunology	neoplastic stem cells/immunology	1.0388347515544185e-08	3.685806269500256e-08	0.0294117647058823	0.5011717509037003	1	1
tumor-associated macrophages/immunology	cell plasticity/genetics	6.7390537594747e-14	4.167281992593201e-13	0.0294117647058823	0.5011717509037003	1	1
tumor-associated macrophages/immunology	IL1B	9.367605824373016e-07	2.3279344987268167e-06	0.0583845478489903	0.5011717509037003	1	1
tumor-associated macrophages/immunology	IL34	1.0388347515544185e-08	3.685806269500256e-08	0.0294117647058823	0.5011717509037003	1	1
tumor-associated macrophages/immunology	lipid metabolism	6.7390537594747e-14	4.167281992593201e-13	0.0294117647058823	0.5011717509037003	1	1
tumor-associated macrophages/immunology	prostatic neoplasms/immunology	6.7390537594747e-14	4.167281992593201e-13	0.0294117647058823	0.5011717509037003	1	1
cysteine/metabolism	cd8-positive t-lymphocytes/immunology	0.0001862810580269	0.0003543196239064	0.0588235294117647	0.5011717509037003	1	1
cellular reprogramming/immunology	cd8-positive t-lymphocytes/immunology	0.00073980105763	0.0012922627784632	0.0588235294117647	0.5011717509037003	1	1
cellular reprogramming/immunology	tumor microenvironment/immunology	0.002192546564825	0.0035177929774123	0.1029411764705882	0.5011717509037003	1	1
cellular reprogramming/immunology	neoplastic stem cells/immunology	4.499733918805761e-13	2.348841441812155e-12	0.0147058823529411	0.5011717509037003	1	1
cellular reprogramming/immunology	cd36 antigens/metabolism	0.0043897008244344	0.0066485599764838	0.1029411764705882	0.5011717509037003	1	1
cellular reprogramming/immunology	IL34	4.499733918805761e-13	2.348841441812155e-12	0.0147058823529411	0.5011717509037003	1	1
interferon-gamma/immunology	cd8-positive t-lymphocytes/immunology	0.0001862810580269	0.0003543196239064	0.0588235294117647	0.5011717509037003	1	1
inflammasomes/metabolism	TLR4	0.0001391835462153	0.0002745743120631	0.0441176470588235	0.5011717509037003	1	1
hemodynamics/drug effects	TLR4	0.0001391835462153	0.0002745743120631	0.0441176470588235	0.5011717509037003	1	1
tumor microenvironment/immunology	IFNA1	0.0001075046065651	0.0002169159671319	0.0262590789368664	0.1868283063250888	2	1
tumor microenvironment/immunology	CD36	1.28565448157536e-05	2.917759869997025e-05	0.0007880971728715	0.00267225332645	5	1
tumor microenvironment/immunology	ovarian neoplasms/immunology	0.002192546564825	0.0035177929774123	0.1029411764705882	0.5011717509037003	1	1
tumor microenvironment/immunology	interleukin-17/genetics	0.002192546564825	0.0035177929774123	0.1029411764705882	0.5011717509037003	1	1
tumor microenvironment/immunology	palmitic acid/metabolism	0.002192546564825	0.0035177929774123	0.1029411764705882	0.5011717509037003	1	1
tumor microenvironment/immunology	interleukin-12/metabolism	1.3753443917075006e-07	3.772328073236761e-07	0.1029411764705882	0.5011717509037003	1	1
tumor microenvironment/immunology	recombinant proteins/metabolism	0.002192546564825	0.0035177929774123	0.1029411764705882	0.5011717509037003	1	1
tumor microenvironment/immunology	phagocytosis	5.130761821336982e-05	0.000107238757578	0.1029411764705882	0.5011717509037003	1	1
tumor microenvironment/immunology	fatty acid-binding proteins/metabolism	0.002192546564825	0.0035177929774123	0.1029411764705882	0.5011717509037003	1	1
tumor microenvironment/immunology	ovary/pathology	0.002192546564825	0.0035177929774123	0.1029411764705882	0.5011717509037003	1	1
tumor microenvironment/immunology	osteopontin/metabolism	0.0015588727606166	0.0025467155403098	0.1029411764705882	0.5011717509037003	1	1
tumor microenvironment/immunology	thyroid cancer papillary/immunology	0.0015588727606166	0.0025467155403098	0.1029411764705882	0.5011717509037003	1	1
tumor microenvironment/immunology	tumor-associated macrophages/metabolism	0.0010609808949021	0.00180575874466	0.1029411764705882	0.5011717509037003	1	1
tumor microenvironment/immunology	neoplasms/pathology	0.0010609808949021	0.00180575874466	0.1029411764705882	0.5011717509037003	1	1
tumor microenvironment/immunology	interferon type i/metabolism	6.600030312275962e-07	1.6649918073946432e-06	0.0092186128182616	0.1868283063250888	2	1
tumor microenvironment/immunology	myeloid cells/immunology	1.8945319161467467e-05	4.176594968632339e-05	0.1029411764705882	0.5011717509037003	1	1
tumor microenvironment/immunology	interleukin-6 receptor alpha subunit/blood	1.8945319161467467e-05	4.176594968632339e-05	0.1029411764705882	0.5011717509037003	1	1
tumor microenvironment/immunology	endometrial neoplasms/immunology	5.130761821336982e-05	0.000107238757578	0.1029411764705882	0.5011717509037003	1	1
tumor microenvironment/immunology	adipocytes/immunology	0.002192546564825	0.0035177929774123	0.1029411764705882	0.5011717509037003	1	1
tumor microenvironment/immunology	disease progression	8.631422282334711e-05	0.0001763940789777	0.0121055049720545	0.054769758680606	3	1
tumor microenvironment/immunology	heme/metabolism	5.130761821336982e-05	0.000107238757578	0.1029411764705882	0.5011717509037003	1	1
tumor microenvironment/immunology	breast neoplasms/immunology	1.8945319161467467e-05	4.176594968632339e-05	0.1029411764705882	0.5011717509037003	1	1
tumor microenvironment/immunology	macrophages/immunology	0.0010819731568948	0.0018393030397213	0.0498535704857039	0.1868283063250888	2	1
tumor microenvironment/immunology	neoplastic stem cells/immunology	0.002192546564825	0.0035177929774123	0.1029411764705882	0.5011717509037003	1	1
tumor microenvironment/immunology	neoplasm recurrence local/immunology	0.0015588727606166	0.0025467155403098	0.1029411764705882	0.5011717509037003	1	1
tumor microenvironment/immunology	receptors interleukin-17/metabolism	0.002192546564825	0.0035177929774123	0.1029411764705882	0.5011717509037003	1	1
tumor microenvironment/immunology	cd36 antigens/metabolism	7.950208269491554e-09	2.8347832172858688e-08	4.008277306161699e-05	0.00267225332645	5	1
tumor microenvironment/immunology	CD4	1.3753443917075006e-07	3.772328073236761e-07	0.1029411764705882	0.5011717509037003	1	1
tumor microenvironment/immunology	MAPK1	0.0010609808949021	0.00180575874466	0.1029411764705882	0.5011717509037003	1	1
tumor microenvironment/immunology	AHSA1	0.0010609808949021	0.00180575874466	0.1029411764705882	0.5011717509037003	1	1
tumor microenvironment/immunology	F9	0.0015588727606166	0.0025467155403098	0.1029411764705882	0.5011717509037003	1	1
tumor microenvironment/immunology	AIMP2	0.0010609808949021	0.00180575874466	0.1029411764705882	0.5011717509037003	1	1
tumor microenvironment/immunology	CSF3	1.3753443917075006e-07	3.772328073236761e-07	0.1029411764705882	0.5011717509037003	1	1
tumor microenvironment/immunology	MAPK14	0.0010609808949021	0.00180575874466	0.1029411764705882	0.5011717509037003	1	1
tumor microenvironment/immunology	SPP1	0.0015588727606166	0.0025467155403098	0.1029411764705882	0.5011717509037003	1	1
tumor microenvironment/immunology	FABP4	0.002192546564825	0.0035177929774123	0.1029411764705882	0.5011717509037003	1	1
tumor microenvironment/immunology	CCDC6	0.0015588727606166	0.0025467155403098	0.1029411764705882	0.5011717509037003	1	1
tumor microenvironment/immunology	DUSP2	0.0015588727606166	0.0025467155403098	0.1029411764705882	0.5011717509037003	1	1
tumor microenvironment/immunology	CRK	0.0010609808949021	0.00180575874466	0.1029411764705882	0.5011717509037003	1	1
tumor microenvironment/immunology	ZCCHC12	0.0015588727606166	0.0025467155403098	0.1029411764705882	0.5011717509037003	1	1
tumor microenvironment/immunology	IL17RA	0.002192546564825	0.0035177929774123	0.1029411764705882	0.5011717509037003	1	1
tumor microenvironment/immunology	PTCH1	0.0015588727606166	0.0025467155403098	0.1029411764705882	0.5011717509037003	1	1
tumor microenvironment/immunology	RET	0.0015588727606166	0.0025467155403098	0.1029411764705882	0.5011717509037003	1	1
tumor microenvironment/immunology	IL34	0.002192546564825	0.0035177929774123	0.1029411764705882	0.5011717509037003	1	1
tumor microenvironment/immunology	PTPRC	1.3753443917075006e-07	3.772328073236761e-07	0.1029411764705882	0.5011717509037003	1	1
tumor microenvironment/immunology	RNF19A	0.0010609808949021	0.00180575874466	0.1029411764705882	0.5011717509037003	1	1
tumor microenvironment/immunology	TAS2R38	0.0015588727606166	0.0025467155403098	0.1029411764705882	0.5011717509037003	1	1
tumor microenvironment/immunology	POLDIP2	0.0010609808949021	0.00180575874466	0.1029411764705882	0.5011717509037003	1	1
tumor microenvironment/immunology	ITGAM	1.8945319161467467e-05	4.176594968632339e-05	0.1029411764705882	0.5011717509037003	1	1
lung/blood supply	TLR4	0.0001391835462153	0.0002745743120631	0.0441176470588235	0.5011717509037003	1	1
heart ventricles/diagnostic imaging	TLR4	0.0001391835462153	0.0002745743120631	0.0441176470588235	0.5011717509037003	1	1
toll-like receptor 4/metabolism	cd36 antigens/metabolism	0.0015713298753543	0.0025664815899418	0.0262590789368664	0.1868283063250888	2	1
toll-like receptor 4/metabolism	rna messenger/metabolism	0.0012772609311888	0.0021328352967918	0.0869183494293239	0.5011717509037003	1	1
toll-like receptor 4/metabolism	gastrointestinal tract	1.1009045872145684e-05	2.500058040737266e-05	0.0441176470588235	0.5011717509037003	1	1
toll-like receptor 4/metabolism	IFNA1	0.0060053206106562	0.0087908768007707	0.1284220608189001	0.5011717509037003	1	1
toll-like receptor 4/metabolism	TLR4	5.048927895767719e-07	1.2937313632094117e-06	0.0039109266501716	0.1868283063250888	2	1
toll-like receptor 4/metabolism	protease inhibitors/pharmacology	1.1009045872145684e-05	2.500058040737266e-05	0.0441176470588235	0.5011717509037003	1	1
toll-like receptor 4/metabolism	carcinoma hepatocellular/drug therapy	1.1009045872145684e-05	2.500058040737266e-05	0.0441176470588235	0.5011717509037003	1	1
toll-like receptor 4/metabolism	phagocytosis	2.2039919000960143e-08	7.572392113129499e-08	0.0441176470588235	0.5011717509037003	1	1
toll-like receptor 4/metabolism	immunity innate	0.0015588727606166	0.0025467155403098	0.0869183494293239	0.5011717509037003	1	1
toll-like receptor 4/metabolism	stem cell factor/metabolism	1.1009045872145684e-05	2.500058040737266e-05	0.0441176470588235	0.5011717509037003	1	1
toll-like receptor 4/metabolism	endometrial neoplasms/immunology	2.2039919000960143e-08	7.572392113129499e-08	0.0441176470588235	0.5011717509037003	1	1
toll-like receptor 4/metabolism	interferon type i/metabolism	0.000493914442929	0.0008838663701553	0.0869183494293239	0.5011717509037003	1	1
toll-like receptor 4/metabolism	heme/metabolism	2.2039919000960143e-08	7.572392113129499e-08	0.0441176470588235	0.5011717509037003	1	1
toll-like receptor 4/metabolism	macrophages/immunology	2.65163990609274e-06	6.405225212998539e-06	0.0077420384707478	0.1868283063250888	2	1
toll-like receptor 4/metabolism	plant extracts/pharmacology	1.1009045872145684e-05	2.500058040737266e-05	0.0441176470588235	0.5011717509037003	1	1
toll-like receptor 4/metabolism	digestion	1.1009045872145684e-05	2.500058040737266e-05	0.0441176470588235	0.5011717509037003	1	1
SLC9A1	cell survival/drug effects	0.0016612422254069	0.0027108658992467	0.0869183494293239	0.5011717509037003	1	1
hypertension pulmonary/chemically induced	TLR4	0.0001391835462153	0.0002745743120631	0.0441176470588235	0.5011717509037003	1	1
IFNA1	phagocytosis	5.003208958243022e-10	2.0455218826998136e-09	0.0441176470588235	0.5011717509037003	1	1
IFNA1	tumor-associated macrophages/metabolism	4.2590385518348484e-07	1.0921119606797982e-06	0.0441176470588235	0.5011717509037003	1	1
IFNA1	neoplasms/pathology	4.2590385518348484e-07	1.0921119606797982e-06	0.0441176470588235	0.5011717509037003	1	1
IFNA1	endometrial neoplasms/immunology	5.003208958243022e-10	2.0455218826998136e-09	0.0441176470588235	0.5011717509037003	1	1
IFNA1	interferon type i/metabolism	8.104628079763643e-15	5.951421049965782e-14	0.001316944688323	0.1868283063250888	2	1
IFNA1	heme/metabolism	5.003208958243022e-10	2.0455218826998136e-09	0.0441176470588235	0.5011717509037003	1	1
IFNA1	cd36 antigens/metabolism	0.0003435558350793	0.0006249402715771	0.0262590789368664	0.1868283063250888	2	1
IFNA1	MAPK1	4.2590385518348484e-07	1.0921119606797982e-06	0.0441176470588235	0.5011717509037003	1	1
IFNA1	AHSA1	4.2590385518348484e-07	1.0921119606797982e-06	0.0441176470588235	0.5011717509037003	1	1
IFNA1	AIMP2	4.2590385518348484e-07	1.0921119606797982e-06	0.0441176470588235	0.5011717509037003	1	1
IFNA1	MAPK14	4.2590385518348484e-07	1.0921119606797982e-06	0.0441176470588235	0.5011717509037003	1	1
IFNA1	CRK	4.2590385518348484e-07	1.0921119606797982e-06	0.0441176470588235	0.5011717509037003	1	1
IFNA1	RNF19A	4.2590385518348484e-07	1.0921119606797982e-06	0.0441176470588235	0.5011717509037003	1	1
IFNA1	POLDIP2	4.2590385518348484e-07	1.0921119606797982e-06	0.0441176470588235	0.5011717509037003	1	1
IFNA1	CD36	0.0060671170344891	0.0088795237464128	0.0658472344161545	0.1868283063250888	2	1
nlr family pyrin domain-containing 3 protein/metabolism	TLR4	0.0001391835462153	0.0002745743120631	0.0441176470588235	0.5011717509037003	1	1
SLC3A2	cd8-positive t-lymphocytes/immunology	0.0001862810580269	0.0003543196239064	0.0588235294117647	0.5011717509037003	1	1
macrophages/metabolism	glioma/pathology	0.0008298379874859	0.001442505179799	0.1029411764705882	0.5011717509037003	1	1
macrophages/metabolism	mammary glands animal/metabolism	0.0022240504211501	0.0035635522844585	0.1029411764705882	0.5011717509037003	1	1
macrophages/metabolism	lipoproteins ldl	0.001413355149255	0.0023329148675058	0.1029411764705882	0.5011717509037003	1	1
macrophages/metabolism	nitric oxide synthase type ii/metabolism	0.001413355149255	0.0023329148675058	0.1029411764705882	0.5011717509037003	1	1
macrophages/metabolism	extracellular matrix/metabolism	0.0022240504211501	0.0035635522844585	0.1029411764705882	0.5011717509037003	1	1
macrophages/metabolism	mesenchymal stem cells/metabolism	0.0008298379874859	0.001442505179799	0.1029411764705882	0.5011717509037003	1	1
macrophages/metabolism	epithelial cells/metabolism	0.0022240504211501	0.0035635522844585	0.1029411764705882	0.5011717509037003	1	1
macrophages/metabolism	stem cells/metabolism	0.0022240504211501	0.0035635522844585	0.1029411764705882	0.5011717509037003	1	1
macrophages/metabolism	mannose receptor	0.001413355149255	0.0023329148675058	0.1029411764705882	0.5011717509037003	1	1
macrophages/metabolism	adenosine/analogs &amp; derivatives	0.0008298379874859	0.001442505179799	0.1029411764705882	0.5011717509037003	1	1
macrophages/metabolism	colorectal neoplasms/metabolism	0.001413355149255	0.0023329148675058	0.1029411764705882	0.5011717509037003	1	1
macrophages/metabolism	mammary glands human/metabolism	0.0022240504211501	0.0035635522844585	0.1029411764705882	0.5011717509037003	1	1
macrophages/metabolism	hyperlipidemias	0.001413355149255	0.0023329148675058	0.1029411764705882	0.5011717509037003	1	1
macrophages/metabolism	diet high-fat/adverse effects	5.781969015350441e-06	1.3564442531265666e-05	0.0006983797589592	0.054769758680606	3	1
macrophages/metabolism	macrophage colony-stimulating factor/metabolism	0.0008298379874859	0.001442505179799	0.1029411764705882	0.5011717509037003	1	1
macrophages/metabolism	scavenger receptors class e/genetics	0.001413355149255	0.0023329148675058	0.1029411764705882	0.5011717509037003	1	1
macrophages/metabolism	brain neoplasms/pathology	0.0008298379874859	0.001442505179799	0.1029411764705882	0.5011717509037003	1	1
macrophages/metabolism	DCN	0.0022240504211501	0.0035635522844585	0.1029411764705882	0.5011717509037003	1	1
macrophages/metabolism	CSF1	0.004619878479813	0.0069574845691994	0.0262590789368664	0.1868283063250888	2	1
macrophages/metabolism	PROM1	0.001413355149255	0.0023329148675058	0.1029411764705882	0.5011717509037003	1	1
macrophages/metabolism	YTHDF2	0.0008298379874859	0.001442505179799	0.1029411764705882	0.5011717509037003	1	1
macrophages/metabolism	MRC1	8.491335186688875e-05	0.0001735807167227	0.0092186128182616	0.1868283063250888	2	1
neoplastic stem cells/immunology	cd8-positive t-lymphocytes/immunology	0.00073980105763	0.0012922627784632	0.0588235294117647	0.5011717509037003	1	1
neoplastic stem cells/immunology	cd36 antigens/metabolism	0.0043897008244344	0.0066485599764838	0.1029411764705882	0.5011717509037003	1	1
neoplastic stem cells/immunology	IL34	4.499733918805761e-13	2.348841441812155e-12	0.0147058823529411	0.5011717509037003	1	1
TLR4	bacterial toxins/metabolism	0.0001391835462153	0.0002745743120631	0.0441176470588235	0.5011717509037003	1	1
TLR4	endothelial cells/metabolism	0.0001391835462153	0.0002745743120631	0.0441176470588235	0.5011717509037003	1	1
TLR4	monocrotaline/toxicity	0.0001391835462153	0.0002745743120631	0.0441176470588235	0.5011717509037003	1	1
TLR4	inflammation/metabolism	0.0043534349039772	0.0066202138673466	0.0869183494293239	0.5011717509037003	1	1
TLR4	hmgb1 protein/metabolism	0.0001391835462153	0.0002745743120631	0.0441176470588235	0.5011717509037003	1	1
TLR4	FTH1	0.0001391835462153	0.0002745743120631	0.0441176470588235	0.5011717509037003	1	1
TLR4	HMGB1	0.005548883149006	0.0082217997785665	0.0869183494293239	0.5011717509037003	1	1
TLR4	NOX4	0.0001391835462153	0.0002745743120631	0.0441176470588235	0.5011717509037003	1	1
TLR4	phagocytosis	1.0783719917029089e-08	3.820411302291027e-08	0.0441176470588235	0.5011717509037003	1	1
TLR4	endometrial neoplasms/immunology	1.0783719917029089e-08	3.820411302291027e-08	0.0441176470588235	0.5011717509037003	1	1
TLR4	interferon type i/metabolism	0.0003667702795712	0.0006634635521673	0.0869183494293239	0.5011717509037003	1	1
TLR4	heme/metabolism	1.0783719917029089e-08	3.820411302291027e-08	0.0441176470588235	0.5011717509037003	1	1
TLR4	NLRP3	0.0001391835462153	0.0002745743120631	0.0441176470588235	0.5011717509037003	1	1
cell survival/drug effects	cd8-positive t-lymphocytes/immunology	0.0004884711072284	0.0008752181063766	0.0077420384707478	0.1868283063250888	2	1
cell survival/drug effects	carbolines/pharmacology	0.0035798874138834	0.0054954767874054	0.0869183494293239	0.5011717509037003	1	1
cell survival/drug effects	tor serine-threonine kinases/metabolism	0.0049036293627228	0.0073431491104543	0.0441176470588235	0.5011717509037003	1	1
cell survival/drug effects	amp-activated protein kinase kinases	0.0049036293627228	0.0073431491104543	0.0441176470588235	0.5011717509037003	1	1
cell survival/drug effects	lung neoplasms/drug therapy	0.0049036293627228	0.0073431491104543	0.0441176470588235	0.5011717509037003	1	1
cell survival/drug effects	iron/chemistry	0.0049036293627228	0.0073431491104543	0.0441176470588235	0.5011717509037003	1	1
cell survival/drug effects	nf-e2-related factor 2/genetics	0.0049036293627228	0.0073431491104543	0.0441176470588235	0.5011717509037003	1	1
cell survival/drug effects	glycogen synthase kinase 3/metabolism	0.0049036293627228	0.0073431491104543	0.0441176470588235	0.5011717509037003	1	1
cell survival/drug effects	GSK3B	0.0049036293627228	0.0073431491104543	0.0441176470588235	0.5011717509037003	1	1
cell survival/drug effects	PRKAA1	0.0049036293627228	0.0073431491104543	0.0441176470588235	0.5011717509037003	1	1
cell survival/drug effects	GABPA	0.0049036293627228	0.0073431491104543	0.0441176470588235	0.5011717509037003	1	1
cell survival/drug effects	MTOR	0.0049036293627228	0.0073431491104543	0.0441176470588235	0.5011717509037003	1	1
cell survival/drug effects	BTRC	0.0049036293627228	0.0073431491104543	0.0441176470588235	0.5011717509037003	1	1
cell survival/drug effects	PRKAA2	0.0049036293627228	0.0073431491104543	0.0441176470588235	0.5011717509037003	1	1
cell survival/drug effects	NFE2L2	2.247325868953709e-06	5.458008980952637e-06	0.001316944688323	0.1868283063250888	2	1
cell survival/drug effects	PRKAB1	0.0049036293627228	0.0073431491104543	0.0441176470588235	0.5011717509037003	1	1
cell survival/drug effects	CTLA4	0.0049036293627228	0.0073431491104543	0.0441176470588235	0.5011717509037003	1	1
inflammation/metabolism	autophagy	0.0001553398033395	0.0002977588581264	0.0583845478489903	0.5011717509037003	1	1
inflammation/metabolism	neoplasms/metabolism	7.122095281308916e-07	1.7910195396891578e-06	0.0294117647058823	0.5011717509037003	1	1
inflammation/metabolism	fibroblasts/metabolism	7.122095281308916e-07	1.7910195396891578e-06	0.0294117647058823	0.5011717509037003	1	1
inflammation/metabolism	cytokines/biosynthesis	7.122095281308916e-07	1.7910195396891578e-06	0.0294117647058823	0.5011717509037003	1	1
inflammation/metabolism	hypoxia	7.122095281308916e-07	1.7910195396891578e-06	0.0294117647058823	0.5011717509037003	1	1
inflammation/metabolism	cell communication	7.122095281308916e-07	1.7910195396891578e-06	0.0294117647058823	0.5011717509037003	1	1
inflammation/metabolism	caveolin 1/deficiency	7.122095281308916e-07	1.7910195396891578e-06	0.0294117647058823	0.5011717509037003	1	1
inflammation/metabolism	CSF2	7.122095281308916e-07	1.7910195396891578e-06	0.0294117647058823	0.5011717509037003	1	1
inflammation/metabolism	CXCL8	0.0002063424581727	0.0003890703493091	0.0583845478489903	0.5011717509037003	1	1
inflammation/metabolism	CAV1	7.122095281308916e-07	1.7910195396891578e-06	0.0294117647058823	0.5011717509037003	1	1
inflammation/metabolism	CCL5	7.122095281308916e-07	1.7910195396891578e-06	0.0294117647058823	0.5011717509037003	1	1
HMGB1	phenotype	0.0024359773054146	0.0038788378911146	0.0583845478489903	0.5011717509037003	1	1
HMGB1	glycyrrhizic acid/pharmacology	5.488111327278666e-06	1.2879271081403472e-05	0.0294117647058823	0.5011717509037003	1	1
HMGB1	nf-kappa b/metabolism	0.000303025297743	0.0005550172013607	0.0583845478489903	0.5011717509037003	1	1
HMGB1	calgranulin a/metabolism	5.488111327278666e-06	1.2879271081403472e-05	0.0294117647058823	0.5011717509037003	1	1
HMGB1	colon/metabolism	5.488111327278666e-06	1.2879271081403472e-05	0.0294117647058823	0.5011717509037003	1	1
HMGB1	diet high-fat	0.0027866117750977	0.0043874443304318	0.0869183494293239	0.5011717509037003	1	1
HMGB1	anti-inflammatory agents/pharmacology	5.488111327278666e-06	1.2879271081403472e-05	0.0294117647058823	0.5011717509037003	1	1
HMGB1	IRF6	5.488111327278666e-06	1.2879271081403472e-05	0.0294117647058823	0.5011717509037003	1	1
HMGB1	S100A8	0.0009228513294738	0.0015933691829292	0.0583845478489903	0.5011717509037003	1	1
dose-response relationship drug	piperazines/pharmacology	0.0011968722590782	0.0020240640587102	0.0869183494293239	0.5011717509037003	1	1
dose-response relationship drug	oxidative stress	0.0011968722590782	0.0020240640587102	0.0869183494293239	0.5011717509037003	1	1
dose-response relationship drug	jurkat cells	0.0026163058647299	0.0041447975536073	0.0869183494293239	0.5011717509037003	1	1
dose-response relationship drug	receptors cell surface/metabolism	0.0002169579889628	0.0004059890096335	0.0441176470588235	0.5011717509037003	1	1
dose-response relationship drug	antigens differentiation myelomonocytic/metabolism	0.0002169579889628	0.0004059890096335	0.0441176470588235	0.5011717509037003	1	1
dose-response relationship drug	cell communication/drug effects	0.0002169579889628	0.0004059890096335	0.0441176470588235	0.5011717509037003	1	1
dose-response relationship drug	tumor necrosis factor alpha-induced protein 3/metabolism	0.0002169579889628	0.0004059890096335	0.0441176470588235	0.5011717509037003	1	1
dose-response relationship drug	endometrial neoplasms/genetics	0.0002169579889628	0.0004059890096335	0.0441176470588235	0.5011717509037003	1	1
dose-response relationship drug	antigens cd/metabolism	0.0002169579889628	0.0004059890096335	0.0441176470588235	0.5011717509037003	1	1
dose-response relationship drug	estradiol/pharmacology	0.0002169579889628	0.0004059890096335	0.0441176470588235	0.5011717509037003	1	1
dose-response relationship drug	estrogen receptor alpha/genetics	0.0002169579889628	0.0004059890096335	0.0441176470588235	0.5011717509037003	1	1
dose-response relationship drug	hek293 cells	0.0002169579889628	0.0004059890096335	0.0441176470588235	0.5011717509037003	1	1
dose-response relationship drug	CD163	0.0026163058647299	0.0041447975536073	0.0869183494293239	0.5011717509037003	1	1
dose-response relationship drug	ESR1	0.0002169579889628	0.0004059890096335	0.0441176470588235	0.5011717509037003	1	1
dose-response relationship drug	TNFAIP3	0.0002169579889628	0.0004059890096335	0.0441176470588235	0.5011717509037003	1	1
cd36 antigens/metabolism	CD36	4.779421858280841e-09	1.7934092386543872e-08	3.404013358982348e-07	7.248540907378561e-05	7	1
cd36 antigens/metabolism	ovarian neoplasms/immunology	0.0043897008244344	0.0066485599764838	0.1029411764705882	0.5011717509037003	1	1
cd36 antigens/metabolism	interleukin-17/genetics	0.0043897008244344	0.0066485599764838	0.1029411764705882	0.5011717509037003	1	1
cd36 antigens/metabolism	palmitic acid/metabolism	0.0043897008244344	0.0066485599764838	0.1029411764705882	0.5011717509037003	1	1
cd36 antigens/metabolism	tumor microenvironment/genetics	0.0006031752131107	0.0010734931096013	0.1029411764705882	0.5011717509037003	1	1
cd36 antigens/metabolism	protease inhibitors/pharmacology	0.0032476334078848	0.0050239129363933	0.1029411764705882	0.5011717509037003	1	1
cd36 antigens/metabolism	recombinant proteins/metabolism	0.0043897008244344	0.0066485599764838	0.1029411764705882	0.5011717509037003	1	1
cd36 antigens/metabolism	phagocytosis	0.0001602058550113	0.0003067580451151	0.1029411764705882	0.5011717509037003	1	1
cd36 antigens/metabolism	fatty acid-binding proteins/metabolism	0.0043897008244344	0.0066485599764838	0.1029411764705882	0.5011717509037003	1	1
cd36 antigens/metabolism	carcinoma hepatocellular/drug therapy	0.0032476334078848	0.0050239129363933	0.1029411764705882	0.5011717509037003	1	1
cd36 antigens/metabolism	ovary/pathology	0.0043897008244344	0.0066485599764838	0.1029411764705882	0.5011717509037003	1	1
cd36 antigens/metabolism	thyroid cancer papillary/immunology	0.0032476334078848	0.0050239129363933	0.1029411764705882	0.5011717509037003	1	1
cd36 antigens/metabolism	osteopontin/metabolism	0.0032476334078848	0.0050239129363933	0.1029411764705882	0.5011717509037003	1	1
cd36 antigens/metabolism	tumor-associated macrophages/metabolism	0.0023121934937395	0.0036965181284031	0.1029411764705882	0.5011717509037003	1	1
cd36 antigens/metabolism	endothelial progenitor cells/metabolism	0.0006031752131107	0.0010734931096013	0.1029411764705882	0.5011717509037003	1	1
cd36 antigens/metabolism	gastrointestinal tract	0.0032476334078848	0.0050239129363933	0.1029411764705882	0.5011717509037003	1	1
cd36 antigens/metabolism	MAPK1	0.0023121934937395	0.0036965181284031	0.1029411764705882	0.5011717509037003	1	1
cd36 antigens/metabolism	AHSA1	0.0023121934937395	0.0036965181284031	0.1029411764705882	0.5011717509037003	1	1
cd36 antigens/metabolism	F9	0.0032476334078848	0.0050239129363933	0.1029411764705882	0.5011717509037003	1	1
cd36 antigens/metabolism	plant extracts/pharmacology	0.0032476334078848	0.0050239129363933	0.1029411764705882	0.5011717509037003	1	1
cd36 antigens/metabolism	AIMP2	0.0023121934937395	0.0036965181284031	0.1029411764705882	0.5011717509037003	1	1
cd36 antigens/metabolism	MAPK14	0.0023121934937395	0.0036965181284031	0.1029411764705882	0.5011717509037003	1	1
cd36 antigens/metabolism	SPP1	0.0032476334078848	0.0050239129363933	0.1029411764705882	0.5011717509037003	1	1
cd36 antigens/metabolism	FABP4	0.0043897008244344	0.0066485599764838	0.1029411764705882	0.5011717509037003	1	1
cd36 antigens/metabolism	CCDC6	0.0032476334078848	0.0050239129363933	0.1029411764705882	0.5011717509037003	1	1
cd36 antigens/metabolism	DUSP2	0.0032476334078848	0.0050239129363933	0.1029411764705882	0.5011717509037003	1	1
cd36 antigens/metabolism	CRK	0.0023121934937395	0.0036965181284031	0.1029411764705882	0.5011717509037003	1	1
cd36 antigens/metabolism	ZCCHC12	0.0032476334078848	0.0050239129363933	0.1029411764705882	0.5011717509037003	1	1
cd36 antigens/metabolism	IL17RA	0.0043897008244344	0.0066485599764838	0.1029411764705882	0.5011717509037003	1	1
cd36 antigens/metabolism	PTCH1	0.0032476334078848	0.0050239129363933	0.1029411764705882	0.5011717509037003	1	1
cd36 antigens/metabolism	RET	0.0032476334078848	0.0050239129363933	0.1029411764705882	0.5011717509037003	1	1
cd36 antigens/metabolism	POSTN	0.0006031752131107	0.0010734931096013	0.1029411764705882	0.5011717509037003	1	1
cd36 antigens/metabolism	IL34	0.0043897008244344	0.0066485599764838	0.1029411764705882	0.5011717509037003	1	1
cd36 antigens/metabolism	RNF19A	0.0023121934937395	0.0036965181284031	0.1029411764705882	0.5011717509037003	1	1
cd36 antigens/metabolism	TAS2R38	0.0032476334078848	0.0050239129363933	0.1029411764705882	0.5011717509037003	1	1
cd36 antigens/metabolism	POLDIP2	0.0023121934937395	0.0036965181284031	0.1029411764705882	0.5011717509037003	1	1
cd36 antigens/metabolism	neoplasms/pathology	0.0023121934937395	0.0036965181284031	0.1029411764705882	0.5011717509037003	1	1
cd36 antigens/metabolism	digestion	0.0032476334078848	0.0050239129363933	0.1029411764705882	0.5011717509037003	1	1
cd36 antigens/metabolism	neoplasm recurrence local/immunology	0.0032476334078848	0.0050239129363933	0.1029411764705882	0.5011717509037003	1	1
cd36 antigens/metabolism	interferon type i/metabolism	3.9207462103618695e-06	9.34485802782292e-06	0.0092186128182616	0.1868283063250888	2	1
cd36 antigens/metabolism	stem cell factor/metabolism	0.0032476334078848	0.0050239129363933	0.1029411764705882	0.5011717509037003	1	1
cd36 antigens/metabolism	endometrial neoplasms/immunology	0.0001602058550113	0.0003067580451151	0.1029411764705882	0.5011717509037003	1	1
cd36 antigens/metabolism	disease progression	0.0003135230968106	0.0005739514776096	0.0121055049720545	0.054769758680606	3	1
cd36 antigens/metabolism	macrophages/immunology	3.667467638357458e-06	8.752827360675292e-06	0.002664587388029	0.054769758680606	3	1
cd36 antigens/metabolism	heme/metabolism	0.0001602058550113	0.0003067580451151	0.1029411764705882	0.5011717509037003	1	1
cd36 antigens/metabolism	chemokine ccl2/metabolism	0.0006031752131107	0.0010734931096013	0.1029411764705882	0.5011717509037003	1	1
cd36 antigens/metabolism	periostin	0.0006031752131107	0.0010734931096013	0.1029411764705882	0.5011717509037003	1	1
cd36 antigens/metabolism	adipocytes/immunology	0.0043897008244344	0.0066485599764838	0.1029411764705882	0.5011717509037003	1	1
cd36 antigens/metabolism	receptors interleukin-17/metabolism	0.0043897008244344	0.0066485599764838	0.1029411764705882	0.5011717509037003	1	1
CCK	carbolines/pharmacology	0.000493914442929	0.0008838663701553	0.0869183494293239	0.5011717509037003	1	1
CCK	NFE2L2	0.0044995911428689	0.0067906021732873	0.0869183494293239	0.5011717509037003	1	1
CCK	bone neoplasms/pathology	2.3236318247299442e-07	6.22559599545402e-07	0.0441176470588235	0.5011717509037003	1	1
CCK	obesity/pathology	2.3236318247299442e-07	6.22559599545402e-07	0.0441176470588235	0.5011717509037003	1	1
CCK	bone marrow/pathology	2.3236318247299442e-07	6.22559599545402e-07	0.0441176470588235	0.5011717509037003	1	1
CCK	chemokine ccl2/genetics	2.3236318247299442e-07	6.22559599545402e-07	0.0441176470588235	0.5011717509037003	1	1
CCK	kruppel-like transcription factors/genetics	6.238880889342102e-05	0.0001281205138507	0.0869183494293239	0.5011717509037003	1	1
CCK	palmitic acid/pharmacology	2.3236318247299442e-07	6.22559599545402e-07	0.0441176470588235	0.5011717509037003	1	1
CCK	FFAR1	2.3236318247299442e-07	6.22559599545402e-07	0.0441176470588235	0.5011717509037003	1	1
CCK	KLF7	2.3236318247299442e-07	6.22559599545402e-07	0.0441176470588235	0.5011717509037003	1	1
CCK	MSMP	2.3236318247299442e-07	6.22559599545402e-07	0.0441176470588235	0.5011717509037003	1	1
cd8-positive t-lymphocytes/drug effects	antineoplastic agents/pharmacology	0.0015588727606166	0.0025467155403098	0.1029411764705882	0.5011717509037003	1	1
antineoplastic agents/pharmacology	precursor cell lymphoblastic leukemia-lymphoma/metabolism	0.0024359773054146	0.0038788378911146	0.1029411764705882	0.5011717509037003	1	1
antineoplastic agents/pharmacology	neutral ceramidase/antagonists &amp; inhibitors	0.0050078979304749	0.0074820939061317	0.1029411764705882	0.5011717509037003	1	1
antineoplastic agents/pharmacology	myeloid-derived suppressor cells/immunology	0.0050078979304749	0.0074820939061317	0.1029411764705882	0.5011717509037003	1	1
antineoplastic agents/pharmacology	autophagy/drug effects	2.27004838070366e-05	4.949630892760307e-05	0.0092186128182616	0.1868283063250888	2	1
antineoplastic agents/pharmacology	lymphocytes tumor-infiltrating/immunology	0.0050078979304749	0.0074820939061317	0.1029411764705882	0.5011717509037003	1	1
antineoplastic agents/pharmacology	endoplasmic reticulum/drug effects	0.0015588727606166	0.0025467155403098	0.1029411764705882	0.5011717509037003	1	1
antineoplastic agents/pharmacology	t-lymphocytes/immunology	0.0050078979304749	0.0074820939061317	0.1029411764705882	0.5011717509037003	1	1
antineoplastic agents/pharmacology	triple negative breast neoplasms/drug therapy	0.0024359773054146	0.0038788378911146	0.1029411764705882	0.5011717509037003	1	1
antineoplastic agents/pharmacology	autophagy-related proteins/genetics	0.0024359773054146	0.0038788378911146	0.1029411764705882	0.5011717509037003	1	1
antineoplastic agents/pharmacology	jurkat cells	0.0001806054803238	0.0003441636472961	0.0092186128182616	0.1868283063250888	2	1
antineoplastic agents/pharmacology	glutathione peroxidase/metabolism	0.0024359773054146	0.0038788378911146	0.1029411764705882	0.5011717509037003	1	1
antineoplastic agents/pharmacology	flavonolignans/pharmacology	0.0024359773054146	0.0038788378911146	0.1029411764705882	0.5011717509037003	1	1
antineoplastic agents/pharmacology	membrane proteins/metabolism	0.0050078979304749	0.0074820939061317	0.1029411764705882	0.5011717509037003	1	1
antineoplastic agents/pharmacology	colonic neoplasms/drug therapy	0.0050078979304749	0.0074820939061317	0.1029411764705882	0.5011717509037003	1	1
antineoplastic agents/pharmacology	heme oxygenase-1/metabolism	0.0050078979304749	0.0074820939061317	0.1029411764705882	0.5011717509037003	1	1
antineoplastic agents/pharmacology	basic-leucine zipper transcription factors/analysis	0.0024359773054146	0.0038788378911146	0.1029411764705882	0.5011717509037003	1	1
antineoplastic agents/pharmacology	tumor-associated macrophages/drug effects	0.0024359773054146	0.0038788378911146	0.1029411764705882	0.5011717509037003	1	1
antineoplastic agents/pharmacology	HMOX1	0.0050078979304749	0.0074820939061317	0.1029411764705882	0.5011717509037003	1	1
antineoplastic agents/pharmacology	HLF	0.0024359773054146	0.0038788378911146	0.1029411764705882	0.5011717509037003	1	1
antineoplastic agents/pharmacology	SMAD3	0.0024359773054146	0.0038788378911146	0.1029411764705882	0.5011717509037003	1	1
antineoplastic agents/pharmacology	ACSL4	0.0015588727606166	0.0025467155403098	0.1029411764705882	0.5011717509037003	1	1
antineoplastic agents/pharmacology	ATL1	0.0015588727606166	0.0025467155403098	0.1029411764705882	0.5011717509037003	1	1
antineoplastic agents/pharmacology	S100A4	0.0015588727606166	0.0025467155403098	0.1029411764705882	0.5011717509037003	1	1
antineoplastic agents/pharmacology	ATG5	0.0024359773054146	0.0038788378911146	0.1029411764705882	0.5011717509037003	1	1
antineoplastic agents/pharmacology	JAK2	0.0024359773054146	0.0038788378911146	0.1029411764705882	0.5011717509037003	1	1
antineoplastic agents/pharmacology	AIFM2	0.0015588727606166	0.0025467155403098	0.1029411764705882	0.5011717509037003	1	1
antineoplastic agents/pharmacology	GGT1	0.0024359773054146	0.0038788378911146	0.1029411764705882	0.5011717509037003	1	1
antineoplastic agents/pharmacology	drug resistance neoplasm	0.0024359773054146	0.0038788378911146	0.1029411764705882	0.5011717509037003	1	1
antineoplastic agents/pharmacology	cell cycle/drug effects	0.0024359773054146	0.0038788378911146	0.1029411764705882	0.5011717509037003	1	1
autophagy/drug effects	jurkat cells	1.2099738516790914e-05	2.74687443616853e-05	0.0583845478489903	0.5011717509037003	1	1
NFE2L2	carbolines/pharmacology	0.0009228513294738	0.0015933691829292	0.0583845478489903	0.5011717509037003	1	1
NFE2L2	amp-activated protein kinase kinases	0.0013669559477371	0.0022615358442826	0.0294117647058823	0.5011717509037003	1	1
NFE2L2	lung neoplasms/drug therapy	0.0013669559477371	0.0022615358442826	0.0294117647058823	0.5011717509037003	1	1
NFE2L2	iron/chemistry	0.0013669559477371	0.0022615358442826	0.0294117647058823	0.5011717509037003	1	1
NFE2L2	tor serine-threonine kinases/metabolism	0.0013669559477371	0.0022615358442826	0.0294117647058823	0.5011717509037003	1	1
NFE2L2	glycogen synthase kinase 3/metabolism	0.0013669559477371	0.0022615358442826	0.0294117647058823	0.5011717509037003	1	1
NFE2L2	PRKAA1	0.0013669559477371	0.0022615358442826	0.0294117647058823	0.5011717509037003	1	1
NFE2L2	BTRC	0.0013669559477371	0.0022615358442826	0.0294117647058823	0.5011717509037003	1	1
NFE2L2	GSK3B	0.0013669559477371	0.0022615358442826	0.0294117647058823	0.5011717509037003	1	1
NFE2L2	PRKAA2	0.0013669559477371	0.0022615358442826	0.0294117647058823	0.5011717509037003	1	1
NFE2L2	nf-e2-related factor 2/genetics	0.0013669559477371	0.0022615358442826	0.0294117647058823	0.5011717509037003	1	1
NFE2L2	PRKAB1	0.0013669559477371	0.0022615358442826	0.0294117647058823	0.5011717509037003	1	1
NFE2L2	CTLA4	0.0013669559477371	0.0022615358442826	0.0294117647058823	0.5011717509037003	1	1
NFE2L2	GABPA	0.0013669559477371	0.0022615358442826	0.0294117647058823	0.5011717509037003	1	1
NFE2L2	MTOR	0.0013669559477371	0.0022615358442826	0.0294117647058823	0.5011717509037003	1	1
IL34	cd8-positive t-lymphocytes/immunology	0.00073980105763	0.0012922627784632	0.0588235294117647	0.5011717509037003	1	1
gene expression regulation neoplastic	cytokines/analysis	2.7678790814889e-07	7.379981167050204e-07	0.0735294117647058	0.5011717509037003	1	1
gene expression regulation neoplastic	carcinoma pancreatic ductal/genetics	0.0004855021834012	0.0008701160661257	0.1426690079016681	0.5011717509037003	1	1
gene expression regulation neoplastic	endostatins/genetics	0.0002169579889628	0.0004059890096335	0.0735294117647058	0.5011717509037003	1	1
gene expression regulation neoplastic	pten phosphohydrolase/deficiency	2.7678790814889e-07	7.379981167050204e-07	0.0735294117647058	0.5011717509037003	1	1
gene expression regulation neoplastic	lipocalin-2/genetics	4.826859267836881e-08	1.453533629100291e-07	0.0735294117647058	0.5011717509037003	1	1
gene expression regulation neoplastic	carcinoma renal cell/blood	0.0002169579889628	0.0004059890096335	0.0735294117647058	0.5011717509037003	1	1
gene expression regulation neoplastic	inflammation mediators/blood	4.826859267836881e-08	1.453533629100291e-07	0.0735294117647058	0.5011717509037003	1	1
gene expression regulation neoplastic	cytokines/blood	4.951327612356948e-07	1.2691761444120975e-06	0.0127703727352542	0.1868283063250888	2	1
gene expression regulation neoplastic	docosahexaenoic acids/analysis	2.7678790814889e-07	7.379981167050204e-07	0.0735294117647058	0.5011717509037003	1	1
gene expression regulation neoplastic	tumor suppressor protein p53/deficiency	2.7678790814889e-07	7.379981167050204e-07	0.0735294117647058	0.5011717509037003	1	1
gene expression regulation neoplastic	nih 3t3 cells	0.0002169579889628	0.0004059890096335	0.0735294117647058	0.5011717509037003	1	1
gene expression regulation neoplastic	angiogenesis inducing agents/metabolism	0.0002169579889628	0.0004059890096335	0.0735294117647058	0.5011717509037003	1	1
gene expression regulation neoplastic	rna small interfering/genetics	4.826859267836881e-08	1.453533629100291e-07	0.0735294117647058	0.5011717509037003	1	1
gene expression regulation neoplastic	anti-inflammatory agents/metabolism	0.0002169579889628	0.0004059890096335	0.0735294117647058	0.5011717509037003	1	1
gene expression regulation neoplastic	cell polarity	0.0002169579889628	0.0004059890096335	0.0735294117647058	0.5011717509037003	1	1
gene expression regulation neoplastic	IL4	0.0002169579889628	0.0004059890096335	0.0735294117647058	0.5011717509037003	1	1
gene expression regulation neoplastic	ARG1	0.0002169579889628	0.0004059890096335	0.0735294117647058	0.5011717509037003	1	1
gene expression regulation neoplastic	IL13	0.0002169579889628	0.0004059890096335	0.0735294117647058	0.5011717509037003	1	1
gene expression regulation neoplastic	CD209	0.0002169579889628	0.0004059890096335	0.0735294117647058	0.5011717509037003	1	1
gene expression regulation neoplastic	PTEN	2.7678790814889e-07	7.379981167050204e-07	0.0735294117647058	0.5011717509037003	1	1
gene expression regulation neoplastic	LCN2	4.826859267836881e-08	1.453533629100291e-07	0.0735294117647058	0.5011717509037003	1	1
gene expression regulation neoplastic	SLC22A17	4.826859267836881e-08	1.453533629100291e-07	0.0735294117647058	0.5011717509037003	1	1
gene expression regulation neoplastic	MRC1	0.0053694661305472	0.0080106086089991	0.1426690079016681	0.5011717509037003	1	1
gene expression regulation neoplastic	carbolines/pharmacology	0.0062713289823422	0.009135490816351	0.1426690079016681	0.5011717509037003	1	1
gene expression regulation neoplastic	piperazines/pharmacology	0.0038089167063769	0.0058405019329489	0.1426690079016681	0.5011717509037003	1	1
gene expression regulation neoplastic	oxidative stress	0.0038089167063769	0.0058405019329489	0.1426690079016681	0.5011717509037003	1	1
cell proliferation/drug effects	apoptosis/drug effects	0.0035478824308358	0.0054647911845691	0.0869183494293239	0.5011717509037003	1	1
cell proliferation/drug effects	phenotype	0.0021227254844603	0.003419549010368	0.0583845478489903	0.5011717509037003	1	1
cell proliferation/drug effects	receptors cell surface/metabolism	2.1132181447058865e-05	4.610482326668824e-05	0.0294117647058823	0.5011717509037003	1	1
cell proliferation/drug effects	antigens differentiation myelomonocytic/metabolism	2.1132181447058865e-05	4.610482326668824e-05	0.0294117647058823	0.5011717509037003	1	1
cell proliferation/drug effects	cell communication/drug effects	2.1132181447058865e-05	4.610482326668824e-05	0.0294117647058823	0.5011717509037003	1	1
cell proliferation/drug effects	tumor necrosis factor alpha-induced protein 3/metabolism	2.1132181447058865e-05	4.610482326668824e-05	0.0294117647058823	0.5011717509037003	1	1
cell proliferation/drug effects	endometrial neoplasms/genetics	2.1132181447058865e-05	4.610482326668824e-05	0.0294117647058823	0.5011717509037003	1	1
cell proliferation/drug effects	antigens cd/metabolism	2.1132181447058865e-05	4.610482326668824e-05	0.0294117647058823	0.5011717509037003	1	1
cell proliferation/drug effects	estradiol/pharmacology	2.1132181447058865e-05	4.610482326668824e-05	0.0294117647058823	0.5011717509037003	1	1
cell proliferation/drug effects	estrogen receptor alpha/genetics	2.1132181447058865e-05	4.610482326668824e-05	0.0294117647058823	0.5011717509037003	1	1
cell proliferation/drug effects	hek293 cells	2.1132181447058865e-05	4.610482326668824e-05	0.0294117647058823	0.5011717509037003	1	1
cell proliferation/drug effects	CD163	0.0005197785340343	0.0009292224378709	0.0583845478489903	0.5011717509037003	1	1
cell proliferation/drug effects	ESR1	2.1132181447058865e-05	4.610482326668824e-05	0.0294117647058823	0.5011717509037003	1	1
cell proliferation/drug effects	TNFAIP3	2.1132181447058865e-05	4.610482326668824e-05	0.0294117647058823	0.5011717509037003	1	1
cell proliferation/drug effects	IL17A	0.0060053206106562	0.0087908768007707	0.0869183494293239	0.5011717509037003	1	1
neoplasms/drug therapy	mitochondria/drug effects	0.000482721111329	0.0008653482253365	0.0583845478489903	0.5011717509037003	1	1
cells cultured	obesity/metabolism	0.0030501375087683	0.0047782154153754	0.0869183494293239	0.5011717509037003	1	1
cells cultured	mammary glands animal/metabolism	3.128230217086525e-07	8.322207114275845e-07	0.0441176470588235	0.5011717509037003	1	1
cells cultured	breast neoplasms/metabolism	0.0030501375087683	0.0047782154153754	0.1284220608189001	0.5011717509037003	1	1
cells cultured	extracellular matrix/metabolism	3.128230217086525e-07	8.322207114275845e-07	0.0441176470588235	0.5011717509037003	1	1
cells cultured	epithelial cells/metabolism	3.128230217086525e-07	8.322207114275845e-07	0.0441176470588235	0.5011717509037003	1	1
cells cultured	stem cells/metabolism	3.128230217086525e-07	8.322207114275845e-07	0.0441176470588235	0.5011717509037003	1	1
cells cultured	mammary glands human/metabolism	3.128230217086525e-07	8.322207114275845e-07	0.0441176470588235	0.5011717509037003	1	1
cells cultured	tumor microenvironment/physiology	0.0026427423852313	0.0041792883219225	0.1284220608189001	0.5011717509037003	1	1
cells cultured	DCN	3.128230217086525e-07	8.322207114275845e-07	0.0441176470588235	0.5011717509037003	1	1
jurkat cells	carbolines/pharmacology	6.858577486745787e-05	0.0001406852456997	0.0583845478489903	0.5011717509037003	1	1
jurkat cells	piperazines/pharmacology	2.6111905922165946e-05	5.628391872004912e-05	0.0583845478489903	0.5011717509037003	1	1
jurkat cells	oxidative stress	2.6111905922165946e-05	5.628391872004912e-05	0.0583845478489903	0.5011717509037003	1	1
cd8-positive t-lymphocytes/immunology	nivolumab/therapeutic use	0.0001862810580269	0.0003543196239064	0.0588235294117647	0.5011717509037003	1	1
allografts	iron/chemistry	0.0041163028653422	0.0062649272957969	0.0294117647058823	0.5011717509037003	1	1
allografts	tor serine-threonine kinases/metabolism	0.0041163028653422	0.0062649272957969	0.0294117647058823	0.5011717509037003	1	1
allografts	amp-activated protein kinase kinases	0.0041163028653422	0.0062649272957969	0.0294117647058823	0.5011717509037003	1	1
allografts	lung neoplasms/drug therapy	0.0041163028653422	0.0062649272957969	0.0294117647058823	0.5011717509037003	1	1
allografts	nf-e2-related factor 2/genetics	0.0041163028653422	0.0062649272957969	0.0294117647058823	0.5011717509037003	1	1
allografts	glycogen synthase kinase 3/metabolism	0.0041163028653422	0.0062649272957969	0.0294117647058823	0.5011717509037003	1	1
allografts	GSK3B	0.0041163028653422	0.0062649272957969	0.0294117647058823	0.5011717509037003	1	1
allografts	PRKAA1	0.0041163028653422	0.0062649272957969	0.0294117647058823	0.5011717509037003	1	1
allografts	GABPA	0.0041163028653422	0.0062649272957969	0.0294117647058823	0.5011717509037003	1	1
allografts	MTOR	0.0041163028653422	0.0062649272957969	0.0294117647058823	0.5011717509037003	1	1
allografts	BTRC	0.0041163028653422	0.0062649272957969	0.0294117647058823	0.5011717509037003	1	1
allografts	PRKAA2	0.0041163028653422	0.0062649272957969	0.0294117647058823	0.5011717509037003	1	1
allografts	PRKAB1	0.0041163028653422	0.0062649272957969	0.0294117647058823	0.5011717509037003	1	1
allografts	CTLA4	0.0041163028653422	0.0062649272957969	0.0294117647058823	0.5011717509037003	1	1
allografts	chemokines/metabolism	0.0004608831352286	0.0008266139715174	0.0294117647058823	0.5011717509037003	1	1
allografts	lymphangiogenesis	0.0004608831352286	0.0008266139715174	0.0294117647058823	0.5011717509037003	1	1
allografts	leptin/physiology	0.0004608831352286	0.0008266139715174	0.0294117647058823	0.5011717509037003	1	1
allografts	rna messenger/genetics	0.0004608831352286	0.0008266139715174	0.0294117647058823	0.5011717509037003	1	1
allografts	neovascularization pathologic	0.0004608831352286	0.0008266139715174	0.0294117647058823	0.5011717509037003	1	1
allografts	obesity/etiology	0.0004608831352286	0.0008266139715174	0.0294117647058823	0.5011717509037003	1	1
allografts	tumor cells cultured	0.0004608831352286	0.0008266139715174	0.0294117647058823	0.5011717509037003	1	1
allografts	receptor melanocortin type 4/physiology	0.0004608831352286	0.0008266139715174	0.0294117647058823	0.5011717509037003	1	1
allografts	apoptosis	0.0004608831352286	0.0008266139715174	0.0294117647058823	0.5011717509037003	1	1
allografts	lymphatic metastasis	0.0004608831352286	0.0008266139715174	0.0294117647058823	0.5011717509037003	1	1
allografts	CCR7	0.0004608831352286	0.0008266139715174	0.0294117647058823	0.5011717509037003	1	1
allografts	CCL21	0.0004608831352286	0.0008266139715174	0.0294117647058823	0.5011717509037003	1	1
allografts	FLT4	0.0004608831352286	0.0008266139715174	0.0294117647058823	0.5011717509037003	1	1
allografts	KDR	0.0004608831352286	0.0008266139715174	0.0294117647058823	0.5011717509037003	1	1
allografts	CCL19	0.0004608831352286	0.0008266139715174	0.0294117647058823	0.5011717509037003	1	1
cell movement/drug effects	raw 264.7 cells	0.0053694661305472	0.0080106086089991	0.0869183494293239	0.5011717509037003	1	1
cell movement/drug effects	mitogen-activated protein kinases/metabolism	4.27111730587626e-05	8.992684409875192e-05	0.0441176470588235	0.5011717509037003	1	1
cell movement/drug effects	amidines/administration &amp; dosage	4.27111730587626e-05	8.992684409875192e-05	0.0441176470588235	0.5011717509037003	1	1
cell movement/drug effects	neoplasm recurrence local	0.0002169579889628	0.0004059890096335	0.0441176470588235	0.5011717509037003	1	1
cell movement/drug effects	hydroxymethylglutaryl-coa reductase inhibitors/pharmacology	0.0002169579889628	0.0004059890096335	0.0441176470588235	0.5011717509037003	1	1
cell movement/drug effects	cadherins/metabolism	4.27111730587626e-05	8.992684409875192e-05	0.0441176470588235	0.5011717509037003	1	1
cell movement/drug effects	breast neoplasms/drug therapy	0.0002169579889628	0.0004059890096335	0.0441176470588235	0.5011717509037003	1	1
cell movement/drug effects	inflammation/immunology	0.0002169579889628	0.0004059890096335	0.0441176470588235	0.5011717509037003	1	1
cell movement/drug effects	macrophage colony-stimulating factor/antagonists &amp; inhibitors	0.0002169579889628	0.0004059890096335	0.0441176470588235	0.5011717509037003	1	1
cell movement/drug effects	lung neoplasms/metabolism	0.0053694661305472	0.0080106086089991	0.0869183494293239	0.5011717509037003	1	1
cell movement/drug effects	mesenchymal stem cells/immunology	0.0002169579889628	0.0004059890096335	0.0441176470588235	0.5011717509037003	1	1
cell movement/drug effects	neoplasm invasiveness	0.0002169579889628	0.0004059890096335	0.0441176470588235	0.5011717509037003	1	1
cell movement/drug effects	immunocompetence	4.27111730587626e-05	8.992684409875192e-05	0.0441176470588235	0.5011717509037003	1	1
cell movement/drug effects	paracrine communication	0.004548958005705	0.0068521189631963	0.0869183494293239	0.5011717509037003	1	1
cell movement/drug effects	EEF1A2	0.0002169579889628	0.0004059890096335	0.0441176470588235	0.5011717509037003	1	1
iron/chemistry	tor serine-threonine kinases/metabolism	0.0001529490570294	0.0002932546526832	0.0147058823529411	0.5011717509037003	1	1
iron/chemistry	amp-activated protein kinase kinases	0.0001529490570294	0.0002932546526832	0.0147058823529411	0.5011717509037003	1	1
iron/chemistry	lung neoplasms/drug therapy	0.0001529490570294	0.0002932546526832	0.0147058823529411	0.5011717509037003	1	1
iron/chemistry	mitochondria/drug effects	0.0017679797262968	0.0028758762365795	0.0294117647058823	0.5011717509037003	1	1
iron/chemistry	nf-e2-related factor 2/genetics	0.0001529490570294	0.0002932546526832	0.0147058823529411	0.5011717509037003	1	1
iron/chemistry	glycogen synthase kinase 3/metabolism	0.0001529490570294	0.0002932546526832	0.0147058823529411	0.5011717509037003	1	1
iron/chemistry	GSK3B	0.0001529490570294	0.0002932546526832	0.0147058823529411	0.5011717509037003	1	1
iron/chemistry	PRKAA1	0.0001529490570294	0.0002932546526832	0.0147058823529411	0.5011717509037003	1	1
iron/chemistry	GABPA	0.0001529490570294	0.0002932546526832	0.0147058823529411	0.5011717509037003	1	1
iron/chemistry	MTOR	0.0001529490570294	0.0002932546526832	0.0147058823529411	0.5011717509037003	1	1
iron/chemistry	BTRC	0.0001529490570294	0.0002932546526832	0.0147058823529411	0.5011717509037003	1	1
iron/chemistry	PRKAA2	0.0001529490570294	0.0002932546526832	0.0147058823529411	0.5011717509037003	1	1
iron/chemistry	PRKAB1	0.0001529490570294	0.0002932546526832	0.0147058823529411	0.5011717509037003	1	1
iron/chemistry	CTLA4	0.0001529490570294	0.0002932546526832	0.0147058823529411	0.5011717509037003	1	1
tor serine-threonine kinases/metabolism	amp-activated protein kinase kinases	0.0001529490570294	0.0002932546526832	0.0147058823529411	0.5011717509037003	1	1
tor serine-threonine kinases/metabolism	lung neoplasms/drug therapy	0.0001529490570294	0.0002932546526832	0.0147058823529411	0.5011717509037003	1	1
tor serine-threonine kinases/metabolism	mitochondria/drug effects	0.0017679797262968	0.0028758762365795	0.0294117647058823	0.5011717509037003	1	1
tor serine-threonine kinases/metabolism	nf-e2-related factor 2/genetics	0.0001529490570294	0.0002932546526832	0.0147058823529411	0.5011717509037003	1	1
tor serine-threonine kinases/metabolism	glycogen synthase kinase 3/metabolism	0.0001529490570294	0.0002932546526832	0.0147058823529411	0.5011717509037003	1	1
tor serine-threonine kinases/metabolism	GSK3B	0.0001529490570294	0.0002932546526832	0.0147058823529411	0.5011717509037003	1	1
tor serine-threonine kinases/metabolism	PRKAA1	0.0001529490570294	0.0002932546526832	0.0147058823529411	0.5011717509037003	1	1
tor serine-threonine kinases/metabolism	GABPA	0.0001529490570294	0.0002932546526832	0.0147058823529411	0.5011717509037003	1	1
tor serine-threonine kinases/metabolism	MTOR	0.0001529490570294	0.0002932546526832	0.0147058823529411	0.5011717509037003	1	1
tor serine-threonine kinases/metabolism	BTRC	0.0001529490570294	0.0002932546526832	0.0147058823529411	0.5011717509037003	1	1
tor serine-threonine kinases/metabolism	PRKAA2	0.0001529490570294	0.0002932546526832	0.0147058823529411	0.5011717509037003	1	1
tor serine-threonine kinases/metabolism	PRKAB1	0.0001529490570294	0.0002932546526832	0.0147058823529411	0.5011717509037003	1	1
tor serine-threonine kinases/metabolism	CTLA4	0.0001529490570294	0.0002932546526832	0.0147058823529411	0.5011717509037003	1	1
amp-activated protein kinase kinases	lung neoplasms/drug therapy	0.0001529490570294	0.0002932546526832	0.0147058823529411	0.5011717509037003	1	1
amp-activated protein kinase kinases	mitochondria/drug effects	0.0017679797262968	0.0028758762365795	0.0294117647058823	0.5011717509037003	1	1
amp-activated protein kinase kinases	nf-e2-related factor 2/genetics	0.0001529490570294	0.0002932546526832	0.0147058823529411	0.5011717509037003	1	1
amp-activated protein kinase kinases	glycogen synthase kinase 3/metabolism	0.0001529490570294	0.0002932546526832	0.0147058823529411	0.5011717509037003	1	1
amp-activated protein kinase kinases	GSK3B	0.0001529490570294	0.0002932546526832	0.0147058823529411	0.5011717509037003	1	1
amp-activated protein kinase kinases	PRKAA1	0.0001529490570294	0.0002932546526832	0.0147058823529411	0.5011717509037003	1	1
amp-activated protein kinase kinases	GABPA	0.0001529490570294	0.0002932546526832	0.0147058823529411	0.5011717509037003	1	1
amp-activated protein kinase kinases	MTOR	0.0001529490570294	0.0002932546526832	0.0147058823529411	0.5011717509037003	1	1
amp-activated protein kinase kinases	BTRC	0.0001529490570294	0.0002932546526832	0.0147058823529411	0.5011717509037003	1	1
amp-activated protein kinase kinases	PRKAA2	0.0001529490570294	0.0002932546526832	0.0147058823529411	0.5011717509037003	1	1
amp-activated protein kinase kinases	PRKAB1	0.0001529490570294	0.0002932546526832	0.0147058823529411	0.5011717509037003	1	1
amp-activated protein kinase kinases	CTLA4	0.0001529490570294	0.0002932546526832	0.0147058823529411	0.5011717509037003	1	1
lung neoplasms/drug therapy	mitochondria/drug effects	0.0017679797262968	0.0028758762365795	0.0294117647058823	0.5011717509037003	1	1
lung neoplasms/drug therapy	nf-e2-related factor 2/genetics	0.0001529490570294	0.0002932546526832	0.0147058823529411	0.5011717509037003	1	1
lung neoplasms/drug therapy	glycogen synthase kinase 3/metabolism	0.0001529490570294	0.0002932546526832	0.0147058823529411	0.5011717509037003	1	1
lung neoplasms/drug therapy	GSK3B	0.0001529490570294	0.0002932546526832	0.0147058823529411	0.5011717509037003	1	1
lung neoplasms/drug therapy	PRKAA1	0.0001529490570294	0.0002932546526832	0.0147058823529411	0.5011717509037003	1	1
lung neoplasms/drug therapy	GABPA	0.0001529490570294	0.0002932546526832	0.0147058823529411	0.5011717509037003	1	1
lung neoplasms/drug therapy	MTOR	0.0001529490570294	0.0002932546526832	0.0147058823529411	0.5011717509037003	1	1
lung neoplasms/drug therapy	BTRC	0.0001529490570294	0.0002932546526832	0.0147058823529411	0.5011717509037003	1	1
lung neoplasms/drug therapy	PRKAA2	0.0001529490570294	0.0002932546526832	0.0147058823529411	0.5011717509037003	1	1
lung neoplasms/drug therapy	PRKAB1	0.0001529490570294	0.0002932546526832	0.0147058823529411	0.5011717509037003	1	1
lung neoplasms/drug therapy	CTLA4	0.0001529490570294	0.0002932546526832	0.0147058823529411	0.5011717509037003	1	1
raw 264.7 cells	neoplasm recurrence local	3.4015522509811547e-08	1.0400565265691953e-07	0.0294117647058823	0.5011717509037003	1	1
raw 264.7 cells	hydroxymethylglutaryl-coa reductase inhibitors/pharmacology	3.4015522509811547e-08	1.0400565265691953e-07	0.0294117647058823	0.5011717509037003	1	1
raw 264.7 cells	breast neoplasms/drug therapy	3.4015522509811547e-08	1.0400565265691953e-07	0.0294117647058823	0.5011717509037003	1	1
raw 264.7 cells	interleukin-6/metabolism	0.0011250141132327	0.0019115638097532	0.0869183494293239	0.5011717509037003	1	1
raw 264.7 cells	inflammation/immunology	3.4015522509811547e-08	1.0400565265691953e-07	0.0294117647058823	0.5011717509037003	1	1
raw 264.7 cells	macrophage colony-stimulating factor/antagonists &amp; inhibitors	3.4015522509811547e-08	1.0400565265691953e-07	0.0294117647058823	0.5011717509037003	1	1
raw 264.7 cells	mesenchymal stem cells/immunology	3.4015522509811547e-08	1.0400565265691953e-07	0.0294117647058823	0.5011717509037003	1	1
raw 264.7 cells	neoplasm invasiveness	3.4015522509811547e-08	1.0400565265691953e-07	0.0294117647058823	0.5011717509037003	1	1
raw 264.7 cells	paracrine communication	1.941482410217077e-05	4.2774683166387306e-05	0.0583845478489903	0.5011717509037003	1	1
raw 264.7 cells	EEF1A2	3.4015522509811547e-08	1.0400565265691953e-07	0.0294117647058823	0.5011717509037003	1	1
raw 264.7 cells	CSF1	0.0016223454886058	0.0026485991154528	0.0869183494293239	0.5011717509037003	1	1
mitochondria/drug effects	nf-e2-related factor 2/genetics	0.0017679797262968	0.0028758762365795	0.0294117647058823	0.5011717509037003	1	1
mitochondria/drug effects	glycogen synthase kinase 3/metabolism	0.0017679797262968	0.0028758762365795	0.0294117647058823	0.5011717509037003	1	1
mitochondria/drug effects	GSK3B	0.0017679797262968	0.0028758762365795	0.0294117647058823	0.5011717509037003	1	1
mitochondria/drug effects	PRKAA1	0.0017679797262968	0.0028758762365795	0.0294117647058823	0.5011717509037003	1	1
mitochondria/drug effects	GABPA	0.0017679797262968	0.0028758762365795	0.0294117647058823	0.5011717509037003	1	1
mitochondria/drug effects	MTOR	0.0017679797262968	0.0028758762365795	0.0294117647058823	0.5011717509037003	1	1
mitochondria/drug effects	BTRC	0.0017679797262968	0.0028758762365795	0.0294117647058823	0.5011717509037003	1	1
mitochondria/drug effects	PRKAA2	0.0017679797262968	0.0028758762365795	0.0294117647058823	0.5011717509037003	1	1
mitochondria/drug effects	PRKAB1	0.0017679797262968	0.0028758762365795	0.0294117647058823	0.5011717509037003	1	1
mitochondria/drug effects	CTLA4	0.0017679797262968	0.0028758762365795	0.0294117647058823	0.5011717509037003	1	1
nf-e2-related factor 2/genetics	glycogen synthase kinase 3/metabolism	0.0001529490570294	0.0002932546526832	0.0147058823529411	0.5011717509037003	1	1
nf-e2-related factor 2/genetics	GSK3B	0.0001529490570294	0.0002932546526832	0.0147058823529411	0.5011717509037003	1	1
nf-e2-related factor 2/genetics	PRKAA1	0.0001529490570294	0.0002932546526832	0.0147058823529411	0.5011717509037003	1	1
nf-e2-related factor 2/genetics	GABPA	0.0001529490570294	0.0002932546526832	0.0147058823529411	0.5011717509037003	1	1
nf-e2-related factor 2/genetics	MTOR	0.0001529490570294	0.0002932546526832	0.0147058823529411	0.5011717509037003	1	1
nf-e2-related factor 2/genetics	BTRC	0.0001529490570294	0.0002932546526832	0.0147058823529411	0.5011717509037003	1	1
nf-e2-related factor 2/genetics	PRKAA2	0.0001529490570294	0.0002932546526832	0.0147058823529411	0.5011717509037003	1	1
nf-e2-related factor 2/genetics	PRKAB1	0.0001529490570294	0.0002932546526832	0.0147058823529411	0.5011717509037003	1	1
nf-e2-related factor 2/genetics	CTLA4	0.0001529490570294	0.0002932546526832	0.0147058823529411	0.5011717509037003	1	1
glycogen synthase kinase 3/metabolism	GSK3B	0.0001529490570294	0.0002932546526832	0.0147058823529411	0.5011717509037003	1	1
glycogen synthase kinase 3/metabolism	PRKAA1	0.0001529490570294	0.0002932546526832	0.0147058823529411	0.5011717509037003	1	1
glycogen synthase kinase 3/metabolism	GABPA	0.0001529490570294	0.0002932546526832	0.0147058823529411	0.5011717509037003	1	1
glycogen synthase kinase 3/metabolism	MTOR	0.0001529490570294	0.0002932546526832	0.0147058823529411	0.5011717509037003	1	1
glycogen synthase kinase 3/metabolism	BTRC	0.0001529490570294	0.0002932546526832	0.0147058823529411	0.5011717509037003	1	1
glycogen synthase kinase 3/metabolism	PRKAA2	0.0001529490570294	0.0002932546526832	0.0147058823529411	0.5011717509037003	1	1
glycogen synthase kinase 3/metabolism	PRKAB1	0.0001529490570294	0.0002932546526832	0.0147058823529411	0.5011717509037003	1	1
glycogen synthase kinase 3/metabolism	CTLA4	0.0001529490570294	0.0002932546526832	0.0147058823529411	0.5011717509037003	1	1
CD36	tumor microenvironment/genetics	0.0065440135555695	0.0095191688964414	0.1617647058823529	0.5011717509037003	1	1
CD36	phagocytosis	0.0026961250387715	0.0042590099521437	0.1617647058823529	0.5011717509037003	1	1
CD36	integrin alphavbeta3/metabolism	0.0043655033299262	0.0066343431648815	0.1617647058823529	0.5011717509037003	1	1
CD36	endometrial neoplasms/immunology	0.0026961250387715	0.0042590099521437	0.1617647058823529	0.5011717509037003	1	1
CD36	interferon type i/metabolism	0.0003154868907467	0.0005773990158279	0.0241439859525899	0.1868283063250888	2	1
CD36	chemokine ccl2/metabolism	0.0065440135555695	0.0095191688964414	0.1617647058823529	0.5011717509037003	1	1
CD36	disease progression	0.0001946398438937	0.0003677781359032	0.0050567299250354	0.0131605085751639	4	1
CD36	heme/metabolism	0.0026961250387715	0.0042590099521437	0.1617647058823529	0.5011717509037003	1	1
CD36	macrophages/immunology	0.0004038918089636	0.0007293254207211	0.0119538056324711	0.054769758680606	3	1
CD36	carcinoma hepatocellular/pathology	0.0004317563670157	0.0007774869051261	0.0241439859525899	0.1868283063250888	2	1
CD36	periostin	0.0065440135555695	0.0095191688964414	0.1617647058823529	0.5011717509037003	1	1
CD36	endothelial progenitor cells/metabolism	0.0065440135555695	0.0095191688964414	0.1617647058823529	0.5011717509037003	1	1
CD36	THBS2	0.0043655033299262	0.0066343431648815	0.1617647058823529	0.5011717509037003	1	1
CD36	POSTN	0.0065440135555695	0.0095191688964414	0.1617647058823529	0.5011717509037003	1	1
CD36	MAP2K7	0.0043655033299262	0.0066343431648815	0.1617647058823529	0.5011717509037003	1	1
GSK3B	PRKAA1	0.0001529490570294	0.0002932546526832	0.0147058823529411	0.5011717509037003	1	1
GSK3B	GABPA	0.0001529490570294	0.0002932546526832	0.0147058823529411	0.5011717509037003	1	1
GSK3B	MTOR	0.0001529490570294	0.0002932546526832	0.0147058823529411	0.5011717509037003	1	1
GSK3B	BTRC	0.0001529490570294	0.0002932546526832	0.0147058823529411	0.5011717509037003	1	1
GSK3B	PRKAA2	0.0001529490570294	0.0002932546526832	0.0147058823529411	0.5011717509037003	1	1
GSK3B	PRKAB1	0.0001529490570294	0.0002932546526832	0.0147058823529411	0.5011717509037003	1	1
GSK3B	CTLA4	0.0001529490570294	0.0002932546526832	0.0147058823529411	0.5011717509037003	1	1
PRKAA1	GABPA	0.0001529490570294	0.0002932546526832	0.0147058823529411	0.5011717509037003	1	1
PRKAA1	MTOR	0.0001529490570294	0.0002932546526832	0.0147058823529411	0.5011717509037003	1	1
PRKAA1	BTRC	0.0001529490570294	0.0002932546526832	0.0147058823529411	0.5011717509037003	1	1
PRKAA1	PRKAA2	0.0001529490570294	0.0002932546526832	0.0147058823529411	0.5011717509037003	1	1
PRKAA1	PRKAB1	0.0001529490570294	0.0002932546526832	0.0147058823529411	0.5011717509037003	1	1
PRKAA1	CTLA4	0.0001529490570294	0.0002932546526832	0.0147058823529411	0.5011717509037003	1	1
GABPA	MTOR	0.0001529490570294	0.0002932546526832	0.0147058823529411	0.5011717509037003	1	1
GABPA	BTRC	0.0001529490570294	0.0002932546526832	0.0147058823529411	0.5011717509037003	1	1
GABPA	PRKAA2	0.0001529490570294	0.0002932546526832	0.0147058823529411	0.5011717509037003	1	1
GABPA	PRKAB1	0.0001529490570294	0.0002932546526832	0.0147058823529411	0.5011717509037003	1	1
GABPA	CTLA4	0.0001529490570294	0.0002932546526832	0.0147058823529411	0.5011717509037003	1	1
MTOR	BTRC	0.0001529490570294	0.0002932546526832	0.0147058823529411	0.5011717509037003	1	1
MTOR	PRKAA2	0.0001529490570294	0.0002932546526832	0.0147058823529411	0.5011717509037003	1	1
MTOR	PRKAB1	0.0001529490570294	0.0002932546526832	0.0147058823529411	0.5011717509037003	1	1
MTOR	CTLA4	0.0001529490570294	0.0002932546526832	0.0147058823529411	0.5011717509037003	1	1
BTRC	PRKAA2	0.0001529490570294	0.0002932546526832	0.0147058823529411	0.5011717509037003	1	1
BTRC	PRKAB1	0.0001529490570294	0.0002932546526832	0.0147058823529411	0.5011717509037003	1	1
BTRC	CTLA4	0.0001529490570294	0.0002932546526832	0.0147058823529411	0.5011717509037003	1	1
PRKAA2	PRKAB1	0.0001529490570294	0.0002932546526832	0.0147058823529411	0.5011717509037003	1	1
PRKAA2	CTLA4	0.0001529490570294	0.0002932546526832	0.0147058823529411	0.5011717509037003	1	1
PRKAB1	CTLA4	0.0001529490570294	0.0002932546526832	0.0147058823529411	0.5011717509037003	1	1
TGFB1	micrornas/metabolism	0.0002295826569734	0.0004270487678507	0.1029411764705882	0.5011717509037003	1	1
TGFB1	vascular endothelial growth factor a/genetics	0.0006329692520944	0.0011223381073134	0.1029411764705882	0.5011717509037003	1	1
TGFB1	integrin alphavbeta3/metabolism	5.83170354733209e-05	0.0001210420484324	0.1029411764705882	0.5011717509037003	1	1
TGFB1	calgranulin a/genetics	0.0006329692520944	0.0011223381073134	0.1029411764705882	0.5011717509037003	1	1
TGFB1	extracellular matrix/metabolism	0.0002295826569734	0.0004270487678507	0.1029411764705882	0.5011717509037003	1	1
TGFB1	liver cirrhosis/chemically induced	8.206546875610954e-06	1.8779157553481388e-05	0.1029411764705882	0.5011717509037003	1	1
TGFB1	epithelial cells/metabolism	0.0002295826569734	0.0004270487678507	0.1029411764705882	0.5011717509037003	1	1
TGFB1	stem cells/metabolism	0.0002295826569734	0.0004270487678507	0.1029411764705882	0.5011717509037003	1	1
TGFB1	calgranulin b/genetics	0.0006329692520944	0.0011223381073134	0.1029411764705882	0.5011717509037003	1	1
TGFB1	transforming growth factor beta1/metabolism	2.8421709430404014e-14	1.809044329375715e-13	4.297721593595168e-05	0.0131605085751639	4	1
TGFB1	cadherins/genetics	8.206546875610954e-06	1.8779157553481388e-05	0.1029411764705882	0.5011717509037003	1	1
TGFB1	glioblastoma/pathology	8.206546875610954e-06	1.8779157553481388e-05	0.1029411764705882	0.5011717509037003	1	1
TGFB1	neoplasm invasiveness/pathology	0.0002295826569734	0.0004270487678507	0.1029411764705882	0.5011717509037003	1	1
TGFB1	angiopoietin-2/genetics	0.0006329692520944	0.0011223381073134	0.1029411764705882	0.5011717509037003	1	1
TGFB1	mammary glands human/metabolism	0.0002295826569734	0.0004270487678507	0.1029411764705882	0.5011717509037003	1	1
TGFB1	carcinoma hepatocellular/chemically induced	8.206546875610954e-06	1.8779157553481388e-05	0.1029411764705882	0.5011717509037003	1	1
TGFB1	matrix metalloproteinase 9/metabolism	0.0002295826569734	0.0004270487678507	0.1029411764705882	0.5011717509037003	1	1
TGFB1	transforming growth factor beta/metabolism	1.0679994744133837e-07	2.959919657045909e-07	0.0092186128182616	0.1868283063250888	2	1
TGFB1	adipocytes/pathology	0.0002295826569734	0.0004270487678507	0.1029411764705882	0.5011717509037003	1	1
TGFB1	smad proteins/metabolism	0.0002295826569734	0.0004270487678507	0.1029411764705882	0.5011717509037003	1	1
TGFB1	tumor microenvironment/physiology	2.1748302083235416e-05	4.743459556620457e-05	0.0262590789368664	0.1868283063250888	2	1
TGFB1	kruppel-like transcription factors/genetics	0.0065593585108667	0.0095395540680564	0.1966637401229148	0.5011717509037003	1	1
TGFB1	stem cells/pathology	0.0002295826569734	0.0004270487678507	0.1029411764705882	0.5011717509037003	1	1
TGFB1	receptors androgen/metabolism	0.0002295826569734	0.0004270487678507	0.1029411764705882	0.5011717509037003	1	1
TGFB1	SNAI2	8.206546875610954e-06	1.8779157553481388e-05	0.1029411764705882	0.5011717509037003	1	1
TGFB1	DCN	0.0002295826569734	0.0004270487678507	0.1029411764705882	0.5011717509037003	1	1
TGFB1	SERPINE1	8.206546875610954e-06	1.8779157553481388e-05	0.1029411764705882	0.5011717509037003	1	1
TGFB1	SMAD2	8.206546875610954e-06	1.8779157553481388e-05	0.1029411764705882	0.5011717509037003	1	1
TGFB1	CDH2	8.206546875610954e-06	1.8779157553481388e-05	0.1029411764705882	0.5011717509037003	1	1
TGFB1	KLF10	8.206546875610954e-06	1.8779157553481388e-05	0.1029411764705882	0.5011717509037003	1	1
TGFB1	ANGPT2	0.0006329692520944	0.0011223381073134	0.1029411764705882	0.5011717509037003	1	1
TGFB1	THBS2	5.83170354733209e-05	0.0001210420484324	0.1029411764705882	0.5011717509037003	1	1
TGFB1	S100A9	0.0006329692520944	0.0011223381073134	0.1029411764705882	0.5011717509037003	1	1
TGFB1	MMP9	0.0002295826569734	0.0004270487678507	0.1029411764705882	0.5011717509037003	1	1
TGFB1	PDCD1LG2	8.206546875610954e-06	1.8779157553481388e-05	0.1029411764705882	0.5011717509037003	1	1
TGFB1	MAP2K7	5.83170354733209e-05	0.0001210420484324	0.1029411764705882	0.5011717509037003	1	1
TGFB1	FAT1	8.206546875610954e-06	1.8779157553481388e-05	0.1029411764705882	0.5011717509037003	1	1
TGFB1	carcinoma pancreatic ductal/genetics	0.0025813207194609	0.0040911821309987	0.1966637401229148	0.5011717509037003	1	1
TGFB1	mammary glands animal/metabolism	0.0002295826569734	0.0004270487678507	0.1029411764705882	0.5011717509037003	1	1
TGFB1	capillary permeability	0.0006329692520944	0.0011223381073134	0.1029411764705882	0.5011717509037003	1	1
ferric compounds/chemistry	oxidative stress	9.999147524053507e-05	0.0002019839072854	0.0869183494293239	0.5011717509037003	1	1
obesity/metabolism	mammary glands animal/metabolism	2.2806774246930672e-08	7.791046283496288e-08	0.0294117647058823	0.5011717509037003	1	1
obesity/metabolism	breast neoplasms/metabolism	0.0011554392031671	0.0019553796385122	0.0869183494293239	0.5011717509037003	1	1
obesity/metabolism	extracellular matrix/metabolism	2.2806774246930672e-08	7.791046283496288e-08	0.0294117647058823	0.5011717509037003	1	1
obesity/metabolism	drugs chinese herbal	4.5439968622496e-05	9.530823971829932e-05	0.0294117647058823	0.5011717509037003	1	1
obesity/metabolism	epithelial cells/metabolism	2.2806774246930672e-08	7.791046283496288e-08	0.0294117647058823	0.5011717509037003	1	1
obesity/metabolism	stem cells/metabolism	2.2806774246930672e-08	7.791046283496288e-08	0.0294117647058823	0.5011717509037003	1	1
obesity/metabolism	diterpenes	4.5439968622496e-05	9.530823971829932e-05	0.0294117647058823	0.5011717509037003	1	1
obesity/metabolism	hepatitis a virus cellular receptor 2/metabolism	4.5439968622496e-05	9.530823971829932e-05	0.0294117647058823	0.5011717509037003	1	1
obesity/metabolism	transforming growth factor beta1/metabolism	0.0038200415373481	0.0058550551108157	0.1150131694468832	0.5011717509037003	1	1
obesity/metabolism	colorectal neoplasms/drug therapy	4.5439968622496e-05	9.530823971829932e-05	0.0294117647058823	0.5011717509037003	1	1
obesity/metabolism	mammary glands human/metabolism	2.2806774246930672e-08	7.791046283496288e-08	0.0294117647058823	0.5011717509037003	1	1
obesity/metabolism	diet high-fat/adverse effects	0.0042457277764696	0.0064591659889531	0.0869183494293239	0.5011717509037003	1	1
obesity/metabolism	tumor microenvironment/physiology	0.0009765128006541	0.0016679378556454	0.0869183494293239	0.5011717509037003	1	1
obesity/metabolism	cd8-positive t-lymphocytes	4.5439968622496e-05	9.530823971829932e-05	0.0294117647058823	0.5011717509037003	1	1
obesity/metabolism	DCN	2.2806774246930672e-08	7.791046283496288e-08	0.0294117647058823	0.5011717509037003	1	1
obesity/metabolism	ARHGEF5	4.5439968622496e-05	9.530823971829932e-05	0.0294117647058823	0.5011717509037003	1	1
obesity/metabolism	TPI1	4.5439968622496e-05	9.530823971829932e-05	0.0294117647058823	0.5011717509037003	1	1
obesity/metabolism	CCR2	0.0009765128006541	0.0016679378556454	0.0583845478489903	0.5011717509037003	1	1
obesity/metabolism	HAVCR2	4.5439968622496e-05	9.530823971829932e-05	0.0294117647058823	0.5011717509037003	1	1
obesity/metabolism	HNF4A	4.5439968622496e-05	9.530823971829932e-05	0.0294117647058823	0.5011717509037003	1	1
obesity/metabolism	TCF7	4.5439968622496e-05	9.530823971829932e-05	0.0294117647058823	0.5011717509037003	1	1
obesity/metabolism	HNF1A	4.5439968622496e-05	9.530823971829932e-05	0.0294117647058823	0.5011717509037003	1	1
obesity/metabolism	TIMELESS	4.5439968622496e-05	9.530823971829932e-05	0.0294117647058823	0.5011717509037003	1	1
obesity/metabolism	HAVCR1	4.5439968622496e-05	9.530823971829932e-05	0.0294117647058823	0.5011717509037003	1	1
IL6	obesity/chemically induced	0.0067295135150839	0.0097671979268138	0.1323529411764706	0.5011717509037003	1	1
IL6	interleukin-6 receptor alpha subunit/blood	0.0003713410678496	0.0006710543200399	0.1323529411764706	0.5011717509037003	1	1
IL6	biomarkers/blood	0.0067295135150839	0.0097671979268138	0.1323529411764706	0.5011717509037003	1	1
IL6	lipid metabolism/physiology	0.0034112456036041	0.005259982194714	0.1323529411764706	0.5011717509037003	1	1
IL6	adiponectin/blood	0.0067295135150839	0.0097671979268138	0.1323529411764706	0.5011717509037003	1	1
IL6	pancreatic neoplasms/immunology	0.0007587615611848	0.0013237692573056	0.1323529411764706	0.5011717509037003	1	1
IL6	interleukin-6/metabolism	1.5779719598985054e-05	3.5198646239005875e-05	0.0016761114215021	0.054769758680606	3	1
IL6	cachexia/immunology	0.0007587615611848	0.0013237692573056	0.1323529411764706	0.5011717509037003	1	1
IL6	stat3 transcription factor/metabolism	1.4180438227873182e-05	3.193940942148557e-05	0.0007252405189191	0.0131605085751639	4	1
IL6	myeloid cells/immunology	0.0003713410678496	0.0006710543200399	0.1323529411764706	0.5011717509037003	1	1
IL6	perilipin-5/genetics	0.0034112456036041	0.005259982194714	0.1323529411764706	0.5011717509037003	1	1
IL6	interleukin-6/genetics	0.0034112456036041	0.005259982194714	0.1323529411764706	0.5011717509037003	1	1
IL6	lipids	0.0034112456036041	0.005259982194714	0.1323529411764706	0.5011717509037003	1	1
IL6	stat3 transcription factor/immunology	0.0007587615611848	0.0013237692573056	0.1323529411764706	0.5011717509037003	1	1
IL6	hepatocyte growth factor/blood	0.0067295135150839	0.0097671979268138	0.1323529411764706	0.5011717509037003	1	1
IL6	breast neoplasms/immunology	0.0003713410678496	0.0006710543200399	0.1323529411764706	0.5011717509037003	1	1
IL6	metabolic reprogramming	0.0049036293627228	0.0073431491104543	0.1323529411764706	0.5011717509037003	1	1
IL6	muscle fibers skeletal/drug effects	0.0007587615611848	0.0013237692573056	0.1323529411764706	0.5011717509037003	1	1
IL6	cancer-associated fibroblasts/pathology	0.0049036293627228	0.0073431491104543	0.1323529411764706	0.5011717509037003	1	1
IL6	FAP	0.0049036293627228	0.0073431491104543	0.1323529411764706	0.5011717509037003	1	1
IL6	EGF	0.0067295135150839	0.0097671979268138	0.1323529411764706	0.5011717509037003	1	1
IL6	PLIN1	0.0034112456036041	0.005259982194714	0.1323529411764706	0.5011717509037003	1	1
IL6	LEP	0.0009702515367758	0.0016588246097501	0.015803336259877	0.1868283063250888	2	1
IL6	IL6R	0.0034112456036041	0.005259982194714	0.1323529411764706	0.5011717509037003	1	1
IL6	JUN	0.0067295135150839	0.0097671979268138	0.1323529411764706	0.5011717509037003	1	1
IL6	PLIN5	0.0034112456036041	0.005259982194714	0.1323529411764706	0.5011717509037003	1	1
IL6	ADIPOQ	0.0067295135150839	0.0097671979268138	0.1323529411764706	0.5011717509037003	1	1
IL6	FAM126A	0.0049036293627228	0.0073431491104543	0.1323529411764706	0.5011717509037003	1	1
IL6	VIM	0.0049036293627228	0.0073431491104543	0.1323529411764706	0.5011717509037003	1	1
IL6	ITGAM	0.0003713410678496	0.0006710543200399	0.1323529411764706	0.5011717509037003	1	1
mammary glands animal/metabolism	breast neoplasms/metabolism	2.2806774246930672e-08	7.791046283496288e-08	0.0441176470588235	0.5011717509037003	1	1
mammary glands animal/metabolism	extracellular matrix/metabolism	0.0	0.0	0.0147058823529411	0.5011717509037003	1	1
mammary glands animal/metabolism	epithelial cells/metabolism	0.0	0.0	0.0147058823529411	0.5011717509037003	1	1
mammary glands animal/metabolism	stem cells/metabolism	0.0	0.0	0.0147058823529411	0.5011717509037003	1	1
mammary glands animal/metabolism	transforming growth factor beta1/metabolism	5.722634883742472e-07	1.4513136663758776e-06	0.0588235294117647	0.5011717509037003	1	1
mammary glands animal/metabolism	mammary glands human/metabolism	0.0	0.0	0.0147058823529411	0.5011717509037003	1	1
mammary glands animal/metabolism	diet high-fat/adverse effects	7.594785947917515e-07	1.90587643167804e-06	0.0441176470588235	0.5011717509037003	1	1
mammary glands animal/metabolism	tumor microenvironment/physiology	1.4457200658846148e-08	5.0692151233830896e-08	0.0441176470588235	0.5011717509037003	1	1
mammary glands animal/metabolism	DCN	0.0	0.0	0.0147058823529411	0.5011717509037003	1	1
breast neoplasms/metabolism	obesity/chemically induced	2.0452304605456106e-07	5.556545379351931e-07	0.0441176470588235	0.5011717509037003	1	1
breast neoplasms/metabolism	cytokines/analysis	1.6032286609402036e-11	6.942803512361595e-11	0.0441176470588235	0.5011717509037003	1	1
breast neoplasms/metabolism	biomarkers/blood	2.0452304605456106e-07	5.556545379351931e-07	0.0441176470588235	0.5011717509037003	1	1
breast neoplasms/metabolism	pten phosphohydrolase/deficiency	1.6032286609402036e-11	6.942803512361595e-11	0.0441176470588235	0.5011717509037003	1	1
breast neoplasms/metabolism	extracellular matrix/metabolism	2.2806774246930672e-08	7.791046283496288e-08	0.0441176470588235	0.5011717509037003	1	1
breast neoplasms/metabolism	adiponectin/blood	2.0452304605456106e-07	5.556545379351931e-07	0.0441176470588235	0.5011717509037003	1	1
breast neoplasms/metabolism	epithelial cells/metabolism	2.2806774246930672e-08	7.791046283496288e-08	0.0441176470588235	0.5011717509037003	1	1
breast neoplasms/metabolism	stem cells/metabolism	2.2806774246930672e-08	7.791046283496288e-08	0.0441176470588235	0.5011717509037003	1	1
breast neoplasms/metabolism	docosahexaenoic acids/analysis	1.6032286609402036e-11	6.942803512361595e-11	0.0441176470588235	0.5011717509037003	1	1
breast neoplasms/metabolism	transforming growth factor beta1/metabolism	0.0038200415373481	0.0058550551108157	0.1686487349349509	0.5011717509037003	1	1
breast neoplasms/metabolism	tumor suppressor protein p53/deficiency	1.6032286609402036e-11	6.942803512361595e-11	0.0441176470588235	0.5011717509037003	1	1
breast neoplasms/metabolism	hepatocyte growth factor/blood	2.0452304605456106e-07	5.556545379351931e-07	0.0441176470588235	0.5011717509037003	1	1
breast neoplasms/metabolism	mammary glands human/metabolism	2.2806774246930672e-08	7.791046283496288e-08	0.0441176470588235	0.5011717509037003	1	1
breast neoplasms/metabolism	diet high-fat/adverse effects	0.0042457277764696	0.0064591659889531	0.1284220608189001	0.5011717509037003	1	1
breast neoplasms/metabolism	tumor microenvironment/physiology	0.0009765128006541	0.0016679378556454	0.1284220608189001	0.5011717509037003	1	1
breast neoplasms/metabolism	DCN	2.2806774246930672e-08	7.791046283496288e-08	0.0441176470588235	0.5011717509037003	1	1
breast neoplasms/metabolism	HGF	0.0001253535885882	0.0002507421628277	0.0869183494293239	0.5011717509037003	1	1
breast neoplasms/metabolism	EGF	2.0452304605456106e-07	5.556545379351931e-07	0.0441176470588235	0.5011717509037003	1	1
breast neoplasms/metabolism	LEP	0.0009765128006541	0.0016679378556454	0.0869183494293239	0.5011717509037003	1	1
breast neoplasms/metabolism	JUN	2.0452304605456106e-07	5.556545379351931e-07	0.0441176470588235	0.5011717509037003	1	1
breast neoplasms/metabolism	PTEN	1.6032286609402036e-11	6.942803512361595e-11	0.0441176470588235	0.5011717509037003	1	1
breast neoplasms/metabolism	MAPK8	9.167320132164036e-05	0.0001865479369313	0.0869183494293239	0.5011717509037003	1	1
breast neoplasms/metabolism	ADIPOQ	2.0452304605456106e-07	5.556545379351931e-07	0.0441176470588235	0.5011717509037003	1	1
neoplasm recurrence local	hydroxymethylglutaryl-coa reductase inhibitors/pharmacology	4.499733918805761e-13	2.348841441812155e-12	0.0147058823529411	0.5011717509037003	1	1
neoplasm recurrence local	breast neoplasms/drug therapy	4.499733918805761e-13	2.348841441812155e-12	0.0147058823529411	0.5011717509037003	1	1
neoplasm recurrence local	interleukin-6/metabolism	1.6523391186740177e-05	3.660684532777955e-05	0.0441176470588235	0.5011717509037003	1	1
neoplasm recurrence local	stat3 transcription factor/metabolism	0.0008754869015683	0.0015148755730421	0.0735294117647058	0.5011717509037003	1	1
neoplasm recurrence local	inflammation/immunology	4.499733918805761e-13	2.348841441812155e-12	0.0147058823529411	0.5011717509037003	1	1
neoplasm recurrence local	macrophage colony-stimulating factor/antagonists &amp; inhibitors	4.499733918805761e-13	2.348841441812155e-12	0.0147058823529411	0.5011717509037003	1	1
neoplasm recurrence local	mesenchymal stem cells/immunology	4.499733918805761e-13	2.348841441812155e-12	0.0147058823529411	0.5011717509037003	1	1
neoplasm recurrence local	neoplasm invasiveness	4.499733918805761e-13	2.348841441812155e-12	0.0147058823529411	0.5011717509037003	1	1
neoplasm recurrence local	paracrine communication	1.919461556365576e-08	6.700818789319086e-08	0.0294117647058823	0.5011717509037003	1	1
neoplasm recurrence local	EEF1A2	4.499733918805761e-13	2.348841441812155e-12	0.0147058823529411	0.5011717509037003	1	1
neoplasm recurrence local	CSF1	3.025816011892335e-05	6.442668852416033e-05	0.0441176470588235	0.5011717509037003	1	1
extracellular matrix/metabolism	epithelial cells/metabolism	0.0	0.0	0.0147058823529411	0.5011717509037003	1	1
extracellular matrix/metabolism	stem cells/metabolism	0.0	0.0	0.0147058823529411	0.5011717509037003	1	1
extracellular matrix/metabolism	transforming growth factor beta1/metabolism	5.722634883742472e-07	1.4513136663758776e-06	0.0588235294117647	0.5011717509037003	1	1
extracellular matrix/metabolism	mammary glands human/metabolism	0.0	0.0	0.0147058823529411	0.5011717509037003	1	1
extracellular matrix/metabolism	diet high-fat/adverse effects	7.594785947917515e-07	1.90587643167804e-06	0.0441176470588235	0.5011717509037003	1	1
extracellular matrix/metabolism	tumor microenvironment/physiology	1.4457200658846148e-08	5.0692151233830896e-08	0.0441176470588235	0.5011717509037003	1	1
extracellular matrix/metabolism	DCN	0.0	0.0	0.0147058823529411	0.5011717509037003	1	1
hydroxymethylglutaryl-coa reductase inhibitors/pharmacology	breast neoplasms/drug therapy	4.499733918805761e-13	2.348841441812155e-12	0.0147058823529411	0.5011717509037003	1	1
hydroxymethylglutaryl-coa reductase inhibitors/pharmacology	interleukin-6/metabolism	1.6523391186740177e-05	3.660684532777955e-05	0.0441176470588235	0.5011717509037003	1	1
hydroxymethylglutaryl-coa reductase inhibitors/pharmacology	stat3 transcription factor/metabolism	0.0008754869015683	0.0015148755730421	0.0735294117647058	0.5011717509037003	1	1
hydroxymethylglutaryl-coa reductase inhibitors/pharmacology	inflammation/immunology	4.499733918805761e-13	2.348841441812155e-12	0.0147058823529411	0.5011717509037003	1	1
hydroxymethylglutaryl-coa reductase inhibitors/pharmacology	macrophage colony-stimulating factor/antagonists &amp; inhibitors	4.499733918805761e-13	2.348841441812155e-12	0.0147058823529411	0.5011717509037003	1	1
hydroxymethylglutaryl-coa reductase inhibitors/pharmacology	mesenchymal stem cells/immunology	4.499733918805761e-13	2.348841441812155e-12	0.0147058823529411	0.5011717509037003	1	1
hydroxymethylglutaryl-coa reductase inhibitors/pharmacology	neoplasm invasiveness	4.499733918805761e-13	2.348841441812155e-12	0.0147058823529411	0.5011717509037003	1	1
hydroxymethylglutaryl-coa reductase inhibitors/pharmacology	paracrine communication	1.919461556365576e-08	6.700818789319086e-08	0.0294117647058823	0.5011717509037003	1	1
hydroxymethylglutaryl-coa reductase inhibitors/pharmacology	EEF1A2	4.499733918805761e-13	2.348841441812155e-12	0.0147058823529411	0.5011717509037003	1	1
hydroxymethylglutaryl-coa reductase inhibitors/pharmacology	CSF1	3.025816011892335e-05	6.442668852416033e-05	0.0441176470588235	0.5011717509037003	1	1
chemokine cxcl13/metabolism	interleukin-10/metabolism	0.0	0.0	0.0147058823529411	0.5011717509037003	1	1
chemokine cxcl13/metabolism	t-lymphocytes regulatory/immunology	0.0	0.0	0.0147058823529411	0.5011717509037003	1	1
chemokine cxcl13/metabolism	immunity innate	2.110999486326648e-09	8.112350304827392e-09	0.0294117647058823	0.5011717509037003	1	1
chemokine cxcl13/metabolism	b-lymphocytes/immunology	0.0	0.0	0.0147058823529411	0.5011717509037003	1	1
chemokine cxcl13/metabolism	extracellular traps/immunology	0.0	0.0	0.0147058823529411	0.5011717509037003	1	1
chemokine cxcl13/metabolism	ovarian neoplasms/pathology	0.0	0.0	0.0147058823529411	0.5011717509037003	1	1
chemokine cxcl13/metabolism	peritoneal neoplasms/secondary	0.0	0.0	0.0147058823529411	0.5011717509037003	1	1
chemokine cxcl13/metabolism	protein tyrosine phosphatase non-receptor type 6/metabolism	0.0	0.0	0.0147058823529411	0.5011717509037003	1	1
chemokine cxcl13/metabolism	omentum/immunology	0.0	0.0	0.0147058823529411	0.5011717509037003	1	1
chemokine cxcl13/metabolism	CXCL13	0.0	0.0	0.0147058823529411	0.5011717509037003	1	1
chemokine cxcl13/metabolism	PTPN6	0.0	0.0	0.0147058823529411	0.5011717509037003	1	1
chemokine cxcl13/metabolism	IL10	7.633802131423728e-06	1.7530105695582782e-05	0.0588235294117647	0.5011717509037003	1	1
epithelial cells/metabolism	stem cells/metabolism	0.0	0.0	0.0147058823529411	0.5011717509037003	1	1
epithelial cells/metabolism	transforming growth factor beta1/metabolism	5.722634883742472e-07	1.4513136663758776e-06	0.0588235294117647	0.5011717509037003	1	1
epithelial cells/metabolism	mammary glands human/metabolism	0.0	0.0	0.0147058823529411	0.5011717509037003	1	1
epithelial cells/metabolism	diet high-fat/adverse effects	7.594785947917515e-07	1.90587643167804e-06	0.0441176470588235	0.5011717509037003	1	1
epithelial cells/metabolism	tumor microenvironment/physiology	1.4457200658846148e-08	5.0692151233830896e-08	0.0441176470588235	0.5011717509037003	1	1
epithelial cells/metabolism	DCN	0.0	0.0	0.0147058823529411	0.5011717509037003	1	1
stem cells/metabolism	transforming growth factor beta1/metabolism	5.722634883742472e-07	1.4513136663758776e-06	0.0588235294117647	0.5011717509037003	1	1
stem cells/metabolism	mammary glands human/metabolism	0.0	0.0	0.0147058823529411	0.5011717509037003	1	1
stem cells/metabolism	diet high-fat/adverse effects	7.594785947917515e-07	1.90587643167804e-06	0.0441176470588235	0.5011717509037003	1	1
stem cells/metabolism	tumor microenvironment/physiology	1.4457200658846148e-08	5.0692151233830896e-08	0.0441176470588235	0.5011717509037003	1	1
stem cells/metabolism	DCN	0.0	0.0	0.0147058823529411	0.5011717509037003	1	1
CD44	lipoproteins ldl	1.2612133559741778e-13	7.719142717563566e-13	0.0294117647058823	0.5011717509037003	1	1
CD44	nitric oxide synthase type ii/metabolism	1.2612133559741778e-13	7.719142717563566e-13	0.0294117647058823	0.5011717509037003	1	1
CD44	mannose receptor	1.2612133559741778e-13	7.719142717563566e-13	0.0294117647058823	0.5011717509037003	1	1
CD44	colorectal neoplasms/metabolism	1.2612133559741778e-13	7.719142717563566e-13	0.0294117647058823	0.5011717509037003	1	1
CD44	hyperlipidemias	1.2612133559741778e-13	7.719142717563566e-13	0.0294117647058823	0.5011717509037003	1	1
CD44	diet high-fat/adverse effects	0.0002328224195095	0.0004320658416946	0.0869183494293239	0.5011717509037003	1	1
CD44	scavenger receptors class e/genetics	1.2612133559741778e-13	7.719142717563566e-13	0.0294117647058823	0.5011717509037003	1	1
CD44	PROM1	1.2612133559741778e-13	7.719142717563566e-13	0.0294117647058823	0.5011717509037003	1	1
CD44	MRC1	2.2707950212419448e-06	5.513139538360779e-06	0.0583845478489903	0.5011717509037003	1	1
breast neoplasms/drug therapy	interleukin-6/metabolism	1.6523391186740177e-05	3.660684532777955e-05	0.0441176470588235	0.5011717509037003	1	1
breast neoplasms/drug therapy	stat3 transcription factor/metabolism	0.0008754869015683	0.0015148755730421	0.0735294117647058	0.5011717509037003	1	1
breast neoplasms/drug therapy	inflammation/immunology	4.499733918805761e-13	2.348841441812155e-12	0.0147058823529411	0.5011717509037003	1	1
breast neoplasms/drug therapy	macrophage colony-stimulating factor/antagonists &amp; inhibitors	4.499733918805761e-13	2.348841441812155e-12	0.0147058823529411	0.5011717509037003	1	1
breast neoplasms/drug therapy	mesenchymal stem cells/immunology	4.499733918805761e-13	2.348841441812155e-12	0.0147058823529411	0.5011717509037003	1	1
breast neoplasms/drug therapy	neoplasm invasiveness	4.499733918805761e-13	2.348841441812155e-12	0.0147058823529411	0.5011717509037003	1	1
breast neoplasms/drug therapy	paracrine communication	1.919461556365576e-08	6.700818789319086e-08	0.0294117647058823	0.5011717509037003	1	1
breast neoplasms/drug therapy	EEF1A2	4.499733918805761e-13	2.348841441812155e-12	0.0147058823529411	0.5011717509037003	1	1
breast neoplasms/drug therapy	CSF1	3.025816011892335e-05	6.442668852416033e-05	0.0441176470588235	0.5011717509037003	1	1
interleukin-10/metabolism	t-lymphocytes regulatory/immunology	0.0	0.0	0.0147058823529411	0.5011717509037003	1	1
interleukin-10/metabolism	immunity innate	2.110999486326648e-09	8.112350304827392e-09	0.0294117647058823	0.5011717509037003	1	1
interleukin-10/metabolism	b-lymphocytes/immunology	0.0	0.0	0.0147058823529411	0.5011717509037003	1	1
interleukin-10/metabolism	extracellular traps/immunology	0.0	0.0	0.0147058823529411	0.5011717509037003	1	1
interleukin-10/metabolism	ovarian neoplasms/pathology	0.0	0.0	0.0147058823529411	0.5011717509037003	1	1
interleukin-10/metabolism	peritoneal neoplasms/secondary	0.0	0.0	0.0147058823529411	0.5011717509037003	1	1
interleukin-10/metabolism	protein tyrosine phosphatase non-receptor type 6/metabolism	0.0	0.0	0.0147058823529411	0.5011717509037003	1	1
interleukin-10/metabolism	omentum/immunology	0.0	0.0	0.0147058823529411	0.5011717509037003	1	1
interleukin-10/metabolism	CXCL13	0.0	0.0	0.0147058823529411	0.5011717509037003	1	1
interleukin-10/metabolism	PTPN6	0.0	0.0	0.0147058823529411	0.5011717509037003	1	1
interleukin-10/metabolism	IL10	7.633802131423728e-06	1.7530105695582782e-05	0.0588235294117647	0.5011717509037003	1	1
interleukin-6/metabolism	proto-oncogene proteins c-akt/metabolism	0.0001135400193439	0.0002285148325296	0.0441176470588235	0.5011717509037003	1	1
interleukin-6/metabolism	stat3 transcription factor/metabolism	6.433009458461925e-09	2.3052689394398308e-08	0.0001995370739883	0.054769758680606	3	1
interleukin-6/metabolism	inflammation/immunology	1.6523391186740177e-05	3.660684532777955e-05	0.0441176470588235	0.5011717509037003	1	1
interleukin-6/metabolism	myeloid cells/immunology	2.410978194866686e-09	9.245308037779316e-09	0.0441176470588235	0.5011717509037003	1	1
interleukin-6/metabolism	macrophage colony-stimulating factor/antagonists &amp; inhibitors	1.6523391186740177e-05	3.660684532777955e-05	0.0441176470588235	0.5011717509037003	1	1
interleukin-6/metabolism	leptin/metabolism	0.0001135400193439	0.0002285148325296	0.0441176470588235	0.5011717509037003	1	1
interleukin-6/metabolism	procollagen-lysine 2-oxoglutarate 5-dioxygenase/deficiency	0.0001135400193439	0.0002285148325296	0.0441176470588235	0.5011717509037003	1	1
interleukin-6/metabolism	janus kinases/metabolism	0.0001135400193439	0.0002285148325296	0.0441176470588235	0.5011717509037003	1	1
interleukin-6/metabolism	breast neoplasms/pathology	0.0001135400193439	0.0002285148325296	0.0441176470588235	0.5011717509037003	1	1
interleukin-6/metabolism	mesenchymal stem cells/immunology	1.6523391186740177e-05	3.660684532777955e-05	0.0441176470588235	0.5011717509037003	1	1
interleukin-6/metabolism	breast neoplasms/immunology	2.410978194866686e-09	9.245308037779316e-09	0.0441176470588235	0.5011717509037003	1	1
interleukin-6/metabolism	3t3-l1 cells	0.0001135400193439	0.0002285148325296	0.0441176470588235	0.5011717509037003	1	1
interleukin-6/metabolism	cell movement	0.0001135400193439	0.0002285148325296	0.0441176470588235	0.5011717509037003	1	1
interleukin-6/metabolism	neoplasm metastasis	0.000158930568872	0.0003045602639321	0.0127703727352542	0.1868283063250888	2	1
interleukin-6/metabolism	neoplasm invasiveness	1.6523391186740177e-05	3.660684532777955e-05	0.0441176470588235	0.5011717509037003	1	1
interleukin-6/metabolism	paracrine communication	0.0009054275395105	0.0015659264420057	0.0869183494293239	0.5011717509037003	1	1
interleukin-6/metabolism	EEF1A2	1.6523391186740177e-05	3.660684532777955e-05	0.0441176470588235	0.5011717509037003	1	1
interleukin-6/metabolism	PIK3CA	0.0032175132602312	0.0049956493795661	0.0869183494293239	0.5011717509037003	1	1
interleukin-6/metabolism	PLOD2	0.0001135400193439	0.0002285148325296	0.0441176470588235	0.5011717509037003	1	1
interleukin-6/metabolism	LEP	0.0037096890827528	0.0056907837448821	0.0869183494293239	0.5011717509037003	1	1
interleukin-6/metabolism	PIK3CD	0.0032175132602312	0.0049956493795661	0.0869183494293239	0.5011717509037003	1	1
interleukin-6/metabolism	PIK3CG	0.0032175132602312	0.0049956493795661	0.0869183494293239	0.5011717509037003	1	1
interleukin-6/metabolism	AKT1	0.0032175132602312	0.0049956493795661	0.0869183494293239	0.5011717509037003	1	1
interleukin-6/metabolism	ITGAM	2.410978194866686e-09	9.245308037779316e-09	0.0441176470588235	0.5011717509037003	1	1
interleukin-6/metabolism	PIK3CB	0.0032175132602312	0.0049956493795661	0.0869183494293239	0.5011717509037003	1	1
interleukin-6/metabolism	interleukin-6 receptor alpha subunit/blood	2.410978194866686e-09	9.245308037779316e-09	0.0441176470588235	0.5011717509037003	1	1
cytokines/analysis	pten phosphohydrolase/deficiency	0.0	0.0	0.0147058823529411	0.5011717509037003	1	1
cytokines/analysis	docosahexaenoic acids/analysis	0.0	0.0	0.0147058823529411	0.5011717509037003	1	1
cytokines/analysis	tumor suppressor protein p53/deficiency	0.0	0.0	0.0147058823529411	0.5011717509037003	1	1
cytokines/analysis	disease progression	4.126900117529253e-06	9.716653463315426e-06	0.088235294117647	0.5011717509037003	1	1
cytokines/analysis	PTEN	0.0	0.0	0.0147058823529411	0.5011717509037003	1	1
stat3 transcription factor/metabolism	ovarian neoplasms/immunology	0.0008754869015683	0.0015148755730421	0.0735294117647058	0.5011717509037003	1	1
stat3 transcription factor/metabolism	interleukin-17/genetics	0.0008754869015683	0.0015148755730421	0.0735294117647058	0.5011717509037003	1	1
stat3 transcription factor/metabolism	palmitic acid/metabolism	0.0008754869015683	0.0015148755730421	0.0735294117647058	0.5011717509037003	1	1
stat3 transcription factor/metabolism	recombinant proteins/metabolism	0.0008754869015683	0.0015148755730421	0.0735294117647058	0.5011717509037003	1	1
stat3 transcription factor/metabolism	proto-oncogene proteins c-akt/metabolism	0.0029448146385253	0.0046213020613775	0.0735294117647058	0.5011717509037003	1	1
stat3 transcription factor/metabolism	fatty acid-binding proteins/metabolism	0.0008754869015683	0.0015148755730421	0.0735294117647058	0.5011717509037003	1	1
stat3 transcription factor/metabolism	janus kinases/metabolism	0.0029448146385253	0.0046213020613775	0.0735294117647058	0.5011717509037003	1	1
stat3 transcription factor/metabolism	non-alcoholic fatty liver disease/genetics	0.0056610184889931	0.008358574270831	0.1426690079016681	0.5011717509037003	1	1
stat3 transcription factor/metabolism	inflammation/immunology	0.0008754869015683	0.0015148755730421	0.0735294117647058	0.5011717509037003	1	1
stat3 transcription factor/metabolism	myeloid cells/immunology	3.559285338350371e-06	8.497467694855798e-06	0.0735294117647058	0.5011717509037003	1	1
stat3 transcription factor/metabolism	perilipin-5/genetics	0.0001274101278178	0.0002543588819137	0.0735294117647058	0.5011717509037003	1	1
stat3 transcription factor/metabolism	carcinoma hepatocellular/genetics	0.0056610184889931	0.008358574270831	0.1426690079016681	0.5011717509037003	1	1
stat3 transcription factor/metabolism	adipocytes/immunology	0.0008754869015683	0.0015148755730421	0.0735294117647058	0.5011717509037003	1	1
stat3 transcription factor/metabolism	macrophage colony-stimulating factor/antagonists &amp; inhibitors	0.0008754869015683	0.0015148755730421	0.0735294117647058	0.5011717509037003	1	1
stat3 transcription factor/metabolism	interleukin-6/genetics	0.0001274101278178	0.0002543588819137	0.0735294117647058	0.5011717509037003	1	1
stat3 transcription factor/metabolism	leptin/metabolism	0.0029448146385253	0.0046213020613775	0.0735294117647058	0.5011717509037003	1	1
stat3 transcription factor/metabolism	ovary/pathology	0.0008754869015683	0.0015148755730421	0.0735294117647058	0.5011717509037003	1	1
stat3 transcription factor/metabolism	procollagen-lysine 2-oxoglutarate 5-dioxygenase/deficiency	0.0029448146385253	0.0046213020613775	0.0735294117647058	0.5011717509037003	1	1
stat3 transcription factor/metabolism	lipids	0.0001274101278178	0.0002543588819137	0.0735294117647058	0.5011717509037003	1	1
stat3 transcription factor/metabolism	breast neoplasms/pathology	0.0029448146385253	0.0046213020613775	0.0735294117647058	0.5011717509037003	1	1
stat3 transcription factor/metabolism	mesenchymal stem cells/immunology	0.0008754869015683	0.0015148755730421	0.0735294117647058	0.5011717509037003	1	1
stat3 transcription factor/metabolism	breast neoplasms/immunology	3.559285338350371e-06	8.497467694855798e-06	0.0735294117647058	0.5011717509037003	1	1
stat3 transcription factor/metabolism	3t3-l1 cells	0.0029448146385253	0.0046213020613775	0.0735294117647058	0.5011717509037003	1	1
stat3 transcription factor/metabolism	cell movement	0.0029448146385253	0.0046213020613775	0.0735294117647058	0.5011717509037003	1	1
stat3 transcription factor/metabolism	neoplasm metastasis	0.0051006137233869	0.0076190284609242	0.0399991251066755	0.1868283063250888	2	1
stat3 transcription factor/metabolism	neoplasm invasiveness	0.0008754869015683	0.0015148755730421	0.0735294117647058	0.5011717509037003	1	1
stat3 transcription factor/metabolism	receptors interleukin-17/metabolism	0.0008754869015683	0.0015148755730421	0.0735294117647058	0.5011717509037003	1	1
stat3 transcription factor/metabolism	EEF1A2	0.0008754869015683	0.0015148755730421	0.0735294117647058	0.5011717509037003	1	1
stat3 transcription factor/metabolism	FABP4	0.0008754869015683	0.0015148755730421	0.0735294117647058	0.5011717509037003	1	1
stat3 transcription factor/metabolism	PLOD2	0.0029448146385253	0.0046213020613775	0.0735294117647058	0.5011717509037003	1	1
stat3 transcription factor/metabolism	PLIN1	0.0001274101278178	0.0002543588819137	0.0735294117647058	0.5011717509037003	1	1
stat3 transcription factor/metabolism	IL17RA	0.0008754869015683	0.0015148755730421	0.0735294117647058	0.5011717509037003	1	1
stat3 transcription factor/metabolism	IL6R	0.0001274101278178	0.0002543588819137	0.0735294117647058	0.5011717509037003	1	1
stat3 transcription factor/metabolism	PLIN5	0.0001274101278178	0.0002543588819137	0.0735294117647058	0.5011717509037003	1	1
stat3 transcription factor/metabolism	ITGAM	3.559285338350371e-06	8.497467694855798e-06	0.0735294117647058	0.5011717509037003	1	1
stat3 transcription factor/metabolism	interleukin-6 receptor alpha subunit/blood	3.559285338350371e-06	8.497467694855798e-06	0.0735294117647058	0.5011717509037003	1	1
stat3 transcription factor/metabolism	lipid metabolism/physiology	0.0001274101278178	0.0002543588819137	0.0735294117647058	0.5011717509037003	1	1
carcinoma pancreatic ductal/genetics	integrin alphavbeta3/metabolism	0.0	0.0	0.0294117647058823	0.5011717509037003	1	1
carcinoma pancreatic ductal/genetics	lipocalin-2/genetics	0.0	0.0	0.0294117647058823	0.5011717509037003	1	1
carcinoma pancreatic ductal/genetics	inflammation mediators/blood	0.0	0.0	0.0294117647058823	0.5011717509037003	1	1
carcinoma pancreatic ductal/genetics	cytokines/blood	2.19050430283474e-06	5.3218116401412126e-06	0.0869183494293239	0.5011717509037003	1	1
carcinoma pancreatic ductal/genetics	transforming growth factor beta1/metabolism	3.927528974556616e-05	8.313230998419157e-05	0.1150131694468832	0.5011717509037003	1	1
carcinoma pancreatic ductal/genetics	disease progression	0.0018369387465957	0.0029860149686667	0.1698858647936786	0.5011717509037003	1	1
carcinoma pancreatic ductal/genetics	rna small interfering/genetics	0.0	0.0	0.0294117647058823	0.5011717509037003	1	1
carcinoma pancreatic ductal/genetics	THBS2	0.0	0.0	0.0294117647058823	0.5011717509037003	1	1
carcinoma pancreatic ductal/genetics	LCN2	0.0	0.0	0.0294117647058823	0.5011717509037003	1	1
carcinoma pancreatic ductal/genetics	MAPK8	3.5137406984020465e-08	1.0739010484199345e-07	0.0583845478489903	0.5011717509037003	1	1
carcinoma pancreatic ductal/genetics	SLC22A17	0.0	0.0	0.0294117647058823	0.5011717509037003	1	1
carcinoma pancreatic ductal/genetics	MAP2K7	0.0	0.0	0.0294117647058823	0.5011717509037003	1	1
inflammation/immunology	macrophage colony-stimulating factor/antagonists &amp; inhibitors	4.499733918805761e-13	2.348841441812155e-12	0.0147058823529411	0.5011717509037003	1	1
inflammation/immunology	mesenchymal stem cells/immunology	4.499733918805761e-13	2.348841441812155e-12	0.0147058823529411	0.5011717509037003	1	1
inflammation/immunology	neoplasm invasiveness	4.499733918805761e-13	2.348841441812155e-12	0.0147058823529411	0.5011717509037003	1	1
inflammation/immunology	paracrine communication	1.919461556365576e-08	6.700818789319086e-08	0.0294117647058823	0.5011717509037003	1	1
inflammation/immunology	EEF1A2	4.499733918805761e-13	2.348841441812155e-12	0.0147058823529411	0.5011717509037003	1	1
inflammation/immunology	CSF1	3.025816011892335e-05	6.442668852416033e-05	0.0441176470588235	0.5011717509037003	1	1
t-lymphocytes regulatory/immunology	immunity innate	2.110999486326648e-09	8.112350304827392e-09	0.0294117647058823	0.5011717509037003	1	1
t-lymphocytes regulatory/immunology	b-lymphocytes/immunology	0.0	0.0	0.0147058823529411	0.5011717509037003	1	1
t-lymphocytes regulatory/immunology	extracellular traps/immunology	0.0	0.0	0.0147058823529411	0.5011717509037003	1	1
t-lymphocytes regulatory/immunology	ovarian neoplasms/pathology	0.0	0.0	0.0147058823529411	0.5011717509037003	1	1
t-lymphocytes regulatory/immunology	peritoneal neoplasms/secondary	0.0	0.0	0.0147058823529411	0.5011717509037003	1	1
t-lymphocytes regulatory/immunology	protein tyrosine phosphatase non-receptor type 6/metabolism	0.0	0.0	0.0147058823529411	0.5011717509037003	1	1
t-lymphocytes regulatory/immunology	omentum/immunology	0.0	0.0	0.0147058823529411	0.5011717509037003	1	1
t-lymphocytes regulatory/immunology	CXCL13	0.0	0.0	0.0147058823529411	0.5011717509037003	1	1
t-lymphocytes regulatory/immunology	PTPN6	0.0	0.0	0.0147058823529411	0.5011717509037003	1	1
t-lymphocytes regulatory/immunology	IL10	7.633802131423728e-06	1.7530105695582782e-05	0.0588235294117647	0.5011717509037003	1	1
transforming growth factor beta1/metabolism	integrin alphavbeta3/metabolism	5.135695613223135e-08	1.5445879336957708e-07	0.0588235294117647	0.5011717509037003	1	1
transforming growth factor beta1/metabolism	micrornas/metabolism	5.722634883742472e-07	1.4513136663758776e-06	0.0588235294117647	0.5011717509037003	1	1
transforming growth factor beta1/metabolism	cadherins/genetics	1.6091669108320161e-09	6.233999594558411e-09	0.0588235294117647	0.5011717509037003	1	1
transforming growth factor beta1/metabolism	glioblastoma/pathology	1.6091669108320161e-09	6.233999594558411e-09	0.0588235294117647	0.5011717509037003	1	1
transforming growth factor beta1/metabolism	neoplasm invasiveness/pathology	5.722634883742472e-07	1.4513136663758776e-06	0.0588235294117647	0.5011717509037003	1	1
transforming growth factor beta1/metabolism	mammary glands human/metabolism	5.722634883742472e-07	1.4513136663758776e-06	0.0588235294117647	0.5011717509037003	1	1
transforming growth factor beta1/metabolism	matrix metalloproteinase 9/metabolism	5.722634883742472e-07	1.4513136663758776e-06	0.0588235294117647	0.5011717509037003	1	1
transforming growth factor beta1/metabolism	adipocytes/pathology	5.722634883742472e-07	1.4513136663758776e-06	0.0588235294117647	0.5011717509037003	1	1
transforming growth factor beta1/metabolism	smad proteins/metabolism	5.722634883742472e-07	1.4513136663758776e-06	0.0588235294117647	0.5011717509037003	1	1
transforming growth factor beta1/metabolism	tumor microenvironment/physiology	4.313527979249443e-09	1.6194371412928633e-08	0.0077420384707478	0.1868283063250888	2	1
transforming growth factor beta1/metabolism	stem cells/pathology	5.722634883742472e-07	1.4513136663758776e-06	0.0588235294117647	0.5011717509037003	1	1
transforming growth factor beta1/metabolism	receptors androgen/metabolism	5.722634883742472e-07	1.4513136663758776e-06	0.0588235294117647	0.5011717509037003	1	1
transforming growth factor beta1/metabolism	DCN	5.722634883742472e-07	1.4513136663758776e-06	0.0588235294117647	0.5011717509037003	1	1
transforming growth factor beta1/metabolism	SERPINE1	1.6091669108320161e-09	6.233999594558411e-09	0.0588235294117647	0.5011717509037003	1	1
transforming growth factor beta1/metabolism	THBS2	5.135695613223135e-08	1.5445879336957708e-07	0.0588235294117647	0.5011717509037003	1	1
transforming growth factor beta1/metabolism	MMP9	5.722634883742472e-07	1.4513136663758776e-06	0.0588235294117647	0.5011717509037003	1	1
transforming growth factor beta1/metabolism	MAPK8	0.000482721111329	0.0008653482253365	0.1150131694468832	0.5011717509037003	1	1
transforming growth factor beta1/metabolism	PDCD1LG2	1.6091669108320161e-09	6.233999594558411e-09	0.0588235294117647	0.5011717509037003	1	1
transforming growth factor beta1/metabolism	MAP2K7	5.135695613223135e-08	1.5445879336957708e-07	0.0588235294117647	0.5011717509037003	1	1
transforming growth factor beta1/metabolism	FAT1	1.6091669108320161e-09	6.233999594558411e-09	0.0588235294117647	0.5011717509037003	1	1
endostatins/genetics	carcinoma renal cell/blood	4.499733918805761e-13	2.348841441812155e-12	0.0147058823529411	0.5011717509037003	1	1
endostatins/genetics	cytokines/blood	5.351565366407129e-07	1.3639640462674216e-06	0.0441176470588235	0.5011717509037003	1	1
endostatins/genetics	nih 3t3 cells	4.499733918805761e-13	2.348841441812155e-12	0.0147058823529411	0.5011717509037003	1	1
endostatins/genetics	angiogenesis inducing agents/metabolism	4.499733918805761e-13	2.348841441812155e-12	0.0147058823529411	0.5011717509037003	1	1
endostatins/genetics	anti-inflammatory agents/metabolism	4.499733918805761e-13	2.348841441812155e-12	0.0147058823529411	0.5011717509037003	1	1
endostatins/genetics	cell polarity	4.499733918805761e-13	2.348841441812155e-12	0.0147058823529411	0.5011717509037003	1	1
endostatins/genetics	neoplasm metastasis	0.0009494201098074	0.0016313819052961	0.0735294117647058	0.5011717509037003	1	1
endostatins/genetics	IL4	4.499733918805761e-13	2.348841441812155e-12	0.0147058823529411	0.5011717509037003	1	1
endostatins/genetics	ARG1	4.499733918805761e-13	2.348841441812155e-12	0.0147058823529411	0.5011717509037003	1	1
endostatins/genetics	IL13	4.499733918805761e-13	2.348841441812155e-12	0.0147058823529411	0.5011717509037003	1	1
endostatins/genetics	CD209	4.499733918805761e-13	2.348841441812155e-12	0.0147058823529411	0.5011717509037003	1	1
endostatins/genetics	IL10	5.182214031973498e-05	0.0001079992089768	0.0588235294117647	0.5011717509037003	1	1
endostatins/genetics	MRC1	3.4015522509811547e-08	1.0400565265691953e-07	0.0294117647058823	0.5011717509037003	1	1
immunity innate	protease inhibitors/pharmacology	2.2039919000960143e-08	7.572392113129499e-08	0.0294117647058823	0.5011717509037003	1	1
immunity innate	carcinoma hepatocellular/drug therapy	2.2039919000960143e-08	7.572392113129499e-08	0.0294117647058823	0.5011717509037003	1	1
immunity innate	stem cell factor/metabolism	2.2039919000960143e-08	7.572392113129499e-08	0.0294117647058823	0.5011717509037003	1	1
immunity innate	b-lymphocytes/immunology	2.110999486326648e-09	8.112350304827392e-09	0.0294117647058823	0.5011717509037003	1	1
immunity innate	extracellular traps/immunology	2.110999486326648e-09	8.112350304827392e-09	0.0294117647058823	0.5011717509037003	1	1
immunity innate	ovarian neoplasms/pathology	2.110999486326648e-09	8.112350304827392e-09	0.0294117647058823	0.5011717509037003	1	1
immunity innate	macrophages/immunology	0.0024359773054146	0.0038788378911146	0.1150131694468832	0.5011717509037003	1	1
immunity innate	plant extracts/pharmacology	2.2039919000960143e-08	7.572392113129499e-08	0.0294117647058823	0.5011717509037003	1	1
immunity innate	tumor necrosis factor-alpha/metabolism	0.0026961250387715	0.0042590099521437	0.0869183494293239	0.5011717509037003	1	1
immunity innate	digestion	2.2039919000960143e-08	7.572392113129499e-08	0.0294117647058823	0.5011717509037003	1	1
immunity innate	peritoneal neoplasms/secondary	2.110999486326648e-09	8.112350304827392e-09	0.0294117647058823	0.5011717509037003	1	1
immunity innate	rna messenger/metabolism	3.764119443772085e-05	7.969702822308577e-05	0.0583845478489903	0.5011717509037003	1	1
immunity innate	protein tyrosine phosphatase non-receptor type 6/metabolism	2.110999486326648e-09	8.112350304827392e-09	0.0294117647058823	0.5011717509037003	1	1
immunity innate	gastrointestinal tract	2.2039919000960143e-08	7.572392113129499e-08	0.0294117647058823	0.5011717509037003	1	1
immunity innate	omentum/immunology	2.110999486326648e-09	8.112350304827392e-09	0.0294117647058823	0.5011717509037003	1	1
immunity innate	CXCL13	2.110999486326648e-09	8.112350304827392e-09	0.0294117647058823	0.5011717509037003	1	1
immunity innate	PTPN6	2.110999486326648e-09	8.112350304827392e-09	0.0294117647058823	0.5011717509037003	1	1
immunity innate	IL10	0.0026961250387715	0.0042590099521437	0.1150131694468832	0.5011717509037003	1	1
macrophage colony-stimulating factor/antagonists &amp; inhibitors	mesenchymal stem cells/immunology	4.499733918805761e-13	2.348841441812155e-12	0.0147058823529411	0.5011717509037003	1	1
macrophage colony-stimulating factor/antagonists &amp; inhibitors	neoplasm invasiveness	4.499733918805761e-13	2.348841441812155e-12	0.0147058823529411	0.5011717509037003	1	1
macrophage colony-stimulating factor/antagonists &amp; inhibitors	paracrine communication	1.919461556365576e-08	6.700818789319086e-08	0.0294117647058823	0.5011717509037003	1	1
macrophage colony-stimulating factor/antagonists &amp; inhibitors	EEF1A2	4.499733918805761e-13	2.348841441812155e-12	0.0147058823529411	0.5011717509037003	1	1
macrophage colony-stimulating factor/antagonists &amp; inhibitors	CSF1	3.025816011892335e-05	6.442668852416033e-05	0.0441176470588235	0.5011717509037003	1	1
b-lymphocytes/immunology	extracellular traps/immunology	0.0	0.0	0.0147058823529411	0.5011717509037003	1	1
b-lymphocytes/immunology	ovarian neoplasms/pathology	0.0	0.0	0.0147058823529411	0.5011717509037003	1	1
b-lymphocytes/immunology	peritoneal neoplasms/secondary	0.0	0.0	0.0147058823529411	0.5011717509037003	1	1
b-lymphocytes/immunology	protein tyrosine phosphatase non-receptor type 6/metabolism	0.0	0.0	0.0147058823529411	0.5011717509037003	1	1
b-lymphocytes/immunology	omentum/immunology	0.0	0.0	0.0147058823529411	0.5011717509037003	1	1
b-lymphocytes/immunology	CXCL13	0.0	0.0	0.0147058823529411	0.5011717509037003	1	1
b-lymphocytes/immunology	PTPN6	0.0	0.0	0.0147058823529411	0.5011717509037003	1	1
b-lymphocytes/immunology	IL10	7.633802131423728e-06	1.7530105695582782e-05	0.0588235294117647	0.5011717509037003	1	1
pten phosphohydrolase/deficiency	docosahexaenoic acids/analysis	0.0	0.0	0.0147058823529411	0.5011717509037003	1	1
pten phosphohydrolase/deficiency	tumor suppressor protein p53/deficiency	0.0	0.0	0.0147058823529411	0.5011717509037003	1	1
pten phosphohydrolase/deficiency	disease progression	4.126900117529253e-06	9.716653463315426e-06	0.088235294117647	0.5011717509037003	1	1
pten phosphohydrolase/deficiency	PTEN	0.0	0.0	0.0147058823529411	0.5011717509037003	1	1
lipocalin-2/genetics	inflammation mediators/blood	0.0	0.0	0.0147058823529411	0.5011717509037003	1	1
lipocalin-2/genetics	cytokines/blood	1.889599587912017e-13	1.1457495978481745e-12	0.0441176470588235	0.5011717509037003	1	1
lipocalin-2/genetics	rna small interfering/genetics	0.0	0.0	0.0147058823529411	0.5011717509037003	1	1
lipocalin-2/genetics	LCN2	0.0	0.0	0.0147058823529411	0.5011717509037003	1	1
lipocalin-2/genetics	SLC22A17	0.0	0.0	0.0147058823529411	0.5011717509037003	1	1
extracellular traps/immunology	ovarian neoplasms/pathology	0.0	0.0	0.0147058823529411	0.5011717509037003	1	1
extracellular traps/immunology	peritoneal neoplasms/secondary	0.0	0.0	0.0147058823529411	0.5011717509037003	1	1
extracellular traps/immunology	protein tyrosine phosphatase non-receptor type 6/metabolism	0.0	0.0	0.0147058823529411	0.5011717509037003	1	1
extracellular traps/immunology	omentum/immunology	0.0	0.0	0.0147058823529411	0.5011717509037003	1	1
extracellular traps/immunology	CXCL13	0.0	0.0	0.0147058823529411	0.5011717509037003	1	1
extracellular traps/immunology	PTPN6	0.0	0.0	0.0147058823529411	0.5011717509037003	1	1
extracellular traps/immunology	IL10	7.633802131423728e-06	1.7530105695582782e-05	0.0588235294117647	0.5011717509037003	1	1
carcinoma renal cell/blood	cytokines/blood	5.351565366407129e-07	1.3639640462674216e-06	0.0441176470588235	0.5011717509037003	1	1
carcinoma renal cell/blood	nih 3t3 cells	4.499733918805761e-13	2.348841441812155e-12	0.0147058823529411	0.5011717509037003	1	1
carcinoma renal cell/blood	angiogenesis inducing agents/metabolism	4.499733918805761e-13	2.348841441812155e-12	0.0147058823529411	0.5011717509037003	1	1
carcinoma renal cell/blood	anti-inflammatory agents/metabolism	4.499733918805761e-13	2.348841441812155e-12	0.0147058823529411	0.5011717509037003	1	1
carcinoma renal cell/blood	cell polarity	4.499733918805761e-13	2.348841441812155e-12	0.0147058823529411	0.5011717509037003	1	1
carcinoma renal cell/blood	neoplasm metastasis	0.0009494201098074	0.0016313819052961	0.0735294117647058	0.5011717509037003	1	1
carcinoma renal cell/blood	IL4	4.499733918805761e-13	2.348841441812155e-12	0.0147058823529411	0.5011717509037003	1	1
carcinoma renal cell/blood	ARG1	4.499733918805761e-13	2.348841441812155e-12	0.0147058823529411	0.5011717509037003	1	1
carcinoma renal cell/blood	IL13	4.499733918805761e-13	2.348841441812155e-12	0.0147058823529411	0.5011717509037003	1	1
carcinoma renal cell/blood	CD209	4.499733918805761e-13	2.348841441812155e-12	0.0147058823529411	0.5011717509037003	1	1
carcinoma renal cell/blood	IL10	5.182214031973498e-05	0.0001079992089768	0.0588235294117647	0.5011717509037003	1	1
carcinoma renal cell/blood	MRC1	3.4015522509811547e-08	1.0400565265691953e-07	0.0294117647058823	0.5011717509037003	1	1
mammary glands human/metabolism	diet high-fat/adverse effects	7.594785947917515e-07	1.90587643167804e-06	0.0441176470588235	0.5011717509037003	1	1
mammary glands human/metabolism	tumor microenvironment/physiology	1.4457200658846148e-08	5.0692151233830896e-08	0.0441176470588235	0.5011717509037003	1	1
mammary glands human/metabolism	DCN	0.0	0.0	0.0147058823529411	0.5011717509037003	1	1
inflammation mediators/blood	cytokines/blood	1.889599587912017e-13	1.1457495978481745e-12	0.0441176470588235	0.5011717509037003	1	1
inflammation mediators/blood	rna small interfering/genetics	0.0	0.0	0.0147058823529411	0.5011717509037003	1	1
inflammation mediators/blood	LCN2	0.0	0.0	0.0147058823529411	0.5011717509037003	1	1
inflammation mediators/blood	SLC22A17	0.0	0.0	0.0147058823529411	0.5011717509037003	1	1
cytokines/blood	pancreatic neoplasms/immunology	5.023603755205386e-11	2.1291642882056175e-10	0.0441176470588235	0.5011717509037003	1	1
cytokines/blood	cachexia/immunology	5.023603755205386e-11	2.1291642882056175e-10	0.0441176470588235	0.5011717509037003	1	1
cytokines/blood	stat3 transcription factor/immunology	5.023603755205386e-11	2.1291642882056175e-10	0.0441176470588235	0.5011717509037003	1	1
cytokines/blood	nih 3t3 cells	5.351565366407129e-07	1.3639640462674216e-06	0.0441176470588235	0.5011717509037003	1	1
cytokines/blood	angiogenesis inducing agents/metabolism	5.351565366407129e-07	1.3639640462674216e-06	0.0441176470588235	0.5011717509037003	1	1
cytokines/blood	macrophages/immunology	0.0052742928487923	0.007875178509853	0.1686487349349509	0.5011717509037003	1	1
cytokines/blood	rna small interfering/genetics	1.889599587912017e-13	1.1457495978481745e-12	0.0441176470588235	0.5011717509037003	1	1
cytokines/blood	anti-inflammatory agents/metabolism	5.351565366407129e-07	1.3639640462674216e-06	0.0441176470588235	0.5011717509037003	1	1
cytokines/blood	cell polarity	5.351565366407129e-07	1.3639640462674216e-06	0.0441176470588235	0.5011717509037003	1	1
cytokines/blood	muscle fibers skeletal/drug effects	5.023603755205386e-11	2.1291642882056175e-10	0.0441176470588235	0.5011717509037003	1	1
cytokines/blood	IL4	5.351565366407129e-07	1.3639640462674216e-06	0.0441176470588235	0.5011717509037003	1	1
cytokines/blood	ARG1	5.351565366407129e-07	1.3639640462674216e-06	0.0441176470588235	0.5011717509037003	1	1
cytokines/blood	IL13	5.351565366407129e-07	1.3639640462674216e-06	0.0441176470588235	0.5011717509037003	1	1
cytokines/blood	CD209	5.351565366407129e-07	1.3639640462674216e-06	0.0441176470588235	0.5011717509037003	1	1
cytokines/blood	CD163	0.0002394037333088	0.0004441642652406	0.0869183494293239	0.5011717509037003	1	1
cytokines/blood	LCN2	1.889599587912017e-13	1.1457495978481745e-12	0.0441176470588235	0.5011717509037003	1	1
cytokines/blood	SLC22A17	1.889599587912017e-13	1.1457495978481745e-12	0.0441176470588235	0.5011717509037003	1	1
cytokines/blood	IL10	0.0057602159518109	0.008501537834973	0.1686487349349509	0.5011717509037003	1	1
cytokines/blood	MRC1	0.000142533143688	0.0002801028354297	0.0869183494293239	0.5011717509037003	1	1
mesenchymal stem cells/immunology	neoplasm invasiveness	4.499733918805761e-13	2.348841441812155e-12	0.0147058823529411	0.5011717509037003	1	1
mesenchymal stem cells/immunology	paracrine communication	1.919461556365576e-08	6.700818789319086e-08	0.0294117647058823	0.5011717509037003	1	1
mesenchymal stem cells/immunology	EEF1A2	4.499733918805761e-13	2.348841441812155e-12	0.0147058823529411	0.5011717509037003	1	1
mesenchymal stem cells/immunology	CSF1	3.025816011892335e-05	6.442668852416033e-05	0.0441176470588235	0.5011717509037003	1	1
ovarian neoplasms/pathology	peritoneal neoplasms/secondary	0.0	0.0	0.0147058823529411	0.5011717509037003	1	1
ovarian neoplasms/pathology	protein tyrosine phosphatase non-receptor type 6/metabolism	0.0	0.0	0.0147058823529411	0.5011717509037003	1	1
ovarian neoplasms/pathology	omentum/immunology	0.0	0.0	0.0147058823529411	0.5011717509037003	1	1
ovarian neoplasms/pathology	CXCL13	0.0	0.0	0.0147058823529411	0.5011717509037003	1	1
ovarian neoplasms/pathology	PTPN6	0.0	0.0	0.0147058823529411	0.5011717509037003	1	1
ovarian neoplasms/pathology	IL10	7.633802131423728e-06	1.7530105695582782e-05	0.0588235294117647	0.5011717509037003	1	1
diet high-fat/adverse effects	lipoproteins ldl	2.569280014297348e-07	6.865782946483629e-07	0.0441176470588235	0.5011717509037003	1	1
diet high-fat/adverse effects	nitric oxide synthase type ii/metabolism	2.569280014297348e-07	6.865782946483629e-07	0.0441176470588235	0.5011717509037003	1	1
diet high-fat/adverse effects	lymphangiogenesis	0.0001651860272652	0.0003148638982473	0.0441176470588235	0.5011717509037003	1	1
diet high-fat/adverse effects	neovascularization pathologic	0.0001651860272652	0.0003148638982473	0.0441176470588235	0.5011717509037003	1	1
diet high-fat/adverse effects	chemokines/metabolism	0.0001651860272652	0.0003148638982473	0.0441176470588235	0.5011717509037003	1	1
diet high-fat/adverse effects	leptin/physiology	0.0001651860272652	0.0003148638982473	0.0441176470588235	0.5011717509037003	1	1
diet high-fat/adverse effects	tumor cells cultured	0.0001651860272652	0.0003148638982473	0.0441176470588235	0.5011717509037003	1	1
diet high-fat/adverse effects	tumor microenvironment/physiology	0.0037096890827528	0.0056907837448821	0.1284220608189001	0.5011717509037003	1	1
diet high-fat/adverse effects	scavenger receptors class e/genetics	2.569280014297348e-07	6.865782946483629e-07	0.0441176470588235	0.5011717509037003	1	1
diet high-fat/adverse effects	receptor melanocortin type 4/physiology	0.0001651860272652	0.0003148638982473	0.0441176470588235	0.5011717509037003	1	1
diet high-fat/adverse effects	apoptosis	0.0001651860272652	0.0003148638982473	0.0441176470588235	0.5011717509037003	1	1
diet high-fat/adverse effects	lymphatic metastasis	0.0001651860272652	0.0003148638982473	0.0441176470588235	0.5011717509037003	1	1
diet high-fat/adverse effects	DCN	7.594785947917515e-07	1.90587643167804e-06	0.0441176470588235	0.5011717509037003	1	1
diet high-fat/adverse effects	CCR7	0.0001651860272652	0.0003148638982473	0.0441176470588235	0.5011717509037003	1	1
diet high-fat/adverse effects	CCL21	0.0001651860272652	0.0003148638982473	0.0441176470588235	0.5011717509037003	1	1
diet high-fat/adverse effects	FLT4	0.0001651860272652	0.0003148638982473	0.0441176470588235	0.5011717509037003	1	1
diet high-fat/adverse effects	KDR	0.0001651860272652	0.0003148638982473	0.0441176470588235	0.5011717509037003	1	1
diet high-fat/adverse effects	CCL19	0.0001651860272652	0.0003148638982473	0.0441176470588235	0.5011717509037003	1	1
diet high-fat/adverse effects	PROM1	2.569280014297348e-07	6.865782946483629e-07	0.0441176470588235	0.5011717509037003	1	1
diet high-fat/adverse effects	MRC1	0.0011250141132327	0.0019115638097532	0.0869183494293239	0.5011717509037003	1	1
diet high-fat/adverse effects	obesity/etiology	0.0001651860272652	0.0003148638982473	0.0441176470588235	0.5011717509037003	1	1
diet high-fat/adverse effects	rna messenger/genetics	0.0001651860272652	0.0003148638982473	0.0441176470588235	0.5011717509037003	1	1
diet high-fat/adverse effects	hyperlipidemias	2.569280014297348e-07	6.865782946483629e-07	0.0441176470588235	0.5011717509037003	1	1
diet high-fat/adverse effects	colorectal neoplasms/metabolism	2.569280014297348e-07	6.865782946483629e-07	0.0441176470588235	0.5011717509037003	1	1
diet high-fat/adverse effects	mannose receptor	2.569280014297348e-07	6.865782946483629e-07	0.0441176470588235	0.5011717509037003	1	1
docosahexaenoic acids/analysis	tumor suppressor protein p53/deficiency	0.0	0.0	0.0147058823529411	0.5011717509037003	1	1
docosahexaenoic acids/analysis	disease progression	4.126900117529253e-06	9.716653463315426e-06	0.088235294117647	0.5011717509037003	1	1
docosahexaenoic acids/analysis	PTEN	0.0	0.0	0.0147058823529411	0.5011717509037003	1	1
tumor microenvironment/physiology	nf-kappa b/metabolism	0.0001348106896625	0.0002669028212187	0.0869183494293239	0.5011717509037003	1	1
tumor microenvironment/physiology	caco-2 cells	9.356937447080328e-11	3.9262980493691277e-10	0.0441176470588235	0.5011717509037003	1	1
tumor microenvironment/physiology	colonic neoplasms/microbiology	9.356937447080328e-11	3.9262980493691277e-10	0.0441176470588235	0.5011717509037003	1	1
tumor microenvironment/physiology	prostatic neoplasms/pathology	0.0050078979304749	0.0074820939061317	0.1284220608189001	0.5011717509037003	1	1
tumor microenvironment/physiology	adipocytes/pathology	1.4457200658846148e-08	5.0692151233830896e-08	0.0441176470588235	0.5011717509037003	1	1
tumor microenvironment/physiology	micrornas/metabolism	1.4457200658846148e-08	5.0692151233830896e-08	0.0441176470588235	0.5011717509037003	1	1
tumor microenvironment/physiology	neoplasm invasiveness/pathology	1.4457200658846148e-08	5.0692151233830896e-08	0.0441176470588235	0.5011717509037003	1	1
tumor microenvironment/physiology	smad proteins/metabolism	1.4457200658846148e-08	5.0692151233830896e-08	0.0441176470588235	0.5011717509037003	1	1
tumor microenvironment/physiology	stem cells/pathology	1.4457200658846148e-08	5.0692151233830896e-08	0.0441176470588235	0.5011717509037003	1	1
tumor microenvironment/physiology	receptors androgen/metabolism	1.4457200658846148e-08	5.0692151233830896e-08	0.0441176470588235	0.5011717509037003	1	1
tumor microenvironment/physiology	DCN	1.4457200658846148e-08	5.0692151233830896e-08	0.0441176470588235	0.5011717509037003	1	1
tumor microenvironment/physiology	APC	9.356937447080328e-11	3.9262980493691277e-10	0.0441176470588235	0.5011717509037003	1	1
tumor microenvironment/physiology	MMP9	1.4457200658846148e-08	5.0692151233830896e-08	0.0441176470588235	0.5011717509037003	1	1
tumor microenvironment/physiology	IL22	9.356937447080328e-11	3.9262980493691277e-10	0.0441176470588235	0.5011717509037003	1	1
tumor microenvironment/physiology	IL17A	0.0041163028653422	0.0062649272957969	0.1284220608189001	0.5011717509037003	1	1
tumor microenvironment/physiology	ht29 cells	9.356937447080328e-11	3.9262980493691277e-10	0.0441176470588235	0.5011717509037003	1	1
tumor microenvironment/physiology	diet high-fat	0.0015588727606166	0.0025467155403098	0.1284220608189001	0.5011717509037003	1	1
tumor microenvironment/physiology	matrix metalloproteinase 9/metabolism	1.4457200658846148e-08	5.0692151233830896e-08	0.0441176470588235	0.5011717509037003	1	1
tumor suppressor protein p53/deficiency	disease progression	4.126900117529253e-06	9.716653463315426e-06	0.088235294117647	0.5011717509037003	1	1
tumor suppressor protein p53/deficiency	PTEN	0.0	0.0	0.0147058823529411	0.5011717509037003	1	1
disease progression	prostatic neoplasms/immunology	1.2931222044598734e-05	2.924520933847874e-05	0.088235294117647	0.5011717509037003	1	1
disease progression	ovarian neoplasms/immunology	0.0009494201098074	0.0016313819052961	0.088235294117647	0.5011717509037003	1	1
disease progression	interleukin-17/genetics	0.0009494201098074	0.0016313819052961	0.088235294117647	0.5011717509037003	1	1
disease progression	palmitic acid/metabolism	0.0009494201098074	0.0016313819052961	0.088235294117647	0.5011717509037003	1	1
disease progression	recombinant proteins/metabolism	0.0009494201098074	0.0016313819052961	0.088235294117647	0.5011717509037003	1	1
disease progression	heterografts	1.2931222044598734e-05	2.924520933847874e-05	0.088235294117647	0.5011717509037003	1	1
disease progression	fatty acid-binding proteins/metabolism	0.0009494201098074	0.0016313819052961	0.088235294117647	0.5011717509037003	1	1
disease progression	lipids/chemistry	1.2931222044598734e-05	2.924520933847874e-05	0.088235294117647	0.5011717509037003	1	1
disease progression	ovary/pathology	0.0009494201098074	0.0016313819052961	0.088235294117647	0.5011717509037003	1	1
disease progression	osteopontin/metabolism	0.0006431280250716	0.001136975470076	0.088235294117647	0.5011717509037003	1	1
disease progression	thyroid cancer papillary/immunology	0.0006431280250716	0.001136975470076	0.088235294117647	0.5011717509037003	1	1
disease progression	integrin alphavbeta3/metabolism	3.305890265659084e-05	7.032744296224e-05	0.088235294117647	0.5011717509037003	1	1
disease progression	tumor-associated macrophages/metabolism	0.0004143627882501	0.000746352878459	0.088235294117647	0.5011717509037003	1	1
disease progression	lipid metabolism	1.2931222044598734e-05	2.924520933847874e-05	0.088235294117647	0.5011717509037003	1	1
disease progression	neoplasms/pathology	0.0004143627882501	0.000746352878459	0.088235294117647	0.5011717509037003	1	1
disease progression	metabolic networks and pathways	1.2931222044598734e-05	2.924520933847874e-05	0.088235294117647	0.5011717509037003	1	1
disease progression	neoplasm recurrence local/immunology	0.0006431280250716	0.001136975470076	0.088235294117647	0.5011717509037003	1	1
disease progression	cell plasticity/genetics	1.2931222044598734e-05	2.924520933847874e-05	0.088235294117647	0.5011717509037003	1	1
disease progression	receptors interleukin-17/metabolism	0.0009494201098074	0.0016313819052961	0.088235294117647	0.5011717509037003	1	1
disease progression	MAPK1	0.0004143627882501	0.000746352878459	0.088235294117647	0.5011717509037003	1	1
disease progression	AHSA1	0.0004143627882501	0.000746352878459	0.088235294117647	0.5011717509037003	1	1
disease progression	F9	0.0006431280250716	0.001136975470076	0.088235294117647	0.5011717509037003	1	1
disease progression	AIMP2	0.0004143627882501	0.000746352878459	0.088235294117647	0.5011717509037003	1	1
disease progression	MAPK14	0.0004143627882501	0.000746352878459	0.088235294117647	0.5011717509037003	1	1
disease progression	SPP1	0.0006431280250716	0.001136975470076	0.088235294117647	0.5011717509037003	1	1
disease progression	FABP4	0.0009494201098074	0.0016313819052961	0.088235294117647	0.5011717509037003	1	1
disease progression	CCDC6	0.0006431280250716	0.001136975470076	0.088235294117647	0.5011717509037003	1	1
disease progression	IL1B	0.0049295740315098	0.0073804589688387	0.1698858647936786	0.5011717509037003	1	1
disease progression	DUSP2	0.0006431280250716	0.001136975470076	0.088235294117647	0.5011717509037003	1	1
disease progression	CRK	0.0004143627882501	0.000746352878459	0.088235294117647	0.5011717509037003	1	1
disease progression	ZCCHC12	0.0006431280250716	0.001136975470076	0.088235294117647	0.5011717509037003	1	1
disease progression	IL17RA	0.0009494201098074	0.0016313819052961	0.088235294117647	0.5011717509037003	1	1
disease progression	PTCH1	0.0006431280250716	0.001136975470076	0.088235294117647	0.5011717509037003	1	1
disease progression	RET	0.0006431280250716	0.001136975470076	0.088235294117647	0.5011717509037003	1	1
disease progression	THBS2	3.305890265659084e-05	7.032744296224e-05	0.088235294117647	0.5011717509037003	1	1
disease progression	PTEN	4.126900117529253e-06	9.716653463315426e-06	0.088235294117647	0.5011717509037003	1	1
disease progression	MAP2K7	3.305890265659084e-05	7.032744296224e-05	0.088235294117647	0.5011717509037003	1	1
disease progression	RNF19A	0.0004143627882501	0.000746352878459	0.088235294117647	0.5011717509037003	1	1
disease progression	TAS2R38	0.0006431280250716	0.001136975470076	0.088235294117647	0.5011717509037003	1	1
disease progression	POLDIP2	0.0004143627882501	0.000746352878459	0.088235294117647	0.5011717509037003	1	1
disease progression	adipocytes/immunology	0.0009494201098074	0.0016313819052961	0.088235294117647	0.5011717509037003	1	1
peritoneal neoplasms/secondary	protein tyrosine phosphatase non-receptor type 6/metabolism	0.0	0.0	0.0147058823529411	0.5011717509037003	1	1
peritoneal neoplasms/secondary	omentum/immunology	0.0	0.0	0.0147058823529411	0.5011717509037003	1	1
peritoneal neoplasms/secondary	CXCL13	0.0	0.0	0.0147058823529411	0.5011717509037003	1	1
peritoneal neoplasms/secondary	PTPN6	0.0	0.0	0.0147058823529411	0.5011717509037003	1	1
peritoneal neoplasms/secondary	IL10	7.633802131423728e-06	1.7530105695582782e-05	0.0588235294117647	0.5011717509037003	1	1
nih 3t3 cells	angiogenesis inducing agents/metabolism	4.499733918805761e-13	2.348841441812155e-12	0.0147058823529411	0.5011717509037003	1	1
nih 3t3 cells	anti-inflammatory agents/metabolism	4.499733918805761e-13	2.348841441812155e-12	0.0147058823529411	0.5011717509037003	1	1
nih 3t3 cells	cell polarity	4.499733918805761e-13	2.348841441812155e-12	0.0147058823529411	0.5011717509037003	1	1
nih 3t3 cells	neoplasm metastasis	0.0009494201098074	0.0016313819052961	0.0735294117647058	0.5011717509037003	1	1
nih 3t3 cells	IL4	4.499733918805761e-13	2.348841441812155e-12	0.0147058823529411	0.5011717509037003	1	1
nih 3t3 cells	ARG1	4.499733918805761e-13	2.348841441812155e-12	0.0147058823529411	0.5011717509037003	1	1
nih 3t3 cells	IL13	4.499733918805761e-13	2.348841441812155e-12	0.0147058823529411	0.5011717509037003	1	1
nih 3t3 cells	CD209	4.499733918805761e-13	2.348841441812155e-12	0.0147058823529411	0.5011717509037003	1	1
nih 3t3 cells	IL10	5.182214031973498e-05	0.0001079992089768	0.0588235294117647	0.5011717509037003	1	1
nih 3t3 cells	MRC1	3.4015522509811547e-08	1.0400565265691953e-07	0.0294117647058823	0.5011717509037003	1	1
angiogenesis inducing agents/metabolism	anti-inflammatory agents/metabolism	4.499733918805761e-13	2.348841441812155e-12	0.0147058823529411	0.5011717509037003	1	1
angiogenesis inducing agents/metabolism	cell polarity	4.499733918805761e-13	2.348841441812155e-12	0.0147058823529411	0.5011717509037003	1	1
angiogenesis inducing agents/metabolism	neoplasm metastasis	0.0009494201098074	0.0016313819052961	0.0735294117647058	0.5011717509037003	1	1
angiogenesis inducing agents/metabolism	IL4	4.499733918805761e-13	2.348841441812155e-12	0.0147058823529411	0.5011717509037003	1	1
angiogenesis inducing agents/metabolism	ARG1	4.499733918805761e-13	2.348841441812155e-12	0.0147058823529411	0.5011717509037003	1	1
angiogenesis inducing agents/metabolism	IL13	4.499733918805761e-13	2.348841441812155e-12	0.0147058823529411	0.5011717509037003	1	1
angiogenesis inducing agents/metabolism	CD209	4.499733918805761e-13	2.348841441812155e-12	0.0147058823529411	0.5011717509037003	1	1
angiogenesis inducing agents/metabolism	IL10	5.182214031973498e-05	0.0001079992089768	0.0588235294117647	0.5011717509037003	1	1
angiogenesis inducing agents/metabolism	MRC1	3.4015522509811547e-08	1.0400565265691953e-07	0.0294117647058823	0.5011717509037003	1	1
rna small interfering/genetics	LCN2	0.0	0.0	0.0147058823529411	0.5011717509037003	1	1
rna small interfering/genetics	SLC22A17	0.0	0.0	0.0147058823529411	0.5011717509037003	1	1
neoplasm invasiveness	paracrine communication	1.919461556365576e-08	6.700818789319086e-08	0.0294117647058823	0.5011717509037003	1	1
neoplasm invasiveness	EEF1A2	4.499733918805761e-13	2.348841441812155e-12	0.0147058823529411	0.5011717509037003	1	1
neoplasm invasiveness	CSF1	3.025816011892335e-05	6.442668852416033e-05	0.0441176470588235	0.5011717509037003	1	1
anti-inflammatory agents/metabolism	cell polarity	4.499733918805761e-13	2.348841441812155e-12	0.0147058823529411	0.5011717509037003	1	1
anti-inflammatory agents/metabolism	neoplasm metastasis	0.0009494201098074	0.0016313819052961	0.0735294117647058	0.5011717509037003	1	1
anti-inflammatory agents/metabolism	IL4	4.499733918805761e-13	2.348841441812155e-12	0.0147058823529411	0.5011717509037003	1	1
anti-inflammatory agents/metabolism	ARG1	4.499733918805761e-13	2.348841441812155e-12	0.0147058823529411	0.5011717509037003	1	1
anti-inflammatory agents/metabolism	IL13	4.499733918805761e-13	2.348841441812155e-12	0.0147058823529411	0.5011717509037003	1	1
anti-inflammatory agents/metabolism	CD209	4.499733918805761e-13	2.348841441812155e-12	0.0147058823529411	0.5011717509037003	1	1
anti-inflammatory agents/metabolism	IL10	5.182214031973498e-05	0.0001079992089768	0.0588235294117647	0.5011717509037003	1	1
anti-inflammatory agents/metabolism	MRC1	3.4015522509811547e-08	1.0400565265691953e-07	0.0294117647058823	0.5011717509037003	1	1
protein tyrosine phosphatase non-receptor type 6/metabolism	omentum/immunology	0.0	0.0	0.0147058823529411	0.5011717509037003	1	1
protein tyrosine phosphatase non-receptor type 6/metabolism	CXCL13	0.0	0.0	0.0147058823529411	0.5011717509037003	1	1
protein tyrosine phosphatase non-receptor type 6/metabolism	PTPN6	0.0	0.0	0.0147058823529411	0.5011717509037003	1	1
protein tyrosine phosphatase non-receptor type 6/metabolism	IL10	7.633802131423728e-06	1.7530105695582782e-05	0.0588235294117647	0.5011717509037003	1	1
omentum/immunology	CXCL13	0.0	0.0	0.0147058823529411	0.5011717509037003	1	1
omentum/immunology	PTPN6	0.0	0.0	0.0147058823529411	0.5011717509037003	1	1
omentum/immunology	IL10	7.633802131423728e-06	1.7530105695582782e-05	0.0588235294117647	0.5011717509037003	1	1
cell polarity	neoplasm metastasis	0.0009494201098074	0.0016313819052961	0.0735294117647058	0.5011717509037003	1	1
cell polarity	IL4	4.499733918805761e-13	2.348841441812155e-12	0.0147058823529411	0.5011717509037003	1	1
cell polarity	ARG1	4.499733918805761e-13	2.348841441812155e-12	0.0147058823529411	0.5011717509037003	1	1
cell polarity	IL13	4.499733918805761e-13	2.348841441812155e-12	0.0147058823529411	0.5011717509037003	1	1
cell polarity	CD209	4.499733918805761e-13	2.348841441812155e-12	0.0147058823529411	0.5011717509037003	1	1
cell polarity	IL10	5.182214031973498e-05	0.0001079992089768	0.0588235294117647	0.5011717509037003	1	1
cell polarity	MRC1	3.4015522509811547e-08	1.0400565265691953e-07	0.0294117647058823	0.5011717509037003	1	1
neoplasm metastasis	glycyrrhizic acid/pharmacology	0.0013441460741747	0.0022398267643828	0.0735294117647058	0.5011717509037003	1	1
neoplasm metastasis	proto-oncogene proteins c-akt/metabolism	0.0031479144449798	0.0048939485525315	0.0735294117647058	0.5011717509037003	1	1
neoplasm metastasis	janus kinases/metabolism	0.0031479144449798	0.0048939485525315	0.0735294117647058	0.5011717509037003	1	1
neoplasm metastasis	calgranulin a/metabolism	0.0013441460741747	0.0022398267643828	0.0735294117647058	0.5011717509037003	1	1
neoplasm metastasis	breast neoplasms/pathology	0.0031479144449798	0.0048939485525315	0.0735294117647058	0.5011717509037003	1	1
neoplasm metastasis	procollagen-lysine 2-oxoglutarate 5-dioxygenase/deficiency	0.0031479144449798	0.0048939485525315	0.0735294117647058	0.5011717509037003	1	1
neoplasm metastasis	adipocytes/pathology	0.0001414098978568	0.0002783534023454	0.0735294117647058	0.5011717509037003	1	1
neoplasm metastasis	micrornas/metabolism	0.0001414098978568	0.0002783534023454	0.0735294117647058	0.5011717509037003	1	1
neoplasm metastasis	neoplasm invasiveness/pathology	0.0001414098978568	0.0002783534023454	0.0735294117647058	0.5011717509037003	1	1
neoplasm metastasis	smad proteins/metabolism	0.0001414098978568	0.0002783534023454	0.0735294117647058	0.5011717509037003	1	1
neoplasm metastasis	colon/metabolism	0.0013441460741747	0.0022398267643828	0.0735294117647058	0.5011717509037003	1	1
neoplasm metastasis	myeloid cells/immunology	4.126900117529253e-06	9.716653463315426e-06	0.0735294117647058	0.5011717509037003	1	1
neoplasm metastasis	interleukin-6 receptor alpha subunit/blood	4.126900117529253e-06	9.716653463315426e-06	0.0735294117647058	0.5011717509037003	1	1
neoplasm metastasis	leptin/metabolism	0.0031479144449798	0.0048939485525315	0.0735294117647058	0.5011717509037003	1	1
neoplasm metastasis	cell movement	0.0031479144449798	0.0048939485525315	0.0735294117647058	0.5011717509037003	1	1
neoplasm metastasis	anti-inflammatory agents/pharmacology	0.0013441460741747	0.0022398267643828	0.0735294117647058	0.5011717509037003	1	1
neoplasm metastasis	stem cells/pathology	0.0001414098978568	0.0002783534023454	0.0735294117647058	0.5011717509037003	1	1
neoplasm metastasis	receptors androgen/metabolism	0.0001414098978568	0.0002783534023454	0.0735294117647058	0.5011717509037003	1	1
neoplasm metastasis	breast neoplasms/immunology	4.126900117529253e-06	9.716653463315426e-06	0.0735294117647058	0.5011717509037003	1	1
neoplasm metastasis	IL4	0.0009494201098074	0.0016313819052961	0.0735294117647058	0.5011717509037003	1	1
neoplasm metastasis	ARG1	0.0009494201098074	0.0016313819052961	0.0735294117647058	0.5011717509037003	1	1
neoplasm metastasis	PLOD2	0.0031479144449798	0.0048939485525315	0.0735294117647058	0.5011717509037003	1	1
neoplasm metastasis	IL13	0.0009494201098074	0.0016313819052961	0.0735294117647058	0.5011717509037003	1	1
neoplasm metastasis	CD209	0.0009494201098074	0.0016313819052961	0.0735294117647058	0.5011717509037003	1	1
neoplasm metastasis	IRF6	0.0013441460741747	0.0022398267643828	0.0735294117647058	0.5011717509037003	1	1
neoplasm metastasis	MMP9	0.0001414098978568	0.0002783534023454	0.0735294117647058	0.5011717509037003	1	1
neoplasm metastasis	ITGAM	4.126900117529253e-06	9.716653463315426e-06	0.0735294117647058	0.5011717509037003	1	1
neoplasm metastasis	3t3-l1 cells	0.0031479144449798	0.0048939485525315	0.0735294117647058	0.5011717509037003	1	1
neoplasm metastasis	matrix metalloproteinase 9/metabolism	0.0001414098978568	0.0002783534023454	0.0735294117647058	0.5011717509037003	1	1
paracrine communication	autophagy	9.325897335932254e-06	2.121863689099253e-05	0.0583845478489903	0.5011717509037003	1	1
paracrine communication	hep g2 cells	2.383204744660361e-12	1.2165547296994876e-11	0.0294117647058823	0.5011717509037003	1	1
paracrine communication	non-alcoholic fatty liver disease/genetics	2.4823511922678065e-06	5.99831793492359e-06	0.0583845478489903	0.5011717509037003	1	1
paracrine communication	growth differentiation factor 15/genetics	2.383204744660361e-12	1.2165547296994876e-11	0.0294117647058823	0.5011717509037003	1	1
paracrine communication	hepatic stellate cells/metabolism	2.4823511922678065e-06	5.99831793492359e-06	0.0583845478489903	0.5011717509037003	1	1
paracrine communication	EEF1A2	1.919461556365576e-08	6.700818789319086e-08	0.0294117647058823	0.5011717509037003	1	1
paracrine communication	GDF15	2.383204744660361e-12	1.2165547296994876e-11	0.0294117647058823	0.5011717509037003	1	1
paracrine communication	CSF1	0.0013215944220738	0.0022063515543915	0.0869183494293239	0.5011717509037003	1	1
paracrine communication	ATG7	2.383204744660361e-12	1.2165547296994876e-11	0.0294117647058823	0.5011717509037003	1	1
paracrine communication	carcinoma hepatocellular/genetics	2.4823511922678065e-06	5.99831793492359e-06	0.0583845478489903	0.5011717509037003	1	1
paracrine communication	autophagy-related protein 7/genetics	2.383204744660361e-12	1.2165547296994876e-11	0.0294117647058823	0.5011717509037003	1	1
CXCL13	PTPN6	0.0	0.0	0.0147058823529411	0.5011717509037003	1	1
CXCL13	IL10	7.633802131423728e-06	1.7530105695582782e-05	0.0588235294117647	0.5011717509037003	1	1
EEF1A2	CSF1	3.025816011892335e-05	6.442668852416033e-05	0.0441176470588235	0.5011717509037003	1	1
IL4	ARG1	4.499733918805761e-13	2.348841441812155e-12	0.0147058823529411	0.5011717509037003	1	1
IL4	IL13	4.499733918805761e-13	2.348841441812155e-12	0.0147058823529411	0.5011717509037003	1	1
IL4	CD209	4.499733918805761e-13	2.348841441812155e-12	0.0147058823529411	0.5011717509037003	1	1
IL4	IL10	5.182214031973498e-05	0.0001079992089768	0.0588235294117647	0.5011717509037003	1	1
IL4	MRC1	3.4015522509811547e-08	1.0400565265691953e-07	0.0294117647058823	0.5011717509037003	1	1
ARG1	IL13	4.499733918805761e-13	2.348841441812155e-12	0.0147058823529411	0.5011717509037003	1	1
ARG1	CD209	4.499733918805761e-13	2.348841441812155e-12	0.0147058823529411	0.5011717509037003	1	1
ARG1	IL10	5.182214031973498e-05	0.0001079992089768	0.0588235294117647	0.5011717509037003	1	1
ARG1	MRC1	3.4015522509811547e-08	1.0400565265691953e-07	0.0294117647058823	0.5011717509037003	1	1
STAT3	janus kinases/metabolism	0.004548958005705	0.0068521189631963	0.088235294117647	0.5011717509037003	1	1
STAT3	obesity/chemically induced	0.0006849176883341	0.0012049104252063	0.088235294117647	0.5011717509037003	1	1
STAT3	tumor microenvironment/genetics	0.0001348106896625	0.0002669028212187	0.088235294117647	0.5011717509037003	1	1
STAT3	biomarkers/blood	0.0006849176883341	0.0012049104252063	0.088235294117647	0.5011717509037003	1	1
STAT3	proto-oncogene proteins c-akt/metabolism	0.004548958005705	0.0068521189631963	0.088235294117647	0.5011717509037003	1	1
STAT3	lipid metabolism/physiology	0.0002512519996596	0.0004635065847003	0.088235294117647	0.5011717509037003	1	1
STAT3	adiponectin/blood	0.0006849176883341	0.0012049104252063	0.088235294117647	0.5011717509037003	1	1
STAT3	pancreatic neoplasms/immunology	2.70259109118598e-05	5.8149115432392427e-05	0.088235294117647	0.5011717509037003	1	1
STAT3	cachexia/immunology	2.70259109118598e-05	5.8149115432392427e-05	0.088235294117647	0.5011717509037003	1	1
STAT3	perilipin-5/genetics	0.0002512519996596	0.0004635065847003	0.088235294117647	0.5011717509037003	1	1
STAT3	interleukin-6/genetics	0.0002512519996596	0.0004635065847003	0.088235294117647	0.5011717509037003	1	1
STAT3	leptin/metabolism	0.004548958005705	0.0068521189631963	0.088235294117647	0.5011717509037003	1	1
STAT3	procollagen-lysine 2-oxoglutarate 5-dioxygenase/deficiency	0.004548958005705	0.0068521189631963	0.088235294117647	0.5011717509037003	1	1
STAT3	chemokine ccl2/metabolism	0.0001348106896625	0.0002669028212187	0.088235294117647	0.5011717509037003	1	1
STAT3	lipids	0.0002512519996596	0.0004635065847003	0.088235294117647	0.5011717509037003	1	1
STAT3	stat3 transcription factor/immunology	2.70259109118598e-05	5.8149115432392427e-05	0.088235294117647	0.5011717509037003	1	1
STAT3	breast neoplasms/pathology	0.004548958005705	0.0068521189631963	0.088235294117647	0.5011717509037003	1	1
STAT3	hepatocyte growth factor/blood	0.0006849176883341	0.0012049104252063	0.088235294117647	0.5011717509037003	1	1
STAT3	3t3-l1 cells	0.004548958005705	0.0068521189631963	0.088235294117647	0.5011717509037003	1	1
STAT3	cell movement	0.004548958005705	0.0068521189631963	0.088235294117647	0.5011717509037003	1	1
STAT3	muscle fibers skeletal/drug effects	2.70259109118598e-05	5.8149115432392427e-05	0.088235294117647	0.5011717509037003	1	1
STAT3	periostin	0.0001348106896625	0.0002669028212187	0.088235294117647	0.5011717509037003	1	1
STAT3	endothelial progenitor cells/metabolism	0.0001348106896625	0.0002669028212187	0.088235294117647	0.5011717509037003	1	1
STAT3	EGF	0.0006849176883341	0.0012049104252063	0.088235294117647	0.5011717509037003	1	1
STAT3	PLOD2	0.004548958005705	0.0068521189631963	0.088235294117647	0.5011717509037003	1	1
STAT3	PLIN1	0.0002512519996596	0.0004635065847003	0.088235294117647	0.5011717509037003	1	1
STAT3	LEP	2.4706996779588764e-05	5.349699272486788e-05	0.0065847234416154	0.1868283063250888	2	1
STAT3	IL6R	0.0002512519996596	0.0004635065847003	0.088235294117647	0.5011717509037003	1	1
STAT3	JUN	0.0006849176883341	0.0012049104252063	0.088235294117647	0.5011717509037003	1	1
STAT3	POSTN	0.0001348106896625	0.0002669028212187	0.088235294117647	0.5011717509037003	1	1
STAT3	PLIN5	0.0002512519996596	0.0004635065847003	0.088235294117647	0.5011717509037003	1	1
STAT3	ADIPOQ	0.0006849176883341	0.0012049104252063	0.088235294117647	0.5011717509037003	1	1
IL13	CD209	4.499733918805761e-13	2.348841441812155e-12	0.0147058823529411	0.5011717509037003	1	1
IL13	IL10	5.182214031973498e-05	0.0001079992089768	0.0588235294117647	0.5011717509037003	1	1
IL13	MRC1	3.4015522509811547e-08	1.0400565265691953e-07	0.0294117647058823	0.5011717509037003	1	1
PTPN6	IL10	7.633802131423728e-06	1.7530105695582782e-05	0.0588235294117647	0.5011717509037003	1	1
CD209	IL10	5.182214031973498e-05	0.0001079992089768	0.0588235294117647	0.5011717509037003	1	1
CD209	MRC1	3.4015522509811547e-08	1.0400565265691953e-07	0.0294117647058823	0.5011717509037003	1	1
IL10	autophagy	0.001503183383211	0.002480044960284	0.1150131694468832	0.5011717509037003	1	1
IL10	interleukin-12/metabolism	5.293654403715209e-12	2.5897352294489354e-11	0.0588235294117647	0.5011717509037003	1	1
IL10	neoplasms/metabolism	2.9588329008456427e-05	6.316936371867953e-05	0.0588235294117647	0.5011717509037003	1	1
IL10	hypoxia	2.9588329008456427e-05	6.316936371867953e-05	0.0588235294117647	0.5011717509037003	1	1
IL10	cell communication	2.9588329008456427e-05	6.316936371867953e-05	0.0588235294117647	0.5011717509037003	1	1
IL10	CSF3	5.293654403715209e-12	2.5897352294489354e-11	0.0588235294117647	0.5011717509037003	1	1
IL10	CSF2	2.9588329008456427e-05	6.316936371867953e-05	0.0588235294117647	0.5011717509037003	1	1
IL10	CXCL8	0.0018509398572931	0.0030074101013873	0.1150131694468832	0.5011717509037003	1	1
IL10	fibroblasts/metabolism	2.9588329008456427e-05	6.316936371867953e-05	0.0588235294117647	0.5011717509037003	1	1
IL10	CAV1	2.9588329008456427e-05	6.316936371867953e-05	0.0588235294117647	0.5011717509037003	1	1
IL10	CD4	5.293654403715209e-12	2.5897352294489354e-11	0.0588235294117647	0.5011717509037003	1	1
IL10	caveolin 1/deficiency	2.9588329008456427e-05	6.316936371867953e-05	0.0588235294117647	0.5011717509037003	1	1
IL10	PTPRC	5.293654403715209e-12	2.5897352294489354e-11	0.0588235294117647	0.5011717509037003	1	1
IL10	MRC1	0.0022478697985426	0.0036009125717825	0.1150131694468832	0.5011717509037003	1	1
IL10	CCL5	2.9588329008456427e-05	6.316936371867953e-05	0.0588235294117647	0.5011717509037003	1	1
IL10	cytokines/biosynthesis	2.9588329008456427e-05	6.316936371867953e-05	0.0588235294117647	0.5011717509037003	1	1
LCN2	SLC22A17	0.0	0.0	0.0147058823529411	0.5011717509037003	1	1
CSF1	glioma/pathology	1.7960820175577657e-07	4.896355960379043e-07	0.0441176470588235	0.5011717509037003	1	1
CSF1	mesenchymal stem cells/metabolism	1.7960820175577657e-07	4.896355960379043e-07	0.0441176470588235	0.5011717509037003	1	1
CSF1	lymphangiogenesis	0.0002653186844515	0.0004875741055036	0.0441176470588235	0.5011717509037003	1	1
CSF1	neovascularization pathologic	0.0002653186844515	0.0004875741055036	0.0441176470588235	0.5011717509037003	1	1
CSF1	chemokines/metabolism	0.0002653186844515	0.0004875741055036	0.0441176470588235	0.5011717509037003	1	1
CSF1	leptin/physiology	0.0002653186844515	0.0004875741055036	0.0441176470588235	0.5011717509037003	1	1
CSF1	receptor melanocortin type 4/physiology	0.0002653186844515	0.0004875741055036	0.0441176470588235	0.5011717509037003	1	1
CSF1	CCL19	0.0002653186844515	0.0004875741055036	0.0441176470588235	0.5011717509037003	1	1
CSF1	apoptosis	0.0002653186844515	0.0004875741055036	0.0441176470588235	0.5011717509037003	1	1
CSF1	obesity/etiology	0.0002653186844515	0.0004875741055036	0.0441176470588235	0.5011717509037003	1	1
CSF1	CCR7	0.0002653186844515	0.0004875741055036	0.0441176470588235	0.5011717509037003	1	1
CSF1	rna messenger/genetics	0.0002653186844515	0.0004875741055036	0.0441176470588235	0.5011717509037003	1	1
CSF1	FTO	0.000493914442929	0.0008838663701553	0.0869183494293239	0.5011717509037003	1	1
CSF1	YTHDF2	1.7960820175577657e-07	4.896355960379043e-07	0.0441176470588235	0.5011717509037003	1	1
CSF1	macrophage colony-stimulating factor/metabolism	1.7960820175577657e-07	4.896355960379043e-07	0.0441176470588235	0.5011717509037003	1	1
CSF1	CCL21	0.0002653186844515	0.0004875741055036	0.0441176470588235	0.5011717509037003	1	1
CSF1	adenosine/analogs &amp; derivatives	1.7960820175577657e-07	4.896355960379043e-07	0.0441176470588235	0.5011717509037003	1	1
CSF1	FLT4	0.0002653186844515	0.0004875741055036	0.0441176470588235	0.5011717509037003	1	1
CSF1	lymphatic metastasis	0.0002653186844515	0.0004875741055036	0.0441176470588235	0.5011717509037003	1	1
CSF1	KDR	0.0002653186844515	0.0004875741055036	0.0441176470588235	0.5011717509037003	1	1
CSF1	tumor cells cultured	0.0002653186844515	0.0004875741055036	0.0441176470588235	0.5011717509037003	1	1
CSF1	brain neoplasms/pathology	1.7960820175577657e-07	4.896355960379043e-07	0.0441176470588235	0.5011717509037003	1	1
CSF1	alpha-ketoglutarate-dependent dioxygenase fto/metabolism	0.000493914442929	0.0008838663701553	0.0869183494293239	0.5011717509037003	1	1
MRC1	lipoproteins ldl	4.417222143615618e-11	1.885540863805428e-10	0.0294117647058823	0.5011717509037003	1	1
MRC1	nitric oxide synthase type ii/metabolism	4.417222143615618e-11	1.885540863805428e-10	0.0294117647058823	0.5011717509037003	1	1
MRC1	scavenger receptors class e/genetics	4.417222143615618e-11	1.885540863805428e-10	0.0294117647058823	0.5011717509037003	1	1
MRC1	hyperlipidemias	4.417222143615618e-11	1.885540863805428e-10	0.0294117647058823	0.5011717509037003	1	1
MRC1	PROM1	4.417222143615618e-11	1.885540863805428e-10	0.0294117647058823	0.5011717509037003	1	1
MRC1	colorectal neoplasms/metabolism	4.417222143615618e-11	1.885540863805428e-10	0.0294117647058823	0.5011717509037003	1	1
MRC1	mannose receptor	4.417222143615618e-11	1.885540863805428e-10	0.0294117647058823	0.5011717509037003	1	1
mitogen-activated protein kinases/metabolism	cytokines/metabolism	0.0058604211555792	0.0086263377330122	0.1470588235294117	0.5011717509037003	1	1
mitogen-activated protein kinases/metabolism	amidines/administration &amp; dosage	0.0	0.0	0.0147058823529411	0.5011717509037003	1	1
mitogen-activated protein kinases/metabolism	inflammation mediators/metabolism	3.283253511288109e-07	8.721674542402474e-07	0.0441176470588235	0.5011717509037003	1	1
mitogen-activated protein kinases/metabolism	cadherins/metabolism	0.0	0.0	0.0147058823529411	0.5011717509037003	1	1
mitogen-activated protein kinases/metabolism	lung neoplasms/metabolism	1.106795433081231e-09	4.315779580464192e-09	0.0294117647058823	0.5011717509037003	1	1
mitogen-activated protein kinases/metabolism	immunocompetence	0.0	0.0	0.0147058823529411	0.5011717509037003	1	1
mitogen-activated protein kinases/metabolism	PIK3CA	3.0836099340625374e-08	9.53829624403375e-08	0.0294117647058823	0.5011717509037003	1	1
mitogen-activated protein kinases/metabolism	PIK3CD	3.0836099340625374e-08	9.53829624403375e-08	0.0294117647058823	0.5011717509037003	1	1
mitogen-activated protein kinases/metabolism	PIK3CG	3.0836099340625374e-08	9.53829624403375e-08	0.0294117647058823	0.5011717509037003	1	1
mitogen-activated protein kinases/metabolism	AKT1	3.0836099340625374e-08	9.53829624403375e-08	0.0294117647058823	0.5011717509037003	1	1
mitogen-activated protein kinases/metabolism	PIK3CB	3.0836099340625374e-08	9.53829624403375e-08	0.0294117647058823	0.5011717509037003	1	1
amidines/administration &amp; dosage	cytokines/metabolism	0.0058604211555792	0.0086263377330122	0.1470588235294117	0.5011717509037003	1	1
amidines/administration &amp; dosage	inflammation mediators/metabolism	3.283253511288109e-07	8.721674542402474e-07	0.0441176470588235	0.5011717509037003	1	1
amidines/administration &amp; dosage	cadherins/metabolism	0.0	0.0	0.0147058823529411	0.5011717509037003	1	1
amidines/administration &amp; dosage	lung neoplasms/metabolism	1.106795433081231e-09	4.315779580464192e-09	0.0294117647058823	0.5011717509037003	1	1
amidines/administration &amp; dosage	immunocompetence	0.0	0.0	0.0147058823529411	0.5011717509037003	1	1
amidines/administration &amp; dosage	PIK3CA	3.0836099340625374e-08	9.53829624403375e-08	0.0294117647058823	0.5011717509037003	1	1
amidines/administration &amp; dosage	PIK3CD	3.0836099340625374e-08	9.53829624403375e-08	0.0294117647058823	0.5011717509037003	1	1
amidines/administration &amp; dosage	PIK3CG	3.0836099340625374e-08	9.53829624403375e-08	0.0294117647058823	0.5011717509037003	1	1
amidines/administration &amp; dosage	AKT1	3.0836099340625374e-08	9.53829624403375e-08	0.0294117647058823	0.5011717509037003	1	1
amidines/administration &amp; dosage	PIK3CB	3.0836099340625374e-08	9.53829624403375e-08	0.0294117647058823	0.5011717509037003	1	1
apoptosis/drug effects	phenotype	0.0035478824308358	0.0054647911845691	0.0869183494293239	0.5011717509037003	1	1
apoptosis/drug effects	receptors cell surface/metabolism	5.286329903642084e-05	0.0001098177577373	0.0441176470588235	0.5011717509037003	1	1
apoptosis/drug effects	antigens differentiation myelomonocytic/metabolism	5.286329903642084e-05	0.0001098177577373	0.0441176470588235	0.5011717509037003	1	1
apoptosis/drug effects	cell communication/drug effects	5.286329903642084e-05	0.0001098177577373	0.0441176470588235	0.5011717509037003	1	1
apoptosis/drug effects	tumor necrosis factor alpha-induced protein 3/metabolism	5.286329903642084e-05	0.0001098177577373	0.0441176470588235	0.5011717509037003	1	1
apoptosis/drug effects	endometrial neoplasms/genetics	5.286329903642084e-05	0.0001098177577373	0.0441176470588235	0.5011717509037003	1	1
apoptosis/drug effects	antigens cd/metabolism	5.286329903642084e-05	0.0001098177577373	0.0441176470588235	0.5011717509037003	1	1
apoptosis/drug effects	estradiol/pharmacology	5.286329903642084e-05	0.0001098177577373	0.0441176470588235	0.5011717509037003	1	1
apoptosis/drug effects	estrogen receptor alpha/genetics	5.286329903642084e-05	0.0001098177577373	0.0441176470588235	0.5011717509037003	1	1
apoptosis/drug effects	hek293 cells	5.286329903642084e-05	0.0001098177577373	0.0441176470588235	0.5011717509037003	1	1
apoptosis/drug effects	CD163	0.0009810795140778	0.001674939704001	0.0869183494293239	0.5011717509037003	1	1
apoptosis/drug effects	ESR1	5.286329903642084e-05	0.0001098177577373	0.0441176470588235	0.5011717509037003	1	1
apoptosis/drug effects	TNFAIP3	5.286329903642084e-05	0.0001098177577373	0.0441176470588235	0.5011717509037003	1	1
cytokines/metabolism	neovascularization pathologic/genetics	0.0027501892023392	0.0043310494425764	0.1470588235294117	0.5011717509037003	1	1
cytokines/metabolism	lipid metabolism	0.0009674234016631	0.0016543840419278	0.1470588235294117	0.5011717509037003	1	1
cytokines/metabolism	prostatic neoplasms/immunology	0.0009674234016631	0.0016543840419278	0.1470588235294117	0.5011717509037003	1	1
cytokines/metabolism	lipoproteins ldl	0.0027501892023392	0.0043310494425764	0.1470588235294117	0.5011717509037003	1	1
cytokines/metabolism	phenotype	0.0021439631343553	0.0034529851199831	0.0197541703248463	0.1868283063250888	2	1
cytokines/metabolism	heterografts	0.0009674234016631	0.0016543840419278	0.1470588235294117	0.5011717509037003	1	1
cytokines/metabolism	nitric oxide synthase type ii/metabolism	0.0027501892023392	0.0043310494425764	0.1470588235294117	0.5011717509037003	1	1
cytokines/metabolism	inflammation mediators/metabolism	0.0029208597058965	0.0045917529090064	0.0544736211988187	0.1868283063250888	2	1
cytokines/metabolism	inflammation/genetics	0.0027501892023392	0.0043310494425764	0.1470588235294117	0.5011717509037003	1	1
cytokines/metabolism	nf-kappa b/metabolism	0.0001822976772285	0.0003472959736036	0.0197541703248463	0.1868283063250888	2	1
cytokines/metabolism	cadherins/metabolism	0.0058604211555792	0.0086263377330122	0.1470588235294117	0.5011717509037003	1	1
cytokines/metabolism	lipids/chemistry	0.0009674234016631	0.0016543840419278	0.1470588235294117	0.5011717509037003	1	1
cytokines/metabolism	caco-2 cells	0.0009674234016631	0.0016543840419278	0.1470588235294117	0.5011717509037003	1	1
cytokines/metabolism	colonic neoplasms/microbiology	0.0009674234016631	0.0016543840419278	0.1470588235294117	0.5011717509037003	1	1
cytokines/metabolism	metabolic networks and pathways	0.0009674234016631	0.0016543840419278	0.1470588235294117	0.5011717509037003	1	1
cytokines/metabolism	mannose receptor	0.0027501892023392	0.0043310494425764	0.1470588235294117	0.5011717509037003	1	1
cytokines/metabolism	hormones/blood	0.0027501892023392	0.0043310494425764	0.1470588235294117	0.5011717509037003	1	1
cytokines/metabolism	sexual maturation	0.0027501892023392	0.0043310494425764	0.1470588235294117	0.5011717509037003	1	1
cytokines/metabolism	colorectal neoplasms/metabolism	0.0027501892023392	0.0043310494425764	0.1470588235294117	0.5011717509037003	1	1
cytokines/metabolism	diet high-fat	3.3522269418106987e-06	8.064924636440845e-06	0.0023944448878601	0.054769758680606	3	1
cytokines/metabolism	hyperlipidemias	0.0027501892023392	0.0043310494425764	0.1470588235294117	0.5011717509037003	1	1
cytokines/metabolism	breast neoplasms/etiology	0.0027501892023392	0.0043310494425764	0.1470588235294117	0.5011717509037003	1	1
cytokines/metabolism	ht29 cells	0.0009674234016631	0.0016543840419278	0.1470588235294117	0.5011717509037003	1	1
cytokines/metabolism	metabolic reprogramming	0.0058604211555792	0.0086263377330122	0.1470588235294117	0.5011717509037003	1	1
cytokines/metabolism	immunocompetence	0.0058604211555792	0.0086263377330122	0.1470588235294117	0.5011717509037003	1	1
cytokines/metabolism	cell plasticity/genetics	0.0009674234016631	0.0016543840419278	0.1470588235294117	0.5011717509037003	1	1
cytokines/metabolism	scavenger receptors class e/genetics	0.0027501892023392	0.0043310494425764	0.1470588235294117	0.5011717509037003	1	1
cytokines/metabolism	cancer-associated fibroblasts/pathology	0.0058604211555792	0.0086263377330122	0.1470588235294117	0.5011717509037003	1	1
cytokines/metabolism	FAP	0.0058604211555792	0.0086263377330122	0.1470588235294117	0.5011717509037003	1	1
cytokines/metabolism	NFKB1	0.0036124873545426	0.0055440464389737	0.037136151820085	0.054769758680606	3	1
cytokines/metabolism	APC	0.0009674234016631	0.0016543840419278	0.1470588235294117	0.5011717509037003	1	1
cytokines/metabolism	TNFSF11	0.0027501892023392	0.0043310494425764	0.1470588235294117	0.5011717509037003	1	1
cytokines/metabolism	FAM126A	0.0058604211555792	0.0086263377330122	0.1470588235294117	0.5011717509037003	1	1
cytokines/metabolism	PROM1	0.0027501892023392	0.0043310494425764	0.1470588235294117	0.5011717509037003	1	1
cytokines/metabolism	IL22	0.0009674234016631	0.0016543840419278	0.1470588235294117	0.5011717509037003	1	1
cytokines/metabolism	VIM	0.0058604211555792	0.0086263377330122	0.1470588235294117	0.5011717509037003	1	1
inflammation mediators/metabolism	capillary permeability	8.266276035895359e-07	2.0549566545009377e-06	0.0441176470588235	0.5011717509037003	1	1
inflammation mediators/metabolism	neovascularization pathologic/genetics	3.292517880559842e-08	1.0145088413573685e-07	0.0441176470588235	0.5011717509037003	1	1
inflammation mediators/metabolism	vascular endothelial growth factor a/genetics	8.266276035895359e-07	2.0549566545009377e-06	0.0441176470588235	0.5011717509037003	1	1
inflammation mediators/metabolism	inflammation/genetics	3.292517880559842e-08	1.0145088413573685e-07	0.0441176470588235	0.5011717509037003	1	1
inflammation mediators/metabolism	calgranulin a/genetics	8.266276035895359e-07	2.0549566545009377e-06	0.0441176470588235	0.5011717509037003	1	1
inflammation mediators/metabolism	cadherins/metabolism	3.283253511288109e-07	8.721674542402474e-07	0.0441176470588235	0.5011717509037003	1	1
inflammation mediators/metabolism	cell proliferation	0.0011395052799355	0.0019297812715732	0.034639636044377	0.1868283063250888	2	1
inflammation mediators/metabolism	lung neoplasms/metabolism	2.5630608746496364e-12	1.307434682463626e-11	0.001316944688323	0.1868283063250888	2	1
inflammation mediators/metabolism	hormones/blood	3.292517880559842e-08	1.0145088413573685e-07	0.0441176470588235	0.5011717509037003	1	1
inflammation mediators/metabolism	calgranulin b/genetics	8.266276035895359e-07	2.0549566545009377e-06	0.0441176470588235	0.5011717509037003	1	1
inflammation mediators/metabolism	sexual maturation	3.292517880559842e-08	1.0145088413573685e-07	0.0441176470588235	0.5011717509037003	1	1
inflammation mediators/metabolism	diet high-fat	0.0031677025802174	0.0049236444138839	0.1284220608189001	0.5011717509037003	1	1
inflammation mediators/metabolism	angiopoietin-2/genetics	8.266276035895359e-07	2.0549566545009377e-06	0.0441176470588235	0.5011717509037003	1	1
inflammation mediators/metabolism	breast neoplasms/etiology	3.292517880559842e-08	1.0145088413573685e-07	0.0441176470588235	0.5011717509037003	1	1
inflammation mediators/metabolism	transforming growth factor beta/metabolism	0.0001107242407035	0.0002233494604904	0.0869183494293239	0.5011717509037003	1	1
inflammation mediators/metabolism	immunocompetence	3.283253511288109e-07	8.721674542402474e-07	0.0441176470588235	0.5011717509037003	1	1
inflammation mediators/metabolism	HGF	0.0002780972675769	0.0005107952631277	0.0869183494293239	0.5011717509037003	1	1
inflammation mediators/metabolism	PIK3CA	0.0015277671261691	0.0025177068276051	0.0869183494293239	0.5011717509037003	1	1
inflammation mediators/metabolism	ANGPT2	8.266276035895359e-07	2.0549566545009377e-06	0.0441176470588235	0.5011717509037003	1	1
inflammation mediators/metabolism	S100A8	0.001075530149167	0.0018300865572365	0.0869183494293239	0.5011717509037003	1	1
inflammation mediators/metabolism	S100A9	8.266276035895359e-07	2.0549566545009377e-06	0.0441176470588235	0.5011717509037003	1	1
inflammation mediators/metabolism	PIK3CD	0.0015277671261691	0.0025177068276051	0.0869183494293239	0.5011717509037003	1	1
inflammation mediators/metabolism	TNFSF11	3.292517880559842e-08	1.0145088413573685e-07	0.0441176470588235	0.5011717509037003	1	1
inflammation mediators/metabolism	PIK3CG	0.0015277671261691	0.0025177068276051	0.0869183494293239	0.5011717509037003	1	1
inflammation mediators/metabolism	AKT1	0.0015277671261691	0.0025177068276051	0.0869183494293239	0.5011717509037003	1	1
inflammation mediators/metabolism	PIK3CB	0.0015277671261691	0.0025177068276051	0.0869183494293239	0.5011717509037003	1	1
carbolines/pharmacology	piperazines/pharmacology	1.8945319161467467e-05	4.176594968632339e-05	0.0583845478489903	0.5011717509037003	1	1
carbolines/pharmacology	oxidative stress	1.8945319161467467e-05	4.176594968632339e-05	0.0583845478489903	0.5011717509037003	1	1
cadherins/metabolism	lung neoplasms/metabolism	1.106795433081231e-09	4.315779580464192e-09	0.0294117647058823	0.5011717509037003	1	1
cadherins/metabolism	immunocompetence	0.0	0.0	0.0147058823529411	0.5011717509037003	1	1
cadherins/metabolism	PIK3CA	3.0836099340625374e-08	9.53829624403375e-08	0.0294117647058823	0.5011717509037003	1	1
cadherins/metabolism	PIK3CD	3.0836099340625374e-08	9.53829624403375e-08	0.0294117647058823	0.5011717509037003	1	1
cadherins/metabolism	PIK3CG	3.0836099340625374e-08	9.53829624403375e-08	0.0294117647058823	0.5011717509037003	1	1
cadherins/metabolism	AKT1	3.0836099340625374e-08	9.53829624403375e-08	0.0294117647058823	0.5011717509037003	1	1
cadherins/metabolism	PIK3CB	3.0836099340625374e-08	9.53829624403375e-08	0.0294117647058823	0.5011717509037003	1	1
lung neoplasms/metabolism	capillary permeability	4.028607336614698e-09	1.5148493589463558e-08	0.0294117647058823	0.5011717509037003	1	1
lung neoplasms/metabolism	calgranulin a/genetics	4.028607336614698e-09	1.5148493589463558e-08	0.0294117647058823	0.5011717509037003	1	1
lung neoplasms/metabolism	vascular endothelial growth factor a/genetics	4.028607336614698e-09	1.5148493589463558e-08	0.0294117647058823	0.5011717509037003	1	1
lung neoplasms/metabolism	calgranulin b/genetics	4.028607336614698e-09	1.5148493589463558e-08	0.0294117647058823	0.5011717509037003	1	1
lung neoplasms/metabolism	angiopoietin-2/genetics	4.028607336614698e-09	1.5148493589463558e-08	0.0294117647058823	0.5011717509037003	1	1
lung neoplasms/metabolism	transforming growth factor beta/metabolism	3.7407967833358313e-06	8.918925664061178e-06	0.0583845478489903	0.5011717509037003	1	1
lung neoplasms/metabolism	immunocompetence	1.106795433081231e-09	4.315779580464192e-09	0.0294117647058823	0.5011717509037003	1	1
lung neoplasms/metabolism	PIK3CA	0.000142533143688	0.0002801028354297	0.0583845478489903	0.5011717509037003	1	1
lung neoplasms/metabolism	ANGPT2	4.028607336614698e-09	1.5148493589463558e-08	0.0294117647058823	0.5011717509037003	1	1
lung neoplasms/metabolism	S100A8	8.771916239702637e-05	0.0001792141496292	0.0583845478489903	0.5011717509037003	1	1
lung neoplasms/metabolism	S100A9	4.028607336614698e-09	1.5148493589463558e-08	0.0294117647058823	0.5011717509037003	1	1
lung neoplasms/metabolism	PIK3CD	0.000142533143688	0.0002801028354297	0.0583845478489903	0.5011717509037003	1	1
lung neoplasms/metabolism	PIK3CG	0.000142533143688	0.0002801028354297	0.0583845478489903	0.5011717509037003	1	1
lung neoplasms/metabolism	AKT1	0.000142533143688	0.0002801028354297	0.0583845478489903	0.5011717509037003	1	1
lung neoplasms/metabolism	PIK3CB	0.000142533143688	0.0002801028354297	0.0583845478489903	0.5011717509037003	1	1
phenotype	hek293 cells	2.1132181447058865e-05	4.610482326668824e-05	0.0294117647058823	0.5011717509037003	1	1
phenotype	CD163	0.0005197785340343	0.0009292224378709	0.0583845478489903	0.5011717509037003	1	1
phenotype	IRF6	4.126900117529253e-06	9.716653463315426e-06	0.0294117647058823	0.5011717509037003	1	1
phenotype	S100A8	0.0007858745973121	0.0013687395477366	0.0583845478489903	0.5011717509037003	1	1
phenotype	TNF	0.0004006576942527	0.0007236677658038	0.0065847234416154	0.1868283063250888	2	1
phenotype	ESR1	2.1132181447058865e-05	4.610482326668824e-05	0.0294117647058823	0.5011717509037003	1	1
phenotype	TNFAIP3	2.1132181447058865e-05	4.610482326668824e-05	0.0294117647058823	0.5011717509037003	1	1
phenotype	IL17A	0.0060053206106562	0.0087908768007707	0.0869183494293239	0.5011717509037003	1	1
phenotype	receptors cell surface/metabolism	2.1132181447058865e-05	4.610482326668824e-05	0.0294117647058823	0.5011717509037003	1	1
phenotype	antigens differentiation myelomonocytic/metabolism	2.1132181447058865e-05	4.610482326668824e-05	0.0294117647058823	0.5011717509037003	1	1
phenotype	glycyrrhizic acid/pharmacology	4.126900117529253e-06	9.716653463315426e-06	0.0294117647058823	0.5011717509037003	1	1
phenotype	cell communication/drug effects	2.1132181447058865e-05	4.610482326668824e-05	0.0294117647058823	0.5011717509037003	1	1
phenotype	nf-kappa b/metabolism	0.0002512519996596	0.0004635065847003	0.0583845478489903	0.5011717509037003	1	1
phenotype	tumor necrosis factor alpha-induced protein 3/metabolism	2.1132181447058865e-05	4.610482326668824e-05	0.0294117647058823	0.5011717509037003	1	1
phenotype	endometrial neoplasms/genetics	2.1132181447058865e-05	4.610482326668824e-05	0.0294117647058823	0.5011717509037003	1	1
phenotype	calgranulin a/metabolism	4.126900117529253e-06	9.716653463315426e-06	0.0294117647058823	0.5011717509037003	1	1
phenotype	antigens cd/metabolism	2.1132181447058865e-05	4.610482326668824e-05	0.0294117647058823	0.5011717509037003	1	1
phenotype	estradiol/pharmacology	2.1132181447058865e-05	4.610482326668824e-05	0.0294117647058823	0.5011717509037003	1	1
phenotype	colon/metabolism	4.126900117529253e-06	9.716653463315426e-06	0.0294117647058823	0.5011717509037003	1	1
phenotype	diet high-fat	0.0024359773054146	0.0038788378911146	0.0869183494293239	0.5011717509037003	1	1
phenotype	anti-inflammatory agents/pharmacology	4.126900117529253e-06	9.716653463315426e-06	0.0294117647058823	0.5011717509037003	1	1
phenotype	estrogen receptor alpha/genetics	2.1132181447058865e-05	4.610482326668824e-05	0.0294117647058823	0.5011717509037003	1	1
receptors cell surface/metabolism	antigens differentiation myelomonocytic/metabolism	5.153994231399395e-09	1.853420805641719e-08	0.0147058823529411	0.5011717509037003	1	1
receptors cell surface/metabolism	cell communication/drug effects	5.153994231399395e-09	1.853420805641719e-08	0.0147058823529411	0.5011717509037003	1	1
receptors cell surface/metabolism	tumor necrosis factor alpha-induced protein 3/metabolism	5.153994231399395e-09	1.853420805641719e-08	0.0147058823529411	0.5011717509037003	1	1
receptors cell surface/metabolism	endometrial neoplasms/genetics	5.153994231399395e-09	1.853420805641719e-08	0.0147058823529411	0.5011717509037003	1	1
receptors cell surface/metabolism	antigens cd/metabolism	5.153994231399395e-09	1.853420805641719e-08	0.0147058823529411	0.5011717509037003	1	1
receptors cell surface/metabolism	estradiol/pharmacology	5.153994231399395e-09	1.853420805641719e-08	0.0147058823529411	0.5011717509037003	1	1
receptors cell surface/metabolism	estrogen receptor alpha/genetics	5.153994231399395e-09	1.853420805641719e-08	0.0147058823529411	0.5011717509037003	1	1
receptors cell surface/metabolism	hek293 cells	5.153994231399395e-09	1.853420805641719e-08	0.0147058823529411	0.5011717509037003	1	1
receptors cell surface/metabolism	CD163	1.692272129982797e-06	4.112754952725231e-06	0.0294117647058823	0.5011717509037003	1	1
receptors cell surface/metabolism	ESR1	5.153994231399395e-09	1.853420805641719e-08	0.0147058823529411	0.5011717509037003	1	1
receptors cell surface/metabolism	TNFAIP3	5.153994231399395e-09	1.853420805641719e-08	0.0147058823529411	0.5011717509037003	1	1
receptors cell surface/metabolism	IL17A	0.0001348106896625	0.0002669028212187	0.0441176470588235	0.5011717509037003	1	1
antigens differentiation myelomonocytic/metabolism	tumor necrosis factor alpha-induced protein 3/metabolism	5.153994231399395e-09	1.853420805641719e-08	0.0147058823529411	0.5011717509037003	1	1
antigens differentiation myelomonocytic/metabolism	endometrial neoplasms/genetics	5.153994231399395e-09	1.853420805641719e-08	0.0147058823529411	0.5011717509037003	1	1
antigens differentiation myelomonocytic/metabolism	antigens cd/metabolism	5.153994231399395e-09	1.853420805641719e-08	0.0147058823529411	0.5011717509037003	1	1
antigens differentiation myelomonocytic/metabolism	estradiol/pharmacology	5.153994231399395e-09	1.853420805641719e-08	0.0147058823529411	0.5011717509037003	1	1
antigens differentiation myelomonocytic/metabolism	estrogen receptor alpha/genetics	5.153994231399395e-09	1.853420805641719e-08	0.0147058823529411	0.5011717509037003	1	1
antigens differentiation myelomonocytic/metabolism	hek293 cells	5.153994231399395e-09	1.853420805641719e-08	0.0147058823529411	0.5011717509037003	1	1
antigens differentiation myelomonocytic/metabolism	CD163	1.692272129982797e-06	4.112754952725231e-06	0.0294117647058823	0.5011717509037003	1	1
antigens differentiation myelomonocytic/metabolism	ESR1	5.153994231399395e-09	1.853420805641719e-08	0.0147058823529411	0.5011717509037003	1	1
antigens differentiation myelomonocytic/metabolism	TNFAIP3	5.153994231399395e-09	1.853420805641719e-08	0.0147058823529411	0.5011717509037003	1	1
antigens differentiation myelomonocytic/metabolism	IL17A	0.0001348106896625	0.0002669028212187	0.0441176470588235	0.5011717509037003	1	1
antigens differentiation myelomonocytic/metabolism	cell communication/drug effects	5.153994231399395e-09	1.853420805641719e-08	0.0147058823529411	0.5011717509037003	1	1
cell communication/drug effects	tumor necrosis factor alpha-induced protein 3/metabolism	5.153994231399395e-09	1.853420805641719e-08	0.0147058823529411	0.5011717509037003	1	1
cell communication/drug effects	endometrial neoplasms/genetics	5.153994231399395e-09	1.853420805641719e-08	0.0147058823529411	0.5011717509037003	1	1
cell communication/drug effects	antigens cd/metabolism	5.153994231399395e-09	1.853420805641719e-08	0.0147058823529411	0.5011717509037003	1	1
cell communication/drug effects	estradiol/pharmacology	5.153994231399395e-09	1.853420805641719e-08	0.0147058823529411	0.5011717509037003	1	1
cell communication/drug effects	estrogen receptor alpha/genetics	5.153994231399395e-09	1.853420805641719e-08	0.0147058823529411	0.5011717509037003	1	1
cell communication/drug effects	hek293 cells	5.153994231399395e-09	1.853420805641719e-08	0.0147058823529411	0.5011717509037003	1	1
cell communication/drug effects	CD163	1.692272129982797e-06	4.112754952725231e-06	0.0294117647058823	0.5011717509037003	1	1
cell communication/drug effects	ESR1	5.153994231399395e-09	1.853420805641719e-08	0.0147058823529411	0.5011717509037003	1	1
cell communication/drug effects	TNFAIP3	5.153994231399395e-09	1.853420805641719e-08	0.0147058823529411	0.5011717509037003	1	1
cell communication/drug effects	IL17A	0.0001348106896625	0.0002669028212187	0.0441176470588235	0.5011717509037003	1	1
tumor necrosis factor alpha-induced protein 3/metabolism	estrogen receptor alpha/genetics	5.153994231399395e-09	1.853420805641719e-08	0.0147058823529411	0.5011717509037003	1	1
tumor necrosis factor alpha-induced protein 3/metabolism	hek293 cells	5.153994231399395e-09	1.853420805641719e-08	0.0147058823529411	0.5011717509037003	1	1
tumor necrosis factor alpha-induced protein 3/metabolism	CD163	1.692272129982797e-06	4.112754952725231e-06	0.0294117647058823	0.5011717509037003	1	1
tumor necrosis factor alpha-induced protein 3/metabolism	ESR1	5.153994231399395e-09	1.853420805641719e-08	0.0147058823529411	0.5011717509037003	1	1
tumor necrosis factor alpha-induced protein 3/metabolism	TNFAIP3	5.153994231399395e-09	1.853420805641719e-08	0.0147058823529411	0.5011717509037003	1	1
tumor necrosis factor alpha-induced protein 3/metabolism	IL17A	0.0001348106896625	0.0002669028212187	0.0441176470588235	0.5011717509037003	1	1
tumor necrosis factor alpha-induced protein 3/metabolism	endometrial neoplasms/genetics	5.153994231399395e-09	1.853420805641719e-08	0.0147058823529411	0.5011717509037003	1	1
tumor necrosis factor alpha-induced protein 3/metabolism	antigens cd/metabolism	5.153994231399395e-09	1.853420805641719e-08	0.0147058823529411	0.5011717509037003	1	1
tumor necrosis factor alpha-induced protein 3/metabolism	estradiol/pharmacology	5.153994231399395e-09	1.853420805641719e-08	0.0147058823529411	0.5011717509037003	1	1
endometrial neoplasms/genetics	antigens cd/metabolism	5.153994231399395e-09	1.853420805641719e-08	0.0147058823529411	0.5011717509037003	1	1
endometrial neoplasms/genetics	estradiol/pharmacology	5.153994231399395e-09	1.853420805641719e-08	0.0147058823529411	0.5011717509037003	1	1
endometrial neoplasms/genetics	estrogen receptor alpha/genetics	5.153994231399395e-09	1.853420805641719e-08	0.0147058823529411	0.5011717509037003	1	1
endometrial neoplasms/genetics	hek293 cells	5.153994231399395e-09	1.853420805641719e-08	0.0147058823529411	0.5011717509037003	1	1
endometrial neoplasms/genetics	CD163	1.692272129982797e-06	4.112754952725231e-06	0.0294117647058823	0.5011717509037003	1	1
endometrial neoplasms/genetics	ESR1	5.153994231399395e-09	1.853420805641719e-08	0.0147058823529411	0.5011717509037003	1	1
endometrial neoplasms/genetics	TNFAIP3	5.153994231399395e-09	1.853420805641719e-08	0.0147058823529411	0.5011717509037003	1	1
endometrial neoplasms/genetics	IL17A	0.0001348106896625	0.0002669028212187	0.0441176470588235	0.5011717509037003	1	1
drugs chinese herbal	diterpenes	3.444821458087333e-07	8.861821748066013e-07	0.0147058823529411	0.5011717509037003	1	1
drugs chinese herbal	hepatitis a virus cellular receptor 2/metabolism	3.444821458087333e-07	8.861821748066013e-07	0.0147058823529411	0.5011717509037003	1	1
drugs chinese herbal	colorectal neoplasms/drug therapy	3.444821458087333e-07	8.861821748066013e-07	0.0147058823529411	0.5011717509037003	1	1
drugs chinese herbal	tumor necrosis factor-alpha/metabolism	0.000728585736217	0.0012745359949884	0.0441176470588235	0.5011717509037003	1	1
drugs chinese herbal	cell differentiation	0.0015588727606166	0.0025467155403098	0.0441176470588235	0.5011717509037003	1	1
drugs chinese herbal	cd8-positive t-lymphocytes	3.444821458087333e-07	8.861821748066013e-07	0.0147058823529411	0.5011717509037003	1	1
drugs chinese herbal	ARHGEF5	3.444821458087333e-07	8.861821748066013e-07	0.0147058823529411	0.5011717509037003	1	1
drugs chinese herbal	TPI1	3.444821458087333e-07	8.861821748066013e-07	0.0147058823529411	0.5011717509037003	1	1
drugs chinese herbal	CCR2	3.52912373078329e-05	7.478778763608469e-05	0.0294117647058823	0.5011717509037003	1	1
drugs chinese herbal	HAVCR2	3.444821458087333e-07	8.861821748066013e-07	0.0147058823529411	0.5011717509037003	1	1
drugs chinese herbal	HNF4A	3.444821458087333e-07	8.861821748066013e-07	0.0147058823529411	0.5011717509037003	1	1
drugs chinese herbal	TCF7	3.444821458087333e-07	8.861821748066013e-07	0.0147058823529411	0.5011717509037003	1	1
drugs chinese herbal	HNF1A	3.444821458087333e-07	8.861821748066013e-07	0.0147058823529411	0.5011717509037003	1	1
drugs chinese herbal	TIMELESS	3.444821458087333e-07	8.861821748066013e-07	0.0147058823529411	0.5011717509037003	1	1
drugs chinese herbal	HAVCR1	3.444821458087333e-07	8.861821748066013e-07	0.0147058823529411	0.5011717509037003	1	1
diterpenes	hepatitis a virus cellular receptor 2/metabolism	3.444821458087333e-07	8.861821748066013e-07	0.0147058823529411	0.5011717509037003	1	1
diterpenes	colorectal neoplasms/drug therapy	3.444821458087333e-07	8.861821748066013e-07	0.0147058823529411	0.5011717509037003	1	1
diterpenes	tumor necrosis factor-alpha/metabolism	0.000728585736217	0.0012745359949884	0.0441176470588235	0.5011717509037003	1	1
diterpenes	cell differentiation	0.0015588727606166	0.0025467155403098	0.0441176470588235	0.5011717509037003	1	1
diterpenes	cd8-positive t-lymphocytes	3.444821458087333e-07	8.861821748066013e-07	0.0147058823529411	0.5011717509037003	1	1
diterpenes	ARHGEF5	3.444821458087333e-07	8.861821748066013e-07	0.0147058823529411	0.5011717509037003	1	1
diterpenes	TPI1	3.444821458087333e-07	8.861821748066013e-07	0.0147058823529411	0.5011717509037003	1	1
diterpenes	CCR2	3.52912373078329e-05	7.478778763608469e-05	0.0294117647058823	0.5011717509037003	1	1
diterpenes	HAVCR2	3.444821458087333e-07	8.861821748066013e-07	0.0147058823529411	0.5011717509037003	1	1
diterpenes	HNF4A	3.444821458087333e-07	8.861821748066013e-07	0.0147058823529411	0.5011717509037003	1	1
diterpenes	TCF7	3.444821458087333e-07	8.861821748066013e-07	0.0147058823529411	0.5011717509037003	1	1
diterpenes	HNF1A	3.444821458087333e-07	8.861821748066013e-07	0.0147058823529411	0.5011717509037003	1	1
diterpenes	TIMELESS	3.444821458087333e-07	8.861821748066013e-07	0.0147058823529411	0.5011717509037003	1	1
diterpenes	HAVCR1	3.444821458087333e-07	8.861821748066013e-07	0.0147058823529411	0.5011717509037003	1	1
antigens cd/metabolism	estrogen receptor alpha/genetics	5.153994231399395e-09	1.853420805641719e-08	0.0147058823529411	0.5011717509037003	1	1
antigens cd/metabolism	hek293 cells	5.153994231399395e-09	1.853420805641719e-08	0.0147058823529411	0.5011717509037003	1	1
antigens cd/metabolism	CD163	1.692272129982797e-06	4.112754952725231e-06	0.0294117647058823	0.5011717509037003	1	1
antigens cd/metabolism	ESR1	5.153994231399395e-09	1.853420805641719e-08	0.0147058823529411	0.5011717509037003	1	1
antigens cd/metabolism	TNFAIP3	5.153994231399395e-09	1.853420805641719e-08	0.0147058823529411	0.5011717509037003	1	1
antigens cd/metabolism	IL17A	0.0001348106896625	0.0002669028212187	0.0441176470588235	0.5011717509037003	1	1
antigens cd/metabolism	estradiol/pharmacology	5.153994231399395e-09	1.853420805641719e-08	0.0147058823529411	0.5011717509037003	1	1
estradiol/pharmacology	estrogen receptor alpha/genetics	5.153994231399395e-09	1.853420805641719e-08	0.0147058823529411	0.5011717509037003	1	1
estradiol/pharmacology	hek293 cells	5.153994231399395e-09	1.853420805641719e-08	0.0147058823529411	0.5011717509037003	1	1
estradiol/pharmacology	CD163	1.692272129982797e-06	4.112754952725231e-06	0.0294117647058823	0.5011717509037003	1	1
estradiol/pharmacology	ESR1	5.153994231399395e-09	1.853420805641719e-08	0.0147058823529411	0.5011717509037003	1	1
estradiol/pharmacology	TNFAIP3	5.153994231399395e-09	1.853420805641719e-08	0.0147058823529411	0.5011717509037003	1	1
estradiol/pharmacology	IL17A	0.0001348106896625	0.0002669028212187	0.0441176470588235	0.5011717509037003	1	1
hepatitis a virus cellular receptor 2/metabolism	colorectal neoplasms/drug therapy	3.444821458087333e-07	8.861821748066013e-07	0.0147058823529411	0.5011717509037003	1	1
hepatitis a virus cellular receptor 2/metabolism	tumor necrosis factor-alpha/metabolism	0.000728585736217	0.0012745359949884	0.0441176470588235	0.5011717509037003	1	1
hepatitis a virus cellular receptor 2/metabolism	cell differentiation	0.0015588727606166	0.0025467155403098	0.0441176470588235	0.5011717509037003	1	1
hepatitis a virus cellular receptor 2/metabolism	cd8-positive t-lymphocytes	3.444821458087333e-07	8.861821748066013e-07	0.0147058823529411	0.5011717509037003	1	1
hepatitis a virus cellular receptor 2/metabolism	ARHGEF5	3.444821458087333e-07	8.861821748066013e-07	0.0147058823529411	0.5011717509037003	1	1
hepatitis a virus cellular receptor 2/metabolism	TPI1	3.444821458087333e-07	8.861821748066013e-07	0.0147058823529411	0.5011717509037003	1	1
hepatitis a virus cellular receptor 2/metabolism	CCR2	3.52912373078329e-05	7.478778763608469e-05	0.0294117647058823	0.5011717509037003	1	1
hepatitis a virus cellular receptor 2/metabolism	HAVCR2	3.444821458087333e-07	8.861821748066013e-07	0.0147058823529411	0.5011717509037003	1	1
hepatitis a virus cellular receptor 2/metabolism	HNF4A	3.444821458087333e-07	8.861821748066013e-07	0.0147058823529411	0.5011717509037003	1	1
hepatitis a virus cellular receptor 2/metabolism	TCF7	3.444821458087333e-07	8.861821748066013e-07	0.0147058823529411	0.5011717509037003	1	1
hepatitis a virus cellular receptor 2/metabolism	HNF1A	3.444821458087333e-07	8.861821748066013e-07	0.0147058823529411	0.5011717509037003	1	1
hepatitis a virus cellular receptor 2/metabolism	TIMELESS	3.444821458087333e-07	8.861821748066013e-07	0.0147058823529411	0.5011717509037003	1	1
hepatitis a virus cellular receptor 2/metabolism	HAVCR1	3.444821458087333e-07	8.861821748066013e-07	0.0147058823529411	0.5011717509037003	1	1
immunocompetence	PIK3CA	3.0836099340625374e-08	9.53829624403375e-08	0.0294117647058823	0.5011717509037003	1	1
immunocompetence	PIK3CD	3.0836099340625374e-08	9.53829624403375e-08	0.0294117647058823	0.5011717509037003	1	1
immunocompetence	PIK3CG	3.0836099340625374e-08	9.53829624403375e-08	0.0294117647058823	0.5011717509037003	1	1
immunocompetence	AKT1	3.0836099340625374e-08	9.53829624403375e-08	0.0294117647058823	0.5011717509037003	1	1
immunocompetence	PIK3CB	3.0836099340625374e-08	9.53829624403375e-08	0.0294117647058823	0.5011717509037003	1	1
colorectal neoplasms/drug therapy	tumor necrosis factor-alpha/metabolism	0.000728585736217	0.0012745359949884	0.0441176470588235	0.5011717509037003	1	1
colorectal neoplasms/drug therapy	cell differentiation	0.0015588727606166	0.0025467155403098	0.0441176470588235	0.5011717509037003	1	1
colorectal neoplasms/drug therapy	cd8-positive t-lymphocytes	3.444821458087333e-07	8.861821748066013e-07	0.0147058823529411	0.5011717509037003	1	1
colorectal neoplasms/drug therapy	ARHGEF5	3.444821458087333e-07	8.861821748066013e-07	0.0147058823529411	0.5011717509037003	1	1
colorectal neoplasms/drug therapy	TPI1	3.444821458087333e-07	8.861821748066013e-07	0.0147058823529411	0.5011717509037003	1	1
colorectal neoplasms/drug therapy	CCR2	3.52912373078329e-05	7.478778763608469e-05	0.0294117647058823	0.5011717509037003	1	1
colorectal neoplasms/drug therapy	HAVCR2	3.444821458087333e-07	8.861821748066013e-07	0.0147058823529411	0.5011717509037003	1	1
colorectal neoplasms/drug therapy	HNF4A	3.444821458087333e-07	8.861821748066013e-07	0.0147058823529411	0.5011717509037003	1	1
colorectal neoplasms/drug therapy	TCF7	3.444821458087333e-07	8.861821748066013e-07	0.0147058823529411	0.5011717509037003	1	1
colorectal neoplasms/drug therapy	HNF1A	3.444821458087333e-07	8.861821748066013e-07	0.0147058823529411	0.5011717509037003	1	1
colorectal neoplasms/drug therapy	TIMELESS	3.444821458087333e-07	8.861821748066013e-07	0.0147058823529411	0.5011717509037003	1	1
colorectal neoplasms/drug therapy	HAVCR1	3.444821458087333e-07	8.861821748066013e-07	0.0147058823529411	0.5011717509037003	1	1
tumor necrosis factor-alpha/metabolism	mesenchymal stem cells	3.328697626314714e-06	8.011006006647936e-06	0.0441176470588235	0.5011717509037003	1	1
tumor necrosis factor-alpha/metabolism	nanog homeobox protein/genetics	3.328697626314714e-06	8.011006006647936e-06	0.0441176470588235	0.5011717509037003	1	1
tumor necrosis factor-alpha/metabolism	protease inhibitors/pharmacology	2.9588329008456427e-05	6.316936371867953e-05	0.0441176470588235	0.5011717509037003	1	1
tumor necrosis factor-alpha/metabolism	carcinoma hepatocellular/drug therapy	2.9588329008456427e-05	6.316936371867953e-05	0.0441176470588235	0.5011717509037003	1	1
tumor necrosis factor-alpha/metabolism	plant extracts/pharmacology	2.9588329008456427e-05	6.316936371867953e-05	0.0441176470588235	0.5011717509037003	1	1
tumor necrosis factor-alpha/metabolism	digestion	2.9588329008456427e-05	6.316936371867953e-05	0.0441176470588235	0.5011717509037003	1	1
tumor necrosis factor-alpha/metabolism	cell differentiation	4.155670858807525e-05	8.793532047556402e-05	0.0039109266501716	0.1868283063250888	2	1
tumor necrosis factor-alpha/metabolism	rna messenger/metabolism	9.93277793348568e-10	3.933050798303419e-09	0.001316944688323	0.1868283063250888	2	1
tumor necrosis factor-alpha/metabolism	gene expression regulation	3.328697626314714e-06	8.011006006647936e-06	0.0441176470588235	0.5011717509037003	1	1
tumor necrosis factor-alpha/metabolism	cd8-positive t-lymphocytes	0.000728585736217	0.0012745359949884	0.0441176470588235	0.5011717509037003	1	1
tumor necrosis factor-alpha/metabolism	gastrointestinal tract	2.9588329008456427e-05	6.316936371867953e-05	0.0441176470588235	0.5011717509037003	1	1
tumor necrosis factor-alpha/metabolism	ARHGEF5	0.000728585736217	0.0012745359949884	0.0441176470588235	0.5011717509037003	1	1
tumor necrosis factor-alpha/metabolism	TPI1	0.000728585736217	0.0012745359949884	0.0441176470588235	0.5011717509037003	1	1
tumor necrosis factor-alpha/metabolism	NANOG	3.328697626314714e-06	8.011006006647936e-06	0.0441176470588235	0.5011717509037003	1	1
tumor necrosis factor-alpha/metabolism	CCR2	0.0065440135555695	0.0095191688964414	0.0869183494293239	0.5011717509037003	1	1
tumor necrosis factor-alpha/metabolism	HAVCR2	0.000728585736217	0.0012745359949884	0.0441176470588235	0.5011717509037003	1	1
tumor necrosis factor-alpha/metabolism	HNF4A	0.000728585736217	0.0012745359949884	0.0441176470588235	0.5011717509037003	1	1
tumor necrosis factor-alpha/metabolism	TCF7	0.000728585736217	0.0012745359949884	0.0441176470588235	0.5011717509037003	1	1
tumor necrosis factor-alpha/metabolism	TNF	6.041057290628871e-06	1.4167623560843295e-05	0.0003990741479766	0.054769758680606	3	1
tumor necrosis factor-alpha/metabolism	FTO	0.000728585736217	0.0012745359949884	0.0869183494293239	0.5011717509037003	1	1
tumor necrosis factor-alpha/metabolism	HNF1A	0.000728585736217	0.0012745359949884	0.0441176470588235	0.5011717509037003	1	1
tumor necrosis factor-alpha/metabolism	TIMELESS	0.000728585736217	0.0012745359949884	0.0441176470588235	0.5011717509037003	1	1
tumor necrosis factor-alpha/metabolism	HAVCR1	0.000728585736217	0.0012745359949884	0.0441176470588235	0.5011717509037003	1	1
tumor necrosis factor-alpha/metabolism	stem cell factor/metabolism	2.9588329008456427e-05	6.316936371867953e-05	0.0441176470588235	0.5011717509037003	1	1
tumor necrosis factor-alpha/metabolism	sweat glands/cytology	3.328697626314714e-06	8.011006006647936e-06	0.0441176470588235	0.5011717509037003	1	1
tumor necrosis factor-alpha/metabolism	alpha-ketoglutarate-dependent dioxygenase fto/metabolism	0.000728585736217	0.0012745359949884	0.0869183494293239	0.5011717509037003	1	1
cell differentiation	mesenchymal stem cells	1.2931222044598734e-05	2.924520933847874e-05	0.0441176470588235	0.5011717509037003	1	1
cell differentiation	osteoclasts/cytology	0.0012126667715968	0.0020387480065762	0.0441176470588235	0.5011717509037003	1	1
cell differentiation	osteogenesis/physiology	0.0012126667715968	0.0020387480065762	0.0441176470588235	0.5011717509037003	1	1
cell differentiation	nanog homeobox protein/genetics	1.2931222044598734e-05	2.924520933847874e-05	0.0441176470588235	0.5011717509037003	1	1
cell differentiation	cathepsin k/metabolism	0.0012126667715968	0.0020387480065762	0.0441176470588235	0.5011717509037003	1	1
cell differentiation	bone and bones/pathology	0.0012126667715968	0.0020387480065762	0.0441176470588235	0.5011717509037003	1	1
cell differentiation	bone marrow cells/metabolism	0.0012126667715968	0.0020387480065762	0.0441176470588235	0.5011717509037003	1	1
cell differentiation	chemokine cxcl2/metabolism	0.0012126667715968	0.0020387480065762	0.0441176470588235	0.5011717509037003	1	1
cell differentiation	sweat glands/cytology	1.2931222044598734e-05	2.924520933847874e-05	0.0441176470588235	0.5011717509037003	1	1
cell differentiation	bone neoplasms/secondary	0.0012126667715968	0.0020387480065762	0.0441176470588235	0.5011717509037003	1	1
cell differentiation	rna messenger/metabolism	0.0042576145245802	0.006475875063172	0.0869183494293239	0.5011717509037003	1	1
cell differentiation	osteolysis/pathology	0.0012126667715968	0.0020387480065762	0.0441176470588235	0.5011717509037003	1	1
cell differentiation	gene expression regulation	1.2931222044598734e-05	2.924520933847874e-05	0.0441176470588235	0.5011717509037003	1	1
cell differentiation	cd8-positive t-lymphocytes	0.0015588727606166	0.0025467155403098	0.0441176470588235	0.5011717509037003	1	1
cell differentiation	ARHGEF5	0.0015588727606166	0.0025467155403098	0.0441176470588235	0.5011717509037003	1	1
cell differentiation	TPI1	0.0015588727606166	0.0025467155403098	0.0441176470588235	0.5011717509037003	1	1
cell differentiation	NANOG	1.2931222044598734e-05	2.924520933847874e-05	0.0441176470588235	0.5011717509037003	1	1
cell differentiation	CBX8	0.0012126667715968	0.0020387480065762	0.0441176470588235	0.5011717509037003	1	1
cell differentiation	ACTR1B	0.0012126667715968	0.0020387480065762	0.0441176470588235	0.5011717509037003	1	1
cell differentiation	BTG2	0.0012126667715968	0.0020387480065762	0.0441176470588235	0.5011717509037003	1	1
cell differentiation	PCSK1	0.0012126667715968	0.0020387480065762	0.0441176470588235	0.5011717509037003	1	1
cell differentiation	HAVCR2	0.0015588727606166	0.0025467155403098	0.0441176470588235	0.5011717509037003	1	1
cell differentiation	HNF4A	0.0015588727606166	0.0025467155403098	0.0441176470588235	0.5011717509037003	1	1
cell differentiation	CXCR2	0.0012126667715968	0.0020387480065762	0.0441176470588235	0.5011717509037003	1	1
cell differentiation	TCF7	0.0015588727606166	0.0025467155403098	0.0441176470588235	0.5011717509037003	1	1
cell differentiation	KRT6A	0.0012126667715968	0.0020387480065762	0.0441176470588235	0.5011717509037003	1	1
cell differentiation	CXCL1	0.0012126667715968	0.0020387480065762	0.0441176470588235	0.5011717509037003	1	1
cell differentiation	bone marrow/metabolism	0.0012126667715968	0.0020387480065762	0.0441176470588235	0.5011717509037003	1	1
cell differentiation	TNF	0.0065994628406415	0.0095959322740672	0.0189560220288929	0.1868283063250888	2	1
cell differentiation	FTO	0.0015588727606166	0.0025467155403098	0.0869183494293239	0.5011717509037003	1	1
cell differentiation	CXCL2	0.0012126667715968	0.0020387480065762	0.0441176470588235	0.5011717509037003	1	1
cell differentiation	HNF1A	0.0015588727606166	0.0025467155403098	0.0441176470588235	0.5011717509037003	1	1
cell differentiation	TIMELESS	0.0015588727606166	0.0025467155403098	0.0441176470588235	0.5011717509037003	1	1
cell differentiation	HAVCR1	0.0015588727606166	0.0025467155403098	0.0441176470588235	0.5011717509037003	1	1
cell differentiation	alpha-ketoglutarate-dependent dioxygenase fto/metabolism	0.0015588727606166	0.0025467155403098	0.0869183494293239	0.5011717509037003	1	1
cell differentiation	obesity	0.0012126667715968	0.0020387480065762	0.0441176470588235	0.5011717509037003	1	1
cell differentiation	chemokine cxcl1/metabolism	0.0012126667715968	0.0020387480065762	0.0441176470588235	0.5011717509037003	1	1
estrogen receptor alpha/genetics	hek293 cells	5.153994231399395e-09	1.853420805641719e-08	0.0147058823529411	0.5011717509037003	1	1
estrogen receptor alpha/genetics	CD163	1.692272129982797e-06	4.112754952725231e-06	0.0294117647058823	0.5011717509037003	1	1
estrogen receptor alpha/genetics	ESR1	5.153994231399395e-09	1.853420805641719e-08	0.0147058823529411	0.5011717509037003	1	1
estrogen receptor alpha/genetics	TNFAIP3	5.153994231399395e-09	1.853420805641719e-08	0.0147058823529411	0.5011717509037003	1	1
estrogen receptor alpha/genetics	IL17A	0.0001348106896625	0.0002669028212187	0.0441176470588235	0.5011717509037003	1	1
cd8-positive t-lymphocytes	ARHGEF5	3.444821458087333e-07	8.861821748066013e-07	0.0147058823529411	0.5011717509037003	1	1
cd8-positive t-lymphocytes	TPI1	3.444821458087333e-07	8.861821748066013e-07	0.0147058823529411	0.5011717509037003	1	1
cd8-positive t-lymphocytes	CCR2	3.52912373078329e-05	7.478778763608469e-05	0.0294117647058823	0.5011717509037003	1	1
cd8-positive t-lymphocytes	HAVCR2	3.444821458087333e-07	8.861821748066013e-07	0.0147058823529411	0.5011717509037003	1	1
cd8-positive t-lymphocytes	HNF4A	3.444821458087333e-07	8.861821748066013e-07	0.0147058823529411	0.5011717509037003	1	1
cd8-positive t-lymphocytes	TCF7	3.444821458087333e-07	8.861821748066013e-07	0.0147058823529411	0.5011717509037003	1	1
cd8-positive t-lymphocytes	HNF1A	3.444821458087333e-07	8.861821748066013e-07	0.0147058823529411	0.5011717509037003	1	1
cd8-positive t-lymphocytes	TIMELESS	3.444821458087333e-07	8.861821748066013e-07	0.0147058823529411	0.5011717509037003	1	1
cd8-positive t-lymphocytes	HAVCR1	3.444821458087333e-07	8.861821748066013e-07	0.0147058823529411	0.5011717509037003	1	1
hek293 cells	CD163	1.692272129982797e-06	4.112754952725231e-06	0.0294117647058823	0.5011717509037003	1	1
hek293 cells	ESR1	5.153994231399395e-09	1.853420805641719e-08	0.0147058823529411	0.5011717509037003	1	1
hek293 cells	TNFAIP3	5.153994231399395e-09	1.853420805641719e-08	0.0147058823529411	0.5011717509037003	1	1
hek293 cells	IL17A	0.0001348106896625	0.0002669028212187	0.0441176470588235	0.5011717509037003	1	1
ARHGEF5	TPI1	3.444821458087333e-07	8.861821748066013e-07	0.0147058823529411	0.5011717509037003	1	1
ARHGEF5	CCR2	3.52912373078329e-05	7.478778763608469e-05	0.0294117647058823	0.5011717509037003	1	1
ARHGEF5	HAVCR2	3.444821458087333e-07	8.861821748066013e-07	0.0147058823529411	0.5011717509037003	1	1
ARHGEF5	HNF4A	3.444821458087333e-07	8.861821748066013e-07	0.0147058823529411	0.5011717509037003	1	1
ARHGEF5	TCF7	3.444821458087333e-07	8.861821748066013e-07	0.0147058823529411	0.5011717509037003	1	1
ARHGEF5	HNF1A	3.444821458087333e-07	8.861821748066013e-07	0.0147058823529411	0.5011717509037003	1	1
ARHGEF5	TIMELESS	3.444821458087333e-07	8.861821748066013e-07	0.0147058823529411	0.5011717509037003	1	1
ARHGEF5	HAVCR1	3.444821458087333e-07	8.861821748066013e-07	0.0147058823529411	0.5011717509037003	1	1
CCL2	tumor microenvironment/genetics	0.0002311983189888	0.000429163002381	0.0735294117647058	0.5011717509037003	1	1
CCL2	glycyrrhizic acid/pharmacology	0.0029733078870756	0.0046609137416165	0.0735294117647058	0.5011717509037003	1	1
CCL2	calgranulin a/metabolism	0.0029733078870756	0.0046609137416165	0.0735294117647058	0.5011717509037003	1	1
CCL2	bone marrow/pathology	0.0006849176883341	0.0012049104252063	0.0735294117647058	0.5011717509037003	1	1
CCL2	FFAR1	0.0006849176883341	0.0012049104252063	0.0735294117647058	0.5011717509037003	1	1
CCL2	CCR2	5.0097556298145385e-05	0.0001050158484904	0.0043898156277436	0.1868283063250888	2	1
CCL2	endothelial progenitor cells/metabolism	0.0002311983189888	0.000429163002381	0.0735294117647058	0.5011717509037003	1	1
CCL2	KLF7	0.0006849176883341	0.0012049104252063	0.0735294117647058	0.5011717509037003	1	1
CCL2	IRF6	0.0029733078870756	0.0046609137416165	0.0735294117647058	0.5011717509037003	1	1
CCL2	POSTN	0.0002311983189888	0.000429163002381	0.0735294117647058	0.5011717509037003	1	1
CCL2	MSMP	0.0006849176883341	0.0012049104252063	0.0735294117647058	0.5011717509037003	1	1
CCL2	obesity/pathology	0.0006849176883341	0.0012049104252063	0.0735294117647058	0.5011717509037003	1	1
CCL2	bone neoplasms/pathology	0.0006849176883341	0.0012049104252063	0.0735294117647058	0.5011717509037003	1	1
CCL2	colon/metabolism	0.0029733078870756	0.0046609137416165	0.0735294117647058	0.5011717509037003	1	1
CCL2	chemokine ccl2/genetics	0.0006849176883341	0.0012049104252063	0.0735294117647058	0.5011717509037003	1	1
CCL2	palmitic acid/pharmacology	0.0006849176883341	0.0012049104252063	0.0735294117647058	0.5011717509037003	1	1
CCL2	chemokine ccl2/metabolism	0.0002311983189888	0.000429163002381	0.0735294117647058	0.5011717509037003	1	1
CCL2	periostin	0.0002311983189888	0.000429163002381	0.0735294117647058	0.5011717509037003	1	1
CCL2	anti-inflammatory agents/pharmacology	0.0029733078870756	0.0046609137416165	0.0735294117647058	0.5011717509037003	1	1
TPI1	CCR2	3.52912373078329e-05	7.478778763608469e-05	0.0294117647058823	0.5011717509037003	1	1
TPI1	HAVCR2	3.444821458087333e-07	8.861821748066013e-07	0.0147058823529411	0.5011717509037003	1	1
TPI1	HNF4A	3.444821458087333e-07	8.861821748066013e-07	0.0147058823529411	0.5011717509037003	1	1
TPI1	TCF7	3.444821458087333e-07	8.861821748066013e-07	0.0147058823529411	0.5011717509037003	1	1
TPI1	HNF1A	3.444821458087333e-07	8.861821748066013e-07	0.0147058823529411	0.5011717509037003	1	1
TPI1	TIMELESS	3.444821458087333e-07	8.861821748066013e-07	0.0147058823529411	0.5011717509037003	1	1
TPI1	HAVCR1	3.444821458087333e-07	8.861821748066013e-07	0.0147058823529411	0.5011717509037003	1	1
PIK3CA	proto-oncogene proteins c-akt/metabolism	6.887328556026695e-06	1.587185973023901e-05	0.0294117647058823	0.5011717509037003	1	1
PIK3CA	janus kinases/metabolism	6.887328556026695e-06	1.587185973023901e-05	0.0294117647058823	0.5011717509037003	1	1
PIK3CA	breast neoplasms/pathology	6.887328556026695e-06	1.587185973023901e-05	0.0294117647058823	0.5011717509037003	1	1
PIK3CA	procollagen-lysine 2-oxoglutarate 5-dioxygenase/deficiency	6.887328556026695e-06	1.587185973023901e-05	0.0294117647058823	0.5011717509037003	1	1
PIK3CA	leptin/metabolism	6.887328556026695e-06	1.587185973023901e-05	0.0294117647058823	0.5011717509037003	1	1
PIK3CA	cell movement	6.887328556026695e-06	1.587185973023901e-05	0.0294117647058823	0.5011717509037003	1	1
PIK3CA	PLOD2	6.887328556026695e-06	1.587185973023901e-05	0.0294117647058823	0.5011717509037003	1	1
PIK3CA	LEP	0.0006849176883341	0.0012049104252063	0.0583845478489903	0.5011717509037003	1	1
PIK3CA	PIK3CD	5.546452186422357e-12	2.695011716616205e-11	0.0004389815627743	0.1868283063250888	2	1
PIK3CA	PIK3CG	5.546452186422357e-12	2.695011716616205e-11	0.0004389815627743	0.1868283063250888	2	1
PIK3CA	AKT1	5.546452186422357e-12	2.695011716616205e-11	0.0004389815627743	0.1868283063250888	2	1
PIK3CA	PIK3CB	5.546452186422357e-12	2.695011716616205e-11	0.0004389815627743	0.1868283063250888	2	1
PIK3CA	3t3-l1 cells	6.887328556026695e-06	1.587185973023901e-05	0.0294117647058823	0.5011717509037003	1	1
CCR2	tumor microenvironment/genetics	3.552718230714902e-09	1.3515037982767356e-08	0.0294117647058823	0.5011717509037003	1	1
CCR2	CXCL8	0.0001348106896625	0.0002669028212187	0.0583845478489903	0.5011717509037003	1	1
CCR2	HAVCR2	3.52912373078329e-05	7.478778763608469e-05	0.0294117647058823	0.5011717509037003	1	1
CCR2	HNF4A	3.52912373078329e-05	7.478778763608469e-05	0.0294117647058823	0.5011717509037003	1	1
CCR2	TCF7	3.52912373078329e-05	7.478778763608469e-05	0.0294117647058823	0.5011717509037003	1	1
CCR2	POSTN	3.552718230714902e-09	1.3515037982767356e-08	0.0294117647058823	0.5011717509037003	1	1
CCR2	HNF1A	3.52912373078329e-05	7.478778763608469e-05	0.0294117647058823	0.5011717509037003	1	1
CCR2	TIMELESS	3.52912373078329e-05	7.478778763608469e-05	0.0294117647058823	0.5011717509037003	1	1
CCR2	HAVCR1	3.52912373078329e-05	7.478778763608469e-05	0.0294117647058823	0.5011717509037003	1	1
CCR2	endothelial progenitor cells/metabolism	3.552718230714902e-09	1.3515037982767356e-08	0.0294117647058823	0.5011717509037003	1	1
CCR2	carcinoma hepatocellular/pathology	7.252696749371346e-05	0.0001486844325021	0.0583845478489903	0.5011717509037003	1	1
CCR2	chemokine ccl2/metabolism	3.552718230714902e-09	1.3515037982767356e-08	0.0294117647058823	0.5011717509037003	1	1
CCR2	periostin	3.552718230714902e-09	1.3515037982767356e-08	0.0294117647058823	0.5011717509037003	1	1
HAVCR2	HNF4A	3.444821458087333e-07	8.861821748066013e-07	0.0147058823529411	0.5011717509037003	1	1
HAVCR2	TCF7	3.444821458087333e-07	8.861821748066013e-07	0.0147058823529411	0.5011717509037003	1	1
HAVCR2	HNF1A	3.444821458087333e-07	8.861821748066013e-07	0.0147058823529411	0.5011717509037003	1	1
HAVCR2	TIMELESS	3.444821458087333e-07	8.861821748066013e-07	0.0147058823529411	0.5011717509037003	1	1
HAVCR2	HAVCR1	3.444821458087333e-07	8.861821748066013e-07	0.0147058823529411	0.5011717509037003	1	1
HNF4A	TCF7	3.444821458087333e-07	8.861821748066013e-07	0.0147058823529411	0.5011717509037003	1	1
HNF4A	HNF1A	3.444821458087333e-07	8.861821748066013e-07	0.0147058823529411	0.5011717509037003	1	1
HNF4A	TIMELESS	3.444821458087333e-07	8.861821748066013e-07	0.0147058823529411	0.5011717509037003	1	1
HNF4A	HAVCR1	3.444821458087333e-07	8.861821748066013e-07	0.0147058823529411	0.5011717509037003	1	1
TCF7	HNF1A	3.444821458087333e-07	8.861821748066013e-07	0.0147058823529411	0.5011717509037003	1	1
TCF7	TIMELESS	3.444821458087333e-07	8.861821748066013e-07	0.0147058823529411	0.5011717509037003	1	1
TCF7	HAVCR1	3.444821458087333e-07	8.861821748066013e-07	0.0147058823529411	0.5011717509037003	1	1
CD163	cachexia/immunology	2.8070878954622458e-12	1.4278494639302992e-11	0.0294117647058823	0.5011717509037003	1	1
CD163	stat3 transcription factor/immunology	2.8070878954622458e-12	1.4278494639302992e-11	0.0294117647058823	0.5011717509037003	1	1
CD163	muscle fibers skeletal/drug effects	2.8070878954622458e-12	1.4278494639302992e-11	0.0294117647058823	0.5011717509037003	1	1
CD163	ESR1	1.692272129982797e-06	4.112754952725231e-06	0.0294117647058823	0.5011717509037003	1	1
CD163	TNFAIP3	1.692272129982797e-06	4.112754952725231e-06	0.0294117647058823	0.5011717509037003	1	1
CD163	IL17A	0.0018791523876826	0.0030463436241849	0.0869183494293239	0.5011717509037003	1	1
CD163	macrophages/immunology	0.0028977101098741	0.0045563598853593	0.1150131694468832	0.5011717509037003	1	1
CD163	pancreatic neoplasms/immunology	2.8070878954622458e-12	1.4278494639302992e-11	0.0294117647058823	0.5011717509037003	1	1
TNF	mesenchymal stem cells	0.0011350942568933	0.0019227654311403	0.088235294117647	0.5011717509037003	1	1
TNF	nanog homeobox protein/genetics	0.0011350942568933	0.0019227654311403	0.088235294117647	0.5011717509037003	1	1
TNF	glycyrrhizic acid/pharmacology	0.0062713289823422	0.009135490816351	0.088235294117647	0.5011717509037003	1	1
TNF	protease inhibitors/pharmacology	0.0035798874138834	0.0054954767874054	0.088235294117647	0.5011717509037003	1	1
TNF	carcinoma hepatocellular/drug therapy	0.0035798874138834	0.0054954767874054	0.088235294117647	0.5011717509037003	1	1
TNF	calgranulin a/metabolism	0.0062713289823422	0.009135490816351	0.088235294117647	0.5011717509037003	1	1
TNF	interleukin-6/genetics	0.0011350942568933	0.0019227654311403	0.088235294117647	0.5011717509037003	1	1
TNF	plant extracts/pharmacology	0.0035798874138834	0.0054954767874054	0.088235294117647	0.5011717509037003	1	1
TNF	perilipin-5/genetics	0.0011350942568933	0.0019227654311403	0.088235294117647	0.5011717509037003	1	1
TNF	rna messenger/metabolism	2.6579090149359e-05	5.727370387866985e-05	0.0065847234416154	0.1868283063250888	2	1
TNF	PLIN1	0.0011350942568933	0.0019227654311403	0.088235294117647	0.5011717509037003	1	1
TNF	digestion	0.0035798874138834	0.0054954767874054	0.088235294117647	0.5011717509037003	1	1
TNF	NANOG	0.0011350942568933	0.0019227654311403	0.088235294117647	0.5011717509037003	1	1
TNF	colon/metabolism	0.0062713289823422	0.009135490816351	0.088235294117647	0.5011717509037003	1	1
TNF	gene expression regulation	0.0011350942568933	0.0019227654311403	0.088235294117647	0.5011717509037003	1	1
TNF	stem cell factor/metabolism	0.0035798874138834	0.0054954767874054	0.088235294117647	0.5011717509037003	1	1
TNF	lipid metabolism/physiology	0.0011350942568933	0.0019227654311403	0.088235294117647	0.5011717509037003	1	1
TNF	gastrointestinal tract	0.0035798874138834	0.0054954767874054	0.088235294117647	0.5011717509037003	1	1
TNF	sweat glands/cytology	0.0011350942568933	0.0019227654311403	0.088235294117647	0.5011717509037003	1	1
TNF	IRF6	0.0062713289823422	0.009135490816351	0.088235294117647	0.5011717509037003	1	1
TNF	IL6R	0.0011350942568933	0.0019227654311403	0.088235294117647	0.5011717509037003	1	1
TNF	PLIN5	0.0011350942568933	0.0019227654311403	0.088235294117647	0.5011717509037003	1	1
TNF	anti-inflammatory agents/pharmacology	0.0062713289823422	0.009135490816351	0.088235294117647	0.5011717509037003	1	1
TNF	lipids	0.0011350942568933	0.0019227654311403	0.088235294117647	0.5011717509037003	1	1
ESR1	TNFAIP3	5.153994231399395e-09	1.853420805641719e-08	0.0147058823529411	0.5011717509037003	1	1
ESR1	IL17A	0.0001348106896625	0.0002669028212187	0.0441176470588235	0.5011717509037003	1	1
PIK3CD	proto-oncogene proteins c-akt/metabolism	6.887328556026695e-06	1.587185973023901e-05	0.0294117647058823	0.5011717509037003	1	1
PIK3CD	janus kinases/metabolism	6.887328556026695e-06	1.587185973023901e-05	0.0294117647058823	0.5011717509037003	1	1
PIK3CD	breast neoplasms/pathology	6.887328556026695e-06	1.587185973023901e-05	0.0294117647058823	0.5011717509037003	1	1
PIK3CD	procollagen-lysine 2-oxoglutarate 5-dioxygenase/deficiency	6.887328556026695e-06	1.587185973023901e-05	0.0294117647058823	0.5011717509037003	1	1
PIK3CD	leptin/metabolism	6.887328556026695e-06	1.587185973023901e-05	0.0294117647058823	0.5011717509037003	1	1
PIK3CD	LEP	0.0006849176883341	0.0012049104252063	0.0583845478489903	0.5011717509037003	1	1
PIK3CD	cell movement	6.887328556026695e-06	1.587185973023901e-05	0.0294117647058823	0.5011717509037003	1	1
PIK3CD	PIK3CG	5.546452186422357e-12	2.695011716616205e-11	0.0004389815627743	0.1868283063250888	2	1
PIK3CD	AKT1	5.546452186422357e-12	2.695011716616205e-11	0.0004389815627743	0.1868283063250888	2	1
PIK3CD	PIK3CB	5.546452186422357e-12	2.695011716616205e-11	0.0004389815627743	0.1868283063250888	2	1
PIK3CD	PLOD2	6.887328556026695e-06	1.587185973023901e-05	0.0294117647058823	0.5011717509037003	1	1
PIK3CD	3t3-l1 cells	6.887328556026695e-06	1.587185973023901e-05	0.0294117647058823	0.5011717509037003	1	1
HNF1A	TIMELESS	3.444821458087333e-07	8.861821748066013e-07	0.0147058823529411	0.5011717509037003	1	1
HNF1A	HAVCR1	3.444821458087333e-07	8.861821748066013e-07	0.0147058823529411	0.5011717509037003	1	1
TIMELESS	HAVCR1	3.444821458087333e-07	8.861821748066013e-07	0.0147058823529411	0.5011717509037003	1	1
TNFAIP3	IL17A	0.0001348106896625	0.0002669028212187	0.0441176470588235	0.5011717509037003	1	1
IL17A	ovarian neoplasms/immunology	2.038185857400343e-05	4.476763113695452e-05	0.0441176470588235	0.5011717509037003	1	1
IL17A	interleukin-17/genetics	2.038185857400343e-05	4.476763113695452e-05	0.0441176470588235	0.5011717509037003	1	1
IL17A	palmitic acid/metabolism	2.038185857400343e-05	4.476763113695452e-05	0.0441176470588235	0.5011717509037003	1	1
IL17A	recombinant proteins/metabolism	2.038185857400343e-05	4.476763113695452e-05	0.0441176470588235	0.5011717509037003	1	1
IL17A	fatty acid-binding proteins/metabolism	2.038185857400343e-05	4.476763113695452e-05	0.0441176470588235	0.5011717509037003	1	1
IL17A	nf-kappa b/metabolism	0.0010322885835759	0.0017615267329735	0.0869183494293239	0.5011717509037003	1	1
IL17A	diet high-fat	0.0067295135150839	0.0097671979268138	0.1284220608189001	0.5011717509037003	1	1
IL17A	caco-2 cells	2.2039919000960143e-08	7.572392113129499e-08	0.0441176470588235	0.5011717509037003	1	1
IL17A	ovary/pathology	2.038185857400343e-05	4.476763113695452e-05	0.0441176470588235	0.5011717509037003	1	1
IL17A	colonic neoplasms/microbiology	2.2039919000960143e-08	7.572392113129499e-08	0.0441176470588235	0.5011717509037003	1	1
IL17A	APC	2.2039919000960143e-08	7.572392113129499e-08	0.0441176470588235	0.5011717509037003	1	1
IL17A	IL17RA	2.038185857400343e-05	4.476763113695452e-05	0.0441176470588235	0.5011717509037003	1	1
IL17A	FABP4	2.038185857400343e-05	4.476763113695452e-05	0.0441176470588235	0.5011717509037003	1	1
IL17A	adipocytes/immunology	2.038185857400343e-05	4.476763113695452e-05	0.0441176470588235	0.5011717509037003	1	1
IL17A	receptors interleukin-17/metabolism	2.038185857400343e-05	4.476763113695452e-05	0.0441176470588235	0.5011717509037003	1	1
IL17A	IL22	2.2039919000960143e-08	7.572392113129499e-08	0.0441176470588235	0.5011717509037003	1	1
IL17A	ht29 cells	2.2039919000960143e-08	7.572392113129499e-08	0.0441176470588235	0.5011717509037003	1	1
PIK3CG	proto-oncogene proteins c-akt/metabolism	6.887328556026695e-06	1.587185973023901e-05	0.0294117647058823	0.5011717509037003	1	1
PIK3CG	janus kinases/metabolism	6.887328556026695e-06	1.587185973023901e-05	0.0294117647058823	0.5011717509037003	1	1
PIK3CG	breast neoplasms/pathology	6.887328556026695e-06	1.587185973023901e-05	0.0294117647058823	0.5011717509037003	1	1
PIK3CG	procollagen-lysine 2-oxoglutarate 5-dioxygenase/deficiency	6.887328556026695e-06	1.587185973023901e-05	0.0294117647058823	0.5011717509037003	1	1
PIK3CG	leptin/metabolism	6.887328556026695e-06	1.587185973023901e-05	0.0294117647058823	0.5011717509037003	1	1
PIK3CG	LEP	0.0006849176883341	0.0012049104252063	0.0583845478489903	0.5011717509037003	1	1
PIK3CG	cell movement	6.887328556026695e-06	1.587185973023901e-05	0.0294117647058823	0.5011717509037003	1	1
PIK3CG	PLOD2	6.887328556026695e-06	1.587185973023901e-05	0.0294117647058823	0.5011717509037003	1	1
PIK3CG	AKT1	5.546452186422357e-12	2.695011716616205e-11	0.0004389815627743	0.1868283063250888	2	1
PIK3CG	PIK3CB	5.546452186422357e-12	2.695011716616205e-11	0.0004389815627743	0.1868283063250888	2	1
PIK3CG	3t3-l1 cells	6.887328556026695e-06	1.587185973023901e-05	0.0294117647058823	0.5011717509037003	1	1
AKT1	proto-oncogene proteins c-akt/metabolism	6.887328556026695e-06	1.587185973023901e-05	0.0294117647058823	0.5011717509037003	1	1
AKT1	janus kinases/metabolism	6.887328556026695e-06	1.587185973023901e-05	0.0294117647058823	0.5011717509037003	1	1
AKT1	breast neoplasms/pathology	6.887328556026695e-06	1.587185973023901e-05	0.0294117647058823	0.5011717509037003	1	1
AKT1	procollagen-lysine 2-oxoglutarate 5-dioxygenase/deficiency	6.887328556026695e-06	1.587185973023901e-05	0.0294117647058823	0.5011717509037003	1	1
AKT1	leptin/metabolism	6.887328556026695e-06	1.587185973023901e-05	0.0294117647058823	0.5011717509037003	1	1
AKT1	LEP	0.0006849176883341	0.0012049104252063	0.0583845478489903	0.5011717509037003	1	1
AKT1	cell movement	6.887328556026695e-06	1.587185973023901e-05	0.0294117647058823	0.5011717509037003	1	1
AKT1	PLOD2	6.887328556026695e-06	1.587185973023901e-05	0.0294117647058823	0.5011717509037003	1	1
AKT1	PIK3CB	5.546452186422357e-12	2.695011716616205e-11	0.0004389815627743	0.1868283063250888	2	1
AKT1	3t3-l1 cells	6.887328556026695e-06	1.587185973023901e-05	0.0294117647058823	0.5011717509037003	1	1
PIK3CB	proto-oncogene proteins c-akt/metabolism	6.887328556026695e-06	1.587185973023901e-05	0.0294117647058823	0.5011717509037003	1	1
PIK3CB	janus kinases/metabolism	6.887328556026695e-06	1.587185973023901e-05	0.0294117647058823	0.5011717509037003	1	1
PIK3CB	breast neoplasms/pathology	6.887328556026695e-06	1.587185973023901e-05	0.0294117647058823	0.5011717509037003	1	1
PIK3CB	procollagen-lysine 2-oxoglutarate 5-dioxygenase/deficiency	6.887328556026695e-06	1.587185973023901e-05	0.0294117647058823	0.5011717509037003	1	1
PIK3CB	leptin/metabolism	6.887328556026695e-06	1.587185973023901e-05	0.0294117647058823	0.5011717509037003	1	1
PIK3CB	LEP	0.0006849176883341	0.0012049104252063	0.0583845478489903	0.5011717509037003	1	1
PIK3CB	cell movement	6.887328556026695e-06	1.587185973023901e-05	0.0294117647058823	0.5011717509037003	1	1
PIK3CB	PLOD2	6.887328556026695e-06	1.587185973023901e-05	0.0294117647058823	0.5011717509037003	1	1
PIK3CB	3t3-l1 cells	6.887328556026695e-06	1.587185973023901e-05	0.0294117647058823	0.5011717509037003	1	1
glioma/pathology	adenosine/analogs &amp; derivatives	0.0	0.0	0.0147058823529411	0.5011717509037003	1	1
glioma/pathology	alpha-ketoglutarate-dependent dioxygenase fto/metabolism	3.497202527569243e-14	2.1738465320978986e-13	0.0294117647058823	0.5011717509037003	1	1
glioma/pathology	macrophage colony-stimulating factor/metabolism	0.0	0.0	0.0147058823529411	0.5011717509037003	1	1
glioma/pathology	brain neoplasms/pathology	0.0	0.0	0.0147058823529411	0.5011717509037003	1	1
glioma/pathology	FTO	3.497202527569243e-14	2.1738465320978986e-13	0.0294117647058823	0.5011717509037003	1	1
glioma/pathology	YTHDF2	0.0	0.0	0.0147058823529411	0.5011717509037003	1	1
glioma/pathology	mesenchymal stem cells/metabolism	0.0	0.0	0.0147058823529411	0.5011717509037003	1	1
neovascularization pathologic/genetics	inflammation/genetics	0.0	0.0	0.0147058823529411	0.5011717509037003	1	1
neovascularization pathologic/genetics	cell proliferation	0.0012126667715968	0.0020387480065762	0.1176470588235294	0.5011717509037003	1	1
neovascularization pathologic/genetics	hormones/blood	0.0	0.0	0.0147058823529411	0.5011717509037003	1	1
neovascularization pathologic/genetics	sexual maturation	0.0	0.0	0.0147058823529411	0.5011717509037003	1	1
neovascularization pathologic/genetics	diet high-fat	2.2039919000960143e-08	7.572392113129499e-08	0.0441176470588235	0.5011717509037003	1	1
neovascularization pathologic/genetics	breast neoplasms/etiology	0.0	0.0	0.0147058823529411	0.5011717509037003	1	1
neovascularization pathologic/genetics	HGF	8.347322832946702e-12	3.639006249618553e-11	0.0294117647058823	0.5011717509037003	1	1
neovascularization pathologic/genetics	NFKB1	0.0001223162788606	0.0002447350001658	0.088235294117647	0.5011717509037003	1	1
neovascularization pathologic/genetics	TNFSF11	0.0	0.0	0.0147058823529411	0.5011717509037003	1	1
janus kinases/metabolism	proto-oncogene proteins c-akt/metabolism	5.153994231399395e-09	1.853420805641719e-08	0.0147058823529411	0.5011717509037003	1	1
janus kinases/metabolism	leptin/metabolism	5.153994231399395e-09	1.853420805641719e-08	0.0147058823529411	0.5011717509037003	1	1
janus kinases/metabolism	procollagen-lysine 2-oxoglutarate 5-dioxygenase/deficiency	5.153994231399395e-09	1.853420805641719e-08	0.0147058823529411	0.5011717509037003	1	1
janus kinases/metabolism	breast neoplasms/pathology	5.153994231399395e-09	1.853420805641719e-08	0.0147058823529411	0.5011717509037003	1	1
janus kinases/metabolism	adipocytes/metabolism	0.0035798874138834	0.0054954767874054	0.0588235294117647	0.5011717509037003	1	1
janus kinases/metabolism	3t3-l1 cells	5.153994231399395e-09	1.853420805641719e-08	0.0147058823529411	0.5011717509037003	1	1
janus kinases/metabolism	cell movement	5.153994231399395e-09	1.853420805641719e-08	0.0147058823529411	0.5011717509037003	1	1
janus kinases/metabolism	PLOD2	5.153994231399395e-09	1.853420805641719e-08	0.0147058823529411	0.5011717509037003	1	1
janus kinases/metabolism	LEP	9.325897335932254e-06	2.121863689099253e-05	0.0294117647058823	0.5011717509037003	1	1
non-alcoholic fatty liver disease/genetics	hep g2 cells	3.497202527569243e-14	2.1738465320978986e-13	0.0294117647058823	0.5011717509037003	1	1
non-alcoholic fatty liver disease/genetics	autophagy	1.5989558083129296e-06	3.913837526700399e-06	0.0583845478489903	0.5011717509037003	1	1
non-alcoholic fatty liver disease/genetics	growth differentiation factor 15/genetics	3.497202527569243e-14	2.1738465320978986e-13	0.0294117647058823	0.5011717509037003	1	1
non-alcoholic fatty liver disease/genetics	hepatic stellate cells/metabolism	3.444821458087333e-07	8.861821748066013e-07	0.0583845478489903	0.5011717509037003	1	1
non-alcoholic fatty liver disease/genetics	lipid metabolism/physiology	3.299471806883503e-12	1.6185704613233445e-11	0.0294117647058823	0.5011717509037003	1	1
non-alcoholic fatty liver disease/genetics	perilipin-5/genetics	3.299471806883503e-12	1.6185704613233445e-11	0.0294117647058823	0.5011717509037003	1	1
non-alcoholic fatty liver disease/genetics	carcinoma hepatocellular/genetics	0.0	0.0	0.0004389815627743	0.1868283063250888	2	1
non-alcoholic fatty liver disease/genetics	interleukin-6/genetics	3.299471806883503e-12	1.6185704613233445e-11	0.0294117647058823	0.5011717509037003	1	1
non-alcoholic fatty liver disease/genetics	lipids	3.299471806883503e-12	1.6185704613233445e-11	0.0294117647058823	0.5011717509037003	1	1
non-alcoholic fatty liver disease/genetics	autophagy-related protein 7/genetics	3.497202527569243e-14	2.1738465320978986e-13	0.0294117647058823	0.5011717509037003	1	1
non-alcoholic fatty liver disease/genetics	GDF15	3.497202527569243e-14	2.1738465320978986e-13	0.0294117647058823	0.5011717509037003	1	1
non-alcoholic fatty liver disease/genetics	PLIN1	3.299471806883503e-12	1.6185704613233445e-11	0.0294117647058823	0.5011717509037003	1	1
non-alcoholic fatty liver disease/genetics	ATG7	3.497202527569243e-14	2.1738465320978986e-13	0.0294117647058823	0.5011717509037003	1	1
non-alcoholic fatty liver disease/genetics	IL6R	3.299471806883503e-12	1.6185704613233445e-11	0.0294117647058823	0.5011717509037003	1	1
non-alcoholic fatty liver disease/genetics	PLIN5	3.299471806883503e-12	1.6185704613233445e-11	0.0294117647058823	0.5011717509037003	1	1
lipid metabolism	prostatic neoplasms/immunology	0.0	0.0	0.0147058823529411	0.5011717509037003	1	1
lipid metabolism	heterografts	0.0	0.0	0.0147058823529411	0.5011717509037003	1	1
lipid metabolism	lipids/chemistry	0.0	0.0	0.0147058823529411	0.5011717509037003	1	1
lipid metabolism	metabolic networks and pathways	0.0	0.0	0.0147058823529411	0.5011717509037003	1	1
lipid metabolism	cell plasticity/genetics	0.0	0.0	0.0147058823529411	0.5011717509037003	1	1
lipid metabolism	IL1B	4.440892098500626e-16	3.3188606538012505e-15	0.0294117647058823	0.5011717509037003	1	1
prostatic neoplasms/immunology	cell plasticity/genetics	0.0	0.0	0.0147058823529411	0.5011717509037003	1	1
prostatic neoplasms/immunology	IL1B	4.440892098500626e-16	3.3188606538012505e-15	0.0294117647058823	0.5011717509037003	1	1
prostatic neoplasms/immunology	heterografts	0.0	0.0	0.0147058823529411	0.5011717509037003	1	1
prostatic neoplasms/immunology	lipids/chemistry	0.0	0.0	0.0147058823529411	0.5011717509037003	1	1
prostatic neoplasms/immunology	metabolic networks and pathways	0.0	0.0	0.0147058823529411	0.5011717509037003	1	1
lipoproteins ldl	nitric oxide synthase type ii/metabolism	0.0	0.0	0.0147058823529411	0.5011717509037003	1	1
lipoproteins ldl	mannose receptor	0.0	0.0	0.0147058823529411	0.5011717509037003	1	1
lipoproteins ldl	colorectal neoplasms/metabolism	0.0	0.0	0.0147058823529411	0.5011717509037003	1	1
lipoproteins ldl	hyperlipidemias	0.0	0.0	0.0147058823529411	0.5011717509037003	1	1
lipoproteins ldl	scavenger receptors class e/genetics	0.0	0.0	0.0147058823529411	0.5011717509037003	1	1
lipoproteins ldl	PROM1	0.0	0.0	0.0147058823529411	0.5011717509037003	1	1
mesenchymal stem cells	nanog homeobox protein/genetics	0.0	0.0	0.0147058823529411	0.5011717509037003	1	1
mesenchymal stem cells	cell proliferation	0.0019292016302112	0.0031204215941602	0.1176470588235294	0.5011717509037003	1	1
mesenchymal stem cells	alpha-ketoglutarate-dependent dioxygenase fto/metabolism	3.299471806883503e-12	1.6185704613233445e-11	0.0294117647058823	0.5011717509037003	1	1
mesenchymal stem cells	sweat glands/cytology	0.0	0.0	0.0147058823529411	0.5011717509037003	1	1
mesenchymal stem cells	rna messenger/metabolism	2.499179752035729e-10	1.0282216580275584e-09	0.0294117647058823	0.5011717509037003	1	1
mesenchymal stem cells	gene expression regulation	0.0	0.0	0.0147058823529411	0.5011717509037003	1	1
mesenchymal stem cells	NANOG	0.0	0.0	0.0147058823529411	0.5011717509037003	1	1
mesenchymal stem cells	FTO	3.299471806883503e-12	1.6185704613233445e-11	0.0294117647058823	0.5011717509037003	1	1
obesity/chemically induced	biomarkers/blood	2.220446049250313e-16	1.6698779470070298e-15	0.0147058823529411	0.5011717509037003	1	1
obesity/chemically induced	adiponectin/blood	2.220446049250313e-16	1.6698779470070298e-15	0.0147058823529411	0.5011717509037003	1	1
obesity/chemically induced	hepatocyte growth factor/blood	2.220446049250313e-16	1.6698779470070298e-15	0.0147058823529411	0.5011717509037003	1	1
obesity/chemically induced	HGF	1.0551270968051083e-09	4.1458859116240205e-09	0.0294117647058823	0.5011717509037003	1	1
obesity/chemically induced	NFKB1	0.0006329692520944	0.0011223381073134	0.088235294117647	0.5011717509037003	1	1
obesity/chemically induced	EGF	2.220446049250313e-16	1.6698779470070298e-15	0.0147058823529411	0.5011717509037003	1	1
obesity/chemically induced	LEP	1.3753443917075006e-07	3.772328073236761e-07	0.0294117647058823	0.5011717509037003	1	1
obesity/chemically induced	JUN	2.220446049250313e-16	1.6698779470070298e-15	0.0147058823529411	0.5011717509037003	1	1
obesity/chemically induced	MAPK8	5.003208958243022e-10	2.0455218826998136e-09	0.0294117647058823	0.5011717509037003	1	1
obesity/chemically induced	ADIPOQ	2.220446049250313e-16	1.6698779470070298e-15	0.0147058823529411	0.5011717509037003	1	1
osteogenesis/physiology	bone and bones/pathology	1.0137392347786545e-07	2.811714046307515e-07	0.0147058823529411	0.5011717509037003	1	1
osteogenesis/physiology	osteoclasts/cytology	1.0137392347786545e-07	2.811714046307515e-07	0.0147058823529411	0.5011717509037003	1	1
osteogenesis/physiology	cathepsin k/metabolism	1.0137392347786545e-07	2.811714046307515e-07	0.0147058823529411	0.5011717509037003	1	1
osteogenesis/physiology	bone marrow/metabolism	1.0137392347786545e-07	2.811714046307515e-07	0.0147058823529411	0.5011717509037003	1	1
osteogenesis/physiology	chemokine cxcl1/metabolism	1.0137392347786545e-07	2.811714046307515e-07	0.0147058823529411	0.5011717509037003	1	1
osteogenesis/physiology	prostatic neoplasms/pathology	0.0003667702795712	0.0006634635521673	0.0441176470588235	0.5011717509037003	1	1
osteogenesis/physiology	adipocytes/metabolism	0.005548883149006	0.0082217997785665	0.0588235294117647	0.5011717509037003	1	1
osteogenesis/physiology	obesity	1.0137392347786545e-07	2.811714046307515e-07	0.0147058823529411	0.5011717509037003	1	1
osteogenesis/physiology	chemokine cxcl2/metabolism	1.0137392347786545e-07	2.811714046307515e-07	0.0147058823529411	0.5011717509037003	1	1
osteogenesis/physiology	bone marrow cells/metabolism	1.0137392347786545e-07	2.811714046307515e-07	0.0147058823529411	0.5011717509037003	1	1
osteogenesis/physiology	bone neoplasms/secondary	1.0137392347786545e-07	2.811714046307515e-07	0.0147058823529411	0.5011717509037003	1	1
osteogenesis/physiology	osteolysis/pathology	1.0137392347786545e-07	2.811714046307515e-07	0.0147058823529411	0.5011717509037003	1	1
osteogenesis/physiology	CBX8	1.0137392347786545e-07	2.811714046307515e-07	0.0147058823529411	0.5011717509037003	1	1
osteogenesis/physiology	ACTR1B	1.0137392347786545e-07	2.811714046307515e-07	0.0147058823529411	0.5011717509037003	1	1
osteogenesis/physiology	BTG2	1.0137392347786545e-07	2.811714046307515e-07	0.0147058823529411	0.5011717509037003	1	1
osteogenesis/physiology	PCSK1	1.0137392347786545e-07	2.811714046307515e-07	0.0147058823529411	0.5011717509037003	1	1
osteogenesis/physiology	CXCR2	1.0137392347786545e-07	2.811714046307515e-07	0.0147058823529411	0.5011717509037003	1	1
osteogenesis/physiology	KRT6A	1.0137392347786545e-07	2.811714046307515e-07	0.0147058823529411	0.5011717509037003	1	1
osteogenesis/physiology	CXCL1	1.0137392347786545e-07	2.811714046307515e-07	0.0147058823529411	0.5011717509037003	1	1
osteogenesis/physiology	CXCL2	1.0137392347786545e-07	2.811714046307515e-07	0.0147058823529411	0.5011717509037003	1	1
heterografts	lipids/chemistry	0.0	0.0	0.0147058823529411	0.5011717509037003	1	1
heterografts	metabolic networks and pathways	0.0	0.0	0.0147058823529411	0.5011717509037003	1	1
heterografts	cell plasticity/genetics	0.0	0.0	0.0147058823529411	0.5011717509037003	1	1
heterografts	IL1B	4.440892098500626e-16	3.3188606538012505e-15	0.0294117647058823	0.5011717509037003	1	1
bone and bones/pathology	osteoclasts/cytology	1.0137392347786545e-07	2.811714046307515e-07	0.0147058823529411	0.5011717509037003	1	1
bone and bones/pathology	cathepsin k/metabolism	1.0137392347786545e-07	2.811714046307515e-07	0.0147058823529411	0.5011717509037003	1	1
bone and bones/pathology	bone marrow/metabolism	1.0137392347786545e-07	2.811714046307515e-07	0.0147058823529411	0.5011717509037003	1	1
bone and bones/pathology	chemokine cxcl1/metabolism	1.0137392347786545e-07	2.811714046307515e-07	0.0147058823529411	0.5011717509037003	1	1
bone and bones/pathology	prostatic neoplasms/pathology	0.0003667702795712	0.0006634635521673	0.0441176470588235	0.5011717509037003	1	1
bone and bones/pathology	adipocytes/metabolism	0.005548883149006	0.0082217997785665	0.0588235294117647	0.5011717509037003	1	1
bone and bones/pathology	obesity	1.0137392347786545e-07	2.811714046307515e-07	0.0147058823529411	0.5011717509037003	1	1
bone and bones/pathology	chemokine cxcl2/metabolism	1.0137392347786545e-07	2.811714046307515e-07	0.0147058823529411	0.5011717509037003	1	1
bone and bones/pathology	bone marrow cells/metabolism	1.0137392347786545e-07	2.811714046307515e-07	0.0147058823529411	0.5011717509037003	1	1
bone and bones/pathology	bone neoplasms/secondary	1.0137392347786545e-07	2.811714046307515e-07	0.0147058823529411	0.5011717509037003	1	1
bone and bones/pathology	osteolysis/pathology	1.0137392347786545e-07	2.811714046307515e-07	0.0147058823529411	0.5011717509037003	1	1
bone and bones/pathology	CBX8	1.0137392347786545e-07	2.811714046307515e-07	0.0147058823529411	0.5011717509037003	1	1
bone and bones/pathology	ACTR1B	1.0137392347786545e-07	2.811714046307515e-07	0.0147058823529411	0.5011717509037003	1	1
bone and bones/pathology	BTG2	1.0137392347786545e-07	2.811714046307515e-07	0.0147058823529411	0.5011717509037003	1	1
bone and bones/pathology	PCSK1	1.0137392347786545e-07	2.811714046307515e-07	0.0147058823529411	0.5011717509037003	1	1
bone and bones/pathology	CXCR2	1.0137392347786545e-07	2.811714046307515e-07	0.0147058823529411	0.5011717509037003	1	1
bone and bones/pathology	KRT6A	1.0137392347786545e-07	2.811714046307515e-07	0.0147058823529411	0.5011717509037003	1	1
bone and bones/pathology	CXCL1	1.0137392347786545e-07	2.811714046307515e-07	0.0147058823529411	0.5011717509037003	1	1
bone and bones/pathology	CXCL2	1.0137392347786545e-07	2.811714046307515e-07	0.0147058823529411	0.5011717509037003	1	1
osteoclasts/cytology	cathepsin k/metabolism	1.0137392347786545e-07	2.811714046307515e-07	0.0147058823529411	0.5011717509037003	1	1
osteoclasts/cytology	bone marrow/metabolism	1.0137392347786545e-07	2.811714046307515e-07	0.0147058823529411	0.5011717509037003	1	1
osteoclasts/cytology	chemokine cxcl1/metabolism	1.0137392347786545e-07	2.811714046307515e-07	0.0147058823529411	0.5011717509037003	1	1
osteoclasts/cytology	prostatic neoplasms/pathology	0.0003667702795712	0.0006634635521673	0.0441176470588235	0.5011717509037003	1	1
osteoclasts/cytology	adipocytes/metabolism	0.005548883149006	0.0082217997785665	0.0588235294117647	0.5011717509037003	1	1
osteoclasts/cytology	obesity	1.0137392347786545e-07	2.811714046307515e-07	0.0147058823529411	0.5011717509037003	1	1
osteoclasts/cytology	chemokine cxcl2/metabolism	1.0137392347786545e-07	2.811714046307515e-07	0.0147058823529411	0.5011717509037003	1	1
osteoclasts/cytology	bone marrow cells/metabolism	1.0137392347786545e-07	2.811714046307515e-07	0.0147058823529411	0.5011717509037003	1	1
osteoclasts/cytology	bone neoplasms/secondary	1.0137392347786545e-07	2.811714046307515e-07	0.0147058823529411	0.5011717509037003	1	1
osteoclasts/cytology	osteolysis/pathology	1.0137392347786545e-07	2.811714046307515e-07	0.0147058823529411	0.5011717509037003	1	1
osteoclasts/cytology	CBX8	1.0137392347786545e-07	2.811714046307515e-07	0.0147058823529411	0.5011717509037003	1	1
osteoclasts/cytology	ACTR1B	1.0137392347786545e-07	2.811714046307515e-07	0.0147058823529411	0.5011717509037003	1	1
osteoclasts/cytology	BTG2	1.0137392347786545e-07	2.811714046307515e-07	0.0147058823529411	0.5011717509037003	1	1
osteoclasts/cytology	PCSK1	1.0137392347786545e-07	2.811714046307515e-07	0.0147058823529411	0.5011717509037003	1	1
osteoclasts/cytology	CXCR2	1.0137392347786545e-07	2.811714046307515e-07	0.0147058823529411	0.5011717509037003	1	1
osteoclasts/cytology	KRT6A	1.0137392347786545e-07	2.811714046307515e-07	0.0147058823529411	0.5011717509037003	1	1
osteoclasts/cytology	CXCL1	1.0137392347786545e-07	2.811714046307515e-07	0.0147058823529411	0.5011717509037003	1	1
osteoclasts/cytology	CXCL2	1.0137392347786545e-07	2.811714046307515e-07	0.0147058823529411	0.5011717509037003	1	1
capillary permeability	vascular endothelial growth factor a/genetics	2.220446049250313e-16	1.6698779470070298e-15	0.0147058823529411	0.5011717509037003	1	1
capillary permeability	calgranulin a/genetics	2.220446049250313e-16	1.6698779470070298e-15	0.0147058823529411	0.5011717509037003	1	1
capillary permeability	cell proliferation	0.0040814275317138	0.0062343544586088	0.1176470588235294	0.5011717509037003	1	1
capillary permeability	calgranulin b/genetics	2.220446049250313e-16	1.6698779470070298e-15	0.0147058823529411	0.5011717509037003	1	1
capillary permeability	angiopoietin-2/genetics	2.220446049250313e-16	1.6698779470070298e-15	0.0147058823529411	0.5011717509037003	1	1
capillary permeability	transforming growth factor beta/metabolism	9.356937447080328e-11	3.9262980493691277e-10	0.0294117647058823	0.5011717509037003	1	1
capillary permeability	ANGPT2	2.220446049250313e-16	1.6698779470070298e-15	0.0147058823529411	0.5011717509037003	1	1
capillary permeability	S100A8	3.629160483242799e-08	1.105875560518756e-07	0.0294117647058823	0.5011717509037003	1	1
capillary permeability	S100A9	2.220446049250313e-16	1.6698779470070298e-15	0.0147058823529411	0.5011717509037003	1	1
cathepsin k/metabolism	bone marrow/metabolism	1.0137392347786545e-07	2.811714046307515e-07	0.0147058823529411	0.5011717509037003	1	1
cathepsin k/metabolism	chemokine cxcl1/metabolism	1.0137392347786545e-07	2.811714046307515e-07	0.0147058823529411	0.5011717509037003	1	1
cathepsin k/metabolism	prostatic neoplasms/pathology	0.0003667702795712	0.0006634635521673	0.0441176470588235	0.5011717509037003	1	1
cathepsin k/metabolism	adipocytes/metabolism	0.005548883149006	0.0082217997785665	0.0588235294117647	0.5011717509037003	1	1
cathepsin k/metabolism	obesity	1.0137392347786545e-07	2.811714046307515e-07	0.0147058823529411	0.5011717509037003	1	1
cathepsin k/metabolism	chemokine cxcl2/metabolism	1.0137392347786545e-07	2.811714046307515e-07	0.0147058823529411	0.5011717509037003	1	1
cathepsin k/metabolism	bone marrow cells/metabolism	1.0137392347786545e-07	2.811714046307515e-07	0.0147058823529411	0.5011717509037003	1	1
cathepsin k/metabolism	bone neoplasms/secondary	1.0137392347786545e-07	2.811714046307515e-07	0.0147058823529411	0.5011717509037003	1	1
cathepsin k/metabolism	osteolysis/pathology	1.0137392347786545e-07	2.811714046307515e-07	0.0147058823529411	0.5011717509037003	1	1
cathepsin k/metabolism	CBX8	1.0137392347786545e-07	2.811714046307515e-07	0.0147058823529411	0.5011717509037003	1	1
cathepsin k/metabolism	ACTR1B	1.0137392347786545e-07	2.811714046307515e-07	0.0147058823529411	0.5011717509037003	1	1
cathepsin k/metabolism	BTG2	1.0137392347786545e-07	2.811714046307515e-07	0.0147058823529411	0.5011717509037003	1	1
cathepsin k/metabolism	PCSK1	1.0137392347786545e-07	2.811714046307515e-07	0.0147058823529411	0.5011717509037003	1	1
cathepsin k/metabolism	CXCR2	1.0137392347786545e-07	2.811714046307515e-07	0.0147058823529411	0.5011717509037003	1	1
cathepsin k/metabolism	KRT6A	1.0137392347786545e-07	2.811714046307515e-07	0.0147058823529411	0.5011717509037003	1	1
cathepsin k/metabolism	CXCL1	1.0137392347786545e-07	2.811714046307515e-07	0.0147058823529411	0.5011717509037003	1	1
cathepsin k/metabolism	CXCL2	1.0137392347786545e-07	2.811714046307515e-07	0.0147058823529411	0.5011717509037003	1	1
hep g2 cells	autophagy	9.315881399629689e-13	4.841691224883682e-12	0.0294117647058823	0.5011717509037003	1	1
hep g2 cells	growth differentiation factor 15/genetics	0.0	0.0	0.0147058823529411	0.5011717509037003	1	1
hep g2 cells	hepatic stellate cells/metabolism	3.497202527569243e-14	2.1738465320978986e-13	0.0294117647058823	0.5011717509037003	1	1
hep g2 cells	cell proliferation	0.0007028820688319	0.001234090099784	0.1176470588235294	0.5011717509037003	1	1
hep g2 cells	carcinoma hepatocellular/genetics	3.497202527569243e-14	2.1738465320978986e-13	0.0294117647058823	0.5011717509037003	1	1
hep g2 cells	autophagy-related protein 7/genetics	0.0	0.0	0.0147058823529411	0.5011717509037003	1	1
hep g2 cells	GDF15	0.0	0.0	0.0147058823529411	0.5011717509037003	1	1
hep g2 cells	ATG7	0.0	0.0	0.0147058823529411	0.5011717509037003	1	1
chemokines/metabolism	lymphangiogenesis	2.5250063928616846e-08	7.933678569767509e-08	0.0147058823529411	0.5011717509037003	1	1
chemokines/metabolism	leptin/physiology	2.5250063928616846e-08	7.933678569767509e-08	0.0147058823529411	0.5011717509037003	1	1
chemokines/metabolism	rna messenger/genetics	2.5250063928616846e-08	7.933678569767509e-08	0.0147058823529411	0.5011717509037003	1	1
chemokines/metabolism	neovascularization pathologic	2.5250063928616846e-08	7.933678569767509e-08	0.0147058823529411	0.5011717509037003	1	1
chemokines/metabolism	obesity/etiology	2.5250063928616846e-08	7.933678569767509e-08	0.0147058823529411	0.5011717509037003	1	1
chemokines/metabolism	adipocytes/metabolism	0.0044995911428689	0.0067906021732873	0.0588235294117647	0.5011717509037003	1	1
chemokines/metabolism	tumor cells cultured	2.5250063928616846e-08	7.933678569767509e-08	0.0147058823529411	0.5011717509037003	1	1
chemokines/metabolism	receptor melanocortin type 4/physiology	2.5250063928616846e-08	7.933678569767509e-08	0.0147058823529411	0.5011717509037003	1	1
chemokines/metabolism	apoptosis	2.5250063928616846e-08	7.933678569767509e-08	0.0147058823529411	0.5011717509037003	1	1
chemokines/metabolism	lymphatic metastasis	2.5250063928616846e-08	7.933678569767509e-08	0.0147058823529411	0.5011717509037003	1	1
chemokines/metabolism	CCR7	2.5250063928616846e-08	7.933678569767509e-08	0.0147058823529411	0.5011717509037003	1	1
chemokines/metabolism	CCL21	2.5250063928616846e-08	7.933678569767509e-08	0.0147058823529411	0.5011717509037003	1	1
chemokines/metabolism	FLT4	2.5250063928616846e-08	7.933678569767509e-08	0.0147058823529411	0.5011717509037003	1	1
chemokines/metabolism	KDR	2.5250063928616846e-08	7.933678569767509e-08	0.0147058823529411	0.5011717509037003	1	1
chemokines/metabolism	CCL19	2.5250063928616846e-08	7.933678569767509e-08	0.0147058823529411	0.5011717509037003	1	1
autophagy	neoplasms/metabolism	3.552718230714902e-09	1.3515037982767356e-08	0.0294117647058823	0.5011717509037003	1	1
autophagy	growth differentiation factor 15/genetics	9.315881399629689e-13	4.841691224883682e-12	0.0294117647058823	0.5011717509037003	1	1
autophagy	hepatic stellate cells/metabolism	1.5989558083129296e-06	3.913837526700399e-06	0.0583845478489903	0.5011717509037003	1	1
autophagy	carcinoma hepatocellular/genetics	1.5989558083129296e-06	3.913837526700399e-06	0.0583845478489903	0.5011717509037003	1	1
autophagy	fibroblasts/metabolism	3.552718230714902e-09	1.3515037982767356e-08	0.0294117647058823	0.5011717509037003	1	1
autophagy	cytokines/biosynthesis	3.552718230714902e-09	1.3515037982767356e-08	0.0294117647058823	0.5011717509037003	1	1
autophagy	hypoxia	3.552718230714902e-09	1.3515037982767356e-08	0.0294117647058823	0.5011717509037003	1	1
autophagy	cell communication	3.552718230714902e-09	1.3515037982767356e-08	0.0294117647058823	0.5011717509037003	1	1
autophagy	caveolin 1/deficiency	3.552718230714902e-09	1.3515037982767356e-08	0.0294117647058823	0.5011717509037003	1	1
autophagy	autophagy-related protein 7/genetics	9.315881399629689e-13	4.841691224883682e-12	0.0294117647058823	0.5011717509037003	1	1
autophagy	GDF15	9.315881399629689e-13	4.841691224883682e-12	0.0294117647058823	0.5011717509037003	1	1
autophagy	CSF2	3.552718230714902e-09	1.3515037982767356e-08	0.0294117647058823	0.5011717509037003	1	1
autophagy	CXCL8	9.325897335932254e-06	2.121863689099253e-05	0.0583845478489903	0.5011717509037003	1	1
autophagy	CAV1	3.552718230714902e-09	1.3515037982767356e-08	0.0294117647058823	0.5011717509037003	1	1
autophagy	ATG7	9.315881399629689e-13	4.841691224883682e-12	0.0294117647058823	0.5011717509037003	1	1
autophagy	CCL5	3.552718230714902e-09	1.3515037982767356e-08	0.0294117647058823	0.5011717509037003	1	1
nitric oxide synthase type ii/metabolism	mannose receptor	0.0	0.0	0.0147058823529411	0.5011717509037003	1	1
nitric oxide synthase type ii/metabolism	colorectal neoplasms/metabolism	0.0	0.0	0.0147058823529411	0.5011717509037003	1	1
nitric oxide synthase type ii/metabolism	hyperlipidemias	0.0	0.0	0.0147058823529411	0.5011717509037003	1	1
nitric oxide synthase type ii/metabolism	scavenger receptors class e/genetics	0.0	0.0	0.0147058823529411	0.5011717509037003	1	1
nitric oxide synthase type ii/metabolism	PROM1	0.0	0.0	0.0147058823529411	0.5011717509037003	1	1
lymphangiogenesis	leptin/physiology	2.5250063928616846e-08	7.933678569767509e-08	0.0147058823529411	0.5011717509037003	1	1
lymphangiogenesis	rna messenger/genetics	2.5250063928616846e-08	7.933678569767509e-08	0.0147058823529411	0.5011717509037003	1	1
lymphangiogenesis	neovascularization pathologic	2.5250063928616846e-08	7.933678569767509e-08	0.0147058823529411	0.5011717509037003	1	1
lymphangiogenesis	obesity/etiology	2.5250063928616846e-08	7.933678569767509e-08	0.0147058823529411	0.5011717509037003	1	1
lymphangiogenesis	adipocytes/metabolism	0.0044995911428689	0.0067906021732873	0.0588235294117647	0.5011717509037003	1	1
lymphangiogenesis	tumor cells cultured	2.5250063928616846e-08	7.933678569767509e-08	0.0147058823529411	0.5011717509037003	1	1
lymphangiogenesis	receptor melanocortin type 4/physiology	2.5250063928616846e-08	7.933678569767509e-08	0.0147058823529411	0.5011717509037003	1	1
lymphangiogenesis	apoptosis	2.5250063928616846e-08	7.933678569767509e-08	0.0147058823529411	0.5011717509037003	1	1
lymphangiogenesis	lymphatic metastasis	2.5250063928616846e-08	7.933678569767509e-08	0.0147058823529411	0.5011717509037003	1	1
lymphangiogenesis	CCR7	2.5250063928616846e-08	7.933678569767509e-08	0.0147058823529411	0.5011717509037003	1	1
lymphangiogenesis	CCL21	2.5250063928616846e-08	7.933678569767509e-08	0.0147058823529411	0.5011717509037003	1	1
lymphangiogenesis	FLT4	2.5250063928616846e-08	7.933678569767509e-08	0.0147058823529411	0.5011717509037003	1	1
lymphangiogenesis	KDR	2.5250063928616846e-08	7.933678569767509e-08	0.0147058823529411	0.5011717509037003	1	1
lymphangiogenesis	CCL19	2.5250063928616846e-08	7.933678569767509e-08	0.0147058823529411	0.5011717509037003	1	1
leptin/physiology	rna messenger/genetics	2.5250063928616846e-08	7.933678569767509e-08	0.0147058823529411	0.5011717509037003	1	1
leptin/physiology	neovascularization pathologic	2.5250063928616846e-08	7.933678569767509e-08	0.0147058823529411	0.5011717509037003	1	1
leptin/physiology	obesity/etiology	2.5250063928616846e-08	7.933678569767509e-08	0.0147058823529411	0.5011717509037003	1	1
leptin/physiology	adipocytes/metabolism	0.0044995911428689	0.0067906021732873	0.0588235294117647	0.5011717509037003	1	1
leptin/physiology	tumor cells cultured	2.5250063928616846e-08	7.933678569767509e-08	0.0147058823529411	0.5011717509037003	1	1
leptin/physiology	receptor melanocortin type 4/physiology	2.5250063928616846e-08	7.933678569767509e-08	0.0147058823529411	0.5011717509037003	1	1
leptin/physiology	apoptosis	2.5250063928616846e-08	7.933678569767509e-08	0.0147058823529411	0.5011717509037003	1	1
leptin/physiology	lymphatic metastasis	2.5250063928616846e-08	7.933678569767509e-08	0.0147058823529411	0.5011717509037003	1	1
leptin/physiology	CCR7	2.5250063928616846e-08	7.933678569767509e-08	0.0147058823529411	0.5011717509037003	1	1
leptin/physiology	CCL21	2.5250063928616846e-08	7.933678569767509e-08	0.0147058823529411	0.5011717509037003	1	1
leptin/physiology	FLT4	2.5250063928616846e-08	7.933678569767509e-08	0.0147058823529411	0.5011717509037003	1	1
leptin/physiology	KDR	2.5250063928616846e-08	7.933678569767509e-08	0.0147058823529411	0.5011717509037003	1	1
leptin/physiology	CCL19	2.5250063928616846e-08	7.933678569767509e-08	0.0147058823529411	0.5011717509037003	1	1
biomarkers/blood	adiponectin/blood	2.220446049250313e-16	1.6698779470070298e-15	0.0147058823529411	0.5011717509037003	1	1
biomarkers/blood	hepatocyte growth factor/blood	2.220446049250313e-16	1.6698779470070298e-15	0.0147058823529411	0.5011717509037003	1	1
biomarkers/blood	HGF	1.0551270968051083e-09	4.1458859116240205e-09	0.0294117647058823	0.5011717509037003	1	1
biomarkers/blood	NFKB1	0.0006329692520944	0.0011223381073134	0.088235294117647	0.5011717509037003	1	1
biomarkers/blood	EGF	2.220446049250313e-16	1.6698779470070298e-15	0.0147058823529411	0.5011717509037003	1	1
biomarkers/blood	LEP	1.3753443917075006e-07	3.772328073236761e-07	0.0294117647058823	0.5011717509037003	1	1
biomarkers/blood	JUN	2.220446049250313e-16	1.6698779470070298e-15	0.0147058823529411	0.5011717509037003	1	1
biomarkers/blood	MAPK8	5.003208958243022e-10	2.0455218826998136e-09	0.0294117647058823	0.5011717509037003	1	1
biomarkers/blood	ADIPOQ	2.220446049250313e-16	1.6698779470070298e-15	0.0147058823529411	0.5011717509037003	1	1
vascular endothelial growth factor a/genetics	calgranulin a/genetics	2.220446049250313e-16	1.6698779470070298e-15	0.0147058823529411	0.5011717509037003	1	1
vascular endothelial growth factor a/genetics	cell proliferation	0.0040814275317138	0.0062343544586088	0.1176470588235294	0.5011717509037003	1	1
vascular endothelial growth factor a/genetics	calgranulin b/genetics	2.220446049250313e-16	1.6698779470070298e-15	0.0147058823529411	0.5011717509037003	1	1
vascular endothelial growth factor a/genetics	angiopoietin-2/genetics	2.220446049250313e-16	1.6698779470070298e-15	0.0147058823529411	0.5011717509037003	1	1
vascular endothelial growth factor a/genetics	transforming growth factor beta/metabolism	9.356937447080328e-11	3.9262980493691277e-10	0.0294117647058823	0.5011717509037003	1	1
vascular endothelial growth factor a/genetics	ANGPT2	2.220446049250313e-16	1.6698779470070298e-15	0.0147058823529411	0.5011717509037003	1	1
vascular endothelial growth factor a/genetics	S100A8	3.629160483242799e-08	1.105875560518756e-07	0.0294117647058823	0.5011717509037003	1	1
vascular endothelial growth factor a/genetics	S100A9	2.220446049250313e-16	1.6698779470070298e-15	0.0147058823529411	0.5011717509037003	1	1
integrin alphavbeta3/metabolism	cell proliferation	0.0007028820688319	0.001234090099784	0.1176470588235294	0.5011717509037003	1	1
integrin alphavbeta3/metabolism	THBS2	0.0	0.0	0.0147058823529411	0.5011717509037003	1	1
integrin alphavbeta3/metabolism	MAPK8	3.389510894180603e-13	2.0500105129613826e-12	0.0294117647058823	0.5011717509037003	1	1
integrin alphavbeta3/metabolism	MAP2K7	0.0	0.0	0.0147058823529411	0.5011717509037003	1	1
inflammation/genetics	HGF	8.347322832946702e-12	3.639006249618553e-11	0.0294117647058823	0.5011717509037003	1	1
inflammation/genetics	NFKB1	0.0001223162788606	0.0002447350001658	0.088235294117647	0.5011717509037003	1	1
inflammation/genetics	TNFSF11	0.0	0.0	0.0147058823529411	0.5011717509037003	1	1
inflammation/genetics	cell proliferation	0.0012126667715968	0.0020387480065762	0.1176470588235294	0.5011717509037003	1	1
inflammation/genetics	hormones/blood	0.0	0.0	0.0147058823529411	0.5011717509037003	1	1
inflammation/genetics	sexual maturation	0.0	0.0	0.0147058823529411	0.5011717509037003	1	1
inflammation/genetics	diet high-fat	2.2039919000960143e-08	7.572392113129499e-08	0.0441176470588235	0.5011717509037003	1	1
inflammation/genetics	breast neoplasms/etiology	0.0	0.0	0.0147058823529411	0.5011717509037003	1	1
nanog homeobox protein/genetics	cell proliferation	0.0019292016302112	0.0031204215941602	0.1176470588235294	0.5011717509037003	1	1
nanog homeobox protein/genetics	alpha-ketoglutarate-dependent dioxygenase fto/metabolism	3.299471806883503e-12	1.6185704613233445e-11	0.0294117647058823	0.5011717509037003	1	1
nanog homeobox protein/genetics	sweat glands/cytology	0.0	0.0	0.0147058823529411	0.5011717509037003	1	1
nanog homeobox protein/genetics	rna messenger/metabolism	2.499179752035729e-10	1.0282216580275584e-09	0.0294117647058823	0.5011717509037003	1	1
nanog homeobox protein/genetics	gene expression regulation	0.0	0.0	0.0147058823529411	0.5011717509037003	1	1
nanog homeobox protein/genetics	NANOG	0.0	0.0	0.0147058823529411	0.5011717509037003	1	1
nanog homeobox protein/genetics	FTO	3.299471806883503e-12	1.6185704613233445e-11	0.0294117647058823	0.5011717509037003	1	1
proto-oncogene proteins c-akt/metabolism	leptin/metabolism	5.153994231399395e-09	1.853420805641719e-08	0.0147058823529411	0.5011717509037003	1	1
proto-oncogene proteins c-akt/metabolism	procollagen-lysine 2-oxoglutarate 5-dioxygenase/deficiency	5.153994231399395e-09	1.853420805641719e-08	0.0147058823529411	0.5011717509037003	1	1
proto-oncogene proteins c-akt/metabolism	breast neoplasms/pathology	5.153994231399395e-09	1.853420805641719e-08	0.0147058823529411	0.5011717509037003	1	1
proto-oncogene proteins c-akt/metabolism	adipocytes/metabolism	0.0035798874138834	0.0054954767874054	0.0588235294117647	0.5011717509037003	1	1
proto-oncogene proteins c-akt/metabolism	3t3-l1 cells	5.153994231399395e-09	1.853420805641719e-08	0.0147058823529411	0.5011717509037003	1	1
proto-oncogene proteins c-akt/metabolism	cell movement	5.153994231399395e-09	1.853420805641719e-08	0.0147058823529411	0.5011717509037003	1	1
proto-oncogene proteins c-akt/metabolism	PLOD2	5.153994231399395e-09	1.853420805641719e-08	0.0147058823529411	0.5011717509037003	1	1
proto-oncogene proteins c-akt/metabolism	LEP	9.325897335932254e-06	2.121863689099253e-05	0.0294117647058823	0.5011717509037003	1	1
neoplasms/metabolism	fibroblasts/metabolism	1.3877787807814455e-14	8.841076019431662e-14	0.0147058823529411	0.5011717509037003	1	1
neoplasms/metabolism	cytokines/biosynthesis	1.3877787807814455e-14	8.841076019431662e-14	0.0147058823529411	0.5011717509037003	1	1
neoplasms/metabolism	hypoxia	1.3877787807814455e-14	8.841076019431662e-14	0.0147058823529411	0.5011717509037003	1	1
neoplasms/metabolism	cell communication	1.3877787807814455e-14	8.841076019431662e-14	0.0147058823529411	0.5011717509037003	1	1
neoplasms/metabolism	caveolin 1/deficiency	1.3877787807814455e-14	8.841076019431662e-14	0.0147058823529411	0.5011717509037003	1	1
neoplasms/metabolism	NFKB1	0.0009583925624795	0.0016432534677729	0.088235294117647	0.5011717509037003	1	1
neoplasms/metabolism	CSF2	1.3877787807814455e-14	8.841076019431662e-14	0.0147058823529411	0.5011717509037003	1	1
neoplasms/metabolism	CXCL8	6.813807851280273e-09	2.4307894907976962e-08	0.0294117647058823	0.5011717509037003	1	1
neoplasms/metabolism	CAV1	1.3877787807814455e-14	8.841076019431662e-14	0.0147058823529411	0.5011717509037003	1	1
neoplasms/metabolism	CCL5	1.3877787807814455e-14	8.841076019431662e-14	0.0147058823529411	0.5011717509037003	1	1
growth differentiation factor 15/genetics	hepatic stellate cells/metabolism	3.497202527569243e-14	2.1738465320978986e-13	0.0294117647058823	0.5011717509037003	1	1
growth differentiation factor 15/genetics	cell proliferation	0.0007028820688319	0.001234090099784	0.1176470588235294	0.5011717509037003	1	1
growth differentiation factor 15/genetics	carcinoma hepatocellular/genetics	3.497202527569243e-14	2.1738465320978986e-13	0.0294117647058823	0.5011717509037003	1	1
growth differentiation factor 15/genetics	autophagy-related protein 7/genetics	0.0	0.0	0.0147058823529411	0.5011717509037003	1	1
growth differentiation factor 15/genetics	GDF15	0.0	0.0	0.0147058823529411	0.5011717509037003	1	1
growth differentiation factor 15/genetics	ATG7	0.0	0.0	0.0147058823529411	0.5011717509037003	1	1
glycyrrhizic acid/pharmacology	nf-kappa b/metabolism	4.826859267836881e-08	1.453533629100291e-07	0.0294117647058823	0.5011717509037003	1	1
glycyrrhizic acid/pharmacology	calgranulin a/metabolism	8.347322832946702e-12	3.639006249618553e-11	0.0147058823529411	0.5011717509037003	1	1
glycyrrhizic acid/pharmacology	colon/metabolism	8.347322832946702e-12	3.639006249618553e-11	0.0147058823529411	0.5011717509037003	1	1
glycyrrhizic acid/pharmacology	diet high-fat	5.488111327278666e-06	1.2879271081403472e-05	0.0441176470588235	0.5011717509037003	1	1
glycyrrhizic acid/pharmacology	anti-inflammatory agents/pharmacology	8.347322832946702e-12	3.639006249618553e-11	0.0147058823529411	0.5011717509037003	1	1
glycyrrhizic acid/pharmacology	NFKB1	0.0019219988077046	0.0031122832026251	0.088235294117647	0.5011717509037003	1	1
glycyrrhizic acid/pharmacology	IRF6	8.347322832946702e-12	3.639006249618553e-11	0.0147058823529411	0.5011717509037003	1	1
glycyrrhizic acid/pharmacology	S100A8	5.23252799866647e-07	1.338384302870899e-06	0.0294117647058823	0.5011717509037003	1	1
calgranulin a/genetics	cell proliferation	0.0040814275317138	0.0062343544586088	0.1176470588235294	0.5011717509037003	1	1
calgranulin a/genetics	calgranulin b/genetics	2.220446049250313e-16	1.6698779470070298e-15	0.0147058823529411	0.5011717509037003	1	1
calgranulin a/genetics	angiopoietin-2/genetics	2.220446049250313e-16	1.6698779470070298e-15	0.0147058823529411	0.5011717509037003	1	1
calgranulin a/genetics	transforming growth factor beta/metabolism	9.356937447080328e-11	3.9262980493691277e-10	0.0294117647058823	0.5011717509037003	1	1
calgranulin a/genetics	ANGPT2	2.220446049250313e-16	1.6698779470070298e-15	0.0147058823529411	0.5011717509037003	1	1
calgranulin a/genetics	S100A8	3.629160483242799e-08	1.105875560518756e-07	0.0294117647058823	0.5011717509037003	1	1
calgranulin a/genetics	S100A9	2.220446049250313e-16	1.6698779470070298e-15	0.0147058823529411	0.5011717509037003	1	1
hepatic stellate cells/metabolism	carcinoma hepatocellular/metabolism	3.299471806883503e-12	1.6185704613233445e-11	0.0294117647058823	0.5011717509037003	1	1
hepatic stellate cells/metabolism	pore forming cytotoxic proteins/metabolism	3.299471806883503e-12	1.6185704613233445e-11	0.0294117647058823	0.5011717509037003	1	1
hepatic stellate cells/metabolism	carcinoma hepatocellular/genetics	3.444821458087333e-07	8.861821748066013e-07	0.0583845478489903	0.5011717509037003	1	1
hepatic stellate cells/metabolism	phosphate-binding proteins/metabolism	3.299471806883503e-12	1.6185704613233445e-11	0.0294117647058823	0.5011717509037003	1	1
hepatic stellate cells/metabolism	cellular senescence	3.299471806883503e-12	1.6185704613233445e-11	0.0294117647058823	0.5011717509037003	1	1
hepatic stellate cells/metabolism	obesity/complications	3.299471806883503e-12	1.6185704613233445e-11	0.0294117647058823	0.5011717509037003	1	1
hepatic stellate cells/metabolism	interleukin-33/metabolism	3.299471806883503e-12	1.6185704613233445e-11	0.0294117647058823	0.5011717509037003	1	1
hepatic stellate cells/metabolism	autophagy-related protein 7/genetics	3.497202527569243e-14	2.1738465320978986e-13	0.0294117647058823	0.5011717509037003	1	1
hepatic stellate cells/metabolism	SULT2A1	3.299471806883503e-12	1.6185704613233445e-11	0.0294117647058823	0.5011717509037003	1	1
hepatic stellate cells/metabolism	IL1RL1	3.299471806883503e-12	1.6185704613233445e-11	0.0294117647058823	0.5011717509037003	1	1
hepatic stellate cells/metabolism	GDF15	3.497202527569243e-14	2.1738465320978986e-13	0.0294117647058823	0.5011717509037003	1	1
hepatic stellate cells/metabolism	IL1B	1.8924012923360325e-07	5.155013326557332e-07	0.0583845478489903	0.5011717509037003	1	1
hepatic stellate cells/metabolism	ATG7	3.497202527569243e-14	2.1738465320978986e-13	0.0294117647058823	0.5011717509037003	1	1
hepatic stellate cells/metabolism	IL33	3.299471806883503e-12	1.6185704613233445e-11	0.0294117647058823	0.5011717509037003	1	1
hepatic stellate cells/metabolism	SDCBP2	3.299471806883503e-12	1.6185704613233445e-11	0.0294117647058823	0.5011717509037003	1	1
hepatic stellate cells/metabolism	GSDMD	3.299471806883503e-12	1.6185704613233445e-11	0.0294117647058823	0.5011717509037003	1	1
bone neoplasms/pathology	obesity/pathology	0.0	0.0	0.0147058823529411	0.5011717509037003	1	1
bone neoplasms/pathology	prostatic neoplasms/pathology	3.994694982245584e-06	9.495847077198708e-06	0.0441176470588235	0.5011717509037003	1	1
bone neoplasms/pathology	bone marrow/pathology	0.0	0.0	0.0147058823529411	0.5011717509037003	1	1
bone neoplasms/pathology	adipocytes/metabolism	0.000303025297743	0.0005550172013607	0.0588235294117647	0.5011717509037003	1	1
bone neoplasms/pathology	chemokine ccl2/genetics	0.0	0.0	0.0147058823529411	0.5011717509037003	1	1
bone neoplasms/pathology	kruppel-like transcription factors/genetics	7.1850303484666256e-12	3.472360924306157e-11	0.0294117647058823	0.5011717509037003	1	1
bone neoplasms/pathology	palmitic acid/pharmacology	0.0	0.0	0.0147058823529411	0.5011717509037003	1	1
bone neoplasms/pathology	FFAR1	0.0	0.0	0.0147058823529411	0.5011717509037003	1	1
bone neoplasms/pathology	KLF7	0.0	0.0	0.0147058823529411	0.5011717509037003	1	1
bone neoplasms/pathology	MSMP	0.0	0.0	0.0147058823529411	0.5011717509037003	1	1
lipid metabolism/physiology	perilipin-5/genetics	0.0	0.0	0.0147058823529411	0.5011717509037003	1	1
lipid metabolism/physiology	carcinoma hepatocellular/genetics	3.299471806883503e-12	1.6185704613233445e-11	0.0294117647058823	0.5011717509037003	1	1
lipid metabolism/physiology	interleukin-6/genetics	0.0	0.0	0.0147058823529411	0.5011717509037003	1	1
lipid metabolism/physiology	lipids	0.0	0.0	0.0147058823529411	0.5011717509037003	1	1
lipid metabolism/physiology	PLIN1	0.0	0.0	0.0147058823529411	0.5011717509037003	1	1
lipid metabolism/physiology	IL6R	0.0	0.0	0.0147058823529411	0.5011717509037003	1	1
lipid metabolism/physiology	PLIN5	0.0	0.0	0.0147058823529411	0.5011717509037003	1	1
rna messenger/genetics	neovascularization pathologic	2.5250063928616846e-08	7.933678569767509e-08	0.0147058823529411	0.5011717509037003	1	1
rna messenger/genetics	obesity/etiology	2.5250063928616846e-08	7.933678569767509e-08	0.0147058823529411	0.5011717509037003	1	1
rna messenger/genetics	adipocytes/metabolism	0.0044995911428689	0.0067906021732873	0.0588235294117647	0.5011717509037003	1	1
rna messenger/genetics	tumor cells cultured	2.5250063928616846e-08	7.933678569767509e-08	0.0147058823529411	0.5011717509037003	1	1
rna messenger/genetics	receptor melanocortin type 4/physiology	2.5250063928616846e-08	7.933678569767509e-08	0.0147058823529411	0.5011717509037003	1	1
rna messenger/genetics	apoptosis	2.5250063928616846e-08	7.933678569767509e-08	0.0147058823529411	0.5011717509037003	1	1
rna messenger/genetics	lymphatic metastasis	2.5250063928616846e-08	7.933678569767509e-08	0.0147058823529411	0.5011717509037003	1	1
rna messenger/genetics	CCR7	2.5250063928616846e-08	7.933678569767509e-08	0.0147058823529411	0.5011717509037003	1	1
rna messenger/genetics	CCL21	2.5250063928616846e-08	7.933678569767509e-08	0.0147058823529411	0.5011717509037003	1	1
rna messenger/genetics	FLT4	2.5250063928616846e-08	7.933678569767509e-08	0.0147058823529411	0.5011717509037003	1	1
rna messenger/genetics	KDR	2.5250063928616846e-08	7.933678569767509e-08	0.0147058823529411	0.5011717509037003	1	1
rna messenger/genetics	CCL19	2.5250063928616846e-08	7.933678569767509e-08	0.0147058823529411	0.5011717509037003	1	1
adiponectin/blood	hepatocyte growth factor/blood	2.220446049250313e-16	1.6698779470070298e-15	0.0147058823529411	0.5011717509037003	1	1
adiponectin/blood	HGF	1.0551270968051083e-09	4.1458859116240205e-09	0.0294117647058823	0.5011717509037003	1	1
adiponectin/blood	NFKB1	0.0006329692520944	0.0011223381073134	0.088235294117647	0.5011717509037003	1	1
adiponectin/blood	EGF	2.220446049250313e-16	1.6698779470070298e-15	0.0147058823529411	0.5011717509037003	1	1
adiponectin/blood	LEP	1.3753443917075006e-07	3.772328073236761e-07	0.0294117647058823	0.5011717509037003	1	1
adiponectin/blood	JUN	2.220446049250313e-16	1.6698779470070298e-15	0.0147058823529411	0.5011717509037003	1	1
adiponectin/blood	MAPK8	5.003208958243022e-10	2.0455218826998136e-09	0.0294117647058823	0.5011717509037003	1	1
adiponectin/blood	ADIPOQ	2.220446049250313e-16	1.6698779470070298e-15	0.0147058823529411	0.5011717509037003	1	1
mesenchymal stem cells/metabolism	brain neoplasms/pathology	0.0	0.0	0.0147058823529411	0.5011717509037003	1	1
mesenchymal stem cells/metabolism	FTO	3.497202527569243e-14	2.1738465320978986e-13	0.0294117647058823	0.5011717509037003	1	1
mesenchymal stem cells/metabolism	YTHDF2	0.0	0.0	0.0147058823529411	0.5011717509037003	1	1
mesenchymal stem cells/metabolism	adenosine/analogs &amp; derivatives	0.0	0.0	0.0147058823529411	0.5011717509037003	1	1
mesenchymal stem cells/metabolism	alpha-ketoglutarate-dependent dioxygenase fto/metabolism	3.497202527569243e-14	2.1738465320978986e-13	0.0294117647058823	0.5011717509037003	1	1
mesenchymal stem cells/metabolism	macrophage colony-stimulating factor/metabolism	0.0	0.0	0.0147058823529411	0.5011717509037003	1	1
carcinoma hepatocellular/metabolism	pore forming cytotoxic proteins/metabolism	0.0	0.0	0.0147058823529411	0.5011717509037003	1	1
carcinoma hepatocellular/metabolism	phosphate-binding proteins/metabolism	0.0	0.0	0.0147058823529411	0.5011717509037003	1	1
carcinoma hepatocellular/metabolism	cellular senescence	0.0	0.0	0.0147058823529411	0.5011717509037003	1	1
carcinoma hepatocellular/metabolism	obesity/complications	0.0	0.0	0.0147058823529411	0.5011717509037003	1	1
carcinoma hepatocellular/metabolism	interleukin-33/metabolism	0.0	0.0	0.0147058823529411	0.5011717509037003	1	1
carcinoma hepatocellular/metabolism	SULT2A1	0.0	0.0	0.0147058823529411	0.5011717509037003	1	1
carcinoma hepatocellular/metabolism	IL1RL1	0.0	0.0	0.0147058823529411	0.5011717509037003	1	1
carcinoma hepatocellular/metabolism	IL1B	1.1106671138350066e-12	5.726727485507549e-12	0.0294117647058823	0.5011717509037003	1	1
carcinoma hepatocellular/metabolism	IL33	0.0	0.0	0.0147058823529411	0.5011717509037003	1	1
carcinoma hepatocellular/metabolism	SDCBP2	0.0	0.0	0.0147058823529411	0.5011717509037003	1	1
carcinoma hepatocellular/metabolism	GSDMD	0.0	0.0	0.0147058823529411	0.5011717509037003	1	1
nf-kappa b/metabolism	calgranulin a/metabolism	4.826859267836881e-08	1.453533629100291e-07	0.0294117647058823	0.5011717509037003	1	1
nf-kappa b/metabolism	caco-2 cells	1.889599587912017e-13	1.1457495978481745e-12	0.0294117647058823	0.5011717509037003	1	1
nf-kappa b/metabolism	colonic neoplasms/microbiology	1.889599587912017e-13	1.1457495978481745e-12	0.0294117647058823	0.5011717509037003	1	1
nf-kappa b/metabolism	colon/metabolism	4.826859267836881e-08	1.453533629100291e-07	0.0294117647058823	0.5011717509037003	1	1
nf-kappa b/metabolism	diet high-fat	5.087041898832467e-13	2.653481025395364e-12	0.001316944688323	0.1868283063250888	2	1
nf-kappa b/metabolism	ht29 cells	1.889599587912017e-13	1.1457495978481745e-12	0.0294117647058823	0.5011717509037003	1	1
nf-kappa b/metabolism	anti-inflammatory agents/pharmacology	4.826859267836881e-08	1.453533629100291e-07	0.0294117647058823	0.5011717509037003	1	1
nf-kappa b/metabolism	NFKB1	1.0338519567110185e-06	2.567434848838485e-06	0.0065847234416154	0.1868283063250888	2	1
nf-kappa b/metabolism	APC	1.889599587912017e-13	1.1457495978481745e-12	0.0294117647058823	0.5011717509037003	1	1
nf-kappa b/metabolism	IRF6	4.826859267836881e-08	1.453533629100291e-07	0.0294117647058823	0.5011717509037003	1	1
nf-kappa b/metabolism	S100A8	6.481293576388047e-05	0.000132984343149	0.0583845478489903	0.5011717509037003	1	1
nf-kappa b/metabolism	IL22	1.889599587912017e-13	1.1457495978481745e-12	0.0294117647058823	0.5011717509037003	1	1
bone marrow/metabolism	chemokine cxcl1/metabolism	1.0137392347786545e-07	2.811714046307515e-07	0.0147058823529411	0.5011717509037003	1	1
bone marrow/metabolism	prostatic neoplasms/pathology	0.0003667702795712	0.0006634635521673	0.0441176470588235	0.5011717509037003	1	1
bone marrow/metabolism	adipocytes/metabolism	0.005548883149006	0.0082217997785665	0.0588235294117647	0.5011717509037003	1	1
bone marrow/metabolism	obesity	1.0137392347786545e-07	2.811714046307515e-07	0.0147058823529411	0.5011717509037003	1	1
bone marrow/metabolism	chemokine cxcl2/metabolism	1.0137392347786545e-07	2.811714046307515e-07	0.0147058823529411	0.5011717509037003	1	1
bone marrow/metabolism	bone marrow cells/metabolism	1.0137392347786545e-07	2.811714046307515e-07	0.0147058823529411	0.5011717509037003	1	1
bone marrow/metabolism	bone neoplasms/secondary	1.0137392347786545e-07	2.811714046307515e-07	0.0147058823529411	0.5011717509037003	1	1
bone marrow/metabolism	osteolysis/pathology	1.0137392347786545e-07	2.811714046307515e-07	0.0147058823529411	0.5011717509037003	1	1
bone marrow/metabolism	CBX8	1.0137392347786545e-07	2.811714046307515e-07	0.0147058823529411	0.5011717509037003	1	1
bone marrow/metabolism	ACTR1B	1.0137392347786545e-07	2.811714046307515e-07	0.0147058823529411	0.5011717509037003	1	1
bone marrow/metabolism	BTG2	1.0137392347786545e-07	2.811714046307515e-07	0.0147058823529411	0.5011717509037003	1	1
bone marrow/metabolism	PCSK1	1.0137392347786545e-07	2.811714046307515e-07	0.0147058823529411	0.5011717509037003	1	1
bone marrow/metabolism	CXCR2	1.0137392347786545e-07	2.811714046307515e-07	0.0147058823529411	0.5011717509037003	1	1
bone marrow/metabolism	KRT6A	1.0137392347786545e-07	2.811714046307515e-07	0.0147058823529411	0.5011717509037003	1	1
bone marrow/metabolism	CXCL1	1.0137392347786545e-07	2.811714046307515e-07	0.0147058823529411	0.5011717509037003	1	1
bone marrow/metabolism	CXCL2	1.0137392347786545e-07	2.811714046307515e-07	0.0147058823529411	0.5011717509037003	1	1
lipids/chemistry	cell plasticity/genetics	0.0	0.0	0.0147058823529411	0.5011717509037003	1	1
lipids/chemistry	IL1B	4.440892098500626e-16	3.3188606538012505e-15	0.0294117647058823	0.5011717509037003	1	1
lipids/chemistry	metabolic networks and pathways	0.0	0.0	0.0147058823529411	0.5011717509037003	1	1
pore forming cytotoxic proteins/metabolism	phosphate-binding proteins/metabolism	0.0	0.0	0.0147058823529411	0.5011717509037003	1	1
pore forming cytotoxic proteins/metabolism	cellular senescence	0.0	0.0	0.0147058823529411	0.5011717509037003	1	1
pore forming cytotoxic proteins/metabolism	obesity/complications	0.0	0.0	0.0147058823529411	0.5011717509037003	1	1
pore forming cytotoxic proteins/metabolism	interleukin-33/metabolism	0.0	0.0	0.0147058823529411	0.5011717509037003	1	1
pore forming cytotoxic proteins/metabolism	SULT2A1	0.0	0.0	0.0147058823529411	0.5011717509037003	1	1
pore forming cytotoxic proteins/metabolism	IL1RL1	0.0	0.0	0.0147058823529411	0.5011717509037003	1	1
pore forming cytotoxic proteins/metabolism	IL1B	1.1106671138350066e-12	5.726727485507549e-12	0.0294117647058823	0.5011717509037003	1	1
pore forming cytotoxic proteins/metabolism	IL33	0.0	0.0	0.0147058823529411	0.5011717509037003	1	1
pore forming cytotoxic proteins/metabolism	SDCBP2	0.0	0.0	0.0147058823529411	0.5011717509037003	1	1
pore forming cytotoxic proteins/metabolism	GSDMD	0.0	0.0	0.0147058823529411	0.5011717509037003	1	1
liver cirrhosis/chemically induced	carcinoma hepatocellular/chemically induced	0.0	0.0	0.0147058823529411	0.5011717509037003	1	1
liver cirrhosis/chemically induced	transforming growth factor beta/metabolism	0.0	0.0	0.0294117647058823	0.5011717509037003	1	1
liver cirrhosis/chemically induced	kruppel-like transcription factors/genetics	0.0	0.0	0.0294117647058823	0.5011717509037003	1	1
liver cirrhosis/chemically induced	SNAI2	0.0	0.0	0.0147058823529411	0.5011717509037003	1	1
liver cirrhosis/chemically induced	SMAD2	0.0	0.0	0.0147058823529411	0.5011717509037003	1	1
liver cirrhosis/chemically induced	CDH2	0.0	0.0	0.0147058823529411	0.5011717509037003	1	1
liver cirrhosis/chemically induced	KLF10	0.0	0.0	0.0147058823529411	0.5011717509037003	1	1
obesity/pathology	prostatic neoplasms/pathology	3.994694982245584e-06	9.495847077198708e-06	0.0441176470588235	0.5011717509037003	1	1
obesity/pathology	bone marrow/pathology	0.0	0.0	0.0147058823529411	0.5011717509037003	1	1
obesity/pathology	adipocytes/metabolism	0.000303025297743	0.0005550172013607	0.0588235294117647	0.5011717509037003	1	1
obesity/pathology	chemokine ccl2/genetics	0.0	0.0	0.0147058823529411	0.5011717509037003	1	1
obesity/pathology	kruppel-like transcription factors/genetics	7.1850303484666256e-12	3.472360924306157e-11	0.0294117647058823	0.5011717509037003	1	1
obesity/pathology	palmitic acid/pharmacology	0.0	0.0	0.0147058823529411	0.5011717509037003	1	1
obesity/pathology	FFAR1	0.0	0.0	0.0147058823529411	0.5011717509037003	1	1
obesity/pathology	KLF7	0.0	0.0	0.0147058823529411	0.5011717509037003	1	1
obesity/pathology	MSMP	0.0	0.0	0.0147058823529411	0.5011717509037003	1	1
calgranulin a/metabolism	colon/metabolism	8.347322832946702e-12	3.639006249618553e-11	0.0147058823529411	0.5011717509037003	1	1
calgranulin a/metabolism	diet high-fat	5.488111327278666e-06	1.2879271081403472e-05	0.0441176470588235	0.5011717509037003	1	1
calgranulin a/metabolism	anti-inflammatory agents/pharmacology	8.347322832946702e-12	3.639006249618553e-11	0.0147058823529411	0.5011717509037003	1	1
calgranulin a/metabolism	NFKB1	0.0019219988077046	0.0031122832026251	0.088235294117647	0.5011717509037003	1	1
calgranulin a/metabolism	IRF6	8.347322832946702e-12	3.639006249618553e-11	0.0147058823529411	0.5011717509037003	1	1
calgranulin a/metabolism	S100A8	5.23252799866647e-07	1.338384302870899e-06	0.0294117647058823	0.5011717509037003	1	1
perilipin-5/genetics	carcinoma hepatocellular/genetics	3.299471806883503e-12	1.6185704613233445e-11	0.0294117647058823	0.5011717509037003	1	1
perilipin-5/genetics	interleukin-6/genetics	0.0	0.0	0.0147058823529411	0.5011717509037003	1	1
perilipin-5/genetics	lipids	0.0	0.0	0.0147058823529411	0.5011717509037003	1	1
perilipin-5/genetics	PLIN1	0.0	0.0	0.0147058823529411	0.5011717509037003	1	1
perilipin-5/genetics	IL6R	0.0	0.0	0.0147058823529411	0.5011717509037003	1	1
perilipin-5/genetics	PLIN5	0.0	0.0	0.0147058823529411	0.5011717509037003	1	1
cell proliferation	hormones/blood	0.0012126667715968	0.0020387480065762	0.1176470588235294	0.5011717509037003	1	1
cell proliferation	calgranulin b/genetics	0.0040814275317138	0.0062343544586088	0.1176470588235294	0.5011717509037003	1	1
cell proliferation	sexual maturation	0.0012126667715968	0.0020387480065762	0.1176470588235294	0.5011717509037003	1	1
cell proliferation	angiopoietin-2/genetics	0.0040814275317138	0.0062343544586088	0.1176470588235294	0.5011717509037003	1	1
cell proliferation	breast neoplasms/etiology	0.0012126667715968	0.0020387480065762	0.1176470588235294	0.5011717509037003	1	1
cell proliferation	metabolic reprogramming	0.0028790025377831	0.0045279375001737	0.1176470588235294	0.5011717509037003	1	1
cell proliferation	sweat glands/cytology	0.0019292016302112	0.0031204215941602	0.1176470588235294	0.5011717509037003	1	1
cell proliferation	autophagy-related protein 7/genetics	0.0007028820688319	0.001234090099784	0.1176470588235294	0.5011717509037003	1	1
cell proliferation	cancer-associated fibroblasts/pathology	0.0028790025377831	0.0045279375001737	0.1176470588235294	0.5011717509037003	1	1
cell proliferation	gene expression regulation	0.0019292016302112	0.0031204215941602	0.1176470588235294	0.5011717509037003	1	1
cell proliferation	FAP	0.0028790025377831	0.0045279375001737	0.1176470588235294	0.5011717509037003	1	1
cell proliferation	NANOG	0.0019292016302112	0.0031204215941602	0.1176470588235294	0.5011717509037003	1	1
cell proliferation	GDF15	0.0007028820688319	0.001234090099784	0.1176470588235294	0.5011717509037003	1	1
cell proliferation	ANGPT2	0.0040814275317138	0.0062343544586088	0.1176470588235294	0.5011717509037003	1	1
cell proliferation	ATG7	0.0007028820688319	0.001234090099784	0.1176470588235294	0.5011717509037003	1	1
cell proliferation	THBS2	0.0007028820688319	0.001234090099784	0.1176470588235294	0.5011717509037003	1	1
cell proliferation	S100A9	0.0040814275317138	0.0062343544586088	0.1176470588235294	0.5011717509037003	1	1
cell proliferation	MAP2K7	0.0007028820688319	0.001234090099784	0.1176470588235294	0.5011717509037003	1	1
cell proliferation	TNFSF11	0.0012126667715968	0.0020387480065762	0.1176470588235294	0.5011717509037003	1	1
cell proliferation	FAM126A	0.0028790025377831	0.0045279375001737	0.1176470588235294	0.5011717509037003	1	1
cell proliferation	VIM	0.0028790025377831	0.0045279375001737	0.1176470588235294	0.5011717509037003	1	1
metabolic networks and pathways	cell plasticity/genetics	0.0	0.0	0.0147058823529411	0.5011717509037003	1	1
metabolic networks and pathways	IL1B	4.440892098500626e-16	3.3188606538012505e-15	0.0294117647058823	0.5011717509037003	1	1
carcinoma hepatocellular/genetics	interleukin-6/genetics	3.299471806883503e-12	1.6185704613233445e-11	0.0294117647058823	0.5011717509037003	1	1
carcinoma hepatocellular/genetics	lipids	3.299471806883503e-12	1.6185704613233445e-11	0.0294117647058823	0.5011717509037003	1	1
carcinoma hepatocellular/genetics	autophagy-related protein 7/genetics	3.497202527569243e-14	2.1738465320978986e-13	0.0294117647058823	0.5011717509037003	1	1
carcinoma hepatocellular/genetics	GDF15	3.497202527569243e-14	2.1738465320978986e-13	0.0294117647058823	0.5011717509037003	1	1
carcinoma hepatocellular/genetics	PLIN1	3.299471806883503e-12	1.6185704613233445e-11	0.0294117647058823	0.5011717509037003	1	1
carcinoma hepatocellular/genetics	ATG7	3.497202527569243e-14	2.1738465320978986e-13	0.0294117647058823	0.5011717509037003	1	1
carcinoma hepatocellular/genetics	IL6R	3.299471806883503e-12	1.6185704613233445e-11	0.0294117647058823	0.5011717509037003	1	1
carcinoma hepatocellular/genetics	PLIN5	3.299471806883503e-12	1.6185704613233445e-11	0.0294117647058823	0.5011717509037003	1	1
caco-2 cells	colonic neoplasms/microbiology	0.0	0.0	0.0147058823529411	0.5011717509037003	1	1
caco-2 cells	diet high-fat	8.278544516571174e-10	3.2925820505141846e-09	0.0441176470588235	0.5011717509037003	1	1
caco-2 cells	ht29 cells	0.0	0.0	0.0147058823529411	0.5011717509037003	1	1
caco-2 cells	NFKB1	2.4074895876302627e-05	5.241335927869408e-05	0.088235294117647	0.5011717509037003	1	1
caco-2 cells	APC	0.0	0.0	0.0147058823529411	0.5011717509037003	1	1
caco-2 cells	IL22	0.0	0.0	0.0147058823529411	0.5011717509037003	1	1
colonic neoplasms/microbiology	diet high-fat	8.278544516571174e-10	3.2925820505141846e-09	0.0441176470588235	0.5011717509037003	1	1
colonic neoplasms/microbiology	ht29 cells	0.0	0.0	0.0147058823529411	0.5011717509037003	1	1
colonic neoplasms/microbiology	NFKB1	2.4074895876302627e-05	5.241335927869408e-05	0.088235294117647	0.5011717509037003	1	1
colonic neoplasms/microbiology	APC	0.0	0.0	0.0147058823529411	0.5011717509037003	1	1
colonic neoplasms/microbiology	IL22	0.0	0.0	0.0147058823529411	0.5011717509037003	1	1
mannose receptor	colorectal neoplasms/metabolism	0.0	0.0	0.0147058823529411	0.5011717509037003	1	1
mannose receptor	hyperlipidemias	0.0	0.0	0.0147058823529411	0.5011717509037003	1	1
mannose receptor	scavenger receptors class e/genetics	0.0	0.0	0.0147058823529411	0.5011717509037003	1	1
mannose receptor	PROM1	0.0	0.0	0.0147058823529411	0.5011717509037003	1	1
chemokine cxcl1/metabolism	prostatic neoplasms/pathology	0.0003667702795712	0.0006634635521673	0.0441176470588235	0.5011717509037003	1	1
chemokine cxcl1/metabolism	adipocytes/metabolism	0.005548883149006	0.0082217997785665	0.0588235294117647	0.5011717509037003	1	1
chemokine cxcl1/metabolism	obesity	1.0137392347786545e-07	2.811714046307515e-07	0.0147058823529411	0.5011717509037003	1	1
chemokine cxcl1/metabolism	chemokine cxcl2/metabolism	1.0137392347786545e-07	2.811714046307515e-07	0.0147058823529411	0.5011717509037003	1	1
chemokine cxcl1/metabolism	bone marrow cells/metabolism	1.0137392347786545e-07	2.811714046307515e-07	0.0147058823529411	0.5011717509037003	1	1
chemokine cxcl1/metabolism	bone neoplasms/secondary	1.0137392347786545e-07	2.811714046307515e-07	0.0147058823529411	0.5011717509037003	1	1
chemokine cxcl1/metabolism	osteolysis/pathology	1.0137392347786545e-07	2.811714046307515e-07	0.0147058823529411	0.5011717509037003	1	1
chemokine cxcl1/metabolism	CBX8	1.0137392347786545e-07	2.811714046307515e-07	0.0147058823529411	0.5011717509037003	1	1
chemokine cxcl1/metabolism	ACTR1B	1.0137392347786545e-07	2.811714046307515e-07	0.0147058823529411	0.5011717509037003	1	1
chemokine cxcl1/metabolism	BTG2	1.0137392347786545e-07	2.811714046307515e-07	0.0147058823529411	0.5011717509037003	1	1
chemokine cxcl1/metabolism	PCSK1	1.0137392347786545e-07	2.811714046307515e-07	0.0147058823529411	0.5011717509037003	1	1
chemokine cxcl1/metabolism	CXCR2	1.0137392347786545e-07	2.811714046307515e-07	0.0147058823529411	0.5011717509037003	1	1
chemokine cxcl1/metabolism	KRT6A	1.0137392347786545e-07	2.811714046307515e-07	0.0147058823529411	0.5011717509037003	1	1
chemokine cxcl1/metabolism	CXCL1	1.0137392347786545e-07	2.811714046307515e-07	0.0147058823529411	0.5011717509037003	1	1
chemokine cxcl1/metabolism	CXCL2	1.0137392347786545e-07	2.811714046307515e-07	0.0147058823529411	0.5011717509037003	1	1
interleukin-6/genetics	lipids	0.0	0.0	0.0147058823529411	0.5011717509037003	1	1
interleukin-6/genetics	PLIN1	0.0	0.0	0.0147058823529411	0.5011717509037003	1	1
interleukin-6/genetics	IL6R	0.0	0.0	0.0147058823529411	0.5011717509037003	1	1
interleukin-6/genetics	PLIN5	0.0	0.0	0.0147058823529411	0.5011717509037003	1	1
prostatic neoplasms/pathology	neoplasm invasiveness/pathology	1.660671535952396e-06	4.051066337022064e-06	0.0441176470588235	0.5011717509037003	1	1
prostatic neoplasms/pathology	bone marrow/pathology	3.994694982245584e-06	9.495847077198708e-06	0.0441176470588235	0.5011717509037003	1	1
prostatic neoplasms/pathology	adipocytes/metabolism	0.0003319755587853	0.0006061831413541	0.0077420384707478	0.1868283063250888	2	1
prostatic neoplasms/pathology	obesity	0.0003667702795712	0.0006634635521673	0.0441176470588235	0.5011717509037003	1	1
prostatic neoplasms/pathology	matrix metalloproteinase 9/metabolism	1.660671535952396e-06	4.051066337022064e-06	0.0441176470588235	0.5011717509037003	1	1
prostatic neoplasms/pathology	adipocytes/pathology	1.660671535952396e-06	4.051066337022064e-06	0.0441176470588235	0.5011717509037003	1	1
prostatic neoplasms/pathology	smad proteins/metabolism	1.660671535952396e-06	4.051066337022064e-06	0.0441176470588235	0.5011717509037003	1	1
prostatic neoplasms/pathology	chemokine cxcl2/metabolism	0.0003667702795712	0.0006634635521673	0.0441176470588235	0.5011717509037003	1	1
prostatic neoplasms/pathology	chemokine ccl2/genetics	3.994694982245584e-06	9.495847077198708e-06	0.0441176470588235	0.5011717509037003	1	1
prostatic neoplasms/pathology	bone marrow cells/metabolism	0.0003667702795712	0.0006634635521673	0.0441176470588235	0.5011717509037003	1	1
prostatic neoplasms/pathology	kruppel-like transcription factors/genetics	0.0003667702795712	0.0006634635521673	0.0869183494293239	0.5011717509037003	1	1
prostatic neoplasms/pathology	bone neoplasms/secondary	0.0003667702795712	0.0006634635521673	0.0441176470588235	0.5011717509037003	1	1
prostatic neoplasms/pathology	palmitic acid/pharmacology	3.994694982245584e-06	9.495847077198708e-06	0.0441176470588235	0.5011717509037003	1	1
prostatic neoplasms/pathology	stem cells/pathology	1.660671535952396e-06	4.051066337022064e-06	0.0441176470588235	0.5011717509037003	1	1
prostatic neoplasms/pathology	osteolysis/pathology	0.0003667702795712	0.0006634635521673	0.0441176470588235	0.5011717509037003	1	1
prostatic neoplasms/pathology	receptors androgen/metabolism	1.660671535952396e-06	4.051066337022064e-06	0.0441176470588235	0.5011717509037003	1	1
prostatic neoplasms/pathology	FFAR1	3.994694982245584e-06	9.495847077198708e-06	0.0441176470588235	0.5011717509037003	1	1
prostatic neoplasms/pathology	CBX8	0.0003667702795712	0.0006634635521673	0.0441176470588235	0.5011717509037003	1	1
prostatic neoplasms/pathology	ACTR1B	0.0003667702795712	0.0006634635521673	0.0441176470588235	0.5011717509037003	1	1
prostatic neoplasms/pathology	BTG2	0.0003667702795712	0.0006634635521673	0.0441176470588235	0.5011717509037003	1	1
prostatic neoplasms/pathology	PCSK1	0.0003667702795712	0.0006634635521673	0.0441176470588235	0.5011717509037003	1	1
prostatic neoplasms/pathology	KLF7	3.994694982245584e-06	9.495847077198708e-06	0.0441176470588235	0.5011717509037003	1	1
prostatic neoplasms/pathology	CXCR2	0.0003667702795712	0.0006634635521673	0.0441176470588235	0.5011717509037003	1	1
prostatic neoplasms/pathology	MMP9	1.660671535952396e-06	4.051066337022064e-06	0.0441176470588235	0.5011717509037003	1	1
prostatic neoplasms/pathology	KRT6A	0.0003667702795712	0.0006634635521673	0.0441176470588235	0.5011717509037003	1	1
prostatic neoplasms/pathology	CXCL1	0.0003667702795712	0.0006634635521673	0.0441176470588235	0.5011717509037003	1	1
prostatic neoplasms/pathology	MSMP	3.994694982245584e-06	9.495847077198708e-06	0.0441176470588235	0.5011717509037003	1	1
prostatic neoplasms/pathology	CXCL2	0.0003667702795712	0.0006634635521673	0.0441176470588235	0.5011717509037003	1	1
prostatic neoplasms/pathology	micrornas/metabolism	1.660671535952396e-06	4.051066337022064e-06	0.0441176470588235	0.5011717509037003	1	1
hormones/blood	sexual maturation	0.0	0.0	0.0147058823529411	0.5011717509037003	1	1
hormones/blood	diet high-fat	2.2039919000960143e-08	7.572392113129499e-08	0.0441176470588235	0.5011717509037003	1	1
hormones/blood	breast neoplasms/etiology	0.0	0.0	0.0147058823529411	0.5011717509037003	1	1
hormones/blood	HGF	8.347322832946702e-12	3.639006249618553e-11	0.0294117647058823	0.5011717509037003	1	1
hormones/blood	NFKB1	0.0001223162788606	0.0002447350001658	0.088235294117647	0.5011717509037003	1	1
hormones/blood	TNFSF11	0.0	0.0	0.0147058823529411	0.5011717509037003	1	1
neovascularization pathologic	obesity/etiology	2.5250063928616846e-08	7.933678569767509e-08	0.0147058823529411	0.5011717509037003	1	1
neovascularization pathologic	adipocytes/metabolism	0.0044995911428689	0.0067906021732873	0.0588235294117647	0.5011717509037003	1	1
neovascularization pathologic	tumor cells cultured	2.5250063928616846e-08	7.933678569767509e-08	0.0147058823529411	0.5011717509037003	1	1
neovascularization pathologic	receptor melanocortin type 4/physiology	2.5250063928616846e-08	7.933678569767509e-08	0.0147058823529411	0.5011717509037003	1	1
neovascularization pathologic	apoptosis	2.5250063928616846e-08	7.933678569767509e-08	0.0147058823529411	0.5011717509037003	1	1
neovascularization pathologic	lymphatic metastasis	2.5250063928616846e-08	7.933678569767509e-08	0.0147058823529411	0.5011717509037003	1	1
neovascularization pathologic	CCR7	2.5250063928616846e-08	7.933678569767509e-08	0.0147058823529411	0.5011717509037003	1	1
neovascularization pathologic	CCL21	2.5250063928616846e-08	7.933678569767509e-08	0.0147058823529411	0.5011717509037003	1	1
neovascularization pathologic	FLT4	2.5250063928616846e-08	7.933678569767509e-08	0.0147058823529411	0.5011717509037003	1	1
neovascularization pathologic	KDR	2.5250063928616846e-08	7.933678569767509e-08	0.0147058823529411	0.5011717509037003	1	1
neovascularization pathologic	CCL19	2.5250063928616846e-08	7.933678569767509e-08	0.0147058823529411	0.5011717509037003	1	1
calgranulin b/genetics	angiopoietin-2/genetics	2.220446049250313e-16	1.6698779470070298e-15	0.0147058823529411	0.5011717509037003	1	1
calgranulin b/genetics	transforming growth factor beta/metabolism	9.356937447080328e-11	3.9262980493691277e-10	0.0294117647058823	0.5011717509037003	1	1
calgranulin b/genetics	ANGPT2	2.220446049250313e-16	1.6698779470070298e-15	0.0147058823529411	0.5011717509037003	1	1
calgranulin b/genetics	S100A8	3.629160483242799e-08	1.105875560518756e-07	0.0294117647058823	0.5011717509037003	1	1
calgranulin b/genetics	S100A9	2.220446049250313e-16	1.6698779470070298e-15	0.0147058823529411	0.5011717509037003	1	1
sexual maturation	diet high-fat	2.2039919000960143e-08	7.572392113129499e-08	0.0441176470588235	0.5011717509037003	1	1
sexual maturation	breast neoplasms/etiology	0.0	0.0	0.0147058823529411	0.5011717509037003	1	1
sexual maturation	HGF	8.347322832946702e-12	3.639006249618553e-11	0.0294117647058823	0.5011717509037003	1	1
sexual maturation	NFKB1	0.0001223162788606	0.0002447350001658	0.088235294117647	0.5011717509037003	1	1
sexual maturation	TNFSF11	0.0	0.0	0.0147058823529411	0.5011717509037003	1	1
leptin/metabolism	procollagen-lysine 2-oxoglutarate 5-dioxygenase/deficiency	5.153994231399395e-09	1.853420805641719e-08	0.0147058823529411	0.5011717509037003	1	1
leptin/metabolism	breast neoplasms/pathology	5.153994231399395e-09	1.853420805641719e-08	0.0147058823529411	0.5011717509037003	1	1
leptin/metabolism	adipocytes/metabolism	0.0035798874138834	0.0054954767874054	0.0588235294117647	0.5011717509037003	1	1
leptin/metabolism	3t3-l1 cells	5.153994231399395e-09	1.853420805641719e-08	0.0147058823529411	0.5011717509037003	1	1
leptin/metabolism	cell movement	5.153994231399395e-09	1.853420805641719e-08	0.0147058823529411	0.5011717509037003	1	1
leptin/metabolism	PLOD2	5.153994231399395e-09	1.853420805641719e-08	0.0147058823529411	0.5011717509037003	1	1
leptin/metabolism	LEP	9.325897335932254e-06	2.121863689099253e-05	0.0294117647058823	0.5011717509037003	1	1
phosphate-binding proteins/metabolism	cellular senescence	0.0	0.0	0.0147058823529411	0.5011717509037003	1	1
phosphate-binding proteins/metabolism	obesity/complications	0.0	0.0	0.0147058823529411	0.5011717509037003	1	1
phosphate-binding proteins/metabolism	interleukin-33/metabolism	0.0	0.0	0.0147058823529411	0.5011717509037003	1	1
phosphate-binding proteins/metabolism	SULT2A1	0.0	0.0	0.0147058823529411	0.5011717509037003	1	1
phosphate-binding proteins/metabolism	IL1RL1	0.0	0.0	0.0147058823529411	0.5011717509037003	1	1
phosphate-binding proteins/metabolism	IL1B	1.1106671138350066e-12	5.726727485507549e-12	0.0294117647058823	0.5011717509037003	1	1
phosphate-binding proteins/metabolism	IL33	0.0	0.0	0.0147058823529411	0.5011717509037003	1	1
phosphate-binding proteins/metabolism	SDCBP2	0.0	0.0	0.0147058823529411	0.5011717509037003	1	1
phosphate-binding proteins/metabolism	GSDMD	0.0	0.0	0.0147058823529411	0.5011717509037003	1	1
procollagen-lysine 2-oxoglutarate 5-dioxygenase/deficiency	breast neoplasms/pathology	5.153994231399395e-09	1.853420805641719e-08	0.0147058823529411	0.5011717509037003	1	1
procollagen-lysine 2-oxoglutarate 5-dioxygenase/deficiency	adipocytes/metabolism	0.0035798874138834	0.0054954767874054	0.0588235294117647	0.5011717509037003	1	1
procollagen-lysine 2-oxoglutarate 5-dioxygenase/deficiency	3t3-l1 cells	5.153994231399395e-09	1.853420805641719e-08	0.0147058823529411	0.5011717509037003	1	1
procollagen-lysine 2-oxoglutarate 5-dioxygenase/deficiency	cell movement	5.153994231399395e-09	1.853420805641719e-08	0.0147058823529411	0.5011717509037003	1	1
procollagen-lysine 2-oxoglutarate 5-dioxygenase/deficiency	PLOD2	5.153994231399395e-09	1.853420805641719e-08	0.0147058823529411	0.5011717509037003	1	1
procollagen-lysine 2-oxoglutarate 5-dioxygenase/deficiency	LEP	9.325897335932254e-06	2.121863689099253e-05	0.0294117647058823	0.5011717509037003	1	1
cellular senescence	obesity/complications	0.0	0.0	0.0147058823529411	0.5011717509037003	1	1
cellular senescence	interleukin-33/metabolism	0.0	0.0	0.0147058823529411	0.5011717509037003	1	1
cellular senescence	SULT2A1	0.0	0.0	0.0147058823529411	0.5011717509037003	1	1
cellular senescence	IL1RL1	0.0	0.0	0.0147058823529411	0.5011717509037003	1	1
cellular senescence	IL1B	1.1106671138350066e-12	5.726727485507549e-12	0.0294117647058823	0.5011717509037003	1	1
cellular senescence	IL33	0.0	0.0	0.0147058823529411	0.5011717509037003	1	1
cellular senescence	SDCBP2	0.0	0.0	0.0147058823529411	0.5011717509037003	1	1
cellular senescence	GSDMD	0.0	0.0	0.0147058823529411	0.5011717509037003	1	1
piperazines/pharmacology	oxidative stress	6.2961706775999104e-06	1.475144009361182e-05	0.0583845478489903	0.5011717509037003	1	1
adenosine/analogs &amp; derivatives	alpha-ketoglutarate-dependent dioxygenase fto/metabolism	3.497202527569243e-14	2.1738465320978986e-13	0.0294117647058823	0.5011717509037003	1	1
adenosine/analogs &amp; derivatives	macrophage colony-stimulating factor/metabolism	0.0	0.0	0.0147058823529411	0.5011717509037003	1	1
adenosine/analogs &amp; derivatives	brain neoplasms/pathology	0.0	0.0	0.0147058823529411	0.5011717509037003	1	1
adenosine/analogs &amp; derivatives	FTO	3.497202527569243e-14	2.1738465320978986e-13	0.0294117647058823	0.5011717509037003	1	1
adenosine/analogs &amp; derivatives	YTHDF2	0.0	0.0	0.0147058823529411	0.5011717509037003	1	1
colon/metabolism	diet high-fat	5.488111327278666e-06	1.2879271081403472e-05	0.0441176470588235	0.5011717509037003	1	1
colon/metabolism	anti-inflammatory agents/pharmacology	8.347322832946702e-12	3.639006249618553e-11	0.0147058823529411	0.5011717509037003	1	1
colon/metabolism	NFKB1	0.0019219988077046	0.0031122832026251	0.088235294117647	0.5011717509037003	1	1
colon/metabolism	IRF6	8.347322832946702e-12	3.639006249618553e-11	0.0147058823529411	0.5011717509037003	1	1
colon/metabolism	S100A8	5.23252799866647e-07	1.338384302870899e-06	0.0294117647058823	0.5011717509037003	1	1
alpha-ketoglutarate-dependent dioxygenase fto/metabolism	macrophage colony-stimulating factor/metabolism	3.497202527569243e-14	2.1738465320978986e-13	0.0294117647058823	0.5011717509037003	1	1
alpha-ketoglutarate-dependent dioxygenase fto/metabolism	sweat glands/cytology	3.299471806883503e-12	1.6185704613233445e-11	0.0294117647058823	0.5011717509037003	1	1
alpha-ketoglutarate-dependent dioxygenase fto/metabolism	brain neoplasms/pathology	3.497202527569243e-14	2.1738465320978986e-13	0.0294117647058823	0.5011717509037003	1	1
alpha-ketoglutarate-dependent dioxygenase fto/metabolism	rna messenger/metabolism	3.7407967833358313e-06	8.918925664061178e-06	0.0583845478489903	0.5011717509037003	1	1
alpha-ketoglutarate-dependent dioxygenase fto/metabolism	gene expression regulation	3.299471806883503e-12	1.6185704613233445e-11	0.0294117647058823	0.5011717509037003	1	1
alpha-ketoglutarate-dependent dioxygenase fto/metabolism	NANOG	3.299471806883503e-12	1.6185704613233445e-11	0.0294117647058823	0.5011717509037003	1	1
alpha-ketoglutarate-dependent dioxygenase fto/metabolism	FTO	0.0	0.0	0.0004389815627743	0.1868283063250888	2	1
alpha-ketoglutarate-dependent dioxygenase fto/metabolism	YTHDF2	3.497202527569243e-14	2.1738465320978986e-13	0.0294117647058823	0.5011717509037003	1	1
colorectal neoplasms/metabolism	hyperlipidemias	0.0	0.0	0.0147058823529411	0.5011717509037003	1	1
colorectal neoplasms/metabolism	scavenger receptors class e/genetics	0.0	0.0	0.0147058823529411	0.5011717509037003	1	1
colorectal neoplasms/metabolism	PROM1	0.0	0.0	0.0147058823529411	0.5011717509037003	1	1
lipids	PLIN1	0.0	0.0	0.0147058823529411	0.5011717509037003	1	1
lipids	IL6R	0.0	0.0	0.0147058823529411	0.5011717509037003	1	1
lipids	PLIN5	0.0	0.0	0.0147058823529411	0.5011717509037003	1	1
diet high-fat	IRF6	5.488111327278666e-06	1.2879271081403472e-05	0.0441176470588235	0.5011717509037003	1	1
diet high-fat	S100A8	0.0009228513294738	0.0015933691829292	0.0869183494293239	0.5011717509037003	1	1
diet high-fat	TNFSF11	2.2039919000960143e-08	7.572392113129499e-08	0.0441176470588235	0.5011717509037003	1	1
diet high-fat	IL22	8.278544516571174e-10	3.2925820505141846e-09	0.0441176470588235	0.5011717509037003	1	1
diet high-fat	breast neoplasms/etiology	2.2039919000960143e-08	7.572392113129499e-08	0.0441176470588235	0.5011717509037003	1	1
diet high-fat	ht29 cells	8.278544516571174e-10	3.2925820505141846e-09	0.0441176470588235	0.5011717509037003	1	1
diet high-fat	anti-inflammatory agents/pharmacology	5.488111327278666e-06	1.2879271081403472e-05	0.0441176470588235	0.5011717509037003	1	1
diet high-fat	HGF	0.0002311983189888	0.000429163002381	0.0869183494293239	0.5011717509037003	1	1
diet high-fat	NFKB1	1.113301673072442e-09	4.3387890652040195e-09	0.0003990741479766	0.054769758680606	3	1
diet high-fat	APC	8.278544516571174e-10	3.2925820505141846e-09	0.0441176470588235	0.5011717509037003	1	1
cadherins/genetics	glioblastoma/pathology	0.0	0.0	0.0147058823529411	0.5011717509037003	1	1
cadherins/genetics	SERPINE1	0.0	0.0	0.0147058823529411	0.5011717509037003	1	1
cadherins/genetics	PDCD1LG2	0.0	0.0	0.0147058823529411	0.5011717509037003	1	1
cadherins/genetics	FAT1	0.0	0.0	0.0147058823529411	0.5011717509037003	1	1
breast neoplasms/pathology	adipocytes/metabolism	0.0035798874138834	0.0054954767874054	0.0588235294117647	0.5011717509037003	1	1
breast neoplasms/pathology	3t3-l1 cells	5.153994231399395e-09	1.853420805641719e-08	0.0147058823529411	0.5011717509037003	1	1
breast neoplasms/pathology	cell movement	5.153994231399395e-09	1.853420805641719e-08	0.0147058823529411	0.5011717509037003	1	1
breast neoplasms/pathology	PLOD2	5.153994231399395e-09	1.853420805641719e-08	0.0147058823529411	0.5011717509037003	1	1
breast neoplasms/pathology	LEP	9.325897335932254e-06	2.121863689099253e-05	0.0294117647058823	0.5011717509037003	1	1
glioblastoma/pathology	SERPINE1	0.0	0.0	0.0147058823529411	0.5011717509037003	1	1
glioblastoma/pathology	PDCD1LG2	0.0	0.0	0.0147058823529411	0.5011717509037003	1	1
glioblastoma/pathology	FAT1	0.0	0.0	0.0147058823529411	0.5011717509037003	1	1
fibroblasts/metabolism	cytokines/biosynthesis	1.3877787807814455e-14	8.841076019431662e-14	0.0147058823529411	0.5011717509037003	1	1
fibroblasts/metabolism	hypoxia	1.3877787807814455e-14	8.841076019431662e-14	0.0147058823529411	0.5011717509037003	1	1
fibroblasts/metabolism	cell communication	1.3877787807814455e-14	8.841076019431662e-14	0.0147058823529411	0.5011717509037003	1	1
fibroblasts/metabolism	caveolin 1/deficiency	1.3877787807814455e-14	8.841076019431662e-14	0.0147058823529411	0.5011717509037003	1	1
fibroblasts/metabolism	NFKB1	0.0009583925624795	0.0016432534677729	0.088235294117647	0.5011717509037003	1	1
fibroblasts/metabolism	CSF2	1.3877787807814455e-14	8.841076019431662e-14	0.0147058823529411	0.5011717509037003	1	1
fibroblasts/metabolism	CXCL8	6.813807851280273e-09	2.4307894907976962e-08	0.0294117647058823	0.5011717509037003	1	1
fibroblasts/metabolism	CAV1	1.3877787807814455e-14	8.841076019431662e-14	0.0147058823529411	0.5011717509037003	1	1
fibroblasts/metabolism	CCL5	1.3877787807814455e-14	8.841076019431662e-14	0.0147058823529411	0.5011717509037003	1	1
obesity/etiology	adipocytes/metabolism	0.0044995911428689	0.0067906021732873	0.0588235294117647	0.5011717509037003	1	1
obesity/etiology	tumor cells cultured	2.5250063928616846e-08	7.933678569767509e-08	0.0147058823529411	0.5011717509037003	1	1
obesity/etiology	receptor melanocortin type 4/physiology	2.5250063928616846e-08	7.933678569767509e-08	0.0147058823529411	0.5011717509037003	1	1
obesity/etiology	apoptosis	2.5250063928616846e-08	7.933678569767509e-08	0.0147058823529411	0.5011717509037003	1	1
obesity/etiology	lymphatic metastasis	2.5250063928616846e-08	7.933678569767509e-08	0.0147058823529411	0.5011717509037003	1	1
obesity/etiology	CCR7	2.5250063928616846e-08	7.933678569767509e-08	0.0147058823529411	0.5011717509037003	1	1
obesity/etiology	CCL21	2.5250063928616846e-08	7.933678569767509e-08	0.0147058823529411	0.5011717509037003	1	1
obesity/etiology	FLT4	2.5250063928616846e-08	7.933678569767509e-08	0.0147058823529411	0.5011717509037003	1	1
obesity/etiology	KDR	2.5250063928616846e-08	7.933678569767509e-08	0.0147058823529411	0.5011717509037003	1	1
obesity/etiology	CCL19	2.5250063928616846e-08	7.933678569767509e-08	0.0147058823529411	0.5011717509037003	1	1
hepatocyte growth factor/blood	HGF	1.0551270968051083e-09	4.1458859116240205e-09	0.0294117647058823	0.5011717509037003	1	1
hepatocyte growth factor/blood	NFKB1	0.0006329692520944	0.0011223381073134	0.088235294117647	0.5011717509037003	1	1
hepatocyte growth factor/blood	EGF	2.220446049250313e-16	1.6698779470070298e-15	0.0147058823529411	0.5011717509037003	1	1
hepatocyte growth factor/blood	LEP	1.3753443917075006e-07	3.772328073236761e-07	0.0294117647058823	0.5011717509037003	1	1
hepatocyte growth factor/blood	JUN	2.220446049250313e-16	1.6698779470070298e-15	0.0147058823529411	0.5011717509037003	1	1
hepatocyte growth factor/blood	MAPK8	5.003208958243022e-10	2.0455218826998136e-09	0.0294117647058823	0.5011717509037003	1	1
hepatocyte growth factor/blood	ADIPOQ	2.220446049250313e-16	1.6698779470070298e-15	0.0147058823529411	0.5011717509037003	1	1
angiopoietin-2/genetics	transforming growth factor beta/metabolism	9.356937447080328e-11	3.9262980493691277e-10	0.0294117647058823	0.5011717509037003	1	1
angiopoietin-2/genetics	ANGPT2	2.220446049250313e-16	1.6698779470070298e-15	0.0147058823529411	0.5011717509037003	1	1
angiopoietin-2/genetics	S100A8	3.629160483242799e-08	1.105875560518756e-07	0.0294117647058823	0.5011717509037003	1	1
angiopoietin-2/genetics	S100A9	2.220446049250313e-16	1.6698779470070298e-15	0.0147058823529411	0.5011717509037003	1	1
bone marrow/pathology	adipocytes/metabolism	0.000303025297743	0.0005550172013607	0.0588235294117647	0.5011717509037003	1	1
bone marrow/pathology	chemokine ccl2/genetics	0.0	0.0	0.0147058823529411	0.5011717509037003	1	1
bone marrow/pathology	kruppel-like transcription factors/genetics	7.1850303484666256e-12	3.472360924306157e-11	0.0294117647058823	0.5011717509037003	1	1
bone marrow/pathology	palmitic acid/pharmacology	0.0	0.0	0.0147058823529411	0.5011717509037003	1	1
bone marrow/pathology	FFAR1	0.0	0.0	0.0147058823529411	0.5011717509037003	1	1
bone marrow/pathology	KLF7	0.0	0.0	0.0147058823529411	0.5011717509037003	1	1
bone marrow/pathology	MSMP	0.0	0.0	0.0147058823529411	0.5011717509037003	1	1
hyperlipidemias	scavenger receptors class e/genetics	0.0	0.0	0.0147058823529411	0.5011717509037003	1	1
hyperlipidemias	PROM1	0.0	0.0	0.0147058823529411	0.5011717509037003	1	1
adipocytes/metabolism	3t3-l1 cells	0.0035798874138834	0.0054954767874054	0.0588235294117647	0.5011717509037003	1	1
adipocytes/metabolism	obesity	0.005548883149006	0.0082217997785665	0.0588235294117647	0.5011717509037003	1	1
adipocytes/metabolism	chemokine cxcl2/metabolism	0.005548883149006	0.0082217997785665	0.0588235294117647	0.5011717509037003	1	1
adipocytes/metabolism	cell movement	0.0035798874138834	0.0054954767874054	0.0588235294117647	0.5011717509037003	1	1
adipocytes/metabolism	tumor cells cultured	0.0044995911428689	0.0067906021732873	0.0588235294117647	0.5011717509037003	1	1
adipocytes/metabolism	chemokine ccl2/genetics	0.000303025297743	0.0005550172013607	0.0588235294117647	0.5011717509037003	1	1
adipocytes/metabolism	bone marrow cells/metabolism	0.005548883149006	0.0082217997785665	0.0588235294117647	0.5011717509037003	1	1
adipocytes/metabolism	kruppel-like transcription factors/genetics	0.005548883149006	0.0082217997785665	0.1150131694468832	0.5011717509037003	1	1
adipocytes/metabolism	bone neoplasms/secondary	0.005548883149006	0.0082217997785665	0.0588235294117647	0.5011717509037003	1	1
adipocytes/metabolism	palmitic acid/pharmacology	0.000303025297743	0.0005550172013607	0.0588235294117647	0.5011717509037003	1	1
adipocytes/metabolism	receptor melanocortin type 4/physiology	0.0044995911428689	0.0067906021732873	0.0588235294117647	0.5011717509037003	1	1
adipocytes/metabolism	osteolysis/pathology	0.005548883149006	0.0082217997785665	0.0588235294117647	0.5011717509037003	1	1
adipocytes/metabolism	apoptosis	0.0044995911428689	0.0067906021732873	0.0588235294117647	0.5011717509037003	1	1
adipocytes/metabolism	lymphatic metastasis	0.0044995911428689	0.0067906021732873	0.0588235294117647	0.5011717509037003	1	1
adipocytes/metabolism	FFAR1	0.000303025297743	0.0005550172013607	0.0588235294117647	0.5011717509037003	1	1
adipocytes/metabolism	CCR7	0.0044995911428689	0.0067906021732873	0.0588235294117647	0.5011717509037003	1	1
adipocytes/metabolism	CCL21	0.0044995911428689	0.0067906021732873	0.0588235294117647	0.5011717509037003	1	1
adipocytes/metabolism	FLT4	0.0044995911428689	0.0067906021732873	0.0588235294117647	0.5011717509037003	1	1
adipocytes/metabolism	KDR	0.0044995911428689	0.0067906021732873	0.0588235294117647	0.5011717509037003	1	1
adipocytes/metabolism	CBX8	0.005548883149006	0.0082217997785665	0.0588235294117647	0.5011717509037003	1	1
adipocytes/metabolism	PLOD2	0.0035798874138834	0.0054954767874054	0.0588235294117647	0.5011717509037003	1	1
adipocytes/metabolism	ACTR1B	0.005548883149006	0.0082217997785665	0.0588235294117647	0.5011717509037003	1	1
adipocytes/metabolism	BTG2	0.005548883149006	0.0082217997785665	0.0588235294117647	0.5011717509037003	1	1
adipocytes/metabolism	PCSK1	0.005548883149006	0.0082217997785665	0.0588235294117647	0.5011717509037003	1	1
adipocytes/metabolism	CCL19	0.0044995911428689	0.0067906021732873	0.0588235294117647	0.5011717509037003	1	1
adipocytes/metabolism	KLF7	0.000303025297743	0.0005550172013607	0.0588235294117647	0.5011717509037003	1	1
adipocytes/metabolism	CXCR2	0.005548883149006	0.0082217997785665	0.0588235294117647	0.5011717509037003	1	1
adipocytes/metabolism	KRT6A	0.005548883149006	0.0082217997785665	0.0588235294117647	0.5011717509037003	1	1
adipocytes/metabolism	CXCL1	0.005548883149006	0.0082217997785665	0.0588235294117647	0.5011717509037003	1	1
adipocytes/metabolism	MSMP	0.000303025297743	0.0005550172013607	0.0588235294117647	0.5011717509037003	1	1
adipocytes/metabolism	CXCL2	0.005548883149006	0.0082217997785665	0.0588235294117647	0.5011717509037003	1	1
obesity/complications	interleukin-33/metabolism	0.0	0.0	0.0147058823529411	0.5011717509037003	1	1
obesity/complications	SULT2A1	0.0	0.0	0.0147058823529411	0.5011717509037003	1	1
obesity/complications	IL1RL1	0.0	0.0	0.0147058823529411	0.5011717509037003	1	1
obesity/complications	IL1B	1.1106671138350066e-12	5.726727485507549e-12	0.0294117647058823	0.5011717509037003	1	1
obesity/complications	IL33	0.0	0.0	0.0147058823529411	0.5011717509037003	1	1
obesity/complications	SDCBP2	0.0	0.0	0.0147058823529411	0.5011717509037003	1	1
obesity/complications	GSDMD	0.0	0.0	0.0147058823529411	0.5011717509037003	1	1
breast neoplasms/etiology	HGF	8.347322832946702e-12	3.639006249618553e-11	0.0294117647058823	0.5011717509037003	1	1
breast neoplasms/etiology	NFKB1	0.0001223162788606	0.0002447350001658	0.088235294117647	0.5011717509037003	1	1
breast neoplasms/etiology	TNFSF11	0.0	0.0	0.0147058823529411	0.5011717509037003	1	1
ht29 cells	NFKB1	2.4074895876302627e-05	5.241335927869408e-05	0.088235294117647	0.5011717509037003	1	1
ht29 cells	APC	0.0	0.0	0.0147058823529411	0.5011717509037003	1	1
ht29 cells	IL22	0.0	0.0	0.0147058823529411	0.5011717509037003	1	1
carcinoma hepatocellular/chemically induced	transforming growth factor beta/metabolism	0.0	0.0	0.0294117647058823	0.5011717509037003	1	1
carcinoma hepatocellular/chemically induced	kruppel-like transcription factors/genetics	0.0	0.0	0.0294117647058823	0.5011717509037003	1	1
carcinoma hepatocellular/chemically induced	SNAI2	0.0	0.0	0.0147058823529411	0.5011717509037003	1	1
carcinoma hepatocellular/chemically induced	SMAD2	0.0	0.0	0.0147058823529411	0.5011717509037003	1	1
carcinoma hepatocellular/chemically induced	CDH2	0.0	0.0	0.0147058823529411	0.5011717509037003	1	1
carcinoma hepatocellular/chemically induced	KLF10	0.0	0.0	0.0147058823529411	0.5011717509037003	1	1
3t3-l1 cells	cell movement	5.153994231399395e-09	1.853420805641719e-08	0.0147058823529411	0.5011717509037003	1	1
3t3-l1 cells	PLOD2	5.153994231399395e-09	1.853420805641719e-08	0.0147058823529411	0.5011717509037003	1	1
3t3-l1 cells	LEP	9.325897335932254e-06	2.121863689099253e-05	0.0294117647058823	0.5011717509037003	1	1
cytokines/biosynthesis	hypoxia	1.3877787807814455e-14	8.841076019431662e-14	0.0147058823529411	0.5011717509037003	1	1
cytokines/biosynthesis	cell communication	1.3877787807814455e-14	8.841076019431662e-14	0.0147058823529411	0.5011717509037003	1	1
cytokines/biosynthesis	caveolin 1/deficiency	1.3877787807814455e-14	8.841076019431662e-14	0.0147058823529411	0.5011717509037003	1	1
cytokines/biosynthesis	NFKB1	0.0009583925624795	0.0016432534677729	0.088235294117647	0.5011717509037003	1	1
cytokines/biosynthesis	CSF2	1.3877787807814455e-14	8.841076019431662e-14	0.0147058823529411	0.5011717509037003	1	1
cytokines/biosynthesis	CXCL8	6.813807851280273e-09	2.4307894907976962e-08	0.0294117647058823	0.5011717509037003	1	1
cytokines/biosynthesis	CAV1	1.3877787807814455e-14	8.841076019431662e-14	0.0147058823529411	0.5011717509037003	1	1
cytokines/biosynthesis	CCL5	1.3877787807814455e-14	8.841076019431662e-14	0.0147058823529411	0.5011717509037003	1	1
obesity	chemokine cxcl2/metabolism	1.0137392347786545e-07	2.811714046307515e-07	0.0147058823529411	0.5011717509037003	1	1
obesity	bone marrow cells/metabolism	1.0137392347786545e-07	2.811714046307515e-07	0.0147058823529411	0.5011717509037003	1	1
obesity	bone neoplasms/secondary	1.0137392347786545e-07	2.811714046307515e-07	0.0147058823529411	0.5011717509037003	1	1
obesity	osteolysis/pathology	1.0137392347786545e-07	2.811714046307515e-07	0.0147058823529411	0.5011717509037003	1	1
obesity	CBX8	1.0137392347786545e-07	2.811714046307515e-07	0.0147058823529411	0.5011717509037003	1	1
obesity	ACTR1B	1.0137392347786545e-07	2.811714046307515e-07	0.0147058823529411	0.5011717509037003	1	1
obesity	BTG2	1.0137392347786545e-07	2.811714046307515e-07	0.0147058823529411	0.5011717509037003	1	1
obesity	PCSK1	1.0137392347786545e-07	2.811714046307515e-07	0.0147058823529411	0.5011717509037003	1	1
obesity	CXCR2	1.0137392347786545e-07	2.811714046307515e-07	0.0147058823529411	0.5011717509037003	1	1
obesity	KRT6A	1.0137392347786545e-07	2.811714046307515e-07	0.0147058823529411	0.5011717509037003	1	1
obesity	CXCL1	1.0137392347786545e-07	2.811714046307515e-07	0.0147058823529411	0.5011717509037003	1	1
obesity	CXCL2	1.0137392347786545e-07	2.811714046307515e-07	0.0147058823529411	0.5011717509037003	1	1
hypoxia	NFKB1	0.0009583925624795	0.0016432534677729	0.088235294117647	0.5011717509037003	1	1
hypoxia	CSF2	1.3877787807814455e-14	8.841076019431662e-14	0.0147058823529411	0.5011717509037003	1	1
hypoxia	CXCL8	6.813807851280273e-09	2.4307894907976962e-08	0.0294117647058823	0.5011717509037003	1	1
hypoxia	CAV1	1.3877787807814455e-14	8.841076019431662e-14	0.0147058823529411	0.5011717509037003	1	1
hypoxia	CCL5	1.3877787807814455e-14	8.841076019431662e-14	0.0147058823529411	0.5011717509037003	1	1
hypoxia	cell communication	1.3877787807814455e-14	8.841076019431662e-14	0.0147058823529411	0.5011717509037003	1	1
hypoxia	caveolin 1/deficiency	1.3877787807814455e-14	8.841076019431662e-14	0.0147058823529411	0.5011717509037003	1	1
metabolic reprogramming	carcinoma hepatocellular/pathology	1.1886946982286872e-10	4.933048582631732e-10	0.0294117647058823	0.5011717509037003	1	1
metabolic reprogramming	cancer-associated fibroblasts/pathology	0.0	0.0	0.0147058823529411	0.5011717509037003	1	1
metabolic reprogramming	FAP	0.0	0.0	0.0147058823529411	0.5011717509037003	1	1
metabolic reprogramming	FAM126A	0.0	0.0	0.0147058823529411	0.5011717509037003	1	1
metabolic reprogramming	VIM	0.0	0.0	0.0147058823529411	0.5011717509037003	1	1
transforming growth factor beta/metabolism	kruppel-like transcription factors/genetics	1.8924012923360325e-07	5.155013326557332e-07	0.0583845478489903	0.5011717509037003	1	1
transforming growth factor beta/metabolism	SNAI2	0.0	0.0	0.0294117647058823	0.5011717509037003	1	1
transforming growth factor beta/metabolism	SMAD2	0.0	0.0	0.0294117647058823	0.5011717509037003	1	1
transforming growth factor beta/metabolism	CDH2	0.0	0.0	0.0294117647058823	0.5011717509037003	1	1
transforming growth factor beta/metabolism	KLF10	0.0	0.0	0.0294117647058823	0.5011717509037003	1	1
transforming growth factor beta/metabolism	ANGPT2	9.356937447080328e-11	3.9262980493691277e-10	0.0294117647058823	0.5011717509037003	1	1
transforming growth factor beta/metabolism	S100A8	1.511673891285703e-05	3.3730282624049297e-05	0.0583845478489903	0.5011717509037003	1	1
transforming growth factor beta/metabolism	S100A9	9.356937447080328e-11	3.9262980493691277e-10	0.0294117647058823	0.5011717509037003	1	1
carcinoma hepatocellular/pathology	tumor microenvironment/genetics	3.299471806883503e-12	1.6185704613233445e-11	0.0294117647058823	0.5011717509037003	1	1
carcinoma hepatocellular/pathology	periostin	3.299471806883503e-12	1.6185704613233445e-11	0.0294117647058823	0.5011717509037003	1	1
carcinoma hepatocellular/pathology	endothelial progenitor cells/metabolism	3.299471806883503e-12	1.6185704613233445e-11	0.0294117647058823	0.5011717509037003	1	1
carcinoma hepatocellular/pathology	cancer-associated fibroblasts/pathology	1.1886946982286872e-10	4.933048582631732e-10	0.0294117647058823	0.5011717509037003	1	1
carcinoma hepatocellular/pathology	FAP	1.1886946982286872e-10	4.933048582631732e-10	0.0294117647058823	0.5011717509037003	1	1
carcinoma hepatocellular/pathology	CXCL8	6.201826821539136e-06	1.4535151350546432e-05	0.0583845478489903	0.5011717509037003	1	1
carcinoma hepatocellular/pathology	POSTN	3.299471806883503e-12	1.6185704613233445e-11	0.0294117647058823	0.5011717509037003	1	1
carcinoma hepatocellular/pathology	FAM126A	1.1886946982286872e-10	4.933048582631732e-10	0.0294117647058823	0.5011717509037003	1	1
carcinoma hepatocellular/pathology	VIM	1.1886946982286872e-10	4.933048582631732e-10	0.0294117647058823	0.5011717509037003	1	1
carcinoma hepatocellular/pathology	chemokine ccl2/metabolism	3.299471806883503e-12	1.6185704613233445e-11	0.0294117647058823	0.5011717509037003	1	1
cell communication	caveolin 1/deficiency	1.3877787807814455e-14	8.841076019431662e-14	0.0147058823529411	0.5011717509037003	1	1
cell communication	NFKB1	0.0009583925624795	0.0016432534677729	0.088235294117647	0.5011717509037003	1	1
cell communication	CSF2	1.3877787807814455e-14	8.841076019431662e-14	0.0147058823529411	0.5011717509037003	1	1
cell communication	CXCL8	6.813807851280273e-09	2.4307894907976962e-08	0.0294117647058823	0.5011717509037003	1	1
cell communication	CAV1	1.3877787807814455e-14	8.841076019431662e-14	0.0147058823529411	0.5011717509037003	1	1
cell communication	CCL5	1.3877787807814455e-14	8.841076019431662e-14	0.0147058823529411	0.5011717509037003	1	1
chemokine cxcl2/metabolism	bone marrow cells/metabolism	1.0137392347786545e-07	2.811714046307515e-07	0.0147058823529411	0.5011717509037003	1	1
chemokine cxcl2/metabolism	bone neoplasms/secondary	1.0137392347786545e-07	2.811714046307515e-07	0.0147058823529411	0.5011717509037003	1	1
chemokine cxcl2/metabolism	osteolysis/pathology	1.0137392347786545e-07	2.811714046307515e-07	0.0147058823529411	0.5011717509037003	1	1
chemokine cxcl2/metabolism	CBX8	1.0137392347786545e-07	2.811714046307515e-07	0.0147058823529411	0.5011717509037003	1	1
chemokine cxcl2/metabolism	ACTR1B	1.0137392347786545e-07	2.811714046307515e-07	0.0147058823529411	0.5011717509037003	1	1
chemokine cxcl2/metabolism	BTG2	1.0137392347786545e-07	2.811714046307515e-07	0.0147058823529411	0.5011717509037003	1	1
chemokine cxcl2/metabolism	PCSK1	1.0137392347786545e-07	2.811714046307515e-07	0.0147058823529411	0.5011717509037003	1	1
chemokine cxcl2/metabolism	CXCR2	1.0137392347786545e-07	2.811714046307515e-07	0.0147058823529411	0.5011717509037003	1	1
chemokine cxcl2/metabolism	KRT6A	1.0137392347786545e-07	2.811714046307515e-07	0.0147058823529411	0.5011717509037003	1	1
chemokine cxcl2/metabolism	CXCL1	1.0137392347786545e-07	2.811714046307515e-07	0.0147058823529411	0.5011717509037003	1	1
chemokine cxcl2/metabolism	CXCL2	1.0137392347786545e-07	2.811714046307515e-07	0.0147058823529411	0.5011717509037003	1	1
macrophage colony-stimulating factor/metabolism	brain neoplasms/pathology	0.0	0.0	0.0147058823529411	0.5011717509037003	1	1
macrophage colony-stimulating factor/metabolism	FTO	3.497202527569243e-14	2.1738465320978986e-13	0.0294117647058823	0.5011717509037003	1	1
macrophage colony-stimulating factor/metabolism	YTHDF2	0.0	0.0	0.0147058823529411	0.5011717509037003	1	1
sweat glands/cytology	rna messenger/metabolism	2.499179752035729e-10	1.0282216580275584e-09	0.0294117647058823	0.5011717509037003	1	1
sweat glands/cytology	gene expression regulation	0.0	0.0	0.0147058823529411	0.5011717509037003	1	1
sweat glands/cytology	NANOG	0.0	0.0	0.0147058823529411	0.5011717509037003	1	1
sweat glands/cytology	FTO	3.299471806883503e-12	1.6185704613233445e-11	0.0294117647058823	0.5011717509037003	1	1
cell movement	PLOD2	5.153994231399395e-09	1.853420805641719e-08	0.0147058823529411	0.5011717509037003	1	1
cell movement	LEP	9.325897335932254e-06	2.121863689099253e-05	0.0294117647058823	0.5011717509037003	1	1
cell plasticity/genetics	IL1B	4.440892098500626e-16	3.3188606538012505e-15	0.0294117647058823	0.5011717509037003	1	1
caveolin 1/deficiency	NFKB1	0.0009583925624795	0.0016432534677729	0.088235294117647	0.5011717509037003	1	1
caveolin 1/deficiency	CSF2	1.3877787807814455e-14	8.841076019431662e-14	0.0147058823529411	0.5011717509037003	1	1
caveolin 1/deficiency	CXCL8	6.813807851280273e-09	2.4307894907976962e-08	0.0294117647058823	0.5011717509037003	1	1
caveolin 1/deficiency	CAV1	1.3877787807814455e-14	8.841076019431662e-14	0.0147058823529411	0.5011717509037003	1	1
caveolin 1/deficiency	CCL5	1.3877787807814455e-14	8.841076019431662e-14	0.0147058823529411	0.5011717509037003	1	1
scavenger receptors class e/genetics	PROM1	0.0	0.0	0.0147058823529411	0.5011717509037003	1	1
tumor cells cultured	receptor melanocortin type 4/physiology	2.5250063928616846e-08	7.933678569767509e-08	0.0147058823529411	0.5011717509037003	1	1
tumor cells cultured	apoptosis	2.5250063928616846e-08	7.933678569767509e-08	0.0147058823529411	0.5011717509037003	1	1
tumor cells cultured	lymphatic metastasis	2.5250063928616846e-08	7.933678569767509e-08	0.0147058823529411	0.5011717509037003	1	1
tumor cells cultured	CCR7	2.5250063928616846e-08	7.933678569767509e-08	0.0147058823529411	0.5011717509037003	1	1
tumor cells cultured	CCL21	2.5250063928616846e-08	7.933678569767509e-08	0.0147058823529411	0.5011717509037003	1	1
tumor cells cultured	FLT4	2.5250063928616846e-08	7.933678569767509e-08	0.0147058823529411	0.5011717509037003	1	1
tumor cells cultured	KDR	2.5250063928616846e-08	7.933678569767509e-08	0.0147058823529411	0.5011717509037003	1	1
tumor cells cultured	CCL19	2.5250063928616846e-08	7.933678569767509e-08	0.0147058823529411	0.5011717509037003	1	1
anti-inflammatory agents/pharmacology	NFKB1	0.0019219988077046	0.0031122832026251	0.088235294117647	0.5011717509037003	1	1
anti-inflammatory agents/pharmacology	IRF6	8.347322832946702e-12	3.639006249618553e-11	0.0147058823529411	0.5011717509037003	1	1
anti-inflammatory agents/pharmacology	S100A8	5.23252799866647e-07	1.338384302870899e-06	0.0294117647058823	0.5011717509037003	1	1
chemokine ccl2/genetics	kruppel-like transcription factors/genetics	7.1850303484666256e-12	3.472360924306157e-11	0.0294117647058823	0.5011717509037003	1	1
chemokine ccl2/genetics	palmitic acid/pharmacology	0.0	0.0	0.0147058823529411	0.5011717509037003	1	1
chemokine ccl2/genetics	FFAR1	0.0	0.0	0.0147058823529411	0.5011717509037003	1	1
chemokine ccl2/genetics	KLF7	0.0	0.0	0.0147058823529411	0.5011717509037003	1	1
chemokine ccl2/genetics	MSMP	0.0	0.0	0.0147058823529411	0.5011717509037003	1	1
bone marrow cells/metabolism	bone neoplasms/secondary	1.0137392347786545e-07	2.811714046307515e-07	0.0147058823529411	0.5011717509037003	1	1
bone marrow cells/metabolism	osteolysis/pathology	1.0137392347786545e-07	2.811714046307515e-07	0.0147058823529411	0.5011717509037003	1	1
bone marrow cells/metabolism	CBX8	1.0137392347786545e-07	2.811714046307515e-07	0.0147058823529411	0.5011717509037003	1	1
bone marrow cells/metabolism	ACTR1B	1.0137392347786545e-07	2.811714046307515e-07	0.0147058823529411	0.5011717509037003	1	1
bone marrow cells/metabolism	BTG2	1.0137392347786545e-07	2.811714046307515e-07	0.0147058823529411	0.5011717509037003	1	1
bone marrow cells/metabolism	PCSK1	1.0137392347786545e-07	2.811714046307515e-07	0.0147058823529411	0.5011717509037003	1	1
bone marrow cells/metabolism	CXCR2	1.0137392347786545e-07	2.811714046307515e-07	0.0147058823529411	0.5011717509037003	1	1
bone marrow cells/metabolism	KRT6A	1.0137392347786545e-07	2.811714046307515e-07	0.0147058823529411	0.5011717509037003	1	1
bone marrow cells/metabolism	CXCL1	1.0137392347786545e-07	2.811714046307515e-07	0.0147058823529411	0.5011717509037003	1	1
bone marrow cells/metabolism	CXCL2	1.0137392347786545e-07	2.811714046307515e-07	0.0147058823529411	0.5011717509037003	1	1
cancer-associated fibroblasts/pathology	FAP	0.0	0.0	0.0147058823529411	0.5011717509037003	1	1
cancer-associated fibroblasts/pathology	FAM126A	0.0	0.0	0.0147058823529411	0.5011717509037003	1	1
cancer-associated fibroblasts/pathology	VIM	0.0	0.0	0.0147058823529411	0.5011717509037003	1	1
kruppel-like transcription factors/genetics	palmitic acid/pharmacology	7.1850303484666256e-12	3.472360924306157e-11	0.0294117647058823	0.5011717509037003	1	1
kruppel-like transcription factors/genetics	SNAI2	0.0	0.0	0.0294117647058823	0.5011717509037003	1	1
kruppel-like transcription factors/genetics	FFAR1	7.1850303484666256e-12	3.472360924306157e-11	0.0294117647058823	0.5011717509037003	1	1
kruppel-like transcription factors/genetics	SMAD2	0.0	0.0	0.0294117647058823	0.5011717509037003	1	1
kruppel-like transcription factors/genetics	CDH2	0.0	0.0	0.0294117647058823	0.5011717509037003	1	1
kruppel-like transcription factors/genetics	KLF10	0.0	0.0	0.0294117647058823	0.5011717509037003	1	1
kruppel-like transcription factors/genetics	KLF7	7.1850303484666256e-12	3.472360924306157e-11	0.0294117647058823	0.5011717509037003	1	1
kruppel-like transcription factors/genetics	MSMP	7.1850303484666256e-12	3.472360924306157e-11	0.0294117647058823	0.5011717509037003	1	1
interleukin-33/metabolism	SULT2A1	0.0	0.0	0.0147058823529411	0.5011717509037003	1	1
interleukin-33/metabolism	IL1RL1	0.0	0.0	0.0147058823529411	0.5011717509037003	1	1
interleukin-33/metabolism	IL1B	1.1106671138350066e-12	5.726727485507549e-12	0.0294117647058823	0.5011717509037003	1	1
interleukin-33/metabolism	IL33	0.0	0.0	0.0147058823529411	0.5011717509037003	1	1
interleukin-33/metabolism	SDCBP2	0.0	0.0	0.0147058823529411	0.5011717509037003	1	1
interleukin-33/metabolism	GSDMD	0.0	0.0	0.0147058823529411	0.5011717509037003	1	1
bone neoplasms/secondary	osteolysis/pathology	1.0137392347786545e-07	2.811714046307515e-07	0.0147058823529411	0.5011717509037003	1	1
bone neoplasms/secondary	CBX8	1.0137392347786545e-07	2.811714046307515e-07	0.0147058823529411	0.5011717509037003	1	1
bone neoplasms/secondary	ACTR1B	1.0137392347786545e-07	2.811714046307515e-07	0.0147058823529411	0.5011717509037003	1	1
bone neoplasms/secondary	BTG2	1.0137392347786545e-07	2.811714046307515e-07	0.0147058823529411	0.5011717509037003	1	1
bone neoplasms/secondary	PCSK1	1.0137392347786545e-07	2.811714046307515e-07	0.0147058823529411	0.5011717509037003	1	1
bone neoplasms/secondary	CXCR2	1.0137392347786545e-07	2.811714046307515e-07	0.0147058823529411	0.5011717509037003	1	1
bone neoplasms/secondary	KRT6A	1.0137392347786545e-07	2.811714046307515e-07	0.0147058823529411	0.5011717509037003	1	1
bone neoplasms/secondary	CXCL1	1.0137392347786545e-07	2.811714046307515e-07	0.0147058823529411	0.5011717509037003	1	1
bone neoplasms/secondary	CXCL2	1.0137392347786545e-07	2.811714046307515e-07	0.0147058823529411	0.5011717509037003	1	1
palmitic acid/pharmacology	FFAR1	0.0	0.0	0.0147058823529411	0.5011717509037003	1	1
palmitic acid/pharmacology	KLF7	0.0	0.0	0.0147058823529411	0.5011717509037003	1	1
palmitic acid/pharmacology	MSMP	0.0	0.0	0.0147058823529411	0.5011717509037003	1	1
brain neoplasms/pathology	FTO	3.497202527569243e-14	2.1738465320978986e-13	0.0294117647058823	0.5011717509037003	1	1
brain neoplasms/pathology	YTHDF2	0.0	0.0	0.0147058823529411	0.5011717509037003	1	1
FAP	FAM126A	0.0	0.0	0.0147058823529411	0.5011717509037003	1	1
FAP	VIM	0.0	0.0	0.0147058823529411	0.5011717509037003	1	1
autophagy-related protein 7/genetics	GDF15	0.0	0.0	0.0147058823529411	0.5011717509037003	1	1
autophagy-related protein 7/genetics	ATG7	0.0	0.0	0.0147058823529411	0.5011717509037003	1	1
HGF	NFKB1	6.237004576137295e-07	1.5803640636635458e-06	0.0065847234416154	0.1868283063250888	2	1
HGF	EGF	1.0551270968051083e-09	4.1458859116240205e-09	0.0294117647058823	0.5011717509037003	1	1
HGF	LEP	9.999147524053507e-05	0.0002019839072854	0.0583845478489903	0.5011717509037003	1	1
HGF	JUN	1.0551270968051083e-09	4.1458859116240205e-09	0.0294117647058823	0.5011717509037003	1	1
HGF	MAPK8	4.126900117529253e-06	9.716653463315426e-06	0.0583845478489903	0.5011717509037003	1	1
HGF	TNFSF11	8.347322832946702e-12	3.639006249618553e-11	0.0294117647058823	0.5011717509037003	1	1
HGF	ADIPOQ	1.0551270968051083e-09	4.1458859116240205e-09	0.0294117647058823	0.5011717509037003	1	1
rna messenger/metabolism	protease inhibitors/pharmacology	1.2501655599628236e-08	4.415937194802147e-08	0.0294117647058823	0.5011717509037003	1	1
rna messenger/metabolism	carcinoma hepatocellular/drug therapy	1.2501655599628236e-08	4.415937194802147e-08	0.0294117647058823	0.5011717509037003	1	1
rna messenger/metabolism	plant extracts/pharmacology	1.2501655599628236e-08	4.415937194802147e-08	0.0294117647058823	0.5011717509037003	1	1
rna messenger/metabolism	gene expression regulation	2.499179752035729e-10	1.0282216580275584e-09	0.0294117647058823	0.5011717509037003	1	1
rna messenger/metabolism	gastrointestinal tract	1.2501655599628236e-08	4.415937194802147e-08	0.0294117647058823	0.5011717509037003	1	1
rna messenger/metabolism	NANOG	2.499179752035729e-10	1.0282216580275584e-09	0.0294117647058823	0.5011717509037003	1	1
rna messenger/metabolism	FTO	3.7407967833358313e-06	8.918925664061178e-06	0.0583845478489903	0.5011717509037003	1	1
rna messenger/metabolism	digestion	1.2501655599628236e-08	4.415937194802147e-08	0.0294117647058823	0.5011717509037003	1	1
rna messenger/metabolism	stem cell factor/metabolism	1.2501655599628236e-08	4.415937194802147e-08	0.0294117647058823	0.5011717509037003	1	1
rna messenger/metabolism	macrophages/immunology	0.0020244530166931	0.0032641743016063	0.1150131694468832	0.5011717509037003	1	1
receptor melanocortin type 4/physiology	apoptosis	2.5250063928616846e-08	7.933678569767509e-08	0.0147058823529411	0.5011717509037003	1	1
receptor melanocortin type 4/physiology	lymphatic metastasis	2.5250063928616846e-08	7.933678569767509e-08	0.0147058823529411	0.5011717509037003	1	1
receptor melanocortin type 4/physiology	CCR7	2.5250063928616846e-08	7.933678569767509e-08	0.0147058823529411	0.5011717509037003	1	1
receptor melanocortin type 4/physiology	CCL21	2.5250063928616846e-08	7.933678569767509e-08	0.0147058823529411	0.5011717509037003	1	1
receptor melanocortin type 4/physiology	FLT4	2.5250063928616846e-08	7.933678569767509e-08	0.0147058823529411	0.5011717509037003	1	1
receptor melanocortin type 4/physiology	KDR	2.5250063928616846e-08	7.933678569767509e-08	0.0147058823529411	0.5011717509037003	1	1
receptor melanocortin type 4/physiology	CCL19	2.5250063928616846e-08	7.933678569767509e-08	0.0147058823529411	0.5011717509037003	1	1
NFKB1	tumor microenvironment/genetics	0.0001223162788606	0.0002447350001658	0.088235294117647	0.5011717509037003	1	1
NFKB1	endothelial progenitor cells/metabolism	0.0001223162788606	0.0002447350001658	0.088235294117647	0.5011717509037003	1	1
NFKB1	APC	2.4074895876302627e-05	5.241335927869408e-05	0.088235294117647	0.5011717509037003	1	1
NFKB1	EGF	0.0006329692520944	0.0011223381073134	0.088235294117647	0.5011717509037003	1	1
NFKB1	CSF2	0.0009583925624795	0.0016432534677729	0.088235294117647	0.5011717509037003	1	1
NFKB1	CXCL8	1.0338519567110185e-06	2.567434848838485e-06	0.0065847234416154	0.1868283063250888	2	1
NFKB1	CAV1	0.0009583925624795	0.0016432534677729	0.088235294117647	0.5011717509037003	1	1
NFKB1	IRF6	0.0019219988077046	0.0031122832026251	0.088235294117647	0.5011717509037003	1	1
NFKB1	JUN	0.0006329692520944	0.0011223381073134	0.088235294117647	0.5011717509037003	1	1
NFKB1	POSTN	0.0001223162788606	0.0002447350001658	0.088235294117647	0.5011717509037003	1	1
NFKB1	TNFSF11	0.0001223162788606	0.0002447350001658	0.088235294117647	0.5011717509037003	1	1
NFKB1	ADIPOQ	0.0006329692520944	0.0011223381073134	0.088235294117647	0.5011717509037003	1	1
NFKB1	IL22	2.4074895876302627e-05	5.241335927869408e-05	0.088235294117647	0.5011717509037003	1	1
NFKB1	CCL5	0.0009583925624795	0.0016432534677729	0.088235294117647	0.5011717509037003	1	1
NFKB1	chemokine ccl2/metabolism	0.0001223162788606	0.0002447350001658	0.088235294117647	0.5011717509037003	1	1
NFKB1	periostin	0.0001223162788606	0.0002447350001658	0.088235294117647	0.5011717509037003	1	1
osteolysis/pathology	CBX8	1.0137392347786545e-07	2.811714046307515e-07	0.0147058823529411	0.5011717509037003	1	1
osteolysis/pathology	ACTR1B	1.0137392347786545e-07	2.811714046307515e-07	0.0147058823529411	0.5011717509037003	1	1
osteolysis/pathology	BTG2	1.0137392347786545e-07	2.811714046307515e-07	0.0147058823529411	0.5011717509037003	1	1
osteolysis/pathology	PCSK1	1.0137392347786545e-07	2.811714046307515e-07	0.0147058823529411	0.5011717509037003	1	1
osteolysis/pathology	CXCR2	1.0137392347786545e-07	2.811714046307515e-07	0.0147058823529411	0.5011717509037003	1	1
osteolysis/pathology	KRT6A	1.0137392347786545e-07	2.811714046307515e-07	0.0147058823529411	0.5011717509037003	1	1
osteolysis/pathology	CXCL1	1.0137392347786545e-07	2.811714046307515e-07	0.0147058823529411	0.5011717509037003	1	1
osteolysis/pathology	CXCL2	1.0137392347786545e-07	2.811714046307515e-07	0.0147058823529411	0.5011717509037003	1	1
gene expression regulation	NANOG	0.0	0.0	0.0147058823529411	0.5011717509037003	1	1
gene expression regulation	FTO	3.299471806883503e-12	1.6185704613233445e-11	0.0294117647058823	0.5011717509037003	1	1
APC	IL22	0.0	0.0	0.0147058823529411	0.5011717509037003	1	1
apoptosis	lymphatic metastasis	2.5250063928616846e-08	7.933678569767509e-08	0.0147058823529411	0.5011717509037003	1	1
apoptosis	CCR7	2.5250063928616846e-08	7.933678569767509e-08	0.0147058823529411	0.5011717509037003	1	1
apoptosis	CCL21	2.5250063928616846e-08	7.933678569767509e-08	0.0147058823529411	0.5011717509037003	1	1
apoptosis	FLT4	2.5250063928616846e-08	7.933678569767509e-08	0.0147058823529411	0.5011717509037003	1	1
apoptosis	KDR	2.5250063928616846e-08	7.933678569767509e-08	0.0147058823529411	0.5011717509037003	1	1
apoptosis	CCL19	2.5250063928616846e-08	7.933678569767509e-08	0.0147058823529411	0.5011717509037003	1	1
IL1B	SULT2A1	1.1106671138350066e-12	5.726727485507549e-12	0.0294117647058823	0.5011717509037003	1	1
IL1B	IL1RL1	1.1106671138350066e-12	5.726727485507549e-12	0.0294117647058823	0.5011717509037003	1	1
IL1B	IL33	1.1106671138350066e-12	5.726727485507549e-12	0.0294117647058823	0.5011717509037003	1	1
IL1B	SDCBP2	1.1106671138350066e-12	5.726727485507549e-12	0.0294117647058823	0.5011717509037003	1	1
IL1B	GSDMD	1.1106671138350066e-12	5.726727485507549e-12	0.0294117647058823	0.5011717509037003	1	1
lymphatic metastasis	CCR7	2.5250063928616846e-08	7.933678569767509e-08	0.0147058823529411	0.5011717509037003	1	1
lymphatic metastasis	CCL21	2.5250063928616846e-08	7.933678569767509e-08	0.0147058823529411	0.5011717509037003	1	1
lymphatic metastasis	FLT4	2.5250063928616846e-08	7.933678569767509e-08	0.0147058823529411	0.5011717509037003	1	1
lymphatic metastasis	KDR	2.5250063928616846e-08	7.933678569767509e-08	0.0147058823529411	0.5011717509037003	1	1
lymphatic metastasis	CCL19	2.5250063928616846e-08	7.933678569767509e-08	0.0147058823529411	0.5011717509037003	1	1
SNAI2	SMAD2	0.0	0.0	0.0147058823529411	0.5011717509037003	1	1
SNAI2	CDH2	0.0	0.0	0.0147058823529411	0.5011717509037003	1	1
SNAI2	KLF10	0.0	0.0	0.0147058823529411	0.5011717509037003	1	1
SULT2A1	IL1RL1	0.0	0.0	0.0147058823529411	0.5011717509037003	1	1
SULT2A1	IL33	0.0	0.0	0.0147058823529411	0.5011717509037003	1	1
SULT2A1	SDCBP2	0.0	0.0	0.0147058823529411	0.5011717509037003	1	1
SULT2A1	GSDMD	0.0	0.0	0.0147058823529411	0.5011717509037003	1	1
SERPINE1	PDCD1LG2	0.0	0.0	0.0147058823529411	0.5011717509037003	1	1
SERPINE1	FAT1	0.0	0.0	0.0147058823529411	0.5011717509037003	1	1
gastrointestinal tract	protease inhibitors/pharmacology	1.3877787807814455e-14	8.841076019431662e-14	0.0147058823529411	0.5011717509037003	1	1
gastrointestinal tract	carcinoma hepatocellular/drug therapy	1.3877787807814455e-14	8.841076019431662e-14	0.0147058823529411	0.5011717509037003	1	1
gastrointestinal tract	plant extracts/pharmacology	1.3877787807814455e-14	8.841076019431662e-14	0.0147058823529411	0.5011717509037003	1	1
gastrointestinal tract	digestion	1.3877787807814455e-14	8.841076019431662e-14	0.0147058823529411	0.5011717509037003	1	1
gastrointestinal tract	stem cell factor/metabolism	1.3877787807814455e-14	8.841076019431662e-14	0.0147058823529411	0.5011717509037003	1	1
gastrointestinal tract	macrophages/immunology	2.464347120767485e-05	5.337556909803737e-05	0.0588235294117647	0.5011717509037003	1	1
IRF6	S100A8	5.23252799866647e-07	1.338384302870899e-06	0.0294117647058823	0.5011717509037003	1	1
S100A8	ANGPT2	3.629160483242799e-08	1.105875560518756e-07	0.0294117647058823	0.5011717509037003	1	1
S100A8	S100A9	3.629160483242799e-08	1.105875560518756e-07	0.0294117647058823	0.5011717509037003	1	1
NANOG	FTO	3.299471806883503e-12	1.6185704613233445e-11	0.0294117647058823	0.5011717509037003	1	1
IL1RL1	IL33	0.0	0.0	0.0147058823529411	0.5011717509037003	1	1
IL1RL1	SDCBP2	0.0	0.0	0.0147058823529411	0.5011717509037003	1	1
IL1RL1	GSDMD	0.0	0.0	0.0147058823529411	0.5011717509037003	1	1
FFAR1	KLF7	0.0	0.0	0.0147058823529411	0.5011717509037003	1	1
FFAR1	MSMP	0.0	0.0	0.0147058823529411	0.5011717509037003	1	1
CCR7	CCL21	2.5250063928616846e-08	7.933678569767509e-08	0.0147058823529411	0.5011717509037003	1	1
CCR7	FLT4	2.5250063928616846e-08	7.933678569767509e-08	0.0147058823529411	0.5011717509037003	1	1
CCR7	KDR	2.5250063928616846e-08	7.933678569767509e-08	0.0147058823529411	0.5011717509037003	1	1
CCR7	CCL19	2.5250063928616846e-08	7.933678569767509e-08	0.0147058823529411	0.5011717509037003	1	1
GDF15	ATG7	0.0	0.0	0.0147058823529411	0.5011717509037003	1	1
FAM126A	VIM	0.0	0.0	0.0147058823529411	0.5011717509037003	1	1
CCL21	FLT4	2.5250063928616846e-08	7.933678569767509e-08	0.0147058823529411	0.5011717509037003	1	1
CCL21	KDR	2.5250063928616846e-08	7.933678569767509e-08	0.0147058823529411	0.5011717509037003	1	1
CCL21	CCL19	2.5250063928616846e-08	7.933678569767509e-08	0.0147058823529411	0.5011717509037003	1	1
FLT4	KDR	2.5250063928616846e-08	7.933678569767509e-08	0.0147058823529411	0.5011717509037003	1	1
FLT4	CCL19	2.5250063928616846e-08	7.933678569767509e-08	0.0147058823529411	0.5011717509037003	1	1
SMAD2	CDH2	0.0	0.0	0.0147058823529411	0.5011717509037003	1	1
SMAD2	KLF10	0.0	0.0	0.0147058823529411	0.5011717509037003	1	1
KDR	CCL19	2.5250063928616846e-08	7.933678569767509e-08	0.0147058823529411	0.5011717509037003	1	1
EGF	LEP	1.3753443917075006e-07	3.772328073236761e-07	0.0294117647058823	0.5011717509037003	1	1
EGF	JUN	2.220446049250313e-16	1.6698779470070298e-15	0.0147058823529411	0.5011717509037003	1	1
EGF	MAPK8	5.003208958243022e-10	2.0455218826998136e-09	0.0294117647058823	0.5011717509037003	1	1
EGF	ADIPOQ	2.220446049250313e-16	1.6698779470070298e-15	0.0147058823529411	0.5011717509037003	1	1
CDH2	KLF10	0.0	0.0	0.0147058823529411	0.5011717509037003	1	1
CBX8	ACTR1B	1.0137392347786545e-07	2.811714046307515e-07	0.0147058823529411	0.5011717509037003	1	1
CBX8	BTG2	1.0137392347786545e-07	2.811714046307515e-07	0.0147058823529411	0.5011717509037003	1	1
CBX8	PCSK1	1.0137392347786545e-07	2.811714046307515e-07	0.0147058823529411	0.5011717509037003	1	1
CBX8	CXCR2	1.0137392347786545e-07	2.811714046307515e-07	0.0147058823529411	0.5011717509037003	1	1
CBX8	KRT6A	1.0137392347786545e-07	2.811714046307515e-07	0.0147058823529411	0.5011717509037003	1	1
CBX8	CXCL1	1.0137392347786545e-07	2.811714046307515e-07	0.0147058823529411	0.5011717509037003	1	1
CBX8	CXCL2	1.0137392347786545e-07	2.811714046307515e-07	0.0147058823529411	0.5011717509037003	1	1
PLOD2	LEP	9.325897335932254e-06	2.121863689099253e-05	0.0294117647058823	0.5011717509037003	1	1
ACTR1B	BTG2	1.0137392347786545e-07	2.811714046307515e-07	0.0147058823529411	0.5011717509037003	1	1
ACTR1B	PCSK1	1.0137392347786545e-07	2.811714046307515e-07	0.0147058823529411	0.5011717509037003	1	1
ACTR1B	CXCR2	1.0137392347786545e-07	2.811714046307515e-07	0.0147058823529411	0.5011717509037003	1	1
ACTR1B	KRT6A	1.0137392347786545e-07	2.811714046307515e-07	0.0147058823529411	0.5011717509037003	1	1
ACTR1B	CXCL1	1.0137392347786545e-07	2.811714046307515e-07	0.0147058823529411	0.5011717509037003	1	1
ACTR1B	CXCL2	1.0137392347786545e-07	2.811714046307515e-07	0.0147058823529411	0.5011717509037003	1	1
BTG2	PCSK1	1.0137392347786545e-07	2.811714046307515e-07	0.0147058823529411	0.5011717509037003	1	1
BTG2	CXCR2	1.0137392347786545e-07	2.811714046307515e-07	0.0147058823529411	0.5011717509037003	1	1
BTG2	KRT6A	1.0137392347786545e-07	2.811714046307515e-07	0.0147058823529411	0.5011717509037003	1	1
BTG2	CXCL1	1.0137392347786545e-07	2.811714046307515e-07	0.0147058823529411	0.5011717509037003	1	1
BTG2	CXCL2	1.0137392347786545e-07	2.811714046307515e-07	0.0147058823529411	0.5011717509037003	1	1
CSF2	CXCL8	6.813807851280273e-09	2.4307894907976962e-08	0.0294117647058823	0.5011717509037003	1	1
CSF2	CAV1	1.3877787807814455e-14	8.841076019431662e-14	0.0147058823529411	0.5011717509037003	1	1
CSF2	CCL5	1.3877787807814455e-14	8.841076019431662e-14	0.0147058823529411	0.5011717509037003	1	1
PLIN1	IL6R	0.0	0.0	0.0147058823529411	0.5011717509037003	1	1
PLIN1	PLIN5	0.0	0.0	0.0147058823529411	0.5011717509037003	1	1
CXCL8	tumor microenvironment/genetics	1.9775958648438063e-11	8.538210580322625e-11	0.0294117647058823	0.5011717509037003	1	1
CXCL8	endothelial progenitor cells/metabolism	1.9775958648438063e-11	8.538210580322625e-11	0.0294117647058823	0.5011717509037003	1	1
CXCL8	CAV1	6.813807851280273e-09	2.4307894907976962e-08	0.0294117647058823	0.5011717509037003	1	1
CXCL8	POSTN	1.9775958648438063e-11	8.538210580322625e-11	0.0294117647058823	0.5011717509037003	1	1
CXCL8	CCL5	6.813807851280273e-09	2.4307894907976962e-08	0.0294117647058823	0.5011717509037003	1	1
CXCL8	chemokine ccl2/metabolism	1.9775958648438063e-11	8.538210580322625e-11	0.0294117647058823	0.5011717509037003	1	1
CXCL8	periostin	1.9775958648438063e-11	8.538210580322625e-11	0.0294117647058823	0.5011717509037003	1	1
PCSK1	CXCR2	1.0137392347786545e-07	2.811714046307515e-07	0.0147058823529411	0.5011717509037003	1	1
PCSK1	KRT6A	1.0137392347786545e-07	2.811714046307515e-07	0.0147058823529411	0.5011717509037003	1	1
PCSK1	CXCL1	1.0137392347786545e-07	2.811714046307515e-07	0.0147058823529411	0.5011717509037003	1	1
PCSK1	CXCL2	1.0137392347786545e-07	2.811714046307515e-07	0.0147058823529411	0.5011717509037003	1	1
KLF7	MSMP	0.0	0.0	0.0147058823529411	0.5011717509037003	1	1
LEP	JUN	1.3753443917075006e-07	3.772328073236761e-07	0.0294117647058823	0.5011717509037003	1	1
LEP	MAPK8	7.252696749371346e-05	0.0001486844325021	0.0583845478489903	0.5011717509037003	1	1
LEP	ADIPOQ	1.3753443917075006e-07	3.772328073236761e-07	0.0294117647058823	0.5011717509037003	1	1
ANGPT2	S100A9	2.220446049250313e-16	1.6698779470070298e-15	0.0147058823529411	0.5011717509037003	1	1
CXCR2	KRT6A	1.0137392347786545e-07	2.811714046307515e-07	0.0147058823529411	0.5011717509037003	1	1
CXCR2	CXCL1	1.0137392347786545e-07	2.811714046307515e-07	0.0147058823529411	0.5011717509037003	1	1
CXCR2	CXCL2	1.0137392347786545e-07	2.811714046307515e-07	0.0147058823529411	0.5011717509037003	1	1
CAV1	CCL5	1.3877787807814455e-14	8.841076019431662e-14	0.0147058823529411	0.5011717509037003	1	1
THBS2	MAPK8	3.389510894180603e-13	2.0500105129613826e-12	0.0294117647058823	0.5011717509037003	1	1
THBS2	MAP2K7	0.0	0.0	0.0147058823529411	0.5011717509037003	1	1
IL6R	PLIN5	0.0	0.0	0.0147058823529411	0.5011717509037003	1	1
JUN	MAPK8	5.003208958243022e-10	2.0455218826998136e-09	0.0294117647058823	0.5011717509037003	1	1
JUN	ADIPOQ	2.220446049250313e-16	1.6698779470070298e-15	0.0147058823529411	0.5011717509037003	1	1
KRT6A	CXCL1	1.0137392347786545e-07	2.811714046307515e-07	0.0147058823529411	0.5011717509037003	1	1
KRT6A	CXCL2	1.0137392347786545e-07	2.811714046307515e-07	0.0147058823529411	0.5011717509037003	1	1
IL33	SDCBP2	0.0	0.0	0.0147058823529411	0.5011717509037003	1	1
IL33	GSDMD	0.0	0.0	0.0147058823529411	0.5011717509037003	1	1
SDCBP2	GSDMD	0.0	0.0	0.0147058823529411	0.5011717509037003	1	1
MAPK8	MAP2K7	3.389510894180603e-13	2.0500105129613826e-12	0.0294117647058823	0.5011717509037003	1	1
MAPK8	ADIPOQ	5.003208958243022e-10	2.0455218826998136e-09	0.0294117647058823	0.5011717509037003	1	1
CXCL1	CXCL2	1.0137392347786545e-07	2.811714046307515e-07	0.0147058823529411	0.5011717509037003	1	1
PDCD1LG2	FAT1	0.0	0.0	0.0147058823529411	0.5011717509037003	1	1
FTO	YTHDF2	3.497202527569243e-14	2.1738465320978986e-13	0.0294117647058823	0.5011717509037003	1	1
protease inhibitors/pharmacology	carcinoma hepatocellular/drug therapy	1.3877787807814455e-14	8.841076019431662e-14	0.0147058823529411	0.5011717509037003	1	1
protease inhibitors/pharmacology	stem cell factor/metabolism	1.3877787807814455e-14	8.841076019431662e-14	0.0147058823529411	0.5011717509037003	1	1
protease inhibitors/pharmacology	macrophages/immunology	2.464347120767485e-05	5.337556909803737e-05	0.0588235294117647	0.5011717509037003	1	1
protease inhibitors/pharmacology	plant extracts/pharmacology	1.3877787807814455e-14	8.841076019431662e-14	0.0147058823529411	0.5011717509037003	1	1
protease inhibitors/pharmacology	digestion	1.3877787807814455e-14	8.841076019431662e-14	0.0147058823529411	0.5011717509037003	1	1
carcinoma hepatocellular/drug therapy	stem cell factor/metabolism	1.3877787807814455e-14	8.841076019431662e-14	0.0147058823529411	0.5011717509037003	1	1
carcinoma hepatocellular/drug therapy	macrophages/immunology	2.464347120767485e-05	5.337556909803737e-05	0.0588235294117647	0.5011717509037003	1	1
carcinoma hepatocellular/drug therapy	plant extracts/pharmacology	1.3877787807814455e-14	8.841076019431662e-14	0.0147058823529411	0.5011717509037003	1	1
carcinoma hepatocellular/drug therapy	digestion	1.3877787807814455e-14	8.841076019431662e-14	0.0147058823529411	0.5011717509037003	1	1
phagocytosis	endometrial neoplasms/immunology	0.0	0.0	0.0147058823529411	0.5011717509037003	1	1
phagocytosis	interferon type i/metabolism	6.661338147750939e-15	4.8965959492236905e-14	0.0294117647058823	0.5011717509037003	1	1
phagocytosis	heme/metabolism	0.0	0.0	0.0147058823529411	0.5011717509037003	1	1
phagocytosis	macrophages/immunology	7.823966363673662e-08	2.3452265549330466e-07	0.0588235294117647	0.5011717509037003	1	1
stem cell factor/metabolism	macrophages/immunology	2.464347120767485e-05	5.337556909803737e-05	0.0588235294117647	0.5011717509037003	1	1
stem cell factor/metabolism	plant extracts/pharmacology	1.3877787807814455e-14	8.841076019431662e-14	0.0147058823529411	0.5011717509037003	1	1
stem cell factor/metabolism	digestion	1.3877787807814455e-14	8.841076019431662e-14	0.0147058823529411	0.5011717509037003	1	1
endometrial neoplasms/immunology	interferon type i/metabolism	6.661338147750939e-15	4.8965959492236905e-14	0.0294117647058823	0.5011717509037003	1	1
endometrial neoplasms/immunology	heme/metabolism	0.0	0.0	0.0147058823529411	0.5011717509037003	1	1
endometrial neoplasms/immunology	macrophages/immunology	7.823966363673662e-08	2.3452265549330466e-07	0.0588235294117647	0.5011717509037003	1	1
interferon type i/metabolism	tumor-associated macrophages/metabolism	2.2365942431434855e-10	9.228365538635211e-10	0.0294117647058823	0.5011717509037003	1	1
interferon type i/metabolism	neoplasms/pathology	2.2365942431434855e-10	9.228365538635211e-10	0.0294117647058823	0.5011717509037003	1	1
interferon type i/metabolism	heme/metabolism	6.661338147750939e-15	4.8965959492236905e-14	0.0294117647058823	0.5011717509037003	1	1
interferon type i/metabolism	macrophages/immunology	0.0008380115353332	0.0014563600081797	0.1150131694468832	0.5011717509037003	1	1
interferon type i/metabolism	MAPK1	2.2365942431434855e-10	9.228365538635211e-10	0.0294117647058823	0.5011717509037003	1	1
interferon type i/metabolism	AHSA1	2.2365942431434855e-10	9.228365538635211e-10	0.0294117647058823	0.5011717509037003	1	1
interferon type i/metabolism	AIMP2	2.2365942431434855e-10	9.228365538635211e-10	0.0294117647058823	0.5011717509037003	1	1
interferon type i/metabolism	MAPK14	2.2365942431434855e-10	9.228365538635211e-10	0.0294117647058823	0.5011717509037003	1	1
interferon type i/metabolism	CRK	2.2365942431434855e-10	9.228365538635211e-10	0.0294117647058823	0.5011717509037003	1	1
interferon type i/metabolism	RNF19A	2.2365942431434855e-10	9.228365538635211e-10	0.0294117647058823	0.5011717509037003	1	1
interferon type i/metabolism	POLDIP2	2.2365942431434855e-10	9.228365538635211e-10	0.0294117647058823	0.5011717509037003	1	1
heme/metabolism	macrophages/immunology	7.823966363673662e-08	2.3452265549330466e-07	0.0588235294117647	0.5011717509037003	1	1
macrophages/immunology	osteopontin/metabolism	2.464347120767485e-05	5.337556909803737e-05	0.0588235294117647	0.5011717509037003	1	1
macrophages/immunology	thyroid cancer papillary/immunology	2.464347120767485e-05	5.337556909803737e-05	0.0588235294117647	0.5011717509037003	1	1
macrophages/immunology	cachexia/immunology	7.823966363673662e-08	2.3452265549330466e-07	0.0588235294117647	0.5011717509037003	1	1
macrophages/immunology	stat3 transcription factor/immunology	7.823966363673662e-08	2.3452265549330466e-07	0.0588235294117647	0.5011717509037003	1	1
macrophages/immunology	plant extracts/pharmacology	2.464347120767485e-05	5.337556909803737e-05	0.0588235294117647	0.5011717509037003	1	1
macrophages/immunology	neoplasm recurrence local/immunology	2.464347120767485e-05	5.337556909803737e-05	0.0588235294117647	0.5011717509037003	1	1
macrophages/immunology	muscle fibers skeletal/drug effects	7.823966363673662e-08	2.3452265549330466e-07	0.0588235294117647	0.5011717509037003	1	1
macrophages/immunology	digestion	2.464347120767485e-05	5.337556909803737e-05	0.0588235294117647	0.5011717509037003	1	1
macrophages/immunology	F9	2.464347120767485e-05	5.337556909803737e-05	0.0588235294117647	0.5011717509037003	1	1
macrophages/immunology	SPP1	2.464347120767485e-05	5.337556909803737e-05	0.0588235294117647	0.5011717509037003	1	1
macrophages/immunology	CCDC6	2.464347120767485e-05	5.337556909803737e-05	0.0588235294117647	0.5011717509037003	1	1
macrophages/immunology	DUSP2	2.464347120767485e-05	5.337556909803737e-05	0.0588235294117647	0.5011717509037003	1	1
macrophages/immunology	ZCCHC12	2.464347120767485e-05	5.337556909803737e-05	0.0588235294117647	0.5011717509037003	1	1
macrophages/immunology	pancreatic neoplasms/immunology	7.823966363673662e-08	2.3452265549330466e-07	0.0588235294117647	0.5011717509037003	1	1
macrophages/immunology	PTCH1	2.464347120767485e-05	5.337556909803737e-05	0.0588235294117647	0.5011717509037003	1	1
macrophages/immunology	RET	2.464347120767485e-05	5.337556909803737e-05	0.0588235294117647	0.5011717509037003	1	1
macrophages/immunology	TAS2R38	2.464347120767485e-05	5.337556909803737e-05	0.0588235294117647	0.5011717509037003	1	1
plant extracts/pharmacology	digestion	1.3877787807814455e-14	8.841076019431662e-14	0.0147058823529411	0.5011717509037003	1	1
micrornas/metabolism	neoplasm invasiveness/pathology	0.0	0.0	0.0147058823529411	0.5011717509037003	1	1
micrornas/metabolism	matrix metalloproteinase 9/metabolism	0.0	0.0	0.0147058823529411	0.5011717509037003	1	1
micrornas/metabolism	adipocytes/pathology	0.0	0.0	0.0147058823529411	0.5011717509037003	1	1
micrornas/metabolism	smad proteins/metabolism	0.0	0.0	0.0147058823529411	0.5011717509037003	1	1
micrornas/metabolism	stem cells/pathology	0.0	0.0	0.0147058823529411	0.5011717509037003	1	1
micrornas/metabolism	receptors androgen/metabolism	0.0	0.0	0.0147058823529411	0.5011717509037003	1	1
micrornas/metabolism	MMP9	0.0	0.0	0.0147058823529411	0.5011717509037003	1	1
neoplasm invasiveness/pathology	matrix metalloproteinase 9/metabolism	0.0	0.0	0.0147058823529411	0.5011717509037003	1	1
neoplasm invasiveness/pathology	adipocytes/pathology	0.0	0.0	0.0147058823529411	0.5011717509037003	1	1
neoplasm invasiveness/pathology	smad proteins/metabolism	0.0	0.0	0.0147058823529411	0.5011717509037003	1	1
neoplasm invasiveness/pathology	stem cells/pathology	0.0	0.0	0.0147058823529411	0.5011717509037003	1	1
neoplasm invasiveness/pathology	receptors androgen/metabolism	0.0	0.0	0.0147058823529411	0.5011717509037003	1	1
neoplasm invasiveness/pathology	MMP9	0.0	0.0	0.0147058823529411	0.5011717509037003	1	1
matrix metalloproteinase 9/metabolism	adipocytes/pathology	0.0	0.0	0.0147058823529411	0.5011717509037003	1	1
matrix metalloproteinase 9/metabolism	smad proteins/metabolism	0.0	0.0	0.0147058823529411	0.5011717509037003	1	1
matrix metalloproteinase 9/metabolism	stem cells/pathology	0.0	0.0	0.0147058823529411	0.5011717509037003	1	1
matrix metalloproteinase 9/metabolism	receptors androgen/metabolism	0.0	0.0	0.0147058823529411	0.5011717509037003	1	1
matrix metalloproteinase 9/metabolism	MMP9	0.0	0.0	0.0147058823529411	0.5011717509037003	1	1
adipocytes/pathology	smad proteins/metabolism	0.0	0.0	0.0147058823529411	0.5011717509037003	1	1
adipocytes/pathology	stem cells/pathology	0.0	0.0	0.0147058823529411	0.5011717509037003	1	1
adipocytes/pathology	receptors androgen/metabolism	0.0	0.0	0.0147058823529411	0.5011717509037003	1	1
adipocytes/pathology	MMP9	0.0	0.0	0.0147058823529411	0.5011717509037003	1	1
smad proteins/metabolism	stem cells/pathology	0.0	0.0	0.0147058823529411	0.5011717509037003	1	1
smad proteins/metabolism	receptors androgen/metabolism	0.0	0.0	0.0147058823529411	0.5011717509037003	1	1
smad proteins/metabolism	MMP9	0.0	0.0	0.0147058823529411	0.5011717509037003	1	1
stem cells/pathology	receptors androgen/metabolism	0.0	0.0	0.0147058823529411	0.5011717509037003	1	1
stem cells/pathology	MMP9	0.0	0.0	0.0147058823529411	0.5011717509037003	1	1
receptors androgen/metabolism	MMP9	0.0	0.0	0.0147058823529411	0.5011717509037003	1	1
tumor microenvironment/genetics	chemokine ccl2/metabolism	0.0	0.0	0.0147058823529411	0.5011717509037003	1	1
tumor microenvironment/genetics	periostin	0.0	0.0	0.0147058823529411	0.5011717509037003	1	1
tumor microenvironment/genetics	endothelial progenitor cells/metabolism	0.0	0.0	0.0147058823529411	0.5011717509037003	1	1
tumor microenvironment/genetics	POSTN	0.0	0.0	0.0147058823529411	0.5011717509037003	1	1
pancreatic neoplasms/immunology	cachexia/immunology	0.0	0.0	0.0147058823529411	0.5011717509037003	1	1
pancreatic neoplasms/immunology	stat3 transcription factor/immunology	0.0	0.0	0.0147058823529411	0.5011717509037003	1	1
pancreatic neoplasms/immunology	muscle fibers skeletal/drug effects	0.0	0.0	0.0147058823529411	0.5011717509037003	1	1
cachexia/immunology	stat3 transcription factor/immunology	0.0	0.0	0.0147058823529411	0.5011717509037003	1	1
cachexia/immunology	muscle fibers skeletal/drug effects	0.0	0.0	0.0147058823529411	0.5011717509037003	1	1
chemokine ccl2/metabolism	periostin	0.0	0.0	0.0147058823529411	0.5011717509037003	1	1
chemokine ccl2/metabolism	endothelial progenitor cells/metabolism	0.0	0.0	0.0147058823529411	0.5011717509037003	1	1
chemokine ccl2/metabolism	POSTN	0.0	0.0	0.0147058823529411	0.5011717509037003	1	1
stat3 transcription factor/immunology	muscle fibers skeletal/drug effects	0.0	0.0	0.0147058823529411	0.5011717509037003	1	1
periostin	endothelial progenitor cells/metabolism	0.0	0.0	0.0147058823529411	0.5011717509037003	1	1
periostin	POSTN	0.0	0.0	0.0147058823529411	0.5011717509037003	1	1
endothelial progenitor cells/metabolism	POSTN	0.0	0.0	0.0147058823529411	0.5011717509037003	1	1
ovarian neoplasms/immunology	palmitic acid/metabolism	4.499733918805761e-13	2.348841441812155e-12	0.0147058823529411	0.5011717509037003	1	1
ovarian neoplasms/immunology	interleukin-17/genetics	4.499733918805761e-13	2.348841441812155e-12	0.0147058823529411	0.5011717509037003	1	1
ovarian neoplasms/immunology	recombinant proteins/metabolism	4.499733918805761e-13	2.348841441812155e-12	0.0147058823529411	0.5011717509037003	1	1
ovarian neoplasms/immunology	fatty acid-binding proteins/metabolism	4.499733918805761e-13	2.348841441812155e-12	0.0147058823529411	0.5011717509037003	1	1
ovarian neoplasms/immunology	adipocytes/immunology	4.499733918805761e-13	2.348841441812155e-12	0.0147058823529411	0.5011717509037003	1	1
ovarian neoplasms/immunology	ovary/pathology	4.499733918805761e-13	2.348841441812155e-12	0.0147058823529411	0.5011717509037003	1	1
ovarian neoplasms/immunology	receptors interleukin-17/metabolism	4.499733918805761e-13	2.348841441812155e-12	0.0147058823529411	0.5011717509037003	1	1
ovarian neoplasms/immunology	FABP4	4.499733918805761e-13	2.348841441812155e-12	0.0147058823529411	0.5011717509037003	1	1
ovarian neoplasms/immunology	IL17RA	4.499733918805761e-13	2.348841441812155e-12	0.0147058823529411	0.5011717509037003	1	1
palmitic acid/metabolism	interleukin-17/genetics	4.499733918805761e-13	2.348841441812155e-12	0.0147058823529411	0.5011717509037003	1	1
palmitic acid/metabolism	recombinant proteins/metabolism	4.499733918805761e-13	2.348841441812155e-12	0.0147058823529411	0.5011717509037003	1	1
palmitic acid/metabolism	fatty acid-binding proteins/metabolism	4.499733918805761e-13	2.348841441812155e-12	0.0147058823529411	0.5011717509037003	1	1
palmitic acid/metabolism	adipocytes/immunology	4.499733918805761e-13	2.348841441812155e-12	0.0147058823529411	0.5011717509037003	1	1
palmitic acid/metabolism	ovary/pathology	4.499733918805761e-13	2.348841441812155e-12	0.0147058823529411	0.5011717509037003	1	1
palmitic acid/metabolism	receptors interleukin-17/metabolism	4.499733918805761e-13	2.348841441812155e-12	0.0147058823529411	0.5011717509037003	1	1
palmitic acid/metabolism	FABP4	4.499733918805761e-13	2.348841441812155e-12	0.0147058823529411	0.5011717509037003	1	1
palmitic acid/metabolism	IL17RA	4.499733918805761e-13	2.348841441812155e-12	0.0147058823529411	0.5011717509037003	1	1
interleukin-17/genetics	recombinant proteins/metabolism	4.499733918805761e-13	2.348841441812155e-12	0.0147058823529411	0.5011717509037003	1	1
interleukin-17/genetics	fatty acid-binding proteins/metabolism	4.499733918805761e-13	2.348841441812155e-12	0.0147058823529411	0.5011717509037003	1	1
interleukin-17/genetics	adipocytes/immunology	4.499733918805761e-13	2.348841441812155e-12	0.0147058823529411	0.5011717509037003	1	1
interleukin-17/genetics	ovary/pathology	4.499733918805761e-13	2.348841441812155e-12	0.0147058823529411	0.5011717509037003	1	1
interleukin-17/genetics	receptors interleukin-17/metabolism	4.499733918805761e-13	2.348841441812155e-12	0.0147058823529411	0.5011717509037003	1	1
interleukin-17/genetics	FABP4	4.499733918805761e-13	2.348841441812155e-12	0.0147058823529411	0.5011717509037003	1	1
interleukin-17/genetics	IL17RA	4.499733918805761e-13	2.348841441812155e-12	0.0147058823529411	0.5011717509037003	1	1
interleukin-6 receptor alpha subunit/blood	ITGAM	0.0	0.0	0.0147058823529411	0.5011717509037003	1	1
interleukin-6 receptor alpha subunit/blood	myeloid cells/immunology	0.0	0.0	0.0147058823529411	0.5011717509037003	1	1
interleukin-6 receptor alpha subunit/blood	breast neoplasms/immunology	0.0	0.0	0.0147058823529411	0.5011717509037003	1	1
recombinant proteins/metabolism	fatty acid-binding proteins/metabolism	4.499733918805761e-13	2.348841441812155e-12	0.0147058823529411	0.5011717509037003	1	1
recombinant proteins/metabolism	adipocytes/immunology	4.499733918805761e-13	2.348841441812155e-12	0.0147058823529411	0.5011717509037003	1	1
recombinant proteins/metabolism	ovary/pathology	4.499733918805761e-13	2.348841441812155e-12	0.0147058823529411	0.5011717509037003	1	1
recombinant proteins/metabolism	receptors interleukin-17/metabolism	4.499733918805761e-13	2.348841441812155e-12	0.0147058823529411	0.5011717509037003	1	1
recombinant proteins/metabolism	FABP4	4.499733918805761e-13	2.348841441812155e-12	0.0147058823529411	0.5011717509037003	1	1
recombinant proteins/metabolism	IL17RA	4.499733918805761e-13	2.348841441812155e-12	0.0147058823529411	0.5011717509037003	1	1
fatty acid-binding proteins/metabolism	adipocytes/immunology	4.499733918805761e-13	2.348841441812155e-12	0.0147058823529411	0.5011717509037003	1	1
fatty acid-binding proteins/metabolism	ovary/pathology	4.499733918805761e-13	2.348841441812155e-12	0.0147058823529411	0.5011717509037003	1	1
fatty acid-binding proteins/metabolism	receptors interleukin-17/metabolism	4.499733918805761e-13	2.348841441812155e-12	0.0147058823529411	0.5011717509037003	1	1
fatty acid-binding proteins/metabolism	FABP4	4.499733918805761e-13	2.348841441812155e-12	0.0147058823529411	0.5011717509037003	1	1
fatty acid-binding proteins/metabolism	IL17RA	4.499733918805761e-13	2.348841441812155e-12	0.0147058823529411	0.5011717509037003	1	1
thyroid cancer papillary/immunology	osteopontin/metabolism	1.3877787807814455e-14	8.841076019431662e-14	0.0147058823529411	0.5011717509037003	1	1
thyroid cancer papillary/immunology	neoplasm recurrence local/immunology	1.3877787807814455e-14	8.841076019431662e-14	0.0147058823529411	0.5011717509037003	1	1
thyroid cancer papillary/immunology	F9	1.3877787807814455e-14	8.841076019431662e-14	0.0147058823529411	0.5011717509037003	1	1
thyroid cancer papillary/immunology	SPP1	1.3877787807814455e-14	8.841076019431662e-14	0.0147058823529411	0.5011717509037003	1	1
thyroid cancer papillary/immunology	CCDC6	1.3877787807814455e-14	8.841076019431662e-14	0.0147058823529411	0.5011717509037003	1	1
thyroid cancer papillary/immunology	DUSP2	1.3877787807814455e-14	8.841076019431662e-14	0.0147058823529411	0.5011717509037003	1	1
thyroid cancer papillary/immunology	ZCCHC12	1.3877787807814455e-14	8.841076019431662e-14	0.0147058823529411	0.5011717509037003	1	1
thyroid cancer papillary/immunology	PTCH1	1.3877787807814455e-14	8.841076019431662e-14	0.0147058823529411	0.5011717509037003	1	1
thyroid cancer papillary/immunology	RET	1.3877787807814455e-14	8.841076019431662e-14	0.0147058823529411	0.5011717509037003	1	1
thyroid cancer papillary/immunology	TAS2R38	1.3877787807814455e-14	8.841076019431662e-14	0.0147058823529411	0.5011717509037003	1	1
tumor-associated macrophages/metabolism	neoplasms/pathology	2.220446049250313e-16	1.6698779470070298e-15	0.0147058823529411	0.5011717509037003	1	1
tumor-associated macrophages/metabolism	MAPK1	2.220446049250313e-16	1.6698779470070298e-15	0.0147058823529411	0.5011717509037003	1	1
tumor-associated macrophages/metabolism	AHSA1	2.220446049250313e-16	1.6698779470070298e-15	0.0147058823529411	0.5011717509037003	1	1
tumor-associated macrophages/metabolism	AIMP2	2.220446049250313e-16	1.6698779470070298e-15	0.0147058823529411	0.5011717509037003	1	1
tumor-associated macrophages/metabolism	MAPK14	2.220446049250313e-16	1.6698779470070298e-15	0.0147058823529411	0.5011717509037003	1	1
tumor-associated macrophages/metabolism	CRK	2.220446049250313e-16	1.6698779470070298e-15	0.0147058823529411	0.5011717509037003	1	1
tumor-associated macrophages/metabolism	RNF19A	2.220446049250313e-16	1.6698779470070298e-15	0.0147058823529411	0.5011717509037003	1	1
tumor-associated macrophages/metabolism	POLDIP2	2.220446049250313e-16	1.6698779470070298e-15	0.0147058823529411	0.5011717509037003	1	1
neoplasms/pathology	MAPK1	2.220446049250313e-16	1.6698779470070298e-15	0.0147058823529411	0.5011717509037003	1	1
neoplasms/pathology	AHSA1	2.220446049250313e-16	1.6698779470070298e-15	0.0147058823529411	0.5011717509037003	1	1
neoplasms/pathology	AIMP2	2.220446049250313e-16	1.6698779470070298e-15	0.0147058823529411	0.5011717509037003	1	1
neoplasms/pathology	MAPK14	2.220446049250313e-16	1.6698779470070298e-15	0.0147058823529411	0.5011717509037003	1	1
neoplasms/pathology	CRK	2.220446049250313e-16	1.6698779470070298e-15	0.0147058823529411	0.5011717509037003	1	1
neoplasms/pathology	RNF19A	2.220446049250313e-16	1.6698779470070298e-15	0.0147058823529411	0.5011717509037003	1	1
neoplasms/pathology	POLDIP2	2.220446049250313e-16	1.6698779470070298e-15	0.0147058823529411	0.5011717509037003	1	1
myeloid cells/immunology	breast neoplasms/immunology	0.0	0.0	0.0147058823529411	0.5011717509037003	1	1
myeloid cells/immunology	ITGAM	0.0	0.0	0.0147058823529411	0.5011717509037003	1	1
osteopontin/metabolism	neoplasm recurrence local/immunology	1.3877787807814455e-14	8.841076019431662e-14	0.0147058823529411	0.5011717509037003	1	1
osteopontin/metabolism	F9	1.3877787807814455e-14	8.841076019431662e-14	0.0147058823529411	0.5011717509037003	1	1
osteopontin/metabolism	SPP1	1.3877787807814455e-14	8.841076019431662e-14	0.0147058823529411	0.5011717509037003	1	1
osteopontin/metabolism	CCDC6	1.3877787807814455e-14	8.841076019431662e-14	0.0147058823529411	0.5011717509037003	1	1
osteopontin/metabolism	DUSP2	1.3877787807814455e-14	8.841076019431662e-14	0.0147058823529411	0.5011717509037003	1	1
osteopontin/metabolism	ZCCHC12	1.3877787807814455e-14	8.841076019431662e-14	0.0147058823529411	0.5011717509037003	1	1
osteopontin/metabolism	PTCH1	1.3877787807814455e-14	8.841076019431662e-14	0.0147058823529411	0.5011717509037003	1	1
osteopontin/metabolism	RET	1.3877787807814455e-14	8.841076019431662e-14	0.0147058823529411	0.5011717509037003	1	1
osteopontin/metabolism	TAS2R38	1.3877787807814455e-14	8.841076019431662e-14	0.0147058823529411	0.5011717509037003	1	1
adipocytes/immunology	ovary/pathology	4.499733918805761e-13	2.348841441812155e-12	0.0147058823529411	0.5011717509037003	1	1
adipocytes/immunology	receptors interleukin-17/metabolism	4.499733918805761e-13	2.348841441812155e-12	0.0147058823529411	0.5011717509037003	1	1
adipocytes/immunology	FABP4	4.499733918805761e-13	2.348841441812155e-12	0.0147058823529411	0.5011717509037003	1	1
adipocytes/immunology	IL17RA	4.499733918805761e-13	2.348841441812155e-12	0.0147058823529411	0.5011717509037003	1	1
ovary/pathology	receptors interleukin-17/metabolism	4.499733918805761e-13	2.348841441812155e-12	0.0147058823529411	0.5011717509037003	1	1
ovary/pathology	FABP4	4.499733918805761e-13	2.348841441812155e-12	0.0147058823529411	0.5011717509037003	1	1
ovary/pathology	IL17RA	4.499733918805761e-13	2.348841441812155e-12	0.0147058823529411	0.5011717509037003	1	1
breast neoplasms/immunology	ITGAM	0.0	0.0	0.0147058823529411	0.5011717509037003	1	1
neoplasm recurrence local/immunology	F9	1.3877787807814455e-14	8.841076019431662e-14	0.0147058823529411	0.5011717509037003	1	1
neoplasm recurrence local/immunology	SPP1	1.3877787807814455e-14	8.841076019431662e-14	0.0147058823529411	0.5011717509037003	1	1
neoplasm recurrence local/immunology	CCDC6	1.3877787807814455e-14	8.841076019431662e-14	0.0147058823529411	0.5011717509037003	1	1
neoplasm recurrence local/immunology	DUSP2	1.3877787807814455e-14	8.841076019431662e-14	0.0147058823529411	0.5011717509037003	1	1
neoplasm recurrence local/immunology	ZCCHC12	1.3877787807814455e-14	8.841076019431662e-14	0.0147058823529411	0.5011717509037003	1	1
neoplasm recurrence local/immunology	PTCH1	1.3877787807814455e-14	8.841076019431662e-14	0.0147058823529411	0.5011717509037003	1	1
neoplasm recurrence local/immunology	RET	1.3877787807814455e-14	8.841076019431662e-14	0.0147058823529411	0.5011717509037003	1	1
neoplasm recurrence local/immunology	TAS2R38	1.3877787807814455e-14	8.841076019431662e-14	0.0147058823529411	0.5011717509037003	1	1
receptors interleukin-17/metabolism	FABP4	4.499733918805761e-13	2.348841441812155e-12	0.0147058823529411	0.5011717509037003	1	1
receptors interleukin-17/metabolism	IL17RA	4.499733918805761e-13	2.348841441812155e-12	0.0147058823529411	0.5011717509037003	1	1
MAPK1	AHSA1	2.220446049250313e-16	1.6698779470070298e-15	0.0147058823529411	0.5011717509037003	1	1
MAPK1	AIMP2	2.220446049250313e-16	1.6698779470070298e-15	0.0147058823529411	0.5011717509037003	1	1
MAPK1	MAPK14	2.220446049250313e-16	1.6698779470070298e-15	0.0147058823529411	0.5011717509037003	1	1
MAPK1	CRK	2.220446049250313e-16	1.6698779470070298e-15	0.0147058823529411	0.5011717509037003	1	1
MAPK1	RNF19A	2.220446049250313e-16	1.6698779470070298e-15	0.0147058823529411	0.5011717509037003	1	1
MAPK1	POLDIP2	2.220446049250313e-16	1.6698779470070298e-15	0.0147058823529411	0.5011717509037003	1	1
AHSA1	AIMP2	2.220446049250313e-16	1.6698779470070298e-15	0.0147058823529411	0.5011717509037003	1	1
AHSA1	MAPK14	2.220446049250313e-16	1.6698779470070298e-15	0.0147058823529411	0.5011717509037003	1	1
AHSA1	CRK	2.220446049250313e-16	1.6698779470070298e-15	0.0147058823529411	0.5011717509037003	1	1
AHSA1	RNF19A	2.220446049250313e-16	1.6698779470070298e-15	0.0147058823529411	0.5011717509037003	1	1
AHSA1	POLDIP2	2.220446049250313e-16	1.6698779470070298e-15	0.0147058823529411	0.5011717509037003	1	1
F9	SPP1	1.3877787807814455e-14	8.841076019431662e-14	0.0147058823529411	0.5011717509037003	1	1
F9	CCDC6	1.3877787807814455e-14	8.841076019431662e-14	0.0147058823529411	0.5011717509037003	1	1
F9	DUSP2	1.3877787807814455e-14	8.841076019431662e-14	0.0147058823529411	0.5011717509037003	1	1
F9	ZCCHC12	1.3877787807814455e-14	8.841076019431662e-14	0.0147058823529411	0.5011717509037003	1	1
F9	PTCH1	1.3877787807814455e-14	8.841076019431662e-14	0.0147058823529411	0.5011717509037003	1	1
F9	RET	1.3877787807814455e-14	8.841076019431662e-14	0.0147058823529411	0.5011717509037003	1	1
F9	TAS2R38	1.3877787807814455e-14	8.841076019431662e-14	0.0147058823529411	0.5011717509037003	1	1
AIMP2	MAPK14	2.220446049250313e-16	1.6698779470070298e-15	0.0147058823529411	0.5011717509037003	1	1
AIMP2	CRK	2.220446049250313e-16	1.6698779470070298e-15	0.0147058823529411	0.5011717509037003	1	1
AIMP2	RNF19A	2.220446049250313e-16	1.6698779470070298e-15	0.0147058823529411	0.5011717509037003	1	1
AIMP2	POLDIP2	2.220446049250313e-16	1.6698779470070298e-15	0.0147058823529411	0.5011717509037003	1	1
MAPK14	CRK	2.220446049250313e-16	1.6698779470070298e-15	0.0147058823529411	0.5011717509037003	1	1
MAPK14	RNF19A	2.220446049250313e-16	1.6698779470070298e-15	0.0147058823529411	0.5011717509037003	1	1
MAPK14	POLDIP2	2.220446049250313e-16	1.6698779470070298e-15	0.0147058823529411	0.5011717509037003	1	1
SPP1	CCDC6	1.3877787807814455e-14	8.841076019431662e-14	0.0147058823529411	0.5011717509037003	1	1
SPP1	DUSP2	1.3877787807814455e-14	8.841076019431662e-14	0.0147058823529411	0.5011717509037003	1	1
SPP1	ZCCHC12	1.3877787807814455e-14	8.841076019431662e-14	0.0147058823529411	0.5011717509037003	1	1
SPP1	PTCH1	1.3877787807814455e-14	8.841076019431662e-14	0.0147058823529411	0.5011717509037003	1	1
SPP1	RET	1.3877787807814455e-14	8.841076019431662e-14	0.0147058823529411	0.5011717509037003	1	1
SPP1	TAS2R38	1.3877787807814455e-14	8.841076019431662e-14	0.0147058823529411	0.5011717509037003	1	1
FABP4	IL17RA	4.499733918805761e-13	2.348841441812155e-12	0.0147058823529411	0.5011717509037003	1	1
CCDC6	DUSP2	1.3877787807814455e-14	8.841076019431662e-14	0.0147058823529411	0.5011717509037003	1	1
CCDC6	ZCCHC12	1.3877787807814455e-14	8.841076019431662e-14	0.0147058823529411	0.5011717509037003	1	1
CCDC6	PTCH1	1.3877787807814455e-14	8.841076019431662e-14	0.0147058823529411	0.5011717509037003	1	1
CCDC6	RET	1.3877787807814455e-14	8.841076019431662e-14	0.0147058823529411	0.5011717509037003	1	1
CCDC6	TAS2R38	1.3877787807814455e-14	8.841076019431662e-14	0.0147058823529411	0.5011717509037003	1	1
DUSP2	ZCCHC12	1.3877787807814455e-14	8.841076019431662e-14	0.0147058823529411	0.5011717509037003	1	1
DUSP2	PTCH1	1.3877787807814455e-14	8.841076019431662e-14	0.0147058823529411	0.5011717509037003	1	1
DUSP2	RET	1.3877787807814455e-14	8.841076019431662e-14	0.0147058823529411	0.5011717509037003	1	1
DUSP2	TAS2R38	1.3877787807814455e-14	8.841076019431662e-14	0.0147058823529411	0.5011717509037003	1	1
CRK	RNF19A	2.220446049250313e-16	1.6698779470070298e-15	0.0147058823529411	0.5011717509037003	1	1
CRK	POLDIP2	2.220446049250313e-16	1.6698779470070298e-15	0.0147058823529411	0.5011717509037003	1	1
ZCCHC12	PTCH1	1.3877787807814455e-14	8.841076019431662e-14	0.0147058823529411	0.5011717509037003	1	1
ZCCHC12	RET	1.3877787807814455e-14	8.841076019431662e-14	0.0147058823529411	0.5011717509037003	1	1
ZCCHC12	TAS2R38	1.3877787807814455e-14	8.841076019431662e-14	0.0147058823529411	0.5011717509037003	1	1
PTCH1	RET	1.3877787807814455e-14	8.841076019431662e-14	0.0147058823529411	0.5011717509037003	1	1
PTCH1	TAS2R38	1.3877787807814455e-14	8.841076019431662e-14	0.0147058823529411	0.5011717509037003	1	1
RET	TAS2R38	1.3877787807814455e-14	8.841076019431662e-14	0.0147058823529411	0.5011717509037003	1	1
RNF19A	POLDIP2	2.220446049250313e-16	1.6698779470070298e-15	0.0147058823529411	0.5011717509037003	1	1
interleukin-12/metabolism	CD4	0.0	0.0	0.0147058823529411	0.5011717509037003	1	1
interleukin-12/metabolism	CSF3	0.0	0.0	0.0147058823529411	0.5011717509037003	1	1
interleukin-12/metabolism	PTPRC	0.0	0.0	0.0147058823529411	0.5011717509037003	1	1
CD4	CSF3	0.0	0.0	0.0147058823529411	0.5011717509037003	1	1
CD4	PTPRC	0.0	0.0	0.0147058823529411	0.5011717509037003	1	1
CSF3	PTPRC	0.0	0.0	0.0147058823529411	0.5011717509037003	1	1
cytokines/metabolism	IL17A	0.0030107770747238	0.0047959963612938	0.0407820028073192	0.2602194741106761	2	2
macrophages/drug effects	CHRM1	0.0042650317985992	0.0065586530855339	0.0184725334625401	0.2602194741106761	2	2
macrophages/drug effects	MRLN	0.0042650317985992	0.0065586530855339	0.0184725334625401	0.2602194741106761	2	2
tumor microenvironment/drug effects	lymphocytes tumor-infiltrating/immunology	0.0050446579505036	0.0076916756411358	0.1139240506329113	0.5839154963972442	1	2
tumor microenvironment/drug effects	neutral ceramidase/antagonists &amp; inhibitors	0.0050446579505036	0.0076916756411358	0.1139240506329113	0.5839154963972442	1	2
tumor microenvironment/drug effects	t-lymphocytes/immunology	0.0050446579505036	0.0076916756411358	0.1139240506329113	0.5839154963972442	1	2
tumor microenvironment/drug effects	myeloid-derived suppressor cells/immunology	0.0050446579505036	0.0076916756411358	0.1139240506329113	0.5839154963972442	1	2
tumor microenvironment/drug effects	colonic neoplasms/drug therapy	0.0050446579505036	0.0076916756411358	0.1139240506329113	0.5839154963972442	1	2
tumor microenvironment/drug effects	heme oxygenase-1/metabolism	0.0050446579505036	0.0076916756411358	0.1139240506329113	0.5839154963972442	1	2
tumor microenvironment/drug effects	ASAH2	0.0050446579505036	0.0076916756411358	0.1139240506329113	0.5839154963972442	1	2
tumor microenvironment/drug effects	macrophages/immunology	0.0063255028466381	0.009413699540273	0.0618608573305442	0.2602194741106761	2	2
tumor microenvironment/drug effects	dna-(apurinic or apyrimidinic site) lyase/metabolism	9.126480426147054e-05	0.0001843114152613	0.1139240506329113	0.5839154963972442	1	2
tumor microenvironment/drug effects	APEX1	9.126480426147054e-05	0.0001843114152613	0.1139240506329113	0.5839154963972442	1	2
tumor microenvironment/drug effects	membrane proteins/metabolism	0.0050446579505036	0.0076916756411358	0.1139240506329113	0.5839154963972442	1	2
macrophages/metabolism	endostatins/genetics	0.0040478876769444	0.0062748859231513	0.0886075949367088	0.5839154963972442	1	2
macrophages/metabolism	carcinoma renal cell/blood	0.0040478876769444	0.0062748859231513	0.0886075949367088	0.5839154963972442	1	2
macrophages/metabolism	nih 3t3 cells	0.0040478876769444	0.0062748859231513	0.0886075949367088	0.5839154963972442	1	2
macrophages/metabolism	angiogenesis inducing agents/metabolism	0.0040478876769444	0.0062748859231513	0.0886075949367088	0.5839154963972442	1	2
macrophages/metabolism	anti-inflammatory agents/metabolism	0.0040478876769444	0.0062748859231513	0.0886075949367088	0.5839154963972442	1	2
macrophages/metabolism	cell polarity	0.0040478876769444	0.0062748859231513	0.0886075949367088	0.5839154963972442	1	2
macrophages/metabolism	IL4	0.0040478876769444	0.0062748859231513	0.0886075949367088	0.5839154963972442	1	2
macrophages/metabolism	ARG1	0.0040478876769444	0.0062748859231513	0.0886075949367088	0.5839154963972442	1	2
macrophages/metabolism	IL13	0.0040478876769444	0.0062748859231513	0.0886075949367088	0.5839154963972442	1	2
macrophages/metabolism	CD209	0.0040478876769444	0.0062748859231513	0.0886075949367088	0.5839154963972442	1	2
apoptosis/drug effects	IL17A	0.0046473066450224	0.0071072833078021	0.1110155667117692	0.5839154963972442	1	2
apoptosis/drug effects	dose-response relationship drug	0.006161679439121	0.0092310959487462	0.1110155667117692	0.5839154963972442	1	2
tumor necrosis factor alpha-induced protein 3/metabolism	TNF	0.0063153605764807	0.0094003368610316	0.0759493670886075	0.5839154963972442	1	2
antineoplastic agents/pharmacology	folic acid antagonists/pharmacology	0.0057503256328302	0.0086565539193184	0.0886075949367088	0.5839154963972442	1	2
antineoplastic agents/pharmacology	tetrahydrofolate dehydrogenase/genetics	0.0057503256328302	0.0086565539193184	0.0886075949367088	0.5839154963972442	1	2
antineoplastic agents/pharmacology	vitamin e/pharmacology	0.0057503256328302	0.0086565539193184	0.0886075949367088	0.5839154963972442	1	2
antineoplastic agents/pharmacology	methotrexate/pharmacology	0.0057503256328302	0.0086565539193184	0.0886075949367088	0.5839154963972442	1	2
antineoplastic agents/pharmacology	biopterins/analogs &amp; derivatives	0.0057503256328302	0.0086565539193184	0.0886075949367088	0.5839154963972442	1	2
antineoplastic agents/pharmacology	cystine/antagonists &amp; inhibitors	0.0057503256328302	0.0086565539193184	0.0886075949367088	0.5839154963972442	1	2
antineoplastic agents/pharmacology	neoplasm recurrence local	0.0043931949900174	0.0067403472022652	0.0886075949367088	0.5839154963972442	1	2
antineoplastic agents/pharmacology	hydroxymethylglutaryl-coa reductase inhibitors/pharmacology	0.0043931949900174	0.0067403472022652	0.0886075949367088	0.5839154963972442	1	2
antineoplastic agents/pharmacology	breast neoplasms/drug therapy	0.0043931949900174	0.0067403472022652	0.0886075949367088	0.5839154963972442	1	2
antineoplastic agents/pharmacology	inflammation/immunology	0.0043931949900174	0.0067403472022652	0.0886075949367088	0.5839154963972442	1	2
antineoplastic agents/pharmacology	macrophage colony-stimulating factor/antagonists &amp; inhibitors	0.0043931949900174	0.0067403472022652	0.0886075949367088	0.5839154963972442	1	2
antineoplastic agents/pharmacology	phospholipid hydroperoxide glutathione peroxidase/antagonists &amp; inhibitors	0.0057503256328302	0.0086565539193184	0.0886075949367088	0.5839154963972442	1	2
antineoplastic agents/pharmacology	mesenchymal stem cells/immunology	0.0043931949900174	0.0067403472022652	0.0886075949367088	0.5839154963972442	1	2
antineoplastic agents/pharmacology	neoplasm invasiveness	0.0043931949900174	0.0067403472022652	0.0886075949367088	0.5839154963972442	1	2
antineoplastic agents/pharmacology	EEF1A2	0.0043931949900174	0.0067403472022652	0.0886075949367088	0.5839154963972442	1	2
reactive oxygen species/metabolism	amino acid transport system y+/metabolism	0.003002905672499	0.0047844007767083	0.0112299480629269	0.0270361376697864	4	2
reactive oxygen species/metabolism	glutathione/metabolism	0.0048084262220007	0.0073509066023435	0.0213153124507828	0.0067152084716297	5	2
reactive oxygen species/metabolism	GPX4	0.0050866644294855	0.007754260564926	0.0085818891805739	0.0002743086977019	7	2
reactive oxygen species/metabolism	dna-(apurinic or apyrimidinic site) lyase/metabolism	0.0002283666674559	0.0004440401924233	0.1392405063291139	0.5839154963972442	1	2
reactive oxygen species/metabolism	APEX1	0.0002283666674559	0.0004440401924233	0.1392405063291139	0.5839154963972442	1	2
reactive oxygen species/metabolism	TFRC	0.0011434091802799	0.001996538355438	0.017851346965271	0.2602194741106761	2	2
endometrial neoplasms/genetics	TNF	0.0063153605764807	0.0094003368610316	0.0759493670886075	0.5839154963972442	1	2
CD36	metabolic reprogramming	0.0065895653369943	0.0097868548958374	0.1392405063291139	0.5839154963972442	1	2
CD36	cancer-associated fibroblasts/pathology	0.0065895653369943	0.0097868548958374	0.1392405063291139	0.5839154963972442	1	2
CD36	FAP	0.0065895653369943	0.0097868548958374	0.1392405063291139	0.5839154963972442	1	2
CD36	FAM126A	0.0065895653369943	0.0097868548958374	0.1392405063291139	0.5839154963972442	1	2
CD36	VIM	0.0065895653369943	0.0097868548958374	0.1392405063291139	0.5839154963972442	1	2
CHRM1	nf-kappa b/metabolism	0.0057015867770817	0.00862334320524	0.0993184031158714	0.5839154963972442	1	2
CHRM1	rna messenger/metabolism	0.0066824556627806	0.0099084264607212	0.0993184031158714	0.5839154963972442	1	2
PDCD1	interleukins/metabolism	0.0038816523713562	0.0060345580632801	0.0759493670886075	0.5839154963972442	1	2
PDCD1	tumor escape/immunology	0.0038816523713562	0.0060345580632801	0.0759493670886075	0.5839154963972442	1	2
PDCD1	liver neoplasms/immunology	0.0038816523713562	0.0060345580632801	0.0759493670886075	0.5839154963972442	1	2
PDCD1	cellular reprogramming/immunology	0.0038816523713562	0.0060345580632801	0.0759493670886075	0.5839154963972442	1	2
PDCD1	neoplastic stem cells/immunology	0.0038816523713562	0.0060345580632801	0.0759493670886075	0.5839154963972442	1	2
PDCD1	IL34	0.0038816523713562	0.0060345580632801	0.0759493670886075	0.5839154963972442	1	2
ferroptosis/drug effects	phospholipid hydroperoxide glutathione peroxidase/metabolism	0.0008421867925606	0.0014970768743252	5.2870412607714746e-05	1.5116732719636035e-08	12	2
ferroptosis/drug effects	glutathione/metabolism	0.000198042045892	0.0003889131890287	7.771544141794344e-06	1.716422012570018e-10	14	2
ferroptosis/drug effects	oxidative stress/drug effects	0.0017567180517258	0.0029593576351879	2.051687653433707e-05	1.66646193114706e-09	13	2
ferroptosis/drug effects	SLC7A11	0.0029114152444424	0.0046597636344503	0.0001331551132342	1.274966121823029e-07	11	2
ferroptosis/drug effects	ROS1	0.0037069808223946	0.0058122064465989	0.0018745025854441	4.650449304837676e-05	8	2
IL6	breast neoplasms/drug therapy	0.0059477066604105	0.0089387051372099	0.1139240506329113	0.5839154963972442	1	2
IL6	inflammation/immunology	0.0059477066604105	0.0089387051372099	0.1139240506329113	0.5839154963972442	1	2
IL6	macrophage colony-stimulating factor/antagonists &amp; inhibitors	0.0059477066604105	0.0089387051372099	0.1139240506329113	0.5839154963972442	1	2
IL6	mesenchymal stem cells/immunology	0.0059477066604105	0.0089387051372099	0.1139240506329113	0.5839154963972442	1	2
IL6	fibroblasts/metabolism	0.0044769428845097	0.0068493327242944	0.1139240506329113	0.5839154963972442	1	2
IL6	cytokines/biosynthesis	0.0044769428845097	0.0068493327242944	0.1139240506329113	0.5839154963972442	1	2
IL6	hypoxia	0.0044769428845097	0.0068493327242944	0.1139240506329113	0.5839154963972442	1	2
IL6	cell communication	0.0044769428845097	0.0068493327242944	0.1139240506329113	0.5839154963972442	1	2
IL6	caveolin 1/deficiency	0.0044769428845097	0.0068493327242944	0.1139240506329113	0.5839154963972442	1	2
IL6	neoplasm invasiveness	0.0059477066604105	0.0089387051372099	0.1139240506329113	0.5839154963972442	1	2
IL6	EEF1A2	0.0059477066604105	0.0089387051372099	0.1139240506329113	0.5839154963972442	1	2
IL6	CSF2	0.0044769428845097	0.0068493327242944	0.1139240506329113	0.5839154963972442	1	2
IL6	CAV1	0.0044769428845097	0.0068493327242944	0.1139240506329113	0.5839154963972442	1	2
IL6	CCL5	0.0044769428845097	0.0068493327242944	0.1139240506329113	0.5839154963972442	1	2
IL6	neoplasm recurrence local	0.0059477066604105	0.0089387051372099	0.1139240506329113	0.5839154963972442	1	2
IL6	hydroxymethylglutaryl-coa reductase inhibitors/pharmacology	0.0059477066604105	0.0089387051372099	0.1139240506329113	0.5839154963972442	1	2
IL6	neoplasms/metabolism	0.0044769428845097	0.0068493327242944	0.1139240506329113	0.5839154963972442	1	2
CD8A	interleukins/metabolism	0.0066027898080036	0.0097956938568895	0.1012658227848101	0.5839154963972442	1	2
CD8A	tumor escape/immunology	0.0066027898080036	0.0097956938568895	0.1012658227848101	0.5839154963972442	1	2
CD8A	liver neoplasms/immunology	0.0066027898080036	0.0097956938568895	0.1012658227848101	0.5839154963972442	1	2
CD8A	cellular reprogramming/immunology	0.0066027898080036	0.0097956938568895	0.1012658227848101	0.5839154963972442	1	2
CD8A	neoplastic stem cells/immunology	0.0066027898080036	0.0097956938568895	0.1012658227848101	0.5839154963972442	1	2
CD8A	IL34	0.0066027898080036	0.0097956938568895	0.1012658227848101	0.5839154963972442	1	2
RPL17-C18orf32	interleukins/metabolism	0.0038816523713562	0.0060345580632801	0.0759493670886075	0.5839154963972442	1	2
RPL17-C18orf32	tumor escape/immunology	0.0038816523713562	0.0060345580632801	0.0759493670886075	0.5839154963972442	1	2
RPL17-C18orf32	liver neoplasms/immunology	0.0038816523713562	0.0060345580632801	0.0759493670886075	0.5839154963972442	1	2
RPL17-C18orf32	cellular reprogramming/immunology	0.0038816523713562	0.0060345580632801	0.0759493670886075	0.5839154963972442	1	2
RPL17-C18orf32	neoplastic stem cells/immunology	0.0038816523713562	0.0060345580632801	0.0759493670886075	0.5839154963972442	1	2
RPL17-C18orf32	IL34	0.0038816523713562	0.0060345580632801	0.0759493670886075	0.5839154963972442	1	2
RPL17	interleukins/metabolism	0.0038816523713562	0.0060345580632801	0.0759493670886075	0.5839154963972442	1	2
RPL17	tumor escape/immunology	0.0038816523713562	0.0060345580632801	0.0759493670886075	0.5839154963972442	1	2
RPL17	liver neoplasms/immunology	0.0038816523713562	0.0060345580632801	0.0759493670886075	0.5839154963972442	1	2
RPL17	cellular reprogramming/immunology	0.0038816523713562	0.0060345580632801	0.0759493670886075	0.5839154963972442	1	2
RPL17	neoplastic stem cells/immunology	0.0038816523713562	0.0060345580632801	0.0759493670886075	0.5839154963972442	1	2
RPL17	IL34	0.0038816523713562	0.0060345580632801	0.0759493670886075	0.5839154963972442	1	2
MRLN	nf-kappa b/metabolism	0.0057015867770817	0.00862334320524	0.0993184031158714	0.5839154963972442	1	2
MRLN	rna messenger/metabolism	0.0066824556627806	0.0099084264607212	0.0993184031158714	0.5839154963972442	1	2
antigens cd/metabolism	TNF	0.0063153605764807	0.0094003368610316	0.0759493670886075	0.5839154963972442	1	2
phenotype	dose-response relationship drug	0.0038816523713562	0.0060345580632801	0.0749756572541382	0.5839154963972442	1	2
estradiol/pharmacology	TNF	0.0063153605764807	0.0094003368610316	0.0759493670886075	0.5839154963972442	1	2
IFNA1	macrophages/immunology	0.0042693611878669	0.0065615648077505	0.1461070574994626	0.5839154963972442	1	2
receptors cell surface/metabolism	TNF	0.0063153605764807	0.0094003368610316	0.0759493670886075	0.5839154963972442	1	2
inflammation/metabolism	IL10	0.0041275934258454	0.0063818173385686	0.0993184031158714	0.5839154963972442	1	2
amino acid transport system y+/metabolism	phospholipid hydroperoxide glutathione peroxidase/metabolism	4.899724571738595e-06	1.1829899690534685e-05	8.036108717846006e-05	0.0014456026634706	6	2
amino acid transport system y+/metabolism	glutathione/metabolism	2.6683105472713464e-05	6.011323538472192e-05	0.0002480883409579	0.0014456026634706	6	2
amino acid transport system y+/metabolism	GPX4	0.0006109710259275	0.0011030511305899	0.0003848695369416	0.0002743086977019	7	2
amino acid transport system y+/metabolism	receptors transferrin/metabolism	0.0055329093927494	0.0083886380493073	0.1012658227848101	0.5839154963972442	1	2
amino acid transport system y+/metabolism	cyclohexylamines	0.0055329093927494	0.0083886380493073	0.1012658227848101	0.5839154963972442	1	2
amino acid transport system y+/metabolism	polysaccharides/pharmacology	0.0013565528640496	0.0023230141331607	0.1012658227848101	0.5839154963972442	1	2
amino acid transport system y+/metabolism	leydig cells/metabolism	0.0055329093927494	0.0083886380493073	0.1012658227848101	0.5839154963972442	1	2
amino acid transport system y+/metabolism	malondialdehyde/metabolism	0.0002100737029263	0.0004117403816026	0.009087958455047	0.2602194741106761	2	2
amino acid transport system y+/metabolism	aging/metabolism	0.0029973473846041	0.0047764867314111	0.1012658227848101	0.5839154963972442	1	2
amino acid transport system y+/metabolism	superoxide dismutase/metabolism	0.0055329093927494	0.0083886380493073	0.1012658227848101	0.5839154963972442	1	2
amino acid transport system y+/metabolism	eye proteins/chemistry	0.0029973473846041	0.0047764867314111	0.1012658227848101	0.5839154963972442	1	2
amino acid transport system y+/metabolism	antioxidants/metabolism	0.0029973473846041	0.0047764867314111	0.1012658227848101	0.5839154963972442	1	2
amino acid transport system y+/metabolism	nerve growth factors/chemistry	0.0029973473846041	0.0047764867314111	0.1012658227848101	0.5839154963972442	1	2
amino acid transport system y+/metabolism	neurons/metabolism	0.0029973473846041	0.0047764867314111	0.1012658227848101	0.5839154963972442	1	2
amino acid transport system y+/metabolism	folic acid/pharmacology	0.0029973473846041	0.0047764867314111	0.1012658227848101	0.5839154963972442	1	2
amino acid transport system y+/metabolism	retinal pigment epithelium/metabolism	0.0029973473846041	0.0047764867314111	0.1012658227848101	0.5839154963972442	1	2
amino acid transport system y+/metabolism	iodates/toxicity	0.0029973473846041	0.0047764867314111	0.1012658227848101	0.5839154963972442	1	2
amino acid transport system y+/metabolism	spiral ganglion/drug effects	0.0055329093927494	0.0083886380493073	0.1012658227848101	0.5839154963972442	1	2
amino acid transport system y+/metabolism	testosterone	0.0055329093927494	0.0083886380493073	0.1012658227848101	0.5839154963972442	1	2
amino acid transport system y+/metabolism	retinal degeneration/chemically induced	0.0029973473846041	0.0047764867314111	0.1012658227848101	0.5839154963972442	1	2
amino acid transport system y+/metabolism	phenylenediamines	0.0055329093927494	0.0083886380493073	0.1012658227848101	0.5839154963972442	1	2
amino acid transport system y+/metabolism	kidney/drug effects	0.0013565528640496	0.0023230141331607	0.1012658227848101	0.5839154963972442	1	2
amino acid transport system y+/metabolism	cystine/metabolism	0.0029973473846041	0.0047764867314111	0.1012658227848101	0.5839154963972442	1	2
amino acid transport system y+/metabolism	serpins/chemistry	0.0029973473846041	0.0047764867314111	0.1012658227848101	0.5839154963972442	1	2
amino acid transport system y+/metabolism	drugs chinese herbal/pharmacology	0.0055329093927494	0.0083886380493073	0.1012658227848101	0.5839154963972442	1	2
amino acid transport system y+/metabolism	hydrogen peroxide	0.0055329093927494	0.0083886380493073	0.1012658227848101	0.5839154963972442	1	2
amino acid transport system y+/metabolism	diabetic nephropathies/drug therapy	0.0013565528640496	0.0023230141331607	0.1012658227848101	0.5839154963972442	1	2
amino acid transport system y+/metabolism	organometallic compounds/toxicity	0.0055329093927494	0.0083886380493073	0.1012658227848101	0.5839154963972442	1	2
amino acid transport system y+/metabolism	SERPINF1	0.0029973473846041	0.0047764867314111	0.1012658227848101	0.5839154963972442	1	2
amino acid transport system y+/metabolism	LPO	0.0013565528640496	0.0023230141331607	0.1012658227848101	0.5839154963972442	1	2
amino acid transport system y+/metabolism	TFRC	0.0002100737029263	0.0004117403816026	0.009087958455047	0.2602194741106761	2	2
amino acid transport system y+/metabolism	TPM3	0.0055329093927494	0.0083886380493073	0.1012658227848101	0.5839154963972442	1	2
amino acid transport system y+/metabolism	oxidative stress/drug effects	5.26584982637468e-05	0.0001107006567297	0.000145478726881	0.0014456026634706	6	2
iron/metabolism	cells cultured	0.0032732270710881	0.0051956291419098	0.063354651362646	0.2602194741106761	2	2
iron/metabolism	receptors transferrin/metabolism	0.0005265629672097	0.0009620518512371	0.0759493670886075	0.5839154963972442	1	2
iron/metabolism	aging/metabolism	0.0002135798585213	0.0004166921382691	0.0759493670886075	0.5839154963972442	1	2
iron/metabolism	antioxidants/metabolism	0.0002135798585213	0.0004166921382691	0.0759493670886075	0.5839154963972442	1	2
iron/metabolism	neurons/metabolism	0.0002135798585213	0.0004166921382691	0.0759493670886075	0.5839154963972442	1	2
iron/metabolism	folic acid/pharmacology	0.0002135798585213	0.0004166921382691	0.0759493670886075	0.5839154963972442	1	2
iron/metabolism	spiral ganglion/drug effects	0.0005265629672097	0.0009620518512371	0.0759493670886075	0.5839154963972442	1	2
iron/metabolism	cystine/metabolism	0.0002135798585213	0.0004166921382691	0.0759493670886075	0.5839154963972442	1	2
iron/metabolism	organometallic compounds/toxicity	0.0005265629672097	0.0009620518512371	0.0759493670886075	0.5839154963972442	1	2
antigens differentiation myelomonocytic/metabolism	TNF	0.0063153605764807	0.0094003368610316	0.0759493670886075	0.5839154963972442	1	2
phospholipid hydroperoxide glutathione peroxidase/metabolism	cell line	0.001539165040075	0.0026130236741273	0.0088061248073294	0.0270361376697864	4	2
phospholipid hydroperoxide glutathione peroxidase/metabolism	FTH1	0.0002743092243461	0.0005261554336437	0.0015066878491262	0.0270361376697864	4	2
phospholipid hydroperoxide glutathione peroxidase/metabolism	SLC7A11	6.1572604238557815e-06	1.4660230254914136e-05	6.985241072430798e-05	0.0002743086977019	7	2
phospholipid hydroperoxide glutathione peroxidase/metabolism	ROS1	0.001539165040075	0.0026130236741273	0.0160775945741219	0.0270361376697864	4	2
phospholipid hydroperoxide glutathione peroxidase/metabolism	selenomethionine/pharmacology	0.0015729268558523	0.0026591677661385	0.1518987341772151	0.5839154963972442	1	2
phospholipid hydroperoxide glutathione peroxidase/metabolism	polysaccharides/pharmacology	0.0060478533588005	0.0090656099040005	0.1518987341772151	0.5839154963972442	1	2
phospholipid hydroperoxide glutathione peroxidase/metabolism	malondialdehyde/metabolism	0.001800873105423	0.0030173865985743	0.0214216163583252	0.2602194741106761	2	2
phospholipid hydroperoxide glutathione peroxidase/metabolism	chondrocytes/drug effects	0.0015729268558523	0.0026591677661385	0.1518987341772151	0.5839154963972442	1	2
phospholipid hydroperoxide glutathione peroxidase/metabolism	chalcones/toxicity	0.0060478533588005	0.0090656099040005	0.1518987341772151	0.5839154963972442	1	2
phospholipid hydroperoxide glutathione peroxidase/metabolism	neurons/drug effects	4.771805555769948e-05	0.0001005500930799	0.0027820280984837	0.0923383282746833	3	2
phospholipid hydroperoxide glutathione peroxidase/metabolism	embryo nonmammalian/drug effects	0.0060478533588005	0.0090656099040005	0.1518987341772151	0.5839154963972442	1	2
phospholipid hydroperoxide glutathione peroxidase/metabolism	kidney/drug effects	0.0060478533588005	0.0090656099040005	0.1518987341772151	0.5839154963972442	1	2
phospholipid hydroperoxide glutathione peroxidase/metabolism	membrane potential mitochondrial/drug effects	0.0060478533588005	0.0090656099040005	0.1518987341772151	0.5839154963972442	1	2
phospholipid hydroperoxide glutathione peroxidase/metabolism	selenium/chemistry	0.0001365099814025	0.0002709079468846	0.1518987341772151	0.5839154963972442	1	2
phospholipid hydroperoxide glutathione peroxidase/metabolism	cartilage articular/drug effects	0.0015729268558523	0.0026591677661385	0.1518987341772151	0.5839154963972442	1	2
phospholipid hydroperoxide glutathione peroxidase/metabolism	diabetic nephropathies/drug therapy	0.0060478533588005	0.0090656099040005	0.1518987341772151	0.5839154963972442	1	2
phospholipid hydroperoxide glutathione peroxidase/metabolism	t-2 toxin/toxicity	0.0015729268558523	0.0026591677661385	0.1518987341772151	0.5839154963972442	1	2
phospholipid hydroperoxide glutathione peroxidase/metabolism	chemical and drug induced liver injury/metabolism	0.0060478533588005	0.0090656099040005	0.1518987341772151	0.5839154963972442	1	2
phospholipid hydroperoxide glutathione peroxidase/metabolism	LPO	0.0060478533588005	0.0090656099040005	0.1518987341772151	0.5839154963972442	1	2
phospholipid hydroperoxide glutathione peroxidase/metabolism	ATP8A2	0.0060478533588005	0.0090656099040005	0.1518987341772151	0.5839154963972442	1	2
phospholipid hydroperoxide glutathione peroxidase/metabolism	TFRC	0.001800873105423	0.0030173865985743	0.0214216163583252	0.2602194741106761	2	2
phospholipid hydroperoxide glutathione peroxidase/metabolism	NCOA4	0.003512771931013	0.0055638396657225	0.0214216163583252	0.2602194741106761	2	2
glutathione/metabolism	cell line	0.0037730379392946	0.0059123365498235	0.0165886693826971	0.0270361376697864	4	2
glutathione/metabolism	FTH1	0.0008154083869933	0.0014568461585879	0.0029757939151676	0.0270361376697864	4	2
glutathione/metabolism	SLC7A11	3.5177241041517426e-05	7.788144790589106e-05	0.0002721038917847	0.0002743086977019	7	2
glutathione/metabolism	selenomethionine/pharmacology	0.0029973473846041	0.0047764867314111	0.1772151898734177	0.5839154963972442	1	2
glutathione/metabolism	malondialdehyde/metabolism	0.0037145975947627	0.0058218896748017	0.0295358649789029	0.2602194741106761	2	2
glutathione/metabolism	chondrocytes/drug effects	0.0029973473846041	0.0047764867314111	0.1772151898734177	0.5839154963972442	1	2
glutathione/metabolism	dna-(apurinic or apyrimidinic site) lyase/metabolism	0.000829892876911	0.0014781495125232	0.1772151898734177	0.5839154963972442	1	2
glutathione/metabolism	neurons/drug effects	0.0001583597610047	0.0003127334380937	0.004602991944764	0.0923383282746833	3	2
glutathione/metabolism	selenium/chemistry	0.0003354062041671	0.0006386469217424	0.1772151898734177	0.5839154963972442	1	2
glutathione/metabolism	cartilage articular/drug effects	0.0029973473846041	0.0047764867314111	0.1772151898734177	0.5839154963972442	1	2
glutathione/metabolism	t-2 toxin/toxicity	0.0029973473846041	0.0047764867314111	0.1772151898734177	0.5839154963972442	1	2
glutathione/metabolism	APEX1	0.000829892876911	0.0014781495125232	0.1772151898734177	0.5839154963972442	1	2
glutathione/metabolism	TFRC	0.0037145975947627	0.0058218896748017	0.0295358649789029	0.2602194741106761	2	2
FTH1	oxidative stress/drug effects	0.0012633860429129	0.0021908632216265	0.0021509469877224	0.0270361376697864	4	2
FTH1	GPX4	0.0028705888051375	0.0045953304545001	0.0011684518013631	0.0067152084716297	5	2
FTH1	hep g2 cells	0.0054615273466537	0.0083147329480611	0.1233365790327815	0.5839154963972442	1	2
FTH1	carbolines	0.0035894518370791	0.0056454574339113	0.0632911392405063	0.5839154963972442	1	2
FTH1	cyclohexylamines	0.0008333945947497	0.0014817737558135	0.0632911392405063	0.5839154963972442	1	2
FTH1	leydig cells/metabolism	0.0008333945947497	0.0014817737558135	0.0632911392405063	0.5839154963972442	1	2
FTH1	glucose/deficiency	0.0035894518370791	0.0056454574339113	0.0632911392405063	0.5839154963972442	1	2
FTH1	aging/metabolism	0.00035789357283	0.0006718090504156	0.0632911392405063	0.5839154963972442	1	2
FTH1	superoxide dismutase/metabolism	0.0008333945947497	0.0014817737558135	0.0632911392405063	0.5839154963972442	1	2
FTH1	nf-e2-related factor 2/metabolism	0.0035894518370791	0.0056454574339113	0.0632911392405063	0.5839154963972442	1	2
FTH1	antioxidants/metabolism	0.00035789357283	0.0006718090504156	0.0632911392405063	0.5839154963972442	1	2
FTH1	neurons/metabolism	0.00035789357283	0.0006718090504156	0.0632911392405063	0.5839154963972442	1	2
FTH1	folic acid/pharmacology	0.00035789357283	0.0006718090504156	0.0632911392405063	0.5839154963972442	1	2
FTH1	aminopyridines/pharmacology	0.0035894518370791	0.0056454574339113	0.0632911392405063	0.5839154963972442	1	2
FTH1	cyclic nucleotide phosphodiesterases type 4/metabolism	0.0035894518370791	0.0056454574339113	0.0632911392405063	0.5839154963972442	1	2
FTH1	chalcones/toxicity	0.000119586480872	0.0002380828657125	0.0632911392405063	0.5839154963972442	1	2
FTH1	testosterone	0.0008333945947497	0.0014817737558135	0.0632911392405063	0.5839154963972442	1	2
FTH1	reperfusion injury/pathology	0.0035894518370791	0.0056454574339113	0.0632911392405063	0.5839154963972442	1	2
FTH1	benzamides/pharmacology	0.0035894518370791	0.0056454574339113	0.0632911392405063	0.5839154963972442	1	2
FTH1	brain ischemia/pathology	0.0035894518370791	0.0056454574339113	0.0632911392405063	0.5839154963972442	1	2
FTH1	phenylenediamines	0.0008333945947497	0.0014817737558135	0.0632911392405063	0.5839154963972442	1	2
FTH1	embryo nonmammalian/drug effects	0.000119586480872	0.0002380828657125	0.0632911392405063	0.5839154963972442	1	2
FTH1	cystine/metabolism	0.00035789357283	0.0006718090504156	0.0632911392405063	0.5839154963972442	1	2
FTH1	drugs chinese herbal/pharmacology	0.0008333945947497	0.0014817737558135	0.0632911392405063	0.5839154963972442	1	2
FTH1	hydrogen peroxide	0.0008333945947497	0.0014817737558135	0.0632911392405063	0.5839154963972442	1	2
FTH1	membrane potential mitochondrial/drug effects	0.000119586480872	0.0002380828657125	0.0632911392405063	0.5839154963972442	1	2
FTH1	chemical and drug induced liver injury/metabolism	0.000119586480872	0.0002380828657125	0.0632911392405063	0.5839154963972442	1	2
FTH1	phosphodiesterase 4 inhibitors/pharmacology	0.0035894518370791	0.0056454574339113	0.0632911392405063	0.5839154963972442	1	2
FTH1	PDE4B	0.0035894518370791	0.0056454574339113	0.0632911392405063	0.5839154963972442	1	2
FTH1	PDE4A	0.0035894518370791	0.0056454574339113	0.0632911392405063	0.5839154963972442	1	2
FTH1	ATP8A2	0.000119586480872	0.0002380828657125	0.0632911392405063	0.5839154963972442	1	2
FTH1	FGFR1	0.0035894518370791	0.0056454574339113	0.0632911392405063	0.5839154963972442	1	2
FTH1	TPM3	0.0008333945947497	0.0014817737558135	0.0632911392405063	0.5839154963972442	1	2
antioxidants/pharmacology	eye proteins/chemistry	2.625249684307107e-09	8.564651876821047e-09	0.0253164556962025	0.5839154963972442	1	2
antioxidants/pharmacology	nerve growth factors/chemistry	2.625249684307107e-09	8.564651876821047e-09	0.0253164556962025	0.5839154963972442	1	2
antioxidants/pharmacology	retinal pigment epithelium/metabolism	2.625249684307107e-09	8.564651876821047e-09	0.0253164556962025	0.5839154963972442	1	2
antioxidants/pharmacology	iodates/toxicity	2.625249684307107e-09	8.564651876821047e-09	0.0253164556962025	0.5839154963972442	1	2
antioxidants/pharmacology	retinal degeneration/chemically induced	2.625249684307107e-09	8.564651876821047e-09	0.0253164556962025	0.5839154963972442	1	2
antioxidants/pharmacology	serpins/chemistry	2.625249684307107e-09	8.564651876821047e-09	0.0253164556962025	0.5839154963972442	1	2
antioxidants/pharmacology	SERPINF1	2.625249684307107e-09	8.564651876821047e-09	0.0253164556962025	0.5839154963972442	1	2
cell communication/drug effects	TNF	0.0063153605764807	0.0094003368610316	0.0759493670886075	0.5839154963972442	1	2
programmed cell death 1 receptor/metabolism	tumor necrosis factor-alpha/metabolism	0.0052738364615261	0.0080350438245838	0.0749756572541382	0.5839154963972442	1	2
GPX4	cells cultured	0.0009191134489655	0.0016248864102145	0.0056685702255322	0.0067152084716297	5	2
GPX4	oxidative stress/drug effects	2.430279969489746e-06	6.065192227747572e-06	1.415402474639477e-07	1.5116732719636035e-08	12	2
GPX4	SLC7A11	0.0001576149442091	0.0003113386370458	9.200474703514728e-05	7.121833319912387e-06	9	2
GPX4	selenium/chemistry	0.0060478533588005	0.0090656099040005	0.2784810126582278	0.5839154963972442	1	2
nf-kappa b/metabolism	neoplasm metastasis	0.0060478533588005	0.0090656099040005	0.1233365790327815	0.5839154963972442	1	2
cells cultured	receptors transferrin/metabolism	0.0003409283625428	0.0006456625492638	0.0759493670886075	0.5839154963972442	1	2
cells cultured	selenomethionine/pharmacology	2.3792607699579804e-06	5.939699191235848e-06	0.0759493670886075	0.5839154963972442	1	2
cells cultured	chondrocytes/drug effects	2.3792607699579804e-06	5.939699191235848e-06	0.0759493670886075	0.5839154963972442	1	2
cells cultured	spiral ganglion/drug effects	0.0003409283625428	0.0006456625492638	0.0759493670886075	0.5839154963972442	1	2
cells cultured	neurons/drug effects	2.9976052317470803e-05	6.734403079718698e-05	0.0140998242264065	0.2602194741106761	2	2
cells cultured	selenium/chemistry	1.4840225492918082e-08	4.3976480457745145e-08	0.0759493670886075	0.5839154963972442	1	2
cells cultured	cartilage articular/drug effects	2.3792607699579804e-06	5.939699191235848e-06	0.0759493670886075	0.5839154963972442	1	2
cells cultured	t-2 toxin/toxicity	2.3792607699579804e-06	5.939699191235848e-06	0.0759493670886075	0.5839154963972442	1	2
cells cultured	organometallic compounds/toxicity	0.0003409283625428	0.0006456625492638	0.0759493670886075	0.5839154963972442	1	2
mitochondria/drug effects	HMOX1	0.0041476679448289	0.0063818173385686	0.0749756572541382	0.5839154963972442	1	2
mitochondria/drug effects	receptors transferrin/metabolism	6.204687256805563e-05	0.0001283996868687	0.0379746835443037	0.5839154963972442	1	2
mitochondria/drug effects	spiral ganglion/drug effects	6.204687256805563e-05	0.0001283996868687	0.0379746835443037	0.5839154963972442	1	2
mitochondria/drug effects	organometallic compounds/toxicity	6.204687256805563e-05	0.0001283996868687	0.0379746835443037	0.5839154963972442	1	2
mitochondria/drug effects	TFRC	0.0063153605764807	0.0094003368610316	0.0749756572541382	0.5839154963972442	1	2
tumor-associated macrophages/immunology	cd8-positive t-lymphocytes/immunology	0.0042387374307265	0.0065207000147917	0.0993184031158714	0.5839154963972442	1	2
tumor-associated macrophages/immunology	disease progression	0.0051127781697563	0.0077925990927575	0.1470301850048685	0.5839154963972442	1	2
cell line	oxidative stress/drug effects	0.0054077123488796	0.0082343552838319	0.0122790655914691	0.0270361376697864	4	2
cell line	SLC7A11	0.001328972189441	0.0022952392098468	0.0060793236447822	0.0270361376697864	4	2
cell line	polysaccharides/pharmacology	0.0005090257133157	0.000930641807535	0.0886075949367088	0.5839154963972442	1	2
cell line	aging/metabolism	0.0012703101640798	0.0021948634671647	0.0886075949367088	0.5839154963972442	1	2
cell line	eye proteins/chemistry	0.0012703101640798	0.0021948634671647	0.0886075949367088	0.5839154963972442	1	2
cell line	antioxidants/metabolism	0.0012703101640798	0.0021948634671647	0.0886075949367088	0.5839154963972442	1	2
cell line	nerve growth factors/chemistry	0.0012703101640798	0.0021948634671647	0.0886075949367088	0.5839154963972442	1	2
cell line	neurons/metabolism	0.0012703101640798	0.0021948634671647	0.0886075949367088	0.5839154963972442	1	2
cell line	folic acid/pharmacology	0.0012703101640798	0.0021948634671647	0.0886075949367088	0.5839154963972442	1	2
cell line	retinal pigment epithelium/metabolism	0.0012703101640798	0.0021948634671647	0.0886075949367088	0.5839154963972442	1	2
cell line	iodates/toxicity	0.0012703101640798	0.0021948634671647	0.0886075949367088	0.5839154963972442	1	2
cell line	retinal degeneration/chemically induced	0.0012703101640798	0.0021948634671647	0.0886075949367088	0.5839154963972442	1	2
cell line	kidney/drug effects	0.0005090257133157	0.000930641807535	0.0886075949367088	0.5839154963972442	1	2
cell line	cystine/metabolism	0.0012703101640798	0.0021948634671647	0.0886075949367088	0.5839154963972442	1	2
cell line	serpins/chemistry	0.0012703101640798	0.0021948634671647	0.0886075949367088	0.5839154963972442	1	2
cell line	diabetic nephropathies/drug therapy	0.0005090257133157	0.000930641807535	0.0886075949367088	0.5839154963972442	1	2
cell line	SERPINF1	0.0012703101640798	0.0021948634671647	0.0886075949367088	0.5839154963972442	1	2
cell line	LPO	0.0005090257133157	0.000930641807535	0.0886075949367088	0.5839154963972442	1	2
HMOX1	receptors transferrin/metabolism	1.3949601695983917e-08	4.14894115956003e-08	0.0253164556962025	0.5839154963972442	1	2
HMOX1	spiral ganglion/drug effects	1.3949601695983917e-08	4.14894115956003e-08	0.0253164556962025	0.5839154963972442	1	2
HMOX1	neurons/drug effects	0.0006980877093339	0.001259206870341	0.0749756572541382	0.5839154963972442	1	2
HMOX1	organometallic compounds/toxicity	1.3949601695983917e-08	4.14894115956003e-08	0.0253164556962025	0.5839154963972442	1	2
HMOX1	TFRC	9.126480426147054e-05	0.0001843114152613	0.0503083414475819	0.5839154963972442	1	2
HMOX1	NCOA4	0.0002175396701804	0.0004231916405219	0.0503083414475819	0.5839154963972442	1	2
CCK	dose-response relationship drug	0.0043931949900174	0.0067403472022652	0.1110155667117692	0.5839154963972442	1	2
CCK	prostatic neoplasms/pathology	0.0039887294626531	0.0061950649217182	0.1110155667117692	0.5839154963972442	1	2
cd8-positive t-lymphocytes/cytology	CD274	0.0053906898279905	0.0082115295947203	0.0993184031158714	0.5839154963972442	1	2
SLC7A11	oxidative stress/drug effects	7.067845333341705e-05	0.0001445589930112	0.0001435434077668	0.0002743086977019	7	2
SLC7A11	ROS1	0.001328972189441	0.0022952392098468	0.0112299480629269	0.0270361376697864	4	2
SLC7A11	polysaccharides/pharmacology	0.0055688047095958	0.0084272492243902	0.1392405063291139	0.5839154963972442	1	2
SLC7A11	malondialdehyde/metabolism	0.001600366000922	0.0027038590118024	0.017851346965271	0.2602194741106761	2	2
SLC7A11	chalcones/toxicity	0.0055688047095958	0.0084272492243902	0.1392405063291139	0.5839154963972442	1	2
SLC7A11	embryo nonmammalian/drug effects	0.0055688047095958	0.0084272492243902	0.1392405063291139	0.5839154963972442	1	2
SLC7A11	kidney/drug effects	0.0055688047095958	0.0084272492243902	0.1392405063291139	0.5839154963972442	1	2
SLC7A11	membrane potential mitochondrial/drug effects	0.0055688047095958	0.0084272492243902	0.1392405063291139	0.5839154963972442	1	2
SLC7A11	diabetic nephropathies/drug therapy	0.0055688047095958	0.0084272492243902	0.1392405063291139	0.5839154963972442	1	2
SLC7A11	chemical and drug induced liver injury/metabolism	0.0055688047095958	0.0084272492243902	0.1392405063291139	0.5839154963972442	1	2
SLC7A11	LPO	0.0055688047095958	0.0084272492243902	0.1392405063291139	0.5839154963972442	1	2
SLC7A11	ATP8A2	0.0055688047095958	0.0084272492243902	0.1392405063291139	0.5839154963972442	1	2
SLC7A11	TFRC	0.001600366000922	0.0027038590118024	0.017851346965271	0.2602194741106761	2	2
ACSL4	cyclohexylamines	2.435240009646122e-09	7.99316592930557e-09	0.0253164556962025	0.5839154963972442	1	2
ACSL4	leydig cells/metabolism	2.435240009646122e-09	7.99316592930557e-09	0.0253164556962025	0.5839154963972442	1	2
ACSL4	malondialdehyde/metabolism	3.818719119774716e-05	8.302143988942556e-05	0.0503083414475819	0.5839154963972442	1	2
ACSL4	superoxide dismutase/metabolism	2.435240009646122e-09	7.99316592930557e-09	0.0253164556962025	0.5839154963972442	1	2
ACSL4	testosterone	2.435240009646122e-09	7.99316592930557e-09	0.0253164556962025	0.5839154963972442	1	2
ACSL4	phenylenediamines	2.435240009646122e-09	7.99316592930557e-09	0.0253164556962025	0.5839154963972442	1	2
ACSL4	drugs chinese herbal/pharmacology	2.435240009646122e-09	7.99316592930557e-09	0.0253164556962025	0.5839154963972442	1	2
ACSL4	hydrogen peroxide	2.435240009646122e-09	7.99316592930557e-09	0.0253164556962025	0.5839154963972442	1	2
ACSL4	TPM3	2.435240009646122e-09	7.99316592930557e-09	0.0253164556962025	0.5839154963972442	1	2
cell proliferation	tumor microenvironment	0.0033468764833389	0.0053094049591406	0.0024337717838854	0.0002743086977019	7	2
cell proliferation	carcinoma pancreatic ductal/genetics	0.0060604399847964	0.0090826477310914	0.1934436871145731	0.5839154963972442	1	2
cell proliferation	ovarian neoplasms/immunology	0.0035619200766086	0.0056284466443242	0.1012658227848101	0.5839154963972442	1	2
cell proliferation	interleukin-17/genetics	0.0035619200766086	0.0056284466443242	0.1012658227848101	0.5839154963972442	1	2
cell proliferation	palmitic acid/metabolism	0.0035619200766086	0.0056284466443242	0.1012658227848101	0.5839154963972442	1	2
cell proliferation	recombinant proteins/metabolism	0.0035619200766086	0.0056284466443242	0.1012658227848101	0.5839154963972442	1	2
cell proliferation	fatty acid-binding proteins/metabolism	0.0035619200766086	0.0056284466443242	0.1012658227848101	0.5839154963972442	1	2
cell proliferation	adipocytes/immunology	0.0035619200766086	0.0056284466443242	0.1012658227848101	0.5839154963972442	1	2
cell proliferation	ovary/pathology	0.0035619200766086	0.0056284466443242	0.1012658227848101	0.5839154963972442	1	2
cell proliferation	receptors interleukin-17/metabolism	0.0035619200766086	0.0056284466443242	0.1012658227848101	0.5839154963972442	1	2
cell proliferation	FABP4	0.0035619200766086	0.0056284466443242	0.1012658227848101	0.5839154963972442	1	2
cell proliferation	IL17RA	0.0035619200766086	0.0056284466443242	0.1012658227848101	0.5839154963972442	1	2
TP53	cell line tumor/transplantation	0.0034531024608142	0.0054768441581628	0.1233365790327815	0.5839154963972442	1	2
ROS1	oxidative stress/drug effects	0.0054077123488796	0.0082343552838319	0.0221552409463665	0.0270361376697864	4	2
ROS1	selenomethionine/pharmacology	6.677447193559338e-05	0.0001367125684599	0.1012658227848101	0.5839154963972442	1	2
ROS1	polysaccharides/pharmacology	0.0005090257133157	0.000930641807535	0.1012658227848101	0.5839154963972442	1	2
ROS1	herbicides/toxicity	0.0034620907024385	0.0054846412402285	0.1012658227848101	0.5839154963972442	1	2
ROS1	chondrocytes/drug effects	6.677447193559338e-05	0.0001367125684599	0.1012658227848101	0.5839154963972442	1	2
ROS1	chalcones/toxicity	0.0005090257133157	0.000930641807535	0.1012658227848101	0.5839154963972442	1	2
ROS1	beclin-1/metabolism	0.0034620907024385	0.0054846412402285	0.1012658227848101	0.5839154963972442	1	2
ROS1	24-dichlorophenoxyacetic acid/toxicity	0.0034620907024385	0.0054846412402285	0.1012658227848101	0.5839154963972442	1	2
ROS1	embryo nonmammalian/drug effects	0.0005090257133157	0.000930641807535	0.1012658227848101	0.5839154963972442	1	2
ROS1	kidney/drug effects	0.0005090257133157	0.000930641807535	0.1012658227848101	0.5839154963972442	1	2
ROS1	membrane potential mitochondrial/drug effects	0.0005090257133157	0.000930641807535	0.1012658227848101	0.5839154963972442	1	2
ROS1	cartilage articular/drug effects	6.677447193559338e-05	0.0001367125684599	0.1012658227848101	0.5839154963972442	1	2
ROS1	diabetic nephropathies/drug therapy	0.0005090257133157	0.000930641807535	0.1012658227848101	0.5839154963972442	1	2
ROS1	t-2 toxin/toxicity	6.677447193559338e-05	0.0001367125684599	0.1012658227848101	0.5839154963972442	1	2
ROS1	chemical and drug induced liver injury/metabolism	0.0005090257133157	0.000930641807535	0.1012658227848101	0.5839154963972442	1	2
ROS1	LPO	0.0005090257133157	0.000930641807535	0.1012658227848101	0.5839154963972442	1	2
ROS1	BECN1	0.0034620907024385	0.0054846412402285	0.1012658227848101	0.5839154963972442	1	2
ROS1	TNMD	0.0034620907024385	0.0054846412402285	0.1012658227848101	0.5839154963972442	1	2
ROS1	ATP8A2	0.0005090257133157	0.000930641807535	0.1012658227848101	0.5839154963972442	1	2
ROS1	CYLD	0.0034620907024385	0.0054846412402285	0.1012658227848101	0.5839154963972442	1	2
NFE2L2	carbolines	0.0019078523929737	0.0031690349820392	0.050632911392405	0.5839154963972442	1	2
NFE2L2	polysaccharides/pharmacology	4.255748571779794e-05	9.016964920962905e-05	0.050632911392405	0.5839154963972442	1	2
NFE2L2	glucose/deficiency	0.0019078523929737	0.0031690349820392	0.050632911392405	0.5839154963972442	1	2
NFE2L2	nf-e2-related factor 2/metabolism	0.0019078523929737	0.0031690349820392	0.050632911392405	0.5839154963972442	1	2
NFE2L2	aminopyridines/pharmacology	0.0019078523929737	0.0031690349820392	0.050632911392405	0.5839154963972442	1	2
NFE2L2	cyclic nucleotide phosphodiesterases type 4/metabolism	0.0019078523929737	0.0031690349820392	0.050632911392405	0.5839154963972442	1	2
NFE2L2	reperfusion injury/pathology	0.0019078523929737	0.0031690349820392	0.050632911392405	0.5839154963972442	1	2
NFE2L2	benzamides/pharmacology	0.0019078523929737	0.0031690349820392	0.050632911392405	0.5839154963972442	1	2
NFE2L2	brain ischemia/pathology	0.0019078523929737	0.0031690349820392	0.050632911392405	0.5839154963972442	1	2
NFE2L2	kidney/drug effects	4.255748571779794e-05	9.016964920962905e-05	0.050632911392405	0.5839154963972442	1	2
NFE2L2	diabetic nephropathies/drug therapy	4.255748571779794e-05	9.016964920962905e-05	0.050632911392405	0.5839154963972442	1	2
NFE2L2	phosphodiesterase 4 inhibitors/pharmacology	0.0019078523929737	0.0031690349820392	0.050632911392405	0.5839154963972442	1	2
NFE2L2	LPO	4.255748571779794e-05	9.016964920962905e-05	0.050632911392405	0.5839154963972442	1	2
NFE2L2	PDE4B	0.0019078523929737	0.0031690349820392	0.050632911392405	0.5839154963972442	1	2
NFE2L2	PDE4A	0.0019078523929737	0.0031690349820392	0.050632911392405	0.5839154963972442	1	2
NFE2L2	FGFR1	0.0019078523929737	0.0031690349820392	0.050632911392405	0.5839154963972442	1	2
TF	herbicides/toxicity	1.2308794983262317e-08	3.6649731856942813e-08	0.0253164556962025	0.5839154963972442	1	2
TF	malondialdehyde/metabolism	5.202810086279985e-05	0.0001094038727744	0.0503083414475819	0.5839154963972442	1	2
TF	beclin-1/metabolism	1.2308794983262317e-08	3.6649731856942813e-08	0.0253164556962025	0.5839154963972442	1	2
TF	24-dichlorophenoxyacetic acid/toxicity	1.2308794983262317e-08	3.6649731856942813e-08	0.0253164556962025	0.5839154963972442	1	2
TF	BECN1	1.2308794983262317e-08	3.6649731856942813e-08	0.0253164556962025	0.5839154963972442	1	2
TF	TNMD	1.2308794983262317e-08	3.6649731856942813e-08	0.0253164556962025	0.5839154963972442	1	2
TF	TFRC	5.202810086279985e-05	0.0001094038727744	0.0503083414475819	0.5839154963972442	1	2
TF	CYLD	1.2308794983262317e-08	3.6649731856942813e-08	0.0253164556962025	0.5839154963972442	1	2
TGFB1	MAPK8	0.005725925897164	0.008653676299791	0.1703992210321324	0.5839154963972442	1	2
STAT3	non-alcoholic fatty liver disease/genetics	0.0041476679448289	0.0063818173385686	0.1470301850048685	0.5839154963972442	1	2
STAT3	stat3 transcription factor/metabolism	0.0032552686847979	0.005168138750855	0.0437759442423	0.2602194741106761	2	2
STAT3	carcinoma hepatocellular/genetics	0.0041476679448289	0.0063818173385686	0.1470301850048685	0.5839154963972442	1	2
STAT3	carcinoma hepatocellular/pathology	0.0060478533588005	0.0090656099040005	0.1470301850048685	0.5839154963972442	1	2
STAT3	NFKB1	0.0050042996695874	0.0076431195671775	0.063354651362646	0.2602194741106761	2	2
STAT3	MAPK8	0.0060478533588005	0.0090656099040005	0.1470301850048685	0.5839154963972442	1	2
cell line tumor/transplantation	CD274	0.0045936566807168	0.0070265643832809	0.0993184031158714	0.5839154963972442	1	2
estrogen receptor alpha/genetics	TNF	0.0063153605764807	0.0094003368610316	0.0759493670886075	0.5839154963972442	1	2
disease progression	interferon type i/metabolism	0.0035163250230256	0.0055683759574898	0.1470301850048685	0.5839154963972442	1	2
disease progression	MAPK8	0.0042693611878669	0.0065615648077505	0.1470301850048685	0.5839154963972442	1	2
hek293 cells	TNF	0.0063153605764807	0.0094003368610316	0.0759493670886075	0.5839154963972442	1	2
diet high-fat/adverse effects	transforming growth factor beta1/metabolism	0.005774785992712	0.0086917574235623	0.1461070574994626	0.5839154963972442	1	2
carcinoma hepatocellular/pathology	NFKB1	0.005725925897164	0.008653676299791	0.1470301850048685	0.5839154963972442	1	2
CD274	b7-h1 antigen/antagonists &amp; inhibitors	0.0038720064776792	0.0060345580632801	0.0993184031158714	0.5839154963972442	1	2
CCL2	chemokines/metabolism	0.0037953686521617	0.005923208589826	0.0632911392405063	0.5839154963972442	1	2
CCL2	lymphangiogenesis	0.0037953686521617	0.005923208589826	0.0632911392405063	0.5839154963972442	1	2
CCL2	diterpenes	0.0057503256328302	0.0086565539193184	0.0632911392405063	0.5839154963972442	1	2
CCL2	receptor melanocortin type 4/physiology	0.0037953686521617	0.005923208589826	0.0632911392405063	0.5839154963972442	1	2
CCL2	drugs chinese herbal	0.0057503256328302	0.0086565539193184	0.0632911392405063	0.5839154963972442	1	2
CCL2	leptin/physiology	0.0037953686521617	0.005923208589826	0.0632911392405063	0.5839154963972442	1	2
CCL2	kruppel-like transcription factors/genetics	0.0047121808267655	0.0072051340134516	0.1233365790327815	0.5839154963972442	1	2
CCL2	tumor cells cultured	0.0037953686521617	0.005923208589826	0.0632911392405063	0.5839154963972442	1	2
CCL2	apoptosis	0.0037953686521617	0.005923208589826	0.0632911392405063	0.5839154963972442	1	2
CCL2	rna messenger/genetics	0.0037953686521617	0.005923208589826	0.0632911392405063	0.5839154963972442	1	2
CCL2	cd8-positive t-lymphocytes	0.0057503256328302	0.0086565539193184	0.0632911392405063	0.5839154963972442	1	2
CCL2	hepatitis a virus cellular receptor 2/metabolism	0.0057503256328302	0.0086565539193184	0.0632911392405063	0.5839154963972442	1	2
CCL2	colorectal neoplasms/drug therapy	0.0057503256328302	0.0086565539193184	0.0632911392405063	0.5839154963972442	1	2
CCL2	neovascularization pathologic	0.0037953686521617	0.005923208589826	0.0632911392405063	0.5839154963972442	1	2
CCL2	TPI1	0.0057503256328302	0.0086565539193184	0.0632911392405063	0.5839154963972442	1	2
CCL2	CCR7	0.0037953686521617	0.005923208589826	0.0632911392405063	0.5839154963972442	1	2
CCL2	CCL21	0.0037953686521617	0.005923208589826	0.0632911392405063	0.5839154963972442	1	2
CCL2	FLT4	0.0037953686521617	0.005923208589826	0.0632911392405063	0.5839154963972442	1	2
CCL2	KDR	0.0037953686521617	0.005923208589826	0.0632911392405063	0.5839154963972442	1	2
CCL2	CCL19	0.0037953686521617	0.005923208589826	0.0632911392405063	0.5839154963972442	1	2
CCL2	lymphatic metastasis	0.0037953686521617	0.005923208589826	0.0632911392405063	0.5839154963972442	1	2
CCL2	HAVCR2	0.0057503256328302	0.0086565539193184	0.0632911392405063	0.5839154963972442	1	2
CCL2	HNF4A	0.0057503256328302	0.0086565539193184	0.0632911392405063	0.5839154963972442	1	2
CCL2	TCF7	0.0057503256328302	0.0086565539193184	0.0632911392405063	0.5839154963972442	1	2
CCL2	HNF1A	0.0057503256328302	0.0086565539193184	0.0632911392405063	0.5839154963972442	1	2
CCL2	TIMELESS	0.0057503256328302	0.0086565539193184	0.0632911392405063	0.5839154963972442	1	2
CCL2	HAVCR1	0.0057503256328302	0.0086565539193184	0.0632911392405063	0.5839154963972442	1	2
CCL2	obesity/etiology	0.0037953686521617	0.005923208589826	0.0632911392405063	0.5839154963972442	1	2
CCL2	ARHGEF5	0.0057503256328302	0.0086565539193184	0.0632911392405063	0.5839154963972442	1	2
CCL2	adipocytes/metabolism	0.0059631850587426	0.0089603009408142	0.0184725334625401	0.2602194741106761	2	2
NFKB1	MAPK8	0.005725925897164	0.008653676299791	0.1470301850048685	0.5839154963972442	1	2
PIK3CA	cell movement/drug effects	0.0063153605764807	0.0094003368610316	0.0749756572541382	0.5839154963972442	1	2
receptors transferrin/metabolism	spiral ganglion/drug effects	5.3290705182007506e-15	3.01993119618375e-14	0.0126582278481012	0.5839154963972442	1	2
receptors transferrin/metabolism	neurons/drug effects	2.452948432929425e-06	6.10479713166082e-06	0.0379746835443037	0.5839154963972442	1	2
receptors transferrin/metabolism	organometallic compounds/toxicity	5.3290705182007506e-15	3.01993119618375e-14	0.0126582278481012	0.5839154963972442	1	2
receptors transferrin/metabolism	TFRC	5.94691543787107e-08	1.6480460786500725e-07	0.0253164556962025	0.5839154963972442	1	2
receptors transferrin/metabolism	NCOA4	2.919517583244158e-07	7.742901736198241e-07	0.0253164556962025	0.5839154963972442	1	2
TNF	ESR1	0.0063153605764807	0.0094003368610316	0.0759493670886075	0.5839154963972442	1	2
TNF	TNFAIP3	0.0063153605764807	0.0094003368610316	0.0759493670886075	0.5839154963972442	1	2
cyclohexylamines	leydig cells/metabolism	5.3290705182007506e-15	3.01993119618375e-14	0.0126582278481012	0.5839154963972442	1	2
cyclohexylamines	malondialdehyde/metabolism	5.94691543787107e-08	1.6480460786500725e-07	0.0253164556962025	0.5839154963972442	1	2
cyclohexylamines	superoxide dismutase/metabolism	5.3290705182007506e-15	3.01993119618375e-14	0.0126582278481012	0.5839154963972442	1	2
cyclohexylamines	testosterone	5.3290705182007506e-15	3.01993119618375e-14	0.0126582278481012	0.5839154963972442	1	2
cyclohexylamines	phenylenediamines	5.3290705182007506e-15	3.01993119618375e-14	0.0126582278481012	0.5839154963972442	1	2
cyclohexylamines	drugs chinese herbal/pharmacology	5.3290705182007506e-15	3.01993119618375e-14	0.0126582278481012	0.5839154963972442	1	2
cyclohexylamines	hydrogen peroxide	5.3290705182007506e-15	3.01993119618375e-14	0.0126582278481012	0.5839154963972442	1	2
cyclohexylamines	TPM3	5.3290705182007506e-15	3.01993119618375e-14	0.0126582278481012	0.5839154963972442	1	2
polysaccharides/pharmacology	kidney/drug effects	0.0	0.0	0.0126582278481012	0.5839154963972442	1	2
polysaccharides/pharmacology	diabetic nephropathies/drug therapy	0.0	0.0	0.0126582278481012	0.5839154963972442	1	2
polysaccharides/pharmacology	LPO	0.0	0.0	0.0126582278481012	0.5839154963972442	1	2
herbicides/toxicity	malondialdehyde/metabolism	1.4070068976579364e-07	3.80522849396713e-07	0.0253164556962025	0.5839154963972442	1	2
herbicides/toxicity	beclin-1/metabolism	1.5687451337953464e-13	7.50120084390544e-13	0.0126582278481012	0.5839154963972442	1	2
herbicides/toxicity	24-dichlorophenoxyacetic acid/toxicity	1.5687451337953464e-13	7.50120084390544e-13	0.0126582278481012	0.5839154963972442	1	2
herbicides/toxicity	BECN1	1.5687451337953464e-13	7.50120084390544e-13	0.0126582278481012	0.5839154963972442	1	2
herbicides/toxicity	TNMD	1.5687451337953464e-13	7.50120084390544e-13	0.0126582278481012	0.5839154963972442	1	2
herbicides/toxicity	TFRC	1.4070068976579364e-07	3.80522849396713e-07	0.0253164556962025	0.5839154963972442	1	2
herbicides/toxicity	CYLD	1.5687451337953464e-13	7.50120084390544e-13	0.0126582278481012	0.5839154963972442	1	2
leydig cells/metabolism	malondialdehyde/metabolism	5.94691543787107e-08	1.6480460786500725e-07	0.0253164556962025	0.5839154963972442	1	2
leydig cells/metabolism	superoxide dismutase/metabolism	5.3290705182007506e-15	3.01993119618375e-14	0.0126582278481012	0.5839154963972442	1	2
leydig cells/metabolism	testosterone	5.3290705182007506e-15	3.01993119618375e-14	0.0126582278481012	0.5839154963972442	1	2
leydig cells/metabolism	phenylenediamines	5.3290705182007506e-15	3.01993119618375e-14	0.0126582278481012	0.5839154963972442	1	2
leydig cells/metabolism	drugs chinese herbal/pharmacology	5.3290705182007506e-15	3.01993119618375e-14	0.0126582278481012	0.5839154963972442	1	2
leydig cells/metabolism	hydrogen peroxide	5.3290705182007506e-15	3.01993119618375e-14	0.0126582278481012	0.5839154963972442	1	2
leydig cells/metabolism	TPM3	5.3290705182007506e-15	3.01993119618375e-14	0.0126582278481012	0.5839154963972442	1	2
malondialdehyde/metabolism	oxidative stress/drug effects	0.0049765608086923	0.0076021905283635	0.0253164556962025	0.2602194741106761	2	2
malondialdehyde/metabolism	superoxide dismutase/metabolism	5.94691543787107e-08	1.6480460786500725e-07	0.0253164556962025	0.5839154963972442	1	2
malondialdehyde/metabolism	testosterone	5.94691543787107e-08	1.6480460786500725e-07	0.0253164556962025	0.5839154963972442	1	2
malondialdehyde/metabolism	beclin-1/metabolism	1.4070068976579364e-07	3.80522849396713e-07	0.0253164556962025	0.5839154963972442	1	2
malondialdehyde/metabolism	24-dichlorophenoxyacetic acid/toxicity	1.4070068976579364e-07	3.80522849396713e-07	0.0253164556962025	0.5839154963972442	1	2
malondialdehyde/metabolism	phenylenediamines	5.94691543787107e-08	1.6480460786500725e-07	0.0253164556962025	0.5839154963972442	1	2
malondialdehyde/metabolism	drugs chinese herbal/pharmacology	5.94691543787107e-08	1.6480460786500725e-07	0.0253164556962025	0.5839154963972442	1	2
malondialdehyde/metabolism	hydrogen peroxide	5.94691543787107e-08	1.6480460786500725e-07	0.0253164556962025	0.5839154963972442	1	2
malondialdehyde/metabolism	BECN1	1.4070068976579364e-07	3.80522849396713e-07	0.0253164556962025	0.5839154963972442	1	2
malondialdehyde/metabolism	TNMD	1.4070068976579364e-07	3.80522849396713e-07	0.0253164556962025	0.5839154963972442	1	2
malondialdehyde/metabolism	TFRC	0.0001885399311764	0.0003714264221931	0.0503083414475819	0.5839154963972442	1	2
malondialdehyde/metabolism	CYLD	1.4070068976579364e-07	3.80522849396713e-07	0.0253164556962025	0.5839154963972442	1	2
malondialdehyde/metabolism	TPM3	5.94691543787107e-08	1.6480460786500725e-07	0.0253164556962025	0.5839154963972442	1	2
aging/metabolism	antioxidants/metabolism	0.0	0.0	0.0126582278481012	0.5839154963972442	1	2
aging/metabolism	neurons/metabolism	0.0	0.0	0.0126582278481012	0.5839154963972442	1	2
aging/metabolism	folic acid/pharmacology	0.0	0.0	0.0126582278481012	0.5839154963972442	1	2
aging/metabolism	cystine/metabolism	0.0	0.0	0.0126582278481012	0.5839154963972442	1	2
superoxide dismutase/metabolism	testosterone	5.3290705182007506e-15	3.01993119618375e-14	0.0126582278481012	0.5839154963972442	1	2
superoxide dismutase/metabolism	phenylenediamines	5.3290705182007506e-15	3.01993119618375e-14	0.0126582278481012	0.5839154963972442	1	2
superoxide dismutase/metabolism	drugs chinese herbal/pharmacology	5.3290705182007506e-15	3.01993119618375e-14	0.0126582278481012	0.5839154963972442	1	2
superoxide dismutase/metabolism	hydrogen peroxide	5.3290705182007506e-15	3.01993119618375e-14	0.0126582278481012	0.5839154963972442	1	2
superoxide dismutase/metabolism	TPM3	5.3290705182007506e-15	3.01993119618375e-14	0.0126582278481012	0.5839154963972442	1	2
eye proteins/chemistry	nerve growth factors/chemistry	0.0	0.0	0.0126582278481012	0.5839154963972442	1	2
eye proteins/chemistry	retinal pigment epithelium/metabolism	0.0	0.0	0.0126582278481012	0.5839154963972442	1	2
eye proteins/chemistry	iodates/toxicity	0.0	0.0	0.0126582278481012	0.5839154963972442	1	2
eye proteins/chemistry	retinal degeneration/chemically induced	0.0	0.0	0.0126582278481012	0.5839154963972442	1	2
eye proteins/chemistry	serpins/chemistry	0.0	0.0	0.0126582278481012	0.5839154963972442	1	2
eye proteins/chemistry	SERPINF1	0.0	0.0	0.0126582278481012	0.5839154963972442	1	2
antioxidants/metabolism	neurons/metabolism	0.0	0.0	0.0126582278481012	0.5839154963972442	1	2
antioxidants/metabolism	folic acid/pharmacology	0.0	0.0	0.0126582278481012	0.5839154963972442	1	2
antioxidants/metabolism	cystine/metabolism	0.0	0.0	0.0126582278481012	0.5839154963972442	1	2
cell movement/drug effects	iron/chemistry	0.0041476679448289	0.0063818173385686	0.0379746835443037	0.5839154963972442	1	2
cell movement/drug effects	tor serine-threonine kinases/metabolism	0.0041476679448289	0.0063818173385686	0.0379746835443037	0.5839154963972442	1	2
cell movement/drug effects	amp-activated protein kinase kinases	0.0041476679448289	0.0063818173385686	0.0379746835443037	0.5839154963972442	1	2
cell movement/drug effects	lung neoplasms/drug therapy	0.0041476679448289	0.0063818173385686	0.0379746835443037	0.5839154963972442	1	2
cell movement/drug effects	nf-e2-related factor 2/genetics	0.0041476679448289	0.0063818173385686	0.0379746835443037	0.5839154963972442	1	2
cell movement/drug effects	glycogen synthase kinase 3/metabolism	0.0041476679448289	0.0063818173385686	0.0379746835443037	0.5839154963972442	1	2
cell movement/drug effects	GSK3B	0.0041476679448289	0.0063818173385686	0.0379746835443037	0.5839154963972442	1	2
cell movement/drug effects	PRKAA1	0.0041476679448289	0.0063818173385686	0.0379746835443037	0.5839154963972442	1	2
cell movement/drug effects	GABPA	0.0041476679448289	0.0063818173385686	0.0379746835443037	0.5839154963972442	1	2
cell movement/drug effects	MTOR	0.0041476679448289	0.0063818173385686	0.0379746835443037	0.5839154963972442	1	2
cell movement/drug effects	BTRC	0.0041476679448289	0.0063818173385686	0.0379746835443037	0.5839154963972442	1	2
cell movement/drug effects	PRKAA2	0.0041476679448289	0.0063818173385686	0.0379746835443037	0.5839154963972442	1	2
cell movement/drug effects	PRKAB1	0.0041476679448289	0.0063818173385686	0.0379746835443037	0.5839154963972442	1	2
cell movement/drug effects	CTLA4	0.0041476679448289	0.0063818173385686	0.0379746835443037	0.5839154963972442	1	2
cell movement/drug effects	PIK3CD	0.0063153605764807	0.0094003368610316	0.0749756572541382	0.5839154963972442	1	2
cell movement/drug effects	PIK3CG	0.0063153605764807	0.0094003368610316	0.0749756572541382	0.5839154963972442	1	2
cell movement/drug effects	AKT1	0.0063153605764807	0.0094003368610316	0.0749756572541382	0.5839154963972442	1	2
cell movement/drug effects	PIK3CB	0.0063153605764807	0.0094003368610316	0.0749756572541382	0.5839154963972442	1	2
nerve growth factors/chemistry	retinal pigment epithelium/metabolism	0.0	0.0	0.0126582278481012	0.5839154963972442	1	2
nerve growth factors/chemistry	iodates/toxicity	0.0	0.0	0.0126582278481012	0.5839154963972442	1	2
nerve growth factors/chemistry	retinal degeneration/chemically induced	0.0	0.0	0.0126582278481012	0.5839154963972442	1	2
nerve growth factors/chemistry	serpins/chemistry	0.0	0.0	0.0126582278481012	0.5839154963972442	1	2
nerve growth factors/chemistry	SERPINF1	0.0	0.0	0.0126582278481012	0.5839154963972442	1	2
neurons/metabolism	folic acid/pharmacology	0.0	0.0	0.0126582278481012	0.5839154963972442	1	2
neurons/metabolism	cystine/metabolism	0.0	0.0	0.0126582278481012	0.5839154963972442	1	2
folic acid/pharmacology	cystine/metabolism	0.0	0.0	0.0126582278481012	0.5839154963972442	1	2
retinal pigment epithelium/metabolism	iodates/toxicity	0.0	0.0	0.0126582278481012	0.5839154963972442	1	2
retinal pigment epithelium/metabolism	retinal degeneration/chemically induced	0.0	0.0	0.0126582278481012	0.5839154963972442	1	2
retinal pigment epithelium/metabolism	serpins/chemistry	0.0	0.0	0.0126582278481012	0.5839154963972442	1	2
retinal pigment epithelium/metabolism	SERPINF1	0.0	0.0	0.0126582278481012	0.5839154963972442	1	2
cell survival/drug effects	carbolines	0.001775769371338	0.0029765592801872	0.050632911392405	0.5839154963972442	1	2
cell survival/drug effects	glucose/deficiency	0.001775769371338	0.0029765592801872	0.050632911392405	0.5839154963972442	1	2
cell survival/drug effects	nf-e2-related factor 2/metabolism	0.001775769371338	0.0029765592801872	0.050632911392405	0.5839154963972442	1	2
cell survival/drug effects	aminopyridines/pharmacology	0.001775769371338	0.0029765592801872	0.050632911392405	0.5839154963972442	1	2
cell survival/drug effects	cyclic nucleotide phosphodiesterases type 4/metabolism	0.001775769371338	0.0029765592801872	0.050632911392405	0.5839154963972442	1	2
cell survival/drug effects	reperfusion injury/pathology	0.001775769371338	0.0029765592801872	0.050632911392405	0.5839154963972442	1	2
cell survival/drug effects	benzamides/pharmacology	0.001775769371338	0.0029765592801872	0.050632911392405	0.5839154963972442	1	2
cell survival/drug effects	brain ischemia/pathology	0.001775769371338	0.0029765592801872	0.050632911392405	0.5839154963972442	1	2
cell survival/drug effects	phosphodiesterase 4 inhibitors/pharmacology	0.001775769371338	0.0029765592801872	0.050632911392405	0.5839154963972442	1	2
cell survival/drug effects	PDE4B	0.001775769371338	0.0029765592801872	0.050632911392405	0.5839154963972442	1	2
cell survival/drug effects	PDE4A	0.001775769371338	0.0029765592801872	0.050632911392405	0.5839154963972442	1	2
cell survival/drug effects	FGFR1	0.001775769371338	0.0029765592801872	0.050632911392405	0.5839154963972442	1	2
iodates/toxicity	retinal degeneration/chemically induced	0.0	0.0	0.0126582278481012	0.5839154963972442	1	2
iodates/toxicity	serpins/chemistry	0.0	0.0	0.0126582278481012	0.5839154963972442	1	2
iodates/toxicity	SERPINF1	0.0	0.0	0.0126582278481012	0.5839154963972442	1	2
spiral ganglion/drug effects	neurons/drug effects	2.452948432929425e-06	6.10479713166082e-06	0.0379746835443037	0.5839154963972442	1	2
spiral ganglion/drug effects	organometallic compounds/toxicity	5.3290705182007506e-15	3.01993119618375e-14	0.0126582278481012	0.5839154963972442	1	2
spiral ganglion/drug effects	TFRC	5.94691543787107e-08	1.6480460786500725e-07	0.0253164556962025	0.5839154963972442	1	2
spiral ganglion/drug effects	NCOA4	2.919517583244158e-07	7.742901736198241e-07	0.0253164556962025	0.5839154963972442	1	2
testosterone	phenylenediamines	5.3290705182007506e-15	3.01993119618375e-14	0.0126582278481012	0.5839154963972442	1	2
testosterone	drugs chinese herbal/pharmacology	5.3290705182007506e-15	3.01993119618375e-14	0.0126582278481012	0.5839154963972442	1	2
testosterone	hydrogen peroxide	5.3290705182007506e-15	3.01993119618375e-14	0.0126582278481012	0.5839154963972442	1	2
testosterone	TPM3	5.3290705182007506e-15	3.01993119618375e-14	0.0126582278481012	0.5839154963972442	1	2
beclin-1/metabolism	24-dichlorophenoxyacetic acid/toxicity	1.5687451337953464e-13	7.50120084390544e-13	0.0126582278481012	0.5839154963972442	1	2
beclin-1/metabolism	BECN1	1.5687451337953464e-13	7.50120084390544e-13	0.0126582278481012	0.5839154963972442	1	2
beclin-1/metabolism	TNMD	1.5687451337953464e-13	7.50120084390544e-13	0.0126582278481012	0.5839154963972442	1	2
beclin-1/metabolism	TFRC	1.4070068976579364e-07	3.80522849396713e-07	0.0253164556962025	0.5839154963972442	1	2
beclin-1/metabolism	CYLD	1.5687451337953464e-13	7.50120084390544e-13	0.0126582278481012	0.5839154963972442	1	2
retinal degeneration/chemically induced	serpins/chemistry	0.0	0.0	0.0126582278481012	0.5839154963972442	1	2
retinal degeneration/chemically induced	SERPINF1	0.0	0.0	0.0126582278481012	0.5839154963972442	1	2
neurons/drug effects	oxidative stress/drug effects	0.0002567656931961	0.0004933246711169	0.0036166365280289	0.0923383282746833	3	2
neurons/drug effects	carbolines	3.715207719534597e-05	8.125194474034933e-05	0.0379746835443037	0.5839154963972442	1	2
neurons/drug effects	glucose/deficiency	3.715207719534597e-05	8.125194474034933e-05	0.0379746835443037	0.5839154963972442	1	2
neurons/drug effects	nf-e2-related factor 2/metabolism	3.715207719534597e-05	8.125194474034933e-05	0.0379746835443037	0.5839154963972442	1	2
neurons/drug effects	aminopyridines/pharmacology	3.715207719534597e-05	8.125194474034933e-05	0.0379746835443037	0.5839154963972442	1	2
neurons/drug effects	cyclic nucleotide phosphodiesterases type 4/metabolism	3.715207719534597e-05	8.125194474034933e-05	0.0379746835443037	0.5839154963972442	1	2
neurons/drug effects	reperfusion injury/pathology	3.715207719534597e-05	8.125194474034933e-05	0.0379746835443037	0.5839154963972442	1	2
neurons/drug effects	benzamides/pharmacology	3.715207719534597e-05	8.125194474034933e-05	0.0379746835443037	0.5839154963972442	1	2
neurons/drug effects	brain ischemia/pathology	3.715207719534597e-05	8.125194474034933e-05	0.0379746835443037	0.5839154963972442	1	2
neurons/drug effects	selenium/chemistry	1.3178347302300608e-13	6.937734498364249e-13	0.0379746835443037	0.5839154963972442	1	2
neurons/drug effects	phosphodiesterase 4 inhibitors/pharmacology	3.715207719534597e-05	8.125194474034933e-05	0.0379746835443037	0.5839154963972442	1	2
neurons/drug effects	organometallic compounds/toxicity	2.452948432929425e-06	6.10479713166082e-06	0.0379746835443037	0.5839154963972442	1	2
neurons/drug effects	PDE4B	3.715207719534597e-05	8.125194474034933e-05	0.0379746835443037	0.5839154963972442	1	2
neurons/drug effects	PDE4A	3.715207719534597e-05	8.125194474034933e-05	0.0379746835443037	0.5839154963972442	1	2
neurons/drug effects	TFRC	0.0012240410841209	0.0021276567005338	0.0749756572541382	0.5839154963972442	1	2
neurons/drug effects	FGFR1	3.715207719534597e-05	8.125194474034933e-05	0.0379746835443037	0.5839154963972442	1	2
neurons/drug effects	NCOA4	1.03501118786653e-09	3.994233719746624e-09	0.0009737098344693	0.2602194741106761	2	2
24-dichlorophenoxyacetic acid/toxicity	BECN1	1.5687451337953464e-13	7.50120084390544e-13	0.0126582278481012	0.5839154963972442	1	2
24-dichlorophenoxyacetic acid/toxicity	TNMD	1.5687451337953464e-13	7.50120084390544e-13	0.0126582278481012	0.5839154963972442	1	2
24-dichlorophenoxyacetic acid/toxicity	TFRC	1.4070068976579364e-07	3.80522849396713e-07	0.0253164556962025	0.5839154963972442	1	2
24-dichlorophenoxyacetic acid/toxicity	CYLD	1.5687451337953464e-13	7.50120084390544e-13	0.0126582278481012	0.5839154963972442	1	2
phenylenediamines	drugs chinese herbal/pharmacology	5.3290705182007506e-15	3.01993119618375e-14	0.0126582278481012	0.5839154963972442	1	2
phenylenediamines	hydrogen peroxide	5.3290705182007506e-15	3.01993119618375e-14	0.0126582278481012	0.5839154963972442	1	2
phenylenediamines	TPM3	5.3290705182007506e-15	3.01993119618375e-14	0.0126582278481012	0.5839154963972442	1	2
kidney/drug effects	diabetic nephropathies/drug therapy	0.0	0.0	0.0126582278481012	0.5839154963972442	1	2
kidney/drug effects	LPO	0.0	0.0	0.0126582278481012	0.5839154963972442	1	2
serpins/chemistry	SERPINF1	0.0	0.0	0.0126582278481012	0.5839154963972442	1	2
drugs chinese herbal/pharmacology	hydrogen peroxide	5.3290705182007506e-15	3.01993119618375e-14	0.0126582278481012	0.5839154963972442	1	2
drugs chinese herbal/pharmacology	TPM3	5.3290705182007506e-15	3.01993119618375e-14	0.0126582278481012	0.5839154963972442	1	2
hydrogen peroxide	TPM3	5.3290705182007506e-15	3.01993119618375e-14	0.0126582278481012	0.5839154963972442	1	2
diabetic nephropathies/drug therapy	LPO	0.0	0.0	0.0126582278481012	0.5839154963972442	1	2
organometallic compounds/toxicity	TFRC	5.94691543787107e-08	1.6480460786500725e-07	0.0253164556962025	0.5839154963972442	1	2
organometallic compounds/toxicity	NCOA4	2.919517583244158e-07	7.742901736198241e-07	0.0253164556962025	0.5839154963972442	1	2
BECN1	TNMD	1.5687451337953464e-13	7.50120084390544e-13	0.0126582278481012	0.5839154963972442	1	2
BECN1	TFRC	1.4070068976579364e-07	3.80522849396713e-07	0.0253164556962025	0.5839154963972442	1	2
BECN1	CYLD	1.5687451337953464e-13	7.50120084390544e-13	0.0126582278481012	0.5839154963972442	1	2
TNMD	TFRC	1.4070068976579364e-07	3.80522849396713e-07	0.0253164556962025	0.5839154963972442	1	2
TNMD	CYLD	1.5687451337953464e-13	7.50120084390544e-13	0.0126582278481012	0.5839154963972442	1	2
TFRC	oxidative stress/drug effects	0.0049765608086923	0.0076021905283635	0.0253164556962025	0.2602194741106761	2	2
TFRC	CYLD	1.4070068976579364e-07	3.80522849396713e-07	0.0253164556962025	0.5839154963972442	1	2
TFRC	NCOA4	0.0004188991751848	0.0007814229535247	0.0503083414475819	0.5839154963972442	1	2
NCOA4	carbolines	7.0494100039564245e-06	1.659856708682164e-05	0.0253164556962025	0.5839154963972442	1	2
NCOA4	glucose/deficiency	7.0494100039564245e-06	1.659856708682164e-05	0.0253164556962025	0.5839154963972442	1	2
NCOA4	nf-e2-related factor 2/metabolism	7.0494100039564245e-06	1.659856708682164e-05	0.0253164556962025	0.5839154963972442	1	2
NCOA4	aminopyridines/pharmacology	7.0494100039564245e-06	1.659856708682164e-05	0.0253164556962025	0.5839154963972442	1	2
NCOA4	cyclic nucleotide phosphodiesterases type 4/metabolism	7.0494100039564245e-06	1.659856708682164e-05	0.0253164556962025	0.5839154963972442	1	2
NCOA4	reperfusion injury/pathology	7.0494100039564245e-06	1.659856708682164e-05	0.0253164556962025	0.5839154963972442	1	2
NCOA4	benzamides/pharmacology	7.0494100039564245e-06	1.659856708682164e-05	0.0253164556962025	0.5839154963972442	1	2
NCOA4	brain ischemia/pathology	7.0494100039564245e-06	1.659856708682164e-05	0.0253164556962025	0.5839154963972442	1	2
NCOA4	phosphodiesterase 4 inhibitors/pharmacology	7.0494100039564245e-06	1.659856708682164e-05	0.0253164556962025	0.5839154963972442	1	2
NCOA4	PDE4B	7.0494100039564245e-06	1.659856708682164e-05	0.0253164556962025	0.5839154963972442	1	2
NCOA4	PDE4A	7.0494100039564245e-06	1.659856708682164e-05	0.0253164556962025	0.5839154963972442	1	2
NCOA4	FGFR1	7.0494100039564245e-06	1.659856708682164e-05	0.0253164556962025	0.5839154963972442	1	2
gene expression regulation neoplastic	jurkat cells	0.0035436383975111	0.0056105293672193	0.1233365790327815	0.5839154963972442	1	2
oxidative stress/drug effects	selenomethionine/pharmacology	0.003891312982533	0.0060449250695597	0.1645569620253164	0.5839154963972442	1	2
oxidative stress/drug effects	chondrocytes/drug effects	0.003891312982533	0.0060449250695597	0.1645569620253164	0.5839154963972442	1	2
oxidative stress/drug effects	dna-(apurinic or apyrimidinic site) lyase/metabolism	0.001143667373756	0.001996538355438	0.1645569620253164	0.5839154963972442	1	2
oxidative stress/drug effects	selenium/chemistry	0.000482318717482	0.0008906804286957	0.1645569620253164	0.5839154963972442	1	2
oxidative stress/drug effects	cartilage articular/drug effects	0.003891312982533	0.0060449250695597	0.1645569620253164	0.5839154963972442	1	2
oxidative stress/drug effects	t-2 toxin/toxicity	0.003891312982533	0.0060449250695597	0.1645569620253164	0.5839154963972442	1	2
oxidative stress/drug effects	APEX1	0.001143667373756	0.001996538355438	0.1645569620253164	0.5839154963972442	1	2
stat3 transcription factor/metabolism	raw 264.7 cells	0.0066824556627806	0.0099084264607212	0.1233365790327815	0.5839154963972442	1	2
stat3 transcription factor/metabolism	tumor microenvironment/immunology	0.0048393646680949	0.0073954058023592	0.0596534711124984	0.2602194741106761	2	2
stat3 transcription factor/metabolism	paracrine communication	0.0057015867770817	0.00862334320524	0.1233365790327815	0.5839154963972442	1	2
cd8-positive t-lymphocytes/immunology	b7-h1 antigen/antagonists &amp; inhibitors	0.0050446579505036	0.0076916756411358	0.0993184031158714	0.5839154963972442	1	2
phospholipid hydroperoxide glutathione peroxidase/genetics	dna-(apurinic or apyrimidinic site) lyase/metabolism	0.0	0.0	0.0253164556962025	0.5839154963972442	1	2
phospholipid hydroperoxide glutathione peroxidase/genetics	APEX1	0.0	0.0	0.0253164556962025	0.5839154963972442	1	2
obesity/metabolism	tumor necrosis factor-alpha/metabolism	0.0036171148035757	0.0056724053420717	0.0749756572541382	0.5839154963972442	1	2
obesity/metabolism	cell differentiation	0.0065105375369128	0.009685503283467	0.0749756572541382	0.5839154963972442	1	2
cell differentiation	CCR2	0.0057503256328302	0.0086565539193184	0.0749756572541382	0.5839154963972442	1	2
hep g2 cells	chalcones/toxicity	5.3401727484470036e-14	2.854096294986788e-13	0.0253164556962025	0.5839154963972442	1	2
hep g2 cells	embryo nonmammalian/drug effects	5.3401727484470036e-14	2.854096294986788e-13	0.0253164556962025	0.5839154963972442	1	2
hep g2 cells	membrane potential mitochondrial/drug effects	5.3401727484470036e-14	2.854096294986788e-13	0.0253164556962025	0.5839154963972442	1	2
hep g2 cells	chemical and drug induced liver injury/metabolism	5.3401727484470036e-14	2.854096294986788e-13	0.0253164556962025	0.5839154963972442	1	2
hep g2 cells	ATP8A2	5.3401727484470036e-14	2.854096294986788e-13	0.0253164556962025	0.5839154963972442	1	2
selenomethionine/pharmacology	chondrocytes/drug effects	0.0	0.0	0.0126582278481012	0.5839154963972442	1	2
selenomethionine/pharmacology	cartilage articular/drug effects	0.0	0.0	0.0126582278481012	0.5839154963972442	1	2
selenomethionine/pharmacology	t-2 toxin/toxicity	0.0	0.0	0.0126582278481012	0.5839154963972442	1	2
chondrocytes/drug effects	cartilage articular/drug effects	0.0	0.0	0.0126582278481012	0.5839154963972442	1	2
chondrocytes/drug effects	t-2 toxin/toxicity	0.0	0.0	0.0126582278481012	0.5839154963972442	1	2
cartilage articular/drug effects	t-2 toxin/toxicity	0.0	0.0	0.0126582278481012	0.5839154963972442	1	2
carbolines	glucose/deficiency	1.7235266547288575e-09	5.8153732345987045e-09	0.0126582278481012	0.5839154963972442	1	2
carbolines	nf-e2-related factor 2/metabolism	1.7235266547288575e-09	5.8153732345987045e-09	0.0126582278481012	0.5839154963972442	1	2
carbolines	aminopyridines/pharmacology	1.7235266547288575e-09	5.8153732345987045e-09	0.0126582278481012	0.5839154963972442	1	2
carbolines	cyclic nucleotide phosphodiesterases type 4/metabolism	1.7235266547288575e-09	5.8153732345987045e-09	0.0126582278481012	0.5839154963972442	1	2
carbolines	reperfusion injury/pathology	1.7235266547288575e-09	5.8153732345987045e-09	0.0126582278481012	0.5839154963972442	1	2
carbolines	benzamides/pharmacology	1.7235266547288575e-09	5.8153732345987045e-09	0.0126582278481012	0.5839154963972442	1	2
carbolines	brain ischemia/pathology	1.7235266547288575e-09	5.8153732345987045e-09	0.0126582278481012	0.5839154963972442	1	2
carbolines	phosphodiesterase 4 inhibitors/pharmacology	1.7235266547288575e-09	5.8153732345987045e-09	0.0126582278481012	0.5839154963972442	1	2
carbolines	PDE4B	1.7235266547288575e-09	5.8153732345987045e-09	0.0126582278481012	0.5839154963972442	1	2
carbolines	PDE4A	1.7235266547288575e-09	5.8153732345987045e-09	0.0126582278481012	0.5839154963972442	1	2
carbolines	FGFR1	1.7235266547288575e-09	5.8153732345987045e-09	0.0126582278481012	0.5839154963972442	1	2
glucose/deficiency	nf-e2-related factor 2/metabolism	1.7235266547288575e-09	5.8153732345987045e-09	0.0126582278481012	0.5839154963972442	1	2
glucose/deficiency	aminopyridines/pharmacology	1.7235266547288575e-09	5.8153732345987045e-09	0.0126582278481012	0.5839154963972442	1	2
glucose/deficiency	cyclic nucleotide phosphodiesterases type 4/metabolism	1.7235266547288575e-09	5.8153732345987045e-09	0.0126582278481012	0.5839154963972442	1	2
glucose/deficiency	reperfusion injury/pathology	1.7235266547288575e-09	5.8153732345987045e-09	0.0126582278481012	0.5839154963972442	1	2
glucose/deficiency	benzamides/pharmacology	1.7235266547288575e-09	5.8153732345987045e-09	0.0126582278481012	0.5839154963972442	1	2
glucose/deficiency	brain ischemia/pathology	1.7235266547288575e-09	5.8153732345987045e-09	0.0126582278481012	0.5839154963972442	1	2
glucose/deficiency	phosphodiesterase 4 inhibitors/pharmacology	1.7235266547288575e-09	5.8153732345987045e-09	0.0126582278481012	0.5839154963972442	1	2
glucose/deficiency	PDE4B	1.7235266547288575e-09	5.8153732345987045e-09	0.0126582278481012	0.5839154963972442	1	2
glucose/deficiency	PDE4A	1.7235266547288575e-09	5.8153732345987045e-09	0.0126582278481012	0.5839154963972442	1	2
glucose/deficiency	FGFR1	1.7235266547288575e-09	5.8153732345987045e-09	0.0126582278481012	0.5839154963972442	1	2
nf-e2-related factor 2/metabolism	aminopyridines/pharmacology	1.7235266547288575e-09	5.8153732345987045e-09	0.0126582278481012	0.5839154963972442	1	2
nf-e2-related factor 2/metabolism	cyclic nucleotide phosphodiesterases type 4/metabolism	1.7235266547288575e-09	5.8153732345987045e-09	0.0126582278481012	0.5839154963972442	1	2
nf-e2-related factor 2/metabolism	reperfusion injury/pathology	1.7235266547288575e-09	5.8153732345987045e-09	0.0126582278481012	0.5839154963972442	1	2
nf-e2-related factor 2/metabolism	benzamides/pharmacology	1.7235266547288575e-09	5.8153732345987045e-09	0.0126582278481012	0.5839154963972442	1	2
nf-e2-related factor 2/metabolism	brain ischemia/pathology	1.7235266547288575e-09	5.8153732345987045e-09	0.0126582278481012	0.5839154963972442	1	2
nf-e2-related factor 2/metabolism	phosphodiesterase 4 inhibitors/pharmacology	1.7235266547288575e-09	5.8153732345987045e-09	0.0126582278481012	0.5839154963972442	1	2
nf-e2-related factor 2/metabolism	PDE4B	1.7235266547288575e-09	5.8153732345987045e-09	0.0126582278481012	0.5839154963972442	1	2
nf-e2-related factor 2/metabolism	PDE4A	1.7235266547288575e-09	5.8153732345987045e-09	0.0126582278481012	0.5839154963972442	1	2
nf-e2-related factor 2/metabolism	FGFR1	1.7235266547288575e-09	5.8153732345987045e-09	0.0126582278481012	0.5839154963972442	1	2
aminopyridines/pharmacology	cyclic nucleotide phosphodiesterases type 4/metabolism	1.7235266547288575e-09	5.8153732345987045e-09	0.0126582278481012	0.5839154963972442	1	2
aminopyridines/pharmacology	reperfusion injury/pathology	1.7235266547288575e-09	5.8153732345987045e-09	0.0126582278481012	0.5839154963972442	1	2
aminopyridines/pharmacology	benzamides/pharmacology	1.7235266547288575e-09	5.8153732345987045e-09	0.0126582278481012	0.5839154963972442	1	2
aminopyridines/pharmacology	brain ischemia/pathology	1.7235266547288575e-09	5.8153732345987045e-09	0.0126582278481012	0.5839154963972442	1	2
aminopyridines/pharmacology	phosphodiesterase 4 inhibitors/pharmacology	1.7235266547288575e-09	5.8153732345987045e-09	0.0126582278481012	0.5839154963972442	1	2
aminopyridines/pharmacology	PDE4B	1.7235266547288575e-09	5.8153732345987045e-09	0.0126582278481012	0.5839154963972442	1	2
aminopyridines/pharmacology	PDE4A	1.7235266547288575e-09	5.8153732345987045e-09	0.0126582278481012	0.5839154963972442	1	2
aminopyridines/pharmacology	FGFR1	1.7235266547288575e-09	5.8153732345987045e-09	0.0126582278481012	0.5839154963972442	1	2
cyclic nucleotide phosphodiesterases type 4/metabolism	reperfusion injury/pathology	1.7235266547288575e-09	5.8153732345987045e-09	0.0126582278481012	0.5839154963972442	1	2
cyclic nucleotide phosphodiesterases type 4/metabolism	benzamides/pharmacology	1.7235266547288575e-09	5.8153732345987045e-09	0.0126582278481012	0.5839154963972442	1	2
cyclic nucleotide phosphodiesterases type 4/metabolism	brain ischemia/pathology	1.7235266547288575e-09	5.8153732345987045e-09	0.0126582278481012	0.5839154963972442	1	2
cyclic nucleotide phosphodiesterases type 4/metabolism	phosphodiesterase 4 inhibitors/pharmacology	1.7235266547288575e-09	5.8153732345987045e-09	0.0126582278481012	0.5839154963972442	1	2
cyclic nucleotide phosphodiesterases type 4/metabolism	PDE4B	1.7235266547288575e-09	5.8153732345987045e-09	0.0126582278481012	0.5839154963972442	1	2
cyclic nucleotide phosphodiesterases type 4/metabolism	PDE4A	1.7235266547288575e-09	5.8153732345987045e-09	0.0126582278481012	0.5839154963972442	1	2
cyclic nucleotide phosphodiesterases type 4/metabolism	FGFR1	1.7235266547288575e-09	5.8153732345987045e-09	0.0126582278481012	0.5839154963972442	1	2
chalcones/toxicity	embryo nonmammalian/drug effects	0.0	0.0	0.0126582278481012	0.5839154963972442	1	2
chalcones/toxicity	membrane potential mitochondrial/drug effects	0.0	0.0	0.0126582278481012	0.5839154963972442	1	2
chalcones/toxicity	chemical and drug induced liver injury/metabolism	0.0	0.0	0.0126582278481012	0.5839154963972442	1	2
chalcones/toxicity	ATP8A2	0.0	0.0	0.0126582278481012	0.5839154963972442	1	2
reperfusion injury/pathology	benzamides/pharmacology	1.7235266547288575e-09	5.8153732345987045e-09	0.0126582278481012	0.5839154963972442	1	2
reperfusion injury/pathology	brain ischemia/pathology	1.7235266547288575e-09	5.8153732345987045e-09	0.0126582278481012	0.5839154963972442	1	2
reperfusion injury/pathology	phosphodiesterase 4 inhibitors/pharmacology	1.7235266547288575e-09	5.8153732345987045e-09	0.0126582278481012	0.5839154963972442	1	2
reperfusion injury/pathology	PDE4B	1.7235266547288575e-09	5.8153732345987045e-09	0.0126582278481012	0.5839154963972442	1	2
reperfusion injury/pathology	PDE4A	1.7235266547288575e-09	5.8153732345987045e-09	0.0126582278481012	0.5839154963972442	1	2
reperfusion injury/pathology	FGFR1	1.7235266547288575e-09	5.8153732345987045e-09	0.0126582278481012	0.5839154963972442	1	2
benzamides/pharmacology	brain ischemia/pathology	1.7235266547288575e-09	5.8153732345987045e-09	0.0126582278481012	0.5839154963972442	1	2
benzamides/pharmacology	phosphodiesterase 4 inhibitors/pharmacology	1.7235266547288575e-09	5.8153732345987045e-09	0.0126582278481012	0.5839154963972442	1	2
benzamides/pharmacology	PDE4B	1.7235266547288575e-09	5.8153732345987045e-09	0.0126582278481012	0.5839154963972442	1	2
benzamides/pharmacology	PDE4A	1.7235266547288575e-09	5.8153732345987045e-09	0.0126582278481012	0.5839154963972442	1	2
benzamides/pharmacology	FGFR1	1.7235266547288575e-09	5.8153732345987045e-09	0.0126582278481012	0.5839154963972442	1	2
brain ischemia/pathology	phosphodiesterase 4 inhibitors/pharmacology	1.7235266547288575e-09	5.8153732345987045e-09	0.0126582278481012	0.5839154963972442	1	2
brain ischemia/pathology	PDE4B	1.7235266547288575e-09	5.8153732345987045e-09	0.0126582278481012	0.5839154963972442	1	2
brain ischemia/pathology	PDE4A	1.7235266547288575e-09	5.8153732345987045e-09	0.0126582278481012	0.5839154963972442	1	2
brain ischemia/pathology	FGFR1	1.7235266547288575e-09	5.8153732345987045e-09	0.0126582278481012	0.5839154963972442	1	2
embryo nonmammalian/drug effects	membrane potential mitochondrial/drug effects	0.0	0.0	0.0126582278481012	0.5839154963972442	1	2
embryo nonmammalian/drug effects	chemical and drug induced liver injury/metabolism	0.0	0.0	0.0126582278481012	0.5839154963972442	1	2
embryo nonmammalian/drug effects	ATP8A2	0.0	0.0	0.0126582278481012	0.5839154963972442	1	2
membrane potential mitochondrial/drug effects	chemical and drug induced liver injury/metabolism	0.0	0.0	0.0126582278481012	0.5839154963972442	1	2
membrane potential mitochondrial/drug effects	ATP8A2	0.0	0.0	0.0126582278481012	0.5839154963972442	1	2
chemical and drug induced liver injury/metabolism	ATP8A2	0.0	0.0	0.0126582278481012	0.5839154963972442	1	2
phosphodiesterase 4 inhibitors/pharmacology	PDE4B	1.7235266547288575e-09	5.8153732345987045e-09	0.0126582278481012	0.5839154963972442	1	2
phosphodiesterase 4 inhibitors/pharmacology	PDE4A	1.7235266547288575e-09	5.8153732345987045e-09	0.0126582278481012	0.5839154963972442	1	2
phosphodiesterase 4 inhibitors/pharmacology	FGFR1	1.7235266547288575e-09	5.8153732345987045e-09	0.0126582278481012	0.5839154963972442	1	2
PDE4B	PDE4A	1.7235266547288575e-09	5.8153732345987045e-09	0.0126582278481012	0.5839154963972442	1	2
PDE4B	FGFR1	1.7235266547288575e-09	5.8153732345987045e-09	0.0126582278481012	0.5839154963972442	1	2
PDE4A	FGFR1	1.7235266547288575e-09	5.8153732345987045e-09	0.0126582278481012	0.5839154963972442	1	2
dna-(apurinic or apyrimidinic site) lyase/metabolism	APEX1	0.0	0.0	0.0126582278481012	0.5839154963972442	1	2
