inflammation/drug therapy	cyclohexylamines/pharmacology	0.025316455696202528	30830879
adjuvants immunologic/chemistry	gels/chemistry	0.012658227848101264	33236624
cisplatin	tumor suppressor protein p53/metabolism	0.03797468354430379	35778693
inflammation/drug therapy	phenylenediamines/pharmacology	0.025316455696202528	30830879
adjuvants immunologic/chemistry	urinary bladder neoplasms/pathology	0.012658227848101264	33236624
inflammation/drug therapy	ventricular function left/drug effects	0.012658227848101264	30830879
inflammation/drug therapy	neutrophils/immunology	0.025316455696202528	30830879
cytokines/metabolism	macrophages/drug effects	0.5013419625011897	30755716
cytokines/metabolism	multiple myeloma/drug therapy	0.12658227848101264	33691090
cytokines/metabolism	tumor microenvironment/drug effects	0.31837335510693404	28609459
cytokines/metabolism	tumor microenvironment/drug effects	0.31837335510693404	30755716
cytokines/metabolism	macrophages/metabolism	0.21425819785452174	36160648
cytokines/metabolism	macrophages/metabolism	0.21425819785452174	30420335
inflammation/drug therapy	myocardium/immunology	0.012658227848101264	30830879
apoptosis/drug effects	tumor necrosis factor alpha-induced protein 3/metabolism	0.03797468354430379	30420335
drug resistance neoplasm	antineoplastic agents/pharmacology	0.08860759493670886	34991659
cytokines/metabolism	reactive oxygen species/metabolism	0.7981840076533138	33691090
hemodynamics/drug effects	hypertension pulmonary/chemically induced	0.012658227848101264	35197507
inflammation/drug therapy	adaptor proteins vesicular transport/genetics	0.012658227848101264	30830879
cytokines/metabolism	cell line tumor	0.5732688266494079	33691090
cytokines/metabolism	cell line tumor	0.5732688266494079	28609459
cytokines/metabolism	cell line tumor	0.5732688266494079	38301989
cytokines/metabolism	cell line tumor	0.5732688266494079	30420335
apoptosis/drug effects	endometrial neoplasms/genetics	0.03797468354430379	30420335
inflammation/drug therapy	myocardial reperfusion injury/drug therapy	0.012658227848101264	30830879
cytokines/metabolism	radiation-protective agents/pharmacology	0.12658227848101264	32134361
cytokines/metabolism	CD36	0.421916903278136	33691090
cytokines/metabolism	CD36	0.421916903278136	38301989
hemodynamics/drug effects	nlr family pyrin domain-containing 3 protein/metabolism	0.012658227848101264	35197507
cytokines/metabolism	CHRM1	0.4246253413475265	30755716
cisplatin	diterpenes/pharmacology	0.012658227848101264	35778693
cytokines/metabolism	PDCD1	0.1644108560830746	33691090
cytokines/metabolism	PDCD1	0.1644108560830746	38301989
cytokines/metabolism	HMGB1	0.23855890944498537	30755716
adjuvants immunologic/chemistry	ferroptosis/drug effects	0.48101265822784794	33236624
hemodynamics/drug effects	ferroptosis/drug effects	0.48101265822784794	35197507
cytokines/metabolism	IL6	0.7246408917981654	38301989
inflammation/drug therapy	ferroptosis/drug effects	0.48101265822784794	30830879
cytokines/metabolism	CD8A	0.6795000543880287	33691090
cytokines/metabolism	CD44	0.23855890944498537	36160648
cytokines/metabolism	RPL17-C18orf32	0.1644108560830746	33691090
cytokines/metabolism	RPL17-C18orf32	0.1644108560830746	38301989
cytokines/metabolism	RPL17	0.1644108560830746	33691090
cytokines/metabolism	RPL17	0.1644108560830746	38301989
inflammation/drug therapy	neutrophil infiltration	0.012658227848101264	30830879
cytokines/metabolism	MRLN	0.4246253413475265	30755716
cisplatin	lymphoma t-cell	0.012658227848101264	35778693
hemodynamics/drug effects	macrophages/metabolism	0.08860759493670886	35197507
cytokines/metabolism	neovascularization pathologic/genetics	0.12658227848101264	24156623
cytokines/metabolism	mitogen-activated protein kinases/metabolism	0.12658227848101264	28609459
inflammation/drug therapy	toll-like receptor 4/genetics	0.012658227848101264	30830879
cytokines/metabolism	lipid metabolism	0.12658227848101264	34919143
cytokines/metabolism	prostatic neoplasms/immunology	0.12658227848101264	34919143
cytokines/metabolism	lipoproteins ldl	0.12658227848101264	36160648
apoptosis/drug effects	antigens cd/metabolism	0.03797468354430379	30420335
cytokines/metabolism	amidines/administration &amp; dosage	0.12658227848101264	28609459
inflammation/drug therapy	TICAM1	0.012658227848101264	30830879
cytokines/metabolism	phenotype	0.014605647517039922	30755716
cytokines/metabolism	phenotype	0.014605647517039922	30420335
apoptosis/drug effects	estradiol/pharmacology	0.03797468354430379	30420335
adjuvants immunologic/chemistry	reactive oxygen species/metabolism	0.1392405063291139	33236624
hemodynamics/drug effects	hmgb1 protein/metabolism	0.012658227848101264	35197507
inflammation/drug therapy	IFNA1	0.03797468354430379	30830879
cytokines/metabolism	heterografts	0.12658227848101264	34919143
cytokines/metabolism	receptors cell surface/metabolism	0.12658227848101264	30420335
t-lymphocytes cytotoxic/metabolism	calreticulin/metabolism	0.012658227848101264	32686685
adjuvants immunologic/chemistry	gold/chemistry	0.012658227848101264	33236624
hemodynamics/drug effects	inflammation/metabolism	0.025316455696202528	35197507
amino acid transport system y+/metabolism	iron/metabolism	0.11003064673950749	39276841
amino acid transport system y+/metabolism	iron/metabolism	0.11003064673950749	40724917
cytokines/metabolism	antigens differentiation myelomonocytic/metabolism	0.12658227848101264	30420335
adjuvants immunologic/chemistry	cell line tumor	0.37974683544303794	33236624
amino acid transport system y+/metabolism	phospholipid hydroperoxide glutathione peroxidase/metabolism	8.036108717846006e-05	39276841
amino acid transport system y+/metabolism	phospholipid hydroperoxide glutathione peroxidase/metabolism	8.036108717846006e-05	39212400
amino acid transport system y+/metabolism	phospholipid hydroperoxide glutathione peroxidase/metabolism	8.036108717846006e-05	40451026
amino acid transport system y+/metabolism	phospholipid hydroperoxide glutathione peroxidase/metabolism	8.036108717846006e-05	40724917
amino acid transport system y+/metabolism	phospholipid hydroperoxide glutathione peroxidase/metabolism	8.036108717846006e-05	40703032
amino acid transport system y+/metabolism	phospholipid hydroperoxide glutathione peroxidase/metabolism	8.036108717846006e-05	40752796
b7-h1 antigen/metabolism	immunogenic cell death/drug effects	0.012658227848101264	34985903
cytokines/metabolism	glycyrrhizic acid/pharmacology	0.12658227848101264	30755716
inflammation/drug therapy	TLR4	0.03797468354430379	30830879
amino acid transport system y+/metabolism	melanoma/genetics	0.10126582278481011	31043744
amino acid transport system y+/metabolism	glutathione/metabolism	0.00024808834095793467	39276841
amino acid transport system y+/metabolism	glutathione/metabolism	0.00024808834095793467	39212400
amino acid transport system y+/metabolism	glutathione/metabolism	0.00024808834095793467	40451026
amino acid transport system y+/metabolism	glutathione/metabolism	0.00024808834095793467	40724917
amino acid transport system y+/metabolism	glutathione/metabolism	0.00024808834095793467	40703032
amino acid transport system y+/metabolism	glutathione/metabolism	0.00024808834095793467	40752796
hemodynamics/drug effects	NOX4	0.012658227848101264	35197507
cytokines/metabolism	nitric oxide synthase type ii/metabolism	0.12658227848101264	36160648
drug resistance neoplasm	triple negative breast neoplasms/drug therapy	0.012658227848101264	34991659
cytokines/metabolism	inflammation mediators/metabolism	0.040782002807319265	28609459
cytokines/metabolism	inflammation mediators/metabolism	0.040782002807319265	24156623
inflammation/drug therapy	TRIM69	0.012658227848101264	30830879
hemodynamics/drug effects	FTH1	0.06329113924050632	35197507
b7-h1 antigen/metabolism	metal-organic frameworks/chemistry	0.012658227848101264	34985903
amino acid transport system y+/metabolism	antioxidants/pharmacology	0.19344368711457316	40703032
cytokines/metabolism	cell communication/drug effects	0.12658227848101264	30420335
t-lymphocytes cytotoxic/metabolism	ascorbic acid/pharmacology	0.012658227848101264	32686685
amino acid transport system y+/metabolism	hepatic stellate cells/drug effects	0.10126582278481011	34811833
b7-h1 antigen/metabolism	programmed cell death 1 receptor/metabolism	0.025316455696202528	34985903
cisplatin	ferroptosis/drug effects	0.48101265822784794	35778693
t-lymphocytes cytotoxic/metabolism	ferroptosis/drug effects	0.48101265822784794	32686685
hemodynamics/drug effects	NLRP3	0.012658227848101264	35197507
drug resistance neoplasm	ferroptosis/drug effects	0.48101265822784794	34991659
adjuvants immunologic/chemistry	CHRM1	0.050632911392405056	33236624
hemodynamics/drug effects	HMGB1	0.025316455696202528	35197507
amino acid transport system y+/metabolism	cysteine/metabolism	0.10126582278481011	31043744
hemodynamics/drug effects	GPX4	0.27848101265822783	35197507
cytokines/metabolism	inflammation/genetics	0.12658227848101264	24156623
cisplatin	killer cells natural/metabolism	0.012658227848101264	35778693
amino acid transport system y+/metabolism	hepatocytes/drug effects	0.10126582278481011	34811833
cytokines/metabolism	nf-kappa b/metabolism	0.014605647517039922	32353824
cytokines/metabolism	nf-kappa b/metabolism	0.014605647517039922	30755716
amino acid transport system y+/metabolism	ferroptosis/drug effects	0.001874502585444149	31043744
amino acid transport system y+/metabolism	ferroptosis/drug effects	0.001874502585444149	39276841
amino acid transport system y+/metabolism	ferroptosis/drug effects	0.001874502585444149	39212400
amino acid transport system y+/metabolism	ferroptosis/drug effects	0.001874502585444149	40451026
amino acid transport system y+/metabolism	ferroptosis/drug effects	0.001874502585444149	40724917
amino acid transport system y+/metabolism	ferroptosis/drug effects	0.001874502585444149	40703032
amino acid transport system y+/metabolism	ferroptosis/drug effects	0.001874502585444149	34811833
amino acid transport system y+/metabolism	ferroptosis/drug effects	0.001874502585444149	40752796
monocrotaline/toxicity	cells cultured	0.07594936708860758	35197507
amino acid transport system y+/metabolism	macrophages/drug effects	0.422300595251961	34811833
hemodynamics/drug effects	TLR4	0.03797468354430379	35197507
cytokines/metabolism	tumor necrosis factor alpha-induced protein 3/metabolism	0.12658227848101264	30420335
t-lymphocytes cytotoxic/metabolism	cell line tumor	0.37974683544303794	32686685
cytokines/metabolism	endometrial neoplasms/genetics	0.12658227848101264	30420335
amino acid transport system y+/metabolism	mitochondria/drug effects	0.277241745596176	39276841
monocrotaline/toxicity	bacterial toxins/metabolism	0.012658227848101264	35197507
b7-h1 antigen/metabolism	benzylidene compounds/chemistry	0.012658227848101264	34985903
monocrotaline/toxicity	phenylenediamines/pharmacology	0.025316455696202528	35197507
cisplatin	reactive oxygen species/metabolism	0.1392405063291139	35778693
amino acid transport system y+/metabolism	reactive oxygen species/metabolism	0.011229948062926992	31043744
amino acid transport system y+/metabolism	reactive oxygen species/metabolism	0.011229948062926992	39276841
amino acid transport system y+/metabolism	reactive oxygen species/metabolism	0.011229948062926992	40451026
amino acid transport system y+/metabolism	reactive oxygen species/metabolism	0.011229948062926992	40724917
cytokines/metabolism	tumor-associated macrophages/immunology	0.23855890944498537	34919143
monocrotaline/toxicity	inflammasomes/metabolism	0.012658227848101264	35197507
drug resistance neoplasm	tumor microenvironment/drug effects	0.11392405063291138	34991659
cisplatin	asparaginase	0.012658227848101264	35778693
cytokines/metabolism	calgranulin a/metabolism	0.12658227848101264	30755716
amino acid transport system y+/metabolism	interferon-gamma/immunology	0.10126582278481011	31043744
cytokines/metabolism	cadherins/metabolism	0.12658227848101264	28609459
t-lymphocytes cytotoxic/metabolism	CALR	0.012658227848101264	32686685
amino acid transport system y+/metabolism	cell line tumor	0.8839349640988731	31043744
amino acid transport system y+/metabolism	cell line tumor	0.8839349640988731	40451026
b7-h1 antigen/metabolism	phenol/chemistry	0.012658227848101264	34985903
amino acid transport system y+/metabolism	cell line	0.0014288920022996851	40703032
amino acid transport system y+/metabolism	cell line	0.0014288920022996851	34811833
amino acid transport system y+/metabolism	cell line	0.0014288920022996851	40752796
amino acid transport system y+/metabolism	cell line	0.0014288920022996851	40724917
amino acid transport system y+/metabolism	HMOX1	0.19344368711457316	39276841
cytokines/metabolism	lipids/chemistry	0.12658227848101264	34919143
phospholipid hydroperoxide glutathione peroxidase	glutathione	0.012658227848101264	34396451
cytokines/metabolism	caco-2 cells	0.12658227848101264	32353824
monocrotaline/toxicity	hemodynamics/drug effects	0.012658227848101264	35197507
adjuvants immunologic/chemistry	MRLN	0.050632911392405056	33236624
cytokines/metabolism	colonic neoplasms/microbiology	0.12658227848101264	32353824
amino acid transport system y+/metabolism	SLC9A1	0.19344368711457316	31043744
t-lymphocytes cytotoxic/metabolism	CYREN	0.012658227848101264	32686685
cisplatin	CCK	0.03797468354430379	35778693
amino acid transport system y+/metabolism	FTH1	0.07740542823820638	39212400
amino acid transport system y+/metabolism	FTH1	0.07740542823820638	40724917
b7-h1 antigen/metabolism	cd8-positive t-lymphocytes/cytology	0.025316455696202528	34985903
amino acid transport system y+/metabolism	SLC7A11	6.324557080674006e-09	31043744
amino acid transport system y+/metabolism	SLC7A11	6.324557080674006e-09	39276841
amino acid transport system y+/metabolism	SLC7A11	6.324557080674006e-09	39212400
amino acid transport system y+/metabolism	SLC7A11	6.324557080674006e-09	40451026
amino acid transport system y+/metabolism	SLC7A11	6.324557080674006e-09	40724917
amino acid transport system y+/metabolism	SLC7A11	6.324557080674006e-09	40703032
amino acid transport system y+/metabolism	SLC7A11	6.324557080674006e-09	34811833
amino acid transport system y+/metabolism	SLC7A11	6.324557080674006e-09	40752796
drug resistance neoplasm	basic-leucine zipper transcription factors/analysis	0.012658227848101264	34991659
amino acid transport system y+/metabolism	FUT1	0.10126582278481011	34811833
amino acid transport system y+/metabolism	ACSL4	0.19344368711457316	39212400
phospholipid hydroperoxide glutathione peroxidase	kidney	0.012658227848101264	34396451
amino acid transport system y+/metabolism	GPX4	0.00038486953694167144	39276841
amino acid transport system y+/metabolism	GPX4	0.00038486953694167144	39212400
amino acid transport system y+/metabolism	GPX4	0.00038486953694167144	40451026
amino acid transport system y+/metabolism	GPX4	0.00038486953694167144	40724917
amino acid transport system y+/metabolism	GPX4	0.00038486953694167144	40703032
amino acid transport system y+/metabolism	GPX4	0.00038486953694167144	34811833
amino acid transport system y+/metabolism	GPX4	0.00038486953694167144	40752796
monocrotaline/toxicity	lung/blood supply	0.012658227848101264	35197507
cytokines/metabolism	cell proliferation	0.2659517374693558	38301989
cytokines/metabolism	cell proliferation	0.2659517374693558	24156623
drug resistance neoplasm	tumor-associated macrophages/drug effects	0.012658227848101264	34991659
cisplatin	TP53	0.06329113924050632	35778693
monocrotaline/toxicity	heart ventricles/diagnostic imaging	0.012658227848101264	35197507
amino acid transport system y+/metabolism	FN1	0.10126582278481011	34811833
cytokines/metabolism	metabolic networks and pathways	0.12658227848101264	34919143
amino acid transport system y+/metabolism	ROS1	0.03067985845312375	34811833
amino acid transport system y+/metabolism	ROS1	0.03067985845312375	40451026
amino acid transport system y+/metabolism	ROS1	0.03067985845312375	40752796
monocrotaline/toxicity	toll-like receptor 4/metabolism	0.03797468354430379	35197507
cisplatin	SLC7A11	0.1392405063291139	35778693
amino acid transport system y+/metabolism	SLC3A2	0.10126582278481011	31043744
cytokines/metabolism	mannose receptor	0.12658227848101264	36160648
cytokines/metabolism	antigens cd/metabolism	0.12658227848101264	30420335
amino acid transport system y+/metabolism	MMRN1	0.10126582278481011	34811833
monocrotaline/toxicity	hypertension pulmonary/chemically induced	0.012658227848101264	35197507
amino acid transport system y+/metabolism	NFE2L2	0.3533215618492101	40752796
cytokines/metabolism	estradiol/pharmacology	0.12658227848101264	30420335
amino acid transport system y+/metabolism	TF	0.19344368711457316	40451026
cytokines/metabolism	lung neoplasms/metabolism	0.23855890944498537	28609459
amino acid transport system y+/metabolism	CD8A	0.5921954097051976	31043744
cisplatin	GPX4	0.27848101265822783	35778693
b7-h1 antigen/metabolism	ferroptosis/drug effects	0.48101265822784794	34985903
bone marrow/drug effects	necroptosis/drug effects	0.012658227848101264	32134361
amino acid transport system y+/metabolism	HIF1A	0.10126582278481011	34811833
cytokines/metabolism	hormones/blood	0.12658227848101264	24156623
monocrotaline/toxicity	nlr family pyrin domain-containing 3 protein/metabolism	0.012658227848101264	35197507
drug resistance neoplasm	TGFB1	0.08860759493670886	34991659
cytokines/metabolism	sexual maturation	0.12658227848101264	24156623
drug resistance neoplasm	HLF	0.012658227848101264	34991659
bone marrow/drug effects	small molecule libraries/pharmacology	0.012658227848101264	32134361
cytokines/metabolism	colon/metabolism	0.12658227848101264	30755716
t-lymphocytes cytotoxic/drug effects	hyaluronic acid/chemistry	0.012658227848101264	34593794
liver cirrhosis/drug therapy	sorafenib/pharmacology	0.012658227848101264	34811833
monocrotaline/toxicity	ferroptosis/drug effects	0.48101265822784794	35197507
t-lymphocytes cytotoxic/drug effects	benzylidene compounds/pharmacology	0.012658227848101264	34593794
cisplatin	XK	0.012658227848101264	35778693
drug resistance neoplasm	STAT3	0.07594936708860758	34991659
cytokines/metabolism	colorectal neoplasms/metabolism	0.12658227848101264	36160648
monocrotaline/toxicity	macrophages/metabolism	0.08860759493670886	35197507
t-lymphocytes cytotoxic/drug effects	cell line tumor/transplantation	0.025316455696202528	34593794
apoptosis/drug effects	estrogen receptor alpha/genetics	0.03797468354430379	30420335
cytokines/metabolism	diet high-fat	0.0015174698719002515	32353824
cytokines/metabolism	diet high-fat	0.0015174698719002515	30755716
cytokines/metabolism	diet high-fat	0.0015174698719002515	24156623
cisplatin	ASPG	0.012658227848101264	35778693
cisplatin	NLRP1	0.012658227848101264	35778693
monocrotaline/toxicity	hmgb1 protein/metabolism	0.012658227848101264	35197507
cytokines/metabolism	disease progression	0.5687281837848127	34919143
drug resistance neoplasm	SMAD3	0.012658227848101264	34991659
monocrotaline/toxicity	inflammation/metabolism	0.025316455696202528	35197507
b7-h1 antigen/metabolism	cell line tumor	0.37974683544303794	34985903
monocrotaline/toxicity	NOX4	0.012658227848101264	35197507
b7-h1 antigen/metabolism	exosomes/metabolism	0.012658227848101264	34985903
liver cirrhosis/drug therapy	hypoxia-inducible factor 1 alpha subunit/metabolism	0.012658227848101264	34811833
monocrotaline/toxicity	FTH1	0.06329113924050632	35197507
cytokines/metabolism	hyperlipidemias	0.12658227848101264	36160648
apoptosis/drug effects	hek293 cells	0.03797468354430379	30420335
cytokines/metabolism	breast neoplasms/etiology	0.12658227848101264	24156623
phospholipid hydroperoxide glutathione peroxidase	malondialdehyde/blood	0.012658227848101264	34396451
bone marrow/drug effects	ileum/drug effects	0.012658227848101264	32134361
monocrotaline/toxicity	NLRP3	0.012658227848101264	35197507
phospholipid hydroperoxide glutathione peroxidase	spleen/pathology	0.012658227848101264	34396451
monocrotaline/toxicity	HMGB1	0.025316455696202528	35197507
monocrotaline/toxicity	GPX4	0.27848101265822783	35197507
cytokines/metabolism	ht29 cells	0.12658227848101264	32353824
phospholipid hydroperoxide glutathione peroxidase	ferroptosis/drug effects	0.48101265822784794	34396451
monocrotaline/toxicity	TLR4	0.03797468354430379	35197507
drug resistance neoplasm	JAK2	0.012658227848101264	34991659
cytokines/metabolism	diet high-fat/adverse effects	0.3374473627638185	36160648
b7-h1 antigen/metabolism	PDCD1	0.07594936708860758	34985903
cytokines/metabolism	metabolic reprogramming	0.12658227848101264	38301989
cytokines/metabolism	carcinoma hepatocellular/pathology	0.23855890944498537	38301989
drug resistance neoplasm	IL6	0.11392405063291138	34991659
liver cirrhosis/drug therapy	amino acid transport system y+/metabolism	0.1012658227848101	34811833
bone marrow/drug effects	drug interactions	0.012658227848101264	32134361
cytokines/metabolism	neoplasm metastasis	0.5013419625011897	30755716
bone marrow/drug effects	ferroptosis/drug effects	0.48101265822784794	32134361
phospholipid hydroperoxide glutathione peroxidase	iron/blood	0.012658227848101264	34396451
t-lymphocytes cytotoxic/drug effects	ferroptosis/drug effects	0.48101265822784794	34593794
phospholipid hydroperoxide glutathione peroxidase	liver/pathology	0.012658227848101264	34396451
cytokines/metabolism	immunocompetence	0.12658227848101264	28609459
b7-h1 antigen/metabolism	CD274	0.050632911392405056	34985903
cytokines/metabolism	tumor microenvironment/physiology	0.3374473627638185	32353824
t-lymphocytes cytotoxic/drug effects	skin neoplasms/drug therapy	0.012658227848101264	34593794
cytokines/metabolism	cell plasticity/genetics	0.12658227848101264	34919143
cytokines/metabolism	scavenger receptors class e/genetics	0.12658227848101264	36160648
cytokines/metabolism	anti-inflammatory agents/pharmacology	0.12658227848101264	30755716
drug resistance neoplasm	GGT1	0.012658227848101264	34991659
phospholipid hydroperoxide glutathione peroxidase	cell line tumor	0.37974683544303794	34396451
cytokines/metabolism	estrogen receptor alpha/genetics	0.12658227848101264	30420335
t-lymphocytes cytotoxic/drug effects	tumor microenvironment/drug effects	0.11392405063291138	34593794
b7-h1 antigen/metabolism	RPL17-C18orf32	0.07594936708860758	34985903
b7-h1 antigen/metabolism	RPL17	0.07594936708860758	34985903
t-lymphocytes cytotoxic/drug effects	tumor escape/drug effects	0.012658227848101264	34593794
cytokines/metabolism	cancer-associated fibroblasts/pathology	0.12658227848101264	38301989
t-lymphocytes cytotoxic/drug effects	immune checkpoint inhibitors/pharmacology	0.012658227848101264	34593794
cytokines/metabolism	hek293 cells	0.12658227848101264	30420335
bone marrow/drug effects	radiation-protective agents/pharmacology	0.012658227848101264	32134361
interferon-gamma/metabolism	ferric compounds/chemistry	0.03797468354430379	34985903
cytokines/metabolism	FAP	0.12658227848101264	38301989
t-lymphocytes cytotoxic/drug effects	drug resistance neoplasm/drug effects	0.012658227848101264	34593794
interferon-gamma/metabolism	aniline compounds/chemistry	0.012658227848101264	34985903
cytokines/metabolism	HGF	0.23855890944498537	24156623
cytokines/metabolism	CCL2	0.5013419625011897	30755716
cytokines/metabolism	NFKB1	0.024454858032472954	32353824
cytokines/metabolism	NFKB1	0.024454858032472954	30755716
cytokines/metabolism	NFKB1	0.024454858032472954	24156623
cytokines/metabolism	APC	0.12658227848101264	32353824
apoptosis/drug effects	CD163	0.07497565725413827	30420335
interferon-gamma/metabolism	b7-h1 antigen/metabolism	0.012658227848101264	34985903
liver cirrhosis/drug therapy	hepatic stellate cells/drug effects	0.012658227848101264	34811833
interferon-gamma/metabolism	immunogenic cell death/drug effects	0.012658227848101264	34985903
cytokines/metabolism	IL1B	0.23855890944498537	34919143
cytokines/metabolism	PIK3CA	0.23855890944498537	28609459
interferon-gamma/metabolism	metal-organic frameworks/chemistry	0.012658227848101264	34985903
interferon-gamma/metabolism	programmed cell death 1 receptor/metabolism	0.025316455696202528	34985903
t-lymphocytes cytotoxic/drug effects	CD274	0.050632911392405056	34593794
interferon-gamma/metabolism	benzylidene compounds/chemistry	0.012658227848101264	34985903
amino acid transport system y+/metabolism	receptors transferrin/metabolism	0.10126582278481011	39276841
apoptosis/drug effects	TNF	0.21349536539409955	30420335
amino acid transport system y+/metabolism	cyclohexylamines	0.10126582278481011	39212400
amino acid transport system y+/metabolism	polysaccharides/pharmacology	0.10126582278481011	40752796
amino acid transport system y+/metabolism	herbicides/toxicity	0.10126582278481011	40451026
interferon-gamma/metabolism	phenol/chemistry	0.012658227848101264	34985903
amino acid transport system y+/metabolism	leydig cells/metabolism	0.10126582278481011	39212400
apoptosis/drug effects	ESR1	0.03797468354430379	30420335
amino acid transport system y+/metabolism	malondialdehyde/metabolism	0.009087958455047063	39212400
amino acid transport system y+/metabolism	malondialdehyde/metabolism	0.009087958455047063	40451026
cytokines/metabolism	CD163	0.23855890944498537	30420335
amino acid transport system y+/metabolism	aging/metabolism	0.10126582278481011	40724917
liver cirrhosis/drug therapy	hepatocytes/drug effects	0.012658227848101264	34811833
amino acid transport system y+/metabolism	superoxide dismutase/metabolism	0.10126582278481011	39212400
cytokines/metabolism	IRF6	0.12658227848101264	30755716
amino acid transport system y+/metabolism	eye proteins/chemistry	0.10126582278481011	40703032
amino acid transport system y+/metabolism	antioxidants/metabolism	0.10126582278481011	40724917
cell movement/drug effects	iron/chemistry	0.03797468354430379	34093872
interferon-gamma/metabolism	cd8-positive t-lymphocytes/cytology	0.025316455696202528	34985903
amino acid transport system y+/metabolism	nerve growth factors/chemistry	0.10126582278481011	40703032
cytokines/metabolism	S100A8	0.23855890944498537	30755716
amino acid transport system y+/metabolism	neurons/metabolism	0.10126582278481011	40724917
amino acid transport system y+/metabolism	folic acid/pharmacology	0.10126582278481011	40724917
liver cirrhosis/drug therapy	ferroptosis/drug effects	0.48101265822784794	34811833
amino acid transport system y+/metabolism	retinal pigment epithelium/metabolism	0.10126582278481011	40703032
cytokines/metabolism	PIK3CD	0.23855890944498537	28609459
cell movement/drug effects	cell survival/drug effects	0.1461070574994626	34093872
amino acid transport system y+/metabolism	iodates/toxicity	0.10126582278481011	40703032
amino acid transport system y+/metabolism	spiral ganglion/drug effects	0.10126582278481011	39276841
amino acid transport system y+/metabolism	testosterone	0.10126582278481011	39212400
cell movement/drug effects	tor serine-threonine kinases/metabolism	0.03797468354430379	34093872
amino acid transport system y+/metabolism	beclin-1/metabolism	0.10126582278481011	40451026
interferon-gamma/metabolism	ferroptosis/drug effects	0.48101265822784794	34985903
cell movement/drug effects	amp-activated protein kinase kinases	0.03797468354430379	34093872
amino acid transport system y+/metabolism	retinal degeneration/chemically induced	0.10126582278481011	40703032
cell movement/drug effects	lung neoplasms/drug therapy	0.03797468354430379	34093872
amino acid transport system y+/metabolism	neurons/drug effects	0.277241745596176	39276841
cytokines/metabolism	TNFSF11	0.12658227848101264	24156623
liver cirrhosis/drug therapy	macrophages/drug effects	0.06329113924050632	34811833
amino acid transport system y+/metabolism	24-dichlorophenoxyacetic acid/toxicity	0.10126582278481011	40451026
cytokines/metabolism	TNF	0.1644108560830746	30755716
cytokines/metabolism	TNF	0.1644108560830746	30420335
amino acid transport system y+/metabolism	phenylenediamines	0.10126582278481011	39212400
cytokines/metabolism	FAM126A	0.12658227848101264	38301989
apoptosis/drug effects	TNFAIP3	0.03797468354430379	30420335
cytokines/metabolism	ESR1	0.12658227848101264	30420335
amino acid transport system y+/metabolism	kidney/drug effects	0.10126582278481011	40752796
amino acid transport system y+/metabolism	cystine/metabolism	0.10126582278481011	40724917
amino acid transport system y+/metabolism	serpins/chemistry	0.10126582278481011	40703032
apoptosis/drug effects	IL17A	0.11101556671176926	30420335
amino acid transport system y+/metabolism	drugs chinese herbal/pharmacology	0.10126582278481011	39212400
cytokines/metabolism	PIK3CG	0.23855890944498537	28609459
amino acid transport system y+/metabolism	hydrogen peroxide	0.10126582278481011	39212400
cytokines/metabolism	PROM1	0.12658227848101264	36160648
interferon-gamma/metabolism	cell line tumor	0.37974683544303794	34985903
amino acid transport system y+/metabolism	diabetic nephropathies/drug therapy	0.10126582278481011	40752796
interferon-gamma/metabolism	exosomes/metabolism	0.012658227848101264	34985903
cytokines/metabolism	IL22	0.12658227848101264	32353824
cell movement/drug effects	ferroptosis/drug effects	0.8651980930461943	34093872
cytokines/metabolism	VIM	0.12658227848101264	38301989
amino acid transport system y+/metabolism	organometallic compounds/toxicity	0.10126582278481011	39276841
amino acid transport system y+/metabolism	SERPINF1	0.10126582278481011	40703032
cell movement/drug effects	macrophages/drug effects	0.180262775199484	34093872
cytokines/metabolism	AKT1	0.23855890944498537	28609459
amino acid transport system y+/metabolism	LPO	0.10126582278481011	40752796
cytokines/metabolism	MRC1	0.23855890944498537	36160648
amino acid transport system y+/metabolism	BECN1	0.10126582278481011	40451026
cell movement/drug effects	tumor microenvironment/drug effects	0.03292909622023546	34093872
cell movement/drug effects	tumor microenvironment/drug effects	0.03292909622023546	28609459
amino acid transport system y+/metabolism	TNMD	0.10126582278481011	40451026
cytokines/metabolism	TNFAIP3	0.12658227848101264	30420335
interferon-gamma/metabolism	PDCD1	0.07594936708860758	34985903
cell movement/drug effects	mitochondria/drug effects	0.11101556671176926	34093872
cytokines/metabolism	IL17A	0.040782002807319265	32353824
cytokines/metabolism	IL17A	0.040782002807319265	30420335
amino acid transport system y+/metabolism	TFRC	0.009087958455047063	39276841
amino acid transport system y+/metabolism	TFRC	0.009087958455047063	40451026
cell movement/drug effects	nf-e2-related factor 2/genetics	0.03797468354430379	34093872
cytokines/metabolism	PIK3CB	0.23855890944498537	28609459
amino acid transport system y+/metabolism	CYLD	0.10126582278481011	40451026
amino acid transport system y+/metabolism	NCOA4	0.19344368711457316	39276841
amino acid transport system y+/metabolism	TPM3	0.10126582278481011	39212400
interferon-gamma/metabolism	CD274	0.050632911392405056	34985903
cell movement/drug effects	cell line tumor	0.05134106399929186	34093872
cell movement/drug effects	cell line tumor	0.05134106399929186	28609459
cell movement/drug effects	cell line tumor	0.05134106399929186	27756885
cell movement/drug effects	glycogen synthase kinase 3/metabolism	0.03797468354430379	34093872
liver cirrhosis/drug therapy	cell line	0.08860759493670886	34811833
interferon-gamma/metabolism	RPL17-C18orf32	0.07594936708860758	34985903
interferon-gamma/metabolism	RPL17	0.07594936708860758	34985903
cell movement/drug effects	CHRM1	0.1461070574994626	34093872
cell movement/drug effects	GSK3B	0.03797468354430379	34093872
cell movement/drug effects	PDCD1	0.21349536539409955	34093872
cell movement/drug effects	PRKAA1	0.03797468354430379	34093872
cell movement/drug effects	GABPA	0.03797468354430379	34093872
cell movement/drug effects	MTOR	0.03797468354430379	34093872
diterpenes/pharmacology	lymphoma t-cell	0.012658227848101264	35778693
piperazines/pharmacology	carbolines/pharmacology	0.05030834144758196	32778843
benzylidene compounds/pharmacology	cell line tumor/transplantation	0.025316455696202528	34593794
cell movement/drug effects	BTRC	0.03797468354430379	34093872
cell movement/drug effects	PRKAA2	0.03797468354430379	34093872
cell movement/drug effects	CD274	0.1461070574994626	34093872
cell movement/drug effects	NFE2L2	0.1461070574994626	34093872
cell movement/drug effects	IL6	0.30778082676816854	27756885
piperazines/pharmacology	phospholipid hydroperoxide glutathione peroxidase/antagonists &amp; inhibitors	0.025316455696202528	32778843
liver cirrhosis/drug therapy	SLC7A11	0.1392405063291139	34811833
cell movement/drug effects	CD8A	0.277241745596176	34093872
endothelial cells/metabolism	cyclohexylamines/pharmacology	0.025316455696202528	35197507
liver cirrhosis/drug therapy	FUT1	0.012658227848101264	34811833
cell movement/drug effects	PRKAB1	0.03797468354430379	34093872
cell movement/drug effects	RPL17-C18orf32	0.21349536539409955	34093872
endothelial cells/metabolism	monocrotaline/toxicity	0.012658227848101264	35197507
cell movement/drug effects	RPL17	0.21349536539409955	34093872
piperazines/pharmacology	phospholipid hydroperoxide glutathione peroxidase	0.025316455696202528	34396451
cell movement/drug effects	MRLN	0.1461070574994626	34093872
cell movement/drug effects	CTLA4	0.03797468354430379	34093872
piperazines/pharmacology	antineoplastic agents/pharmacology	0.17039922103213245	32778843
piperazines/pharmacology	glutathione	0.025316455696202528	34396451
cell movement/drug effects	mitogen-activated protein kinases/metabolism	0.03797468354430379	28609459
piperazines/pharmacology	gene expression regulation neoplastic	0.12333657903278158	32778843
liver cirrhosis/drug therapy	GPX4	0.27848101265822783	34811833
liver cirrhosis/drug therapy	FN1	0.012658227848101264	34811833
endothelial cells/metabolism	cells cultured	0.07594936708860758	35197507
piperazines/pharmacology	kidney	0.025316455696202528	34396451
cell movement/drug effects	amidines/administration &amp; dosage	0.03797468354430379	28609459
benzylidene compounds/pharmacology	ferroptosis/drug effects	0.48101265822784794	34593794
piperazines/pharmacology	cell proliferation/drug effects	0.05030834144758196	32778843
allografts	oxidative stress/drug effects	0.3037974683544303	34093872
benzylidene compounds/pharmacology	skin neoplasms/drug therapy	0.012658227848101264	34593794
liver cirrhosis/drug therapy	ROS1	0.1012658227848101	34811833
cell movement/drug effects	neoplasm recurrence local	0.03797468354430379	27756885
piperazines/pharmacology	folic acid antagonists/pharmacology	0.025316455696202528	32778843
cell cycle/drug effects	precursor cell lymphoblastic leukemia-lymphoma/metabolism	0.012658227848101264	33926261
piperazines/pharmacology	tetrahydrofolate dehydrogenase/genetics	0.025316455696202528	32778843
cell movement/drug effects	inflammation mediators/metabolism	0.11101556671176926	28609459
benzylidene compounds/pharmacology	tumor microenvironment/drug effects	0.11392405063291138	34593794
cell movement/drug effects	hydroxymethylglutaryl-coa reductase inhibitors/pharmacology	0.03797468354430379	27756885
benzylidene compounds/pharmacology	tumor escape/drug effects	0.012658227848101264	34593794
cell cycle/drug effects	antineoplastic agents/pharmacology	0.08860759493670886	33926261
benzylidene compounds/pharmacology	immune checkpoint inhibitors/pharmacology	0.012658227848101264	34593794
diterpenes/pharmacology	ferroptosis/drug effects	0.48101265822784794	35778693
piperazines/pharmacology	vitamin e/pharmacology	0.025316455696202528	32778843
liver cirrhosis/drug therapy	MMRN1	0.012658227848101264	34811833
cell cycle/drug effects	autophagy/drug effects	0.025316455696202528	33926261
piperazines/pharmacology	dose-response relationship drug	0.07497565725413827	32778843
benzylidene compounds/pharmacology	drug resistance neoplasm/drug effects	0.012658227848101264	34593794
piperazines/pharmacology	antioxidants/pharmacology	0.05030834144758196	32778843
diterpenes/pharmacology	killer cells natural/metabolism	0.012658227848101264	35778693
endothelial cells/metabolism	bacterial toxins/metabolism	0.012658227848101264	35197507
cell movement/drug effects	cadherins/metabolism	0.03797468354430379	28609459
cell movement/drug effects	breast neoplasms/drug therapy	0.03797468354430379	27756885
liver cirrhosis/drug therapy	HIF1A	0.012658227848101264	34811833
endothelial cells/metabolism	phenylenediamines/pharmacology	0.025316455696202528	35197507
cell movement/drug effects	interleukin-6/metabolism	0.11101556671176926	27756885
piperazines/pharmacology	malondialdehyde/blood	0.025316455696202528	34396451
allografts	antineoplastic agents/pharmacology	0.17039922103213245	34093872
microglia/drug effects	carbolines/pharmacology	0.025316455696202528	34717678
piperazines/pharmacology	spleen/pathology	0.025316455696202528	34396451
cell movement/drug effects	stat3 transcription factor/metabolism	0.180262775199484	27756885
cell movement/drug effects	inflammation/immunology	0.03797468354430379	27756885
piperazines/pharmacology	ferroptosis/drug effects	0.22817267121064583	32778843
piperazines/pharmacology	ferroptosis/drug effects	0.22817267121064583	34396451
piperazines/pharmacology	jurkat cells	0.05030834144758196	32778843
endothelial cells/metabolism	inflammasomes/metabolism	0.012658227848101264	35197507
diterpenes/pharmacology	reactive oxygen species/metabolism	0.1392405063291139	35778693
benzylidene compounds/pharmacology	CD274	0.050632911392405056	34593794
piperazines/pharmacology	methotrexate/pharmacology	0.025316455696202528	32778843
diterpenes/pharmacology	asparaginase	0.012658227848101264	35778693
piperazines/pharmacology	biopterins/analogs &amp; derivatives	0.025316455696202528	32778843
cell movement/drug effects	macrophage colony-stimulating factor/antagonists &amp; inhibitors	0.03797468354430379	27756885
microglia/drug effects	raw 264.7 cells	0.025316455696202528	34717678
cell movement/drug effects	lung neoplasms/metabolism	0.07497565725413827	28609459
piperazines/pharmacology	iron/blood	0.025316455696202528	34396451
piperazines/pharmacology	cystine/antagonists &amp; inhibitors	0.025316455696202528	32778843
piperazines/pharmacology	liver/pathology	0.025316455696202528	34396451
cell cycle/drug effects	glutathione/metabolism	0.17721518987341772	33926261
piperazines/pharmacology	reactive oxygen species/metabolism	0.2606296656929568	32778843
allografts	cell movement/drug effects	0.07497565725413827	34093872
diterpenes/pharmacology	CCK	0.03797468354430379	35778693
piperazines/pharmacology	cell line tumor	0.6183057448880234	34396451
cell movement/drug effects	mesenchymal stem cells/immunology	0.03797468354430379	27756885
allografts	iron/chemistry	0.025316455696202528	34093872
diterpenes/pharmacology	TP53	0.06329113924050632	35778693
diterpenes/pharmacology	SLC7A11	0.1392405063291139	35778693
endothelial cells/metabolism	hemodynamics/drug effects	0.012658227848101264	35197507
piperazines/pharmacology	GPX4	0.4819863680623173	32778843
microglia/drug effects	nf-e2-related factor 2/biosynthesis	0.012658227848101264	34717678
diterpenes/pharmacology	GPX4	0.27848101265822783	35778693
cell movement/drug effects	neoplasm invasiveness	0.03797468354430379	27756885
cell movement/drug effects	immunocompetence	0.03797468354430379	28609459
allografts	cell survival/drug effects	0.09931840311587149	34093872
cell cycle/drug effects	autophagy-related proteins/genetics	0.012658227848101264	33926261
diterpenes/pharmacology	XK	0.012658227848101264	35778693
cell cycle/drug effects	ferroptosis/drug effects	0.48101265822784794	33926261
cell movement/drug effects	paracrine communication	0.07497565725413827	27756885
cell cycle/drug effects	jurkat cells	0.025316455696202528	33926261
allografts	tor serine-threonine kinases/metabolism	0.025316455696202528	34093872
cd8-positive t-lymphocytes/immunology	nivolumab/therapeutic use	0.050632911392405056	31043744
microglia/drug effects	gene expression	0.012658227848101264	34717678
allografts	amp-activated protein kinase kinases	0.025316455696202528	34093872
microglia/drug effects	cell survival/drug effects	0.050632911392405056	34717678
cell movement/drug effects	EEF1A2	0.03797468354430379	27756885
cell cycle/drug effects	glutathione peroxidase/metabolism	0.012658227848101264	33926261
allografts	lung neoplasms/drug therapy	0.025316455696202528	34093872
cell cycle/drug effects	flavonolignans/pharmacology	0.012658227848101264	33926261
diterpenes/pharmacology	ASPG	0.012658227848101264	35778693
endothelial cells/metabolism	lung/blood supply	0.012658227848101264	35197507
microglia/drug effects	lipopolysaccharides/toxicity	0.012658227848101264	34717678
diterpenes/pharmacology	NLRP1	0.012658227848101264	35778693
endothelial cells/metabolism	heart ventricles/diagnostic imaging	0.012658227848101264	35197507
cd8-positive t-lymphocytes/immunology	tumor suppressor protein p53/metabolism	0.1461070574994626	39321806
cell movement/drug effects	PIK3CA	0.07497565725413827	28609459
cd8-positive t-lymphocytes/immunology	allografts	0.09931840311587149	34093872
endothelial cells/metabolism	toll-like receptor 4/metabolism	0.03797468354430379	35197507
microglia/drug effects	dose-response relationship drug	0.03797468354430379	34717678
cd8-positive t-lymphocytes/immunology	b7-h1 antigen/antagonists &amp; inhibitors	0.09931840311587149	31043744
cd8-positive t-lymphocytes/immunology	oxidative stress/drug effects	0.5203197868087941	34093872
cell cycle/drug effects	reactive oxygen species/metabolism	0.1392405063291139	33926261
cd8-positive t-lymphocytes/immunology	gene expression regulation neoplastic/drug effects	0.050632911392405056	31554642
microglia/drug effects	inflammation mediators/antagonists &amp; inhibitors	0.012658227848101264	34717678
cell movement/drug effects	CSF1	0.11101556671176926	27756885
cd8-positive t-lymphocytes/immunology	fusion regulatory protein 1 heavy chain/metabolism	0.050632911392405056	31043744
endothelial cells/metabolism	hypertension pulmonary/chemically induced	0.012658227848101264	35197507
cell movement/drug effects	PIK3CD	0.07497565725413827	28609459
cell movement/drug effects	PIK3CG	0.07497565725413827	28609459
cd8-positive t-lymphocytes/immunology	amino acid transport system y+/genetics	0.050632911392405056	31554642
cd8-positive t-lymphocytes/immunology	antineoplastic agents/pharmacology	0.315281653722693	34093872
cell movement/drug effects	AKT1	0.07497565725413827	28609459
microglia/drug effects	ferroptosis/drug effects	0.48101265822784794	34717678
aniline compounds/pharmacology	b7-h1 antigen/antagonists &amp; inhibitors	0.025316455696202528	34593794
cell movement/drug effects	PIK3CB	0.07497565725413827	28609459
aniline compounds/pharmacology	immunologic memory	0.012658227848101264	34593794
endothelial cells/metabolism	nlr family pyrin domain-containing 3 protein/metabolism	0.012658227848101264	35197507
cd8-positive t-lymphocytes/immunology	amino acid transport system y+/metabolism	0.35332156184921015	31043744
aniline compounds/pharmacology	exosomes/drug effects	0.012658227848101264	34593794
cell cycle/drug effects	GPX4	0.27848101265822783	33926261
allografts	ferroptosis/drug effects	0.7338526452450505	34093872
cd8-positive t-lymphocytes/immunology	cell movement/drug effects	0.1461070574994626	34093872
cell cycle/drug effects	ROS1	0.1012658227848101	33926261
aniline compounds/pharmacology	t-lymphocytes cytotoxic/drug effects	0.012658227848101264	34593794
cell cycle/drug effects	ATG5	0.012658227848101264	33926261
cd8-positive t-lymphocytes/immunology	iron/chemistry	0.050632911392405056	34093872
endothelial cells/metabolism	ferroptosis/drug effects	0.48101265822784794	35197507
allografts	macrophages/drug effects	0.12333657903278158	34093872
aniline compounds/pharmacology	hyaluronic acid/chemistry	0.012658227848101264	34593794
aniline compounds/pharmacology	benzylidene compounds/pharmacology	0.012658227848101264	34593794
aniline compounds/pharmacology	cell line tumor/transplantation	0.025316455696202528	34593794
necroptosis/drug effects	small molecule libraries/pharmacology	0.012658227848101264	32134361
cd8-positive t-lymphocytes/immunology	cell survival/drug effects	0.011281856052009284	34093872
cd8-positive t-lymphocytes/immunology	cell survival/drug effects	0.011281856052009284	31554642
allografts	tumor microenvironment/drug effects	0.21616358325219084	34093872
cd8-positive t-lymphocytes/immunology	lipid metabolism/drug effects	0.050632911392405056	31554642
allografts	macrophages/metabolism	0.17039922103213245	24844408
cd8-positive t-lymphocytes/immunology	melanoma/genetics	0.050632911392405056	31043744
allografts	mitochondria/drug effects	0.07497565725413827	34093872
microglia/drug effects	CCK	0.03797468354430379	34717678
cd8-positive t-lymphocytes/immunology	tor serine-threonine kinases/metabolism	0.050632911392405056	34093872
cd8-positive t-lymphocytes/immunology	amp-activated protein kinase kinases	0.050632911392405056	34093872
cd8-positive t-lymphocytes/immunology	lung neoplasms/drug therapy	0.050632911392405056	34093872
fusion regulatory protein 1 heavy chain/metabolism	amino acid transport system y+/metabolism	0.1012658227848101	31043744
endothelial cells/metabolism	macrophages/metabolism	0.08860759493670886	35197507
allografts	nf-e2-related factor 2/genetics	0.025316455696202528	34093872
necroptosis/drug effects	ileum/drug effects	0.012658227848101264	32134361
aniline compounds/pharmacology	ferroptosis/drug effects	0.48101265822784794	34593794
aniline compounds/pharmacology	skin neoplasms/drug therapy	0.012658227848101264	34593794
microglia/drug effects	GPX4	0.27848101265822783	34717678
necroptosis/drug effects	drug interactions	0.012658227848101264	32134361
allografts	cell line tumor	0.6183057448880234	34093872
necroptosis/drug effects	ferroptosis/drug effects	0.48101265822784794	32134361
aniline compounds/pharmacology	tumor microenvironment/drug effects	0.11392405063291138	34593794
allografts	glycogen synthase kinase 3/metabolism	0.025316455696202528	34093872
aniline compounds/pharmacology	tumor escape/drug effects	0.012658227848101264	34593794
endothelial cells/metabolism	hmgb1 protein/metabolism	0.012658227848101264	35197507
inflammasomes/metabolism	hemodynamics/drug effects	0.012658227848101264	35197507
aniline compounds/pharmacology	immune checkpoint inhibitors/pharmacology	0.012658227848101264	34593794
fusion regulatory protein 1 heavy chain/metabolism	melanoma/genetics	0.012658227848101264	31043744
cd8-positive t-lymphocytes/immunology	cysteine/metabolism	0.050632911392405056	31043744
membrane proteins/genetics	quinoxalines/pharmacology	0.012658227848101264	33311482
endothelial cells/metabolism	inflammation/metabolism	0.025316455696202528	35197507
microglia/drug effects	NFE2L2	0.050632911392405056	34717678
aniline compounds/pharmacology	drug resistance neoplasm/drug effects	0.012658227848101264	34593794
cd8-positive t-lymphocytes/immunology	sulfasalazine/administration &amp; dosage	0.050632911392405056	31554642
cd8-positive t-lymphocytes/immunology	ferroptosis/drug effects	0.27932826667003885	34093872
cd8-positive t-lymphocytes/immunology	ferroptosis/drug effects	0.27932826667003885	31554642
cd8-positive t-lymphocytes/immunology	ferroptosis/drug effects	0.27932826667003885	31043744
necroptosis/drug effects	radiation-protective agents/pharmacology	0.012658227848101264	32134361
gene expression regulation neoplastic	cell proliferation/drug effects	0.12333657903278156	32778843
inflammasomes/metabolism	lung/blood supply	0.012658227848101264	35197507
gene expression regulation neoplastic	t-lymphocytes cytotoxic/immunology	0.06329113924050632	34062295
inflammasomes/metabolism	heart ventricles/diagnostic imaging	0.012658227848101264	35197507
cd8-positive t-lymphocytes/immunology	macrophages/drug effects	0.23419285577846533	34093872
membrane proteins/genetics	iron/metabolism	0.07594936708860758	33311482
endothelial cells/metabolism	NOX4	0.012658227848101264	35197507
gene expression regulation neoplastic	folic acid antagonists/pharmacology	0.06329113924050632	32778843
small molecule libraries/pharmacology	ileum/drug effects	0.012658227848101264	32134361
allografts	CHRM1	0.09931840311587149	34093872
membrane proteins/genetics	biomarkers tumor	0.012658227848101264	33311482
gene expression regulation neoplastic	tetrahydrofolate dehydrogenase/genetics	0.06329113924050632	32778843
inflammasomes/metabolism	toll-like receptor 4/metabolism	0.03797468354430379	35197507
endothelial cells/metabolism	FTH1	0.06329113924050632	35197507
aniline compounds/pharmacology	CD274	0.050632911392405056	34593794
cd8-positive t-lymphocytes/immunology	tumor microenvironment/drug effects	0.3897541499140433	34093872
allografts	GSK3B	0.025316455696202528	34093872
cd8-positive t-lymphocytes/immunology	mitochondria/drug effects	0.1461070574994626	34093872
allografts	PDCD1	0.14703018500486856	34093872
fusion regulatory protein 1 heavy chain/metabolism	cysteine/metabolism	0.012658227848101264	31043744
inflammasomes/metabolism	hypertension pulmonary/chemically induced	0.012658227848101264	35197507
small molecule libraries/pharmacology	drug interactions	0.012658227848101264	32134361
cd8-positive t-lymphocytes/immunology	nf-e2-related factor 2/genetics	0.050632911392405056	34093872
small molecule libraries/pharmacology	ferroptosis/drug effects	0.48101265822784794	32134361
cd8-positive t-lymphocytes/immunology	reactive oxygen species/metabolism	0.4579803940230322	31043744
allografts	PRKAA1	0.025316455696202528	34093872
endothelial cells/metabolism	NLRP3	0.012658227848101264	35197507
cd8-positive t-lymphocytes/immunology	interferon-gamma/immunology	0.050632911392405056	31043744
allografts	GABPA	0.025316455696202528	34093872
fusion regulatory protein 1 heavy chain/metabolism	ferroptosis/drug effects	0.48101265822784794	31043744
gene expression regulation neoplastic	vitamin e/pharmacology	0.06329113924050632	32778843
endothelial cells/metabolism	HMGB1	0.025316455696202528	35197507
endothelial cells/metabolism	GPX4	0.27848101265822783	35197507
iron chelating agents/pharmacology	cells cultured	0.07594936708860758	30787033
allografts	MTOR	0.025316455696202528	34093872
gene expression regulation neoplastic	dose-response relationship drug	0.18026277519948403	32778843
cd8-positive t-lymphocytes/immunology	antineoplastic agents immunological/administration &amp; dosage	0.050632911392405056	31554642
inflammasomes/metabolism	nlr family pyrin domain-containing 3 protein/metabolism	0.012658227848101264	35197507
gene expression regulation neoplastic	antioxidants/pharmacology	0.12333657903278156	32778843
cd8-positive t-lymphocytes/immunology	cell line tumor	0.018239588526064214	34093872
cd8-positive t-lymphocytes/immunology	cell line tumor	0.018239588526064214	31554642
cd8-positive t-lymphocytes/immunology	cell line tumor	0.018239588526064214	39321806
cd8-positive t-lymphocytes/immunology	cell line tumor	0.018239588526064214	31043744
cd8-positive t-lymphocytes/immunology	glycogen synthase kinase 3/metabolism	0.050632911392405056	34093872
allografts	BTRC	0.025316455696202528	34093872
gene expression regulation neoplastic	glioblastoma/genetics	0.06329113924050632	34062295
allografts	PRKAA2	0.025316455696202528	34093872
small molecule libraries/pharmacology	radiation-protective agents/pharmacology	0.012658227848101264	32134361
membrane proteins/genetics	cell transformation neoplastic/genetics	0.012658227848101264	33311482
inflammasomes/metabolism	ferroptosis/drug effects	0.48101265822784794	35197507
endothelial cells/metabolism	TLR4	0.03797468354430379	35197507
allografts	CD274	0.09931840311587149	34093872
gene expression regulation neoplastic	heat-shock proteins/genetics	0.06329113924050632	34062295
membrane proteins/genetics	carcinoma pancreatic ductal/metabolism	0.012658227848101264	33311482
membrane proteins/genetics	diet	0.012658227848101264	33311482
cd8-positive t-lymphocytes/immunology	CD36	0.4579803940230322	39321806
gene expression regulation neoplastic	brain neoplasms/genetics	0.06329113924050632	34062295
cd8-positive t-lymphocytes/immunology	SLC9A1	0.0019474196689386566	31043744
cd8-positive t-lymphocytes/immunology	SLC9A1	0.0019474196689386566	31554642
allografts	NFE2L2	0.09931840311587149	34093872
fusion regulatory protein 1 heavy chain/metabolism	reactive oxygen species/metabolism	0.1392405063291139	31043744
membrane proteins/genetics	spiro compounds/pharmacology	0.012658227848101264	33311482
cd8-positive t-lymphocytes/immunology	TP53	0.23419285577846533	39321806
fusion regulatory protein 1 heavy chain/metabolism	interferon-gamma/immunology	0.012658227848101264	31043744
allografts	CD8A	0.19344368711457316	34093872
cd8-positive t-lymphocytes/immunology	ATM	0.050632911392405056	31554642
membrane proteins/genetics	proto-oncogene proteins p21(ras)/metabolism	0.012658227848101264	33311482
cd8-positive t-lymphocytes/immunology	SLC7A11	0.09107481459246948	31043744
cd8-positive t-lymphocytes/immunology	SLC7A11	0.09107481459246948	31554642
iron chelating agents/pharmacology	iron/metabolism	0.07594936708860758	30787033
cd8-positive t-lymphocytes/immunology	CHRM1	0.19104879131528035	34093872
inflammasomes/metabolism	macrophages/metabolism	0.08860759493670886	35197507
fusion regulatory protein 1 heavy chain/metabolism	cell line tumor	0.37974683544303794	31043744
membrane proteins/genetics	ferroptosis/drug effects	0.48101265822784794	33311482
cd8-positive t-lymphocytes/immunology	GSK3B	0.050632911392405056	34093872
iron chelating agents/pharmacology	phospholipid hydroperoxide glutathione peroxidase/metabolism	0.15189873417721517	30787033
gene expression regulation neoplastic	acetaminophen/pharmacology	0.06329113924050632	34062295
allografts	PRKAB1	0.025316455696202528	34093872
membrane proteins/genetics	pancreatitis/genetics	0.012658227848101264	33311482
cd8-positive t-lymphocytes/immunology	PDCD1	0.027217951934807364	34093872
cd8-positive t-lymphocytes/immunology	PDCD1	0.027217951934807364	39321806
gene expression regulation neoplastic	ferroptosis/drug effects	0.7959997808099075	32778843
gene expression regulation neoplastic	ferroptosis/drug effects	0.7959997808099075	34062295
membrane proteins/genetics	pancreas/metabolism	0.012658227848101264	33311482
gene expression regulation neoplastic	jurkat cells	0.12333657903278156	32778843
iron chelating agents/pharmacology	glutathione/metabolism	0.17721518987341772	30787033
cd8-positive t-lymphocytes/immunology	PRKAA1	0.050632911392405056	34093872
allografts	RPL17-C18orf32	0.14703018500486856	34093872
allografts	RPL17	0.14703018500486856	34093872
cd8-positive t-lymphocytes/immunology	GABPA	0.050632911392405056	34093872
gene expression regulation neoplastic	methotrexate/pharmacology	0.06329113924050632	32778843
cd8-positive t-lymphocytes/immunology	MTOR	0.050632911392405056	34093872
gene expression regulation neoplastic	biopterins/analogs &amp; derivatives	0.06329113924050632	32778843
allografts	MRLN	0.09931840311587149	34093872
fusion regulatory protein 1 heavy chain/metabolism	SLC9A1	0.025316455696202528	31043744
inflammasomes/metabolism	hmgb1 protein/metabolism	0.012658227848101264	35197507
membrane proteins/genetics	phospholipid hydroperoxide glutathione peroxidase/genetics	0.025316455696202528	33311482
allografts	CTLA4	0.025316455696202528	34093872
cd8-positive t-lymphocytes/immunology	BTRC	0.050632911392405056	34093872
cd8-positive t-lymphocytes/immunology	PRKAA2	0.050632911392405056	34093872
inflammasomes/metabolism	inflammation/metabolism	0.025316455696202528	35197507
iron chelating agents/pharmacology	host-pathogen interactions	0.012658227848101264	30787033
fusion regulatory protein 1 heavy chain/metabolism	SLC7A11	0.1392405063291139	31043744
cd8-positive t-lymphocytes/immunology	SLC3A2	0.050632911392405056	31043744
malaria/genetics	genetic variation	0.012658227848101264	31980600
gene expression regulation neoplastic	macrophages/metabolism	0.3791886993752417	27044818
cd8-positive t-lymphocytes/immunology	CD274	0.19104879131528035	34093872
malaria/genetics	iron/metabolism	0.07594936708860758	31980600
gene expression regulation neoplastic	cystine/antagonists &amp; inhibitors	0.06329113924050632	32778843
cd8-positive t-lymphocytes/immunology	NFE2L2	0.19104879131528035	34093872
iron chelating agents/pharmacology	ferroptosis/drug effects	0.48101265822784794	30787033
inflammasomes/metabolism	NOX4	0.012658227848101264	35197507
cd8-positive t-lymphocytes/immunology	CD8A	4.6588987295183164e-05	34093872
cd8-positive t-lymphocytes/immunology	CD8A	4.6588987295183164e-05	31554642
cd8-positive t-lymphocytes/immunology	CD8A	4.6588987295183164e-05	39321806
cd8-positive t-lymphocytes/immunology	CD8A	4.6588987295183164e-05	31043744
iron chelating agents/pharmacology	macrophages/drug effects	0.06329113924050632	30787033
gene expression regulation neoplastic	reactive oxygen species/metabolism	0.5374766028996542	32778843
malaria/genetics	hemeproteins/toxicity	0.012658227848101264	31980600
inflammasomes/metabolism	FTH1	0.06329113924050632	35197507
cd8-positive t-lymphocytes/immunology	PRKAB1	0.050632911392405056	34093872
gene expression regulation neoplastic	hyaluronan receptors/genetics	0.06329113924050632	34062295
fusion regulatory protein 1 heavy chain/metabolism	SLC3A2	0.012658227848101264	31043744
cd8-positive t-lymphocytes/immunology	RPL17-C18orf32	0.027217951934807364	34093872
cd8-positive t-lymphocytes/immunology	RPL17-C18orf32	0.027217951934807364	39321806
cd8-positive t-lymphocytes/immunology	RPL17	0.027217951934807364	34093872
cd8-positive t-lymphocytes/immunology	RPL17	0.027217951934807364	39321806
inflammasomes/metabolism	NLRP3	0.012658227848101264	35197507
cd8-positive t-lymphocytes/immunology	MRLN	0.19104879131528035	34093872
cd8-positive t-lymphocytes/immunology	CTLA4	0.050632911392405056	34093872
inflammasomes/metabolism	HMGB1	0.025316455696202528	35197507
inflammasomes/metabolism	GPX4	0.27848101265822783	35197507
fusion regulatory protein 1 heavy chain/metabolism	CD8A	0.1012658227848101	31043744
gene expression regulation neoplastic	HSPB1	0.06329113924050632	34062295
gene expression regulation neoplastic	SLC40A1	0.06329113924050632	34062295
gene expression regulation neoplastic	CD36	0.5374766028996542	27044818
inflammasomes/metabolism	TLR4	0.03797468354430379	35197507
gene expression regulation neoplastic	TP53	0.2852466653932343	29777149
iron chelating agents/pharmacology	GPX4	0.27848101265822783	30787033
membrane proteins/genetics	GPX4	0.27848101265822783	33311482
allografts	chemokines/metabolism	0.025316455696202528	24844408
malaria/genetics	liver x receptors/agonists	0.012658227848101264	31980600
cd8-positive t-lymphocytes/immunology	interleukins/metabolism	0.050632911392405056	39321806
allografts	lymphangiogenesis	0.025316455696202528	24844408
malaria/genetics	transferrin/metabolism	0.012658227848101264	31980600
gene expression regulation neoplastic	GPX4	0.8142161635832522	32778843
allografts	leptin/physiology	0.025316455696202528	24844408
membrane proteins/genetics	KDM8	0.012658227848101264	33311482
malaria/genetics	tumor suppressor protein p53/genetics	0.012658227848101264	31980600
membrane proteins/genetics	STING1	0.012658227848101264	33311482
gene expression regulation neoplastic	CD44	0.12333657903278156	34062295
cd8-positive t-lymphocytes/immunology	tumor escape/immunology	0.050632911392405056	39321806
malaria/genetics	ferroptosis/drug effects	0.48101265822784794	31980600
cd8-positive t-lymphocytes/immunology	liver neoplasms/immunology	0.050632911392405056	39321806
gene expression regulation neoplastic	cytokines/analysis	0.06329113924050632	29777149
malaria/genetics	ferritins/blood	0.012658227848101264	31980600
allografts	rna messenger/genetics	0.025316455696202528	24844408
cd8-positive t-lymphocytes/immunology	tumor-associated macrophages/immunology	0.09931840311587149	39321806
gene expression regulation neoplastic	carcinoma pancreatic ductal/genetics	0.12333657903278156	28249896
malaria/genetics	macrophages/drug effects	0.06329113924050632	31980600
gene expression regulation neoplastic	endostatins/genetics	0.06329113924050632	27044818
oxidative stress	ferric compounds/chemistry	0.07497565725413827	32686685
hyaluronic acid/chemistry	benzylidene compounds/pharmacology	0.012658227848101264	34593794
oxidative stress	piperazines/pharmacology	0.05030834144758196	32778843
oxidative stress	carbolines/pharmacology	0.05030834144758196	32778843
hyaluronic acid/chemistry	cell line tumor/transplantation	0.025316455696202528	34593794
oxidative stress	neoplasms/diagnostic imaging	0.025316455696202528	32686685
allografts	cell proliferation	0.19344368711457316	24844408
gene expression regulation neoplastic	pten phosphohydrolase/deficiency	0.06329113924050632	29777149
oxidative stress	phospholipid hydroperoxide glutathione peroxidase/antagonists &amp; inhibitors	0.025316455696202528	32778843
gene expression regulation neoplastic	breast neoplasms/metabolism	0.18026277519948403	29777149
gene expression regulation neoplastic	lipocalin-2/genetics	0.06329113924050632	28249896
cd8-positive t-lymphocytes/immunology	cellular reprogramming/immunology	0.050632911392405056	39321806
programmed cell death 1 receptor/metabolism	benzylidene compounds/chemistry	0.025316455696202528	34985903
oxidative stress	antineoplastic agents/pharmacology	0.17039922103213245	32778843
gene expression regulation neoplastic	carcinoma renal cell/blood	0.06329113924050632	27044818
malaria/genetics	listeriosis/etiology	0.012658227848101264	31980600
cd8-positive t-lymphocytes/immunology	tumor microenvironment/immunology	0.315281653722693	39321806
oxidative stress	gene expression regulation neoplastic	0.12333657903278158	32778843
gene expression regulation neoplastic	inflammation mediators/blood	0.06329113924050632	28249896
allografts	neovascularization pathologic	0.025316455696202528	24844408
oxidative stress	t-lymphocytes cytotoxic/metabolism	0.025316455696202528	32686685
programmed cell death 1 receptor/metabolism	phenol/chemistry	0.025316455696202528	34985903
hyaluronic acid/chemistry	ferroptosis/drug effects	0.48101265822784794	34593794
oxidative stress	cell proliferation/drug effects	0.05030834144758196	32778843
hyaluronic acid/chemistry	skin neoplasms/drug therapy	0.012658227848101264	34593794
gene expression regulation neoplastic	cytokines/blood	0.009484186699376571	28249896
gene expression regulation neoplastic	cytokines/blood	0.009484186699376571	27044818
oxidative stress	folic acid antagonists/pharmacology	0.025316455696202528	32778843
oxidative stress	tetrahydrofolate dehydrogenase/genetics	0.025316455696202528	32778843
hyaluronic acid/chemistry	tumor microenvironment/drug effects	0.11392405063291138	34593794
malaria/genetics	TP53	0.06329113924050632	31980600
programmed cell death 1 receptor/metabolism	cd8-positive t-lymphocytes/cytology	0.05030834144758196	34985903
hyaluronic acid/chemistry	tumor escape/drug effects	0.012658227848101264	34593794
oxidative stress	calreticulin/metabolism	0.025316455696202528	32686685
hyaluronic acid/chemistry	immune checkpoint inhibitors/pharmacology	0.012658227848101264	34593794
iron/chemistry	cell survival/drug effects	0.050632911392405056	34093872
oxidative stress	vitamin e/pharmacology	0.025316455696202528	32778843
oxidative stress	dose-response relationship drug	0.07497565725413827	32778843
hyaluronic acid/chemistry	drug resistance neoplasm/drug effects	0.012658227848101264	34593794
oxidative stress	antioxidants/pharmacology	0.05030834144758196	32778843
iron/chemistry	tor serine-threonine kinases/metabolism	0.012658227848101264	34093872
iron/chemistry	amp-activated protein kinase kinases	0.012658227848101264	34093872
iron/chemistry	lung neoplasms/drug therapy	0.012658227848101264	34093872
cd8-positive t-lymphocytes/immunology	neoplastic stem cells/immunology	0.050632911392405056	39321806
allografts	obesity/etiology	0.025316455696202528	24844408
programmed cell death 1 receptor/metabolism	ferroptosis/drug effects	0.7338526452450505	34985903
oxidative stress	ascorbic acid/pharmacology	0.025316455696202528	32686685
oxidative stress	ferroptosis/drug effects	0.22817267121064583	32778843
oxidative stress	ferroptosis/drug effects	0.22817267121064583	32686685
oxidative stress	jurkat cells	0.05030834144758196	32778843
gene expression regulation neoplastic	docosahexaenoic acids/analysis	0.06329113924050632	29777149
immunologic memory	exosomes/drug effects	0.012658227848101264	34593794
oxidative stress	methotrexate/pharmacology	0.025316455696202528	32778843
hyaluronic acid/chemistry	CD274	0.050632911392405056	34593794
oxidative stress	biopterins/analogs &amp; derivatives	0.025316455696202528	32778843
iron/chemistry	ferroptosis/drug effects	0.48101265822784794	34093872
allografts	adipocytes/metabolism	0.09931840311587149	24844408
iron/chemistry	macrophages/drug effects	0.06329113924050632	34093872
oxidative stress	cystine/antagonists &amp; inhibitors	0.025316455696202528	32778843
iron/chemistry	tumor microenvironment/drug effects	0.11392405063291138	34093872
immunologic memory	t-lymphocytes cytotoxic/drug effects	0.012658227848101264	34593794
malaria/genetics	TF	0.025316455696202528	31980600
iron/chemistry	mitochondria/drug effects	0.03797468354430379	34093872
oxidative stress	reactive oxygen species/metabolism	0.2606296656929568	32778843
cd8-positive t-lymphocytes/immunology	cd36 antigens/metabolism	0.315281653722693	39321806
iron/chemistry	nf-e2-related factor 2/genetics	0.012658227848101264	34093872
oxidative stress	cell line tumor	0.6183057448880234	32686685
gene expression regulation neoplastic	tumor suppressor protein p53/deficiency	0.06329113924050632	29777149
iron/chemistry	cell line tumor	0.37974683544303794	34093872
programmed cell death 1 receptor/metabolism	cell line tumor	0.6183057448880234	34985903
gene expression regulation neoplastic	disease progression	0.33354080962342125	29777149
iron/chemistry	glycogen synthase kinase 3/metabolism	0.012658227848101264	34093872
gene expression regulation neoplastic	nih 3t3 cells	0.06329113924050632	27044818
programmed cell death 1 receptor/metabolism	exosomes/metabolism	0.025316455696202528	34985903
allografts	diet high-fat/adverse effects	0.07497565725413827	24844408
immunologic memory	hyaluronic acid/chemistry	0.012658227848101264	34593794
oxidative stress	CALR	0.025316455696202528	32686685
gene expression regulation neoplastic	angiogenesis inducing agents/metabolism	0.06329113924050632	27044818
oxidative stress	GPX4	0.4819863680623173	32778843
immunologic memory	benzylidene compounds/pharmacology	0.012658227848101264	34593794
iron/chemistry	CHRM1	0.050632911392405056	34093872
actins/metabolism	liver cirrhosis/drug therapy	0.012658227848101264	34811833
iron/chemistry	GSK3B	0.012658227848101264	34093872
gene expression regulation neoplastic	rna small interfering/genetics	0.06329113924050632	28249896
iron/chemistry	PDCD1	0.07594936708860758	34093872
actins/metabolism	sorafenib/pharmacology	0.012658227848101264	34811833
iron/chemistry	PRKAA1	0.012658227848101264	34093872
oxidative stress	CYREN	0.025316455696202528	32686685
iron/chemistry	GABPA	0.012658227848101264	34093872
allografts	tumor cells cultured	0.025316455696202528	24844408
immunologic memory	cell line tumor/transplantation	0.025316455696202528	34593794
iron/chemistry	MTOR	0.012658227848101264	34093872
gene expression regulation neoplastic	anti-inflammatory agents/metabolism	0.06329113924050632	27044818
iron/chemistry	BTRC	0.012658227848101264	34093872
iron/chemistry	PRKAA2	0.012658227848101264	34093872
iron/chemistry	CD274	0.050632911392405056	34093872
dextrans/chemistry	macrophages/cytology	0.025316455696202528	33236624
actins/metabolism	hypoxia-inducible factor 1 alpha subunit/metabolism	0.012658227848101264	34811833
programmed cell death 1 receptor/metabolism	PDCD1	0.004868549172346641	35238098
programmed cell death 1 receptor/metabolism	PDCD1	0.004868549172346641	34985903
iron/chemistry	NFE2L2	0.050632911392405056	34093872
iron/chemistry	CD8A	0.1012658227848101	34093872
iron/chemistry	PRKAB1	0.012658227848101264	34093872
gene expression regulation neoplastic	cell polarity	0.06329113924050632	27044818
actins/metabolism	amino acid transport system y+/metabolism	0.1012658227848101	34811833
carbolines/pharmacology	raw 264.7 cells	0.05030834144758196	34717678
iron/chemistry	RPL17-C18orf32	0.07594936708860758	34093872
gene expression regulation neoplastic	neoplasm metastasis	0.2852466653932343	27044818
iron/chemistry	RPL17	0.07594936708860758	34093872
iron/chemistry	MRLN	0.050632911392405056	34093872
iron/chemistry	CTLA4	0.012658227848101264	34093872
carbolines/pharmacology	phospholipid hydroperoxide glutathione peroxidase/antagonists &amp; inhibitors	0.025316455696202528	32778843
programmed cell death 1 receptor/metabolism	CD274	0.09931840311587149	34985903
programmed cell death 1 receptor/metabolism	CD8A	0.19344368711457316	35238098
allografts	receptor melanocortin type 4/physiology	0.025316455696202528	24844408
programmed cell death 1 receptor/metabolism	RPL17-C18orf32	0.004868549172346641	35238098
programmed cell death 1 receptor/metabolism	RPL17-C18orf32	0.004868549172346641	34985903
allografts	apoptosis	0.025316455696202528	24844408
actins/metabolism	hepatic stellate cells/drug effects	0.012658227848101264	34811833
programmed cell death 1 receptor/metabolism	RPL17	0.004868549172346641	35238098
programmed cell death 1 receptor/metabolism	RPL17	0.004868549172346641	34985903
carbolines/pharmacology	antineoplastic agents/pharmacology	0.17039922103213245	32778843
carbolines/pharmacology	gene expression regulation neoplastic	0.12333657903278158	32778843
allografts	lymphatic metastasis	0.025316455696202528	24844408
actins/metabolism	hepatocytes/drug effects	0.012658227848101264	34811833
immunologic memory	ferroptosis/drug effects	0.48101265822784794	34593794
programmed cell death 1 receptor/metabolism	obesity/metabolism	0.05030834144758196	35238098
carbolines/pharmacology	nf-e2-related factor 2/biosynthesis	0.025316455696202528	34717678
actins/metabolism	ferroptosis/drug effects	0.48101265822784794	34811833
immunologic memory	skin neoplasms/drug therapy	0.012658227848101264	34593794
cd8-positive t-lymphocytes/immunology	IL34	0.050632911392405056	39321806
carbolines/pharmacology	cell proliferation/drug effects	0.05030834144758196	32778843
actins/metabolism	macrophages/drug effects	0.06329113924050632	34811833
dextrans/chemistry	gels/chemistry	0.012658227848101264	33236624
gene expression regulation neoplastic	IL4	0.06329113924050632	27044818
allografts	CCL2	0.12333657903278158	24844408
immunologic memory	tumor microenvironment/drug effects	0.11392405063291138	34593794
carbolines/pharmacology	folic acid antagonists/pharmacology	0.025316455696202528	32778843
carbolines/pharmacology	tetrahydrofolate dehydrogenase/genetics	0.025316455696202528	32778843
immunologic memory	tumor escape/drug effects	0.012658227848101264	34593794
carbolines/pharmacology	gene expression	0.025316455696202528	34717678
actins/metabolism	cell line	0.08860759493670886	34811833
dextrans/chemistry	urinary bladder neoplasms/pathology	0.012658227848101264	33236624
immunologic memory	immune checkpoint inhibitors/pharmacology	0.012658227848101264	34593794
carbolines/pharmacology	cell survival/drug effects	0.09931840311587149	34717678
allografts	CCR7	0.025316455696202528	24844408
gene expression regulation neoplastic	ARG1	0.06329113924050632	27044818
carbolines/pharmacology	lipopolysaccharides/toxicity	0.025316455696202528	34717678
allografts	CCL21	0.025316455696202528	24844408
actins/metabolism	SLC7A11	0.1392405063291139	34811833
actins/metabolism	FUT1	0.012658227848101264	34811833
allografts	FLT4	0.025316455696202528	24844408
immunologic memory	drug resistance neoplasm/drug effects	0.012658227848101264	34593794
actins/metabolism	GPX4	0.27848101265822783	34811833
gene expression regulation neoplastic	IL13	0.06329113924050632	27044818
actins/metabolism	FN1	0.012658227848101264	34811833
allografts	KDR	0.025316455696202528	24844408
carbolines/pharmacology	vitamin e/pharmacology	0.025316455696202528	32778843
actins/metabolism	ROS1	0.1012658227848101	34811833
carbolines/pharmacology	dose-response relationship drug	0.0009737098344693281	32778843
carbolines/pharmacology	dose-response relationship drug	0.0009737098344693281	34717678
carbolines/pharmacology	antioxidants/pharmacology	0.05030834144758196	32778843
gene expression regulation neoplastic	CD209	0.06329113924050632	27044818
actins/metabolism	MMRN1	0.012658227848101264	34811833
actins/metabolism	HIF1A	0.012658227848101264	34811833
carbolines/pharmacology	inflammation mediators/antagonists &amp; inhibitors	0.025316455696202528	34717678
gene expression regulation neoplastic	PTEN	0.06329113924050632	29777149
allografts	CCL19	0.025316455696202528	24844408
gene expression regulation neoplastic	LCN2	0.06329113924050632	28249896
dextrans/chemistry	ferroptosis/drug effects	0.48101265822784794	33236624
gene expression regulation neoplastic	SLC22A17	0.06329113924050632	28249896
programmed cell death 1 receptor/metabolism	drugs chinese herbal	0.025316455696202528	35238098
allografts	CSF1	0.07497565725413827	24844408
carbolines/pharmacology	ferroptosis/drug effects	0.22817267121064583	32778843
carbolines/pharmacology	ferroptosis/drug effects	0.22817267121064583	34717678
carbolines/pharmacology	jurkat cells	0.05030834144758196	32778843
immunologic memory	CD274	0.050632911392405056	34593794
gene expression regulation neoplastic	IL10	0.23419285577846535	27044818
carbolines/pharmacology	methotrexate/pharmacology	0.025316455696202528	32778843
carbolines/pharmacology	biopterins/analogs &amp; derivatives	0.025316455696202528	32778843
programmed cell death 1 receptor/metabolism	diterpenes	0.025316455696202528	35238098
gene expression regulation neoplastic	MRC1	0.12333657903278156	27044818
nivolumab/therapeutic use	b7-h1 antigen/antagonists &amp; inhibitors	0.025316455696202528	31043744
precursor cell lymphoblastic leukemia-lymphoma/metabolism	antineoplastic agents/pharmacology	0.08860759493670886	33926261
cell proliferation/drug effects	folic acid antagonists/pharmacology	0.025316455696202528	32778843
carbolines/pharmacology	cystine/antagonists &amp; inhibitors	0.025316455696202528	32778843
cell proliferation/drug effects	tetrahydrofolate dehydrogenase/genetics	0.025316455696202528	32778843
programmed cell death 1 receptor/metabolism	hepatitis a virus cellular receptor 2/metabolism	0.025316455696202528	35238098
precursor cell lymphoblastic leukemia-lymphoma/metabolism	autophagy/drug effects	0.025316455696202528	33926261
dextrans/chemistry	reactive oxygen species/metabolism	0.1392405063291139	33236624
carbolines/pharmacology	reactive oxygen species/metabolism	0.2606296656929568	32778843
nivolumab/therapeutic use	fusion regulatory protein 1 heavy chain/metabolism	0.012658227848101264	31043744
cell proliferation/drug effects	vitamin e/pharmacology	0.025316455696202528	32778843
dextrans/chemistry	gold/chemistry	0.012658227848101264	33236624
cell proliferation/drug effects	dose-response relationship drug	0.0009737098344693281	32778843
cell proliferation/drug effects	dose-response relationship drug	0.0009737098344693281	30420335
antineoplastic agents/pharmacology	gene expression regulation neoplastic	0.3791886993752417	32778843
cell proliferation/drug effects	antioxidants/pharmacology	0.05030834144758196	32778843
antineoplastic agents/pharmacology	autophagy/drug effects	0.006815968841285297	33277233
antineoplastic agents/pharmacology	autophagy/drug effects	0.006815968841285297	33926261
dextrans/chemistry	cell line tumor	0.37974683544303794	33236624
carbolines/pharmacology	CCK	0.07497565725413827	34717678
programmed cell death 1 receptor/metabolism	colorectal neoplasms/drug therapy	0.025316455696202528	35238098
antineoplastic agents/pharmacology	cell movement/drug effects	0.019562715765247412	34093872
antineoplastic agents/pharmacology	cell movement/drug effects	0.019562715765247412	27756885
antineoplastic agents/pharmacology	cell proliferation/drug effects	0.17039922103213243	32778843
nivolumab/therapeutic use	amino acid transport system y+/metabolism	0.1012658227848101	31043744
cell proliferation/drug effects	ferroptosis/drug effects	0.7338526452450505	32778843
cell proliferation/drug effects	jurkat cells	0.05030834144758196	32778843
antineoplastic agents/pharmacology	iron/chemistry	0.08860759493670885	34093872
antineoplastic agents/pharmacology	lymphocytes tumor-infiltrating/immunology	0.08860759493670885	33547170
cell proliferation/drug effects	methotrexate/pharmacology	0.025316455696202528	32778843
cell proliferation/drug effects	biopterins/analogs &amp; derivatives	0.025316455696202528	32778843
ferric compounds/chemistry	aniline compounds/chemistry	0.03797468354430379	34985903
antineoplastic agents/pharmacology	folic acid antagonists/pharmacology	0.08860759493670885	32778843
precursor cell lymphoblastic leukemia-lymphoma/metabolism	glutathione/metabolism	0.17721518987341772	33926261
antineoplastic agents/pharmacology	cell line tumor/transplantation	0.17039922103213243	33547170
cell proliferation/drug effects	macrophages/metabolism	0.17039922103213245	30420335
carbolines/pharmacology	GPX4	0.07497565725413827	32778843
carbolines/pharmacology	GPX4	0.07497565725413827	34717678
antineoplastic agents/pharmacology	tetrahydrofolate dehydrogenase/genetics	0.08860759493670885	32778843
ferric compounds/chemistry	adjuvants immunologic/chemistry	0.03797468354430379	33236624
cell proliferation/drug effects	cystine/antagonists &amp; inhibitors	0.025316455696202528	32778843
ferric compounds/chemistry	dextrans/chemistry	0.03797468354430379	33236624
ferric compounds/chemistry	neoplasms/diagnostic imaging	0.03797468354430379	32686685
antineoplastic agents/pharmacology	cell survival/drug effects	0.31528165372269307	34093872
cell proliferation/drug effects	reactive oxygen species/metabolism	0.2606296656929568	32778843
oleic acid/metabolism	iron/metabolism	0.07594936708860758	32814895
dextrans/chemistry	CHRM1	0.050632911392405056	33236624
glutathione peroxidase/therapeutic use	b-lymphocytes/metabolism	0.012658227848101264	31775041
programmed cell death 1 receptor/metabolism	tumor necrosis factor-alpha/metabolism	0.07497565725413827	35238098
cell proliferation/drug effects	cell line tumor	0.6183057448880234	30420335
oleic acid/metabolism	phospholipid hydroperoxide glutathione peroxidase/metabolism	0.15189873417721517	32814895
antineoplastic agents/pharmacology	tor serine-threonine kinases/metabolism	0.08860759493670885	34093872
nivolumab/therapeutic use	melanoma/genetics	0.012658227848101264	31043744
ferric compounds/chemistry	b7-h1 antigen/metabolism	0.03797468354430379	34985903
antineoplastic agents/pharmacology	amp-activated protein kinase kinases	0.08860759493670885	34093872
antineoplastic agents/pharmacology	glutathione/metabolism	0.7598310762320144	33926261
oleic acid/metabolism	glutathione/metabolism	0.17721518987341772	32814895
carbolines/pharmacology	NFE2L2	0.09931840311587149	34717678
antineoplastic agents/pharmacology	lung neoplasms/drug therapy	0.08860759493670885	34093872
biological products/chemistry	protein kinase inhibitors/chemistry	0.012658227848101264	31509699
ferric compounds/chemistry	immunogenic cell death/drug effects	0.03797468354430379	34985903
programmed cell death 1 receptor/metabolism	cell differentiation	0.07497565725413827	35238098
antineoplastic agents/pharmacology	vitamin e/pharmacology	0.08860759493670885	32778843
oleic acid/metabolism	neoplasm metastasis/drug therapy	0.012658227848101264	32814895
ferric compounds/chemistry	macrophages/cytology	0.07497565725413827	33236624
antineoplastic agents/pharmacology	dose-response relationship drug	0.24581747366557488	32778843
cell proliferation/drug effects	GPX4	0.4819863680623173	32778843
glutathione peroxidase/therapeutic use	ferroptosis/drug effects	0.48101265822784794	31775041
ferric compounds/chemistry	metal-organic frameworks/chemistry	0.03797468354430379	34985903
antineoplastic agents/pharmacology	antioxidants/pharmacology	0.17039922103213243	32778843
ferric compounds/chemistry	programmed cell death 1 receptor/metabolism	0.07497565725413827	34985903
ferric compounds/chemistry	t-lymphocytes cytotoxic/metabolism	0.03797468354430379	32686685
precursor cell lymphoblastic leukemia-lymphoma/metabolism	autophagy-related proteins/genetics	0.012658227848101264	33926261
programmed cell death 1 receptor/metabolism	cd8-positive t-lymphocytes	0.025316455696202528	35238098
oleic acid/metabolism	ferroptosis/drug effects	0.48101265822784794	32814895
precursor cell lymphoblastic leukemia-lymphoma/metabolism	ferroptosis/drug effects	0.48101265822784794	33926261
glutathione peroxidase/therapeutic use	cytoskeletal proteins/metabolism	0.012658227848101264	31775041
precursor cell lymphoblastic leukemia-lymphoma/metabolism	jurkat cells	0.025316455696202528	33926261
antineoplastic agents/pharmacology	endoplasmic reticulum/drug effects	0.08860759493670885	33277233
ferric compounds/chemistry	calreticulin/metabolism	0.03797468354430379	32686685
oleic acid/metabolism	cell survival	0.025316455696202528	32814895
ferric compounds/chemistry	benzylidene compounds/chemistry	0.03797468354430379	34985903
antineoplastic agents/pharmacology	t-lymphocytes/immunology	0.08860759493670885	33547170
programmed cell death 1 receptor/metabolism	ARHGEF5	0.025316455696202528	35238098
biological products/chemistry	drug synergism	0.012658227848101264	31509699
ferric compounds/chemistry	gels/chemistry	0.03797468354430379	33236624
antineoplastic agents/pharmacology	triple negative breast neoplasms/drug therapy	0.08860759493670885	34991659
biological products/chemistry	saponins/chemistry	0.012658227848101264	31509699
precursor cell lymphoblastic leukemia-lymphoma/metabolism	glutathione peroxidase/metabolism	0.012658227848101264	33926261
antineoplastic agents/pharmacology	autophagy-related proteins/genetics	0.08860759493670885	33926261
ferric compounds/chemistry	phenol/chemistry	0.03797468354430379	34985903
nivolumab/therapeutic use	cysteine/metabolism	0.012658227848101264	31043744
cell proliferation/drug effects	phenotype	0.05030834144758196	30420335
biological products/chemistry	antineoplastic agents/chemistry	0.012658227848101264	31509699
precursor cell lymphoblastic leukemia-lymphoma/metabolism	flavonolignans/pharmacology	0.012658227848101264	33926261
ferric compounds/chemistry	urinary bladder neoplasms/pathology	0.03797468354430379	33236624
antineoplastic agents/pharmacology	ferroptosis/drug effects	0.043400781635565745	33547170
antineoplastic agents/pharmacology	ferroptosis/drug effects	0.043400781635565745	34991659
antineoplastic agents/pharmacology	ferroptosis/drug effects	0.043400781635565745	34093872
antineoplastic agents/pharmacology	ferroptosis/drug effects	0.043400781635565745	33277233
antineoplastic agents/pharmacology	ferroptosis/drug effects	0.043400781635565745	33926261
antineoplastic agents/pharmacology	ferroptosis/drug effects	0.043400781635565745	32778843
programmed cell death 1 receptor/metabolism	CCL2	0.12333657903278158	35238098
cell proliferation/drug effects	receptors cell surface/metabolism	0.025316455696202528	30420335
antineoplastic agents/pharmacology	jurkat cells	0.006815968841285297	32778843
antineoplastic agents/pharmacology	jurkat cells	0.006815968841285297	33926261
cell proliferation/drug effects	antigens differentiation myelomonocytic/metabolism	0.025316455696202528	30420335
antineoplastic agents/pharmacology	neoplasms/drug therapy	0.17039922103213243	33277233
programmed cell death 1 receptor/metabolism	TPI1	0.025316455696202528	35238098
ferric compounds/chemistry	cd8-positive t-lymphocytes/cytology	0.07497565725413827	34985903
antineoplastic agents/pharmacology	methotrexate/pharmacology	0.08860759493670885	32778843
dextrans/chemistry	MRLN	0.050632911392405056	33236624
antineoplastic agents/pharmacology	biopterins/analogs &amp; derivatives	0.08860759493670885	32778843
nivolumab/therapeutic use	ferroptosis/drug effects	0.48101265822784794	31043744
antineoplastic agents/pharmacology	macrophages/drug effects	0.3791886993752417	34093872
antineoplastic agents/pharmacology	glutathione peroxidase/metabolism	0.08860759493670885	33926261
biological products/chemistry	energy metabolism/drug effects	0.012658227848101264	31509699
antineoplastic agents/pharmacology	flavonolignans/pharmacology	0.08860759493670885	33926261
tumor microenvironment	macrophages	0.35443037974683544	33311482
cell proliferation/drug effects	cell communication/drug effects	0.025316455696202528	30420335
ferric compounds/chemistry	ascorbic acid/pharmacology	0.03797468354430379	32686685
antineoplastic agents/pharmacology	membrane proteins/metabolism	0.08860759493670885	33547170
antineoplastic agents/pharmacology	tumor microenvironment/drug effects	0.02905615111906807	34093872
antineoplastic agents/pharmacology	tumor microenvironment/drug effects	0.02905615111906807	33547170
antineoplastic agents/pharmacology	tumor microenvironment/drug effects	0.02905615111906807	34991659
antineoplastic agents/pharmacology	mitochondria/drug effects	0.24581747366557488	34093872
programmed cell death 1 receptor/metabolism	CCR2	0.05030834144758196	35238098
antineoplastic agents/pharmacology	cystine/antagonists &amp; inhibitors	0.08860759493670885	32778843
oleic acid/metabolism	GPX4	0.27848101265822783	32814895
tumor microenvironment	apoptosis/drug effects	0.7366557493139771	30420335
antineoplastic agents/pharmacology	nf-e2-related factor 2/genetics	0.08860759493670885	34093872
antineoplastic agents/pharmacology	colonic neoplasms/drug therapy	0.08860759493670885	33547170
glutathione peroxidase/therapeutic use	BDKRB2	0.012658227848101264	31775041
tumor microenvironment	allografts	0.5861733203505355	24844408
oleic acid/metabolism	ACSL3	0.012658227848101264	32814895
antineoplastic agents/pharmacology	heme oxygenase-1/metabolism	0.08860759493670885	33547170
programmed cell death 1 receptor/metabolism	HAVCR2	0.025316455696202528	35238098
ferric compounds/chemistry	ferroptosis/drug effects	0.10667813199458769	33236624
ferric compounds/chemistry	ferroptosis/drug effects	0.10667813199458769	32686685
ferric compounds/chemistry	ferroptosis/drug effects	0.10667813199458769	34985903
cell proliferation/drug effects	tumor necrosis factor alpha-induced protein 3/metabolism	0.025316455696202528	30420335
antineoplastic agents/pharmacology	reactive oxygen species/metabolism	0.0524349434080846	33547170
antineoplastic agents/pharmacology	reactive oxygen species/metabolism	0.0524349434080846	32778843
antineoplastic agents/pharmacology	reactive oxygen species/metabolism	0.0524349434080846	33926261
tumor microenvironment	fatty acids/metabolism	0.35443037974683544	33691090
programmed cell death 1 receptor/metabolism	HNF4A	0.025316455696202528	35238098
fatty acids/metabolism	cytokines/metabolism	0.12658227848101264	33691090
cell proliferation/drug effects	endometrial neoplasms/genetics	0.025316455696202528	30420335
tumor microenvironment	raw 264.7 cells	0.5861733203505355	27756885
antineoplastic agents/pharmacology	basic-leucine zipper transcription factors/analysis	0.08860759493670885	34991659
programmed cell death 1 receptor/metabolism	TCF7	0.025316455696202528	35238098
tumor microenvironment	cytokines/metabolism	0.0854687487264933	38301989
tumor microenvironment	cytokines/metabolism	0.0854687487264933	34919143
tumor microenvironment	cytokines/metabolism	0.0854687487264933	36160648
tumor microenvironment	cytokines/metabolism	0.0854687487264933	24156623
tumor microenvironment	cytokines/metabolism	0.0854687487264933	30420335
tumor microenvironment	cytokines/metabolism	0.0854687487264933	33691090
precursor cell lymphoblastic leukemia-lymphoma/metabolism	reactive oxygen species/metabolism	0.1392405063291139	33926261
biological products/chemistry	ferroptosis/drug effects	0.48101265822784794	31509699
nivolumab/therapeutic use	reactive oxygen species/metabolism	0.1392405063291139	31043744
biological products/chemistry	neoplasms/drug therapy	0.025316455696202528	31509699
nivolumab/therapeutic use	interferon-gamma/immunology	0.012658227848101264	31043744
nivolumab/therapeutic use	cell line tumor	0.37974683544303794	31043744
programmed cell death 1 receptor/metabolism	TNF	0.14703018500486856	35238098
antineoplastic agents/pharmacology	tumor-associated macrophages/drug effects	0.08860759493670885	34991659
glutathione peroxidase/therapeutic use	BBS9	0.012658227848101264	31775041
tumor microenvironment	dna	0.35443037974683544	33311482
antineoplastic agents/pharmacology	cell line tumor	0.5394884370161127	34093872
antineoplastic agents/pharmacology	cell line tumor	0.5394884370161127	33277233
antineoplastic agents/pharmacology	cell line tumor	0.5394884370161127	27756885
programmed cell death 1 receptor/metabolism	HNF1A	0.025316455696202528	35238098
nivolumab/therapeutic use	SLC9A1	0.025316455696202528	31043744
antineoplastic agents/pharmacology	glycogen synthase kinase 3/metabolism	0.08860759493670885	34093872
ferric compounds/chemistry	reactive oxygen species/metabolism	0.36625399916539153	33236624
cell proliferation/drug effects	antigens cd/metabolism	0.025316455696202528	30420335
programmed cell death 1 receptor/metabolism	TIMELESS	0.025316455696202528	35238098
nivolumab/therapeutic use	SLC7A11	0.1392405063291139	31043744
cell proliferation/drug effects	estradiol/pharmacology	0.025316455696202528	30420335
programmed cell death 1 receptor/metabolism	HAVCR1	0.025316455696202528	35238098
glutathione peroxidase/therapeutic use	MS4A1	0.012658227848101264	31775041
ferric compounds/chemistry	gold/chemistry	0.03797468354430379	33236624
antineoplastic agents/pharmacology	HMOX1	0.17039922103213243	33547170
cd8-positive t-lymphocytes/drug effects	antineoplastic agents/pharmacology	0.08860759493670886	33277233
antineoplastic agents/pharmacology	TGFB1	0.49181274132493863	34991659
tumor microenvironment	neutrophils/immunology	0.5861733203505355	39753138
ferric compounds/chemistry	cell line tumor	0.05134106399929186	33236624
ferric compounds/chemistry	cell line tumor	0.05134106399929186	32686685
ferric compounds/chemistry	cell line tumor	0.05134106399929186	34985903
antineoplastic agents/pharmacology	HLF	0.08860759493670885	34991659
biological products/chemistry	mitochondria/drug effects	0.03797468354430379	31509699
precursor cell lymphoblastic leukemia-lymphoma/metabolism	GPX4	0.27848101265822783	33926261
cd8-positive t-lymphocytes/drug effects	autophagy/drug effects	0.025316455696202528	33277233
nivolumab/therapeutic use	SLC3A2	0.012658227848101264	31043744
biological products/chemistry	pyruvate dehydrogenase acetyl-transferring kinase/antagonists &amp; inhibitors	0.012658227848101264	31509699
glutathione peroxidase/therapeutic use	GPX4	0.27848101265822783	31775041
tumor microenvironment	membrane proteins/genetics	0.35443037974683544	33311482
ferric compounds/chemistry	exosomes/metabolism	0.03797468354430379	34985903
tumor microenvironment	antineoplastic agents/pharmacology	0.9600603875379595	27756885
antineoplastic agents/pharmacology	STAT3	0.43791409267758363	34991659
nivolumab/therapeutic use	CD8A	0.1012658227848101	31043744
precursor cell lymphoblastic leukemia-lymphoma/metabolism	ROS1	0.1012658227848101	33926261
antineoplastic agents/pharmacology	TP53	0.3791886993752417	33547170
precursor cell lymphoblastic leukemia-lymphoma/metabolism	ATG5	0.012658227848101264	33926261
glutathione peroxidase/therapeutic use	ROS1	0.1012658227848101	31775041
tumor microenvironment	gene expression regulation neoplastic	0.2360244685361274	28249896
tumor microenvironment	gene expression regulation neoplastic	0.2360244685361274	27044818
tumor microenvironment	gene expression regulation neoplastic	0.2360244685361274	29777149
antineoplastic agents/pharmacology	CHRM1	0.31528165372269307	34093872
antineoplastic agents/pharmacology	GSK3B	0.08860759493670885	34093872
tumor microenvironment	quinoxalines/pharmacology	0.35443037974683544	33311482
antineoplastic agents/pharmacology	SMAD3	0.08860759493670885	34991659
antineoplastic agents/pharmacology	PDCD1	0.43791409267758363	34093872
ferric compounds/chemistry	CHRM1	0.1461070574994626	33236624
antineoplastic agents/pharmacology	ACSL4	0.17039922103213243	33277233
ferric compounds/chemistry	CALR	0.03797468354430379	32686685
tumor microenvironment	programmed cell death 1 receptor/metabolism	0.5861733203505355	35238098
biological products/chemistry	cell line tumor	0.37974683544303794	31509699
antineoplastic agents/pharmacology	GPX4	0.299716683243647	33277233
antineoplastic agents/pharmacology	GPX4	0.299716683243647	32778843
antineoplastic agents/pharmacology	GPX4	0.299716683243647	33926261
glutathione peroxidase/therapeutic use	PLEKHM1	0.012658227848101264	31775041
antineoplastic agents/pharmacology	PRKAA1	0.08860759493670885	34093872
ferric compounds/chemistry	PDCD1	0.21349536539409955	34985903
glutathione peroxidase/therapeutic use	SPANXB1	0.012658227848101264	31775041
antineoplastic agents/pharmacology	GABPA	0.08860759493670885	34093872
myocardium/immunology	adaptor proteins vesicular transport/genetics	0.012658227848101264	30830879
antineoplastic agents/pharmacology	ATL1	0.08860759493670885	33277233
tumor microenvironment	cell movement/drug effects	0.7366557493139771	27756885
antineoplastic agents/pharmacology	MTOR	0.08860759493670885	34093872
cd8-positive t-lymphocytes/drug effects	endoplasmic reticulum/drug effects	0.012658227848101264	33277233
myocardium/immunology	myocardial reperfusion injury/drug therapy	0.012658227848101264	30830879
antineoplastic agents/pharmacology	ROS1	0.5412198359183472	33926261
antineoplastic agents/pharmacology	S100A4	0.08860759493670885	33277233
tumor microenvironment	cell proliferation/drug effects	0.5861733203505355	30420335
antineoplastic agents/pharmacology	ATG5	0.08860759493670885	33926261
antineoplastic agents/pharmacology	BTRC	0.08860759493670885	34093872
antineoplastic agents/pharmacology	PRKAA2	0.08860759493670885	34093872
cd8-positive t-lymphocytes/drug effects	ferroptosis/drug effects	0.48101265822784794	33277233
antineoplastic agents/pharmacology	CD274	0.31528165372269307	34093872
ferric compounds/chemistry	CD274	0.1461070574994626	34985903
cd8-positive t-lymphocytes/drug effects	neoplasms/drug therapy	0.025316455696202528	33277233
antineoplastic agents/pharmacology	JAK2	0.08860759493670885	34991659
ferric compounds/chemistry	CYREN	0.03797468354430379	32686685
antineoplastic agents/pharmacology	ASAH2	0.08860759493670885	33547170
antineoplastic agents/pharmacology	NFE2L2	0.31528165372269307	34093872
tumor microenvironment	iron/metabolism	0.9352090731171344	33311482
antineoplastic agents/pharmacology	IL6	0.1793650586145087	34991659
antineoplastic agents/pharmacology	IL6	0.1793650586145087	27756885
antineoplastic agents/pharmacology	CD8A	0.14596307917107743	34093872
antineoplastic agents/pharmacology	CD8A	0.14596307917107743	33277233
tumor microenvironment	biomarkers tumor	0.35443037974683544	33311482
antineoplastic agents/pharmacology	PRKAB1	0.08860759493670885	34093872
ferric compounds/chemistry	RPL17-C18orf32	0.21349536539409955	34985903
myocardium/immunology	ferroptosis/drug effects	0.48101265822784794	30830879
ferric compounds/chemistry	RPL17	0.21349536539409955	34985903
cd8-positive t-lymphocytes/drug effects	cell line tumor	0.37974683544303794	33277233
antineoplastic agents/pharmacology	RPL17-C18orf32	0.43791409267758363	34093872
ferric compounds/chemistry	MRLN	0.1461070574994626	33236624
antineoplastic agents/pharmacology	RPL17	0.43791409267758363	34093872
antineoplastic agents/pharmacology	AIFM2	0.08860759493670885	33277233
antineoplastic agents/pharmacology	MRLN	0.31528165372269307	34093872
myocardium/immunology	neutrophil infiltration	0.012658227848101264	30830879
antineoplastic agents/pharmacology	CTLA4	0.08860759493670885	34093872
antineoplastic agents/pharmacology	GGT1	0.08860759493670885	34991659
cell proliferation/drug effects	estrogen receptor alpha/genetics	0.025316455696202528	30420335
myocardium/immunology	toll-like receptor 4/genetics	0.012658227848101264	30830879
biological products/chemistry	ROS1	0.1012658227848101	31509699
cd8-positive t-lymphocytes/drug effects	ACSL4	0.025316455696202528	33277233
cd8-positive t-lymphocytes/drug effects	GPX4	0.27848101265822783	33277233
cd8-positive t-lymphocytes/drug effects	ATL1	0.012658227848101264	33277233
fatty acids/metabolism	cd8-positive t-lymphocytes/cytology	0.025316455696202528	33691090
cd8-positive t-lymphocytes/drug effects	S100A4	0.012658227848101264	33277233
fatty acids/metabolism	antibodies monoclonal humanized/pharmacology	0.012658227848101264	33691090
tumor microenvironment	dose-response relationship drug	0.7366557493139771	30420335
cell proliferation/drug effects	hek293 cells	0.025316455696202528	30420335
myocardium/immunology	TICAM1	0.012658227848101264	30830879
fatty acids/metabolism	cd36 antigens/antagonists &amp; inhibitors	0.012658227848101264	33691090
cd8-positive t-lymphocytes/drug effects	CD8A	0.1012658227848101	33277233
myocardium/immunology	IFNA1	0.03797468354430379	30830879
cd8-positive t-lymphocytes/drug effects	AIFM2	0.012658227848101264	33277233
antineoplastic agents/pharmacology	neoplasm recurrence local	0.08860759493670885	27756885
tumor microenvironment	cd8-positive t-lymphocytes/cytology	0.5861733203505355	33691090
myocardium/immunology	TLR4	0.03797468354430379	30830879
tumor microenvironment	antibodies monoclonal humanized/pharmacology	0.35443037974683544	33691090
antineoplastic agents/pharmacology	hydroxymethylglutaryl-coa reductase inhibitors/pharmacology	0.08860759493670885	27756885
tumor microenvironment	cd36 antigens/antagonists &amp; inhibitors	0.35443037974683544	33691090
tumor microenvironment	cell transformation neoplastic/genetics	0.35443037974683544	33311482
myocardium/immunology	TRIM69	0.012658227848101264	30830879
phenylenediamines/pharmacology	ventricular function left/drug effects	0.025316455696202528	30830879
phenylenediamines/pharmacology	inflammasomes/metabolism	0.025316455696202528	35197507
fatty acids/metabolism	ferroptosis/drug effects	0.48101265822784794	33691090
tumor microenvironment	carcinoma pancreatic ductal/metabolism	0.35443037974683544	33311482
tumor microenvironment	diet	0.35443037974683544	33311482
phenylenediamines/pharmacology	neutrophils/immunology	0.05030834144758196	30830879
tumor microenvironment	spiro compounds/pharmacology	0.35443037974683544	33311482
fatty acids/metabolism	multiple myeloma/drug therapy	0.012658227848101264	33691090
tumor microenvironment	proto-oncogene proteins p21(ras)/metabolism	0.35443037974683544	33311482
phenylenediamines/pharmacology	myocardium/immunology	0.025316455696202528	30830879
tumor microenvironment	ferroptosis/drug effects	0.9999999992827895	33691090
tumor microenvironment	ferroptosis/drug effects	0.9999999992827895	33311482
phenylenediamines/pharmacology	hemodynamics/drug effects	0.025316455696202528	35197507
cell proliferation/drug effects	CD163	0.05030834144758196	30420335
antineoplastic agents/pharmacology	breast neoplasms/drug therapy	0.08860759493670885	27756885
tumor microenvironment	pancreatitis/genetics	0.35443037974683544	33311482
tumor microenvironment	pancreas/metabolism	0.35443037974683544	33311482
antineoplastic agents/pharmacology	interleukin-6/metabolism	0.24581747366557488	27756885
phenylenediamines/pharmacology	adaptor proteins vesicular transport/genetics	0.025316455696202528	30830879
antineoplastic agents/pharmacology	stat3 transcription factor/metabolism	0.3791886993752417	27756885
phenylenediamines/pharmacology	myocardial reperfusion injury/drug therapy	0.025316455696202528	30830879
antineoplastic agents/pharmacology	inflammation/immunology	0.08860759493670885	27756885
fatty acids/metabolism	reactive oxygen species/metabolism	0.1392405063291139	33691090
tumor microenvironment	multiple myeloma/drug therapy	0.35443037974683544	33691090
tumor microenvironment	cell survival	0.5861733203505355	26208571
cell proliferation/drug effects	TNF	0.14703018500486856	30420335
phenylenediamines/pharmacology	lung/blood supply	0.025316455696202528	35197507
phenylenediamines/pharmacology	heart ventricles/diagnostic imaging	0.025316455696202528	35197507
cell proliferation/drug effects	ESR1	0.025316455696202528	30420335
tumor microenvironment	phospholipid hydroperoxide glutathione peroxidase/genetics	0.5861733203505355	33311482
antineoplastic agents/pharmacology	macrophage colony-stimulating factor/antagonists &amp; inhibitors	0.08860759493670885	27756885
fatty acids/metabolism	cell line tumor	0.37974683544303794	33691090
tumor microenvironment	macrophages/metabolism	0.050264628983839	36160648
tumor microenvironment	macrophages/metabolism	0.050264628983839	30420335
tumor microenvironment	macrophages/metabolism	0.050264628983839	27044818
tumor microenvironment	macrophages/metabolism	0.050264628983839	40287444
tumor microenvironment	macrophages/metabolism	0.050264628983839	24844408
phenylenediamines/pharmacology	toll-like receptor 4/metabolism	0.07497565725413827	35197507
t-lymphocytes cytotoxic/immunology	glioblastoma/genetics	0.012658227848101264	34062295
t-lymphocytes cytotoxic/immunology	heat-shock proteins/genetics	0.012658227848101264	34062295
t-lymphocytes cytotoxic/immunology	brain neoplasms/genetics	0.012658227848101264	34062295
phenylenediamines/pharmacology	hypertension pulmonary/chemically induced	0.025316455696202528	35197507
cell proliferation/drug effects	TNFAIP3	0.025316455696202528	30420335
tumor microenvironment	reactive oxygen species/metabolism	0.9947298842996778	33691090
cell proliferation/drug effects	IL17A	0.07497565725413827	30420335
phospholipid hydroperoxide glutathione peroxidase/antagonists &amp; inhibitors	antineoplastic agents/pharmacology	0.08860759493670886	32778843
t-lymphocytes cytotoxic/immunology	acetaminophen/pharmacology	0.012658227848101264	34062295
fatty acids/metabolism	CD36	0.1392405063291139	33691090
t-lymphocytes cytotoxic/immunology	ferroptosis/drug effects	0.48101265822784794	34062295
phospholipid hydroperoxide glutathione peroxidase/antagonists &amp; inhibitors	gene expression regulation neoplastic	0.06329113924050632	32778843
tumor microenvironment	cell line tumor	0.1825690739449554	35720420
tumor microenvironment	cell line tumor	0.1825690739449554	38301989
tumor microenvironment	cell line tumor	0.1825690739449554	30563531
tumor microenvironment	cell line tumor	0.1825690739449554	34958892
tumor microenvironment	cell line tumor	0.1825690739449554	21566463
tumor microenvironment	cell line tumor	0.1825690739449554	30420335
tumor microenvironment	cell line tumor	0.1825690739449554	33691090
tumor microenvironment	cell line tumor	0.1825690739449554	40287444
tumor microenvironment	cell line tumor	0.1825690739449554	27756885
tumor microenvironment	cell line tumor	0.1825690739449554	25802102
tumor microenvironment	cell line tumor	0.1825690739449554	38221626
tumor microenvironment	cell line tumor	0.1825690739449554	26208571
tumor microenvironment	cell line tumor	0.1825690739449554	32472095
phenylenediamines/pharmacology	nlr family pyrin domain-containing 3 protein/metabolism	0.025316455696202528	35197507
antineoplastic agents/pharmacology	mesenchymal stem cells/immunology	0.08860759493670885	27756885
tuberculosis/metabolism	iron chelating agents/pharmacology	0.012658227848101264	30787033
tumor microenvironment	inflammation/metabolism	0.5861733203505355	21566463
tuberculosis/metabolism	cells cultured	0.07594936708860758	30787033
phospholipid hydroperoxide glutathione peroxidase/antagonists &amp; inhibitors	cell proliferation/drug effects	0.025316455696202528	32778843
tumor microenvironment	cell line	0.9600603875379595	31637575
t-lymphocytes cytotoxic/immunology	hyaluronan receptors/genetics	0.012658227848101264	34062295
fatty acids/metabolism	PDCD1	0.07594936708860758	33691090
phenylenediamines/pharmacology	ferroptosis/drug effects	0.22817267121064583	35197507
phenylenediamines/pharmacology	ferroptosis/drug effects	0.22817267121064583	30830879
tumor microenvironment	CCK	0.7366557493139771	38221626
tumor microenvironment	TGFB1	0.19735952455691808	37946098
tumor microenvironment	TGFB1	0.19735952455691808	26208571
tumor microenvironment	TGFB1	0.19735952455691808	35720420
tumor microenvironment	TGFB1	0.19735952455691808	34958892
t-lymphocytes cytotoxic/immunology	HSPB1	0.012658227848101264	34062295
phospholipid hydroperoxide glutathione peroxidase/antagonists &amp; inhibitors	folic acid antagonists/pharmacology	0.012658227848101264	32778843
t-lymphocytes cytotoxic/immunology	SLC40A1	0.012658227848101264	34062295
phospholipid hydroperoxide glutathione peroxidase/antagonists &amp; inhibitors	tetrahydrofolate dehydrogenase/genetics	0.012658227848101264	32778843
phenylenediamines/pharmacology	neutrophil infiltration	0.025316455696202528	30830879
tumor microenvironment	CD36	0.5970528723446806	27044818
tumor microenvironment	CD36	0.5970528723446806	33691090
tumor microenvironment	CD36	0.5970528723446806	34958892
tumor microenvironment	CD36	0.5970528723446806	38301989
phenylenediamines/pharmacology	macrophages/metabolism	0.17039922103213245	35197507
tumor microenvironment	STAT3	0.35874363855709623	37108378
tumor microenvironment	STAT3	0.35874363855709623	30563531
tumor microenvironment	STAT3	0.35874363855709623	32472095
tumor microenvironment	TP53	0.8957711176232163	29777149
antineoplastic agents/pharmacology	neoplasm invasiveness	0.08860759493670885	27756885
phenylenediamines/pharmacology	toll-like receptor 4/genetics	0.025316455696202528	30830879
tuberculosis/metabolism	iron/metabolism	0.07594936708860758	30787033
phospholipid hydroperoxide glutathione peroxidase/antagonists &amp; inhibitors	vitamin e/pharmacology	0.012658227848101264	32778843
t-lymphocytes cytotoxic/immunology	CD44	0.025316455696202528	34062295
phospholipid hydroperoxide glutathione peroxidase/antagonists &amp; inhibitors	dose-response relationship drug	0.03797468354430379	32778843
tuberculosis/metabolism	phospholipid hydroperoxide glutathione peroxidase/metabolism	0.15189873417721517	30787033
fatty acids/metabolism	CD8A	0.1012658227848101	33691090
phospholipid hydroperoxide glutathione peroxidase/antagonists &amp; inhibitors	antioxidants/pharmacology	0.025316455696202528	32778843
tumor microenvironment	PDCD1	0.35874363855709623	35238098
tumor microenvironment	PDCD1	0.35874363855709623	33691090
tumor microenvironment	PDCD1	0.35874363855709623	38301989
phenylenediamines/pharmacology	hmgb1 protein/metabolism	0.025316455696202528	35197507
tuberculosis/metabolism	glutathione/metabolism	0.17721518987341772	30787033
phenylenediamines/pharmacology	inflammation/metabolism	0.05030834144758196	35197507
tumor microenvironment	GPX4	0.9999920528376227	33311482
tumor suppressor protein p53/metabolism	myeloid-derived suppressor cells/immunology	0.03797468354430379	33547170
fatty acids/metabolism	RPL17-C18orf32	0.07594936708860758	33691090
phenylenediamines/pharmacology	TICAM1	0.025316455696202528	30830879
fatty acids/metabolism	RPL17	0.07594936708860758	33691090
antineoplastic agents/pharmacology	paracrine communication	0.17039922103213243	27756885
tuberculosis/metabolism	host-pathogen interactions	0.012658227848101264	30787033
phenylenediamines/pharmacology	NOX4	0.025316455696202528	35197507
protein kinase inhibitors/chemistry	drug synergism	0.012658227848101264	31509699
phenylenediamines/pharmacology	FTH1	0.12333657903278158	35197507
phenylenediamines/pharmacology	IFNA1	0.07497565725413827	30830879
protein kinase inhibitors/chemistry	saponins/chemistry	0.012658227848101264	31509699
tumor microenvironment	CD274	0.833677315356196	35720420
tuberculosis/metabolism	ferroptosis/drug effects	0.48101265822784794	30787033
protein kinase inhibitors/chemistry	antineoplastic agents/chemistry	0.012658227848101264	31509699
phospholipid hydroperoxide glutathione peroxidase/antagonists &amp; inhibitors	ferroptosis/drug effects	0.48101265822784794	32778843
antineoplastic agents/pharmacology	EEF1A2	0.08860759493670885	27756885
tumor suppressor protein p53/metabolism	neutral ceramidase/antagonists &amp; inhibitors	0.03797468354430379	33547170
tuberculosis/metabolism	macrophages/drug effects	0.06329113924050632	30787033
phospholipid hydroperoxide glutathione peroxidase/antagonists &amp; inhibitors	jurkat cells	0.025316455696202528	32778843
phenylenediamines/pharmacology	NLRP3	0.025316455696202528	35197507
tumor microenvironment	IL6	0.04625922807152042	38301989
tumor microenvironment	IL6	0.04625922807152042	30563531
tumor microenvironment	IL6	0.04625922807152042	27756885
tumor microenvironment	IL6	0.04625922807152042	37108378
tumor microenvironment	IL6	0.04625922807152042	21566463
tumor microenvironment	IL6	0.04625922807152042	32472095
phenylenediamines/pharmacology	HMGB1	0.05030834144758196	35197507
phenylenediamines/pharmacology	GPX4	0.4819863680623173	35197507
tumor microenvironment	CD8A	0.8513358869468496	35238098
tumor microenvironment	CD8A	0.8513358869468496	33691090
protein kinase inhibitors/chemistry	energy metabolism/drug effects	0.012658227848101264	31509699
phospholipid hydroperoxide glutathione peroxidase/antagonists &amp; inhibitors	methotrexate/pharmacology	0.012658227848101264	32778843
phospholipid hydroperoxide glutathione peroxidase/antagonists &amp; inhibitors	biopterins/analogs &amp; derivatives	0.012658227848101264	32778843
tumor suppressor protein p53/metabolism	antineoplastic agents/pharmacology	0.2458174736655749	33547170
tumor microenvironment	KDM8	0.35443037974683544	33311482
adjuvants immunologic/chemistry	dextrans/chemistry	0.012658227848101264	33236624
tumor microenvironment	CD44	0.5861733203505355	36160648
phenylenediamines/pharmacology	TLR4	0.0009737098344693281	35197507
phenylenediamines/pharmacology	TLR4	0.0009737098344693281	30830879
tumor suppressor protein p53/metabolism	diterpenes/pharmacology	0.03797468354430379	35778693
tumor microenvironment	RPL17-C18orf32	0.35874363855709623	35238098
tumor microenvironment	RPL17-C18orf32	0.35874363855709623	33691090
tumor microenvironment	RPL17-C18orf32	0.35874363855709623	38301989
phospholipid hydroperoxide glutathione peroxidase/antagonists &amp; inhibitors	cystine/antagonists &amp; inhibitors	0.012658227848101264	32778843
tumor microenvironment	RPL17	0.35874363855709623	35238098
tumor microenvironment	RPL17	0.35874363855709623	33691090
tumor microenvironment	RPL17	0.35874363855709623	38301989
protein kinase inhibitors/chemistry	ferroptosis/drug effects	0.48101265822784794	31509699
adjuvants immunologic/chemistry	macrophages/cytology	0.025316455696202528	33236624
tumor microenvironment	STING1	0.35443037974683544	33311482
phospholipid hydroperoxide glutathione peroxidase/antagonists &amp; inhibitors	reactive oxygen species/metabolism	0.1392405063291139	32778843
tuberculosis/metabolism	GPX4	0.27848101265822783	30787033
protein kinase inhibitors/chemistry	neoplasms/drug therapy	0.025316455696202528	31509699
phenylenediamines/pharmacology	TRIM69	0.025316455696202528	30830879
tumor microenvironment	glioma/pathology	0.35443037974683544	40287444
tumor suppressor protein p53/metabolism	lymphocytes tumor-infiltrating/immunology	0.03797468354430379	33547170
tumor microenvironment	cytokines/analysis	0.35443037974683544	29777149
tumor suppressor protein p53/metabolism	cell line tumor/transplantation	0.07497565725413827	33547170
tumor microenvironment	neovascularization pathologic/genetics	0.35443037974683544	24156623
tumor microenvironment	janus kinases/metabolism	0.35443037974683544	30563531
antineoplastic agents/pharmacology	CSF1	0.24581747366557488	27756885
tumor microenvironment	non-alcoholic fatty liver disease/genetics	0.12268743914313535	37108378
tumor microenvironment	non-alcoholic fatty liver disease/genetics	0.12268743914313535	33346004
tumor suppressor protein p53/metabolism	lymphoma t-cell	0.03797468354430379	35778693
protein kinase inhibitors/chemistry	mitochondria/drug effects	0.03797468354430379	31509699
tumor microenvironment	lipid metabolism	0.35443037974683544	34919143
protein kinase inhibitors/chemistry	pyruvate dehydrogenase acetyl-transferring kinase/antagonists &amp; inhibitors	0.012658227848101264	31509699
tumor microenvironment	prostatic neoplasms/immunology	0.35443037974683544	34919143
tumor microenvironment	obesity/metabolism	0.5861733203505355	35238098
kidney	malondialdehyde/blood	0.012658227848101264	34396451
tumor microenvironment	carcinoma pancreatic ductal/genetics	0.12268743914313535	28249896
tumor microenvironment	carcinoma pancreatic ductal/genetics	0.12268743914313535	34958892
kidney	spleen/pathology	0.012658227848101264	34396451
tumor microenvironment	lipoproteins ldl	0.35443037974683544	36160648
protein kinase inhibitors/chemistry	cell line tumor	0.37974683544303794	31509699
kidney	ferroptosis/drug effects	0.48101265822784794	34396451
tumor microenvironment	chemokine cxcl13/metabolism	0.35443037974683544	39753138
tumor microenvironment	phenotype	0.5861733203505355	30420335
phospholipid hydroperoxide glutathione peroxidase/antagonists &amp; inhibitors	GPX4	0.27848101265822783	32778843
tumor microenvironment	mesenchymal stem cells	0.35443037974683544	31637575
kidney	iron/blood	0.012658227848101264	34396451
tumor microenvironment	obesity/chemically induced	0.35443037974683544	32472095
kidney	liver/pathology	0.012658227848101264	34396451
tumor microenvironment	osteogenesis/physiology	0.35443037974683544	25802102
tumor microenvironment	heterografts	0.35443037974683544	34919143
protein kinase inhibitors/chemistry	ROS1	0.1012658227848101	31509699
tumor microenvironment	receptors cell surface/metabolism	0.35443037974683544	30420335
tumor suppressor protein p53/metabolism	t-lymphocytes/immunology	0.03797468354430379	33547170
kidney	cell line tumor	0.37974683544303794	34396451
tumor microenvironment	bone and bones/pathology	0.35443037974683544	25802102
tumor microenvironment	endostatins/genetics	0.35443037974683544	27044818
tumor microenvironment	antigens differentiation myelomonocytic/metabolism	0.35443037974683544	30420335
tumor suppressor protein p53/metabolism	ferroptosis/drug effects	0.4711617496427623	33547170
tumor suppressor protein p53/metabolism	ferroptosis/drug effects	0.4711617496427623	35778693
tumor suppressor protein p53/metabolism	killer cells natural/metabolism	0.03797468354430379	35778693
neutrophils/immunology	myocardium/immunology	0.025316455696202528	30830879
tumor suppressor protein p53/metabolism	membrane proteins/metabolism	0.03797468354430379	33547170
tumor suppressor protein p53/metabolism	tumor microenvironment/drug effects	0.30778082676816854	33547170
neutrophils/immunology	adaptor proteins vesicular transport/genetics	0.025316455696202528	30830879
tumor suppressor protein p53/metabolism	colonic neoplasms/drug therapy	0.03797468354430379	33547170
tumor suppressor protein p53/metabolism	heme oxygenase-1/metabolism	0.03797468354430379	33547170
tumor suppressor protein p53/metabolism	reactive oxygen species/metabolism	0.049380998748087344	33547170
tumor suppressor protein p53/metabolism	reactive oxygen species/metabolism	0.049380998748087344	35778693
tumor suppressor protein p53/metabolism	asparaginase	0.03797468354430379	35778693
melanoma/blood	lymph/metabolism	0.012658227848101264	32814895
neutrophils/immunology	myocardial reperfusion injury/drug therapy	0.025316455696202528	30830879
tumor microenvironment	osteoclasts/cytology	0.35443037974683544	25802102
tumor microenvironment	capillary permeability	0.35443037974683544	26208571
melanoma/blood	coenzyme a ligases/metabolism	0.012658227848101264	32814895
tumor suppressor protein p53/metabolism	cell line tumor	0.767017792334248	39321806
tumor microenvironment	cathepsin k/metabolism	0.35443037974683544	25802102
tumor microenvironment	hep g2 cells	0.5861733203505355	33346004
tumor microenvironment	neoplasm recurrence local	0.35443037974683544	27756885
tumor suppressor protein p53/metabolism	HMOX1	0.07497565725413827	33547170
tumor microenvironment	interleukin-10/metabolism	0.35443037974683544	39753138
tumor suppressor protein p53/metabolism	CCK	0.11101556671176926	35778693
tumor microenvironment	chemokines/metabolism	0.35443037974683544	24844408
tumor microenvironment	autophagy	0.12268743914313535	33346004
tumor microenvironment	autophagy	0.12268743914313535	21566463
tumor microenvironment	nitric oxide synthase type ii/metabolism	0.35443037974683544	36160648
tumor suppressor protein p53/metabolism	CD36	0.36625399916539153	39321806
glutathione	kidney	0.012658227848101264	34396451
tumor microenvironment	inflammation mediators/metabolism	0.28520846242365233	26208571
tumor microenvironment	inflammation mediators/metabolism	0.28520846242365233	24156623
melanoma/blood	oxidative stress/drug effects	0.16455696202531642	32814895
tumor suppressor protein p53/metabolism	TP53	0.0001264558226583543	33547170
tumor suppressor protein p53/metabolism	TP53	0.0001264558226583543	35778693
tumor suppressor protein p53/metabolism	TP53	0.0001264558226583543	39321806
tumor microenvironment	lymphangiogenesis	0.35443037974683544	24844408
tumor microenvironment	hydroxymethylglutaryl-coa reductase inhibitors/pharmacology	0.35443037974683544	27756885
tumor suppressor protein p53/metabolism	SLC7A11	0.36625399916539153	35778693
lymphocytes tumor-infiltrating/immunology	cell line tumor/transplantation	0.025316455696202528	33547170
tumor suppressor protein p53/metabolism	PDCD1	0.21349536539409955	39321806
tumor suppressor protein p53/metabolism	GPX4	0.6299902629016554	35778693
neutrophils/immunology	ferroptosis/drug effects	0.7338526452450505	30830879
tumor suppressor protein p53/metabolism	XK	0.03797468354430379	35778693
lymphocytes tumor-infiltrating/immunology	t-lymphocytes/immunology	0.012658227848101264	33547170
tumor suppressor protein p53/metabolism	ASAH2	0.03797468354430379	33547170
tumor suppressor protein p53/metabolism	CD8A	0.277241745596176	39321806
neutrophils/immunology	neutrophil infiltration	0.025316455696202528	30830879
lymphocytes tumor-infiltrating/immunology	ferroptosis/drug effects	0.48101265822784794	33547170
tumor suppressor protein p53/metabolism	ASPG	0.03797468354430379	35778693
melanoma/blood	oleic acid/metabolism	0.012658227848101264	32814895
tumor suppressor protein p53/metabolism	NLRP1	0.03797468354430379	35778693
tumor microenvironment	cell communication/drug effects	0.35443037974683544	30420335
tumor suppressor protein p53/metabolism	RPL17-C18orf32	0.21349536539409955	39321806
lymphocytes tumor-infiltrating/immunology	membrane proteins/metabolism	0.012658227848101264	33547170
tumor suppressor protein p53/metabolism	RPL17	0.21349536539409955	39321806
lymphocytes tumor-infiltrating/immunology	tumor microenvironment/drug effects	0.11392405063291138	33547170
tumor microenvironment	leptin/physiology	0.35443037974683544	24844408
melanoma/blood	iron/metabolism	0.07594936708860758	32814895
neutrophils/immunology	toll-like receptor 4/genetics	0.025316455696202528	30830879
tumor microenvironment	biomarkers/blood	0.35443037974683544	32472095
lymphocytes tumor-infiltrating/immunology	colonic neoplasms/drug therapy	0.012658227848101264	33547170
lymphocytes tumor-infiltrating/immunology	heme oxygenase-1/metabolism	0.012658227848101264	33547170
melanoma/blood	phospholipid hydroperoxide glutathione peroxidase/metabolism	0.15189873417721517	32814895
lymphocytes tumor-infiltrating/immunology	reactive oxygen species/metabolism	0.1392405063291139	33547170
tumor microenvironment	vascular endothelial growth factor a/genetics	0.35443037974683544	26208571
tumor microenvironment	pten phosphohydrolase/deficiency	0.35443037974683544	29777149
tumor microenvironment	integrin alphavbeta3/metabolism	0.35443037974683544	34958892
exosomes/drug effects	t-lymphocytes cytotoxic/drug effects	0.012658227848101264	34593794
glutathione	malondialdehyde/blood	0.012658227848101264	34396451
tumor microenvironment	breast neoplasms/metabolism	0.28520846242365233	29777149
tumor microenvironment	breast neoplasms/metabolism	0.28520846242365233	32472095
tumor microenvironment	lipocalin-2/genetics	0.35443037974683544	28249896
glutathione	spleen/pathology	0.012658227848101264	34396451
tumor microenvironment	t-lymphocytes regulatory/immunology	0.35443037974683544	39753138
tumor microenvironment	inflammation/genetics	0.35443037974683544	24156623
lymphocytes tumor-infiltrating/immunology	HMOX1	0.025316455696202528	33547170
melanoma/blood	glutathione/metabolism	0.17721518987341772	32814895
tumor microenvironment	nanog homeobox protein/genetics	0.35443037974683544	31637575
glutathione	ferroptosis/drug effects	0.48101265822784794	34396451
tumor microenvironment	proto-oncogene proteins c-akt/metabolism	0.35443037974683544	30563531
tumor microenvironment	neoplasms/metabolism	0.35443037974683544	21566463
neoplasms/diagnostic imaging	t-lymphocytes cytotoxic/metabolism	0.012658227848101264	32686685
neutrophils/immunology	TICAM1	0.025316455696202528	30830879
tumor suppressor protein p53/metabolism	interleukins/metabolism	0.03797468354430379	39321806
lymphocytes tumor-infiltrating/immunology	TP53	0.06329113924050632	33547170
tumor microenvironment	carcinoma renal cell/blood	0.35443037974683544	27044818
tumor microenvironment	growth differentiation factor 15/genetics	0.35443037974683544	33346004
melanoma/blood	neoplasm metastasis/drug therapy	0.012658227848101264	32814895
tumor microenvironment	inflammation mediators/blood	0.35443037974683544	28249896
adaptor proteins vesicular transport/genetics	myocardial reperfusion injury/drug therapy	0.012658227848101264	30830879
neutrophils/immunology	IFNA1	0.07497565725413827	30830879
tumor microenvironment	tumor necrosis factor alpha-induced protein 3/metabolism	0.35443037974683544	30420335
tumor microenvironment	calgranulin a/genetics	0.35443037974683544	26208571
tumor microenvironment	immunity innate	0.5861733203505355	39753138
exosomes/drug effects	hyaluronic acid/chemistry	0.012658227848101264	34593794
glutathione	iron/blood	0.012658227848101264	34396451
tumor microenvironment	hepatic stellate cells/metabolism	0.12268743914313535	35749514
tumor microenvironment	hepatic stellate cells/metabolism	0.12268743914313535	33346004
tumor microenvironment	endometrial neoplasms/genetics	0.35443037974683544	30420335
lymphocytes tumor-infiltrating/immunology	ASAH2	0.012658227848101264	33547170
tumor microenvironment	bone neoplasms/pathology	0.35443037974683544	38221626
glutathione	liver/pathology	0.012658227848101264	34396451
tumor microenvironment	lipid metabolism/physiology	0.35443037974683544	37108378
exosomes/drug effects	benzylidene compounds/pharmacology	0.012658227848101264	34593794
tumor microenvironment	rna messenger/genetics	0.35443037974683544	24844408
tumor microenvironment	adiponectin/blood	0.35443037974683544	32472095
tumor microenvironment	mesenchymal stem cells/metabolism	0.35443037974683544	40287444
tumor microenvironment	tumor-associated macrophages/immunology	0.5861733203505355	34919143
tumor microenvironment	cytokines/blood	0.28520846242365233	28249896
tumor microenvironment	cytokines/blood	0.28520846242365233	27044818
neutrophils/immunology	TLR4	0.07497565725413827	30830879
coenzyme a ligases/metabolism	oxidative stress/drug effects	0.16455696202531642	32814895
tumor suppressor protein p53/metabolism	tumor escape/immunology	0.03797468354430379	39321806
tumor microenvironment	carcinoma hepatocellular/metabolism	0.35443037974683544	35749514
glutathione	cell line tumor	0.37974683544303794	34396451
exosomes/drug effects	cell line tumor/transplantation	0.025316455696202528	34593794
tumor microenvironment	breast neoplasms/drug therapy	0.35443037974683544	27756885
neoplasms/diagnostic imaging	calreticulin/metabolism	0.012658227848101264	32686685
tumor microenvironment	b-lymphocytes/immunology	0.35443037974683544	39753138
melanoma/blood	ferroptosis/drug effects	0.48101265822784794	32814895
adaptor proteins vesicular transport/genetics	ferroptosis/drug effects	0.48101265822784794	30830879
tumor microenvironment	bone marrow/metabolism	0.35443037974683544	25802102
tumor microenvironment	lipids/chemistry	0.35443037974683544	34919143
tumor microenvironment	interleukin-6/metabolism	0.28520846242365233	30563531
tumor microenvironment	interleukin-6/metabolism	0.28520846242365233	27756885
tumor suppressor protein p53/metabolism	liver neoplasms/immunology	0.03797468354430379	39321806
adaptor proteins vesicular transport/genetics	neutrophil infiltration	0.012658227848101264	30830879
tumor microenvironment	stat3 transcription factor/metabolism	0.2360244685361274	37108378
tumor microenvironment	stat3 transcription factor/metabolism	0.2360244685361274	30563531
tumor microenvironment	stat3 transcription factor/metabolism	0.2360244685361274	27756885
neutrophils/immunology	TRIM69	0.025316455696202528	30830879
tumor microenvironment	pore forming cytotoxic proteins/metabolism	0.35443037974683544	35749514
tumor microenvironment	liver cirrhosis/chemically induced	0.35443037974683544	37946098
melanoma/blood	cell survival	0.025316455696202528	32814895
tumor microenvironment	drugs chinese herbal	0.35443037974683544	35238098
tumor suppressor protein p53/metabolism	tumor-associated macrophages/immunology	0.07497565725413827	39321806
tumor microenvironment	inflammation/immunology	0.35443037974683544	27756885
adaptor proteins vesicular transport/genetics	toll-like receptor 4/genetics	0.012658227848101264	30830879
tumor microenvironment	obesity/pathology	0.35443037974683544	38221626
tumor microenvironment	extracellular traps/immunology	0.35443037974683544	39753138
tumor microenvironment	perilipin-5/genetics	0.35443037974683544	37108378
tumor microenvironment	cell proliferation	0.0024337717838854066	38301989
tumor microenvironment	cell proliferation	0.0024337717838854066	31637575
tumor microenvironment	cell proliferation	0.0024337717838854066	34958892
tumor microenvironment	cell proliferation	0.0024337717838854066	24156623
tumor microenvironment	cell proliferation	0.0024337717838854066	33346004
tumor microenvironment	cell proliferation	0.0024337717838854066	24844408
tumor microenvironment	cell proliferation	0.0024337717838854066	26208571
hemodynamics/drug effects	lung/blood supply	0.012658227848101264	35197507
hemodynamics/drug effects	heart ventricles/diagnostic imaging	0.012658227848101264	35197507
tumor microenvironment	metabolic networks and pathways	0.35443037974683544	34919143
adaptor proteins vesicular transport/genetics	TICAM1	0.012658227848101264	30830879
coenzyme a ligases/metabolism	oleic acid/metabolism	0.012658227848101264	32814895
tumor microenvironment	carcinoma hepatocellular/genetics	0.12268743914313535	37108378
tumor microenvironment	carcinoma hepatocellular/genetics	0.12268743914313535	33346004
hemodynamics/drug effects	toll-like receptor 4/metabolism	0.03797468354430379	35197507
tumor microenvironment	macrophage colony-stimulating factor/antagonists &amp; inhibitors	0.35443037974683544	27756885
neutrophils/immunology	chemokine cxcl13/metabolism	0.025316455696202528	39753138
adaptor proteins vesicular transport/genetics	IFNA1	0.03797468354430379	30830879
coenzyme a ligases/metabolism	iron/metabolism	0.07594936708860758	32814895
tumor microenvironment	mannose receptor	0.35443037974683544	36160648
tumor microenvironment	chemokine cxcl1/metabolism	0.35443037974683544	25802102
tumor microenvironment	antigens cd/metabolism	0.35443037974683544	30420335
coenzyme a ligases/metabolism	phospholipid hydroperoxide glutathione peroxidase/metabolism	0.15189873417721517	32814895
tumor microenvironment	diterpenes	0.35443037974683544	35238098
tumor microenvironment	estradiol/pharmacology	0.35443037974683544	30420335
tumor microenvironment	lung neoplasms/metabolism	0.5861733203505355	26208571
tumor microenvironment	interleukin-6/genetics	0.35443037974683544	37108378
tumor microenvironment	prostatic neoplasms/pathology	0.28520846242365233	38221626
tumor microenvironment	prostatic neoplasms/pathology	0.28520846242365233	25802102
tumor microenvironment	hormones/blood	0.35443037974683544	24156623
coenzyme a ligases/metabolism	glutathione/metabolism	0.17721518987341772	32814895
adaptor proteins vesicular transport/genetics	TLR4	0.03797468354430379	30830879
tumor microenvironment	neovascularization pathologic	0.35443037974683544	24844408
neutrophils/immunology	interleukin-10/metabolism	0.025316455696202528	39753138
neoplasms/diagnostic imaging	ascorbic acid/pharmacology	0.012658227848101264	32686685
tumor microenvironment	calgranulin b/genetics	0.35443037974683544	26208571
tumor microenvironment	docosahexaenoic acids/analysis	0.35443037974683544	29777149
tumor microenvironment	sexual maturation	0.35443037974683544	24156623
coenzyme a ligases/metabolism	neoplasm metastasis/drug therapy	0.012658227848101264	32814895
tumor microenvironment	leptin/metabolism	0.35443037974683544	30563531
adaptor proteins vesicular transport/genetics	TRIM69	0.012658227848101264	30830879
tumor microenvironment	phosphate-binding proteins/metabolism	0.35443037974683544	35749514
tumor microenvironment	procollagen-lysine 2-oxoglutarate 5-dioxygenase/deficiency	0.35443037974683544	30563531
lymphoma t-cell	ferroptosis/drug effects	0.48101265822784794	35778693
tumor suppressor protein p53/metabolism	cellular reprogramming/immunology	0.03797468354430379	39321806
tumor microenvironment	cellular senescence	0.35443037974683544	35749514
tumor microenvironment	hepatitis a virus cellular receptor 2/metabolism	0.35443037974683544	35238098
lymphoma t-cell	killer cells natural/metabolism	0.012658227848101264	35778693
melanoma/blood	GPX4	0.27848101265822783	32814895
tumor microenvironment	adenosine/analogs &amp; derivatives	0.35443037974683544	40287444
neoplasms/diagnostic imaging	ferroptosis/drug effects	0.48101265822784794	32686685
tumor suppressor protein p53/metabolism	tumor microenvironment/immunology	0.2458174736655749	39321806
neutrophils/immunology	t-lymphocytes regulatory/immunology	0.025316455696202528	39753138
tumor microenvironment	transforming growth factor beta1/metabolism	0.44559105118732034	35720420
tumor microenvironment	transforming growth factor beta1/metabolism	0.44559105118732034	34958892
tumor microenvironment	alpha-ketoglutarate-dependent dioxygenase fto/metabolism	0.12268743914313535	40287444
tumor microenvironment	alpha-ketoglutarate-dependent dioxygenase fto/metabolism	0.12268743914313535	31637575
melanoma/blood	ACSL3	0.012658227848101264	32814895
tumor microenvironment	colorectal neoplasms/metabolism	0.35443037974683544	36160648
tumor microenvironment	lipids	0.35443037974683544	37108378
tumor microenvironment	ovarian neoplasms/pathology	0.35443037974683544	39753138
coenzyme a ligases/metabolism	ferroptosis/drug effects	0.48101265822784794	32814895
lymphoma t-cell	reactive oxygen species/metabolism	0.1392405063291139	35778693
exosomes/drug effects	ferroptosis/drug effects	0.48101265822784794	34593794
tumor microenvironment	diet high-fat	0.7366557493139771	24156623
lymphoma t-cell	asparaginase	0.012658227848101264	35778693
tumor microenvironment	cadherins/genetics	0.35443037974683544	35720420
tumor microenvironment	breast neoplasms/pathology	0.35443037974683544	30563531
neutrophils/immunology	immunity innate	0.05030834144758196	39753138
tumor microenvironment	glioblastoma/pathology	0.35443037974683544	35720420
coenzyme a ligases/metabolism	cell survival	0.025316455696202528	32814895
tumor microenvironment	tumor suppressor protein p53/deficiency	0.35443037974683544	29777149
exosomes/drug effects	skin neoplasms/drug therapy	0.012658227848101264	34593794
tumor microenvironment	mesenchymal stem cells/immunology	0.35443037974683544	27756885
lymphoma t-cell	CCK	0.03797468354430379	35778693
tumor microenvironment	fibroblasts/metabolism	0.35443037974683544	21566463
tumor microenvironment	obesity/etiology	0.35443037974683544	24844408
tumor microenvironment	disease progression	0.35874363855709623	34958892
tumor microenvironment	disease progression	0.35874363855709623	29777149
tumor microenvironment	disease progression	0.35874363855709623	34919143
lymphoma t-cell	TP53	0.06329113924050632	35778693
tumor microenvironment	hepatocyte growth factor/blood	0.35443037974683544	32472095
tumor microenvironment	angiopoietin-2/genetics	0.35443037974683544	26208571
neutrophils/immunology	b-lymphocytes/immunology	0.025316455696202528	39753138
lymphoma t-cell	SLC7A11	0.1392405063291139	35778693
tumor microenvironment	nih 3t3 cells	0.35443037974683544	27044818
tumor microenvironment	colorectal neoplasms/drug therapy	0.35443037974683544	35238098
lymphoma t-cell	GPX4	0.27848101265822783	35778693
tumor microenvironment	angiogenesis inducing agents/metabolism	0.35443037974683544	27044818
tumor suppressor protein p53/metabolism	neoplastic stem cells/immunology	0.03797468354430379	39321806
exosomes/drug effects	tumor microenvironment/drug effects	0.11392405063291138	34593794
tumor microenvironment	bone marrow/pathology	0.35443037974683544	38221626
tumor microenvironment	adipocytes/metabolism	0.013627278783841077	24844408
tumor microenvironment	adipocytes/metabolism	0.013627278783841077	38221626
tumor microenvironment	adipocytes/metabolism	0.013627278783841077	30563531
tumor microenvironment	adipocytes/metabolism	0.013627278783841077	25802102
tumor microenvironment	obesity/complications	0.35443037974683544	35749514
lymphoma t-cell	XK	0.012658227848101264	35778693
exosomes/drug effects	tumor escape/drug effects	0.012658227848101264	34593794
tumor microenvironment	hyperlipidemias	0.35443037974683544	36160648
neutrophils/immunology	extracellular traps/immunology	0.025316455696202528	39753138
tumor microenvironment	rna small interfering/genetics	0.35443037974683544	28249896
coenzyme a ligases/metabolism	GPX4	0.27848101265822783	32814895
tumor microenvironment	carcinoma hepatocellular/chemically induced	0.35443037974683544	37946098
tumor microenvironment	breast neoplasms/etiology	0.35443037974683544	24156623
exosomes/drug effects	immune checkpoint inhibitors/pharmacology	0.012658227848101264	34593794
coenzyme a ligases/metabolism	ACSL3	0.012658227848101264	32814895
tumor microenvironment	3t3-l1 cells	0.35443037974683544	30563531
lymphoma t-cell	ASPG	0.012658227848101264	35778693
tumor microenvironment	cytokines/biosynthesis	0.35443037974683544	21566463
lymphoma t-cell	NLRP1	0.012658227848101264	35778693
neoplasms/diagnostic imaging	cell line tumor	0.37974683544303794	32686685
autophagy/drug effects	glutathione/metabolism	0.3248945147679325	33926261
tumor microenvironment	obesity	0.35443037974683544	25802102
biomarkers tumor	cell transformation neoplastic/genetics	0.012658227848101264	33311482
tumor microenvironment	anti-inflammatory agents/metabolism	0.35443037974683544	27044818
tumor microenvironment	hypoxia	0.35443037974683544	21566463
biomarkers tumor	carcinoma pancreatic ductal/metabolism	0.012658227848101264	33311482
biomarkers tumor	diet	0.012658227848101264	33311482
tumor microenvironment	transforming growth factor beta/metabolism	0.12268743914313535	37946098
tumor microenvironment	transforming growth factor beta/metabolism	0.12268743914313535	26208571
tumor microenvironment	cell communication	0.35443037974683544	21566463
biomarkers tumor	spiro compounds/pharmacology	0.012658227848101264	33311482
neutral ceramidase/antagonists &amp; inhibitors	antineoplastic agents/pharmacology	0.08860759493670886	33547170
biomarkers tumor	proto-oncogene proteins p21(ras)/metabolism	0.012658227848101264	33311482
tumor microenvironment	diet high-fat/adverse effects	0.28520846242365233	36160648
tumor microenvironment	diet high-fat/adverse effects	0.28520846242365233	24844408
tumor suppressor protein p53/metabolism	cd36 antigens/metabolism	0.2458174736655749	39321806
biomarkers tumor	ferroptosis/drug effects	0.48101265822784794	33311482
exosomes/drug effects	drug resistance neoplasm/drug effects	0.012658227848101264	34593794
tumor microenvironment	chemokine cxcl2/metabolism	0.35443037974683544	25802102
tumor microenvironment	metabolic reprogramming	0.35443037974683544	38301989
biomarkers tumor	pancreatitis/genetics	0.012658227848101264	33311482
tumor microenvironment	carcinoma hepatocellular/pathology	0.5861733203505355	38301989
biomarkers tumor	pancreas/metabolism	0.012658227848101264	33311482
tumor microenvironment	macrophage colony-stimulating factor/metabolism	0.35443037974683544	40287444
tumor microenvironment	sweat glands/cytology	0.35443037974683544	31637575
tumor microenvironment	cell movement	0.35443037974683544	30563531
neutrophils/immunology	ovarian neoplasms/pathology	0.025316455696202528	39753138
tumor microenvironment	caveolin 1/deficiency	0.35443037974683544	21566463
nf-e2-related factor 2/biosynthesis	gene expression	0.012658227848101264	34717678
biomarkers tumor	phospholipid hydroperoxide glutathione peroxidase/genetics	0.025316455696202528	33311482
tumor microenvironment	cell polarity	0.35443037974683544	27044818
tumor microenvironment	neoplasm metastasis	0.5853021062881156	27044818
tumor microenvironment	neoplasm metastasis	0.5853021062881156	30563531
nf-e2-related factor 2/biosynthesis	cell survival/drug effects	0.050632911392405056	34717678
tumor microenvironment	tumor cells cultured	0.35443037974683544	24844408
tumor microenvironment	tumor necrosis factor-alpha/metabolism	0.28520846242365233	35238098
tumor microenvironment	tumor necrosis factor-alpha/metabolism	0.28520846242365233	31637575
autophagy/drug effects	endoplasmic reticulum/drug effects	0.025316455696202528	33277233
nf-e2-related factor 2/biosynthesis	lipopolysaccharides/toxicity	0.012658227848101264	34717678
tumor microenvironment	neoplasm invasiveness	0.35443037974683544	27756885
neutral ceramidase/antagonists &amp; inhibitors	lymphocytes tumor-infiltrating/immunology	0.012658227848101264	33547170
neoplasms/diagnostic imaging	CALR	0.012658227848101264	32686685
tumor microenvironment	peritoneal neoplasms/secondary	0.35443037974683544	39753138
tumor microenvironment	chemokine ccl2/genetics	0.35443037974683544	38221626
tumor microenvironment	bone marrow cells/metabolism	0.35443037974683544	25802102
neutral ceramidase/antagonists &amp; inhibitors	cell line tumor/transplantation	0.025316455696202528	33547170
tumor microenvironment	kruppel-like transcription factors/genetics	0.12268743914313535	38221626
tumor microenvironment	kruppel-like transcription factors/genetics	0.12268743914313535	37946098
tumor microenvironment	cell plasticity/genetics	0.35443037974683544	34919143
tumor microenvironment	interleukin-33/metabolism	0.35443037974683544	35749514
nf-e2-related factor 2/biosynthesis	dose-response relationship drug	0.03797468354430379	34717678
tumor microenvironment	bone neoplasms/secondary	0.35443037974683544	25802102
tumor microenvironment	palmitic acid/pharmacology	0.35443037974683544	38221626
tumor microenvironment	cell differentiation	0.04142692750287687	35238098
tumor microenvironment	cell differentiation	0.04142692750287687	25802102
tumor microenvironment	cell differentiation	0.04142692750287687	31637575
autophagy/drug effects	autophagy-related proteins/genetics	0.025316455696202528	33926261
tumor microenvironment	scavenger receptors class e/genetics	0.35443037974683544	36160648
biomarkers tumor	GPX4	0.27848101265822783	33311482
nf-e2-related factor 2/biosynthesis	inflammation mediators/antagonists &amp; inhibitors	0.012658227848101264	34717678
tumor microenvironment	brain neoplasms/pathology	0.35443037974683544	40287444
tumor microenvironment	estrogen receptor alpha/genetics	0.35443037974683544	30420335
tumor microenvironment	autophagy-related protein 7/genetics	0.35443037974683544	33346004
autophagy/drug effects	ferroptosis/drug effects	0.22817267121064583	33277233
autophagy/drug effects	ferroptosis/drug effects	0.22817267121064583	33926261
tumor microenvironment	rna messenger/metabolism	0.5861733203505355	31637575
autophagy/drug effects	jurkat cells	0.05030834144758196	33926261
tumor microenvironment	receptor melanocortin type 4/physiology	0.35443037974683544	24844408
autophagy/drug effects	neoplasms/drug therapy	0.05030834144758196	33277233
neoplasms/diagnostic imaging	CYREN	0.012658227848101264	32686685
biomarkers tumor	KDM8	0.012658227848101264	33311482
tumor microenvironment	cancer-associated fibroblasts/pathology	0.35443037974683544	38301989
tumor microenvironment	osteolysis/pathology	0.35443037974683544	25802102
tumor microenvironment	paracrine communication	0.12268743914313535	33346004
tumor microenvironment	paracrine communication	0.12268743914313535	27756885
tumor microenvironment	gene expression regulation	0.35443037974683544	31637575
neutrophils/immunology	peritoneal neoplasms/secondary	0.025316455696202528	39753138
biomarkers tumor	STING1	0.012658227848101264	33311482
tumor microenvironment	apoptosis	0.35443037974683544	24844408
tumor microenvironment	protein tyrosine phosphatase non-receptor type 6/metabolism	0.35443037974683544	39753138
tumor microenvironment	cd8-positive t-lymphocytes	0.35443037974683544	35238098
exosomes/drug effects	CD274	0.050632911392405056	34593794
autophagy/drug effects	glutathione peroxidase/metabolism	0.025316455696202528	33926261
tumor microenvironment	hek293 cells	0.35443037974683544	30420335
gene expression regulation neoplastic/drug effects	amino acid transport system y+/genetics	0.012658227848101264	31554642
autophagy/drug effects	flavonolignans/pharmacology	0.025316455696202528	33926261
nf-e2-related factor 2/biosynthesis	ferroptosis/drug effects	0.48101265822784794	34717678
tumor microenvironment	lymphatic metastasis	0.35443037974683544	24844408
neutral ceramidase/antagonists &amp; inhibitors	t-lymphocytes/immunology	0.012658227848101264	33547170
tumor microenvironment	omentum/immunology	0.35443037974683544	39753138
tumor microenvironment	SNAI2	0.35443037974683544	37946098
tumor microenvironment	ARHGEF5	0.35443037974683544	35238098
tumor microenvironment	FAP	0.35443037974683544	38301989
tumor microenvironment	EEF1A2	0.35443037974683544	27756885
tumor microenvironment	SULT2A1	0.35443037974683544	35749514
neutrophils/immunology	protein tyrosine phosphatase non-receptor type 6/metabolism	0.025316455696202528	39753138
tumor microenvironment	HGF	0.12268743914313535	32472095
tumor microenvironment	HGF	0.12268743914313535	24156623
neutral ceramidase/antagonists &amp; inhibitors	ferroptosis/drug effects	0.48101265822784794	33547170
tumor microenvironment	SERPINE1	0.35443037974683544	35720420
tumor microenvironment	CCL2	0.2360244685361274	24844408
tumor microenvironment	CCL2	0.2360244685361274	35238098
tumor microenvironment	CCL2	0.2360244685361274	38221626
neutrophils/immunology	omentum/immunology	0.025316455696202528	39753138
tumor microenvironment	NFKB1	0.35874363855709623	21566463
tumor microenvironment	NFKB1	0.35874363855709623	32472095
tumor microenvironment	NFKB1	0.35874363855709623	24156623
tumor microenvironment	TPI1	0.35443037974683544	35238098
autophagy/drug effects	reactive oxygen species/metabolism	0.2606296656929568	33926261
tumor suppressor protein p53/metabolism	IL34	0.03797468354430379	39321806
tumor microenvironment	NANOG	0.35443037974683544	31637575
tumor microenvironment	IL4	0.35443037974683544	27044818
tumor microenvironment	IL1RL1	0.35443037974683544	35749514
neutral ceramidase/antagonists &amp; inhibitors	membrane proteins/metabolism	0.012658227848101264	33547170
tumor microenvironment	FFAR1	0.35443037974683544	38221626
tumor microenvironment	CCR7	0.35443037974683544	24844408
neutral ceramidase/antagonists &amp; inhibitors	tumor microenvironment/drug effects	0.11392405063291138	33547170
gene expression regulation neoplastic/drug effects	cell survival/drug effects	0.050632911392405056	31554642
tumor microenvironment	GDF15	0.35443037974683544	33346004
autophagy/drug effects	cell line tumor	0.6183057448880234	33277233
gene expression regulation neoplastic/drug effects	lipid metabolism/drug effects	0.012658227848101264	31554642
tumor microenvironment	CCL21	0.35443037974683544	24844408
tumor microenvironment	FLT4	0.35443037974683544	24844408
b7-h1 antigen/antagonists &amp; inhibitors	immunologic memory	0.025316455696202528	34593794
tumor microenvironment	SMAD2	0.35443037974683544	37946098
neutral ceramidase/antagonists &amp; inhibitors	colonic neoplasms/drug therapy	0.012658227848101264	33547170
nf-e2-related factor 2/biosynthesis	CCK	0.03797468354430379	34717678
tumor microenvironment	IL1B	0.12268743914313535	35749514
tumor microenvironment	IL1B	0.12268743914313535	34919143
neutral ceramidase/antagonists &amp; inhibitors	heme oxygenase-1/metabolism	0.012658227848101264	33547170
tumor microenvironment	KDR	0.35443037974683544	24844408
neutral ceramidase/antagonists &amp; inhibitors	reactive oxygen species/metabolism	0.1392405063291139	33547170
tumor microenvironment	PIK3CA	0.5861733203505355	30563531
tumor microenvironment	EGF	0.35443037974683544	32472095
b7-h1 antigen/antagonists &amp; inhibitors	fusion regulatory protein 1 heavy chain/metabolism	0.025316455696202528	31043744
tumor microenvironment	CDH2	0.35443037974683544	37946098
tumor microenvironment	CBX8	0.35443037974683544	25802102
b7-h1 antigen/antagonists &amp; inhibitors	exosomes/drug effects	0.025316455696202528	34593794
genetic variation	iron/metabolism	0.07594936708860758	31980600
tumor microenvironment	ARG1	0.35443037974683544	27044818
tumor microenvironment	PLOD2	0.35443037974683544	30563531
tumor microenvironment	KLF10	0.35443037974683544	37946098
neutrophils/immunology	CXCL13	0.025316455696202528	39753138
genetic variation	hemeproteins/toxicity	0.012658227848101264	31980600
tumor microenvironment	CXCL13	0.35443037974683544	39753138
tumor microenvironment	ACTR1B	0.35443037974683544	25802102
tumor microenvironment	BTG2	0.35443037974683544	25802102
neutral ceramidase/antagonists &amp; inhibitors	HMOX1	0.025316455696202528	33547170
tumor microenvironment	CCR2	0.5861733203505355	35238098
tumor microenvironment	CSF2	0.35443037974683544	21566463
tumor microenvironment	PLIN1	0.35443037974683544	37108378
nf-e2-related factor 2/biosynthesis	GPX4	0.27848101265822783	34717678
tumor microenvironment	IL13	0.35443037974683544	27044818
genetic variation	liver x receptors/agonists	0.012658227848101264	31980600
tumor microenvironment	CXCL8	0.5861733203505355	21566463
tumor microenvironment	PCSK1	0.35443037974683544	25802102
genetic variation	transferrin/metabolism	0.012658227848101264	31980600
b7-h1 antigen/antagonists &amp; inhibitors	t-lymphocytes cytotoxic/drug effects	0.025316455696202528	34593794
tumor microenvironment	CCL19	0.35443037974683544	24844408
neutral ceramidase/antagonists &amp; inhibitors	TP53	0.06329113924050632	33547170
tumor microenvironment	KLF7	0.35443037974683544	38221626
tumor microenvironment	HAVCR2	0.35443037974683544	35238098
tumor microenvironment	LEP	0.12268743914313535	30563531
tumor microenvironment	LEP	0.12268743914313535	32472095
autophagy/drug effects	ACSL4	0.05030834144758196	33277233
tumor microenvironment	HNF4A	0.35443037974683544	35238098
tumor microenvironment	ANGPT2	0.35443037974683544	26208571
genetic variation	tumor suppressor protein p53/genetics	0.012658227848101264	31980600
tumor microenvironment	CD209	0.35443037974683544	27044818
autophagy/drug effects	GPX4	0.07497565725413827	33277233
autophagy/drug effects	GPX4	0.07497565725413827	33926261
nf-e2-related factor 2/biosynthesis	NFE2L2	0.050632911392405056	34717678
gene expression regulation neoplastic/drug effects	sulfasalazine/administration &amp; dosage	0.012658227848101264	31554642
tumor microenvironment	CXCR2	0.35443037974683544	25802102
gene expression regulation neoplastic/drug effects	ferroptosis/drug effects	0.48101265822784794	31554642
tumor microenvironment	CSF1	0.04142692750287687	24844408
tumor microenvironment	CSF1	0.04142692750287687	40287444
tumor microenvironment	CSF1	0.04142692750287687	27756885
genetic variation	ferroptosis/drug effects	0.48101265822784794	31980600
autophagy/drug effects	ATL1	0.025316455696202528	33277233
tumor microenvironment	CAV1	0.35443037974683544	21566463
b7-h1 antigen/antagonists &amp; inhibitors	amino acid transport system y+/metabolism	0.19344368711457316	31043744
tumor microenvironment	TCF7	0.35443037974683544	35238098
genetic variation	ferritins/blood	0.012658227848101264	31980600
tumor microenvironment	ATG7	0.35443037974683544	33346004
autophagy/drug effects	ROS1	0.19344368711457316	33926261
tumor microenvironment	CD163	0.5861733203505355	30420335
genetic variation	macrophages/drug effects	0.06329113924050632	31980600
tumor microenvironment	THBS2	0.35443037974683544	34958892
autophagy/drug effects	S100A4	0.025316455696202528	33277233
neutrophils/immunology	PTPN6	0.025316455696202528	39753138
autophagy/drug effects	ATG5	0.025316455696202528	33926261
tumor microenvironment	IL6R	0.35443037974683544	37108378
tumor microenvironment	S100A8	0.5861733203505355	26208571
neutrophils/immunology	IL10	0.09931840311587149	39753138
neutral ceramidase/antagonists &amp; inhibitors	ASAH2	0.012658227848101264	33547170
tumor microenvironment	S100A9	0.35443037974683544	26208571
b7-h1 antigen/antagonists &amp; inhibitors	hyaluronic acid/chemistry	0.025316455696202528	34593794
tumor microenvironment	JUN	0.35443037974683544	32472095
tumor microenvironment	PTEN	0.35443037974683544	29777149
tumor microenvironment	LCN2	0.35443037974683544	28249896
b7-h1 antigen/antagonists &amp; inhibitors	benzylidene compounds/pharmacology	0.025316455696202528	34593794
tumor microenvironment	PIK3CD	0.5861733203505355	30563531
cells cultured	oxidative stress/drug effects	0.05291247276590382	39276841
cells cultured	oxidative stress/drug effects	0.05291247276590382	40570981
cells cultured	oxidative stress/drug effects	0.05291247276590382	39700767
tumor microenvironment	KRT6A	0.35443037974683544	25802102
genetic variation	listeriosis/etiology	0.012658227848101264	31980600
tumor microenvironment	IL33	0.35443037974683544	35749514
tumor microenvironment	SDCBP2	0.35443037974683544	35749514
tumor microenvironment	PLIN5	0.35443037974683544	37108378
autophagy/drug effects	CD8A	0.19344368711457316	33277233
tumor microenvironment	MAPK8	0.12268743914313535	34958892
tumor microenvironment	MAPK8	0.12268743914313535	32472095
gene expression regulation neoplastic/drug effects	antineoplastic agents immunological/administration &amp; dosage	0.012658227848101264	31554642
tumor microenvironment	CXCL1	0.35443037974683544	25802102
genetic variation	TP53	0.06329113924050632	31980600
cells cultured	bacterial toxins/metabolism	0.07594936708860758	35197507
tumor microenvironment	SLC22A17	0.35443037974683544	28249896
cyclohexylamines/pharmacology	monocrotaline/toxicity	0.025316455696202528	35197507
gene expression regulation neoplastic/drug effects	cell line tumor	0.37974683544303794	31554642
tumor microenvironment	PDCD1LG2	0.35443037974683544	35720420
cells cultured	phenylenediamines/pharmacology	0.14703018500486853	35197507
cyclohexylamines/pharmacology	cells cultured	0.14703018500486856	35197507
cells cultured	inflammasomes/metabolism	0.07594936708860758	35197507
autophagy/drug effects	AIFM2	0.025316455696202528	33277233
cyclohexylamines/pharmacology	bacterial toxins/metabolism	0.025316455696202528	35197507
genetic variation	TF	0.025316455696202528	31980600
gene expression regulation neoplastic/drug effects	SLC9A1	0.025316455696202528	31554642
cyclohexylamines/pharmacology	phenylenediamines/pharmacology	0.0003245699448231094	35197507
cyclohexylamines/pharmacology	phenylenediamines/pharmacology	0.0003245699448231094	30830879
lipid metabolism/drug effects	sulfasalazine/administration &amp; dosage	0.012658227848101264	31554642
cyclohexylamines/pharmacology	ventricular function left/drug effects	0.025316455696202528	30830879
lipid metabolism/drug effects	ferroptosis/drug effects	0.48101265822784794	31554642
cyclohexylamines/pharmacology	inflammasomes/metabolism	0.025316455696202528	35197507
gene expression regulation neoplastic/drug effects	ATM	0.012658227848101264	31554642
cyclohexylamines/pharmacology	neutrophils/immunology	0.05030834144758196	30830879
cells cultured	amino acid transport system y+/metabolism	0.4847545849544516	39276841
gene expression regulation neoplastic/drug effects	SLC7A11	0.1392405063291139	31554642
immunogenic cell death/drug effects	metal-organic frameworks/chemistry	0.012658227848101264	34985903
immunogenic cell death/drug effects	programmed cell death 1 receptor/metabolism	0.025316455696202528	34985903
cyclohexylamines/pharmacology	myocardium/immunology	0.025316455696202528	30830879
cells cultured	hemodynamics/drug effects	0.07594936708860758	35197507
cyclohexylamines/pharmacology	hemodynamics/drug effects	0.025316455696202528	35197507
lipid metabolism/drug effects	antineoplastic agents immunological/administration &amp; dosage	0.012658227848101264	31554642
b7-h1 antigen/antagonists &amp; inhibitors	cell line tumor/transplantation	0.05030834144758196	34593794
cyclohexylamines/pharmacology	adaptor proteins vesicular transport/genetics	0.025316455696202528	30830879
lipid metabolism/drug effects	cell line tumor	0.37974683544303794	31554642
tumor microenvironment	MAP2K7	0.35443037974683544	34958892
cells cultured	iron/metabolism	0.06335465136264602	39276841
cells cultured	iron/metabolism	0.06335465136264602	30787033
immunogenic cell death/drug effects	benzylidene compounds/chemistry	0.012658227848101264	34985903
tumor microenvironment	TNFSF11	0.35443037974683544	24156623
cyclohexylamines/pharmacology	myocardial reperfusion injury/drug therapy	0.025316455696202528	30830879
tumor microenvironment	ADIPOQ	0.35443037974683544	32472095
tumor microenvironment	PTPN6	0.35443037974683544	39753138
immunogenic cell death/drug effects	phenol/chemistry	0.012658227848101264	34985903
tumor microenvironment	TNF	0.11330529851515861	35238098
tumor microenvironment	TNF	0.11330529851515861	30420335
tumor microenvironment	TNF	0.11330529851515861	37108378
tumor microenvironment	TNF	0.11330529851515861	31637575
cells cultured	phospholipid hydroperoxide glutathione peroxidase/metabolism	0.004131608528677148	39276841
cells cultured	phospholipid hydroperoxide glutathione peroxidase/metabolism	0.004131608528677148	30787033
cells cultured	phospholipid hydroperoxide glutathione peroxidase/metabolism	0.004131608528677148	40570981
cells cultured	phospholipid hydroperoxide glutathione peroxidase/metabolism	0.004131608528677148	39700767
cyclohexylamines/pharmacology	lung/blood supply	0.025316455696202528	35197507
lipid metabolism/drug effects	SLC9A1	0.025316455696202528	31554642
tumor microenvironment	FAM126A	0.35443037974683544	38301989
cyclohexylamines/pharmacology	heart ventricles/diagnostic imaging	0.025316455696202528	35197507
tumor microenvironment	ESR1	0.35443037974683544	30420335
lipid metabolism/drug effects	ATM	0.012658227848101264	31554642
gene expression regulation neoplastic/drug effects	CD8A	0.1012658227848101	31554642
tumor microenvironment	FAT1	0.35443037974683544	35720420
b7-h1 antigen/antagonists &amp; inhibitors	melanoma/genetics	0.025316455696202528	31043744
lipid metabolism/drug effects	SLC7A11	0.1392405063291139	31554642
cyclohexylamines/pharmacology	toll-like receptor 4/metabolism	0.07497565725413827	35197507
immunogenic cell death/drug effects	cd8-positive t-lymphocytes/cytology	0.025316455696202528	34985903
tumor microenvironment	IL10	0.12482587365998428	39753138
tumor microenvironment	IL10	0.12482587365998428	27044818
tumor microenvironment	IL10	0.12482587365998428	21566463
tumor microenvironment	FTO	0.12268743914313535	40287444
tumor microenvironment	FTO	0.12268743914313535	31637575
cells cultured	lung/blood supply	0.07594936708860758	35197507
tumor microenvironment	MSMP	0.35443037974683544	38221626
cells cultured	heart ventricles/diagnostic imaging	0.07594936708860758	35197507
tumor microenvironment	PIK3CG	0.5861733203505355	30563531
cells cultured	glutathione/metabolism	0.00796946180024128	39276841
cells cultured	glutathione/metabolism	0.00796946180024128	30787033
cells cultured	glutathione/metabolism	0.00796946180024128	40570981
cells cultured	glutathione/metabolism	0.00796946180024128	39700767
cells cultured	toll-like receptor 4/metabolism	0.21349536539409958	35197507
immunogenic cell death/drug effects	ferroptosis/drug effects	0.48101265822784794	34985903
lipid metabolism/drug effects	CD8A	0.1012658227848101	31554642
cells cultured	hypertension pulmonary/chemically induced	0.07594936708860758	35197507
immunogenic cell death/drug effects	cell line tumor	0.37974683544303794	34985903
cells cultured	host-pathogen interactions	0.07594936708860758	30787033
myocardial reperfusion injury/drug therapy	ferroptosis/drug effects	0.48101265822784794	30830879
heart ventricles/diagnostic imaging	toll-like receptor 4/metabolism	0.03797468354430379	35197507
immunogenic cell death/drug effects	exosomes/metabolism	0.012658227848101264	34985903
cyclohexylamines/pharmacology	hypertension pulmonary/chemically induced	0.025316455696202528	35197507
cells cultured	nlr family pyrin domain-containing 3 protein/metabolism	0.07594936708860758	35197507
tumor microenvironment	PROM1	0.35443037974683544	36160648
tumor microenvironment	CXCL2	0.35443037974683544	25802102
myocardial reperfusion injury/drug therapy	neutrophil infiltration	0.012658227848101264	30830879
tumor microenvironment	GSDMD	0.35443037974683544	35749514
tumor microenvironment	HNF1A	0.35443037974683544	35238098
heart ventricles/diagnostic imaging	hypertension pulmonary/chemically induced	0.012658227848101264	35197507
tumor microenvironment	YTHDF2	0.35443037974683544	40287444
immunogenic cell death/drug effects	PDCD1	0.07594936708860758	34985903
tumor microenvironment	VIM	0.35443037974683544	38301989
myocardial reperfusion injury/drug therapy	toll-like receptor 4/genetics	0.012658227848101264	30830879
cells cultured	ferroptosis/drug effects	0.08396919536160043	35197507
cells cultured	ferroptosis/drug effects	0.08396919536160043	40570981
cells cultured	ferroptosis/drug effects	0.08396919536160043	39276841
cells cultured	ferroptosis/drug effects	0.08396919536160043	30787033
cells cultured	ferroptosis/drug effects	0.08396919536160043	39700767
tumor microenvironment	TIMELESS	0.35443037974683544	35238098
cyclohexylamines/pharmacology	nlr family pyrin domain-containing 3 protein/metabolism	0.025316455696202528	35197507
tumor microenvironment	AKT1	0.5861733203505355	30563531
b7-h1 antigen/antagonists &amp; inhibitors	cysteine/metabolism	0.025316455696202528	31043744
tumor microenvironment	MRC1	0.12268743914313535	36160648
tumor microenvironment	MRC1	0.12268743914313535	27044818
tumor microenvironment	CCL5	0.35443037974683544	21566463
immunogenic cell death/drug effects	CD274	0.050632911392405056	34985903
tumor microenvironment	TNFAIP3	0.35443037974683544	30420335
tumor microenvironment	HAVCR1	0.35443037974683544	35238098
cells cultured	macrophages/drug effects	0.33354080962342125	30787033
heart ventricles/diagnostic imaging	nlr family pyrin domain-containing 3 protein/metabolism	0.012658227848101264	35197507
myocardial reperfusion injury/drug therapy	TICAM1	0.012658227848101264	30830879
tumor microenvironment	IL17A	0.7366557493139771	30420335
tumor microenvironment	PIK3CB	0.5861733203505355	30563531
cyclohexylamines/pharmacology	ferroptosis/drug effects	0.22817267121064583	35197507
cyclohexylamines/pharmacology	ferroptosis/drug effects	0.22817267121064583	30830879
immunogenic cell death/drug effects	RPL17-C18orf32	0.07594936708860758	34985903
myocardial reperfusion injury/drug therapy	IFNA1	0.03797468354430379	30830879
immunogenic cell death/drug effects	RPL17	0.07594936708860758	34985903
cation transport proteins/genetics	gene expression regulation neoplastic	0.06329113924050632	34062295
b7-h1 antigen/antagonists &amp; inhibitors	ferroptosis/drug effects	0.22817267121064583	31043744
b7-h1 antigen/antagonists &amp; inhibitors	ferroptosis/drug effects	0.22817267121064583	34593794
cells cultured	macrophages/metabolism	0.08556173286353169	35197507
cells cultured	macrophages/metabolism	0.08556173286353169	32359100
cells cultured	mitochondria/drug effects	0.21349536539409958	39276841
heart ventricles/diagnostic imaging	ferroptosis/drug effects	0.48101265822784794	35197507
b7-h1 antigen/antagonists &amp; inhibitors	skin neoplasms/drug therapy	0.025316455696202528	34593794
myocardial reperfusion injury/drug therapy	TLR4	0.03797468354430379	30830879
cyclohexylamines/pharmacology	neutrophil infiltration	0.025316455696202528	30830879
cells cultured	reactive oxygen species/metabolism	0.6062300808470029	39276841
cyclohexylamines/pharmacology	macrophages/metabolism	0.17039922103213245	35197507
cation transport proteins/genetics	t-lymphocytes cytotoxic/immunology	0.012658227848101264	34062295
myocardial reperfusion injury/drug therapy	TRIM69	0.012658227848101264	30830879
cells cultured	hmgb1 protein/metabolism	0.07594936708860758	35197507
heart ventricles/diagnostic imaging	macrophages/metabolism	0.08860759493670886	35197507
cells cultured	inflammation/metabolism	0.14703018500486853	35197507
cyclohexylamines/pharmacology	toll-like receptor 4/genetics	0.025316455696202528	30830879
b7-h1 antigen/antagonists &amp; inhibitors	tumor microenvironment/drug effects	0.21616358325219084	34593794
cells cultured	HMOX1	0.14703018500486853	39276841
b7-h1 antigen/antagonists &amp; inhibitors	tumor escape/drug effects	0.025316455696202528	34593794
cells cultured	TGFB1	0.43791409267758374	32359100
cyclohexylamines/pharmacology	hmgb1 protein/metabolism	0.025316455696202528	35197507
cyclohexylamines/pharmacology	inflammation/metabolism	0.05030834144758196	35197507
b7-h1 antigen/antagonists &amp; inhibitors	immune checkpoint inhibitors/pharmacology	0.025316455696202528	34593794
cells cultured	NOX4	0.07594936708860758	35197507
heart ventricles/diagnostic imaging	hmgb1 protein/metabolism	0.012658227848101264	35197507
cells cultured	FTH1	0.33354080962342125	35197507
b7-h1 antigen/antagonists &amp; inhibitors	reactive oxygen species/metabolism	0.2606296656929568	31043744
heart ventricles/diagnostic imaging	inflammation/metabolism	0.025316455696202528	35197507
cells cultured	SLC7A11	0.6062300808470029	39276841
cyclohexylamines/pharmacology	TICAM1	0.025316455696202528	30830879
b7-h1 antigen/antagonists &amp; inhibitors	interferon-gamma/immunology	0.025316455696202528	31043744
cation transport proteins/genetics	glioblastoma/genetics	0.012658227848101264	34062295
cyclohexylamines/pharmacology	NOX4	0.025316455696202528	35197507
lymph/metabolism	coenzyme a ligases/metabolism	0.012658227848101264	32814895
cells cultured	NLRP3	0.07594936708860758	35197507
cells cultured	HMGB1	0.14703018500486853	35197507
cyclohexylamines/pharmacology	FTH1	0.12333657903278158	35197507
cells cultured	GPX4	0.00566857022553225	35197507
cells cultured	GPX4	0.00566857022553225	40570981
cells cultured	GPX4	0.00566857022553225	39276841
cells cultured	GPX4	0.00566857022553225	30787033
cells cultured	GPX4	0.00566857022553225	39700767
heart ventricles/diagnostic imaging	NOX4	0.012658227848101264	35197507
cyclohexylamines/pharmacology	IFNA1	0.07497565725413827	30830879
b7-h1 antigen/antagonists &amp; inhibitors	cell line tumor	0.6183057448880234	31043744
cation transport proteins/genetics	heat-shock proteins/genetics	0.012658227848101264	34062295
b7-h1 antigen/antagonists &amp; inhibitors	drug resistance neoplasm/drug effects	0.025316455696202528	34593794
heart ventricles/diagnostic imaging	FTH1	0.06329113924050632	35197507
cells cultured	ROS1	0.4847545849544516	39700767
cation transport proteins/genetics	brain neoplasms/genetics	0.012658227848101264	34062295
cyclohexylamines/pharmacology	NLRP3	0.025316455696202528	35197507
cells cultured	TLR4	0.21349536539409958	35197507
cyclohexylamines/pharmacology	HMGB1	0.05030834144758196	35197507
cyclohexylamines/pharmacology	GPX4	0.4819863680623173	35197507
heart ventricles/diagnostic imaging	NLRP3	0.012658227848101264	35197507
lymph/metabolism	oxidative stress/drug effects	0.16455696202531642	32814895
heart ventricles/diagnostic imaging	HMGB1	0.025316455696202528	35197507
heart ventricles/diagnostic imaging	GPX4	0.27848101265822783	35197507
cation transport proteins/genetics	acetaminophen/pharmacology	0.012658227848101264	34062295
cyclohexylamines/pharmacology	TLR4	0.0009737098344693281	35197507
cyclohexylamines/pharmacology	TLR4	0.0009737098344693281	30830879
cation transport proteins/genetics	ferroptosis/drug effects	0.48101265822784794	34062295
b7-h1 antigen/antagonists &amp; inhibitors	SLC9A1	0.05030834144758196	31043744
heart ventricles/diagnostic imaging	TLR4	0.03797468354430379	35197507
iron/metabolism	biomarkers tumor	0.07594936708860758	33311482
iron/metabolism	phospholipid hydroperoxide glutathione peroxidase/metabolism	0.004131608528677148	39276841
iron/metabolism	phospholipid hydroperoxide glutathione peroxidase/metabolism	0.004131608528677148	30787033
iron/metabolism	phospholipid hydroperoxide glutathione peroxidase/metabolism	0.004131608528677148	40724917
iron/metabolism	phospholipid hydroperoxide glutathione peroxidase/metabolism	0.004131608528677148	32814895
iron/metabolism	hemeproteins/toxicity	0.07594936708860758	31980600
drug synergism	saponins/chemistry	0.012658227848101264	31509699
b7-h1 antigen/antagonists &amp; inhibitors	SLC7A11	0.2606296656929568	31043744
drug synergism	antineoplastic agents/chemistry	0.012658227848101264	31509699
cyclohexylamines/pharmacology	TRIM69	0.025316455696202528	30830879
iron/metabolism	glutathione/metabolism	0.00796946180024128	39276841
iron/metabolism	glutathione/metabolism	0.00796946180024128	30787033
iron/metabolism	glutathione/metabolism	0.00796946180024128	40724917
iron/metabolism	glutathione/metabolism	0.00796946180024128	32814895
cells cultured	obesity/metabolism	0.14703018500486853	32359100
cells cultured	mammary glands animal/metabolism	0.07594936708860758	32359100
iron/metabolism	liver x receptors/agonists	0.07594936708860758	31980600
iron/metabolism	neoplasm metastasis/drug therapy	0.07594936708860758	32814895
drug synergism	energy metabolism/drug effects	0.012658227848101264	31509699
iron/metabolism	transferrin/metabolism	0.07594936708860758	31980600
iron/metabolism	cell transformation neoplastic/genetics	0.07594936708860758	33311482
cation transport proteins/genetics	hyaluronan receptors/genetics	0.012658227848101264	34062295
iron/metabolism	host-pathogen interactions	0.07594936708860758	30787033
iron/metabolism	carcinoma pancreatic ductal/metabolism	0.07594936708860758	33311482
iron/metabolism	diet	0.07594936708860758	33311482
lymph/metabolism	oleic acid/metabolism	0.012658227848101264	32814895
iron/metabolism	tumor suppressor protein p53/genetics	0.07594936708860758	31980600
iron/metabolism	spiro compounds/pharmacology	0.07594936708860758	33311482
lymph/metabolism	iron/metabolism	0.07594936708860758	32814895
b7-h1 antigen/antagonists &amp; inhibitors	SLC3A2	0.025316455696202528	31043744
iron/metabolism	proto-oncogene proteins p21(ras)/metabolism	0.07594936708860758	33311482
iron/metabolism	ferroptosis/drug effects	0.009931840311587148	39276841
iron/metabolism	ferroptosis/drug effects	0.009931840311587148	32814895
iron/metabolism	ferroptosis/drug effects	0.009931840311587148	40724917
iron/metabolism	ferroptosis/drug effects	0.009931840311587148	31980600
iron/metabolism	ferroptosis/drug effects	0.009931840311587148	30787033
iron/metabolism	ferroptosis/drug effects	0.009931840311587148	33311482
b7-h1 antigen/antagonists &amp; inhibitors	CD274	0.09931840311587149	34593794
iron/metabolism	pancreatitis/genetics	0.07594936708860758	33311482
drug synergism	ferroptosis/drug effects	0.48101265822784794	31509699
lymph/metabolism	phospholipid hydroperoxide glutathione peroxidase/metabolism	0.15189873417721517	32814895
iron/metabolism	ferritins/blood	0.07594936708860758	31980600
iron/metabolism	pancreas/metabolism	0.07594936708860758	33311482
cation transport proteins/genetics	HSPB1	0.012658227848101264	34062295
drug synergism	neoplasms/drug therapy	0.025316455696202528	31509699
cation transport proteins/genetics	SLC40A1	0.012658227848101264	34062295
iron/metabolism	macrophages/drug effects	0.043775944242300004	31980600
iron/metabolism	macrophages/drug effects	0.043775944242300004	30787033
iron/metabolism	cell survival	0.14703018500486853	32814895
iron/metabolism	phospholipid hydroperoxide glutathione peroxidase/genetics	0.14703018500486853	33311482
b7-h1 antigen/antagonists &amp; inhibitors	CD8A	0.19344368711457316	31043744
cells cultured	breast neoplasms/metabolism	0.21349536539409958	32359100
iron/metabolism	mitochondria/drug effects	0.21349536539409958	39276841
lymph/metabolism	glutathione/metabolism	0.17721518987341772	32814895
iron/metabolism	reactive oxygen species/metabolism	0.19370921316291068	39276841
iron/metabolism	reactive oxygen species/metabolism	0.19370921316291068	40724917
drug synergism	mitochondria/drug effects	0.03797468354430379	31509699
iron/metabolism	listeriosis/etiology	0.07594936708860758	31980600
drug synergism	pyruvate dehydrogenase acetyl-transferring kinase/antagonists &amp; inhibitors	0.012658227848101264	31509699
iron/metabolism	cell line	0.43791409267758374	40724917
lymph/metabolism	neoplasm metastasis/drug therapy	0.012658227848101264	32814895
cells cultured	extracellular matrix/metabolism	0.07594936708860758	32359100
iron/metabolism	HMOX1	0.14703018500486853	39276841
iron/metabolism	TP53	0.33354080962342125	31980600
iron/metabolism	FTH1	0.33354080962342125	40724917
iron/metabolism	SLC7A11	0.19370921316291068	39276841
iron/metabolism	SLC7A11	0.19370921316291068	40724917
melanoma/genetics	cysteine/metabolism	0.012658227848101264	31043744
drug synergism	cell line tumor	0.37974683544303794	31509699
iron/metabolism	GPX4	0.00566857022553225	39276841
iron/metabolism	GPX4	0.00566857022553225	32814895
iron/metabolism	GPX4	0.00566857022553225	40724917
iron/metabolism	GPX4	0.00566857022553225	30787033
iron/metabolism	GPX4	0.00566857022553225	33311482
cation transport proteins/genetics	CD44	0.025316455696202528	34062295
iron/metabolism	ACSL3	0.07594936708860758	32814895
melanoma/genetics	ferroptosis/drug effects	0.48101265822784794	31043744
iron/metabolism	TF	0.14703018500486853	31980600
iron/metabolism	KDM8	0.07594936708860758	33311482
lymph/metabolism	ferroptosis/drug effects	0.48101265822784794	32814895
cells cultured	epithelial cells/metabolism	0.07594936708860758	32359100
iron/metabolism	STING1	0.07594936708860758	33311482
melanoma/genetics	reactive oxygen species/metabolism	0.1392405063291139	31043744
cells cultured	stem cells/metabolism	0.07594936708860758	32359100
melanoma/genetics	interferon-gamma/immunology	0.012658227848101264	31043744
lymph/metabolism	cell survival	0.025316455696202528	32814895
melanoma/genetics	cell line tumor	0.37974683544303794	31043744
drug synergism	ROS1	0.1012658227848101	31509699
melanoma/genetics	SLC9A1	0.025316455696202528	31043744
amino acid transport system y+/genetics	cell survival/drug effects	0.050632911392405056	31554642
amino acid transport system y+/genetics	lipid metabolism/drug effects	0.012658227848101264	31554642
melanoma/genetics	SLC7A11	0.1392405063291139	31043744
gene expression	cell survival/drug effects	0.050632911392405056	34717678
cells cultured	transforming growth factor beta1/metabolism	0.275587836547197	32359100
gene expression	lipopolysaccharides/toxicity	0.012658227848101264	34717678
melanoma/genetics	SLC3A2	0.012658227848101264	31043744
gene expression	dose-response relationship drug	0.03797468354430379	34717678
melanoma/genetics	CD8A	0.1012658227848101	31043744
gene expression	inflammation mediators/antagonists &amp; inhibitors	0.012658227848101264	34717678
amino acid transport system y+/genetics	sulfasalazine/administration &amp; dosage	0.012658227848101264	31554642
amino acid transport system y+/genetics	ferroptosis/drug effects	0.48101265822784794	31554642
cells cultured	mammary glands human/metabolism	0.07594936708860758	32359100
hypoxia-inducible factor 1 alpha subunit/metabolism	amino acid transport system y+/metabolism	0.1012658227848101	34811833
gene expression	ferroptosis/drug effects	0.48101265822784794	34717678
lymph/metabolism	GPX4	0.27848101265822783	32814895
amino acid transport system y+/genetics	antineoplastic agents immunological/administration &amp; dosage	0.012658227848101264	31554642
amino acid transport system y+/genetics	cell line tumor	0.37974683544303794	31554642
cells cultured	diet high-fat/adverse effects	0.21349536539409958	32359100
lymph/metabolism	ACSL3	0.012658227848101264	32814895
amino acid transport system y+/genetics	SLC9A1	0.025316455696202528	31554642
amino acid transport system y+/genetics	ATM	0.012658227848101264	31554642
gene expression	CCK	0.03797468354430379	34717678
amino acid transport system y+/genetics	SLC7A11	0.1392405063291139	31554642
cells cultured	tumor microenvironment/physiology	0.21349536539409958	32359100
gene expression	GPX4	0.27848101265822783	34717678
amino acid transport system y+/genetics	CD8A	0.1012658227848101	31554642
hypoxia-inducible factor 1 alpha subunit/metabolism	hepatic stellate cells/drug effects	0.012658227848101264	34811833
gene expression	NFE2L2	0.050632911392405056	34717678
bacterial toxins/metabolism	phenylenediamines/pharmacology	0.025316455696202528	35197507
cells cultured	DCN	0.07594936708860758	32359100
bacterial toxins/metabolism	inflammasomes/metabolism	0.012658227848101264	35197507
sorafenib/pharmacology	hypoxia-inducible factor 1 alpha subunit/metabolism	0.012658227848101264	34811833
dichloroacetic acid/chemistry	macrophages/cytology	0.025316455696202528	31509699
hypoxia-inducible factor 1 alpha subunit/metabolism	hepatocytes/drug effects	0.012658227848101264	34811833
dichloroacetic acid/chemistry	biological products/chemistry	0.012658227848101264	31509699
hypoxia-inducible factor 1 alpha subunit/metabolism	ferroptosis/drug effects	0.48101265822784794	34811833
hypoxia-inducible factor 1 alpha subunit/metabolism	macrophages/drug effects	0.06329113924050632	34811833
dichloroacetic acid/chemistry	protein kinase inhibitors/chemistry	0.012658227848101264	31509699
sorafenib/pharmacology	amino acid transport system y+/metabolism	0.1012658227848101	34811833
bacterial toxins/metabolism	hemodynamics/drug effects	0.012658227848101264	35197507
iron/metabolism	receptors transferrin/metabolism	0.07594936708860758	39276841
dichloroacetic acid/chemistry	drug synergism	0.012658227848101264	31509699
iron/metabolism	aging/metabolism	0.07594936708860758	40724917
hypoxia-inducible factor 1 alpha subunit/metabolism	cell line	0.08860759493670886	34811833
iron/metabolism	antioxidants/metabolism	0.07594936708860758	40724917
dichloroacetic acid/chemistry	saponins/chemistry	0.012658227848101264	31509699
iron/metabolism	neurons/metabolism	0.07594936708860758	40724917
iron/metabolism	folic acid/pharmacology	0.07594936708860758	40724917
dichloroacetic acid/chemistry	antineoplastic agents/chemistry	0.012658227848101264	31509699
iron/metabolism	spiral ganglion/drug effects	0.07594936708860758	39276841
iron/metabolism	neurons/drug effects	0.21349536539409958	39276841
bacterial toxins/metabolism	lung/blood supply	0.012658227848101264	35197507
iron/metabolism	cystine/metabolism	0.07594936708860758	40724917
bacterial toxins/metabolism	heart ventricles/diagnostic imaging	0.012658227848101264	35197507
dichloroacetic acid/chemistry	energy metabolism/drug effects	0.012658227848101264	31509699
hypoxia-inducible factor 1 alpha subunit/metabolism	SLC7A11	0.1392405063291139	34811833
iron/metabolism	organometallic compounds/toxicity	0.07594936708860758	39276841
hypoxia-inducible factor 1 alpha subunit/metabolism	FUT1	0.012658227848101264	34811833
bacterial toxins/metabolism	toll-like receptor 4/metabolism	0.03797468354430379	35197507
iron/metabolism	TFRC	0.14703018500486853	39276841
iron/metabolism	NCOA4	0.14703018500486853	39276841
folic acid antagonists/pharmacology	tetrahydrofolate dehydrogenase/genetics	0.012658227848101264	32778843
hypoxia-inducible factor 1 alpha subunit/metabolism	GPX4	0.27848101265822783	34811833
hypoxia-inducible factor 1 alpha subunit/metabolism	FN1	0.012658227848101264	34811833
hypoxia-inducible factor 1 alpha subunit/metabolism	ROS1	0.1012658227848101	34811833
dichloroacetic acid/chemistry	ferroptosis/drug effects	0.48101265822784794	31509699
folic acid antagonists/pharmacology	vitamin e/pharmacology	0.012658227848101264	32778843
bacterial toxins/metabolism	hypertension pulmonary/chemically induced	0.012658227848101264	35197507
dichloroacetic acid/chemistry	neoplasms/drug therapy	0.025316455696202528	31509699
folic acid antagonists/pharmacology	dose-response relationship drug	0.03797468354430379	32778843
sorafenib/pharmacology	hepatic stellate cells/drug effects	0.012658227848101264	34811833
folic acid antagonists/pharmacology	antioxidants/pharmacology	0.025316455696202528	32778843
cells cultured	receptors transferrin/metabolism	0.07594936708860758	39276841
cells cultured	selenomethionine/pharmacology	0.07594936708860758	39700767
hypoxia-inducible factor 1 alpha subunit/metabolism	MMRN1	0.012658227848101264	34811833
cells cultured	chondrocytes/drug effects	0.07594936708860758	39700767
hypoxia-inducible factor 1 alpha subunit/metabolism	HIF1A	0.012658227848101264	34811833
dichloroacetic acid/chemistry	mitochondria/drug effects	0.03797468354430379	31509699
folic acid antagonists/pharmacology	ferroptosis/drug effects	0.48101265822784794	32778843
dichloroacetic acid/chemistry	pyruvate dehydrogenase acetyl-transferring kinase/antagonists &amp; inhibitors	0.012658227848101264	31509699
folic acid antagonists/pharmacology	jurkat cells	0.025316455696202528	32778843
bacterial toxins/metabolism	nlr family pyrin domain-containing 3 protein/metabolism	0.012658227848101264	35197507
antioxidants/pharmacology	ferroptosis/drug effects	0.22817267121064583	40703032
antioxidants/pharmacology	ferroptosis/drug effects	0.22817267121064583	32778843
antioxidants/pharmacology	jurkat cells	0.05030834144758196	32778843
folic acid antagonists/pharmacology	methotrexate/pharmacology	0.012658227848101264	32778843
cells cultured	spiral ganglion/drug effects	0.07594936708860758	39276841
folic acid antagonists/pharmacology	biopterins/analogs &amp; derivatives	0.012658227848101264	32778843
quinoxalines/pharmacology	iron/metabolism	0.07594936708860758	33311482
antioxidants/pharmacology	methotrexate/pharmacology	0.025316455696202528	32778843
cells cultured	neurons/drug effects	0.014099824226406503	39276841
cells cultured	neurons/drug effects	0.014099824226406503	40570981
antioxidants/pharmacology	biopterins/analogs &amp; derivatives	0.025316455696202528	32778843
folic acid antagonists/pharmacology	cystine/antagonists &amp; inhibitors	0.012658227848101264	32778843
quinoxalines/pharmacology	biomarkers tumor	0.012658227848101264	33311482
sorafenib/pharmacology	hepatocytes/drug effects	0.012658227848101264	34811833
dichloroacetic acid/chemistry	cell line tumor	0.37974683544303794	31509699
folic acid antagonists/pharmacology	reactive oxygen species/metabolism	0.1392405063291139	32778843
bacterial toxins/metabolism	ferroptosis/drug effects	0.48101265822784794	35197507
cells cultured	selenium/chemistry	0.07594936708860758	40570981
sorafenib/pharmacology	ferroptosis/drug effects	0.48101265822784794	34811833
cells cultured	cartilage articular/drug effects	0.07594936708860758	39700767
cells cultured	t-2 toxin/toxicity	0.07594936708860758	39700767
antioxidants/pharmacology	cystine/antagonists &amp; inhibitors	0.025316455696202528	32778843
cells cultured	organometallic compounds/toxicity	0.07594936708860758	39276841
calreticulin/metabolism	ascorbic acid/pharmacology	0.012658227848101264	32686685
antioxidants/pharmacology	reactive oxygen species/metabolism	0.2606296656929568	32778843
sorafenib/pharmacology	macrophages/drug effects	0.06329113924050632	34811833
calreticulin/metabolism	ferroptosis/drug effects	0.48101265822784794	32686685
folic acid antagonists/pharmacology	GPX4	0.27848101265822783	32778843
cells cultured	TFRC	0.14703018500486853	39276841
cells cultured	NCOA4	0.14703018500486853	39276841
tor serine-threonine kinases/metabolism	amp-activated protein kinase kinases	0.012658227848101264	34093872
bacterial toxins/metabolism	macrophages/metabolism	0.08860759493670886	35197507
antioxidants/pharmacology	cell line	0.17039922103213245	40703032
tor serine-threonine kinases/metabolism	lung neoplasms/drug therapy	0.012658227848101264	34093872
dichloroacetic acid/chemistry	ROS1	0.1012658227848101	31509699
calreticulin/metabolism	cell line tumor	0.37974683544303794	32686685
macrophages	dna	0.012658227848101264	33311482
antioxidants/pharmacology	SLC7A11	0.2606296656929568	40703032
quinoxalines/pharmacology	cell transformation neoplastic/genetics	0.012658227848101264	33311482
calreticulin/metabolism	CALR	0.012658227848101264	32686685
bacterial toxins/metabolism	hmgb1 protein/metabolism	0.012658227848101264	35197507
phospholipid hydroperoxide glutathione peroxidase/metabolism	cell survival/drug effects	0.4898639002569715	39287745
macrophages	membrane proteins/genetics	0.012658227848101264	33311482
antioxidants/pharmacology	GPX4	0.07497565725413827	40703032
antioxidants/pharmacology	GPX4	0.07497565725413827	32778843
quinoxalines/pharmacology	carcinoma pancreatic ductal/metabolism	0.012658227848101264	33311482
quinoxalines/pharmacology	diet	0.012658227848101264	33311482
bacterial toxins/metabolism	inflammation/metabolism	0.025316455696202528	35197507
phospholipid hydroperoxide glutathione peroxidase/metabolism	glutathione/metabolism	1.77700894165402e-12	39287745
phospholipid hydroperoxide glutathione peroxidase/metabolism	glutathione/metabolism	1.77700894165402e-12	40570981
phospholipid hydroperoxide glutathione peroxidase/metabolism	glutathione/metabolism	1.77700894165402e-12	38581191
phospholipid hydroperoxide glutathione peroxidase/metabolism	glutathione/metabolism	1.77700894165402e-12	39276841
phospholipid hydroperoxide glutathione peroxidase/metabolism	glutathione/metabolism	1.77700894165402e-12	32814895
phospholipid hydroperoxide glutathione peroxidase/metabolism	glutathione/metabolism	1.77700894165402e-12	39212400
phospholipid hydroperoxide glutathione peroxidase/metabolism	glutathione/metabolism	1.77700894165402e-12	40451026
phospholipid hydroperoxide glutathione peroxidase/metabolism	glutathione/metabolism	1.77700894165402e-12	40724917
phospholipid hydroperoxide glutathione peroxidase/metabolism	glutathione/metabolism	1.77700894165402e-12	40703032
phospholipid hydroperoxide glutathione peroxidase/metabolism	glutathione/metabolism	1.77700894165402e-12	30787033
phospholipid hydroperoxide glutathione peroxidase/metabolism	glutathione/metabolism	1.77700894165402e-12	40752796
phospholipid hydroperoxide glutathione peroxidase/metabolism	glutathione/metabolism	1.77700894165402e-12	39700767
calreticulin/metabolism	CYREN	0.012658227848101264	32686685
sorafenib/pharmacology	cell line	0.08860759493670886	34811833
phospholipid hydroperoxide glutathione peroxidase/metabolism	antioxidants/pharmacology	0.28237585199610515	40703032
macrophages	quinoxalines/pharmacology	0.012658227848101264	33311482
phospholipid hydroperoxide glutathione peroxidase/metabolism	neoplasm metastasis/drug therapy	0.15189873417721517	32814895
tor serine-threonine kinases/metabolism	ferroptosis/drug effects	0.48101265822784794	34093872
quinoxalines/pharmacology	spiro compounds/pharmacology	0.012658227848101264	33311482
phospholipid hydroperoxide glutathione peroxidase/metabolism	host-pathogen interactions	0.15189873417721517	30787033
quinoxalines/pharmacology	proto-oncogene proteins p21(ras)/metabolism	0.012658227848101264	33311482
tor serine-threonine kinases/metabolism	macrophages/drug effects	0.06329113924050632	34093872
bacterial toxins/metabolism	NOX4	0.012658227848101264	35197507
quinoxalines/pharmacology	ferroptosis/drug effects	0.48101265822784794	33311482
phospholipid hydroperoxide glutathione peroxidase/metabolism	ferroptosis/drug effects	5.2870412607714746e-05	39287745
phospholipid hydroperoxide glutathione peroxidase/metabolism	ferroptosis/drug effects	5.2870412607714746e-05	40570981
phospholipid hydroperoxide glutathione peroxidase/metabolism	ferroptosis/drug effects	5.2870412607714746e-05	38581191
phospholipid hydroperoxide glutathione peroxidase/metabolism	ferroptosis/drug effects	5.2870412607714746e-05	39276841
phospholipid hydroperoxide glutathione peroxidase/metabolism	ferroptosis/drug effects	5.2870412607714746e-05	32814895
phospholipid hydroperoxide glutathione peroxidase/metabolism	ferroptosis/drug effects	5.2870412607714746e-05	39212400
phospholipid hydroperoxide glutathione peroxidase/metabolism	ferroptosis/drug effects	5.2870412607714746e-05	40451026
phospholipid hydroperoxide glutathione peroxidase/metabolism	ferroptosis/drug effects	5.2870412607714746e-05	40724917
phospholipid hydroperoxide glutathione peroxidase/metabolism	ferroptosis/drug effects	5.2870412607714746e-05	40703032
phospholipid hydroperoxide glutathione peroxidase/metabolism	ferroptosis/drug effects	5.2870412607714746e-05	30787033
phospholipid hydroperoxide glutathione peroxidase/metabolism	ferroptosis/drug effects	5.2870412607714746e-05	40752796
phospholipid hydroperoxide glutathione peroxidase/metabolism	ferroptosis/drug effects	5.2870412607714746e-05	39700767
bacterial toxins/metabolism	FTH1	0.06329113924050632	35197507
macrophages	iron/metabolism	0.07594936708860758	33311482
tor serine-threonine kinases/metabolism	tumor microenvironment/drug effects	0.11392405063291138	34093872
quinoxalines/pharmacology	pancreatitis/genetics	0.012658227848101264	33311482
tor serine-threonine kinases/metabolism	mitochondria/drug effects	0.03797468354430379	34093872
phospholipid hydroperoxide glutathione peroxidase/metabolism	macrophages/drug effects	0.571485676215856	30787033
macrophages	biomarkers tumor	0.012658227848101264	33311482
quinoxalines/pharmacology	pancreas/metabolism	0.012658227848101264	33311482
sorafenib/pharmacology	SLC7A11	0.1392405063291139	34811833
phospholipid hydroperoxide glutathione peroxidase/metabolism	cell survival	0.28237585199610515	32814895
sorafenib/pharmacology	FUT1	0.012658227848101264	34811833
tor serine-threonine kinases/metabolism	nf-e2-related factor 2/genetics	0.012658227848101264	34093872
phospholipid hydroperoxide glutathione peroxidase/metabolism	mitochondria/drug effects	0.39421338155515356	39276841
bacterial toxins/metabolism	NLRP3	0.012658227848101264	35197507
phospholipid hydroperoxide glutathione peroxidase/metabolism	reactive oxygen species/metabolism	0.2162210118198388	39276841
phospholipid hydroperoxide glutathione peroxidase/metabolism	reactive oxygen species/metabolism	0.2162210118198388	40451026
phospholipid hydroperoxide glutathione peroxidase/metabolism	reactive oxygen species/metabolism	0.2162210118198388	40724917
bacterial toxins/metabolism	HMGB1	0.025316455696202528	35197507
bacterial toxins/metabolism	GPX4	0.27848101265822783	35197507
sorafenib/pharmacology	GPX4	0.27848101265822783	34811833
phospholipid hydroperoxide glutathione peroxidase/metabolism	cell line tumor	0.9981983133868795	40451026
tor serine-threonine kinases/metabolism	cell line tumor	0.37974683544303794	34093872
quinoxalines/pharmacology	phospholipid hydroperoxide glutathione peroxidase/genetics	0.025316455696202528	33311482
macrophages/cytology	biological products/chemistry	0.025316455696202528	31509699
tor serine-threonine kinases/metabolism	glycogen synthase kinase 3/metabolism	0.012658227848101264	34093872
phospholipid hydroperoxide glutathione peroxidase/metabolism	cell line	0.008806124807329481	40703032
phospholipid hydroperoxide glutathione peroxidase/metabolism	cell line	0.008806124807329481	39287745
phospholipid hydroperoxide glutathione peroxidase/metabolism	cell line	0.008806124807329481	40752796
phospholipid hydroperoxide glutathione peroxidase/metabolism	cell line	0.008806124807329481	40724917
sorafenib/pharmacology	FN1	0.012658227848101264	34811833
phospholipid hydroperoxide glutathione peroxidase/metabolism	HMOX1	0.28237585199610515	39276841
sorafenib/pharmacology	ROS1	0.1012658227848101	34811833
phospholipid hydroperoxide glutathione peroxidase/metabolism	FTH1	0.0015066878491262232	39212400
phospholipid hydroperoxide glutathione peroxidase/metabolism	FTH1	0.0015066878491262232	39287745
phospholipid hydroperoxide glutathione peroxidase/metabolism	FTH1	0.0015066878491262232	40724917
phospholipid hydroperoxide glutathione peroxidase/metabolism	FTH1	0.0015066878491262232	38581191
phospholipid hydroperoxide glutathione peroxidase/metabolism	SLC7A11	6.985241072430798e-05	38581191
phospholipid hydroperoxide glutathione peroxidase/metabolism	SLC7A11	6.985241072430798e-05	39276841
phospholipid hydroperoxide glutathione peroxidase/metabolism	SLC7A11	6.985241072430798e-05	39212400
phospholipid hydroperoxide glutathione peroxidase/metabolism	SLC7A11	6.985241072430798e-05	40451026
phospholipid hydroperoxide glutathione peroxidase/metabolism	SLC7A11	6.985241072430798e-05	40724917
phospholipid hydroperoxide glutathione peroxidase/metabolism	SLC7A11	6.985241072430798e-05	40703032
phospholipid hydroperoxide glutathione peroxidase/metabolism	SLC7A11	6.985241072430798e-05	40752796
bacterial toxins/metabolism	TLR4	0.03797468354430379	35197507
macrophages/cytology	protein kinase inhibitors/chemistry	0.025316455696202528	31509699
phospholipid hydroperoxide glutathione peroxidase/metabolism	ACSL4	0.28237585199610515	39212400
macrophages	cell transformation neoplastic/genetics	0.012658227848101264	33311482
phospholipid hydroperoxide glutathione peroxidase/metabolism	GPX4	1.2627425539393469e-08	39287745
phospholipid hydroperoxide glutathione peroxidase/metabolism	GPX4	1.2627425539393469e-08	40570981
phospholipid hydroperoxide glutathione peroxidase/metabolism	GPX4	1.2627425539393469e-08	38581191
phospholipid hydroperoxide glutathione peroxidase/metabolism	GPX4	1.2627425539393469e-08	39276841
phospholipid hydroperoxide glutathione peroxidase/metabolism	GPX4	1.2627425539393469e-08	32814895
phospholipid hydroperoxide glutathione peroxidase/metabolism	GPX4	1.2627425539393469e-08	39212400
phospholipid hydroperoxide glutathione peroxidase/metabolism	GPX4	1.2627425539393469e-08	40451026
phospholipid hydroperoxide glutathione peroxidase/metabolism	GPX4	1.2627425539393469e-08	40724917
phospholipid hydroperoxide glutathione peroxidase/metabolism	GPX4	1.2627425539393469e-08	40703032
phospholipid hydroperoxide glutathione peroxidase/metabolism	GPX4	1.2627425539393469e-08	30787033
phospholipid hydroperoxide glutathione peroxidase/metabolism	GPX4	1.2627425539393469e-08	40752796
phospholipid hydroperoxide glutathione peroxidase/metabolism	GPX4	1.2627425539393469e-08	39700767
phospholipid hydroperoxide glutathione peroxidase/metabolism	ACSL3	0.15189873417721517	32814895
phospholipid hydroperoxide glutathione peroxidase/metabolism	ROS1	0.016077594574121997	39700767
phospholipid hydroperoxide glutathione peroxidase/metabolism	ROS1	0.016077594574121997	40451026
phospholipid hydroperoxide glutathione peroxidase/metabolism	ROS1	0.016077594574121997	40752796
phospholipid hydroperoxide glutathione peroxidase/metabolism	ROS1	0.016077594574121997	38581191
tor serine-threonine kinases/metabolism	CHRM1	0.050632911392405056	34093872
macrophages	carcinoma pancreatic ductal/metabolism	0.012658227848101264	33311482
sorafenib/pharmacology	MMRN1	0.012658227848101264	34811833
macrophages	diet	0.012658227848101264	33311482
tor serine-threonine kinases/metabolism	GSK3B	0.012658227848101264	34093872
tor serine-threonine kinases/metabolism	PDCD1	0.07594936708860758	34093872
phospholipid hydroperoxide glutathione peroxidase/metabolism	NFE2L2	0.10726182544970018	39287745
phospholipid hydroperoxide glutathione peroxidase/metabolism	NFE2L2	0.10726182544970018	40752796
macrophages	spiro compounds/pharmacology	0.012658227848101264	33311482
phospholipid hydroperoxide glutathione peroxidase/metabolism	TF	0.28237585199610515	40451026
tor serine-threonine kinases/metabolism	PRKAA1	0.012658227848101264	34093872
macrophages	proto-oncogene proteins p21(ras)/metabolism	0.012658227848101264	33311482
tor serine-threonine kinases/metabolism	GABPA	0.012658227848101264	34093872
sorafenib/pharmacology	HIF1A	0.012658227848101264	34811833
tor serine-threonine kinases/metabolism	MTOR	0.012658227848101264	34093872
macrophages	ferroptosis/drug effects	0.48101265822784794	33311482
macrophages/cytology	gels/chemistry	0.025316455696202528	33236624
macrophages/cytology	drug synergism	0.025316455696202528	31509699
macrophages	pancreatitis/genetics	0.012658227848101264	33311482
inflammation mediators/antagonists &amp; inhibitors	ferroptosis/drug effects	0.48101265822784794	34717678
tor serine-threonine kinases/metabolism	BTRC	0.012658227848101264	34093872
tor serine-threonine kinases/metabolism	PRKAA2	0.012658227848101264	34093872
macrophages	pancreas/metabolism	0.012658227848101264	33311482
macrophages/cytology	saponins/chemistry	0.025316455696202528	31509699
tor serine-threonine kinases/metabolism	CD274	0.050632911392405056	34093872
macrophages/cytology	antineoplastic agents/chemistry	0.025316455696202528	31509699
toll-like receptor 4/metabolism	hypertension pulmonary/chemically induced	0.03797468354430379	35197507
macrophages/cytology	urinary bladder neoplasms/pathology	0.025316455696202528	33236624
tor serine-threonine kinases/metabolism	NFE2L2	0.050632911392405056	34093872
phospholipid hydroperoxide glutathione peroxidase/metabolism	hep g2 cells	0.28237585199610515	38581191
tor serine-threonine kinases/metabolism	CD8A	0.1012658227848101	34093872
macrophages	phospholipid hydroperoxide glutathione peroxidase/genetics	0.025316455696202528	33311482
macrophages/cytology	energy metabolism/drug effects	0.025316455696202528	31509699
tor serine-threonine kinases/metabolism	PRKAB1	0.012658227848101264	34093872
toll-like receptor 4/metabolism	nlr family pyrin domain-containing 3 protein/metabolism	0.03797468354430379	35197507
inflammation mediators/antagonists &amp; inhibitors	CCK	0.03797468354430379	34717678
tor serine-threonine kinases/metabolism	RPL17-C18orf32	0.07594936708860758	34093872
tor serine-threonine kinases/metabolism	RPL17	0.07594936708860758	34093872
tor serine-threonine kinases/metabolism	MRLN	0.050632911392405056	34093872
quinoxalines/pharmacology	GPX4	0.27848101265822783	33311482
tor serine-threonine kinases/metabolism	CTLA4	0.012658227848101264	34093872
toll-like receptor 4/metabolism	ferroptosis/drug effects	0.8651980930461943	35197507
inflammation mediators/antagonists &amp; inhibitors	GPX4	0.27848101265822783	34717678
macrophages/cytology	ferroptosis/drug effects	0.22817267121064583	33236624
macrophages/cytology	ferroptosis/drug effects	0.22817267121064583	31509699
macrophages/cytology	neoplasms/drug therapy	0.05030834144758196	31509699
inflammation mediators/antagonists &amp; inhibitors	NFE2L2	0.050632911392405056	34717678
toll-like receptor 4/metabolism	tumor microenvironment/drug effects	0.30778082676816854	31257391
toll-like receptor 4/metabolism	macrophages/metabolism	0.2458174736655749	35197507
collagen type i/metabolism	actins/metabolism	0.012658227848101264	34811833
quinoxalines/pharmacology	KDM8	0.012658227848101264	33311482
macrophages/cytology	mitochondria/drug effects	0.07497565725413827	31509699
macrophages	GPX4	0.27848101265822783	33311482
macrophages/cytology	pyruvate dehydrogenase acetyl-transferring kinase/antagonists &amp; inhibitors	0.025316455696202528	31509699
collagen type i/metabolism	liver cirrhosis/drug therapy	0.012658227848101264	34811833
collagen type i/metabolism	sorafenib/pharmacology	0.012658227848101264	34811833
toll-like receptor 4/metabolism	hmgb1 protein/metabolism	0.03797468354430379	35197507
macrophages/cytology	reactive oxygen species/metabolism	0.2606296656929568	33236624
toll-like receptor 4/metabolism	inflammation/metabolism	0.07497565725413827	35197507
macrophages/cytology	gold/chemistry	0.025316455696202528	33236624
quinoxalines/pharmacology	STING1	0.012658227848101264	33311482
macrophages/cytology	cell line tumor	0.14118792599805258	33236624
macrophages/cytology	cell line tumor	0.14118792599805258	31509699
macrophages	KDM8	0.012658227848101264	33311482
toll-like receptor 4/metabolism	CD36	0.049380998748087344	39166450
toll-like receptor 4/metabolism	CD36	0.049380998748087344	31257391
toll-like receptor 4/metabolism	NOX4	0.03797468354430379	35197507
collagen type i/metabolism	hypoxia-inducible factor 1 alpha subunit/metabolism	0.012658227848101264	34811833
cell line tumor/transplantation	t-lymphocytes/immunology	0.025316455696202528	33547170
toll-like receptor 4/metabolism	FTH1	0.180262775199484	35197507
toll-like receptor 4/metabolism	IFNA1	0.11101556671176926	39166450
macrophages	STING1	0.012658227848101264	33311482
toll-like receptor 4/metabolism	CHRM1	0.1461070574994626	31257391
cell line tumor/transplantation	ferroptosis/drug effects	0.22817267121064583	33547170
cell line tumor/transplantation	ferroptosis/drug effects	0.22817267121064583	34593794
cell line tumor/transplantation	skin neoplasms/drug therapy	0.025316455696202528	34593794
macrophages/cytology	CHRM1	0.09931840311587149	33236624
toll-like receptor 4/metabolism	NLRP3	0.03797468354430379	35197507
toll-like receptor 4/metabolism	HMGB1	0.07497565725413827	35197507
collagen type i/metabolism	amino acid transport system y+/metabolism	0.1012658227848101	34811833
toll-like receptor 4/metabolism	GPX4	0.6299902629016554	35197507
cell line tumor/transplantation	membrane proteins/metabolism	0.025316455696202528	33547170
cell line tumor/transplantation	tumor microenvironment/drug effects	0.011684518013631937	33547170
cell line tumor/transplantation	tumor microenvironment/drug effects	0.011684518013631937	34593794
cell line tumor/transplantation	tumor escape/drug effects	0.025316455696202528	34593794
cell line tumor/transplantation	immune checkpoint inhibitors/pharmacology	0.025316455696202528	34593794
cell line tumor/transplantation	colonic neoplasms/drug therapy	0.025316455696202528	33547170
cell line tumor/transplantation	heme oxygenase-1/metabolism	0.025316455696202528	33547170
macrophages/cytology	ROS1	0.19344368711457316	31509699
lipopolysaccharides/toxicity	dose-response relationship drug	0.03797468354430379	34717678
cell line tumor/transplantation	reactive oxygen species/metabolism	0.2606296656929568	33547170
toll-like receptor 4/metabolism	TLR4	0.0028958383388763137	39166450
toll-like receptor 4/metabolism	TLR4	0.0028958383388763137	35197507
lipopolysaccharides/toxicity	inflammation mediators/antagonists &amp; inhibitors	0.012658227848101264	34717678
cell line tumor/transplantation	drug resistance neoplasm/drug effects	0.025316455696202528	34593794
raw 264.7 cells	antineoplastic agents/pharmacology	0.17039922103213245	27756885
cell line tumor/transplantation	HMOX1	0.05030834144758196	33547170
cell line tumor/transplantation	TP53	0.12333657903278158	33547170
lipopolysaccharides/toxicity	ferroptosis/drug effects	0.48101265822784794	34717678
toll-like receptor 4/metabolism	MRLN	0.1461070574994626	31257391
macrophages/cytology	MRLN	0.09931840311587149	33236624
raw 264.7 cells	nf-e2-related factor 2/biosynthesis	0.025316455696202528	34717678
cell line tumor/transplantation	CD274	0.09931840311587149	34593794
cell line tumor/transplantation	ASAH2	0.025316455696202528	33547170
raw 264.7 cells	cell movement/drug effects	0.07497565725413827	27756885
collagen type i/metabolism	hepatic stellate cells/drug effects	0.012658227848101264	34811833
toll-like receptor 4/metabolism	protease inhibitors/pharmacology	0.03797468354430379	31257391
toll-like receptor 4/metabolism	carcinoma hepatocellular/drug therapy	0.03797468354430379	31257391
phospholipid hydroperoxide glutathione peroxidase/metabolism	receptors transferrin/metabolism	0.15189873417721517	39276841
phospholipid hydroperoxide glutathione peroxidase/metabolism	selenomethionine/pharmacology	0.15189873417721517	39700767
phospholipid hydroperoxide glutathione peroxidase/metabolism	carbolines	0.15189873417721517	39287745
phospholipid hydroperoxide glutathione peroxidase/metabolism	cyclohexylamines	0.15189873417721517	39212400
phospholipid hydroperoxide glutathione peroxidase/metabolism	polysaccharides/pharmacology	0.15189873417721517	40752796
lipopolysaccharides/toxicity	CCK	0.03797468354430379	34717678
phospholipid hydroperoxide glutathione peroxidase/metabolism	herbicides/toxicity	0.15189873417721517	40451026
phospholipid hydroperoxide glutathione peroxidase/metabolism	leydig cells/metabolism	0.15189873417721517	39212400
phospholipid hydroperoxide glutathione peroxidase/metabolism	malondialdehyde/metabolism	0.021421616358325218	39212400
phospholipid hydroperoxide glutathione peroxidase/metabolism	malondialdehyde/metabolism	0.021421616358325218	40451026
phospholipid hydroperoxide glutathione peroxidase/metabolism	glucose/deficiency	0.15189873417721517	39287745
phospholipid hydroperoxide glutathione peroxidase/metabolism	chondrocytes/drug effects	0.15189873417721517	39700767
phospholipid hydroperoxide glutathione peroxidase/metabolism	aging/metabolism	0.15189873417721517	40724917
phospholipid hydroperoxide glutathione peroxidase/metabolism	superoxide dismutase/metabolism	0.15189873417721517	39212400
phospholipid hydroperoxide glutathione peroxidase/metabolism	nf-e2-related factor 2/metabolism	0.15189873417721517	39287745
phospholipid hydroperoxide glutathione peroxidase/metabolism	eye proteins/chemistry	0.15189873417721517	40703032
phospholipid hydroperoxide glutathione peroxidase/metabolism	antioxidants/metabolism	0.15189873417721517	40724917
phospholipid hydroperoxide glutathione peroxidase/metabolism	nerve growth factors/chemistry	0.15189873417721517	40703032
phospholipid hydroperoxide glutathione peroxidase/metabolism	neurons/metabolism	0.15189873417721517	40724917
phospholipid hydroperoxide glutathione peroxidase/metabolism	folic acid/pharmacology	0.15189873417721517	40724917
phospholipid hydroperoxide glutathione peroxidase/metabolism	aminopyridines/pharmacology	0.15189873417721517	39287745
lipopolysaccharides/toxicity	GPX4	0.27848101265822783	34717678
phospholipid hydroperoxide glutathione peroxidase/metabolism	cyclic nucleotide phosphodiesterases type 4/metabolism	0.15189873417721517	39287745
raw 264.7 cells	gene expression	0.025316455696202528	34717678
phospholipid hydroperoxide glutathione peroxidase/metabolism	chalcones/toxicity	0.15189873417721517	38581191
phospholipid hydroperoxide glutathione peroxidase/metabolism	retinal pigment epithelium/metabolism	0.15189873417721517	40703032
phospholipid hydroperoxide glutathione peroxidase/metabolism	iodates/toxicity	0.15189873417721517	40703032
phospholipid hydroperoxide glutathione peroxidase/metabolism	spiral ganglion/drug effects	0.15189873417721517	39276841
collagen type i/metabolism	hepatocytes/drug effects	0.012658227848101264	34811833
toll-like receptor 4/metabolism	phagocytosis	0.03797468354430379	39166450
phospholipid hydroperoxide glutathione peroxidase/metabolism	testosterone	0.15189873417721517	39212400
raw 264.7 cells	cell survival/drug effects	0.09931840311587149	34717678
phospholipid hydroperoxide glutathione peroxidase/metabolism	beclin-1/metabolism	0.15189873417721517	40451026
phospholipid hydroperoxide glutathione peroxidase/metabolism	retinal degeneration/chemically induced	0.15189873417721517	40703032
phospholipid hydroperoxide glutathione peroxidase/metabolism	neurons/drug effects	0.0027820280984837947	39287745
phospholipid hydroperoxide glutathione peroxidase/metabolism	neurons/drug effects	0.0027820280984837947	40570981
phospholipid hydroperoxide glutathione peroxidase/metabolism	neurons/drug effects	0.0027820280984837947	39276841
phospholipid hydroperoxide glutathione peroxidase/metabolism	reperfusion injury/pathology	0.15189873417721517	39287745
lipopolysaccharides/toxicity	NFE2L2	0.050632911392405056	34717678
collagen type i/metabolism	ferroptosis/drug effects	0.48101265822784794	34811833
phospholipid hydroperoxide glutathione peroxidase/metabolism	24-dichlorophenoxyacetic acid/toxicity	0.15189873417721517	40451026
phospholipid hydroperoxide glutathione peroxidase/metabolism	benzamides/pharmacology	0.15189873417721517	39287745
phospholipid hydroperoxide glutathione peroxidase/metabolism	brain ischemia/pathology	0.15189873417721517	39287745
phospholipid hydroperoxide glutathione peroxidase/metabolism	phenylenediamines	0.15189873417721517	39212400
raw 264.7 cells	lipopolysaccharides/toxicity	0.025316455696202528	34717678
ventricular function left/drug effects	neutrophils/immunology	0.025316455696202528	30830879
phospholipid hydroperoxide glutathione peroxidase/metabolism	embryo nonmammalian/drug effects	0.15189873417721517	38581191
phospholipid hydroperoxide glutathione peroxidase/metabolism	kidney/drug effects	0.15189873417721517	40752796
phospholipid hydroperoxide glutathione peroxidase/metabolism	cystine/metabolism	0.15189873417721517	40724917
phospholipid hydroperoxide glutathione peroxidase/metabolism	serpins/chemistry	0.15189873417721517	40703032
phospholipid hydroperoxide glutathione peroxidase/metabolism	drugs chinese herbal/pharmacology	0.15189873417721517	39212400
phospholipid hydroperoxide glutathione peroxidase/metabolism	hydrogen peroxide	0.15189873417721517	39212400
phospholipid hydroperoxide glutathione peroxidase/metabolism	membrane potential mitochondrial/drug effects	0.15189873417721517	38581191
phospholipid hydroperoxide glutathione peroxidase/metabolism	selenium/chemistry	0.15189873417721517	40570981
phospholipid hydroperoxide glutathione peroxidase/metabolism	cartilage articular/drug effects	0.15189873417721517	39700767
phospholipid hydroperoxide glutathione peroxidase/metabolism	diabetic nephropathies/drug therapy	0.15189873417721517	40752796
phospholipid hydroperoxide glutathione peroxidase/metabolism	t-2 toxin/toxicity	0.15189873417721517	39700767
toll-like receptor 4/metabolism	immunity innate	0.07497565725413827	31257391
phospholipid hydroperoxide glutathione peroxidase/metabolism	chemical and drug induced liver injury/metabolism	0.15189873417721517	38581191
collagen type i/metabolism	macrophages/drug effects	0.06329113924050632	34811833
phospholipid hydroperoxide glutathione peroxidase/metabolism	phosphodiesterase 4 inhibitors/pharmacology	0.15189873417721517	39287745
phospholipid hydroperoxide glutathione peroxidase/metabolism	organometallic compounds/toxicity	0.15189873417721517	39276841
phospholipid hydroperoxide glutathione peroxidase/metabolism	SERPINF1	0.15189873417721517	40703032
phospholipid hydroperoxide glutathione peroxidase/metabolism	LPO	0.15189873417721517	40752796
phospholipid hydroperoxide glutathione peroxidase/metabolism	PDE4B	0.15189873417721517	39287745
phospholipid hydroperoxide glutathione peroxidase/metabolism	BECN1	0.15189873417721517	40451026
toll-like receptor 4/metabolism	stem cell factor/metabolism	0.03797468354430379	31257391
ventricular function left/drug effects	myocardium/immunology	0.012658227848101264	30830879
phospholipid hydroperoxide glutathione peroxidase/metabolism	TNMD	0.15189873417721517	40451026
phospholipid hydroperoxide glutathione peroxidase/metabolism	PDE4A	0.15189873417721517	39287745
phospholipid hydroperoxide glutathione peroxidase/metabolism	ATP8A2	0.15189873417721517	38581191
raw 264.7 cells	dose-response relationship drug	0.07497565725413827	34717678
phospholipid hydroperoxide glutathione peroxidase/metabolism	TFRC	0.021421616358325218	39276841
phospholipid hydroperoxide glutathione peroxidase/metabolism	TFRC	0.021421616358325218	40451026
phospholipid hydroperoxide glutathione peroxidase/metabolism	CYLD	0.15189873417721517	40451026
phospholipid hydroperoxide glutathione peroxidase/metabolism	FGFR1	0.15189873417721517	39287745
phospholipid hydroperoxide glutathione peroxidase/metabolism	NCOA4	0.021421616358325218	39287745
phospholipid hydroperoxide glutathione peroxidase/metabolism	NCOA4	0.021421616358325218	39276841
phospholipid hydroperoxide glutathione peroxidase/metabolism	TPM3	0.15189873417721517	39212400
toll-like receptor 4/metabolism	endometrial neoplasms/immunology	0.03797468354430379	39166450
ventricular function left/drug effects	adaptor proteins vesicular transport/genetics	0.012658227848101264	30830879
raw 264.7 cells	inflammation mediators/antagonists &amp; inhibitors	0.025316455696202528	34717678
hemeproteins/toxicity	liver x receptors/agonists	0.012658227848101264	31980600
toll-like receptor 4/metabolism	interferon type i/metabolism	0.07497565725413827	39166450
ventricular function left/drug effects	myocardial reperfusion injury/drug therapy	0.012658227848101264	30830879
hemeproteins/toxicity	transferrin/metabolism	0.012658227848101264	31980600
toll-like receptor 4/metabolism	tumor microenvironment/immunology	0.2458174736655749	39166450
hemeproteins/toxicity	tumor suppressor protein p53/genetics	0.012658227848101264	31980600
hemeproteins/toxicity	ferroptosis/drug effects	0.48101265822784794	31980600
toll-like receptor 4/metabolism	heme/metabolism	0.03797468354430379	39166450
hemeproteins/toxicity	ferritins/blood	0.012658227848101264	31980600
collagen type i/metabolism	cell line	0.08860759493670886	34811833
toll-like receptor 4/metabolism	macrophages/immunology	0.005741094348689287	39166450
toll-like receptor 4/metabolism	macrophages/immunology	0.005741094348689287	31257391
hemeproteins/toxicity	macrophages/drug effects	0.06329113924050632	31980600
transferrin/metabolism	tumor suppressor protein p53/genetics	0.012658227848101264	31980600
antioxidants/pharmacology	eye proteins/chemistry	0.025316455696202528	40703032
antioxidants/pharmacology	nerve growth factors/chemistry	0.025316455696202528	40703032
transferrin/metabolism	ferroptosis/drug effects	0.48101265822784794	31980600
transferrin/metabolism	ferritins/blood	0.012658227848101264	31980600
toll-like receptor 4/metabolism	plant extracts/pharmacology	0.03797468354430379	31257391
raw 264.7 cells	ferroptosis/drug effects	0.7338526452450505	34717678
antioxidants/pharmacology	retinal pigment epithelium/metabolism	0.025316455696202528	40703032
heat-shock proteins/genetics	acetaminophen/pharmacology	0.012658227848101264	34062295
transferrin/metabolism	macrophages/drug effects	0.06329113924050632	31980600
antioxidants/pharmacology	iodates/toxicity	0.025316455696202528	40703032
heat-shock proteins/genetics	ferroptosis/drug effects	0.48101265822784794	34062295
hemeproteins/toxicity	listeriosis/etiology	0.012658227848101264	31980600
collagen type i/metabolism	SLC7A11	0.1392405063291139	34811833
collagen type i/metabolism	FUT1	0.012658227848101264	34811833
antioxidants/pharmacology	retinal degeneration/chemically induced	0.025316455696202528	40703032
hemeproteins/toxicity	TP53	0.06329113924050632	31980600
collagen type i/metabolism	GPX4	0.27848101265822783	34811833
toll-like receptor 4/metabolism	tumor necrosis factor-alpha/metabolism	0.11101556671176926	31257391
antioxidants/pharmacology	serpins/chemistry	0.025316455696202528	40703032
collagen type i/metabolism	FN1	0.012658227848101264	34811833
toll-like receptor 4/metabolism	digestion	0.03797468354430379	31257391
transferrin/metabolism	listeriosis/etiology	0.012658227848101264	31980600
ventricular function left/drug effects	ferroptosis/drug effects	0.48101265822784794	30830879
collagen type i/metabolism	ROS1	0.1012658227848101	34811833
transferrin/metabolism	TP53	0.06329113924050632	31980600
antioxidants/pharmacology	SERPINF1	0.025316455696202528	40703032
hemeproteins/toxicity	TF	0.025316455696202528	31980600
collagen type i/metabolism	MMRN1	0.012658227848101264	34811833
ventricular function left/drug effects	neutrophil infiltration	0.012658227848101264	30830879
toll-like receptor 4/metabolism	cd36 antigens/metabolism	0.019562715765247415	39166450
toll-like receptor 4/metabolism	cd36 antigens/metabolism	0.019562715765247415	31257391
heat-shock proteins/genetics	hyaluronan receptors/genetics	0.012658227848101264	34062295
toll-like receptor 4/metabolism	rna messenger/metabolism	0.07497565725413827	31257391
collagen type i/metabolism	HIF1A	0.012658227848101264	34811833
transferrin/metabolism	TF	0.025316455696202528	31980600
ventricular function left/drug effects	toll-like receptor 4/genetics	0.012658227848101264	30830879
toll-like receptor 4/metabolism	gastrointestinal tract	0.03797468354430379	31257391
raw 264.7 cells	cell line tumor	0.6183057448880234	27756885
heat-shock proteins/genetics	HSPB1	0.012658227848101264	34062295
heat-shock proteins/genetics	SLC40A1	0.012658227848101264	34062295
raw 264.7 cells	CCK	0.07497565725413827	34717678
ventricular function left/drug effects	TICAM1	0.012658227848101264	30830879
urinary bladder neoplasms/pathology	ferroptosis/drug effects	0.48101265822784794	33236624
ventricular function left/drug effects	IFNA1	0.03797468354430379	30830879
heat-shock proteins/genetics	CD44	0.025316455696202528	34062295
urinary bladder neoplasms/pathology	reactive oxygen species/metabolism	0.1392405063291139	33236624
raw 264.7 cells	GPX4	0.4819863680623173	34717678
tetrahydrofolate dehydrogenase/genetics	vitamin e/pharmacology	0.012658227848101264	32778843
ventricular function left/drug effects	TLR4	0.03797468354430379	30830879
tetrahydrofolate dehydrogenase/genetics	dose-response relationship drug	0.03797468354430379	32778843
tetrahydrofolate dehydrogenase/genetics	antioxidants/pharmacology	0.025316455696202528	32778843
urinary bladder neoplasms/pathology	gold/chemistry	0.012658227848101264	33236624
urinary bladder neoplasms/pathology	cell line tumor	0.37974683544303794	33236624
ventricular function left/drug effects	TRIM69	0.012658227848101264	30830879
tetrahydrofolate dehydrogenase/genetics	ferroptosis/drug effects	0.48101265822784794	32778843
tetrahydrofolate dehydrogenase/genetics	jurkat cells	0.025316455696202528	32778843
raw 264.7 cells	NFE2L2	0.09931840311587149	34717678
tetrahydrofolate dehydrogenase/genetics	methotrexate/pharmacology	0.012658227848101264	32778843
tetrahydrofolate dehydrogenase/genetics	biopterins/analogs &amp; derivatives	0.012658227848101264	32778843
amp-activated protein kinase kinases	lung neoplasms/drug therapy	0.012658227848101264	34093872
raw 264.7 cells	IL6	0.21616358325219084	27756885
toll-like receptor 4/metabolism	TNF	0.21349536539409955	31257391
urinary bladder neoplasms/pathology	CHRM1	0.050632911392405056	33236624
tetrahydrofolate dehydrogenase/genetics	cystine/antagonists &amp; inhibitors	0.012658227848101264	32778843
t-lymphocytes/immunology	ferroptosis/drug effects	0.48101265822784794	33547170
tetrahydrofolate dehydrogenase/genetics	reactive oxygen species/metabolism	0.1392405063291139	32778843
t-lymphocytes/immunology	membrane proteins/metabolism	0.012658227848101264	33547170
t-lymphocytes/immunology	tumor microenvironment/drug effects	0.11392405063291138	33547170
tetrahydrofolate dehydrogenase/genetics	GPX4	0.27848101265822783	32778843
t-lymphocytes/immunology	colonic neoplasms/drug therapy	0.012658227848101264	33547170
benzylidene compounds/chemistry	phenol/chemistry	0.012658227848101264	34985903
t-lymphocytes/immunology	heme oxygenase-1/metabolism	0.012658227848101264	33547170
amp-activated protein kinase kinases	ferroptosis/drug effects	0.48101265822784794	34093872
t-lymphocytes/immunology	reactive oxygen species/metabolism	0.1392405063291139	33547170
urinary bladder neoplasms/pathology	MRLN	0.050632911392405056	33236624
benzylidene compounds/chemistry	cd8-positive t-lymphocytes/cytology	0.025316455696202528	34985903
amp-activated protein kinase kinases	macrophages/drug effects	0.06329113924050632	34093872
t-lymphocytes/immunology	HMOX1	0.025316455696202528	33547170
amp-activated protein kinase kinases	tumor microenvironment/drug effects	0.11392405063291138	34093872
triple negative breast neoplasms/drug therapy	ferroptosis/drug effects	0.48101265822784794	34991659
benzylidene compounds/chemistry	ferroptosis/drug effects	0.48101265822784794	34985903
amp-activated protein kinase kinases	mitochondria/drug effects	0.03797468354430379	34093872
amp-activated protein kinase kinases	nf-e2-related factor 2/genetics	0.012658227848101264	34093872
t-lymphocytes/immunology	TP53	0.06329113924050632	33547170
raw 264.7 cells	neoplasm recurrence local	0.025316455696202528	27756885
triple negative breast neoplasms/drug therapy	tumor microenvironment/drug effects	0.11392405063291138	34991659
benzylidene compounds/chemistry	cell line tumor	0.37974683544303794	34985903
amp-activated protein kinase kinases	cell line tumor	0.37974683544303794	34093872
raw 264.7 cells	hydroxymethylglutaryl-coa reductase inhibitors/pharmacology	0.025316455696202528	27756885
amp-activated protein kinase kinases	glycogen synthase kinase 3/metabolism	0.012658227848101264	34093872
vitamin e/pharmacology	dose-response relationship drug	0.03797468354430379	32778843
benzylidene compounds/chemistry	exosomes/metabolism	0.012658227848101264	34985903
vitamin e/pharmacology	antioxidants/pharmacology	0.025316455696202528	32778843
triple negative breast neoplasms/drug therapy	basic-leucine zipper transcription factors/analysis	0.012658227848101264	34991659
benzylidene compounds/chemistry	PDCD1	0.07594936708860758	34985903
triple negative breast neoplasms/drug therapy	tumor-associated macrophages/drug effects	0.012658227848101264	34991659
t-lymphocytes/immunology	ASAH2	0.012658227848101264	33547170
amp-activated protein kinase kinases	CHRM1	0.050632911392405056	34093872
cell survival/drug effects	lipid metabolism/drug effects	0.050632911392405056	31554642
benzylidene compounds/chemistry	CD274	0.050632911392405056	34985903
cell survival/drug effects	lipopolysaccharides/toxicity	0.050632911392405056	34717678
amp-activated protein kinase kinases	GSK3B	0.012658227848101264	34093872
triple negative breast neoplasms/drug therapy	TGFB1	0.08860759493670886	34991659
cell survival/drug effects	tor serine-threonine kinases/metabolism	0.050632911392405056	34093872
triple negative breast neoplasms/drug therapy	HLF	0.012658227848101264	34991659
amp-activated protein kinase kinases	PDCD1	0.07594936708860758	34093872
cell survival/drug effects	amp-activated protein kinase kinases	0.050632911392405056	34093872
cell survival/drug effects	glutathione/metabolism	0.5493913148809885	39287745
cell survival/drug effects	lung neoplasms/drug therapy	0.050632911392405056	34093872
benzylidene compounds/chemistry	RPL17-C18orf32	0.07594936708860758	34985903
benzylidene compounds/chemistry	RPL17	0.07594936708860758	34985903
amp-activated protein kinase kinases	PRKAA1	0.012658227848101264	34093872
cell survival/drug effects	dose-response relationship drug	0.1461070574994626	34717678
triple negative breast neoplasms/drug therapy	STAT3	0.07594936708860758	34991659
amp-activated protein kinase kinases	GABPA	0.012658227848101264	34093872
vitamin e/pharmacology	ferroptosis/drug effects	0.48101265822784794	32778843
vitamin e/pharmacology	jurkat cells	0.025316455696202528	32778843
cell survival/drug effects	inflammation mediators/antagonists &amp; inhibitors	0.050632911392405056	34717678
amp-activated protein kinase kinases	MTOR	0.012658227848101264	34093872
amp-activated protein kinase kinases	BTRC	0.012658227848101264	34093872
amp-activated protein kinase kinases	PRKAA2	0.012658227848101264	34093872
vitamin e/pharmacology	methotrexate/pharmacology	0.012658227848101264	32778843
triple negative breast neoplasms/drug therapy	SMAD3	0.012658227848101264	34991659
ileum/drug effects	drug interactions	0.012658227848101264	32134361
vitamin e/pharmacology	biopterins/analogs &amp; derivatives	0.012658227848101264	32778843
ileum/drug effects	ferroptosis/drug effects	0.48101265822784794	32134361
amp-activated protein kinase kinases	CD274	0.050632911392405056	34093872
cell survival/drug effects	sulfasalazine/administration &amp; dosage	0.050632911392405056	31554642
cell survival/drug effects	ferroptosis/drug effects	0.04912808710277065	34093872
cell survival/drug effects	ferroptosis/drug effects	0.04912808710277065	39287745
cell survival/drug effects	ferroptosis/drug effects	0.04912808710277065	31554642
cell survival/drug effects	ferroptosis/drug effects	0.04912808710277065	34717678
amp-activated protein kinase kinases	NFE2L2	0.050632911392405056	34093872
amp-activated protein kinase kinases	CD8A	0.1012658227848101	34093872
raw 264.7 cells	breast neoplasms/drug therapy	0.025316455696202528	27756885
cell survival/drug effects	macrophages/drug effects	0.23419285577846533	34093872
vitamin e/pharmacology	cystine/antagonists &amp; inhibitors	0.012658227848101264	32778843
amp-activated protein kinase kinases	PRKAB1	0.012658227848101264	34093872
dna	membrane proteins/genetics	0.012658227848101264	33311482
cell survival/drug effects	tumor microenvironment/drug effects	0.3897541499140433	34093872
triple negative breast neoplasms/drug therapy	JAK2	0.012658227848101264	34991659
raw 264.7 cells	interleukin-6/metabolism	0.07497565725413827	27756885
cell survival/drug effects	mitochondria/drug effects	0.1461070574994626	34093872
amp-activated protein kinase kinases	RPL17-C18orf32	0.07594936708860758	34093872
vitamin e/pharmacology	reactive oxygen species/metabolism	0.1392405063291139	32778843
amp-activated protein kinase kinases	RPL17	0.07594936708860758	34093872
ileum/drug effects	radiation-protective agents/pharmacology	0.012658227848101264	32134361
triple negative breast neoplasms/drug therapy	IL6	0.11392405063291138	34991659
cell survival/drug effects	nf-e2-related factor 2/genetics	0.050632911392405056	34093872
raw 264.7 cells	stat3 transcription factor/metabolism	0.12333657903278158	27756885
amp-activated protein kinase kinases	MRLN	0.050632911392405056	34093872
amp-activated protein kinase kinases	CTLA4	0.012658227848101264	34093872
dna	quinoxalines/pharmacology	0.012658227848101264	33311482
myeloid-derived suppressor cells/immunology	neutral ceramidase/antagonists &amp; inhibitors	0.012658227848101264	33547170
raw 264.7 cells	inflammation/immunology	0.025316455696202528	27756885
cell survival/drug effects	antineoplastic agents immunological/administration &amp; dosage	0.050632911392405056	31554642
cell survival/drug effects	cell line tumor	0.4911178095721734	34093872
cell survival/drug effects	cell line tumor	0.4911178095721734	31554642
cell survival/drug effects	glycogen synthase kinase 3/metabolism	0.050632911392405056	34093872
cell survival/drug effects	cell line	0.315281653722693	39287745
triple negative breast neoplasms/drug therapy	GGT1	0.012658227848101264	34991659
cell survival/drug effects	CCK	0.1461070574994626	34717678
myeloid-derived suppressor cells/immunology	antineoplastic agents/pharmacology	0.08860759493670886	33547170
cell survival/drug effects	SLC9A1	0.09931840311587149	31554642
raw 264.7 cells	macrophage colony-stimulating factor/antagonists &amp; inhibitors	0.025316455696202528	27756885
cell survival/drug effects	FTH1	0.23419285577846533	39287745
cell survival/drug effects	ATM	0.050632911392405056	31554642
cell survival/drug effects	SLC7A11	0.4579803940230322	31554642
cell survival/drug effects	CHRM1	0.19104879131528035	34093872
cell survival/drug effects	GSK3B	0.050632911392405056	34093872
cell survival/drug effects	PDCD1	0.2755878365471969	34093872
cell survival/drug effects	GPX4	0.30866601752677697	39287745
cell survival/drug effects	GPX4	0.30866601752677697	34717678
cell survival/drug effects	PRKAA1	0.050632911392405056	34093872
dna	iron/metabolism	0.07594936708860758	33311482
cell survival/drug effects	GABPA	0.050632911392405056	34093872
vitamin e/pharmacology	GPX4	0.27848101265822783	32778843
cell survival/drug effects	MTOR	0.050632911392405056	34093872
cell survival/drug effects	BTRC	0.050632911392405056	34093872
cell survival/drug effects	PRKAA2	0.050632911392405056	34093872
dna	biomarkers tumor	0.012658227848101264	33311482
cell survival/drug effects	CD274	0.19104879131528035	34093872
metal-organic frameworks/chemistry	programmed cell death 1 receptor/metabolism	0.025316455696202528	34985903
cell survival/drug effects	NFE2L2	0.00020033264536928764	34093872
cell survival/drug effects	NFE2L2	0.00020033264536928764	39287745
cell survival/drug effects	NFE2L2	0.00020033264536928764	34717678
drug interactions	ferroptosis/drug effects	0.48101265822784794	32134361
cell survival/drug effects	CD8A	0.049002296837073654	34093872
cell survival/drug effects	CD8A	0.049002296837073654	31554642
cell survival/drug effects	PRKAB1	0.050632911392405056	34093872
cell survival/drug effects	RPL17-C18orf32	0.2755878365471969	34093872
cell survival/drug effects	RPL17	0.2755878365471969	34093872
myeloid-derived suppressor cells/immunology	lymphocytes tumor-infiltrating/immunology	0.012658227848101264	33547170
cell survival/drug effects	MRLN	0.19104879131528035	34093872
cell survival/drug effects	CTLA4	0.050632911392405056	34093872
myeloid-derived suppressor cells/immunology	cell line tumor/transplantation	0.025316455696202528	33547170
drug interactions	radiation-protective agents/pharmacology	0.012658227848101264	32134361
raw 264.7 cells	mesenchymal stem cells/immunology	0.025316455696202528	27756885
metal-organic frameworks/chemistry	benzylidene compounds/chemistry	0.012658227848101264	34985903
dna	cell transformation neoplastic/genetics	0.012658227848101264	33311482
ferritins/blood	macrophages/drug effects	0.06329113924050632	31980600
dna	carcinoma pancreatic ductal/metabolism	0.012658227848101264	33311482
dna	diet	0.012658227848101264	33311482
metal-organic frameworks/chemistry	phenol/chemistry	0.012658227848101264	34985903
dna	spiro compounds/pharmacology	0.012658227848101264	33311482
dna	proto-oncogene proteins p21(ras)/metabolism	0.012658227848101264	33311482
metal-organic frameworks/chemistry	cd8-positive t-lymphocytes/cytology	0.025316455696202528	34985903
myeloid-derived suppressor cells/immunology	t-lymphocytes/immunology	0.012658227848101264	33547170
dna	ferroptosis/drug effects	0.48101265822784794	33311482
dna	pancreatitis/genetics	0.012658227848101264	33311482
ferritins/blood	listeriosis/etiology	0.012658227848101264	31980600
dna	pancreas/metabolism	0.012658227848101264	33311482
raw 264.7 cells	neoplasm invasiveness	0.025316455696202528	27756885
ferritins/blood	TP53	0.06329113924050632	31980600
myeloid-derived suppressor cells/immunology	ferroptosis/drug effects	0.48101265822784794	33547170
dna	phospholipid hydroperoxide glutathione peroxidase/genetics	0.025316455696202528	33311482
metal-organic frameworks/chemistry	ferroptosis/drug effects	0.48101265822784794	34985903
aniline compounds/chemistry	b7-h1 antigen/metabolism	0.012658227848101264	34985903
lung/blood supply	heart ventricles/diagnostic imaging	0.012658227848101264	35197507
myeloid-derived suppressor cells/immunology	membrane proteins/metabolism	0.012658227848101264	33547170
raw 264.7 cells	paracrine communication	0.05030834144758196	27756885
lung/blood supply	toll-like receptor 4/metabolism	0.03797468354430379	35197507
myeloid-derived suppressor cells/immunology	tumor microenvironment/drug effects	0.11392405063291138	33547170
aniline compounds/chemistry	immunogenic cell death/drug effects	0.012658227848101264	34985903
ferritins/blood	TF	0.025316455696202528	31980600
lung/blood supply	hypertension pulmonary/chemically induced	0.012658227848101264	35197507
lung/blood supply	nlr family pyrin domain-containing 3 protein/metabolism	0.012658227848101264	35197507
myeloid-derived suppressor cells/immunology	colonic neoplasms/drug therapy	0.012658227848101264	33547170
aniline compounds/chemistry	metal-organic frameworks/chemistry	0.012658227848101264	34985903
myeloid-derived suppressor cells/immunology	heme oxygenase-1/metabolism	0.012658227848101264	33547170
aniline compounds/chemistry	programmed cell death 1 receptor/metabolism	0.025316455696202528	34985903
raw 264.7 cells	EEF1A2	0.025316455696202528	27756885
myeloid-derived suppressor cells/immunology	reactive oxygen species/metabolism	0.1392405063291139	33547170
lung/blood supply	ferroptosis/drug effects	0.48101265822784794	35197507
lung/blood supply	macrophages/metabolism	0.08860759493670886	35197507
cd36 antigens/antagonists &amp; inhibitors	ferroptosis/drug effects	0.48101265822784794	33691090
metal-organic frameworks/chemistry	cell line tumor	0.37974683544303794	34985903
lung/blood supply	hmgb1 protein/metabolism	0.012658227848101264	35197507
myeloid-derived suppressor cells/immunology	HMOX1	0.025316455696202528	33547170
cd36 antigens/antagonists &amp; inhibitors	multiple myeloma/drug therapy	0.012658227848101264	33691090
lung/blood supply	inflammation/metabolism	0.025316455696202528	35197507
metal-organic frameworks/chemistry	exosomes/metabolism	0.012658227848101264	34985903
aniline compounds/chemistry	benzylidene compounds/chemistry	0.012658227848101264	34985903
lung/blood supply	NOX4	0.012658227848101264	35197507
dna	GPX4	0.27848101265822783	33311482
lung/blood supply	FTH1	0.06329113924050632	35197507
cell survival/drug effects	carbolines	0.050632911392405056	39287745
aniline compounds/chemistry	phenol/chemistry	0.012658227848101264	34985903
cell survival/drug effects	glucose/deficiency	0.050632911392405056	39287745
myeloid-derived suppressor cells/immunology	TP53	0.06329113924050632	33547170
lung/blood supply	NLRP3	0.012658227848101264	35197507
cd36 antigens/antagonists &amp; inhibitors	reactive oxygen species/metabolism	0.1392405063291139	33691090
cell survival/drug effects	nf-e2-related factor 2/metabolism	0.050632911392405056	39287745
lung/blood supply	HMGB1	0.025316455696202528	35197507
lung/blood supply	GPX4	0.27848101265822783	35197507
cell survival/drug effects	aminopyridines/pharmacology	0.050632911392405056	39287745
cell survival/drug effects	cyclic nucleotide phosphodiesterases type 4/metabolism	0.050632911392405056	39287745
lung/blood supply	TLR4	0.03797468354430379	35197507
cd36 antigens/antagonists &amp; inhibitors	cell line tumor	0.37974683544303794	33691090
cell survival/drug effects	neurons/drug effects	0.1461070574994626	39287745
cell survival/drug effects	reperfusion injury/pathology	0.050632911392405056	39287745
aniline compounds/chemistry	cd8-positive t-lymphocytes/cytology	0.025316455696202528	34985903
cell survival/drug effects	benzamides/pharmacology	0.050632911392405056	39287745
cell survival/drug effects	brain ischemia/pathology	0.050632911392405056	39287745
cd8-positive t-lymphocytes/cytology	antibodies monoclonal humanized/pharmacology	0.025316455696202528	33691090
metal-organic frameworks/chemistry	PDCD1	0.07594936708860758	34985903
cell survival/drug effects	phosphodiesterase 4 inhibitors/pharmacology	0.050632911392405056	39287745
cd8-positive t-lymphocytes/cytology	cd36 antigens/antagonists &amp; inhibitors	0.025316455696202528	33691090
cell survival/drug effects	PDE4B	0.050632911392405056	39287745
cd36 antigens/antagonists &amp; inhibitors	CD36	0.1392405063291139	33691090
liver x receptors/agonists	transferrin/metabolism	0.012658227848101264	31980600
dna	KDM8	0.012658227848101264	33311482
cell survival/drug effects	PDE4A	0.050632911392405056	39287745
cell survival/drug effects	FGFR1	0.050632911392405056	39287745
cell survival/drug effects	NCOA4	0.09931840311587149	39287745
raw 264.7 cells	CSF1	0.07497565725413827	27756885
aniline compounds/chemistry	ferroptosis/drug effects	0.48101265822784794	34985903
cd8-positive t-lymphocytes/cytology	ferroptosis/drug effects	0.22817267121064583	33691090
cd8-positive t-lymphocytes/cytology	ferroptosis/drug effects	0.22817267121064583	34985903
cd36 antigens/antagonists &amp; inhibitors	PDCD1	0.07594936708860758	33691090
liver x receptors/agonists	tumor suppressor protein p53/genetics	0.012658227848101264	31980600
glutathione peroxidase/metabolism	ROS1	0.1012658227848101	33926261
dna	STING1	0.012658227848101264	33311482
myeloid-derived suppressor cells/immunology	ASAH2	0.012658227848101264	33547170
glutathione peroxidase/metabolism	ATG5	0.012658227848101264	33926261
metal-organic frameworks/chemistry	CD274	0.050632911392405056	34985903
cd8-positive t-lymphocytes/cytology	multiple myeloma/drug therapy	0.025316455696202528	33691090
liver x receptors/agonists	ferroptosis/drug effects	0.48101265822784794	31980600
liver x receptors/agonists	ferritins/blood	0.012658227848101264	31980600
cd8-positive t-lymphocytes/cytology	reactive oxygen species/metabolism	0.2606296656929568	33691090
acetaminophen/pharmacology	ferroptosis/drug effects	0.48101265822784794	34062295
cd36 antigens/antagonists &amp; inhibitors	CD8A	0.1012658227848101	33691090
liver x receptors/agonists	macrophages/drug effects	0.06329113924050632	31980600
cd8-positive t-lymphocytes/cytology	cell line tumor	0.14118792599805258	33691090
cd8-positive t-lymphocytes/cytology	cell line tumor	0.14118792599805258	34985903
metal-organic frameworks/chemistry	RPL17-C18orf32	0.07594936708860758	34985903
metal-organic frameworks/chemistry	RPL17	0.07594936708860758	34985903
aniline compounds/chemistry	cell line tumor	0.37974683544303794	34985903
cd36 antigens/antagonists &amp; inhibitors	RPL17-C18orf32	0.07594936708860758	33691090
cd8-positive t-lymphocytes/cytology	exosomes/metabolism	0.025316455696202528	34985903
cd36 antigens/antagonists &amp; inhibitors	RPL17	0.07594936708860758	33691090
aniline compounds/chemistry	exosomes/metabolism	0.012658227848101264	34985903
cd8-positive t-lymphocytes/cytology	CD36	0.2606296656929568	33691090
acetaminophen/pharmacology	hyaluronan receptors/genetics	0.012658227848101264	34062295
cd8-positive t-lymphocytes/cytology	PDCD1	0.004868549172346641	33691090
cd8-positive t-lymphocytes/cytology	PDCD1	0.004868549172346641	34985903
carcinoma pancreatic ductal/metabolism	diet	0.012658227848101264	33311482
liver x receptors/agonists	listeriosis/etiology	0.012658227848101264	31980600
acetaminophen/pharmacology	HSPB1	0.012658227848101264	34062295
acetaminophen/pharmacology	SLC40A1	0.012658227848101264	34062295
carcinoma pancreatic ductal/metabolism	spiro compounds/pharmacology	0.012658227848101264	33311482
cd8-positive t-lymphocytes/cytology	CD274	0.09931840311587149	34985903
aniline compounds/chemistry	PDCD1	0.07594936708860758	34985903
carcinoma pancreatic ductal/metabolism	proto-oncogene proteins p21(ras)/metabolism	0.012658227848101264	33311482
cd8-positive t-lymphocytes/cytology	CD8A	0.19344368711457316	33691090
carcinoma pancreatic ductal/metabolism	ferroptosis/drug effects	0.48101265822784794	33311482
liver x receptors/agonists	TP53	0.06329113924050632	31980600
cd8-positive t-lymphocytes/cytology	RPL17-C18orf32	0.004868549172346641	33691090
cd8-positive t-lymphocytes/cytology	RPL17-C18orf32	0.004868549172346641	34985903
carcinoma pancreatic ductal/metabolism	pancreatitis/genetics	0.012658227848101264	33311482
cd8-positive t-lymphocytes/cytology	RPL17	0.004868549172346641	33691090
cd8-positive t-lymphocytes/cytology	RPL17	0.004868549172346641	34985903
carcinoma pancreatic ductal/metabolism	pancreas/metabolism	0.012658227848101264	33311482
acetaminophen/pharmacology	CD44	0.025316455696202528	34062295
aniline compounds/chemistry	CD274	0.050632911392405056	34985903
carcinoma pancreatic ductal/metabolism	phospholipid hydroperoxide glutathione peroxidase/genetics	0.025316455696202528	33311482
aniline compounds/chemistry	RPL17-C18orf32	0.07594936708860758	34985903
aniline compounds/chemistry	RPL17	0.07594936708860758	34985903
glutathione/metabolism	antioxidants/pharmacology	0.3248945147679325	40703032
glutathione/metabolism	neoplasm metastasis/drug therapy	0.1772151898734177	32814895
liver x receptors/agonists	TF	0.025316455696202528	31980600
spiro compounds/pharmacology	proto-oncogene proteins p21(ras)/metabolism	0.012658227848101264	33311482
spiro compounds/pharmacology	ferroptosis/drug effects	0.48101265822784794	33311482
glutathione/metabolism	host-pathogen interactions	0.1772151898734177	30787033
spiro compounds/pharmacology	pancreatitis/genetics	0.012658227848101264	33311482
spiro compounds/pharmacology	pancreas/metabolism	0.012658227848101264	33311482
glutathione/metabolism	autophagy-related proteins/genetics	0.1772151898734177	33926261
spiro compounds/pharmacology	phospholipid hydroperoxide glutathione peroxidase/genetics	0.025316455696202528	33311482
glutathione/metabolism	ferroptosis/drug effects	7.771544141794344e-06	39287745
glutathione/metabolism	ferroptosis/drug effects	7.771544141794344e-06	40570981
glutathione/metabolism	ferroptosis/drug effects	7.771544141794344e-06	38581191
glutathione/metabolism	ferroptosis/drug effects	7.771544141794344e-06	39276841
glutathione/metabolism	ferroptosis/drug effects	7.771544141794344e-06	32814895
glutathione/metabolism	ferroptosis/drug effects	7.771544141794344e-06	39212400
glutathione/metabolism	ferroptosis/drug effects	7.771544141794344e-06	40451026
glutathione/metabolism	ferroptosis/drug effects	7.771544141794344e-06	33926261
glutathione/metabolism	ferroptosis/drug effects	7.771544141794344e-06	40724917
glutathione/metabolism	ferroptosis/drug effects	7.771544141794344e-06	40136245
glutathione/metabolism	ferroptosis/drug effects	7.771544141794344e-06	40703032
glutathione/metabolism	ferroptosis/drug effects	7.771544141794344e-06	30787033
glutathione/metabolism	ferroptosis/drug effects	7.771544141794344e-06	40752796
glutathione/metabolism	ferroptosis/drug effects	7.771544141794344e-06	39700767
carcinoma pancreatic ductal/metabolism	GPX4	0.27848101265822783	33311482
glutathione/metabolism	jurkat cells	0.3248945147679325	33926261
glutathione/metabolism	macrophages/drug effects	0.6335049361032039	30787033
glutathione/metabolism	glutathione peroxidase/metabolism	0.1772151898734177	33926261
glutathione/metabolism	flavonolignans/pharmacology	0.1772151898734177	33926261
glutathione/metabolism	cell survival	0.3248945147679325	32814895
glutathione/metabolism	phospholipid hydroperoxide glutathione peroxidase/genetics	0.3248945147679325	40136245
glutathione/metabolism	tumor microenvironment/drug effects	0.8446794870937089	40136245
carcinoma pancreatic ductal/metabolism	KDM8	0.012658227848101264	33311482
glutathione/metabolism	mitochondria/drug effects	0.44764096662830843	39276841
phospholipid hydroperoxide glutathione peroxidase/genetics	dna-(apurinic or apyrimidinic site) lyase/metabolism	0.025316455696202528	40136245
glutathione/metabolism	reactive oxygen species/metabolism	0.021315312450782827	39276841
glutathione/metabolism	reactive oxygen species/metabolism	0.021315312450782827	40451026
glutathione/metabolism	reactive oxygen species/metabolism	0.021315312450782827	40136245
glutathione/metabolism	reactive oxygen species/metabolism	0.021315312450782827	33926261
glutathione/metabolism	reactive oxygen species/metabolism	0.021315312450782827	40724917
phenol/chemistry	cd8-positive t-lymphocytes/cytology	0.025316455696202528	34985903
carcinoma pancreatic ductal/metabolism	STING1	0.012658227848101264	33311482
phospholipid hydroperoxide glutathione peroxidase/genetics	APEX1	0.025316455696202528	40136245
oxidative stress/drug effects	antineoplastic agents/pharmacology	0.7313364581578466	34093872
glutathione/metabolism	cell line tumor	0.9994572938560207	40451026
tumor microenvironment/drug effects	mitochondria/drug effects	0.30778082676816854	34093872
tumor microenvironment/drug effects	tumor escape/drug effects	0.11392405063291138	34593794
tumor microenvironment/drug effects	immune checkpoint inhibitors/pharmacology	0.11392405063291138	34593794
spiro compounds/pharmacology	GPX4	0.27848101265822783	33311482
tumor microenvironment/drug effects	nf-e2-related factor 2/genetics	0.11392405063291138	34093872
glutathione/metabolism	cell line	0.01658866938269711	40703032
glutathione/metabolism	cell line	0.01658866938269711	39287745
glutathione/metabolism	cell line	0.01658866938269711	40752796
glutathione/metabolism	cell line	0.01658866938269711	40724917
tumor microenvironment/drug effects	colonic neoplasms/drug therapy	0.11392405063291138	33547170
tumor microenvironment/drug effects	heme oxygenase-1/metabolism	0.11392405063291138	33547170
glutathione/metabolism	HMOX1	0.3248945147679325	39276841
tumor microenvironment/drug effects	reactive oxygen species/metabolism	0.3654768376218593	33547170
tumor microenvironment/drug effects	reactive oxygen species/metabolism	0.3654768376218593	40136245
tumor microenvironment/drug effects	basic-leucine zipper transcription factors/analysis	0.11392405063291138	34991659
oxidative stress/drug effects	amino acid transport system y+/metabolism	0.0001454787268810796	39276841
oxidative stress/drug effects	amino acid transport system y+/metabolism	0.0001454787268810796	39212400
oxidative stress/drug effects	amino acid transport system y+/metabolism	0.0001454787268810796	40451026
oxidative stress/drug effects	amino acid transport system y+/metabolism	0.0001454787268810796	40724917
oxidative stress/drug effects	amino acid transport system y+/metabolism	0.0001454787268810796	40703032
oxidative stress/drug effects	amino acid transport system y+/metabolism	0.0001454787268810796	40752796
tumor microenvironment/drug effects	tumor-associated macrophages/drug effects	0.11392405063291138	34991659
tumor microenvironment/drug effects	cell line tumor	0.7427230834400252	34093872
tumor microenvironment/drug effects	cell line tumor	0.7427230834400252	28609459
tumor microenvironment/drug effects	cell line tumor	0.7427230834400252	32344015
phenol/chemistry	ferroptosis/drug effects	0.48101265822784794	34985903
tumor microenvironment/drug effects	drug resistance neoplasm/drug effects	0.11392405063291138	34593794
tumor microenvironment/drug effects	glycogen synthase kinase 3/metabolism	0.11392405063291138	34093872
tumor microenvironment/drug effects	HMOX1	0.21616358325219084	33547170
glutathione/metabolism	FTH1	0.0029757939151676656	39212400
glutathione/metabolism	FTH1	0.0029757939151676656	39287745
glutathione/metabolism	FTH1	0.0029757939151676656	40724917
glutathione/metabolism	FTH1	0.0029757939151676656	38581191
oxidative stress/drug effects	cell movement/drug effects	0.4213381555153707	34093872
tumor microenvironment/drug effects	TGFB1	0.5864516830813272	34991659
tumor microenvironment/drug effects	HLF	0.11392405063291138	34991659
glutathione/metabolism	SLC7A11	0.0002721038917847406	38581191
glutathione/metabolism	SLC7A11	0.0002721038917847406	39276841
glutathione/metabolism	SLC7A11	0.0002721038917847406	39212400
glutathione/metabolism	SLC7A11	0.0002721038917847406	40451026
glutathione/metabolism	SLC7A11	0.0002721038917847406	40724917
glutathione/metabolism	SLC7A11	0.0002721038917847406	40703032
glutathione/metabolism	SLC7A11	0.0002721038917847406	40752796
tumor microenvironment/drug effects	CD36	0.760557297215796	31257391
spiro compounds/pharmacology	KDM8	0.012658227848101264	33311482
tumor microenvironment/drug effects	STAT3	0.1364196564729543	34991659
tumor microenvironment/drug effects	STAT3	0.1364196564729543	32344015
tumor microenvironment/drug effects	TP53	0.46298365192435825	33547170
tumor microenvironment/drug effects	CHRM1	0.003997335109926716	34093872
tumor microenvironment/drug effects	CHRM1	0.003997335109926716	30755716
tumor microenvironment/drug effects	CHRM1	0.003997335109926716	31257391
oxidative stress/drug effects	iron/chemistry	0.16455696202531644	34093872
glutathione/metabolism	ACSL4	0.3248945147679325	39212400
tumor microenvironment/drug effects	GSK3B	0.11392405063291138	34093872
oxidative stress/drug effects	oleic acid/metabolism	0.16455696202531644	32814895
tumor microenvironment/drug effects	SMAD3	0.11392405063291138	34991659
glutathione/metabolism	GPX4	2.5700323350190237e-10	39287745
glutathione/metabolism	GPX4	2.5700323350190237e-10	40570981
glutathione/metabolism	GPX4	2.5700323350190237e-10	38581191
glutathione/metabolism	GPX4	2.5700323350190237e-10	39276841
glutathione/metabolism	GPX4	2.5700323350190237e-10	32814895
glutathione/metabolism	GPX4	2.5700323350190237e-10	39212400
glutathione/metabolism	GPX4	2.5700323350190237e-10	40451026
glutathione/metabolism	GPX4	2.5700323350190237e-10	33926261
glutathione/metabolism	GPX4	2.5700323350190237e-10	40724917
glutathione/metabolism	GPX4	2.5700323350190237e-10	40136245
glutathione/metabolism	GPX4	2.5700323350190237e-10	40703032
glutathione/metabolism	GPX4	2.5700323350190237e-10	30787033
glutathione/metabolism	GPX4	2.5700323350190237e-10	40752796
glutathione/metabolism	GPX4	2.5700323350190237e-10	39700767
tumor microenvironment/drug effects	PDCD1	0.528296451014639	34093872
tumor microenvironment/drug effects	HMGB1	0.21616358325219084	30755716
spiro compounds/pharmacology	STING1	0.012658227848101264	33311482
tumor microenvironment/drug effects	GPX4	0.9562878562504897	40136245
tumor microenvironment/drug effects	PRKAA1	0.11392405063291138	34093872
glutathione/metabolism	ACSL3	0.1772151898734177	32814895
tumor microenvironment/drug effects	GABPA	0.11392405063291138	34093872
oxidative stress/drug effects	iron/metabolism	0.052912472765903815	39276841
oxidative stress/drug effects	iron/metabolism	0.052912472765903815	40724917
oxidative stress/drug effects	iron/metabolism	0.052912472765903815	32814895
tumor microenvironment/drug effects	MTOR	0.11392405063291138	34093872
glutathione/metabolism	ROS1	0.003600002400801867	38581191
glutathione/metabolism	ROS1	0.003600002400801867	40451026
glutathione/metabolism	ROS1	0.003600002400801867	33926261
glutathione/metabolism	ROS1	0.003600002400801867	40752796
glutathione/metabolism	ROS1	0.003600002400801867	39700767
tumor microenvironment/drug effects	BTRC	0.11392405063291138	34093872
glutathione/metabolism	ATG5	0.1772151898734177	33926261
tumor microenvironment/drug effects	PRKAA2	0.11392405063291138	34093872
tumor microenvironment/drug effects	CD274	0.06186085733054421	34093872
tumor microenvironment/drug effects	CD274	0.06186085733054421	34593794
tumor microenvironment/drug effects	JAK2	0.11392405063291138	34991659
phenol/chemistry	cell line tumor	0.37974683544303794	34985903
tumor microenvironment/drug effects	ASAH2	0.11392405063291138	33547170
oxidative stress/drug effects	phospholipid hydroperoxide glutathione peroxidase/metabolism	1.0078179283380658e-10	39287745
oxidative stress/drug effects	phospholipid hydroperoxide glutathione peroxidase/metabolism	1.0078179283380658e-10	40570981
oxidative stress/drug effects	phospholipid hydroperoxide glutathione peroxidase/metabolism	1.0078179283380658e-10	38581191
oxidative stress/drug effects	phospholipid hydroperoxide glutathione peroxidase/metabolism	1.0078179283380658e-10	39276841
oxidative stress/drug effects	phospholipid hydroperoxide glutathione peroxidase/metabolism	1.0078179283380658e-10	32814895
oxidative stress/drug effects	phospholipid hydroperoxide glutathione peroxidase/metabolism	1.0078179283380658e-10	39212400
oxidative stress/drug effects	phospholipid hydroperoxide glutathione peroxidase/metabolism	1.0078179283380658e-10	40451026
oxidative stress/drug effects	phospholipid hydroperoxide glutathione peroxidase/metabolism	1.0078179283380658e-10	40724917
oxidative stress/drug effects	phospholipid hydroperoxide glutathione peroxidase/metabolism	1.0078179283380658e-10	40703032
oxidative stress/drug effects	phospholipid hydroperoxide glutathione peroxidase/metabolism	1.0078179283380658e-10	40752796
oxidative stress/drug effects	phospholipid hydroperoxide glutathione peroxidase/metabolism	1.0078179283380658e-10	39700767
tumor microenvironment/drug effects	NFE2L2	0.38975414991404334	34093872
tumor microenvironment/drug effects	IL6	0.2711938992331137	34991659
tumor microenvironment/drug effects	IL6	0.2711938992331137	32344015
tumor microenvironment/drug effects	CD8A	0.6381452226961615	34093872
oxidative stress/drug effects	cell survival/drug effects	0.12439326163510042	34093872
oxidative stress/drug effects	cell survival/drug effects	0.12439326163510042	39287745
glutathione/metabolism	NFE2L2	0.14238992187026833	39287745
glutathione/metabolism	NFE2L2	0.14238992187026833	40752796
phenol/chemistry	exosomes/metabolism	0.012658227848101264	34985903
tumor microenvironment/drug effects	PRKAB1	0.11392405063291138	34093872
glutathione/metabolism	TF	0.3248945147679325	40451026
tumor microenvironment/drug effects	RPL17-C18orf32	0.528296451014639	34093872
tumor microenvironment/drug effects	RPL17	0.528296451014639	34093872
tumor microenvironment/drug effects	MRLN	0.003997335109926716	34093872
tumor microenvironment/drug effects	MRLN	0.003997335109926716	30755716
tumor microenvironment/drug effects	MRLN	0.003997335109926716	31257391
tumor microenvironment/drug effects	CTLA4	0.11392405063291138	34093872
tumor microenvironment/drug effects	GGT1	0.11392405063291138	34991659
oxidative stress/drug effects	tor serine-threonine kinases/metabolism	0.16455696202531644	34093872
tumor microenvironment/drug effects	mitogen-activated protein kinases/metabolism	0.11392405063291138	28609459
oxidative stress/drug effects	amp-activated protein kinase kinases	0.16455696202531644	34093872
oxidative stress/drug effects	glutathione/metabolism	2.2464575725088883e-11	39287745
oxidative stress/drug effects	glutathione/metabolism	2.2464575725088883e-11	40570981
oxidative stress/drug effects	glutathione/metabolism	2.2464575725088883e-11	38581191
oxidative stress/drug effects	glutathione/metabolism	2.2464575725088883e-11	39276841
oxidative stress/drug effects	glutathione/metabolism	2.2464575725088883e-11	32814895
oxidative stress/drug effects	glutathione/metabolism	2.2464575725088883e-11	39212400
oxidative stress/drug effects	glutathione/metabolism	2.2464575725088883e-11	40451026
oxidative stress/drug effects	glutathione/metabolism	2.2464575725088883e-11	40724917
oxidative stress/drug effects	glutathione/metabolism	2.2464575725088883e-11	40136245
oxidative stress/drug effects	glutathione/metabolism	2.2464575725088883e-11	40703032
oxidative stress/drug effects	glutathione/metabolism	2.2464575725088883e-11	40752796
oxidative stress/drug effects	glutathione/metabolism	2.2464575725088883e-11	39700767
tumor microenvironment/drug effects	protease inhibitors/pharmacology	0.11392405063291138	31257391
tumor microenvironment/drug effects	carcinoma hepatocellular/drug therapy	0.11392405063291138	31257391
oxidative stress/drug effects	lung neoplasms/drug therapy	0.16455696202531644	34093872
tumor microenvironment/drug effects	amidines/administration &amp; dosage	0.11392405063291138	28609459
tumor microenvironment/drug effects	phenotype	0.21616358325219084	30755716
phenol/chemistry	PDCD1	0.07594936708860758	34985903
tumor microenvironment/drug effects	glycyrrhizic acid/pharmacology	0.11392405063291138	30755716
antibodies monoclonal humanized/pharmacology	cd36 antigens/antagonists &amp; inhibitors	0.012658227848101264	33691090
oxidative stress/drug effects	antioxidants/pharmacology	0.3037974683544303	40703032
tumor microenvironment/drug effects	inflammation mediators/metabolism	0.30778082676816854	28609459
oxidative stress/drug effects	neoplasm metastasis/drug therapy	0.16455696202531644	32814895
phenol/chemistry	CD274	0.050632911392405056	34985903
antibodies monoclonal humanized/pharmacology	ferroptosis/drug effects	0.48101265822784794	33691090
sulfasalazine/administration &amp; dosage	ferroptosis/drug effects	0.48101265822784794	31554642
tumor microenvironment/drug effects	nf-kappa b/metabolism	0.21616358325219084	30755716
glutathione/metabolism	hep g2 cells	0.3248945147679325	38581191
antibodies monoclonal humanized/pharmacology	multiple myeloma/drug therapy	0.012658227848101264	33691090
tumor microenvironment/drug effects	immunity innate	0.21616358325219084	31257391
tumor microenvironment/drug effects	calgranulin a/metabolism	0.11392405063291138	30755716
pancreas/metabolism	phospholipid hydroperoxide glutathione peroxidase/genetics	0.025316455696202528	33311482
tumor microenvironment/drug effects	cytokines/blood	0.30778082676816854	32344015
phenol/chemistry	RPL17-C18orf32	0.07594936708860758	34985903
tumor microenvironment/drug effects	cadherins/metabolism	0.11392405063291138	28609459
antibodies monoclonal humanized/pharmacology	reactive oxygen species/metabolism	0.1392405063291139	33691090
tumor microenvironment/drug effects	stem cell factor/metabolism	0.11392405063291138	31257391
phenol/chemistry	RPL17	0.07594936708860758	34985903
sulfasalazine/administration &amp; dosage	antineoplastic agents immunological/administration &amp; dosage	0.012658227848101264	31554642
tumor microenvironment/drug effects	pancreatic neoplasms/immunology	0.11392405063291138	32344015
sulfasalazine/administration &amp; dosage	cell line tumor	0.37974683544303794	31554642
antibodies monoclonal humanized/pharmacology	cell line tumor	0.37974683544303794	33691090
tumor microenvironment/drug effects	cachexia/immunology	0.11392405063291138	32344015
flavonolignans/pharmacology	reactive oxygen species/metabolism	0.1392405063291139	33926261
antibodies monoclonal humanized/pharmacology	CD36	0.1392405063291139	33691090
sulfasalazine/administration &amp; dosage	SLC9A1	0.025316455696202528	31554642
sulfasalazine/administration &amp; dosage	ATM	0.012658227848101264	31554642
tumor microenvironment/drug effects	lung neoplasms/metabolism	0.21616358325219084	28609459
sulfasalazine/administration &amp; dosage	SLC7A11	0.1392405063291139	31554642
antibodies monoclonal humanized/pharmacology	PDCD1	0.07594936708860758	33691090
oxidative stress/drug effects	ferroptosis/drug effects	2.051687653433707e-05	39287745
oxidative stress/drug effects	ferroptosis/drug effects	2.051687653433707e-05	40570981
oxidative stress/drug effects	ferroptosis/drug effects	2.051687653433707e-05	38581191
oxidative stress/drug effects	ferroptosis/drug effects	2.051687653433707e-05	39276841
oxidative stress/drug effects	ferroptosis/drug effects	2.051687653433707e-05	32814895
oxidative stress/drug effects	ferroptosis/drug effects	2.051687653433707e-05	34093872
oxidative stress/drug effects	ferroptosis/drug effects	2.051687653433707e-05	39212400
oxidative stress/drug effects	ferroptosis/drug effects	2.051687653433707e-05	40451026
oxidative stress/drug effects	ferroptosis/drug effects	2.051687653433707e-05	40724917
oxidative stress/drug effects	ferroptosis/drug effects	2.051687653433707e-05	40136245
oxidative stress/drug effects	ferroptosis/drug effects	2.051687653433707e-05	40703032
oxidative stress/drug effects	ferroptosis/drug effects	2.051687653433707e-05	40752796
oxidative stress/drug effects	ferroptosis/drug effects	2.051687653433707e-05	39700767
tumor microenvironment/drug effects	colon/metabolism	0.11392405063291138	30755716
tumor microenvironment/drug effects	diet high-fat	0.30778082676816854	30755716
tumor microenvironment/drug effects	stat3 transcription factor/immunology	0.11392405063291138	32344015
antibodies monoclonal humanized/pharmacology	CD8A	0.1012658227848101	33691090
sulfasalazine/administration &amp; dosage	CD8A	0.1012658227848101	31554642
oxidative stress/drug effects	macrophages/drug effects	0.6034643570952698	34093872
antibodies monoclonal humanized/pharmacology	RPL17-C18orf32	0.07594936708860758	33691090
antibodies monoclonal humanized/pharmacology	RPL17	0.07594936708860758	33691090
tumor microenvironment/drug effects	macrophages/immunology	0.06186085733054421	31257391
tumor microenvironment/drug effects	macrophages/immunology	0.06186085733054421	32344015
oxidative stress/drug effects	cell survival	0.3037974683544303	32814895
pancreas/metabolism	GPX4	0.27848101265822783	33311482
oxidative stress/drug effects	phospholipid hydroperoxide glutathione peroxidase/genetics	0.3037974683544303	40136245
tumor microenvironment/drug effects	plant extracts/pharmacology	0.11392405063291138	31257391
flavonolignans/pharmacology	GPX4	0.27848101265822783	33926261
oxidative stress/drug effects	tumor microenvironment/drug effects	0.4573648142566053	34093872
oxidative stress/drug effects	tumor microenvironment/drug effects	0.4573648142566053	40136245
oxidative stress/drug effects	mitochondria/drug effects	0.06871609403254973	34093872
oxidative stress/drug effects	mitochondria/drug effects	0.06871609403254973	39276841
tumor microenvironment/drug effects	neoplasm metastasis	0.46298365192435825	30755716
tumor microenvironment/drug effects	muscle fibers skeletal/drug effects	0.11392405063291138	32344015
flavonolignans/pharmacology	ROS1	0.1012658227848101	33926261
tumor microenvironment/drug effects	tumor necrosis factor-alpha/metabolism	0.30778082676816854	31257391
tumor microenvironment/drug effects	digestion	0.11392405063291138	31257391
flavonolignans/pharmacology	ATG5	0.012658227848101264	33926261
tumor microenvironment/drug effects	immunocompetence	0.11392405063291138	28609459
oxidative stress/drug effects	nf-e2-related factor 2/genetics	0.16455696202531644	34093872
pancreas/metabolism	KDM8	0.012658227848101264	33311482
tumor microenvironment/drug effects	anti-inflammatory agents/pharmacology	0.11392405063291138	30755716
oxidative stress/drug effects	reactive oxygen species/metabolism	0.07639735792464646	39276841
oxidative stress/drug effects	reactive oxygen species/metabolism	0.07639735792464646	40451026
oxidative stress/drug effects	reactive oxygen species/metabolism	0.07639735792464646	40136245
oxidative stress/drug effects	reactive oxygen species/metabolism	0.07639735792464646	40724917
tumor microenvironment/drug effects	cd36 antigens/metabolism	0.5864516830813272	31257391
tumor microenvironment/drug effects	rna messenger/metabolism	0.21616358325219084	31257391
pancreas/metabolism	STING1	0.012658227848101264	33311482
tumor microenvironment/drug effects	gastrointestinal tract	0.11392405063291138	31257391
oxidative stress/drug effects	cell line tumor	0.9885176091969782	34093872
oxidative stress/drug effects	cell line tumor	0.9885176091969782	40451026
oxidative stress/drug effects	glycogen synthase kinase 3/metabolism	0.16455696202531644	34093872
tumor microenvironment/drug effects	CCL2	0.46298365192435825	30755716
oxidative stress/drug effects	cell line	0.012279065591469195	40703032
oxidative stress/drug effects	cell line	0.012279065591469195	39287745
oxidative stress/drug effects	cell line	0.012279065591469195	40752796
oxidative stress/drug effects	cell line	0.012279065591469195	40724917
tumor microenvironment/drug effects	NFKB1	0.528296451014639	30755716
oxidative stress/drug effects	HMOX1	0.3037974683544303	39276841
cell transformation neoplastic/genetics	carcinoma pancreatic ductal/metabolism	0.012658227848101264	33311482
cell transformation neoplastic/genetics	diet	0.012658227848101264	33311482
tumor microenvironment/drug effects	PIK3CA	0.21616358325219084	28609459
cell transformation neoplastic/genetics	spiro compounds/pharmacology	0.012658227848101264	33311482
cell transformation neoplastic/genetics	proto-oncogene proteins p21(ras)/metabolism	0.012658227848101264	33311482
oxidative stress/drug effects	FTH1	0.00215094698772247	39212400
oxidative stress/drug effects	FTH1	0.00215094698772247	39287745
oxidative stress/drug effects	FTH1	0.00215094698772247	40724917
oxidative stress/drug effects	FTH1	0.00215094698772247	38581191
cell transformation neoplastic/genetics	ferroptosis/drug effects	0.48101265822784794	33311482
tumor microenvironment/drug effects	CD163	0.21616358325219084	32344015
cell transformation neoplastic/genetics	pancreatitis/genetics	0.012658227848101264	33311482
tumor microenvironment/drug effects	IRF6	0.11392405063291138	30755716
tumor microenvironment/drug effects	S100A8	0.21616358325219084	30755716
oxidative stress/drug effects	SLC7A11	0.00014354340776683152	38581191
oxidative stress/drug effects	SLC7A11	0.00014354340776683152	39276841
oxidative stress/drug effects	SLC7A11	0.00014354340776683152	39212400
oxidative stress/drug effects	SLC7A11	0.00014354340776683152	40451026
oxidative stress/drug effects	SLC7A11	0.00014354340776683152	40724917
oxidative stress/drug effects	SLC7A11	0.00014354340776683152	40703032
oxidative stress/drug effects	SLC7A11	0.00014354340776683152	40752796
cell transformation neoplastic/genetics	pancreas/metabolism	0.012658227848101264	33311482
oxidative stress/drug effects	CHRM1	0.5203197868087941	34093872
tumor microenvironment/drug effects	PIK3CD	0.21616358325219084	28609459
oxidative stress/drug effects	GSK3B	0.16455696202531644	34093872
oxidative stress/drug effects	PDCD1	0.6731260240920467	34093872
cell transformation neoplastic/genetics	phospholipid hydroperoxide glutathione peroxidase/genetics	0.025316455696202528	33311482
tumor microenvironment/drug effects	TNF	0.1364196564729543	30755716
tumor microenvironment/drug effects	TNF	0.1364196564729543	31257391
oxidative stress/drug effects	ACSL4	0.3037974683544303	39212400
tumor microenvironment/drug effects	PIK3CG	0.21616358325219084	28609459
oxidative stress/drug effects	GPX4	1.415402474639477e-07	39287745
oxidative stress/drug effects	GPX4	1.415402474639477e-07	40570981
oxidative stress/drug effects	GPX4	1.415402474639477e-07	38581191
oxidative stress/drug effects	GPX4	1.415402474639477e-07	39276841
oxidative stress/drug effects	GPX4	1.415402474639477e-07	32814895
oxidative stress/drug effects	GPX4	1.415402474639477e-07	39212400
oxidative stress/drug effects	GPX4	1.415402474639477e-07	40451026
oxidative stress/drug effects	GPX4	1.415402474639477e-07	40724917
oxidative stress/drug effects	GPX4	1.415402474639477e-07	40136245
oxidative stress/drug effects	GPX4	1.415402474639477e-07	40703032
oxidative stress/drug effects	GPX4	1.415402474639477e-07	40752796
oxidative stress/drug effects	GPX4	1.415402474639477e-07	39700767
oxidative stress/drug effects	PRKAA1	0.16455696202531644	34093872
oxidative stress/drug effects	GABPA	0.16455696202531644	34093872
tumor microenvironment/drug effects	AKT1	0.21616358325219084	28609459
cell line tumor	inflammation/metabolism	0.6183057448880234	21566463
oxidative stress/drug effects	ACSL3	0.16455696202531644	32814895
tumor microenvironment/drug effects	PIK3CB	0.21616358325219084	28609459
oxidative stress/drug effects	MTOR	0.16455696202531644	34093872
cell line tumor	exosomes/metabolism	0.37974683544303794	34985903
oxidative stress/drug effects	ROS1	0.0221552409463665	39700767
oxidative stress/drug effects	ROS1	0.0221552409463665	40451026
oxidative stress/drug effects	ROS1	0.0221552409463665	40752796
oxidative stress/drug effects	ROS1	0.0221552409463665	38581191
cell line tumor	CCK	0.767017792334248	38221626
cell line tumor	TGFB1	0.5394884370161127	26208571
cell line tumor	TGFB1	0.5394884370161127	35720420
cell line tumor	TGFB1	0.5394884370161127	34958892
oxidative stress/drug effects	BTRC	0.16455696202531644	34093872
oxidative stress/drug effects	PRKAA2	0.16455696202531644	34093872
cell line tumor	CD36	0.061693450296944785	38301989
cell line tumor	CD36	0.061693450296944785	39178310
cell line tumor	CD36	0.061693450296944785	31802182
cell line tumor	CD36	0.061693450296944785	39546763
cell line tumor	CD36	0.061693450296944785	34958892
cell line tumor	CD36	0.061693450296944785	39321806
cell line tumor	CD36	0.061693450296944785	33691090
tumor microenvironment/drug effects	dna-(apurinic or apyrimidinic site) lyase/metabolism	0.11392405063291138	40136245
cell line tumor	SLC9A1	0.14118792599805258	31043744
cell line tumor	SLC9A1	0.14118792599805258	31554642
oxidative stress/drug effects	CD274	0.5203197868087941	34093872
cell line tumor	STAT3	0.41230818086247795	30563531
cell line tumor	STAT3	0.41230818086247795	32472095
cell line tumor	STAT3	0.41230818086247795	32344015
cell line tumor	TP53	0.9153906719529638	39321806
cell line tumor	IFNA1	0.767017792334248	39546763
cell line tumor	ATM	0.37974683544303794	31554642
oxidative stress/drug effects	NFE2L2	0.01303892642999905	34093872
oxidative stress/drug effects	NFE2L2	0.01303892642999905	39287745
oxidative stress/drug effects	NFE2L2	0.01303892642999905	40752796
cell line tumor	SLC7A11	0.8706031592167955	31043744
cell line tumor	SLC7A11	0.8706031592167955	40451026
cell line tumor	SLC7A11	0.8706031592167955	31554642
tumor microenvironment/drug effects	APEX1	0.11392405063291138	40136245
cell line tumor	CHRM1	0.4911178095721733	34093872
cell line tumor	CHRM1	0.4911178095721733	33236624
oxidative stress/drug effects	TF	0.3037974683544303	40451026
cell line tumor	CALR	0.37974683544303794	32686685
oxidative stress/drug effects	CD8A	0.7798451532126799	34093872
cell line tumor	GSK3B	0.37974683544303794	34093872
liver/pathology	cell line tumor	0.37974683544303794	34396451
cell transformation neoplastic/genetics	GPX4	0.27848101265822783	33311482
cell line tumor	PDCD1	0.027257504006338116	38301989
cell line tumor	PDCD1	0.027257504006338116	39321806
cell line tumor	PDCD1	0.027257504006338116	34985903
cell line tumor	PDCD1	0.027257504006338116	34093872
cell line tumor	PDCD1	0.027257504006338116	33691090
cell line tumor	ACSL4	0.6183057448880234	33277233
oxidative stress/drug effects	PRKAB1	0.16455696202531644	34093872
cell line tumor	GPX4	0.999937818908333	33277233
cell line tumor	GPX4	0.999937818908333	40451026
cell line tumor	PRKAA1	0.37974683544303794	34093872
macrophages/metabolism	hmgb1 protein/metabolism	0.08860759493670885	35197507
macrophages/metabolism	cell line tumor	0.8256440133617906	40287444
macrophages/metabolism	cell line tumor	0.8256440133617906	30420335
cell line tumor	GABPA	0.37974683544303794	34093872
cell line tumor	ATL1	0.37974683544303794	33277233
oxidative stress/drug effects	RPL17-C18orf32	0.6731260240920467	34093872
macrophages/metabolism	inflammation/metabolism	0.17039922103213243	35197507
oxidative stress/drug effects	RPL17	0.6731260240920467	34093872
cell line tumor	MTOR	0.37974683544303794	34093872
cell line tumor	ROS1	0.8839349640988732	40451026
cell line tumor	ROS1	0.8839349640988732	31509699
macrophages/metabolism	TGFB1	0.49181274132493863	32359100
cell line tumor	S100A4	0.37974683544303794	33277233
oxidative stress/drug effects	MRLN	0.5203197868087941	34093872
macrophages/metabolism	CD36	0.66556527414403	27044818
cell line tumor	BTRC	0.37974683544303794	34093872
neoplasm metastasis/drug therapy	ferroptosis/drug effects	0.48101265822784794	32814895
oxidative stress/drug effects	CTLA4	0.16455696202531644	34093872
macrophages/metabolism	NOX4	0.08860759493670885	35197507
cell line tumor	PRKAA2	0.37974683544303794	34093872
macrophages/metabolism	FTH1	0.3791886993752417	35197507
cell transformation neoplastic/genetics	KDM8	0.012658227848101264	33311482
cell line tumor	SLC3A2	0.37974683544303794	31043744
cell line tumor	CD274	0.15064549041897474	34093872
cell line tumor	CD274	0.15064549041897474	35720420
cell line tumor	CD274	0.15064549041897474	34985903
cell line tumor	CYREN	0.37974683544303794	32686685
cell line tumor	NFE2L2	0.8589844532549396	34093872
cell line tumor	IL6	0.01309548346297787	24021059
cell line tumor	IL6	0.01309548346297787	38301989
cell line tumor	IL6	0.01309548346297787	30563531
cell line tumor	IL6	0.01309548346297787	32344015
cell line tumor	IL6	0.01309548346297787	27756885
cell line tumor	IL6	0.01309548346297787	21566463
cell line tumor	IL6	0.01309548346297787	32472095
cell line tumor	TF	0.6183057448880234	40451026
cell line tumor	CD8A	0.030813492204528316	31043744
cell line tumor	CD8A	0.030813492204528316	39321806
cell line tumor	CD8A	0.030813492204528316	34093872
cell line tumor	CD8A	0.030813492204528316	33277233
cell line tumor	CD8A	0.030813492204528316	33691090
cell line tumor	CD8A	0.030813492204528316	31554642
macrophages/metabolism	NLRP3	0.08860759493670885	35197507
neoplasm metastasis/drug therapy	cell survival	0.025316455696202528	32814895
cell transformation neoplastic/genetics	STING1	0.012658227848101264	33311482
macrophages/metabolism	HMGB1	0.17039922103213243	35197507
cell line tumor	PRKAB1	0.37974683544303794	34093872
macrophages/metabolism	GPX4	0.9087932739397973	35197507
cell line tumor	RPL17-C18orf32	0.027257504006338116	38301989
cell line tumor	RPL17-C18orf32	0.027257504006338116	39321806
cell line tumor	RPL17-C18orf32	0.027257504006338116	34985903
cell line tumor	RPL17-C18orf32	0.027257504006338116	34093872
cell line tumor	RPL17-C18orf32	0.027257504006338116	33691090
cell line tumor	RPL17	0.027257504006338116	38301989
cell line tumor	RPL17	0.027257504006338116	39321806
cell line tumor	RPL17	0.027257504006338116	34985903
cell line tumor	RPL17	0.027257504006338116	34093872
cell line tumor	RPL17	0.027257504006338116	33691090
cell line tumor	AIFM2	0.37974683544303794	33277233
cell line tumor	MRLN	0.4911178095721733	34093872
cell line tumor	MRLN	0.4911178095721733	33236624
cell line tumor	CTLA4	0.37974683544303794	34093872
cell line tumor	glioma/pathology	0.37974683544303794	40287444
cell line tumor	ovarian neoplasms/immunology	0.37974683544303794	31802182
cell line tumor	palmitic acid/metabolism	0.37974683544303794	31802182
cell line tumor	mitogen-activated protein kinases/metabolism	0.37974683544303794	28609459
macrophages/metabolism	TLR4	0.24581747366557488	35197507
diet	spiro compounds/pharmacology	0.012658227848101264	33311482
cell line tumor	janus kinases/metabolism	0.37974683544303794	30563531
cell line tumor	carcinoma pancreatic ductal/genetics	0.6183057448880234	34958892
diet	proto-oncogene proteins p21(ras)/metabolism	0.012658227848101264	33311482
cell line tumor	amidines/administration &amp; dosage	0.37974683544303794	28609459
cell line tumor	phenotype	0.6183057448880234	30420335
cell line tumor	interleukin-17/genetics	0.37974683544303794	31802182
diet	ferroptosis/drug effects	0.48101265822784794	33311482
cell line tumor	obesity/chemically induced	0.37974683544303794	32472095
cell line tumor	osteogenesis/physiology	0.37974683544303794	25802102
cell line tumor	interleukins/metabolism	0.37974683544303794	39321806
macrophages/metabolism	CD44	0.17039922103213243	36160648
diet	pancreatitis/genetics	0.012658227848101264	33311482
ferroptosis/drug effects	jurkat cells	0.22817267121064586	32778843
ferroptosis/drug effects	jurkat cells	0.22817267121064586	33926261
cell line tumor	receptors cell surface/metabolism	0.37974683544303794	30420335
cell line tumor	bone and bones/pathology	0.37974683544303794	25802102
ferroptosis/drug effects	neoplasms/drug therapy	0.22817267121064586	33277233
ferroptosis/drug effects	neoplasms/drug therapy	0.22817267121064586	31509699
diet	pancreas/metabolism	0.012658227848101264	33311482
ferroptosis/drug effects	pancreatitis/genetics	0.48101265822784806	33311482
cell line tumor	antigens differentiation myelomonocytic/metabolism	0.37974683544303794	30420335
ferroptosis/drug effects	ferritins/blood	0.48101265822784806	31980600
cell line tumor	osteoclasts/cytology	0.37974683544303794	25802102
ferroptosis/drug effects	pancreas/metabolism	0.48101265822784806	33311482
cell line tumor	capillary permeability	0.37974683544303794	26208571
energy metabolism/drug effects	ferroptosis/drug effects	0.48101265822784794	31509699
apoptosis/drug effects	cytokines/metabolism	0.040782002807319265	32134361
apoptosis/drug effects	cytokines/metabolism	0.040782002807319265	30420335
ferroptosis/drug effects	skin neoplasms/drug therapy	0.48101265822784806	34593794
oxidative stress/drug effects	hep g2 cells	0.3037974683544303	38581191
ferroptosis/drug effects	killer cells natural/metabolism	0.48101265822784806	35778693
cell line tumor	cathepsin k/metabolism	0.37974683544303794	25802102
energy metabolism/drug effects	neoplasms/drug therapy	0.025316455696202528	31509699
ferroptosis/drug effects	methotrexate/pharmacology	0.48101265822784806	32778843
cell line tumor	neoplasm recurrence local	0.37974683544303794	27756885
ferroptosis/drug effects	biopterins/analogs &amp; derivatives	0.48101265822784806	32778843
ferroptosis/drug effects	macrophages/drug effects	0.15655483756749583	34093872
ferroptosis/drug effects	macrophages/drug effects	0.15655483756749583	30787033
ferroptosis/drug effects	macrophages/drug effects	0.15655483756749583	31980600
ferroptosis/drug effects	macrophages/drug effects	0.15655483756749583	34811833
cell line tumor	autophagy	0.6183057448880234	21566463
ferroptosis/drug effects	glutathione peroxidase/metabolism	0.48101265822784806	33926261
ferroptosis/drug effects	flavonolignans/pharmacology	0.48101265822784806	33926261
cell line tumor	inflammation mediators/metabolism	0.32088164999557395	26208571
cell line tumor	inflammation mediators/metabolism	0.32088164999557395	28609459
ferroptosis/drug effects	multiple myeloma/drug therapy	0.48101265822784806	33691090
glutathione/metabolism	receptors transferrin/metabolism	0.1772151898734177	39276841
apoptosis/drug effects	dichloroacetic acid/chemistry	0.03797468354430379	31509699
ferroptosis/drug effects	cytoskeletal proteins/metabolism	0.48101265822784806	31775041
macrophages/metabolism	glioma/pathology	0.08860759493670885	40287444
cell line tumor	hydroxymethylglutaryl-coa reductase inhibitors/pharmacology	0.37974683544303794	27756885
ferroptosis/drug effects	cell survival	0.7338526452450502	32814895
cell line tumor	cell communication/drug effects	0.37974683544303794	30420335
glutathione/metabolism	selenomethionine/pharmacology	0.1772151898734177	39700767
diet	phospholipid hydroperoxide glutathione peroxidase/genetics	0.025316455696202528	33311482
ferroptosis/drug effects	neutrophil infiltration	0.48101265822784806	30830879
ferroptosis/drug effects	membrane proteins/metabolism	0.48101265822784806	33547170
glutathione/metabolism	carbolines	0.1772151898734177	39287745
cell line tumor	interleukin-6 receptor alpha subunit/blood	0.37974683544303794	24021059
ferroptosis/drug effects	phospholipid hydroperoxide glutathione peroxidase/genetics	0.22817267121064586	33311482
ferroptosis/drug effects	phospholipid hydroperoxide glutathione peroxidase/genetics	0.22817267121064586	40136245
energy metabolism/drug effects	mitochondria/drug effects	0.03797468354430379	31509699
cell line tumor	biomarkers/blood	0.37974683544303794	32472095
glutathione/metabolism	cyclohexylamines	0.1772151898734177	39212400
ferroptosis/drug effects	tumor microenvironment/drug effects	0.4507871733450976	33547170
ferroptosis/drug effects	tumor microenvironment/drug effects	0.4507871733450976	34593794
ferroptosis/drug effects	tumor microenvironment/drug effects	0.4507871733450976	34991659
ferroptosis/drug effects	tumor microenvironment/drug effects	0.4507871733450976	34093872
ferroptosis/drug effects	tumor microenvironment/drug effects	0.4507871733450976	40136245
energy metabolism/drug effects	pyruvate dehydrogenase acetyl-transferring kinase/antagonists &amp; inhibitors	0.012658227848101264	31509699
ferroptosis/drug effects	macrophages/metabolism	0.9922442738464934	35197507
cell line tumor	recombinant proteins/metabolism	0.37974683544303794	31802182
glutathione/metabolism	polysaccharides/pharmacology	0.1772151898734177	40752796
cell line tumor	fatty acid-binding proteins/metabolism	0.37974683544303794	31802182
ferroptosis/drug effects	iron/blood	0.48101265822784806	34396451
glutathione/metabolism	herbicides/toxicity	0.1772151898734177	40451026
cell line tumor	vascular endothelial growth factor a/genetics	0.37974683544303794	26208571
ferroptosis/drug effects	mitochondria/drug effects	0.10667813199458769	34093872
ferroptosis/drug effects	mitochondria/drug effects	0.10667813199458769	39276841
ferroptosis/drug effects	mitochondria/drug effects	0.10667813199458769	31509699
macrophages/metabolism	obesity/metabolism	0.17039922103213243	32359100
ferroptosis/drug effects	tumor escape/drug effects	0.48101265822784806	34593794
glutathione/metabolism	leydig cells/metabolism	0.1772151898734177	39212400
cell line tumor	integrin alphavbeta3/metabolism	0.37974683544303794	34958892
macrophages/metabolism	mammary glands animal/metabolism	0.08860759493670885	32359100
ferroptosis/drug effects	pyruvate dehydrogenase acetyl-transferring kinase/antagonists &amp; inhibitors	0.48101265822784806	31509699
cell line tumor	breast neoplasms/metabolism	0.767017792334248	32472095
macrophages/metabolism	lipoproteins ldl	0.08860759493670885	36160648
ferroptosis/drug effects	cystine/antagonists &amp; inhibitors	0.48101265822784806	32778843
glutathione/metabolism	malondialdehyde/metabolism	0.029535864978902954	39212400
glutathione/metabolism	malondialdehyde/metabolism	0.029535864978902954	40451026
ferroptosis/drug effects	liver/pathology	0.48101265822784806	34396451
glutathione/metabolism	glucose/deficiency	0.1772151898734177	39287745
ferroptosis/drug effects	immune checkpoint inhibitors/pharmacology	0.48101265822784806	34593794
neoplasm metastasis/drug therapy	GPX4	0.27848101265822783	32814895
cell line tumor	tumor escape/immunology	0.37974683544303794	39321806
ferroptosis/drug effects	nf-e2-related factor 2/genetics	0.48101265822784806	34093872
macrophages/metabolism	phenotype	0.17039922103213243	30420335
energy metabolism/drug effects	cell line tumor	0.37974683544303794	31509699
glutathione/metabolism	chondrocytes/drug effects	0.1772151898734177	39700767
ferroptosis/drug effects	colonic neoplasms/drug therapy	0.48101265822784806	33547170
cell line tumor	proto-oncogene proteins c-akt/metabolism	0.37974683544303794	30563531
ferroptosis/drug effects	heme oxygenase-1/metabolism	0.48101265822784806	33547170
glutathione/metabolism	aging/metabolism	0.1772151898734177	40724917
ferroptosis/drug effects	toll-like receptor 4/genetics	0.48101265822784806	30830879
cell line tumor	neoplasms/metabolism	0.37974683544303794	21566463
glutathione/metabolism	superoxide dismutase/metabolism	0.1772151898734177	39212400
ferroptosis/drug effects	reactive oxygen species/metabolism	0.00013315511323424453	31043744
ferroptosis/drug effects	reactive oxygen species/metabolism	0.00013315511323424453	33547170
ferroptosis/drug effects	reactive oxygen species/metabolism	0.00013315511323424453	35778693
ferroptosis/drug effects	reactive oxygen species/metabolism	0.00013315511323424453	39276841
ferroptosis/drug effects	reactive oxygen species/metabolism	0.00013315511323424453	33236624
ferroptosis/drug effects	reactive oxygen species/metabolism	0.00013315511323424453	33691090
ferroptosis/drug effects	reactive oxygen species/metabolism	0.00013315511323424453	40451026
ferroptosis/drug effects	reactive oxygen species/metabolism	0.00013315511323424453	33926261
ferroptosis/drug effects	reactive oxygen species/metabolism	0.00013315511323424453	40136245
ferroptosis/drug effects	reactive oxygen species/metabolism	0.00013315511323424453	40724917
ferroptosis/drug effects	reactive oxygen species/metabolism	0.00013315511323424453	32778843
macrophages/metabolism	receptors cell surface/metabolism	0.08860759493670885	30420335
ferroptosis/drug effects	asparaginase	0.48101265822784806	35778693
neoplasm metastasis/drug therapy	ACSL3	0.012658227848101264	32814895
glutathione/metabolism	nf-e2-related factor 2/metabolism	0.1772151898734177	39287745
cell line tumor	thyroid cancer papillary/immunology	0.37974683544303794	39178310
macrophages/metabolism	endostatins/genetics	0.08860759493670885	27044818
ferroptosis/drug effects	basic-leucine zipper transcription factors/analysis	0.48101265822784806	34991659
macrophages/metabolism	antigens differentiation myelomonocytic/metabolism	0.08860759493670885	30420335
ferroptosis/drug effects	interferon-gamma/immunology	0.48101265822784806	31043744
glutathione/metabolism	eye proteins/chemistry	0.1772151898734177	40703032
cell line tumor	tumor-associated macrophages/metabolism	0.37974683544303794	39546763
ferroptosis/drug effects	hyaluronan receptors/genetics	0.48101265822784806	34062295
glutathione/metabolism	antioxidants/metabolism	0.1772151898734177	40724917
malondialdehyde/blood	spleen/pathology	0.012658227848101264	34396451
ferroptosis/drug effects	gold/chemistry	0.48101265822784806	33236624
ferroptosis/drug effects	tumor-associated macrophages/drug effects	0.48101265822784806	34991659
cell line tumor	tumor necrosis factor alpha-induced protein 3/metabolism	0.37974683544303794	30420335
glutathione/metabolism	nerve growth factors/chemistry	0.1772151898734177	40703032
ferroptosis/drug effects	antineoplastic agents immunological/administration &amp; dosage	0.48101265822784806	31554642
cell line tumor	calgranulin a/genetics	0.37974683544303794	26208571
glutathione/metabolism	neurons/metabolism	0.1772151898734177	40724917
ferroptosis/drug effects	hmgb1 protein/metabolism	0.48101265822784806	35197507
macrophages/metabolism	chemokines/metabolism	0.08860759493670885	24844408
cell line tumor	liver neoplasms/immunology	0.37974683544303794	39321806
ferroptosis/drug effects	cell line tumor	0.9664381270943628	31043744
ferroptosis/drug effects	cell line tumor	0.9664381270943628	34396451
ferroptosis/drug effects	cell line tumor	0.9664381270943628	31509699
ferroptosis/drug effects	cell line tumor	0.9664381270943628	34985903
ferroptosis/drug effects	cell line tumor	0.9664381270943628	33236624
ferroptosis/drug effects	cell line tumor	0.9664381270943628	34093872
ferroptosis/drug effects	cell line tumor	0.9664381270943628	33277233
ferroptosis/drug effects	cell line tumor	0.9664381270943628	33691090
ferroptosis/drug effects	cell line tumor	0.9664381270943628	31554642
ferroptosis/drug effects	cell line tumor	0.9664381270943628	40451026
ferroptosis/drug effects	cell line tumor	0.9664381270943628	32686685
malondialdehyde/blood	ferroptosis/drug effects	0.48101265822784794	34396451
glutathione/metabolism	folic acid/pharmacology	0.1772151898734177	40724917
ferroptosis/drug effects	drug resistance neoplasm/drug effects	0.48101265822784806	34593794
macrophages/metabolism	nitric oxide synthase type ii/metabolism	0.08860759493670885	36160648
multiple myeloma/drug therapy	reactive oxygen species/metabolism	0.1392405063291139	33691090
cell line tumor	endometrial neoplasms/genetics	0.37974683544303794	30420335
glutathione/metabolism	aminopyridines/pharmacology	0.1772151898734177	39287745
ferroptosis/drug effects	glycogen synthase kinase 3/metabolism	0.48101265822784806	34093872
cell line tumor	bone neoplasms/pathology	0.37974683544303794	38221626
glutathione/metabolism	cyclic nucleotide phosphodiesterases type 4/metabolism	0.1772151898734177	39287745
macrophages/metabolism	lymphangiogenesis	0.08860759493670885	24844408
ferroptosis/drug effects	radiation-protective agents/pharmacology	0.48101265822784806	32134361
apoptosis/drug effects	macrophages/cytology	0.07497565725413827	31509699
cell line tumor	adiponectin/blood	0.37974683544303794	32472095
glutathione/metabolism	chalcones/toxicity	0.1772151898734177	38581191
macrophages/metabolism	cell communication/drug effects	0.08860759493670885	30420335
ferroptosis/drug effects	inflammation/metabolism	0.7338526452450502	35197507
cell line tumor	mesenchymal stem cells/metabolism	0.37974683544303794	40287444
macrophages/metabolism	leptin/physiology	0.08860759493670885	24844408
multiple myeloma/drug therapy	cell line tumor	0.37974683544303794	33691090
glutathione/metabolism	retinal pigment epithelium/metabolism	0.1772151898734177	40703032
cell line tumor	tumor-associated macrophages/immunology	0.6183057448880234	39321806
apoptosis/drug effects	bone marrow/drug effects	0.03797468354430379	32134361
energy metabolism/drug effects	ROS1	0.1012658227848101	31509699
glutathione/metabolism	iodates/toxicity	0.1772151898734177	40703032
cell line tumor	cytokines/blood	0.767017792334248	32344015
ferroptosis/drug effects	listeriosis/etiology	0.48101265822784806	31980600
cell line tumor	cadherins/metabolism	0.37974683544303794	28609459
glutathione/metabolism	spiral ganglion/drug effects	0.1772151898734177	39276841
malondialdehyde/blood	iron/blood	0.012658227848101264	34396451
apoptosis/drug effects	biological products/chemistry	0.03797468354430379	31509699
cell line tumor	neoplasms/pathology	0.37974683544303794	39546763
ferroptosis/drug effects	cell line	0.18539022967668708	39287745
ferroptosis/drug effects	cell line	0.18539022967668708	40724917
ferroptosis/drug effects	cell line	0.18539022967668708	40703032
ferroptosis/drug effects	cell line	0.18539022967668708	34811833
ferroptosis/drug effects	cell line	0.18539022967668708	40752796
glutathione/metabolism	testosterone	0.1772151898734177	39212400
macrophages/metabolism	breast neoplasms/metabolism	0.24581747366557488	32359100
ferroptosis/drug effects	exosomes/metabolism	0.48101265822784806	34985903
glutathione/metabolism	beclin-1/metabolism	0.1772151898734177	40451026
malondialdehyde/blood	liver/pathology	0.012658227848101264	34396451
cell line tumor	breast neoplasms/drug therapy	0.37974683544303794	27756885
glutathione/metabolism	dna-(apurinic or apyrimidinic site) lyase/metabolism	0.1772151898734177	40136245
ferroptosis/drug effects	HMOX1	0.22817267121064586	39276841
ferroptosis/drug effects	HMOX1	0.22817267121064586	33547170
glutathione/metabolism	retinal degeneration/chemically induced	0.1772151898734177	40703032
ferroptosis/drug effects	BDKRB2	0.48101265822784806	31775041
macrophages/metabolism	carcinoma renal cell/blood	0.08860759493670885	27044818
cell line tumor	pancreatic neoplasms/immunology	0.37974683544303794	32344015
glutathione/metabolism	neurons/drug effects	0.004602991944764097	39287745
glutathione/metabolism	neurons/drug effects	0.004602991944764097	40570981
glutathione/metabolism	neurons/drug effects	0.004602991944764097	39276841
ferroptosis/drug effects	CCK	0.47116174964276225	35778693
ferroptosis/drug effects	CCK	0.47116174964276225	34717678
cell line tumor	bone marrow/metabolism	0.37974683544303794	25802102
diet	GPX4	0.27848101265822783	33311482
macrophages/metabolism	tumor necrosis factor alpha-induced protein 3/metabolism	0.08860759493670885	30420335
glutathione/metabolism	reperfusion injury/pathology	0.1772151898734177	39287745
ferroptosis/drug effects	TGFB1	0.9922442738464934	34991659
multiple myeloma/drug therapy	CD36	0.1392405063291139	33691090
glutathione/metabolism	24-dichlorophenoxyacetic acid/toxicity	0.1772151898734177	40451026
malondialdehyde/blood	cell line tumor	0.37974683544303794	34396451
ferroptosis/drug effects	HLF	0.48101265822784806	34991659
cell line tumor	interleukin-6/metabolism	0.05134106399929186	24021059
cell line tumor	interleukin-6/metabolism	0.05134106399929186	27756885
cell line tumor	interleukin-6/metabolism	0.05134106399929186	30563531
macrophages/metabolism	extracellular matrix/metabolism	0.08860759493670885	32359100
glutathione/metabolism	benzamides/pharmacology	0.1772151898734177	39287745
ferroptosis/drug effects	BBS9	0.48101265822784806	31775041
glutathione/metabolism	brain ischemia/pathology	0.1772151898734177	39287745
ferroptosis/drug effects	TICAM1	0.48101265822784806	30830879
cell line tumor	cachexia/immunology	0.37974683544303794	32344015
glutathione/metabolism	phenylenediamines	0.1772151898734177	39212400
macrophages/metabolism	endometrial neoplasms/genetics	0.08860759493670885	30420335
ferroptosis/drug effects	HSPB1	0.48101265822784806	34062295
cell line tumor	stat3 transcription factor/metabolism	0.06590571320751201	24021059
cell line tumor	stat3 transcription factor/metabolism	0.06590571320751201	27756885
cell line tumor	stat3 transcription factor/metabolism	0.06590571320751201	30563531
cell line tumor	stat3 transcription factor/metabolism	0.06590571320751201	31802182
apoptosis/drug effects	necroptosis/drug effects	0.03797468354430379	32134361
glutathione/metabolism	embryo nonmammalian/drug effects	0.1772151898734177	38581191
ferroptosis/drug effects	SLC40A1	0.48101265822784806	34062295
glutathione/metabolism	kidney/drug effects	0.1772151898734177	40752796
macrophages/metabolism	rna messenger/genetics	0.08860759493670885	24844408
ferroptosis/drug effects	CD36	0.9996503858356953	33691090
glutathione/metabolism	cystine/metabolism	0.1772151898734177	40724917
apoptosis/drug effects	cell proliferation/drug effects	0.07497565725413827	30420335
cell line tumor	inflammation/immunology	0.37974683544303794	27756885
ferroptosis/drug effects	NOX4	0.48101265822784806	35197507
diet	KDM8	0.012658227848101264	33311482
macrophages/metabolism	mesenchymal stem cells/metabolism	0.08860759493670885	40287444
glutathione/metabolism	serpins/chemistry	0.1772151898734177	40703032
cell line tumor	obesity/pathology	0.37974683544303794	38221626
apoptosis/drug effects	protein kinase inhibitors/chemistry	0.03797468354430379	31509699
ferroptosis/drug effects	SLC9A1	0.22817267121064586	31043744
ferroptosis/drug effects	SLC9A1	0.22817267121064586	31554642
glutathione/metabolism	drugs chinese herbal/pharmacology	0.1772151898734177	39212400
cell line tumor	myeloid cells/immunology	0.37974683544303794	24021059
multiple myeloma/drug therapy	PDCD1	0.07594936708860758	33691090
ferroptosis/drug effects	STAT3	0.9838237711655433	34991659
glutathione/metabolism	hydrogen peroxide	0.1772151898734177	39212400
macrophages/metabolism	cytokines/blood	0.24581747366557488	27044818
ferroptosis/drug effects	TP53	0.46348841032385335	31980600
ferroptosis/drug effects	TP53	0.46348841032385335	33547170
ferroptosis/drug effects	TP53	0.46348841032385335	35778693
cell line tumor	osteopontin/metabolism	0.37974683544303794	39178310
glutathione/metabolism	membrane potential mitochondrial/drug effects	0.1772151898734177	38581191
apoptosis/drug effects	small molecule libraries/pharmacology	0.03797468354430379	32134361
ferroptosis/drug effects	FTH1	0.022271399486589363	39287745
ferroptosis/drug effects	FTH1	0.022271399486589363	35197507
ferroptosis/drug effects	FTH1	0.022271399486589363	38581191
ferroptosis/drug effects	FTH1	0.022271399486589363	39212400
ferroptosis/drug effects	FTH1	0.022271399486589363	40724917
diet	STING1	0.012658227848101264	33311482
glutathione/metabolism	selenium/chemistry	0.1772151898734177	40570981
ferroptosis/drug effects	IFNA1	0.8651980930461943	30830879
glutathione/metabolism	cartilage articular/drug effects	0.1772151898734177	39700767
cell line tumor	cell proliferation	0.3540172301253955	26208571
cell line tumor	cell proliferation	0.3540172301253955	34958892
cell line tumor	cell proliferation	0.3540172301253955	38301989
cell line tumor	cell proliferation	0.3540172301253955	31802182
ferroptosis/drug effects	ATM	0.48101265822784806	31554642
glutathione/metabolism	diabetic nephropathies/drug therapy	0.1772151898734177	40752796
ferroptosis/drug effects	MS4A1	0.48101265822784806	31775041
glutathione/metabolism	t-2 toxin/toxicity	0.1772151898734177	39700767
cell line tumor	adipocytes/immunology	0.37974683544303794	31802182
glutathione/metabolism	chemical and drug induced liver injury/metabolism	0.1772151898734177	38581191
ferroptosis/drug effects	SLC7A11	0.00013315511323424453	31043744
ferroptosis/drug effects	SLC7A11	0.00013315511323424453	35778693
ferroptosis/drug effects	SLC7A11	0.00013315511323424453	38581191
ferroptosis/drug effects	SLC7A11	0.00013315511323424453	39276841
ferroptosis/drug effects	SLC7A11	0.00013315511323424453	39212400
ferroptosis/drug effects	SLC7A11	0.00013315511323424453	31554642
ferroptosis/drug effects	SLC7A11	0.00013315511323424453	40451026
ferroptosis/drug effects	SLC7A11	0.00013315511323424453	40724917
ferroptosis/drug effects	SLC7A11	0.00013315511323424453	40703032
ferroptosis/drug effects	SLC7A11	0.00013315511323424453	34811833
ferroptosis/drug effects	SLC7A11	0.00013315511323424453	40752796
cell line tumor	macrophage colony-stimulating factor/antagonists &amp; inhibitors	0.37974683544303794	27756885
glutathione/metabolism	phosphodiesterase 4 inhibitors/pharmacology	0.1772151898734177	39287745
ferroptosis/drug effects	CHRM1	0.6629952326154858	34093872
ferroptosis/drug effects	CHRM1	0.6629952326154858	33236624
glutathione/metabolism	organometallic compounds/toxicity	0.1772151898734177	39276841
ferroptosis/drug effects	FUT1	0.48101265822784806	34811833
glutathione/metabolism	APEX1	0.1772151898734177	40136245
cell line tumor	chemokine cxcl1/metabolism	0.37974683544303794	25802102
ferroptosis/drug effects	CALR	0.48101265822784806	32686685
glutathione/metabolism	SERPINF1	0.1772151898734177	40703032
ferroptosis/drug effects	GSK3B	0.48101265822784806	34093872
cell line tumor	antigens cd/metabolism	0.37974683544303794	30420335
glutathione/metabolism	LPO	0.1772151898734177	40752796
ferroptosis/drug effects	SMAD3	0.48101265822784806	34991659
cell line tumor	estradiol/pharmacology	0.37974683544303794	30420335
glutathione/metabolism	PDE4B	0.1772151898734177	39287745
ferroptosis/drug effects	PDCD1	0.6252506986684202	34093872
ferroptosis/drug effects	PDCD1	0.6252506986684202	33691090
ferroptosis/drug effects	PDCD1	0.6252506986684202	34985903
glutathione/metabolism	BECN1	0.1772151898734177	40451026
cell line tumor	lung neoplasms/metabolism	0.14118792599805258	26208571
cell line tumor	lung neoplasms/metabolism	0.14118792599805258	28609459
ferroptosis/drug effects	NLRP3	0.48101265822784806	35197507
glutathione/metabolism	TNMD	0.1772151898734177	40451026
macrophages/metabolism	cell proliferation	0.5412198359183472	24844408
ferroptosis/drug effects	ACSL4	0.22817267121064586	39212400
ferroptosis/drug effects	ACSL4	0.22817267121064586	33277233
cell line tumor	prostatic neoplasms/pathology	0.32088164999557395	38221626
cell line tumor	prostatic neoplasms/pathology	0.32088164999557395	25802102
glutathione/metabolism	PDE4A	0.1772151898734177	39287745
multiple myeloma/drug therapy	CD8A	0.1012658227848101	33691090
ferroptosis/drug effects	HMGB1	0.7338526452450502	35197507
glutathione/metabolism	ATP8A2	0.1772151898734177	38581191
macrophages/metabolism	epithelial cells/metabolism	0.08860759493670885	32359100
cell line tumor	calgranulin b/genetics	0.37974683544303794	26208571
ferroptosis/drug effects	GPX4	1.13241792275154e-09	35778693
ferroptosis/drug effects	GPX4	1.13241792275154e-09	40752796
ferroptosis/drug effects	GPX4	1.13241792275154e-09	39700767
ferroptosis/drug effects	GPX4	1.13241792275154e-09	39276841
ferroptosis/drug effects	GPX4	1.13241792275154e-09	32814895
ferroptosis/drug effects	GPX4	1.13241792275154e-09	33277233
ferroptosis/drug effects	GPX4	1.13241792275154e-09	40724917
ferroptosis/drug effects	GPX4	1.13241792275154e-09	40136245
ferroptosis/drug effects	GPX4	1.13241792275154e-09	40703032
ferroptosis/drug effects	GPX4	1.13241792275154e-09	34811833
ferroptosis/drug effects	GPX4	1.13241792275154e-09	31775041
ferroptosis/drug effects	GPX4	1.13241792275154e-09	39287745
ferroptosis/drug effects	GPX4	1.13241792275154e-09	35197507
ferroptosis/drug effects	GPX4	1.13241792275154e-09	38581191
ferroptosis/drug effects	GPX4	1.13241792275154e-09	40451026
ferroptosis/drug effects	GPX4	1.13241792275154e-09	30787033
ferroptosis/drug effects	GPX4	1.13241792275154e-09	32778843
ferroptosis/drug effects	GPX4	1.13241792275154e-09	40570981
ferroptosis/drug effects	GPX4	1.13241792275154e-09	34717678
ferroptosis/drug effects	GPX4	1.13241792275154e-09	39212400
ferroptosis/drug effects	GPX4	1.13241792275154e-09	33926261
ferroptosis/drug effects	GPX4	1.13241792275154e-09	33311482
glutathione/metabolism	TFRC	0.029535864978902954	39276841
glutathione/metabolism	TFRC	0.029535864978902954	40451026
glutathione/metabolism	CYLD	0.1772151898734177	40451026
ferroptosis/drug effects	PRKAA1	0.48101265822784806	34093872
glutathione/metabolism	FGFR1	0.1772151898734177	39287745
ferroptosis/drug effects	FN1	0.48101265822784806	34811833
cell line tumor	interferon type i/metabolism	0.6183057448880234	39546763
macrophages/metabolism	stem cells/metabolism	0.08860759493670885	32359100
glutathione/metabolism	NCOA4	0.029535864978902954	39287745
glutathione/metabolism	NCOA4	0.029535864978902954	39276841
ferroptosis/drug effects	GABPA	0.48101265822784806	34093872
macrophages/metabolism	mannose receptor	0.08860759493670885	36160648
cell line tumor	leptin/metabolism	0.37974683544303794	30563531
glutathione/metabolism	TPM3	0.1772151898734177	39212400
multiple myeloma/drug therapy	RPL17-C18orf32	0.07594936708860758	33691090
ferroptosis/drug effects	ATL1	0.48101265822784806	33277233
cell line tumor	ovary/pathology	0.37974683544303794	31802182
macrophages/metabolism	antigens cd/metabolism	0.08860759493670885	30420335
multiple myeloma/drug therapy	RPL17	0.07594936708860758	33691090
ferroptosis/drug effects	ACSL3	0.48101265822784806	32814895
ferroptosis/drug effects	MTOR	0.48101265822784806	34093872
cell line tumor	procollagen-lysine 2-oxoglutarate 5-dioxygenase/deficiency	0.37974683544303794	30563531
macrophages/metabolism	estradiol/pharmacology	0.08860759493670885	30420335
cell line tumor	cellular reprogramming/immunology	0.37974683544303794	39321806
ferroptosis/drug effects	ROS1	0.0018745025854441492	31775041
ferroptosis/drug effects	ROS1	0.0018745025854441492	31509699
ferroptosis/drug effects	ROS1	0.0018745025854441492	38581191
ferroptosis/drug effects	ROS1	0.0018745025854441492	40451026
ferroptosis/drug effects	ROS1	0.0018745025854441492	33926261
ferroptosis/drug effects	ROS1	0.0018745025854441492	34811833
ferroptosis/drug effects	ROS1	0.0018745025854441492	40752796
ferroptosis/drug effects	ROS1	0.0018745025854441492	39700767
ferroptosis/drug effects	S100A4	0.48101265822784806	33277233
apoptosis/drug effects	drug synergism	0.03797468354430379	31509699
macrophages/metabolism	neovascularization pathologic	0.08860759493670885	24844408
ferroptosis/drug effects	ATG5	0.48101265822784806	33926261
cell line tumor	adenosine/analogs &amp; derivatives	0.37974683544303794	40287444
ferroptosis/drug effects	BTRC	0.48101265822784806	34093872
cell line tumor	transforming growth factor beta1/metabolism	0.4911178095721733	35720420
cell line tumor	transforming growth factor beta1/metabolism	0.4911178095721733	34958892
ferroptosis/drug effects	PRKAA2	0.48101265822784806	34093872
cell line tumor	alpha-ketoglutarate-dependent dioxygenase fto/metabolism	0.6183057448880234	40287444
ferroptosis/drug effects	TLR4	0.47116174964276225	35197507
ferroptosis/drug effects	TLR4	0.47116174964276225	30830879
apoptosis/drug effects	saponins/chemistry	0.03797468354430379	31509699
cell line tumor	tumor microenvironment/immunology	0.06855285082403076	24021059
cell line tumor	tumor microenvironment/immunology	0.06855285082403076	39178310
cell line tumor	tumor microenvironment/immunology	0.06855285082403076	31802182
cell line tumor	tumor microenvironment/immunology	0.06855285082403076	39546763
cell line tumor	tumor microenvironment/immunology	0.06855285082403076	39321806
ferroptosis/drug effects	SLC3A2	0.48101265822784806	31043744
apoptosis/drug effects	dose-response relationship drug	0.11101556671176926	30420335
ferroptosis/drug effects	XK	0.48101265822784806	35778693
apoptosis/drug effects	antineoplastic agents/chemistry	0.03797468354430379	31509699
ferroptosis/drug effects	CD274	0.27932826667003885	34093872
ferroptosis/drug effects	CD274	0.27932826667003885	34593794
ferroptosis/drug effects	CD274	0.27932826667003885	34985903
cell line tumor	cadherins/genetics	0.37974683544303794	35720420
macrophages/metabolism	adenosine/analogs &amp; derivatives	0.08860759493670885	40287444
ferroptosis/drug effects	JAK2	0.48101265822784806	34991659
cell line tumor	stat3 transcription factor/immunology	0.37974683544303794	32344015
ferroptosis/drug effects	CYREN	0.48101265822784806	32686685
macrophages/metabolism	transforming growth factor beta1/metabolism	0.31528165372269307	32359100
cell line tumor	breast neoplasms/pathology	0.37974683544303794	30563531
ferroptosis/drug effects	MMRN1	0.48101265822784806	34811833
macrophages/metabolism	alpha-ketoglutarate-dependent dioxygenase fto/metabolism	0.17039922103213243	40287444
cell line tumor	glioblastoma/pathology	0.37974683544303794	35720420
ferroptosis/drug effects	ASAH2	0.48101265822784806	33547170
macrophages/metabolism	colorectal neoplasms/metabolism	0.08860759493670885	36160648
ferroptosis/drug effects	NFE2L2	0.04912808710277065	34093872
ferroptosis/drug effects	NFE2L2	0.04912808710277065	39287745
ferroptosis/drug effects	NFE2L2	0.04912808710277065	40752796
ferroptosis/drug effects	NFE2L2	0.04912808710277065	34717678
cell line tumor	mesenchymal stem cells/immunology	0.37974683544303794	27756885
ferroptosis/drug effects	IL6	0.9982977455508149	34991659
ferroptosis/drug effects	TF	0.22817267121064586	31980600
ferroptosis/drug effects	TF	0.22817267121064586	40451026
cell line tumor	fibroblasts/metabolism	0.37974683544303794	21566463
apoptosis/drug effects	ileum/drug effects	0.03797468354430379	32134361
ferroptosis/drug effects	CD8A	0.31357514804714387	31043744
ferroptosis/drug effects	CD8A	0.31357514804714387	34093872
ferroptosis/drug effects	CD8A	0.31357514804714387	33277233
ferroptosis/drug effects	CD8A	0.31357514804714387	33691090
ferroptosis/drug effects	CD8A	0.31357514804714387	31554642
cell line tumor	disease progression	0.14320213160985976	31802182
cell line tumor	disease progression	0.14320213160985976	39546763
cell line tumor	disease progression	0.14320213160985976	34958892
cell line tumor	disease progression	0.14320213160985976	39178310
ferroptosis/drug effects	PLEKHM1	0.48101265822784806	31775041
cell line tumor	hepatocyte growth factor/blood	0.37974683544303794	32472095
ferroptosis/drug effects	KDM8	0.48101265822784806	33311482
cell line tumor	angiopoietin-2/genetics	0.37974683544303794	26208571
apoptosis/drug effects	energy metabolism/drug effects	0.03797468354430379	31509699
ferroptosis/drug effects	CD44	0.7338526452450502	34062295
macrophages/metabolism	obesity/etiology	0.08860759493670885	24844408
ferroptosis/drug effects	SPANXB1	0.48101265822784806	31775041
lung neoplasms/drug therapy	ferroptosis/drug effects	0.48101265822784794	34093872
cell line tumor	breast neoplasms/immunology	0.37974683544303794	24021059
ferroptosis/drug effects	HIF1A	0.48101265822784806	34811833
ferroptosis/drug effects	PRKAB1	0.48101265822784806	34093872
macrophages/metabolism	nih 3t3 cells	0.08860759493670885	27044818
cell line tumor	bone marrow/pathology	0.37974683544303794	38221626
ferroptosis/drug effects	ASPG	0.48101265822784806	35778693
saponins/chemistry	antineoplastic agents/chemistry	0.012658227848101264	31509699
ferroptosis/drug effects	TRIM69	0.48101265822784806	30830879
cell line tumor	adipocytes/metabolism	0.15064549041897474	38221626
cell line tumor	adipocytes/metabolism	0.15064549041897474	30563531
cell line tumor	adipocytes/metabolism	0.15064549041897474	25802102
macrophages/metabolism	angiogenesis inducing agents/metabolism	0.08860759493670885	27044818
ferroptosis/drug effects	NLRP1	0.48101265822784806	35778693
ferroptosis/drug effects	RPL17-C18orf32	0.6252506986684202	34093872
ferroptosis/drug effects	RPL17-C18orf32	0.6252506986684202	33691090
ferroptosis/drug effects	RPL17-C18orf32	0.6252506986684202	34985903
cell line tumor	macrophages/immunology	0.4911178095721733	39178310
cell line tumor	macrophages/immunology	0.4911178095721733	32344015
lung neoplasms/drug therapy	macrophages/drug effects	0.06329113924050632	34093872
macrophages/metabolism	mammary glands human/metabolism	0.08860759493670885	32359100
ferroptosis/drug effects	RPL17	0.6252506986684202	34093872
ferroptosis/drug effects	RPL17	0.6252506986684202	33691090
ferroptosis/drug effects	RPL17	0.6252506986684202	34985903
macrophages/metabolism	adipocytes/metabolism	0.31528165372269307	24844408
ferroptosis/drug effects	AIFM2	0.48101265822784806	33277233
ferroptosis/drug effects	MRLN	0.6629952326154858	34093872
ferroptosis/drug effects	MRLN	0.6629952326154858	33236624
cell line tumor	3t3-l1 cells	0.37974683544303794	30563531
macrophages/metabolism	hyperlipidemias	0.08860759493670885	36160648
ferroptosis/drug effects	CTLA4	0.48101265822784806	34093872
cell line tumor	cytokines/biosynthesis	0.37974683544303794	21566463
ferroptosis/drug effects	STING1	0.48101265822784806	33311482
saponins/chemistry	energy metabolism/drug effects	0.012658227848101264	31509699
cell line tumor	obesity	0.37974683544303794	25802102
lung neoplasms/drug therapy	tumor microenvironment/drug effects	0.11392405063291138	34093872
ferroptosis/drug effects	GGT1	0.48101265822784806	34991659
lung neoplasms/drug therapy	mitochondria/drug effects	0.03797468354430379	34093872
cell line tumor	hypoxia	0.37974683544303794	21566463
macrophages/metabolism	anti-inflammatory agents/metabolism	0.08860759493670885	27044818
cell line tumor	transforming growth factor beta/metabolism	0.6183057448880234	26208571
apoptosis/drug effects	drug interactions	0.03797468354430379	32134361
cell line tumor	neoplastic stem cells/immunology	0.37974683544303794	39321806
lung neoplasms/drug therapy	nf-e2-related factor 2/genetics	0.012658227848101264	34093872
cell line tumor	cell communication	0.37974683544303794	21566463
cell line tumor	neoplasm recurrence local/immunology	0.37974683544303794	39178310
apoptosis/drug effects	ferroptosis/drug effects	0.4711617496427623	32134361
apoptosis/drug effects	ferroptosis/drug effects	0.4711617496427623	31509699
macrophages/metabolism	diet high-fat/adverse effects	0.00044259537930424004	36160648
macrophages/metabolism	diet high-fat/adverse effects	0.00044259537930424004	24844408
macrophages/metabolism	diet high-fat/adverse effects	0.00044259537930424004	32359100
cell line tumor	chemokine cxcl2/metabolism	0.37974683544303794	25802102
apoptosis/drug effects	neoplasms/drug therapy	0.07497565725413827	31509699
cell line tumor	metabolic reprogramming	0.37974683544303794	38301989
macrophages/metabolism	macrophage colony-stimulating factor/metabolism	0.08860759493670885	40287444
cell line tumor	carcinoma hepatocellular/pathology	0.6183057448880234	38301989
cell line tumor	macrophage colony-stimulating factor/metabolism	0.37974683544303794	40287444
lung neoplasms/drug therapy	cell line tumor	0.37974683544303794	34093872
saponins/chemistry	ferroptosis/drug effects	0.48101265822784794	31509699
cell line tumor	cell movement	0.37974683544303794	30563531
macrophages/metabolism	cell polarity	0.08860759493670885	27044818
lung neoplasms/drug therapy	glycogen synthase kinase 3/metabolism	0.012658227848101264	34093872
cell line tumor	caveolin 1/deficiency	0.37974683544303794	21566463
saponins/chemistry	neoplasms/drug therapy	0.025316455696202528	31509699
macrophages/metabolism	neoplasm metastasis	0.3791886993752417	27044818
macrophages/metabolism	tumor cells cultured	0.08860759493670885	24844408
cell line tumor	neoplasm metastasis	0.633359578462843	24021059
cell line tumor	neoplasm metastasis	0.633359578462843	30563531
cell line tumor	muscle fibers skeletal/drug effects	0.37974683544303794	32344015
cell line tumor	neoplasm invasiveness	0.37974683544303794	27756885
ferroptosis/drug effects	hep g2 cells	0.7338526452450502	38581191
skin neoplasms/drug therapy	tumor microenvironment/drug effects	0.11392405063291138	34593794
macrophages/metabolism	tumor microenvironment/physiology	0.24581747366557488	32359100
cell line tumor	chemokine ccl2/genetics	0.37974683544303794	38221626
cell line tumor	bone marrow cells/metabolism	0.37974683544303794	25802102
skin neoplasms/drug therapy	tumor escape/drug effects	0.012658227848101264	34593794
cell line tumor	immunocompetence	0.37974683544303794	28609459
apoptosis/drug effects	macrophages/metabolism	0.2458174736655749	30420335
cell line tumor	kruppel-like transcription factors/genetics	0.6183057448880234	38221626
macrophages/metabolism	scavenger receptors class e/genetics	0.08860759493670885	36160648
skin neoplasms/drug therapy	immune checkpoint inhibitors/pharmacology	0.012658227848101264	34593794
saponins/chemistry	mitochondria/drug effects	0.03797468354430379	31509699
apoptosis/drug effects	mitochondria/drug effects	0.11101556671176926	31509699
cell line tumor	bone neoplasms/secondary	0.37974683544303794	25802102
macrophages/metabolism	brain neoplasms/pathology	0.08860759493670885	40287444
saponins/chemistry	pyruvate dehydrogenase acetyl-transferring kinase/antagonists &amp; inhibitors	0.012658227848101264	31509699
cell line tumor	palmitic acid/pharmacology	0.37974683544303794	38221626
macrophages/metabolism	estrogen receptor alpha/genetics	0.08860759493670885	30420335
lung neoplasms/drug therapy	CHRM1	0.050632911392405056	34093872
apoptosis/drug effects	pyruvate dehydrogenase acetyl-transferring kinase/antagonists &amp; inhibitors	0.03797468354430379	31509699
cell line tumor	cell differentiation	0.767017792334248	25802102
lung neoplasms/drug therapy	GSK3B	0.012658227848101264	34093872
macrophages/metabolism	receptor melanocortin type 4/physiology	0.08860759493670885	24844408
lung neoplasms/drug therapy	PDCD1	0.07594936708860758	34093872
cell line tumor	brain neoplasms/pathology	0.37974683544303794	40287444
cell line tumor	estrogen receptor alpha/genetics	0.37974683544303794	30420335
cell line tumor	receptors interleukin-17/metabolism	0.37974683544303794	31802182
skin neoplasms/drug therapy	drug resistance neoplasm/drug effects	0.012658227848101264	34593794
lung neoplasms/drug therapy	PRKAA1	0.012658227848101264	34093872
macrophages/metabolism	apoptosis	0.08860759493670885	24844408
cell line tumor	cd36 antigens/metabolism	0.24273450599096513	39178310
cell line tumor	cd36 antigens/metabolism	0.24273450599096513	39546763
cell line tumor	cd36 antigens/metabolism	0.24273450599096513	39321806
cell line tumor	cd36 antigens/metabolism	0.24273450599096513	31802182
lung neoplasms/drug therapy	GABPA	0.012658227848101264	34093872
saponins/chemistry	cell line tumor	0.37974683544303794	31509699
macrophages/metabolism	hek293 cells	0.08860759493670885	30420335
lung neoplasms/drug therapy	MTOR	0.012658227848101264	34093872
cell line tumor	cancer-associated fibroblasts/pathology	0.37974683544303794	38301989
macrophages/metabolism	lymphatic metastasis	0.08860759493670885	24844408
cell line tumor	osteolysis/pathology	0.37974683544303794	25802102
cell line tumor	paracrine communication	0.6183057448880234	27756885
lung neoplasms/drug therapy	BTRC	0.012658227848101264	34093872
macrophages/metabolism	DCN	0.08860759493670885	32359100
apoptosis/drug effects	cell line tumor	0.32088164999557406	31509699
apoptosis/drug effects	cell line tumor	0.32088164999557406	30420335
lung neoplasms/drug therapy	PRKAA2	0.012658227848101264	34093872
cell line tumor	hek293 cells	0.37974683544303794	30420335
lung neoplasms/drug therapy	CD274	0.050632911392405056	34093872
apoptosis/drug effects	radiation-protective agents/pharmacology	0.03797468354430379	32134361
basic-leucine zipper transcription factors/analysis	tumor-associated macrophages/drug effects	0.012658227848101264	34991659
lung neoplasms/drug therapy	NFE2L2	0.050632911392405056	34093872
macrophages/metabolism	CCL2	0.3791886993752417	24844408
cell line tumor	FAP	0.37974683544303794	38301989
lung neoplasms/drug therapy	CD8A	0.1012658227848101	34093872
cell line tumor	MAPK1	0.37974683544303794	39546763
cell line tumor	AHSA1	0.37974683544303794	39546763
macrophages/metabolism	IL4	0.08860759493670885	27044818
cell line tumor	EEF1A2	0.37974683544303794	27756885
cell line tumor	F9	0.37974683544303794	39178310
lung neoplasms/drug therapy	PRKAB1	0.012658227848101264	34093872
macrophages/metabolism	CCR7	0.08860759493670885	24844408
cell line tumor	HGF	0.6183057448880234	32472095
cell line tumor	AIMP2	0.37974683544303794	39546763
lung neoplasms/drug therapy	RPL17-C18orf32	0.07594936708860758	34093872
cell line tumor	SERPINE1	0.37974683544303794	35720420
lung neoplasms/drug therapy	RPL17	0.07594936708860758	34093872
macrophages/metabolism	CCL21	0.08860759493670885	24844408
cell line tumor	CCL2	0.9153906719529638	38221626
glioblastoma/genetics	heat-shock proteins/genetics	0.012658227848101264	34062295
macrophages/metabolism	FLT4	0.08860759493670885	24844408
basic-leucine zipper transcription factors/analysis	TGFB1	0.08860759493670886	34991659
lung neoplasms/drug therapy	MRLN	0.050632911392405056	34093872
cell line tumor	NFKB1	0.7438852772630256	32472095
cell line tumor	NFKB1	0.7438852772630256	21566463
saponins/chemistry	ROS1	0.1012658227848101	31509699
lung neoplasms/drug therapy	CTLA4	0.012658227848101264	34093872
basic-leucine zipper transcription factors/analysis	HLF	0.012658227848101264	34991659
glioblastoma/genetics	brain neoplasms/genetics	0.012658227848101264	34062295
skin neoplasms/drug therapy	CD274	0.050632911392405056	34593794
macrophages/metabolism	KDR	0.08860759493670885	24844408
cell line tumor	MAPK14	0.37974683544303794	39546763
cell line tumor	FFAR1	0.37974683544303794	38221626
macrophages/metabolism	ARG1	0.08860759493670885	27044818
cell line tumor	SPP1	0.37974683544303794	39178310
glioblastoma/genetics	acetaminophen/pharmacology	0.012658227848101264	34062295
glioblastoma/genetics	ferroptosis/drug effects	0.48101265822784794	34062295
cell line tumor	FABP4	0.37974683544303794	31802182
basic-leucine zipper transcription factors/analysis	STAT3	0.07594936708860758	34991659
cell line tumor	CCDC6	0.37974683544303794	39178310
nlr family pyrin domain-containing 3 protein/metabolism	ferroptosis/drug effects	0.48101265822784794	35197507
macrophages/metabolism	IL13	0.08860759493670885	27044818
cell line tumor	PIK3CA	0.14118792599805258	30563531
cell line tumor	PIK3CA	0.14118792599805258	28609459
cell line tumor	EGF	0.37974683544303794	32472095
macrophages/metabolism	CCL19	0.08860759493670885	24844408
cell line tumor	CBX8	0.37974683544303794	25802102
cell line tumor	PLOD2	0.37974683544303794	30563531
basic-leucine zipper transcription factors/analysis	SMAD3	0.012658227848101264	34991659
nlr family pyrin domain-containing 3 protein/metabolism	macrophages/metabolism	0.08860759493670886	35197507
apoptosis/drug effects	ROS1	0.277241745596176	31509699
macrophages/metabolism	CD209	0.08860759493670885	27044818
glioblastoma/genetics	hyaluronan receptors/genetics	0.012658227848101264	34062295
cell line tumor	DUSP2	0.37974683544303794	39178310
heat-shock proteins/genetics	brain neoplasms/genetics	0.012658227848101264	34062295
cell line tumor	ACTR1B	0.37974683544303794	25802102
macrophages/metabolism	CSF1	0.019562715765247412	24844408
macrophages/metabolism	CSF1	0.019562715765247412	40287444
autophagy-related proteins/genetics	ferroptosis/drug effects	0.48101265822784794	33926261
cell line tumor	BTG2	0.37974683544303794	25802102
autophagy-related proteins/genetics	jurkat cells	0.025316455696202528	33926261
cell line tumor	CSF2	0.37974683544303794	21566463
nlr family pyrin domain-containing 3 protein/metabolism	hmgb1 protein/metabolism	0.012658227848101264	35197507
macrophages/metabolism	CD163	0.17039922103213243	30420335
cell line tumor	CRK	0.37974683544303794	39546763
glioblastoma/genetics	HSPB1	0.012658227848101264	34062295
glioblastoma/genetics	SLC40A1	0.012658227848101264	34062295
cell line tumor	CXCL8	0.6183057448880234	21566463
nlr family pyrin domain-containing 3 protein/metabolism	inflammation/metabolism	0.025316455696202528	35197507
autophagy-related proteins/genetics	glutathione peroxidase/metabolism	0.012658227848101264	33926261
cell line tumor	PCSK1	0.37974683544303794	25802102
autophagy-related proteins/genetics	flavonolignans/pharmacology	0.012658227848101264	33926261
cell line tumor	ZCCHC12	0.37974683544303794	39178310
cell line tumor	KLF7	0.37974683544303794	38221626
nlr family pyrin domain-containing 3 protein/metabolism	NOX4	0.012658227848101264	35197507
cell line tumor	LEP	0.14118792599805258	30563531
cell line tumor	LEP	0.14118792599805258	32472095
nlr family pyrin domain-containing 3 protein/metabolism	FTH1	0.06329113924050632	35197507
cell line tumor	ANGPT2	0.37974683544303794	26208571
cell line tumor	CXCR2	0.37974683544303794	25802102
autophagy-related proteins/genetics	reactive oxygen species/metabolism	0.1392405063291139	33926261
cell line tumor	IL17RA	0.37974683544303794	31802182
basic-leucine zipper transcription factors/analysis	JAK2	0.012658227848101264	34991659
nlr family pyrin domain-containing 3 protein/metabolism	NLRP3	0.012658227848101264	35197507
cell line tumor	CSF1	0.32088164999557395	40287444
cell line tumor	CSF1	0.32088164999557395	27756885
nlr family pyrin domain-containing 3 protein/metabolism	HMGB1	0.025316455696202528	35197507
cell line tumor	PTCH1	0.37974683544303794	39178310
nlr family pyrin domain-containing 3 protein/metabolism	GPX4	0.27848101265822783	35197507
cell line tumor	CAV1	0.37974683544303794	21566463
macrophages/metabolism	TNF	0.43791409267758363	30420335
basic-leucine zipper transcription factors/analysis	IL6	0.11392405063291138	34991659
macrophages/metabolism	ESR1	0.08860759493670885	30420335
glioblastoma/genetics	CD44	0.025316455696202528	34062295
cell line tumor	RET	0.37974683544303794	39178310
nlr family pyrin domain-containing 3 protein/metabolism	TLR4	0.03797468354430379	35197507
cell line tumor	CD163	0.14118792599805258	32344015
cell line tumor	CD163	0.14118792599805258	30420335
cell line tumor	THBS2	0.37974683544303794	34958892
macrophages/metabolism	IL10	0.31528165372269307	27044818
macrophages/metabolism	FTO	0.17039922103213243	40287444
cell line tumor	S100A8	0.6183057448880234	26208571
cell line tumor	S100A9	0.37974683544303794	26208571
macrophages/metabolism	PROM1	0.08860759493670885	36160648
cell line tumor	JUN	0.37974683544303794	32472095
autophagy-related proteins/genetics	GPX4	0.27848101265822783	33926261
cell line tumor	PIK3CD	0.14118792599805258	30563531
cell line tumor	PIK3CD	0.14118792599805258	28609459
macrophages/metabolism	YTHDF2	0.08860759493670885	40287444
autophagy-related proteins/genetics	ROS1	0.1012658227848101	33926261
cell line tumor	KRT6A	0.37974683544303794	25802102
autophagy-related proteins/genetics	ATG5	0.012658227848101264	33926261
macrophages/metabolism	MRC1	0.006815968841285297	36160648
macrophages/metabolism	MRC1	0.006815968841285297	27044818
cell line tumor	MAPK8	0.14118792599805258	34958892
cell line tumor	MAPK8	0.14118792599805258	32472095
cell line tumor	CXCL1	0.37974683544303794	25802102
macrophages/metabolism	TNFAIP3	0.08860759493670885	30420335
basic-leucine zipper transcription factors/analysis	GGT1	0.012658227848101264	34991659
cell line tumor	PDCD1LG2	0.37974683544303794	35720420
macrophages/metabolism	IL17A	0.24581747366557488	30420335
cell line tumor	MAP2K7	0.37974683544303794	34958892
cell line tumor	ADIPOQ	0.37974683544303794	32472095
apoptosis/drug effects	phenotype	0.07497565725413827	30420335
cell line tumor	IL34	0.37974683544303794	39321806
cell line tumor	TNF	0.9496917508909515	30420335
cell line tumor	FAM126A	0.37974683544303794	38301989
cell line tumor	ESR1	0.37974683544303794	30420335
cell line tumor	FAT1	0.37974683544303794	35720420
apoptosis/drug effects	receptors cell surface/metabolism	0.03797468354430379	30420335
HMOX1	TP53	0.12333657903278158	33547170
cell line tumor	IL10	0.8589844532549396	21566463
cell line tumor	FTO	0.6183057448880234	40287444
HMOX1	SLC7A11	0.2606296656929568	39276841
cell line tumor	MSMP	0.37974683544303794	38221626
apoptosis/drug effects	antigens differentiation myelomonocytic/metabolism	0.03797468354430379	30420335
cell line tumor	PIK3CG	0.14118792599805258	30563531
cell line tumor	PIK3CG	0.14118792599805258	28609459
cell line tumor	CXCL2	0.37974683544303794	25802102
HMOX1	GPX4	0.4819863680623173	39276841
cell line tumor	RNF19A	0.37974683544303794	39546763
cell line tumor	YTHDF2	0.37974683544303794	40287444
cell line tumor	VIM	0.37974683544303794	38301989
cell line tumor	TAS2R38	0.37974683544303794	39178310
HMOX1	ASAH2	0.025316455696202528	33547170
cell line tumor	AKT1	0.14118792599805258	30563531
cell line tumor	AKT1	0.14118792599805258	28609459
cell line tumor	CCL5	0.37974683544303794	21566463
cell line tumor	POLDIP2	0.37974683544303794	39546763
cell line tumor	TNFAIP3	0.37974683544303794	30420335
apoptosis/drug effects	cell communication/drug effects	0.03797468354430379	30420335
cell line tumor	ITGAM	0.37974683544303794	24021059
cell line tumor	IL17A	0.32088164999557395	31802182
cell line tumor	IL17A	0.32088164999557395	30420335
cell line tumor	PIK3CB	0.14118792599805258	30563531
cell line tumor	PIK3CB	0.14118792599805258	28609459
cell line tumor	herbicides/toxicity	0.37974683544303794	40451026
cell line tumor	malondialdehyde/metabolism	0.6183057448880234	40451026
iron/blood	liver/pathology	0.012658227848101264	34396451
oxidative stress/drug effects	receptors transferrin/metabolism	0.16455696202531644	39276841
oxidative stress/drug effects	selenomethionine/pharmacology	0.16455696202531644	39700767
immune checkpoint inhibitors/pharmacology	drug resistance neoplasm/drug effects	0.012658227848101264	34593794
oxidative stress/drug effects	carbolines	0.16455696202531644	39287745
cell line tumor	beclin-1/metabolism	0.37974683544303794	40451026
oxidative stress/drug effects	cyclohexylamines	0.16455696202531644	39212400
iron/blood	cell line tumor	0.37974683544303794	34396451
oxidative stress/drug effects	polysaccharides/pharmacology	0.16455696202531644	40752796
cell line tumor	24-dichlorophenoxyacetic acid/toxicity	0.37974683544303794	40451026
oxidative stress/drug effects	herbicides/toxicity	0.16455696202531644	40451026
oxidative stress/drug effects	leydig cells/metabolism	0.16455696202531644	39212400
oxidative stress/drug effects	malondialdehyde/metabolism	0.02531645569620253	39212400
oxidative stress/drug effects	malondialdehyde/metabolism	0.02531645569620253	40451026
oxidative stress/drug effects	glucose/deficiency	0.16455696202531644	39287745
oxidative stress/drug effects	chondrocytes/drug effects	0.16455696202531644	39700767
oxidative stress/drug effects	aging/metabolism	0.16455696202531644	40724917
oxidative stress/drug effects	superoxide dismutase/metabolism	0.16455696202531644	39212400
oxidative stress/drug effects	nf-e2-related factor 2/metabolism	0.16455696202531644	39287745
oxidative stress/drug effects	eye proteins/chemistry	0.16455696202531644	40703032
cell line tumor	BECN1	0.37974683544303794	40451026
oxidative stress/drug effects	antioxidants/metabolism	0.16455696202531644	40724917
cell line tumor	TNMD	0.37974683544303794	40451026
oxidative stress/drug effects	nerve growth factors/chemistry	0.16455696202531644	40703032
cell line tumor	TFRC	0.6183057448880234	40451026
oxidative stress/drug effects	neurons/metabolism	0.16455696202531644	40724917
cell line tumor	CYLD	0.37974683544303794	40451026
oxidative stress/drug effects	folic acid/pharmacology	0.16455696202531644	40724917
oxidative stress/drug effects	aminopyridines/pharmacology	0.16455696202531644	39287745
oxidative stress/drug effects	cyclic nucleotide phosphodiesterases type 4/metabolism	0.16455696202531644	39287745
oxidative stress/drug effects	chalcones/toxicity	0.16455696202531644	38581191
oxidative stress/drug effects	retinal pigment epithelium/metabolism	0.16455696202531644	40703032
oxidative stress/drug effects	iodates/toxicity	0.16455696202531644	40703032
oxidative stress/drug effects	spiral ganglion/drug effects	0.16455696202531644	39276841
oxidative stress/drug effects	testosterone	0.16455696202531644	39212400
oxidative stress/drug effects	beclin-1/metabolism	0.16455696202531644	40451026
oxidative stress/drug effects	dna-(apurinic or apyrimidinic site) lyase/metabolism	0.16455696202531644	40136245
oxidative stress/drug effects	retinal degeneration/chemically induced	0.16455696202531644	40703032
oxidative stress/drug effects	neurons/drug effects	0.003616636528028933	39287745
oxidative stress/drug effects	neurons/drug effects	0.003616636528028933	40570981
oxidative stress/drug effects	neurons/drug effects	0.003616636528028933	39276841
ferroptosis/drug effects	receptors transferrin/metabolism	0.48101265822784806	39276841
oxidative stress/drug effects	reperfusion injury/pathology	0.16455696202531644	39287745
ferroptosis/drug effects	selenomethionine/pharmacology	0.48101265822784806	39700767
oxidative stress/drug effects	24-dichlorophenoxyacetic acid/toxicity	0.16455696202531644	40451026
ferroptosis/drug effects	carbolines	0.48101265822784806	39287745
ferroptosis/drug effects	cyclohexylamines	0.48101265822784806	39212400
oxidative stress/drug effects	benzamides/pharmacology	0.16455696202531644	39287745
endoplasmic reticulum/drug effects	ferroptosis/drug effects	0.48101265822784794	33277233
ferroptosis/drug effects	polysaccharides/pharmacology	0.48101265822784806	40752796
oxidative stress/drug effects	brain ischemia/pathology	0.16455696202531644	39287745
ferroptosis/drug effects	herbicides/toxicity	0.48101265822784806	40451026
ferroptosis/drug effects	leydig cells/metabolism	0.48101265822784806	39212400
endoplasmic reticulum/drug effects	neoplasms/drug therapy	0.025316455696202528	33277233
ferroptosis/drug effects	malondialdehyde/metabolism	0.22817267121064586	39212400
ferroptosis/drug effects	malondialdehyde/metabolism	0.22817267121064586	40451026
ferroptosis/drug effects	glucose/deficiency	0.48101265822784806	39287745
ferroptosis/drug effects	chondrocytes/drug effects	0.48101265822784806	39700767
ferroptosis/drug effects	aging/metabolism	0.48101265822784806	40724917
ferroptosis/drug effects	superoxide dismutase/metabolism	0.48101265822784806	39212400
drug resistance neoplasm/drug effects	CD274	0.050632911392405056	34593794
ferroptosis/drug effects	nf-e2-related factor 2/metabolism	0.48101265822784806	39287745
cytoskeletal proteins/metabolism	BDKRB2	0.012658227848101264	31775041
ferroptosis/drug effects	eye proteins/chemistry	0.48101265822784806	40703032
ferroptosis/drug effects	antioxidants/metabolism	0.48101265822784806	40724917
ferroptosis/drug effects	nerve growth factors/chemistry	0.48101265822784806	40703032
cytoskeletal proteins/metabolism	BBS9	0.012658227848101264	31775041
ferroptosis/drug effects	neurons/metabolism	0.48101265822784806	40724917
ferroptosis/drug effects	folic acid/pharmacology	0.48101265822784806	40724917
ferroptosis/drug effects	aminopyridines/pharmacology	0.48101265822784806	39287745
ferroptosis/drug effects	cyclic nucleotide phosphodiesterases type 4/metabolism	0.48101265822784806	39287745
ferroptosis/drug effects	chalcones/toxicity	0.48101265822784806	38581191
immune checkpoint inhibitors/pharmacology	CD274	0.050632911392405056	34593794
ferroptosis/drug effects	retinal pigment epithelium/metabolism	0.48101265822784806	40703032
ferroptosis/drug effects	iodates/toxicity	0.48101265822784806	40703032
cytoskeletal proteins/metabolism	MS4A1	0.012658227848101264	31775041
ferroptosis/drug effects	spiral ganglion/drug effects	0.48101265822784806	39276841
ferroptosis/drug effects	testosterone	0.48101265822784806	39212400
ferroptosis/drug effects	beclin-1/metabolism	0.48101265822784806	40451026
ferroptosis/drug effects	dna-(apurinic or apyrimidinic site) lyase/metabolism	0.48101265822784806	40136245
ferroptosis/drug effects	retinal degeneration/chemically induced	0.48101265822784806	40703032
ferroptosis/drug effects	neurons/drug effects	0.10667813199458769	39287745
ferroptosis/drug effects	neurons/drug effects	0.10667813199458769	40570981
ferroptosis/drug effects	neurons/drug effects	0.10667813199458769	39276841
ferroptosis/drug effects	reperfusion injury/pathology	0.48101265822784806	39287745
cytoskeletal proteins/metabolism	GPX4	0.27848101265822783	31775041
ferroptosis/drug effects	24-dichlorophenoxyacetic acid/toxicity	0.48101265822784806	40451026
ferroptosis/drug effects	benzamides/pharmacology	0.48101265822784806	39287745
ferroptosis/drug effects	brain ischemia/pathology	0.48101265822784806	39287745
ferroptosis/drug effects	phenylenediamines	0.48101265822784806	39212400
cytoskeletal proteins/metabolism	ROS1	0.1012658227848101	31775041
oxidative stress/drug effects	phenylenediamines	0.16455696202531644	39212400
ferroptosis/drug effects	embryo nonmammalian/drug effects	0.48101265822784806	38581191
ferroptosis/drug effects	kidney/drug effects	0.48101265822784806	40752796
oxidative stress/drug effects	embryo nonmammalian/drug effects	0.16455696202531644	38581191
ferroptosis/drug effects	cystine/metabolism	0.48101265822784806	40724917
oxidative stress/drug effects	kidney/drug effects	0.16455696202531644	40752796
ferroptosis/drug effects	serpins/chemistry	0.48101265822784806	40703032
ascorbic acid/pharmacology	ferroptosis/drug effects	0.48101265822784794	32686685
hepatic stellate cells/drug effects	hepatocytes/drug effects	0.012658227848101264	34811833
ferroptosis/drug effects	drugs chinese herbal/pharmacology	0.48101265822784806	39212400
endoplasmic reticulum/drug effects	cell line tumor	0.37974683544303794	33277233
oxidative stress/drug effects	cystine/metabolism	0.16455696202531644	40724917
ferroptosis/drug effects	hydrogen peroxide	0.48101265822784806	39212400
oxidative stress/drug effects	serpins/chemistry	0.16455696202531644	40703032
ferroptosis/drug effects	membrane potential mitochondrial/drug effects	0.48101265822784806	38581191
ferroptosis/drug effects	selenium/chemistry	0.48101265822784806	40570981
oxidative stress/drug effects	drugs chinese herbal/pharmacology	0.16455696202531644	39212400
hepatic stellate cells/drug effects	ferroptosis/drug effects	0.48101265822784794	34811833
ferroptosis/drug effects	cartilage articular/drug effects	0.48101265822784806	39700767
oxidative stress/drug effects	hydrogen peroxide	0.16455696202531644	39212400
ferroptosis/drug effects	diabetic nephropathies/drug therapy	0.48101265822784806	40752796
cytoskeletal proteins/metabolism	PLEKHM1	0.012658227848101264	31775041
ferroptosis/drug effects	t-2 toxin/toxicity	0.48101265822784806	39700767
oxidative stress/drug effects	membrane potential mitochondrial/drug effects	0.16455696202531644	38581191
ferroptosis/drug effects	chemical and drug induced liver injury/metabolism	0.48101265822784806	38581191
cytoskeletal proteins/metabolism	SPANXB1	0.012658227848101264	31775041
oxidative stress/drug effects	selenium/chemistry	0.16455696202531644	40570981
ferroptosis/drug effects	phosphodiesterase 4 inhibitors/pharmacology	0.48101265822784806	39287745
ferroptosis/drug effects	organometallic compounds/toxicity	0.48101265822784806	39276841
oxidative stress/drug effects	cartilage articular/drug effects	0.16455696202531644	39700767
hepatic stellate cells/drug effects	macrophages/drug effects	0.06329113924050632	34811833
ferroptosis/drug effects	APEX1	0.48101265822784806	40136245
oxidative stress/drug effects	diabetic nephropathies/drug therapy	0.16455696202531644	40752796
ferroptosis/drug effects	SERPINF1	0.48101265822784806	40703032
HMOX1	receptors transferrin/metabolism	0.025316455696202528	39276841
ferroptosis/drug effects	LPO	0.48101265822784806	40752796
spleen/pathology	ferroptosis/drug effects	0.48101265822784794	34396451
oxidative stress/drug effects	t-2 toxin/toxicity	0.16455696202531644	39700767
ascorbic acid/pharmacology	cell line tumor	0.37974683544303794	32686685
ferroptosis/drug effects	PDE4B	0.48101265822784806	39287745
oxidative stress/drug effects	chemical and drug induced liver injury/metabolism	0.16455696202531644	38581191
ferroptosis/drug effects	BECN1	0.48101265822784806	40451026
ferroptosis/drug effects	TNMD	0.48101265822784806	40451026
oxidative stress/drug effects	phosphodiesterase 4 inhibitors/pharmacology	0.16455696202531644	39287745
ferroptosis/drug effects	PDE4A	0.48101265822784806	39287745
oxidative stress/drug effects	organometallic compounds/toxicity	0.16455696202531644	39276841
ferroptosis/drug effects	ATP8A2	0.48101265822784806	38581191
ferroptosis/drug effects	TFRC	0.22817267121064586	39276841
ferroptosis/drug effects	TFRC	0.22817267121064586	40451026
oxidative stress/drug effects	APEX1	0.16455696202531644	40136245
HMOX1	spiral ganglion/drug effects	0.025316455696202528	39276841
spleen/pathology	iron/blood	0.012658227848101264	34396451
ferroptosis/drug effects	CYLD	0.48101265822784806	40451026
oxidative stress/drug effects	SERPINF1	0.16455696202531644	40703032
ferroptosis/drug effects	FGFR1	0.48101265822784806	39287745
HMOX1	neurons/drug effects	0.07497565725413827	39276841
spleen/pathology	liver/pathology	0.012658227848101264	34396451
oxidative stress/drug effects	LPO	0.16455696202531644	40752796
ferroptosis/drug effects	NCOA4	0.22817267121064586	39287745
ferroptosis/drug effects	NCOA4	0.22817267121064586	39276841
ascorbic acid/pharmacology	CALR	0.012658227848101264	32686685
ferroptosis/drug effects	TPM3	0.48101265822784806	39212400
oxidative stress/drug effects	PDE4B	0.16455696202531644	39287745
oxidative stress/drug effects	BECN1	0.16455696202531644	40451026
oxidative stress/drug effects	TNMD	0.16455696202531644	40451026
spleen/pathology	cell line tumor	0.37974683544303794	34396451
HMOX1	organometallic compounds/toxicity	0.025316455696202528	39276841
jurkat cells	methotrexate/pharmacology	0.025316455696202528	32778843
oxidative stress/drug effects	PDE4A	0.16455696202531644	39287745
jurkat cells	biopterins/analogs &amp; derivatives	0.025316455696202528	32778843
endoplasmic reticulum/drug effects	ACSL4	0.025316455696202528	33277233
oxidative stress/drug effects	ATP8A2	0.16455696202531644	38581191
ascorbic acid/pharmacology	CYREN	0.012658227848101264	32686685
jurkat cells	glutathione peroxidase/metabolism	0.025316455696202528	33926261
HMOX1	TFRC	0.05030834144758196	39276841
oxidative stress/drug effects	TFRC	0.02531645569620253	39276841
oxidative stress/drug effects	TFRC	0.02531645569620253	40451026
jurkat cells	flavonolignans/pharmacology	0.025316455696202528	33926261
hepatic stellate cells/drug effects	cell line	0.08860759493670886	34811833
HMOX1	NCOA4	0.05030834144758196	39276841
endoplasmic reticulum/drug effects	GPX4	0.27848101265822783	33277233
oxidative stress/drug effects	CYLD	0.16455696202531644	40451026
BDKRB2	BBS9	0.012658227848101264	31775041
oxidative stress/drug effects	FGFR1	0.16455696202531644	39287745
oxidative stress/drug effects	NCOA4	0.02531645569620253	39287745
oxidative stress/drug effects	NCOA4	0.02531645569620253	39276841
endoplasmic reticulum/drug effects	ATL1	0.012658227848101264	33277233
oxidative stress/drug effects	TPM3	0.16455696202531644	39212400
BDKRB2	MS4A1	0.012658227848101264	31775041
jurkat cells	cystine/antagonists &amp; inhibitors	0.025316455696202528	32778843
endoplasmic reticulum/drug effects	S100A4	0.012658227848101264	33277233
BDKRB2	GPX4	0.27848101265822783	31775041
jurkat cells	reactive oxygen species/metabolism	0.017851346965271013	32778843
jurkat cells	reactive oxygen species/metabolism	0.017851346965271013	33926261
hepatic stellate cells/drug effects	SLC7A11	0.1392405063291139	34811833
BDKRB2	ROS1	0.1012658227848101	31775041
hepatic stellate cells/drug effects	FUT1	0.012658227848101264	34811833
BDKRB2	PLEKHM1	0.012658227848101264	31775041
hepatic stellate cells/drug effects	GPX4	0.27848101265822783	34811833
BDKRB2	SPANXB1	0.012658227848101264	31775041
hepatic stellate cells/drug effects	FN1	0.012658227848101264	34811833
endoplasmic reticulum/drug effects	CD8A	0.1012658227848101	33277233
hepatic stellate cells/drug effects	ROS1	0.1012658227848101	34811833
gels/chemistry	urinary bladder neoplasms/pathology	0.012658227848101264	33236624
hepatic stellate cells/drug effects	MMRN1	0.012658227848101264	34811833
cytokines/metabolism	bone marrow/drug effects	0.12658227848101264	32134361
endoplasmic reticulum/drug effects	AIFM2	0.012658227848101264	33277233
hepatic stellate cells/drug effects	HIF1A	0.012658227848101264	34811833
jurkat cells	GPX4	0.07497565725413827	32778843
jurkat cells	GPX4	0.07497565725413827	33926261
dose-response relationship drug	antioxidants/pharmacology	0.07497565725413827	32778843
jurkat cells	ROS1	0.19344368711457316	33926261
cytokines/metabolism	cell movement/drug effects	0.3374473627638185	28609459
jurkat cells	ATG5	0.025316455696202528	33926261
dose-response relationship drug	inflammation mediators/antagonists &amp; inhibitors	0.03797468354430379	34717678
cytokines/metabolism	necroptosis/drug effects	0.12658227848101264	32134361
gels/chemistry	ferroptosis/drug effects	0.48101265822784794	33236624
cytokines/metabolism	cell proliferation/drug effects	0.23855890944498537	30420335
killer cells natural/metabolism	reactive oxygen species/metabolism	0.1392405063291139	35778693
killer cells natural/metabolism	asparaginase	0.012658227848101264	35778693
cytokines/metabolism	small molecule libraries/pharmacology	0.12658227848101264	32134361
mitochondria/drug effects	pyruvate dehydrogenase acetyl-transferring kinase/antagonists &amp; inhibitors	0.03797468354430379	31509699
mitochondria/drug effects	nf-e2-related factor 2/genetics	0.03797468354430379	34093872
mitochondria/drug effects	reactive oxygen species/metabolism	0.36625399916539153	39276841
mitochondria/drug effects	cell line tumor	0.32088164999557406	34093872
mitochondria/drug effects	cell line tumor	0.32088164999557406	31509699
mitochondria/drug effects	glycogen synthase kinase 3/metabolism	0.03797468354430379	34093872
killer cells natural/metabolism	CCK	0.03797468354430379	35778693
SLC40A1	CD44	0.025316455696202528	34062295
mitochondria/drug effects	HMOX1	0.07497565725413827	39276841
dose-response relationship drug	ferroptosis/drug effects	0.4711617496427623	32778843
dose-response relationship drug	ferroptosis/drug effects	0.4711617496427623	34717678
dose-response relationship drug	jurkat cells	0.07497565725413827	32778843
gels/chemistry	reactive oxygen species/metabolism	0.1392405063291139	33236624
killer cells natural/metabolism	TP53	0.06329113924050632	35778693
mitochondria/drug effects	SLC7A11	0.36625399916539153	39276841
dose-response relationship drug	methotrexate/pharmacology	0.03797468354430379	32778843
mitochondria/drug effects	CHRM1	0.1461070574994626	34093872
dose-response relationship drug	biopterins/analogs &amp; derivatives	0.03797468354430379	32778843
gels/chemistry	gold/chemistry	0.012658227848101264	33236624
mitochondria/drug effects	GSK3B	0.03797468354430379	34093872
killer cells natural/metabolism	SLC7A11	0.1392405063291139	35778693
mitochondria/drug effects	PDCD1	0.21349536539409955	34093872
gels/chemistry	cell line tumor	0.37974683544303794	33236624
mitochondria/drug effects	GPX4	0.6299902629016554	39276841
mitochondria/drug effects	PRKAA1	0.03797468354430379	34093872
mitochondria/drug effects	GABPA	0.03797468354430379	34093872
mitochondria/drug effects	MTOR	0.03797468354430379	34093872
dose-response relationship drug	macrophages/metabolism	0.2458174736655749	30420335
mitochondria/drug effects	ROS1	0.277241745596176	31509699
killer cells natural/metabolism	GPX4	0.27848101265822783	35778693
mitochondria/drug effects	BTRC	0.03797468354430379	34093872
mitochondria/drug effects	PRKAA2	0.03797468354430379	34093872
dose-response relationship drug	cystine/antagonists &amp; inhibitors	0.03797468354430379	32778843
mitochondria/drug effects	CD274	0.1461070574994626	34093872
mitochondria/drug effects	NFE2L2	0.1461070574994626	34093872
cytokines/metabolism	dose-response relationship drug	0.3374473627638185	30420335
mitochondria/drug effects	CD8A	0.277241745596176	34093872
dose-response relationship drug	reactive oxygen species/metabolism	0.36625399916539153	32778843
killer cells natural/metabolism	XK	0.012658227848101264	35778693
mitochondria/drug effects	PRKAB1	0.03797468354430379	34093872
mitochondria/drug effects	RPL17-C18orf32	0.21349536539409955	34093872
mitochondria/drug effects	RPL17	0.21349536539409955	34093872
gels/chemistry	CHRM1	0.050632911392405056	33236624
mitochondria/drug effects	MRLN	0.1461070574994626	34093872
mitochondria/drug effects	CTLA4	0.03797468354430379	34093872
dose-response relationship drug	cell line tumor	0.767017792334248	30420335
cytokines/metabolism	ileum/drug effects	0.12658227848101264	32134361
cytokines/metabolism	cd8-positive t-lymphocytes/cytology	0.23855890944498537	33691090
killer cells natural/metabolism	ASPG	0.012658227848101264	35778693
cytokines/metabolism	antibodies monoclonal humanized/pharmacology	0.12658227848101264	33691090
dose-response relationship drug	CCK	0.11101556671176926	34717678
killer cells natural/metabolism	NLRP1	0.012658227848101264	35778693
cytokines/metabolism	cd36 antigens/antagonists &amp; inhibitors	0.12658227848101264	33691090
dose-response relationship drug	GPX4	0.18597857838364168	32778843
dose-response relationship drug	GPX4	0.18597857838364168	34717678
gels/chemistry	MRLN	0.050632911392405056	33236624
cytokines/metabolism	drug interactions	0.12658227848101264	32134361
cytokines/metabolism	ferroptosis/drug effects	0.9899810166705103	32134361
cytokines/metabolism	ferroptosis/drug effects	0.9899810166705103	33691090
dose-response relationship drug	NFE2L2	0.1461070574994626	34717678
tumor suppressor protein p53/genetics	ferroptosis/drug effects	0.48101265822784794	31980600
tumor suppressor protein p53/genetics	ferritins/blood	0.012658227848101264	31980600
tumor suppressor protein p53/genetics	macrophages/drug effects	0.06329113924050632	31980600
dose-response relationship drug	phenotype	0.07497565725413827	30420335
dose-response relationship drug	receptors cell surface/metabolism	0.03797468354430379	30420335
IFNA1	CRK	0.03797468354430379	39546763
hepatocytes/drug effects	ferroptosis/drug effects	0.48101265822784794	34811833
dose-response relationship drug	antigens differentiation myelomonocytic/metabolism	0.03797468354430379	30420335
CCK	TP53	0.180262775199484	35778693
tumor suppressor protein p53/genetics	listeriosis/etiology	0.012658227848101264	31980600
hepatocytes/drug effects	macrophages/drug effects	0.06329113924050632	34811833
CCK	SLC7A11	0.36625399916539153	35778693
CCK	GPX4	0.18597857838364168	35778693
CCK	GPX4	0.18597857838364168	34717678
tumor suppressor protein p53/genetics	TP53	0.06329113924050632	31980600
dose-response relationship drug	cell communication/drug effects	0.03797468354430379	30420335
CCK	XK	0.03797468354430379	35778693
CCK	NFE2L2	0.1461070574994626	34717678
CCK	ASPG	0.03797468354430379	35778693
CCK	NLRP1	0.03797468354430379	35778693
dose-response relationship drug	tumor necrosis factor alpha-induced protein 3/metabolism	0.03797468354430379	30420335
hepatocytes/drug effects	cell line	0.08860759493670886	34811833
dose-response relationship drug	endometrial neoplasms/genetics	0.03797468354430379	30420335
tumor suppressor protein p53/genetics	TF	0.025316455696202528	31980600
glycogen synthase kinase 3/metabolism	CHRM1	0.050632911392405056	34093872
glycogen synthase kinase 3/metabolism	GSK3B	0.012658227848101264	34093872
glycogen synthase kinase 3/metabolism	PDCD1	0.07594936708860758	34093872
glycogen synthase kinase 3/metabolism	PRKAA1	0.012658227848101264	34093872
glycogen synthase kinase 3/metabolism	GABPA	0.012658227848101264	34093872
interferon-gamma/immunology	cell line tumor	0.37974683544303794	31043744
hepatocytes/drug effects	SLC7A11	0.1392405063291139	34811833
glycogen synthase kinase 3/metabolism	MTOR	0.012658227848101264	34093872
hepatocytes/drug effects	FUT1	0.012658227848101264	34811833
glycogen synthase kinase 3/metabolism	BTRC	0.012658227848101264	34093872
glycogen synthase kinase 3/metabolism	PRKAA2	0.012658227848101264	34093872
glycogen synthase kinase 3/metabolism	CD274	0.050632911392405056	34093872
hepatocytes/drug effects	GPX4	0.27848101265822783	34811833
glycogen synthase kinase 3/metabolism	NFE2L2	0.050632911392405056	34093872
CCK	bone neoplasms/pathology	0.03797468354430379	38221626
glycogen synthase kinase 3/metabolism	CD8A	0.1012658227848101	34093872
IFNA1	RNF19A	0.03797468354430379	39546763
hepatocytes/drug effects	FN1	0.012658227848101264	34811833
mitochondria/drug effects	receptors transferrin/metabolism	0.03797468354430379	39276841
glycogen synthase kinase 3/metabolism	PRKAB1	0.012658227848101264	34093872
hepatocytes/drug effects	ROS1	0.1012658227848101	34811833
glycogen synthase kinase 3/metabolism	RPL17-C18orf32	0.07594936708860758	34093872
glycogen synthase kinase 3/metabolism	RPL17	0.07594936708860758	34093872
glycogen synthase kinase 3/metabolism	MRLN	0.050632911392405056	34093872
glycogen synthase kinase 3/metabolism	CTLA4	0.012658227848101264	34093872
dose-response relationship drug	antigens cd/metabolism	0.03797468354430379	30420335
dose-response relationship drug	estradiol/pharmacology	0.03797468354430379	30420335
CCK	obesity/pathology	0.03797468354430379	38221626
interferon-gamma/immunology	SLC9A1	0.025316455696202528	31043744
mitochondria/drug effects	spiral ganglion/drug effects	0.03797468354430379	39276841
IFNA1	POLDIP2	0.03797468354430379	39546763
hepatocytes/drug effects	MMRN1	0.012658227848101264	34811833
mitochondria/drug effects	neurons/drug effects	0.11101556671176926	39276841
CCK	prostatic neoplasms/pathology	0.11101556671176926	38221626
interferon-gamma/immunology	SLC7A11	0.1392405063291139	31043744
hepatocytes/drug effects	HIF1A	0.012658227848101264	34811833
mitochondria/drug effects	organometallic compounds/toxicity	0.03797468354430379	39276841
mitochondria/drug effects	TFRC	0.07497565725413827	39276841
nf-e2-related factor 2/genetics	cell line tumor	0.37974683544303794	34093872
mitochondria/drug effects	NCOA4	0.07497565725413827	39276841
nf-e2-related factor 2/genetics	glycogen synthase kinase 3/metabolism	0.012658227848101264	34093872
tumor escape/drug effects	immune checkpoint inhibitors/pharmacology	0.012658227848101264	34593794
CCK	bone marrow/pathology	0.03797468354430379	38221626
CCK	adipocytes/metabolism	0.1461070574994626	38221626
tumor escape/drug effects	drug resistance neoplasm/drug effects	0.012658227848101264	34593794
interferon-gamma/immunology	SLC3A2	0.012658227848101264	31043744
cell survival	cell line tumor	0.6183057448880234	26208571
nf-e2-related factor 2/genetics	CHRM1	0.050632911392405056	34093872
nf-e2-related factor 2/genetics	GSK3B	0.012658227848101264	34093872
CCK	chemokine ccl2/genetics	0.03797468354430379	38221626
nf-e2-related factor 2/genetics	PDCD1	0.07594936708860758	34093872
CCK	kruppel-like transcription factors/genetics	0.07497565725413827	38221626
interferon-gamma/immunology	CD8A	0.1012658227848101	31043744
CCK	palmitic acid/pharmacology	0.03797468354430379	38221626
cell survival	TGFB1	0.17039922103213245	26208571
tumor escape/drug effects	CD274	0.050632911392405056	34593794
nf-e2-related factor 2/genetics	PRKAA1	0.012658227848101264	34093872
b-lymphocytes/metabolism	ferroptosis/drug effects	0.48101265822784794	31775041
nf-e2-related factor 2/genetics	GABPA	0.012658227848101264	34093872
nf-e2-related factor 2/genetics	MTOR	0.012658227848101264	34093872
nf-e2-related factor 2/genetics	BTRC	0.012658227848101264	34093872
b-lymphocytes/metabolism	cytoskeletal proteins/metabolism	0.012658227848101264	31775041
nf-e2-related factor 2/genetics	PRKAA2	0.012658227848101264	34093872
nf-e2-related factor 2/genetics	CD274	0.050632911392405056	34093872
CCK	CCL2	0.180262775199484	38221626
nf-e2-related factor 2/genetics	NFE2L2	0.050632911392405056	34093872
cell survival	GPX4	0.4819863680623173	32814895
CCK	FFAR1	0.03797468354430379	38221626
nf-e2-related factor 2/genetics	CD8A	0.1012658227848101	34093872
cell survival	ACSL3	0.025316455696202528	32814895
dose-response relationship drug	estrogen receptor alpha/genetics	0.03797468354430379	30420335
b-lymphocytes/metabolism	BDKRB2	0.012658227848101264	31775041
nf-e2-related factor 2/genetics	PRKAB1	0.012658227848101264	34093872
b-lymphocytes/metabolism	BBS9	0.012658227848101264	31775041
nf-e2-related factor 2/genetics	RPL17-C18orf32	0.07594936708860758	34093872
ATM	SLC7A11	0.1392405063291139	31554642
nf-e2-related factor 2/genetics	RPL17	0.07594936708860758	34093872
CCK	KLF7	0.03797468354430379	38221626
b-lymphocytes/metabolism	MS4A1	0.012658227848101264	31775041
nf-e2-related factor 2/genetics	MRLN	0.050632911392405056	34093872
nf-e2-related factor 2/genetics	CTLA4	0.012658227848101264	34093872
dose-response relationship drug	hek293 cells	0.03797468354430379	30420335
b-lymphocytes/metabolism	GPX4	0.27848101265822783	31775041
b-lymphocytes/metabolism	ROS1	0.1012658227848101	31775041
b-lymphocytes/metabolism	PLEKHM1	0.012658227848101264	31775041
b-lymphocytes/metabolism	SPANXB1	0.012658227848101264	31775041
CCK	MSMP	0.03797468354430379	38221626
hypertension pulmonary/chemically induced	nlr family pyrin domain-containing 3 protein/metabolism	0.012658227848101264	35197507
ATM	CD8A	0.1012658227848101	31554642
cell survival	capillary permeability	0.025316455696202528	26208571
hypertension pulmonary/chemically induced	ferroptosis/drug effects	0.48101265822784794	35197507
cell survival	inflammation mediators/metabolism	0.07497565725413827	26208571
TGFB1	HLF	0.08860759493670885	34991659
TGFB1	CD36	0.66556527414403	34958892
TGFB1	STAT3	0.43791409267758363	34991659
cell survival	vascular endothelial growth factor a/genetics	0.025316455696202528	26208571
hypertension pulmonary/chemically induced	macrophages/metabolism	0.08860759493670886	35197507
dose-response relationship drug	CD163	0.07497565725413827	30420335
TGFB1	SMAD3	0.08860759493670885	34991659
TGFB1	CD274	0.31528165372269307	35720420
TGFB1	JAK2	0.08860759493670885	34991659
cell survival	calgranulin a/genetics	0.025316455696202528	26208571
TGFB1	IL6	0.5864516830813271	34991659
hypertension pulmonary/chemically induced	hmgb1 protein/metabolism	0.012658227848101264	35197507
dose-response relationship drug	TNF	0.21349536539409955	30420335
hypertension pulmonary/chemically induced	inflammation/metabolism	0.025316455696202528	35197507
dose-response relationship drug	ESR1	0.03797468354430379	30420335
TGFB1	GGT1	0.08860759493670885	34991659
TGFB1	obesity/metabolism	0.17039922103213243	32359100
TGFB1	carcinoma pancreatic ductal/genetics	0.17039922103213243	34958892
TGFB1	mammary glands animal/metabolism	0.08860759493670885	32359100
hypertension pulmonary/chemically induced	NOX4	0.012658227848101264	35197507
methotrexate/pharmacology	biopterins/analogs &amp; derivatives	0.012658227848101264	32778843
hypertension pulmonary/chemically induced	FTH1	0.06329113924050632	35197507
TGFB1	capillary permeability	0.08860759493670885	26208571
dose-response relationship drug	TNFAIP3	0.03797468354430379	30420335
dose-response relationship drug	IL17A	0.11101556671176926	30420335
TGFB1	inflammation mediators/metabolism	0.24581747366557488	26208571
cell survival	cell proliferation	0.19344368711457316	26208571
hypertension pulmonary/chemically induced	NLRP3	0.012658227848101264	35197507
TGFB1	micrornas/metabolism	0.08860759493670885	25940439
methotrexate/pharmacology	cystine/antagonists &amp; inhibitors	0.012658227848101264	32778843
hypertension pulmonary/chemically induced	HMGB1	0.025316455696202528	35197507
TGFB1	vascular endothelial growth factor a/genetics	0.08860759493670885	26208571
hypertension pulmonary/chemically induced	GPX4	0.27848101265822783	35197507
TGFB1	integrin alphavbeta3/metabolism	0.08860759493670885	34958892
TGFB1	breast neoplasms/metabolism	0.24581747366557488	32359100
methotrexate/pharmacology	reactive oxygen species/metabolism	0.1392405063291139	32778843
cell survival	lung neoplasms/metabolism	0.05030834144758196	26208571
TGFB1	calgranulin a/genetics	0.08860759493670885	26208571
TGFB1	extracellular matrix/metabolism	0.08860759493670885	32359100
cell survival	calgranulin b/genetics	0.025316455696202528	26208571
hypertension pulmonary/chemically induced	TLR4	0.03797468354430379	35197507
TGFB1	liver cirrhosis/chemically induced	0.08860759493670885	37946098
TGFB1	cell proliferation	0.14596307917107743	26208571
TGFB1	cell proliferation	0.14596307917107743	34958892
TGFB1	epithelial cells/metabolism	0.08860759493670885	32359100
TGFB1	stem cells/metabolism	0.08860759493670885	32359100
TGFB1	lung neoplasms/metabolism	0.17039922103213243	26208571
TGFB1	prostatic neoplasms/pathology	0.24581747366557488	25940439
cell survival	angiopoietin-2/genetics	0.025316455696202528	26208571
TGFB1	calgranulin b/genetics	0.08860759493670885	26208571
methotrexate/pharmacology	GPX4	0.27848101265822783	32778843
neoplasms/drug therapy	mitochondria/drug effects	0.07497565725413827	31509699
TGFB1	transforming growth factor beta1/metabolism	2.3294493647591582e-05	32359100
TGFB1	transforming growth factor beta1/metabolism	2.3294493647591582e-05	35720420
TGFB1	transforming growth factor beta1/metabolism	2.3294493647591582e-05	34958892
TGFB1	transforming growth factor beta1/metabolism	2.3294493647591582e-05	25940439
neoplasms/drug therapy	pyruvate dehydrogenase acetyl-transferring kinase/antagonists &amp; inhibitors	0.025316455696202528	31509699
pyruvate dehydrogenase acetyl-transferring kinase/antagonists &amp; inhibitors	cell line tumor	0.37974683544303794	31509699
TGFB1	cadherins/genetics	0.08860759493670885	35720420
TGFB1	glioblastoma/pathology	0.08860759493670885	35720420
TGFB1	neoplasm invasiveness/pathology	0.08860759493670885	25940439
TGFB1	disease progression	0.43791409267758363	34958892
antineoplastic agents/chemistry	energy metabolism/drug effects	0.012658227848101264	31509699
cell survival	transforming growth factor beta/metabolism	0.05030834144758196	26208571
TGFB1	angiopoietin-2/genetics	0.08860759493670885	26208571
TGFB1	mammary glands human/metabolism	0.08860759493670885	32359100
TGFB1	carcinoma hepatocellular/chemically induced	0.08860759493670885	37946098
TGFB1	matrix metalloproteinase 9/metabolism	0.08860759493670885	25940439
TGFB1	transforming growth factor beta/metabolism	0.006815968841285297	37946098
TGFB1	transforming growth factor beta/metabolism	0.006815968841285297	26208571
pyruvate dehydrogenase acetyl-transferring kinase/antagonists &amp; inhibitors	ROS1	0.1012658227848101	31509699
neoplasms/drug therapy	cell line tumor	0.14118792599805258	33277233
neoplasms/drug therapy	cell line tumor	0.14118792599805258	31509699
TGFB1	adipocytes/pathology	0.08860759493670885	25940439
TGFB1	smad proteins/metabolism	0.08860759493670885	25940439
TGFB1	diet high-fat/adverse effects	0.24581747366557488	32359100
antineoplastic agents/chemistry	ferroptosis/drug effects	0.48101265822784794	31509699
TGFB1	neoplasm metastasis	0.3791886993752417	25940439
antineoplastic agents/chemistry	neoplasms/drug therapy	0.025316455696202528	31509699
TGFB1	tumor microenvironment/physiology	0.019562715765247412	32359100
TGFB1	tumor microenvironment/physiology	0.019562715765247412	25940439
PDCD1	PRKAA1	0.07594936708860758	34093872
TGFB1	kruppel-like transcription factors/genetics	0.17039922103213243	37946098
PDCD1	GABPA	0.07594936708860758	34093872
PDCD1	MTOR	0.07594936708860758	34093872
TGFB1	stem cells/pathology	0.08860759493670885	25940439
PDCD1	BTRC	0.07594936708860758	34093872
PDCD1	PRKAA2	0.07594936708860758	34093872
TGFB1	receptors androgen/metabolism	0.08860759493670885	25940439
antineoplastic agents/chemistry	mitochondria/drug effects	0.03797468354430379	31509699
PDCD1	CD274	0.027217951934807368	34093872
PDCD1	CD274	0.027217951934807368	34985903
TGFB1	SNAI2	0.08860759493670885	37946098
antineoplastic agents/chemistry	pyruvate dehydrogenase acetyl-transferring kinase/antagonists &amp; inhibitors	0.012658227848101264	31509699
CD36	STAT3	0.6062300808470029	38351345
TGFB1	DCN	0.08860759493670885	32359100
CD36	TP53	0.5374766028996542	39321806
PDCD1	NFE2L2	0.275587836547197	34093872
PDCD1	IL6	0.528296451014639	38301989
CD36	IFNA1	0.04938099874808736	39166450
CD36	IFNA1	0.04938099874808736	39546763
TGFB1	SERPINE1	0.08860759493670885	35720420
PDCD1	CD8A	0.0006402082351449441	34093872
PDCD1	CD8A	0.0006402082351449441	35238098
PDCD1	CD8A	0.0006402082351449441	33691090
PDCD1	CD8A	0.0006402082351449441	39321806
brain neoplasms/genetics	acetaminophen/pharmacology	0.012658227848101264	34062295
brain neoplasms/genetics	ferroptosis/drug effects	0.48101265822784794	34062295
neoplasms/drug therapy	ACSL4	0.05030834144758196	33277233
CD36	CHRM1	0.4579803940230322	31257391
PDCD1	PRKAB1	0.07594936708860758	34093872
antineoplastic agents/chemistry	cell line tumor	0.37974683544303794	31509699
neoplasms/drug therapy	GPX4	0.4819863680623173	33277233
TGFB1	SMAD2	0.08860759493670885	37946098
PDCD1	RPL17-C18orf32	3.59760519653924e-09	38301989
PDCD1	RPL17-C18orf32	3.59760519653924e-09	39321806
PDCD1	RPL17-C18orf32	3.59760519653924e-09	34985903
PDCD1	RPL17-C18orf32	3.59760519653924e-09	34093872
PDCD1	RPL17-C18orf32	3.59760519653924e-09	33691090
PDCD1	RPL17-C18orf32	3.59760519653924e-09	35238098
TGFB1	CDH2	0.08860759493670885	37946098
PDCD1	RPL17	3.59760519653924e-09	38301989
PDCD1	RPL17	3.59760519653924e-09	39321806
PDCD1	RPL17	3.59760519653924e-09	34985903
PDCD1	RPL17	3.59760519653924e-09	34093872
PDCD1	RPL17	3.59760519653924e-09	33691090
PDCD1	RPL17	3.59760519653924e-09	35238098
CD36	PDCD1	0.03256824922381217	33691090
CD36	PDCD1	0.03256824922381217	38301989
CD36	PDCD1	0.03256824922381217	39321806
neoplasms/drug therapy	ATL1	0.025316455696202528	33277233
TGFB1	KLF10	0.08860759493670885	37946098
PDCD1	MRLN	0.275587836547197	34093872
PDCD1	CTLA4	0.07594936708860758	34093872
neoplasms/drug therapy	ROS1	0.19344368711457316	31509699
brain neoplasms/genetics	hyaluronan receptors/genetics	0.012658227848101264	34062295
neoplasms/drug therapy	S100A4	0.025316455696202528	33277233
TGFB1	ANGPT2	0.08860759493670885	26208571
cysteine/metabolism	ferroptosis/drug effects	0.48101265822784794	31043744
PDCD1	obesity/metabolism	0.14703018500486853	35238098
TGFB1	THBS2	0.08860759493670885	34958892
TGFB1	S100A8	0.17039922103213243	26208571
TGFB1	S100A9	0.08860759493670885	26208571
brain neoplasms/genetics	HSPB1	0.012658227848101264	34062295
brain neoplasms/genetics	SLC40A1	0.012658227848101264	34062295
TGFB1	MMP9	0.08860759493670885	25940439
CD36	TLR4	0.3662539991653916	39166450
TGFB1	MAPK8	0.17039922103213243	34958892
TGFB1	PDCD1LG2	0.08860759493670885	35720420
TGFB1	MAP2K7	0.08860759493670885	34958892
neoplasms/drug therapy	CD8A	0.19344368711457316	33277233
PDCD1	interleukins/metabolism	0.07594936708860758	39321806
antineoplastic agents/chemistry	ROS1	0.1012658227848101	31509699
TGFB1	FAT1	0.08860759493670885	35720420
cell survival	ANGPT2	0.025316455696202528	26208571
CD36	IL6	0.760557297215796	38301989
CD36	CD8A	0.3079059145480618	33691090
CD36	CD8A	0.3079059145480618	39321806
cysteine/metabolism	reactive oxygen species/metabolism	0.1392405063291139	31043744
brain neoplasms/genetics	CD44	0.025316455696202528	34062295
cysteine/metabolism	interferon-gamma/immunology	0.012658227848101264	31043744
neoplasms/drug therapy	AIFM2	0.025316455696202528	33277233
cell survival	S100A8	0.05030834144758196	26208571
cell survival	S100A9	0.025316455696202528	26208571
proto-oncogene proteins p21(ras)/metabolism	ferroptosis/drug effects	0.48101265822784794	33311482
cysteine/metabolism	cell line tumor	0.37974683544303794	31043744
CD36	RPL17-C18orf32	0.03256824922381217	33691090
CD36	RPL17-C18orf32	0.03256824922381217	38301989
CD36	RPL17-C18orf32	0.03256824922381217	39321806
proto-oncogene proteins p21(ras)/metabolism	pancreatitis/genetics	0.012658227848101264	33311482
CD36	RPL17	0.03256824922381217	33691090
CD36	RPL17	0.03256824922381217	38301989
CD36	RPL17	0.03256824922381217	39321806
proto-oncogene proteins p21(ras)/metabolism	pancreas/metabolism	0.012658227848101264	33311482
CD36	MRLN	0.4579803940230322	31257391
PDCD1	tumor escape/immunology	0.07594936708860758	39321806
CD36	ovarian neoplasms/immunology	0.13924050632911392	31802182
cysteine/metabolism	SLC9A1	0.025316455696202528	31043744
proto-oncogene proteins p21(ras)/metabolism	phospholipid hydroperoxide glutathione peroxidase/genetics	0.025316455696202528	33311482
CD36	palmitic acid/metabolism	0.13924050632911392	31802182
PDCD1	liver neoplasms/immunology	0.07594936708860758	39321806
cysteine/metabolism	SLC7A11	0.1392405063291139	31043744
HLF	STAT3	0.07594936708860758	34991659
PDCD1	tumor-associated macrophages/immunology	0.14703018500486853	39321806
CD36	carcinoma pancreatic ductal/genetics	0.2606296656929568	34958892
HLF	SMAD3	0.012658227848101264	34991659
CD36	protease inhibitors/pharmacology	0.13924050632911392	31257391
CD36	carcinoma hepatocellular/drug therapy	0.13924050632911392	31257391
inflammation/metabolism	NOX4	0.025316455696202528	35197507
HLF	JAK2	0.012658227848101264	34991659
cysteine/metabolism	SLC3A2	0.012658227848101264	31043744
CD36	interleukin-17/genetics	0.13924050632911392	31802182
inflammation/metabolism	FTH1	0.12333657903278158	35197507
HLF	IL6	0.11392405063291138	34991659
PDCD1	drugs chinese herbal	0.07594936708860758	35238098
inflammation/metabolism	NLRP3	0.025316455696202528	35197507
CD36	interleukins/metabolism	0.13924050632911392	39321806
inflammation/metabolism	HMGB1	0.05030834144758196	35197507
inflammation/metabolism	GPX4	0.4819863680623173	35197507
cysteine/metabolism	CD8A	0.1012658227848101	31043744
HLF	GGT1	0.012658227848101264	34991659
PDCD1	cell proliferation	0.4847545849544516	38301989
CD36	endostatins/genetics	0.13924050632911392	27044818
inflammation/metabolism	TLR4	0.07497565725413827	35197507
CD36	tumor microenvironment/genetics	0.13924050632911392	38351345
inflammation/metabolism	IL6	0.21616358325219084	21566463
PDCD1	diterpenes	0.07594936708860758	35238098
colonic neoplasms/drug therapy	heme oxygenase-1/metabolism	0.012658227848101264	33547170
proto-oncogene proteins p21(ras)/metabolism	GPX4	0.27848101265822783	33311482
colonic neoplasms/drug therapy	reactive oxygen species/metabolism	0.1392405063291139	33547170
CD36	phagocytosis	0.13924050632911392	39166450
PDCD1	cellular reprogramming/immunology	0.07594936708860758	39321806
PDCD1	hepatitis a virus cellular receptor 2/metabolism	0.07594936708860758	35238098
colonic neoplasms/drug therapy	HMOX1	0.025316455696202528	33547170
PDCD1	tumor microenvironment/immunology	0.43791409267758374	39321806
CD36	recombinant proteins/metabolism	0.13924050632911392	31802182
CD36	fatty acid-binding proteins/metabolism	0.13924050632911392	31802182
proto-oncogene proteins p21(ras)/metabolism	KDM8	0.012658227848101264	33311482
inflammation/metabolism	autophagy	0.05030834144758196	21566463
CD36	integrin alphavbeta3/metabolism	0.13924050632911392	34958892
colonic neoplasms/drug therapy	TP53	0.06329113924050632	33547170
proto-oncogene proteins p21(ras)/metabolism	STING1	0.012658227848101264	33311482
neutrophil infiltration	toll-like receptor 4/genetics	0.012658227848101264	30830879
inflammation/metabolism	neoplasms/metabolism	0.025316455696202528	21566463
CD36	tumor escape/immunology	0.13924050632911392	39321806
PDCD1	colorectal neoplasms/drug therapy	0.07594936708860758	35238098
cystine/antagonists &amp; inhibitors	reactive oxygen species/metabolism	0.1392405063291139	32778843
CD36	thyroid cancer papillary/immunology	0.13924050632911392	39178310
CD36	carcinoma renal cell/blood	0.13924050632911392	27044818
CD36	tumor-associated macrophages/metabolism	0.13924050632911392	39546763
CD36	liver neoplasms/immunology	0.13924050632911392	39321806
PDCD1	neoplastic stem cells/immunology	0.07594936708860758	39321806
neutrophil infiltration	TICAM1	0.012658227848101264	30830879
CD36	immunity innate	0.2606296656929568	31257391
colonic neoplasms/drug therapy	ASAH2	0.012658227848101264	33547170
cystine/antagonists &amp; inhibitors	GPX4	0.27848101265822783	32778843
PDCD1	metabolic reprogramming	0.07594936708860758	38301989
PDCD1	carcinoma hepatocellular/pathology	0.14703018500486853	38301989
neutrophil infiltration	IFNA1	0.03797468354430379	30830879
CD36	tumor-associated macrophages/immunology	0.2606296656929568	39321806
CD36	cytokines/blood	0.3662539991653916	27044818
PDCD1	tumor necrosis factor-alpha/metabolism	0.21349536539409958	35238098
CD36	neoplasms/pathology	0.13924050632911392	39546763
CD36	stem cell factor/metabolism	0.13924050632911392	31257391
inflammation/metabolism	fibroblasts/metabolism	0.025316455696202528	21566463
PDCD1	cell differentiation	0.21349536539409958	35238098
neutrophil infiltration	TLR4	0.03797468354430379	30830879
inflammation/metabolism	cytokines/biosynthesis	0.025316455696202528	21566463
inflammation/metabolism	hypoxia	0.025316455696202528	21566463
PDCD1	cd36 antigens/metabolism	0.43791409267758374	39321806
CD36	stat3 transcription factor/metabolism	0.5374766028996542	31802182
inflammation/metabolism	cell communication	0.025316455696202528	21566463
PDCD1	cancer-associated fibroblasts/pathology	0.07594936708860758	38301989
inflammation/metabolism	caveolin 1/deficiency	0.025316455696202528	21566463
CD36	endometrial neoplasms/immunology	0.13924050632911392	39166450
PDCD1	cd8-positive t-lymphocytes	0.07594936708860758	35238098
neutrophil infiltration	TRIM69	0.012658227848101264	30830879
CD36	osteopontin/metabolism	0.13924050632911392	39178310
CD36	cell proliferation	0.07715794061517918	34958892
CD36	cell proliferation	0.07715794061517918	38301989
CD36	cell proliferation	0.07715794061517918	31802182
PDCD1	ARHGEF5	0.07594936708860758	35238098
PDCD1	FAP	0.07594936708860758	38301989
CD36	adipocytes/immunology	0.13924050632911392	31802182
PDCD1	CCL2	0.33354080962342125	35238098
PDCD1	TPI1	0.07594936708860758	35238098
inflammation/metabolism	NFKB1	0.14703018500486856	21566463
host-pathogen interactions	ferroptosis/drug effects	0.48101265822784794	30787033
CD36	interferon type i/metabolism	0.017851346965271013	39166450
CD36	interferon type i/metabolism	0.017851346965271013	39546763
host-pathogen interactions	macrophages/drug effects	0.06329113924050632	30787033
CD36	ovary/pathology	0.13924050632911392	31802182
inflammation/metabolism	CSF2	0.025316455696202528	21566463
inflammation/metabolism	CXCL8	0.05030834144758196	21566463
CD36	cellular reprogramming/immunology	0.13924050632911392	39321806
PDCD1	CCR2	0.14703018500486853	35238098
inflammation/metabolism	CAV1	0.025316455696202528	21566463
CD36	chemokine ccl2/metabolism	0.13924050632911392	38351345
CD36	transforming growth factor beta1/metabolism	0.4579803940230322	34958892
CD36	tumor microenvironment/immunology	0.00037401659699123495	39178310
CD36	tumor microenvironment/immunology	0.00037401659699123495	31802182
CD36	tumor microenvironment/immunology	0.00037401659699123495	39546763
CD36	tumor microenvironment/immunology	0.00037401659699123495	39321806
CD36	tumor microenvironment/immunology	0.00037401659699123495	39166450
hyaluronan receptors/genetics	HSPB1	0.012658227848101264	34062295
PDCD1	HAVCR2	0.07594936708860758	35238098
hyaluronan receptors/genetics	SLC40A1	0.012658227848101264	34062295
PDCD1	HNF4A	0.07594936708860758	35238098
inflammation/metabolism	IL10	0.09931840311587149	21566463
host-pathogen interactions	GPX4	0.27848101265822783	30787033
PDCD1	TCF7	0.07594936708860758	35238098
inflammation/metabolism	CCL5	0.025316455696202528	21566463
CD36	disease progression	0.0028191481889016864	31802182
CD36	disease progression	0.0028191481889016864	39546763
CD36	disease progression	0.0028191481889016864	34958892
CD36	disease progression	0.0028191481889016864	39178310
CD36	heme/metabolism	0.13924050632911392	39166450
BBS9	MS4A1	0.012658227848101264	31775041
CD36	nih 3t3 cells	0.13924050632911392	27044818
BBS9	GPX4	0.27848101265822783	31775041
CD36	angiogenesis inducing agents/metabolism	0.13924050632911392	27044818
BBS9	ROS1	0.1012658227848101	31775041
PDCD1	IL34	0.07594936708860758	39321806
PDCD1	TNF	0.38757804127557616	35238098
PDCD1	FAM126A	0.07594936708860758	38301989
CD36	macrophages/immunology	0.007687182903705223	39166450
CD36	macrophages/immunology	0.007687182903705223	39178310
CD36	macrophages/immunology	0.007687182903705223	31257391
BBS9	PLEKHM1	0.012658227848101264	31775041
BBS9	SPANXB1	0.012658227848101264	31775041
PDCD1	HNF1A	0.07594936708860758	35238098
biopterins/analogs &amp; derivatives	cystine/antagonists &amp; inhibitors	0.012658227848101264	32778843
CD36	anti-inflammatory agents/metabolism	0.13924050632911392	27044818
PDCD1	VIM	0.07594936708860758	38301989
PDCD1	TIMELESS	0.07594936708860758	35238098
biopterins/analogs &amp; derivatives	reactive oxygen species/metabolism	0.1392405063291139	32778843
CD36	plant extracts/pharmacology	0.13924050632911392	31257391
listeriosis/etiology	TP53	0.06329113924050632	31980600
CD36	neoplastic stem cells/immunology	0.13924050632911392	39321806
PDCD1	HAVCR1	0.07594936708860758	35238098
hyaluronan receptors/genetics	CD44	0.025316455696202528	34062295
CD36	neoplasm recurrence local/immunology	0.13924050632911392	39178310
CD36	metabolic reprogramming	0.13924050632911392	38301989
CD36	carcinoma hepatocellular/pathology	0.017851346965271013	38351345
CD36	carcinoma hepatocellular/pathology	0.017851346965271013	38301989
listeriosis/etiology	TF	0.025316455696202528	31980600
MS4A1	GPX4	0.27848101265822783	31775041
CD36	cell polarity	0.13924050632911392	27044818
CD36	neoplasm metastasis	0.5374766028996542	27044818
IL6	lipid metabolism/physiology	0.11392405063291138	37108378
CD36	tumor necrosis factor-alpha/metabolism	0.3662539991653916	31257391
IL6	adiponectin/blood	0.11392405063291138	32472095
MS4A1	ROS1	0.1012658227848101	31775041
IL6	cytokines/blood	0.30778082676816854	32344015
CD36	digestion	0.13924050632911392	31257391
IL6	breast neoplasms/drug therapy	0.11392405063291138	27756885
IL6	pancreatic neoplasms/immunology	0.11392405063291138	32344015
biopterins/analogs &amp; derivatives	GPX4	0.27848101265822783	32778843
IL6	interleukin-6/metabolism	0.001062228910330176	24021059
IL6	interleukin-6/metabolism	0.001062228910330176	27756885
IL6	interleukin-6/metabolism	0.001062228910330176	30563531
IL6	cachexia/immunology	0.11392405063291138	32344015
IL6	stat3 transcription factor/metabolism	0.0003969381717549607	37108378
IL6	stat3 transcription factor/metabolism	0.0003969381717549607	24021059
IL6	stat3 transcription factor/metabolism	0.0003969381717549607	27756885
IL6	stat3 transcription factor/metabolism	0.0003969381717549607	30563531
IL6	inflammation/immunology	0.11392405063291138	27756885
IL6	myeloid cells/immunology	0.11392405063291138	24021059
IL6	perilipin-5/genetics	0.11392405063291138	37108378
IL6	cell proliferation	0.6381452226961615	38301989
CD36	periostin	0.13924050632911392	38351345
IL6	carcinoma hepatocellular/genetics	0.21616358325219084	37108378
IL6	macrophage colony-stimulating factor/antagonists &amp; inhibitors	0.11392405063291138	27756885
MS4A1	PLEKHM1	0.012658227848101264	31775041
CD36	receptors interleukin-17/metabolism	0.13924050632911392	31802182
ASPG	NLRP1	0.012658227848101264	35778693
IL6	interleukin-6/genetics	0.11392405063291138	37108378
MS4A1	SPANXB1	0.012658227848101264	31775041
CD36	cd36 antigens/metabolism	1.1384202745213213e-07	39178310
CD36	cd36 antigens/metabolism	1.1384202745213213e-07	31802182
CD36	cd36 antigens/metabolism	1.1384202745213213e-07	39546763
CD36	cd36 antigens/metabolism	1.1384202745213213e-07	39321806
CD36	cd36 antigens/metabolism	1.1384202745213213e-07	31257391
CD36	cd36 antigens/metabolism	1.1384202745213213e-07	38351345
CD36	cd36 antigens/metabolism	1.1384202745213213e-07	39166450
NLRP3	HMGB1	0.025316455696202528	35197507
IL6	leptin/metabolism	0.11392405063291138	30563531
NLRP3	GPX4	0.27848101265822783	35197507
CD36	rna messenger/metabolism	0.2606296656929568	31257391
IL6	procollagen-lysine 2-oxoglutarate 5-dioxygenase/deficiency	0.11392405063291138	30563531
SLC3A2	CD8A	0.1012658227848101	31043744
CD36	endothelial progenitor cells/metabolism	0.13924050632911392	38351345
IL6	tumor microenvironment/immunology	0.5864516830813272	24021059
IL6	lipids	0.11392405063291138	37108378
CD36	cancer-associated fibroblasts/pathology	0.13924050632911392	38301989
IL6	stat3 transcription factor/immunology	0.11392405063291138	32344015
IL6	breast neoplasms/pathology	0.11392405063291138	30563531
NLRP3	TLR4	0.03797468354430379	35197507
IL6	mesenchymal stem cells/immunology	0.11392405063291138	27756885
IL6	fibroblasts/metabolism	0.11392405063291138	21566463
IL6	hepatocyte growth factor/blood	0.11392405063291138	32472095
IL6	breast neoplasms/immunology	0.11392405063291138	24021059
CD36	gastrointestinal tract	0.13924050632911392	31257391
IL6	adipocytes/metabolism	0.38975414991404334	30563531
IL6	macrophages/immunology	0.38975414991404334	32344015
IL6	3t3-l1 cells	0.11392405063291138	30563531
IL6	cytokines/biosynthesis	0.11392405063291138	21566463
CD36	FAP	0.13924050632911392	38301989
IL6	hypoxia	0.11392405063291138	21566463
CD36	MAPK1	0.13924050632911392	39546763
IL6	cell communication	0.11392405063291138	21566463
CD36	AHSA1	0.13924050632911392	39546763
IL6	metabolic reprogramming	0.11392405063291138	38301989
IL6	carcinoma hepatocellular/pathology	0.21616358325219084	38301989
CD36	F9	0.13924050632911392	39178310
IL6	cell movement	0.11392405063291138	30563531
IL6	caveolin 1/deficiency	0.11392405063291138	21566463
IL6	neoplasm metastasis	0.09683614187278414	24021059
IL6	neoplasm metastasis	0.09683614187278414	30563531
CD36	AIMP2	0.13924050632911392	39546763
IL6	muscle fibers skeletal/drug effects	0.11392405063291138	32344015
IL6	neoplasm invasiveness	0.11392405063291138	27756885
CD36	CCL2	0.5374766028996542	38351345
CD36	NFKB1	0.6062300808470029	38351345
CD36	MAPK14	0.13924050632911392	39546763
CD36	IL4	0.13924050632911392	27044818
IL6	cancer-associated fibroblasts/pathology	0.11392405063291138	38301989
IL6	paracrine communication	0.21616358325219084	27756885
CD36	SPP1	0.13924050632911392	39178310
CD36	FABP4	0.13924050632911392	31802182
IL6	FAP	0.11392405063291138	38301989
IL6	EEF1A2	0.11392405063291138	27756885
CD36	CCDC6	0.13924050632911392	39178310
IL6	HGF	0.21616358325219084	32472095
IL6	NFKB1	0.1364196564729543	32472095
IL6	NFKB1	0.1364196564729543	21566463
CD36	ARG1	0.13924050632911392	27044818
IL6	PIK3CA	0.21616358325219084	30563531
IL6	EGF	0.11392405063291138	32472095
IL6	PLOD2	0.11392405063291138	30563531
CD36	DUSP2	0.13924050632911392	39178310
lipid metabolism	tumor-associated macrophages/immunology	0.025316455696202528	34919143
IL6	CSF2	0.11392405063291138	21566463
IL6	PLIN1	0.11392405063291138	37108378
CD36	CCR2	0.2606296656929568	38351345
IL6	CXCL8	0.21616358325219084	21566463
lipid metabolism	lipids/chemistry	0.012658227848101264	34919143
CD36	CRK	0.13924050632911392	39546763
IL6	LEP	0.011684518013631935	30563531
IL6	LEP	0.011684518013631935	32472095
CD36	IL13	0.13924050632911392	27044818
IL6	CSF1	0.30778082676816854	27756885
CD36	CXCL8	0.2606296656929568	38351345
IL6	CAV1	0.11392405063291138	21566463
IL6	CD163	0.21616358325219084	32344015
lipid metabolism	metabolic networks and pathways	0.012658227848101264	34919143
CD36	ZCCHC12	0.13924050632911392	39178310
IL6	IL6R	0.11392405063291138	37108378
IL6	JUN	0.11392405063291138	32472095
IL6	PIK3CD	0.21616358325219084	30563531
CD36	CD209	0.13924050632911392	27044818
IL6	PLIN5	0.11392405063291138	37108378
IL6	MAPK8	0.21616358325219084	32472095
CD36	IL17RA	0.13924050632911392	31802182
IL6	ADIPOQ	0.11392405063291138	32472095
IL6	TNF	0.528296451014639	37108378
CD36	PTCH1	0.13924050632911392	39178310
IL6	FAM126A	0.11392405063291138	38301989
IL6	IL10	0.38975414991404334	21566463
IL6	PIK3CG	0.21616358325219084	30563531
lipid metabolism	disease progression	0.07594936708860758	34919143
CD36	RET	0.13924050632911392	39178310
IL6	VIM	0.11392405063291138	38301989
CD36	THBS2	0.13924050632911392	34958892
IL6	AKT1	0.21616358325219084	30563531
IL6	CCL5	0.11392405063291138	21566463
TICAM1	IFNA1	0.03797468354430379	30830879
IL6	ITGAM	0.11392405063291138	24021059
IL6	PIK3CB	0.21616358325219084	30563531
CD36	POSTN	0.13924050632911392	38351345
TICAM1	TLR4	0.03797468354430379	30830879
lipid metabolism	cell plasticity/genetics	0.012658227848101264	34919143
CD36	MAPK8	0.2606296656929568	34958892
heme oxygenase-1/metabolism	reactive oxygen species/metabolism	0.1392405063291139	33547170
CD36	MAP2K7	0.13924050632911392	34958892
TICAM1	TRIM69	0.012658227848101264	30830879
cell line	TGFB1	0.49181274132493863	25940439
CD36	IL34	0.13924050632911392	39321806
CD36	TNF	0.6062300808470029	31257391
cell line	FTH1	0.05965347111249843	39287745
cell line	FTH1	0.05965347111249843	40724917
CD36	FAM126A	0.13924050632911392	38301989
cell line	SLC7A11	0.006079323644782287	40703032
cell line	SLC7A11	0.006079323644782287	34811833
cell line	SLC7A11	0.006079323644782287	40752796
cell line	SLC7A11	0.006079323644782287	40724917
heme oxygenase-1/metabolism	HMOX1	0.025316455696202528	33547170
cell line	FUT1	0.08860759493670885	34811833
pancreatitis/genetics	pancreas/metabolism	0.012658227848101264	33311482
CD36	IL10	0.4579803940230322	27044818
cell line	GPX4	0.016025007146907615	39287745
cell line	GPX4	0.016025007146907615	40724917
cell line	GPX4	0.016025007146907615	40703032
cell line	GPX4	0.016025007146907615	34811833
cell line	GPX4	0.016025007146907615	40752796
cell line	FN1	0.08860759493670885	34811833
cell line	ROS1	0.14596307917107743	34811833
cell line	ROS1	0.14596307917107743	40752796
lipid metabolism	IL1B	0.025316455696202528	34919143
heme oxygenase-1/metabolism	TP53	0.06329113924050632	33547170
CD36	RNF19A	0.13924050632911392	39546763
cell line	MMRN1	0.08860759493670885	34811833
cell line	NFE2L2	0.03742493349422062	39287745
cell line	NFE2L2	0.03742493349422062	40752796
pancreatitis/genetics	phospholipid hydroperoxide glutathione peroxidase/genetics	0.025316455696202528	33311482
membrane proteins/metabolism	tumor microenvironment/drug effects	0.11392405063291138	33547170
CD36	VIM	0.13924050632911392	38301989
cell line	HIF1A	0.08860759493670885	34811833
CD36	TAS2R38	0.13924050632911392	39178310
CD36	MRC1	0.2606296656929568	27044818
membrane proteins/metabolism	colonic neoplasms/drug therapy	0.012658227848101264	33547170
CD36	POLDIP2	0.13924050632911392	39546763
membrane proteins/metabolism	heme oxygenase-1/metabolism	0.012658227848101264	33547170
membrane proteins/metabolism	reactive oxygen species/metabolism	0.1392405063291139	33547170
cell line	mesenchymal stem cells	0.08860759493670885	31637575
CD36	IL17A	0.3662539991653916	31802182
heme oxygenase-1/metabolism	ASAH2	0.012658227848101264	33547170
membrane proteins/metabolism	HMOX1	0.025316455696202528	33547170
cell line	micrornas/metabolism	0.08860759493670885	25940439
cell line	nanog homeobox protein/genetics	0.08860759493670885	31637575
membrane proteins/metabolism	TP53	0.06329113924050632	33547170
cell line	cell proliferation	0.5412198359183472	31637575
cell line	prostatic neoplasms/pathology	0.24581747366557488	25940439
MTOR	BTRC	0.012658227848101264	34093872
MTOR	PRKAA2	0.012658227848101264	34093872
prostatic neoplasms/immunology	heterografts	0.012658227848101264	34919143
membrane proteins/metabolism	ASAH2	0.012658227848101264	33547170
MTOR	CD274	0.050632911392405056	34093872
pancreatitis/genetics	GPX4	0.27848101265822783	33311482
cell line	transforming growth factor beta1/metabolism	0.31528165372269307	25940439
cell line	alpha-ketoglutarate-dependent dioxygenase fto/metabolism	0.17039922103213243	31637575
MTOR	NFE2L2	0.050632911392405056	34093872
MTOR	CD8A	0.1012658227848101	34093872
cell line	neoplasm invasiveness/pathology	0.08860759493670885	25940439
MTOR	PRKAB1	0.012658227848101264	34093872
MTOR	RPL17-C18orf32	0.07594936708860758	34093872
MTOR	RPL17	0.07594936708860758	34093872
cell line	matrix metalloproteinase 9/metabolism	0.08860759493670885	25940439
MTOR	MRLN	0.050632911392405056	34093872
MTOR	CTLA4	0.012658227848101264	34093872
cell line	adipocytes/pathology	0.08860759493670885	25940439
prostatic neoplasms/immunology	tumor-associated macrophages/immunology	0.025316455696202528	34919143
cell line	smad proteins/metabolism	0.08860759493670885	25940439
NOX4	FTH1	0.06329113924050632	35197507
cell line	sweat glands/cytology	0.08860759493670885	31637575
prostatic neoplasms/immunology	lipids/chemistry	0.012658227848101264	34919143
cell line	neoplasm metastasis	0.3791886993752417	25940439
pancreatitis/genetics	KDM8	0.012658227848101264	33311482
cell line	tumor necrosis factor-alpha/metabolism	0.24581747366557488	31637575
cell line	tumor microenvironment/physiology	0.24581747366557488	25940439
prostatic neoplasms/immunology	metabolic networks and pathways	0.012658227848101264	34919143
cell line	cell differentiation	0.24581747366557488	31637575
NOX4	NLRP3	0.012658227848101264	35197507
NOX4	HMGB1	0.025316455696202528	35197507
cell line	stem cells/pathology	0.08860759493670885	25940439
cell line	rna messenger/metabolism	0.17039922103213243	31637575
NOX4	GPX4	0.27848101265822783	35197507
pancreatitis/genetics	STING1	0.012658227848101264	33311482
cell line	gene expression regulation	0.08860759493670885	31637575
cell line	receptors androgen/metabolism	0.08860759493670885	25940439
prostatic neoplasms/immunology	disease progression	0.07594936708860758	34919143
cell line	NANOG	0.08860759493670885	31637575
NOX4	TLR4	0.03797468354430379	35197507
TF	herbicides/toxicity	0.025316455696202528	40451026
prostatic neoplasms/immunology	cell plasticity/genetics	0.012658227848101264	34919143
TF	malondialdehyde/metabolism	0.05030834144758196	40451026
cell line	MMP9	0.08860759493670885	25940439
TF	beclin-1/metabolism	0.025316455696202528	40451026
TF	24-dichlorophenoxyacetic acid/toxicity	0.025316455696202528	40451026
cell line	TNF	0.43791409267758363	31637575
cell line	FTO	0.17039922103213243	31637575
macrophages/drug effects	tumor microenvironment/drug effects	0.09683614187278412	34093872
macrophages/drug effects	tumor microenvironment/drug effects	0.09683614187278412	30755716
TF	BECN1	0.025316455696202528	40451026
TF	TNMD	0.025316455696202528	40451026
TF	TFRC	0.05030834144758196	40451026
macrophages/drug effects	mitochondria/drug effects	0.18026277519948403	34093872
TF	CYLD	0.025316455696202528	40451026
prostatic neoplasms/immunology	IL1B	0.025316455696202528	34919143
cell line	carbolines	0.08860759493670885	39287745
cell line	polysaccharides/pharmacology	0.08860759493670885	40752796
CD8A	PRKAB1	0.10126582278481011	34093872
macrophages/drug effects	nf-e2-related factor 2/genetics	0.06329113924050632	34093872
cell line	glucose/deficiency	0.08860759493670885	39287745
HSPB1	SLC40A1	0.012658227848101264	34062295
cell line	aging/metabolism	0.08860759493670885	40724917
XK	ASPG	0.012658227848101264	35778693
CD8A	RPL17-C18orf32	0.0006402082351449441	34093872
CD8A	RPL17-C18orf32	0.0006402082351449441	35238098
CD8A	RPL17-C18orf32	0.0006402082351449441	33691090
CD8A	RPL17-C18orf32	0.0006402082351449441	39321806
cell line	nf-e2-related factor 2/metabolism	0.08860759493670885	39287745
CD8A	RPL17	0.0006402082351449441	34093872
CD8A	RPL17	0.0006402082351449441	35238098
CD8A	RPL17	0.0006402082351449441	33691090
CD8A	RPL17	0.0006402082351449441	39321806
cell line	eye proteins/chemistry	0.08860759493670885	40703032
CD8A	AIFM2	0.10126582278481011	33277233
XK	NLRP1	0.012658227848101264	35778693
cell line	antioxidants/metabolism	0.08860759493670885	40724917
CD8A	MRLN	0.3533215618492101	34093872
cell line	nerve growth factors/chemistry	0.08860759493670885	40703032
CD8A	CTLA4	0.10126582278481011	34093872
cell line	neurons/metabolism	0.08860759493670885	40724917
cell line	folic acid/pharmacology	0.08860759493670885	40724917
cell line	aminopyridines/pharmacology	0.08860759493670885	39287745
cell line	cyclic nucleotide phosphodiesterases type 4/metabolism	0.08860759493670885	39287745
ACSL4	GPX4	0.07497565725413827	39212400
ACSL4	GPX4	0.07497565725413827	33277233
cell line	retinal pigment epithelium/metabolism	0.08860759493670885	40703032
cell line	iodates/toxicity	0.08860759493670885	40703032
macrophages/drug effects	cell line tumor	0.9153906719529638	34093872
CD8A	obesity/metabolism	0.19344368711457316	35238098
ACSL4	ATL1	0.025316455696202528	33277233
macrophages/drug effects	glycogen synthase kinase 3/metabolism	0.06329113924050632	34093872
cell line	retinal degeneration/chemically induced	0.08860759493670885	40703032
cell line	neurons/drug effects	0.24581747366557488	39287745
cell line	reperfusion injury/pathology	0.08860759493670885	39287745
macrophages/drug effects	listeriosis/etiology	0.06329113924050632	31980600
cell line	benzamides/pharmacology	0.08860759493670885	39287745
ACSL4	S100A4	0.025316455696202528	33277233
cell line	brain ischemia/pathology	0.08860759493670885	39287745
macrophages/drug effects	cell line	0.3791886993752417	34811833
CD8A	interleukins/metabolism	0.10126582278481011	39321806
cell line	kidney/drug effects	0.08860759493670885	40752796
cell line	cystine/metabolism	0.08860759493670885	40724917
cell line	serpins/chemistry	0.08860759493670885	40703032
HSPB1	CD44	0.025316455696202528	34062295
cell line	diabetic nephropathies/drug therapy	0.08860759493670885	40752796
cell line	phosphodiesterase 4 inhibitors/pharmacology	0.08860759493670885	39287745
cell line	SERPINF1	0.08860759493670885	40703032
cell line	LPO	0.08860759493670885	40752796
cell line	PDE4B	0.08860759493670885	39287745
CD8A	interleukin-12/metabolism	0.10126582278481011	30535532
ACSL4	CD8A	0.19344368711457316	33277233
macrophages/drug effects	TP53	0.2852466653932343	31980600
cell line	PDE4A	0.08860759493670885	39287745
cell line	FGFR1	0.08860759493670885	39287745
cell line	NCOA4	0.17039922103213243	39287745
CD8A	tumor escape/immunology	0.10126582278481011	39321806
macrophages/drug effects	SLC7A11	0.5374766028996542	34811833
macrophages/drug effects	CHRM1	0.018472533462540124	34093872
macrophages/drug effects	CHRM1	0.018472533462540124	30755716
macrophages/drug effects	FUT1	0.06329113924050632	34811833
ACSL4	AIFM2	0.025316455696202528	33277233
CD8A	liver neoplasms/immunology	0.10126582278481011	39321806
macrophages/drug effects	GSK3B	0.06329113924050632	34093872
macrophages/drug effects	PDCD1	0.33354080962342125	34093872
CD8A	tumor-associated macrophages/immunology	0.19344368711457316	39321806
macrophages/drug effects	HMGB1	0.12333657903278156	30755716
exosomes/metabolism	PDCD1	0.07594936708860758	34985903
macrophages/drug effects	GPX4	0.42862706913339826	30787033
macrophages/drug effects	GPX4	0.42862706913339826	34811833
macrophages/drug effects	PRKAA1	0.06329113924050632	34093872
macrophages/drug effects	FN1	0.06329113924050632	34811833
macrophages/drug effects	GABPA	0.06329113924050632	34093872
CD8A	drugs chinese herbal	0.10126582278481011	35238098
macrophages/drug effects	MTOR	0.06329113924050632	34093872
exosomes/metabolism	CD274	0.050632911392405056	34985903
macrophages/drug effects	ROS1	0.422300595251961	34811833
macrophages/drug effects	BTRC	0.06329113924050632	34093872
macrophages/drug effects	PRKAA2	0.06329113924050632	34093872
CD8A	diterpenes	0.10126582278481011	35238098
exosomes/metabolism	RPL17-C18orf32	0.07594936708860758	34985903
obesity/metabolism	mammary glands animal/metabolism	0.025316455696202528	32359100
macrophages/drug effects	CD274	0.23419285577846535	34093872
exosomes/metabolism	RPL17	0.07594936708860758	34985903
macrophages/drug effects	MMRN1	0.06329113924050632	34811833
macrophages/drug effects	NFE2L2	0.23419285577846535	34093872
CD8A	cellular reprogramming/immunology	0.10126582278481011	39321806
CD8A	hepatitis a virus cellular receptor 2/metabolism	0.10126582278481011	35238098
macrophages/drug effects	TF	0.12333657903278156	31980600
macrophages/drug effects	CD8A	0.422300595251961	34093872
CD8A	tumor microenvironment/immunology	0.14596307917107745	30535532
CD8A	tumor microenvironment/immunology	0.14596307917107745	39321806
macrophages/drug effects	HIF1A	0.06329113924050632	34811833
macrophages/drug effects	PRKAB1	0.06329113924050632	34093872
glioma/pathology	mesenchymal stem cells/metabolism	0.012658227848101264	40287444
CD8A	colorectal neoplasms/drug therapy	0.10126582278481011	35238098
macrophages/drug effects	RPL17-C18orf32	0.33354080962342125	34093872
obesity/metabolism	breast neoplasms/metabolism	0.07497565725413827	32359100
macrophages/drug effects	RPL17	0.33354080962342125	34093872
gold/chemistry	cell line tumor	0.37974683544303794	33236624
macrophages/drug effects	MRLN	0.018472533462540124	34093872
macrophages/drug effects	MRLN	0.018472533462540124	30755716
macrophages/drug effects	CTLA4	0.06329113924050632	34093872
obesity/metabolism	extracellular matrix/metabolism	0.025316455696202528	32359100
CD8A	neoplastic stem cells/immunology	0.10126582278481011	39321806
CD8A	tumor necrosis factor-alpha/metabolism	0.277241745596176	35238098
obesity/metabolism	drugs chinese herbal	0.025316455696202528	35238098
macrophages/drug effects	phenotype	0.12333657903278156	30755716
CD8A	cell differentiation	0.277241745596176	35238098
obesity/metabolism	epithelial cells/metabolism	0.025316455696202528	32359100
CD8A	cd36 antigens/metabolism	0.5412198359183473	39321806
obesity/metabolism	stem cells/metabolism	0.025316455696202528	32359100
obesity/metabolism	diterpenes	0.025316455696202528	35238098
CD8A	cd8-positive t-lymphocytes	0.10126582278481011	35238098
macrophages/drug effects	glycyrrhizic acid/pharmacology	0.06329113924050632	30755716
gold/chemistry	CHRM1	0.050632911392405056	33236624
CD8A	CD4	0.10126582278481011	30535532
CD8A	ARHGEF5	0.10126582278481011	35238098
obesity/metabolism	hepatitis a virus cellular receptor 2/metabolism	0.025316455696202528	35238098
obesity/metabolism	transforming growth factor beta1/metabolism	0.09931840311587149	32359100
CD8A	CSF3	0.10126582278481011	30535532
CD8A	CCL2	0.422300595251961	35238098
CD8A	TPI1	0.10126582278481011	35238098
glioma/pathology	adenosine/analogs &amp; derivatives	0.012658227848101264	40287444
glioma/pathology	alpha-ketoglutarate-dependent dioxygenase fto/metabolism	0.025316455696202528	40287444
obesity/metabolism	colorectal neoplasms/drug therapy	0.025316455696202528	35238098
obesity/metabolism	mammary glands human/metabolism	0.025316455696202528	32359100
CD8A	CCR2	0.19344368711457316	35238098
SLC7A11	FUT1	0.13924050632911392	34811833
macrophages/drug effects	nf-kappa b/metabolism	0.12333657903278156	30755716
CD8A	HAVCR2	0.10126582278481011	35238098
obesity/metabolism	diet high-fat/adverse effects	0.07497565725413827	32359100
CD8A	HNF4A	0.10126582278481011	35238098
CD8A	TCF7	0.10126582278481011	35238098
SLC7A11	ACSL4	0.2606296656929568	39212400
obesity/metabolism	tumor necrosis factor-alpha/metabolism	0.07497565725413827	35238098
SLC7A11	GPX4	9.200474703514729e-05	35778693
SLC7A11	GPX4	9.200474703514729e-05	38581191
SLC7A11	GPX4	9.200474703514729e-05	39276841
SLC7A11	GPX4	9.200474703514729e-05	39212400
SLC7A11	GPX4	9.200474703514729e-05	40451026
SLC7A11	GPX4	9.200474703514729e-05	40724917
SLC7A11	GPX4	9.200474703514729e-05	40703032
SLC7A11	GPX4	9.200474703514729e-05	34811833
SLC7A11	GPX4	9.200474703514729e-05	40752796
amidines/administration &amp; dosage	PIK3CA	0.025316455696202528	28609459
obesity/metabolism	tumor microenvironment/physiology	0.07497565725413827	32359100
SLC7A11	FN1	0.13924050632911392	34811833
macrophages/drug effects	calgranulin a/metabolism	0.06329113924050632	30755716
obesity/metabolism	cell differentiation	0.07497565725413827	35238098
CD8A	IL34	0.10126582278481011	39321806
CD8A	TNF	0.4847545849544516	35238098
SLC7A11	ROS1	0.011229948062926992	34811833
SLC7A11	ROS1	0.011229948062926992	40451026
SLC7A11	ROS1	0.011229948062926992	40752796
SLC7A11	ROS1	0.011229948062926992	38581191
CD8A	PTPRC	0.10126582278481011	30535532
CD8A	IL10	0.3533215618492101	30535532
obesity/metabolism	cd8-positive t-lymphocytes	0.025316455696202528	35238098
gold/chemistry	MRLN	0.050632911392405056	33236624
CD8A	HNF1A	0.10126582278481011	35238098
obesity/metabolism	DCN	0.025316455696202528	32359100
glioma/pathology	macrophage colony-stimulating factor/metabolism	0.012658227848101264	40287444
obesity/metabolism	ARHGEF5	0.025316455696202528	35238098
SLC7A11	SLC3A2	0.13924050632911392	31043744
CD8A	TIMELESS	0.10126582278481011	35238098
amidines/administration &amp; dosage	PIK3CD	0.025316455696202528	28609459
SLC7A11	XK	0.13924050632911392	35778693
CD8A	HAVCR1	0.10126582278481011	35238098
obesity/metabolism	CCL2	0.12333657903278158	35238098
obesity/metabolism	TPI1	0.025316455696202528	35238098
SLC7A11	MMRN1	0.13924050632911392	34811833
SLC7A11	NFE2L2	0.4579803940230322	40752796
amidines/administration &amp; dosage	PIK3CG	0.025316455696202528	28609459
SLC7A11	TF	0.2606296656929568	40451026
amidines/administration &amp; dosage	AKT1	0.025316455696202528	28609459
SLC7A11	CD8A	0.3079059145480618	31043744
SLC7A11	CD8A	0.3079059145480618	31554642
obesity/metabolism	CCR2	0.05030834144758196	35238098
glioma/pathology	brain neoplasms/pathology	0.012658227848101264	40287444
amidines/administration &amp; dosage	PIK3CB	0.025316455696202528	28609459
obesity/metabolism	HAVCR2	0.025316455696202528	35238098
macrophages/drug effects	colon/metabolism	0.06329113924050632	30755716
SLC7A11	HIF1A	0.13924050632911392	34811833
obesity/metabolism	HNF4A	0.025316455696202528	35238098
SLC7A11	ASPG	0.13924050632911392	35778693
obesity/metabolism	TCF7	0.025316455696202528	35238098
SLC7A11	NLRP1	0.13924050632911392	35778693
PLEKHM1	SPANXB1	0.012658227848101264	31775041
toll-like receptor 4/genetics	TICAM1	0.012658227848101264	30830879
macrophages/drug effects	diet high-fat	0.18026277519948403	30755716
obesity/metabolism	TNF	0.14703018500486856	35238098
toll-like receptor 4/genetics	IFNA1	0.03797468354430379	30830879
obesity/metabolism	HNF1A	0.025316455696202528	35238098
obesity/metabolism	TIMELESS	0.025316455696202528	35238098
phenotype	receptors cell surface/metabolism	0.025316455696202528	30420335
obesity/metabolism	HAVCR1	0.025316455696202528	35238098
phenotype	antigens differentiation myelomonocytic/metabolism	0.025316455696202528	30420335
endostatins/genetics	nih 3t3 cells	0.012658227848101264	27044818
phenotype	glycyrrhizic acid/pharmacology	0.025316455696202528	30755716
phospholipid hydroperoxide glutathione peroxidase/genetics	tumor microenvironment/drug effects	0.21616358325219084	40136245
endostatins/genetics	angiogenesis inducing agents/metabolism	0.012658227848101264	27044818
phenotype	cell communication/drug effects	0.025316455696202528	30420335
toll-like receptor 4/genetics	TLR4	0.03797468354430379	30830879
endostatins/genetics	anti-inflammatory agents/metabolism	0.012658227848101264	27044818
phospholipid hydroperoxide glutathione peroxidase/genetics	reactive oxygen species/metabolism	0.2606296656929568	40136245
phenotype	nf-kappa b/metabolism	0.05030834144758196	30755716
ROS1	ATG5	0.10126582278481011	33926261
endostatins/genetics	cell polarity	0.012658227848101264	27044818
phenotype	tumor necrosis factor alpha-induced protein 3/metabolism	0.025316455696202528	30420335
endostatins/genetics	neoplasm metastasis	0.06329113924050632	27044818
macrophages/drug effects	neoplasm metastasis	0.2852466653932343	30755716
phenotype	endometrial neoplasms/genetics	0.025316455696202528	30420335
toll-like receptor 4/genetics	TRIM69	0.012658227848101264	30830879
ROS1	MMRN1	0.10126582278481011	34811833
SLC7A11	hep g2 cells	0.2606296656929568	38581191
phenotype	calgranulin a/metabolism	0.025316455696202528	30755716
ROS1	NFE2L2	0.3533215618492101	40752796
glioma/pathology	CSF1	0.03797468354430379	40287444
ROS1	TF	0.19344368711457316	40451026
ROS1	PLEKHM1	0.10126582278481011	31775041
ROS1	SPANXB1	0.10126582278481011	31775041
ROS1	HIF1A	0.10126582278481011	34811833
macrophages/drug effects	anti-inflammatory agents/pharmacology	0.06329113924050632	30755716
phenotype	antigens cd/metabolism	0.025316455696202528	30420335
phenotype	estradiol/pharmacology	0.025316455696202528	30420335
carcinoma pancreatic ductal/genetics	integrin alphavbeta3/metabolism	0.025316455696202528	34958892
endostatins/genetics	IL4	0.012658227848101264	27044818
carcinoma pancreatic ductal/genetics	lipocalin-2/genetics	0.025316455696202528	28249896
phenotype	colon/metabolism	0.025316455696202528	30755716
phospholipid hydroperoxide glutathione peroxidase/genetics	GPX4	0.07497565725413827	33311482
phospholipid hydroperoxide glutathione peroxidase/genetics	GPX4	0.07497565725413827	40136245
carcinoma pancreatic ductal/genetics	inflammation mediators/blood	0.025316455696202528	28249896
endostatins/genetics	ARG1	0.012658227848101264	27044818
phenotype	diet high-fat	0.07497565725413827	30755716
carcinoma pancreatic ductal/genetics	cytokines/blood	0.07497565725413827	28249896
glioma/pathology	FTO	0.025316455696202528	40287444
endostatins/genetics	IL13	0.012658227848101264	27044818
endostatins/genetics	CD209	0.012658227848101264	27044818
macrophages/drug effects	CCL2	0.2852466653932343	30755716
glioma/pathology	YTHDF2	0.012658227848101264	40287444
macrophages/drug effects	NFKB1	0.33354080962342125	30755716
carcinoma pancreatic ductal/genetics	cell proliferation	0.19344368711457316	34958892
phospholipid hydroperoxide glutathione peroxidase/genetics	KDM8	0.025316455696202528	33311482
ROS1	hep g2 cells	0.19344368711457316	38581191
phenotype	neoplasm metastasis	0.12333657903278158	30755716
endostatins/genetics	IL10	0.050632911392405056	27044818
phospholipid hydroperoxide glutathione peroxidase/genetics	STING1	0.025316455696202528	33311482
carcinoma pancreatic ductal/genetics	transforming growth factor beta1/metabolism	0.09931840311587149	34958892
phenotype	anti-inflammatory agents/pharmacology	0.025316455696202528	30755716
phenotype	estrogen receptor alpha/genetics	0.025316455696202528	30420335
endostatins/genetics	MRC1	0.025316455696202528	27044818
carcinoma pancreatic ductal/genetics	disease progression	0.14703018500486856	34958892
phenotype	hek293 cells	0.025316455696202528	30420335
carcinoma pancreatic ductal/genetics	rna small interfering/genetics	0.025316455696202528	28249896
ACSL4	cyclohexylamines	0.025316455696202528	39212400
ACSL4	leydig cells/metabolism	0.025316455696202528	39212400
phenotype	CCL2	0.12333657903278158	30755716
phenotype	NFKB1	0.14703018500486856	30755716
ACSL4	malondialdehyde/metabolism	0.05030834144758196	39212400
ACSL4	superoxide dismutase/metabolism	0.025316455696202528	39212400
macrophages/drug effects	IRF6	0.06329113924050632	30755716
macrophages/drug effects	S100A8	0.12333657903278156	30755716
CD274	NFE2L2	0.19104879131528035	34093872
CD274	CD8A	0.35332156184921015	34093872
ACSL4	testosterone	0.025316455696202528	39212400
CD274	PRKAB1	0.050632911392405056	34093872
antigens differentiation myelomonocytic/metabolism	cell communication/drug effects	0.012658227848101264	30420335
ovarian neoplasms/immunology	palmitic acid/metabolism	0.012658227848101264	31802182
CD274	RPL17-C18orf32	0.027217951934807364	34093872
CD274	RPL17-C18orf32	0.027217951934807364	34985903
phenotype	CD163	0.05030834144758196	30420335
ACSL4	phenylenediamines	0.025316455696202528	39212400
phenotype	IRF6	0.025316455696202528	30755716
CD274	RPL17	0.027217951934807364	34093872
CD274	RPL17	0.027217951934807364	34985903
phenotype	S100A8	0.05030834144758196	30755716
macrophages/drug effects	TNF	0.33354080962342125	30755716
ACSL4	drugs chinese herbal/pharmacology	0.025316455696202528	39212400
CD274	MRLN	0.19104879131528035	34093872
ACSL4	hydrogen peroxide	0.025316455696202528	39212400
CD274	CTLA4	0.050632911392405056	34093872
antigens differentiation myelomonocytic/metabolism	tumor necrosis factor alpha-induced protein 3/metabolism	0.012658227848101264	30420335
ovarian neoplasms/immunology	interleukin-17/genetics	0.012658227848101264	31802182
antigens differentiation myelomonocytic/metabolism	endometrial neoplasms/genetics	0.012658227848101264	30420335
phenotype	TNF	0.004868549172346641	30755716
phenotype	TNF	0.004868549172346641	30420335
phenotype	ESR1	0.025316455696202528	30420335
chemokines/metabolism	lymphangiogenesis	0.012658227848101264	24844408
ACSL4	TPM3	0.025316455696202528	39212400
HMGB1	GPX4	0.4819863680623173	35197507
chemokines/metabolism	leptin/physiology	0.012658227848101264	24844408
antigens differentiation myelomonocytic/metabolism	antigens cd/metabolism	0.012658227848101264	30420335
antigens differentiation myelomonocytic/metabolism	estradiol/pharmacology	0.012658227848101264	30420335
carcinoma pancreatic ductal/genetics	THBS2	0.025316455696202528	34958892
phenotype	TNFAIP3	0.025316455696202528	30420335
HMGB1	TLR4	0.07497565725413827	35197507
interleukin-6 receptor alpha subunit/blood	stat3 transcription factor/metabolism	0.06329113924050632	24021059
phenotype	IL17A	0.07497565725413827	30420335
ovarian neoplasms/immunology	recombinant proteins/metabolism	0.012658227848101264	31802182
carcinoma pancreatic ductal/genetics	LCN2	0.025316455696202528	28249896
ovarian neoplasms/immunology	fatty acid-binding proteins/metabolism	0.012658227848101264	31802182
interleukin-6 receptor alpha subunit/blood	myeloid cells/immunology	0.012658227848101264	24021059
carcinoma pancreatic ductal/genetics	MAPK8	0.05030834144758196	34958892
KDM8	STING1	0.012658227848101264	33311482
carcinoma pancreatic ductal/genetics	SLC22A17	0.025316455696202528	28249896
carcinoma pancreatic ductal/genetics	MAP2K7	0.025316455696202528	34958892
chemokines/metabolism	rna messenger/genetics	0.012658227848101264	24844408
HMGB1	MRLN	0.09931840311587149	30755716
interleukin-6 receptor alpha subunit/blood	tumor microenvironment/immunology	0.08860759493670886	24021059
interleukin-6 receptor alpha subunit/blood	breast neoplasms/immunology	0.012658227848101264	24021059
HMGB1	phenotype	0.05030834144758196	30755716
antigens differentiation myelomonocytic/metabolism	estrogen receptor alpha/genetics	0.012658227848101264	30420335
glutathione peroxidase/metabolism	flavonolignans/pharmacology	0.012658227848101264	33926261
ovarian neoplasms/immunology	stat3 transcription factor/metabolism	0.06329113924050632	31802182
chemokines/metabolism	cell proliferation	0.1012658227848101	24844408
antigens differentiation myelomonocytic/metabolism	hek293 cells	0.012658227848101264	30420335
interleukin-6 receptor alpha subunit/blood	neoplasm metastasis	0.06329113924050632	24021059
HMGB1	glycyrrhizic acid/pharmacology	0.025316455696202528	30755716
ovarian neoplasms/immunology	cell proliferation	0.1012658227848101	31802182
ovarian neoplasms/immunology	adipocytes/immunology	0.012658227848101264	31802182
chemokines/metabolism	neovascularization pathologic	0.012658227848101264	24844408
glutathione peroxidase/metabolism	reactive oxygen species/metabolism	0.1392405063291139	33926261
SLC9A1	ATM	0.025316455696202528	31554642
mammary glands animal/metabolism	breast neoplasms/metabolism	0.03797468354430379	32359100
ovarian neoplasms/immunology	ovary/pathology	0.012658227848101264	31802182
SLC9A1	SLC7A11	0.017851346965271013	31043744
SLC9A1	SLC7A11	0.017851346965271013	31554642
HMGB1	nf-kappa b/metabolism	0.05030834144758196	30755716
interleukin-17/genetics	recombinant proteins/metabolism	0.012658227848101264	31802182
mammary glands animal/metabolism	extracellular matrix/metabolism	0.012658227848101264	32359100
interleukin-17/genetics	fatty acid-binding proteins/metabolism	0.012658227848101264	31802182
antigens differentiation myelomonocytic/metabolism	CD163	0.025316455696202528	30420335
ovarian neoplasms/immunology	tumor microenvironment/immunology	0.08860759493670886	31802182
chemokines/metabolism	obesity/etiology	0.012658227848101264	24844408
antigens differentiation myelomonocytic/metabolism	TNF	0.07594936708860758	30420335
antigens differentiation myelomonocytic/metabolism	ESR1	0.012658227848101264	30420335
chemokines/metabolism	adipocytes/metabolism	0.050632911392405056	24844408
HMGB1	calgranulin a/metabolism	0.025316455696202528	30755716
ovarian neoplasms/immunology	disease progression	0.07594936708860758	31802182
glutathione peroxidase/metabolism	GPX4	0.27848101265822783	33926261
mammary glands animal/metabolism	epithelial cells/metabolism	0.012658227848101264	32359100
mammary glands animal/metabolism	stem cells/metabolism	0.012658227848101264	32359100
SLC9A1	SLC3A2	0.025316455696202528	31043744
antigens differentiation myelomonocytic/metabolism	TNFAIP3	0.012658227848101264	30420335
antigens differentiation myelomonocytic/metabolism	IL17A	0.03797468354430379	30420335
chemokines/metabolism	diet high-fat/adverse effects	0.03797468354430379	24844408
mammary glands animal/metabolism	transforming growth factor beta1/metabolism	0.050632911392405056	32359100
SLC9A1	CD8A	0.009087958455047061	31043744
SLC9A1	CD8A	0.009087958455047061	31554642
interleukin-17/genetics	stat3 transcription factor/metabolism	0.06329113924050632	31802182
chemokines/metabolism	tumor cells cultured	0.012658227848101264	24844408
interleukin-6 receptor alpha subunit/blood	ITGAM	0.012658227848101264	24021059
t-lymphocytes regulatory/immunology	CXCL13	0.012658227848101264	39753138
mammary glands animal/metabolism	mammary glands human/metabolism	0.012658227848101264	32359100
interleukin-17/genetics	cell proliferation	0.1012658227848101	31802182
interleukin-17/genetics	adipocytes/immunology	0.012658227848101264	31802182
HMGB1	colon/metabolism	0.025316455696202528	30755716
mammary glands animal/metabolism	diet high-fat/adverse effects	0.03797468354430379	32359100
CD274	transforming growth factor beta1/metabolism	0.19104879131528035	35720420
chemokines/metabolism	receptor melanocortin type 4/physiology	0.012658227848101264	24844408
mammary glands animal/metabolism	tumor microenvironment/physiology	0.03797468354430379	32359100
ovarian neoplasms/immunology	receptors interleukin-17/metabolism	0.012658227848101264	31802182
HMGB1	diet high-fat	0.07497565725413827	30755716
interleukin-17/genetics	ovary/pathology	0.012658227848101264	31802182
ovarian neoplasms/immunology	cd36 antigens/metabolism	0.08860759493670886	31802182
CD274	cadherins/genetics	0.050632911392405056	35720420
chemokines/metabolism	apoptosis	0.012658227848101264	24844408
CD274	glioblastoma/pathology	0.050632911392405056	35720420
biomarkers/blood	breast neoplasms/metabolism	0.03797468354430379	32472095
chemokines/metabolism	lymphatic metastasis	0.012658227848101264	24844408
interleukin-17/genetics	tumor microenvironment/immunology	0.08860759493670886	31802182
mammary glands animal/metabolism	DCN	0.012658227848101264	32359100
t-lymphocytes regulatory/immunology	PTPN6	0.012658227848101264	39753138
biomarkers/blood	adiponectin/blood	0.012658227848101264	32472095
interleukin-17/genetics	disease progression	0.07594936708860758	31802182
chemokines/metabolism	CCL2	0.06329113924050632	24844408
t-lymphocytes regulatory/immunology	IL10	0.050632911392405056	39753138
ROS1	selenomethionine/pharmacology	0.10126582278481011	39700767
ROS1	polysaccharides/pharmacology	0.10126582278481011	40752796
chemokines/metabolism	CCR7	0.012658227848101264	24844408
ROS1	herbicides/toxicity	0.10126582278481011	40451026
ROS1	malondialdehyde/metabolism	0.19344368711457316	40451026
chemokines/metabolism	CCL21	0.012658227848101264	24844408
tumor microenvironment/genetics	chemokine ccl2/metabolism	0.012658227848101264	38351345
ROS1	chondrocytes/drug effects	0.10126582278481011	39700767
chemokines/metabolism	FLT4	0.012658227848101264	24844408
ovarian neoplasms/immunology	FABP4	0.012658227848101264	31802182
chemokines/metabolism	KDR	0.012658227848101264	24844408
HMGB1	neoplasm metastasis	0.12333657903278158	30755716
ROS1	chalcones/toxicity	0.10126582278481011	38581191
ROS1	beclin-1/metabolism	0.10126582278481011	40451026
biomarkers/blood	hepatocyte growth factor/blood	0.012658227848101264	32472095
ROS1	24-dichlorophenoxyacetic acid/toxicity	0.10126582278481011	40451026
chemokines/metabolism	CCL19	0.012658227848101264	24844408
tumor microenvironment/genetics	carcinoma hepatocellular/pathology	0.025316455696202528	38351345
reactive oxygen species/metabolism	asparaginase	0.13924050632911392	35778693
CD44	lipoproteins ldl	0.025316455696202528	36160648
HMGB1	anti-inflammatory agents/pharmacology	0.025316455696202528	30755716
ROS1	embryo nonmammalian/drug effects	0.10126582278481011	38581191
ROS1	kidney/drug effects	0.10126582278481011	40752796
reactive oxygen species/metabolism	interferon-gamma/immunology	0.13924050632911392	31043744
reactive oxygen species/metabolism	gold/chemistry	0.13924050632911392	33236624
chemokines/metabolism	CSF1	0.03797468354430379	24844408
ovarian neoplasms/immunology	IL17RA	0.012658227848101264	31802182
ROS1	membrane potential mitochondrial/drug effects	0.10126582278481011	38581191
reactive oxygen species/metabolism	cell line tumor	0.6679948087062748	31043744
reactive oxygen species/metabolism	cell line tumor	0.6679948087062748	40451026
reactive oxygen species/metabolism	cell line tumor	0.6679948087062748	33691090
reactive oxygen species/metabolism	cell line tumor	0.6679948087062748	33236624
tumor microenvironment/genetics	periostin	0.012658227848101264	38351345
ROS1	cartilage articular/drug effects	0.10126582278481011	39700767
ROS1	diabetic nephropathies/drug therapy	0.10126582278481011	40752796
CD44	nitric oxide synthase type ii/metabolism	0.025316455696202528	36160648
ROS1	t-2 toxin/toxicity	0.10126582278481011	39700767
tumor microenvironment/genetics	cd36 antigens/metabolism	0.08860759493670886	38351345
interleukin-17/genetics	receptors interleukin-17/metabolism	0.012658227848101264	31802182
ROS1	chemical and drug induced liver injury/metabolism	0.10126582278481011	38581191
reactive oxygen species/metabolism	cell line	0.6655652741440299	40724917
tumor microenvironment/genetics	endothelial progenitor cells/metabolism	0.012658227848101264	38351345
interleukin-17/genetics	cd36 antigens/metabolism	0.08860759493670886	31802182
reactive oxygen species/metabolism	HMOX1	0.017851346965271013	39276841
reactive oxygen species/metabolism	HMOX1	0.017851346965271013	33547170
ROS1	LPO	0.10126582278481011	40752796
reactive oxygen species/metabolism	CCK	0.3662539991653916	35778693
ROS1	BECN1	0.10126582278481011	40451026
ROS1	TNMD	0.10126582278481011	40451026
ROS1	ATP8A2	0.10126582278481011	38581191
reactive oxygen species/metabolism	CD36	0.8303575716506116	33691090
ROS1	TFRC	0.19344368711457316	40451026
tumor microenvironment/genetics	CCL2	0.06329113924050632	38351345
reactive oxygen species/metabolism	SLC9A1	0.2606296656929568	31043744
ROS1	CYLD	0.10126582278481011	40451026
tumor microenvironment/genetics	NFKB1	0.07594936708860758	38351345
reactive oxygen species/metabolism	TP53	0.13999555851654447	33547170
reactive oxygen species/metabolism	TP53	0.13999555851654447	35778693
HMGB1	CCL2	0.12333657903278158	30755716
reactive oxygen species/metabolism	FTH1	0.5374766028996542	40724917
HMGB1	NFKB1	0.14703018500486856	30755716
biomarkers/blood	HGF	0.025316455696202528	32472095
reactive oxygen species/metabolism	SLC7A11	0.0061591851330048365	31043744
reactive oxygen species/metabolism	SLC7A11	0.0061591851330048365	35778693
reactive oxygen species/metabolism	SLC7A11	0.0061591851330048365	39276841
reactive oxygen species/metabolism	SLC7A11	0.0061591851330048365	40451026
reactive oxygen species/metabolism	SLC7A11	0.0061591851330048365	40724917
SLC7A11	receptors transferrin/metabolism	0.13924050632911392	39276841
biomarkers/blood	NFKB1	0.07594936708860758	32472095
reactive oxygen species/metabolism	CHRM1	0.4579803940230322	33236624
SLC7A11	cyclohexylamines	0.13924050632911392	39212400
tumor microenvironment/genetics	CCR2	0.025316455696202528	38351345
reactive oxygen species/metabolism	PDCD1	0.6062300808470029	33691090
lipoproteins ldl	nitric oxide synthase type ii/metabolism	0.012658227848101264	36160648
SLC7A11	polysaccharides/pharmacology	0.13924050632911392	40752796
S100A4	CD8A	0.1012658227848101	33277233
tumor microenvironment/genetics	CXCL8	0.025316455696202528	38351345
SLC7A11	herbicides/toxicity	0.13924050632911392	40451026
CD44	mannose receptor	0.025316455696202528	36160648
biomarkers/blood	EGF	0.012658227848101264	32472095
reactive oxygen species/metabolism	GPX4	0.008581889180573905	35778693
reactive oxygen species/metabolism	GPX4	0.008581889180573905	39276841
reactive oxygen species/metabolism	GPX4	0.008581889180573905	40451026
reactive oxygen species/metabolism	GPX4	0.008581889180573905	40136245
reactive oxygen species/metabolism	GPX4	0.008581889180573905	33926261
reactive oxygen species/metabolism	GPX4	0.008581889180573905	40724917
reactive oxygen species/metabolism	GPX4	0.008581889180573905	32778843
SLC7A11	leydig cells/metabolism	0.13924050632911392	39212400
SLC7A11	malondialdehyde/metabolism	0.017851346965271013	39212400
SLC7A11	malondialdehyde/metabolism	0.017851346965271013	40451026
interleukin-17/genetics	FABP4	0.012658227848101264	31802182
reactive oxygen species/metabolism	ROS1	0.3079059145480618	40451026
reactive oxygen species/metabolism	ROS1	0.3079059145480618	33926261
ovarian neoplasms/immunology	IL17A	0.03797468354430379	31802182
S100A4	AIFM2	0.012658227848101264	33277233
SLC7A11	aging/metabolism	0.13924050632911392	40724917
reactive oxygen species/metabolism	ATG5	0.13924050632911392	33926261
biomarkers/blood	LEP	0.025316455696202528	32472095
SLC7A11	superoxide dismutase/metabolism	0.13924050632911392	39212400
tumor microenvironment/genetics	POSTN	0.012658227848101264	38351345
CD44	colorectal neoplasms/metabolism	0.025316455696202528	36160648
reactive oxygen species/metabolism	SLC3A2	0.13924050632911392	31043744
RPL17-C18orf32	RPL17	3.59760519653924e-09	38301989
RPL17-C18orf32	RPL17	3.59760519653924e-09	39321806
RPL17-C18orf32	RPL17	3.59760519653924e-09	34985903
RPL17-C18orf32	RPL17	3.59760519653924e-09	34093872
RPL17-C18orf32	RPL17	3.59760519653924e-09	33691090
RPL17-C18orf32	RPL17	3.59760519653924e-09	35238098
SLC7A11	eye proteins/chemistry	0.13924050632911392	40703032
reactive oxygen species/metabolism	XK	0.13924050632911392	35778693
RPL17-C18orf32	MRLN	0.275587836547197	34093872
SLC7A11	antioxidants/metabolism	0.13924050632911392	40724917
RPL17-C18orf32	CTLA4	0.07594936708860758	34093872
CD274	SERPINE1	0.050632911392405056	35720420
SLC7A11	nerve growth factors/chemistry	0.13924050632911392	40703032
biomarkers/blood	JUN	0.012658227848101264	32472095
reactive oxygen species/metabolism	ASAH2	0.13924050632911392	33547170
SLC7A11	neurons/metabolism	0.13924050632911392	40724917
reactive oxygen species/metabolism	TF	0.2606296656929568	40451026
SLC7A11	folic acid/pharmacology	0.13924050632911392	40724917
biomarkers/blood	MAPK8	0.025316455696202528	32472095
reactive oxygen species/metabolism	CD8A	0.3079059145480618	31043744
reactive oxygen species/metabolism	CD8A	0.3079059145480618	33691090
CD44	hyperlipidemias	0.025316455696202528	36160648
biomarkers/blood	ADIPOQ	0.012658227848101264	32472095
SLC7A11	chalcones/toxicity	0.13924050632911392	38581191
RPL17-C18orf32	obesity/metabolism	0.14703018500486853	35238098
SLC7A11	retinal pigment epithelium/metabolism	0.13924050632911392	40703032
lipoproteins ldl	mannose receptor	0.012658227848101264	36160648
tumor-associated macrophages/drug effects	TGFB1	0.08860759493670886	34991659
reactive oxygen species/metabolism	ASPG	0.13924050632911392	35778693
HMGB1	IRF6	0.025316455696202528	30755716
inflammation/genetics	cell proliferation	0.1012658227848101	24156623
SLC7A11	iodates/toxicity	0.13924050632911392	40703032
tumor-associated macrophages/drug effects	HLF	0.012658227848101264	34991659
reactive oxygen species/metabolism	NLRP1	0.13924050632911392	35778693
CD44	diet high-fat/adverse effects	0.07497565725413827	36160648
interleukin-17/genetics	IL17RA	0.012658227848101264	31802182
HMGB1	S100A8	0.05030834144758196	30755716
SLC7A11	spiral ganglion/drug effects	0.13924050632911392	39276841
reactive oxygen species/metabolism	RPL17-C18orf32	0.6062300808470029	33691090
reactive oxygen species/metabolism	RPL17	0.6062300808470029	33691090
SLC7A11	testosterone	0.13924050632911392	39212400
reactive oxygen species/metabolism	MRLN	0.4579803940230322	33236624
SLC7A11	beclin-1/metabolism	0.13924050632911392	40451026
RPL17-C18orf32	interleukins/metabolism	0.07594936708860758	39321806
lipoproteins ldl	colorectal neoplasms/metabolism	0.012658227848101264	36160648
SLC7A11	retinal degeneration/chemically induced	0.13924050632911392	40703032
tumor-associated macrophages/drug effects	STAT3	0.07594936708860758	34991659
SLC7A11	neurons/drug effects	0.3662539991653916	39276841
inflammation/genetics	hormones/blood	0.012658227848101264	24156623
CD44	scavenger receptors class e/genetics	0.025316455696202528	36160648
SLC7A11	24-dichlorophenoxyacetic acid/toxicity	0.13924050632911392	40451026
inflammation/genetics	sexual maturation	0.012658227848101264	24156623
HMGB1	TNF	0.14703018500486856	30755716
SLC7A11	phenylenediamines	0.13924050632911392	39212400
lipoproteins ldl	hyperlipidemias	0.012658227848101264	36160648
SLC7A11	embryo nonmammalian/drug effects	0.13924050632911392	38581191
SLC7A11	kidney/drug effects	0.13924050632911392	40752796
tumor-associated macrophages/drug effects	SMAD3	0.012658227848101264	34991659
SLC7A11	cystine/metabolism	0.13924050632911392	40724917
osteoclasts/cytology	cathepsin k/metabolism	0.012658227848101264	25802102
SLC7A11	serpins/chemistry	0.13924050632911392	40703032
lipoproteins ldl	diet high-fat/adverse effects	0.03797468354430379	36160648
SLC7A11	drugs chinese herbal/pharmacology	0.13924050632911392	39212400
inflammation/genetics	diet high-fat	0.03797468354430379	24156623
SLC7A11	hydrogen peroxide	0.13924050632911392	39212400
SLC7A11	membrane potential mitochondrial/drug effects	0.13924050632911392	38581191
RPL17-C18orf32	tumor escape/immunology	0.07594936708860758	39321806
SLC7A11	diabetic nephropathies/drug therapy	0.13924050632911392	40752796
palmitic acid/metabolism	interleukin-17/genetics	0.012658227848101264	31802182
lipoproteins ldl	scavenger receptors class e/genetics	0.012658227848101264	36160648
SLC7A11	chemical and drug induced liver injury/metabolism	0.13924050632911392	38581191
autophagy	neoplasms/metabolism	0.025316455696202528	21566463
SLC7A11	organometallic compounds/toxicity	0.13924050632911392	39276841
interleukin-17/genetics	IL17A	0.03797468354430379	31802182
RPL17-C18orf32	liver neoplasms/immunology	0.07594936708860758	39321806
autophagy	growth differentiation factor 15/genetics	0.025316455696202528	33346004
SLC7A11	SERPINF1	0.13924050632911392	40703032
tumor-associated macrophages/drug effects	JAK2	0.012658227848101264	34991659
osteoclasts/cytology	bone marrow/metabolism	0.012658227848101264	25802102
SLC7A11	LPO	0.13924050632911392	40752796
inflammation/genetics	breast neoplasms/etiology	0.012658227848101264	24156623
SLC7A11	BECN1	0.13924050632911392	40451026
autophagy	hepatic stellate cells/metabolism	0.05030834144758196	33346004
RPL17-C18orf32	tumor-associated macrophages/immunology	0.14703018500486853	39321806
SLC7A11	TNMD	0.13924050632911392	40451026
tumor-associated macrophages/drug effects	IL6	0.11392405063291138	34991659
SLC7A11	ATP8A2	0.13924050632911392	38581191
SLC7A11	TFRC	0.017851346965271013	39276841
SLC7A11	TFRC	0.017851346965271013	40451026
osteoclasts/cytology	chemokine cxcl1/metabolism	0.012658227848101264	25802102
SLC7A11	CYLD	0.13924050632911392	40451026
osteoclasts/cytology	prostatic neoplasms/pathology	0.03797468354430379	25802102
palmitic acid/metabolism	recombinant proteins/metabolism	0.012658227848101264	31802182
palmitic acid/metabolism	fatty acid-binding proteins/metabolism	0.012658227848101264	31802182
SLC7A11	NCOA4	0.2606296656929568	39276841
CD44	PROM1	0.025316455696202528	36160648
SLC7A11	TPM3	0.13924050632911392	39212400
RPL17-C18orf32	drugs chinese herbal	0.07594936708860758	35238098
CD274	PDCD1LG2	0.050632911392405056	35720420
CD44	MRC1	0.05030834144758196	36160648
CHRM1	GSK3B	0.050632911392405056	34093872
interleukin-12/metabolism	tumor microenvironment/immunology	0.08860759493670886	30535532
CHRM1	PDCD1	0.2755878365471969	34093872
tumor-associated macrophages/drug effects	GGT1	0.012658227848101264	34991659
RPL17-C18orf32	cell proliferation	0.4847545849544516	38301989
CHRM1	HMGB1	0.09931840311587149	30755716
autophagy	cell proliferation	0.19344368711457316	33346004
CD274	FAT1	0.050632911392405056	35720420
osteoclasts/cytology	adipocytes/metabolism	0.050632911392405056	25802102
autophagy	carcinoma hepatocellular/genetics	0.05030834144758196	33346004
CHRM1	PRKAA1	0.050632911392405056	34093872
RPL17-C18orf32	diterpenes	0.07594936708860758	35238098
CHRM1	GABPA	0.050632911392405056	34093872
osteoclasts/cytology	obesity	0.012658227848101264	25802102
GPX4	FN1	0.27848101265822783	34811833
CHRM1	MTOR	0.050632911392405056	34093872
GPX4	ATL1	0.27848101265822783	33277233
GPX4	ACSL3	0.27848101265822783	32814895
osteoclasts/cytology	chemokine cxcl2/metabolism	0.012658227848101264	25802102
lipoproteins ldl	PROM1	0.012658227848101264	36160648
GPX4	ROS1	0.00038486953694167144	31775041
GPX4	ROS1	0.00038486953694167144	38581191
GPX4	ROS1	0.00038486953694167144	40451026
GPX4	ROS1	0.00038486953694167144	33926261
GPX4	ROS1	0.00038486953694167144	34811833
GPX4	ROS1	0.00038486953694167144	40752796
GPX4	ROS1	0.00038486953694167144	39700767
CHRM1	BTRC	0.050632911392405056	34093872
GPX4	S100A4	0.27848101265822783	33277233
GPX4	ATG5	0.27848101265822783	33926261
lipoproteins ldl	MRC1	0.025316455696202528	36160648
CHRM1	PRKAA2	0.050632911392405056	34093872
RPL17-C18orf32	cellular reprogramming/immunology	0.07594936708860758	39321806
osteoclasts/cytology	bone marrow cells/metabolism	0.012658227848101264	25802102
RPL17-C18orf32	hepatitis a virus cellular receptor 2/metabolism	0.07594936708860758	35238098
GPX4	TLR4	0.6299902629016554	35197507
palmitic acid/metabolism	stat3 transcription factor/metabolism	0.06329113924050632	31802182
osteoclasts/cytology	bone neoplasms/secondary	0.012658227848101264	25802102
GPX4	XK	0.27848101265822783	35778693
CHRM1	CD274	0.19104879131528035	34093872
osteoclasts/cytology	cell differentiation	0.03797468354430379	25802102
RPL17-C18orf32	tumor microenvironment/immunology	0.43791409267758374	39321806
GPX4	MMRN1	0.27848101265822783	34811833
GPX4	NFE2L2	0.06329113924050632	39287745
GPX4	NFE2L2	0.06329113924050632	40752796
GPX4	NFE2L2	0.06329113924050632	34717678
inflammation/genetics	HGF	0.025316455696202528	24156623
osteoclasts/cytology	osteolysis/pathology	0.012658227848101264	25802102
CHRM1	NFE2L2	0.19104879131528035	34093872
palmitic acid/metabolism	cell proliferation	0.1012658227848101	31802182
GPX4	TF	0.4819863680623173	40451026
interleukin-12/metabolism	CD4	0.012658227848101264	30535532
GPX4	CD8A	0.9366619957915259	33277233
GPX4	PLEKHM1	0.27848101265822783	31775041
palmitic acid/metabolism	adipocytes/immunology	0.012658227848101264	31802182
inflammation/genetics	NFKB1	0.07594936708860758	24156623
CHRM1	CD8A	0.35332156184921015	34093872
autophagy	fibroblasts/metabolism	0.025316455696202528	21566463
GPX4	KDM8	0.27848101265822783	33311482
GPX4	SPANXB1	0.27848101265822783	31775041
interleukin-12/metabolism	CSF3	0.012658227848101264	30535532
GPX4	HIF1A	0.27848101265822783	34811833
GPX4	ASPG	0.27848101265822783	35778693
RPL17-C18orf32	colorectal neoplasms/drug therapy	0.07594936708860758	35238098
CHRM1	PRKAB1	0.050632911392405056	34093872
GPX4	NLRP1	0.27848101265822783	35778693
mesenchymal stem cells	nanog homeobox protein/genetics	0.012658227848101264	31637575
GPX4	AIFM2	0.27848101265822783	33277233
protease inhibitors/pharmacology	carcinoma hepatocellular/drug therapy	0.012658227848101264	31257391
CHRM1	RPL17-C18orf32	0.2755878365471969	34093872
GPX4	STING1	0.27848101265822783	33311482
osteoclasts/cytology	CBX8	0.012658227848101264	25802102
palmitic acid/metabolism	ovary/pathology	0.012658227848101264	31802182
CHRM1	RPL17	0.2755878365471969	34093872
autophagy	cytokines/biosynthesis	0.025316455696202528	21566463
osteoclasts/cytology	ACTR1B	0.012658227848101264	25802102
CHRM1	MRLN	6.655569613597595e-07	34093872
CHRM1	MRLN	6.655569613597595e-07	30755716
CHRM1	MRLN	6.655569613597595e-07	33236624
CHRM1	MRLN	6.655569613597595e-07	31257391
osteoclasts/cytology	BTG2	0.012658227848101264	25802102
CHRM1	CTLA4	0.050632911392405056	34093872
autophagy	hypoxia	0.025316455696202528	21566463
osteoclasts/cytology	PCSK1	0.012658227848101264	25802102
RPL17-C18orf32	neoplastic stem cells/immunology	0.07594936708860758	39321806
palmitic acid/metabolism	tumor microenvironment/immunology	0.08860759493670886	31802182
autophagy	cell communication	0.025316455696202528	21566463
osteoclasts/cytology	CXCR2	0.012658227848101264	25802102
RPL17-C18orf32	metabolic reprogramming	0.07594936708860758	38301989
RPL17-C18orf32	carcinoma hepatocellular/pathology	0.14703018500486853	38301989
autophagy	caveolin 1/deficiency	0.025316455696202528	21566463
palmitic acid/metabolism	disease progression	0.07594936708860758	31802182
osteoclasts/cytology	KRT6A	0.012658227848101264	25802102
protease inhibitors/pharmacology	immunity innate	0.025316455696202528	31257391
RPL17-C18orf32	tumor necrosis factor-alpha/metabolism	0.21349536539409958	35238098
osteoclasts/cytology	CXCL1	0.012658227848101264	25802102
interleukin-12/metabolism	PTPRC	0.012658227848101264	30535532
interleukin-12/metabolism	IL10	0.050632911392405056	30535532
CHRM1	protease inhibitors/pharmacology	0.050632911392405056	31257391
protease inhibitors/pharmacology	stem cell factor/metabolism	0.012658227848101264	31257391
CHRM1	carcinoma hepatocellular/drug therapy	0.050632911392405056	31257391
GPX4	hep g2 cells	0.4819863680623173	38581191
osteoclasts/cytology	CXCL2	0.012658227848101264	25802102
mesenchymal stem cells	cell proliferation	0.1012658227848101	31637575
CHRM1	phenotype	0.09931840311587149	30755716
RPL17-C18orf32	cell differentiation	0.21349536539409958	35238098
autophagy	autophagy-related protein 7/genetics	0.025316455696202528	33346004
RPL17-C18orf32	cd36 antigens/metabolism	0.43791409267758374	39321806
inflammation/genetics	TNFSF11	0.012658227848101264	24156623
RPL17-C18orf32	cancer-associated fibroblasts/pathology	0.07594936708860758	38301989
autophagy	paracrine communication	0.05030834144758196	33346004
CHRM1	glycyrrhizic acid/pharmacology	0.050632911392405056	30755716
RPL17-C18orf32	cd8-positive t-lymphocytes	0.07594936708860758	35238098
JAK2	IL6	0.11392405063291138	34991659
mesenchymal stem cells	alpha-ketoglutarate-dependent dioxygenase fto/metabolism	0.025316455696202528	31637575
RPL17-C18orf32	ARHGEF5	0.07594936708860758	35238098
RPL17-C18orf32	FAP	0.07594936708860758	38301989
recombinant proteins/metabolism	fatty acid-binding proteins/metabolism	0.012658227848101264	31802182
protease inhibitors/pharmacology	macrophages/immunology	0.050632911392405056	31257391
autophagy	NFKB1	0.14703018500486856	21566463
capillary permeability	inflammation mediators/metabolism	0.03797468354430379	26208571
RPL17-C18orf32	CCL2	0.33354080962342125	35238098
palmitic acid/metabolism	receptors interleukin-17/metabolism	0.012658227848101264	31802182
protease inhibitors/pharmacology	plant extracts/pharmacology	0.012658227848101264	31257391
RPL17-C18orf32	TPI1	0.07594936708860758	35238098
palmitic acid/metabolism	cd36 antigens/metabolism	0.08860759493670886	31802182
capillary permeability	vascular endothelial growth factor a/genetics	0.012658227848101264	26208571
JAK2	GGT1	0.012658227848101264	34991659
autophagy	GDF15	0.025316455696202528	33346004
protease inhibitors/pharmacology	tumor necrosis factor-alpha/metabolism	0.03797468354430379	31257391
protease inhibitors/pharmacology	digestion	0.012658227848101264	31257391
recombinant proteins/metabolism	stat3 transcription factor/metabolism	0.06329113924050632	31802182
capillary permeability	calgranulin a/genetics	0.012658227848101264	26208571
recombinant proteins/metabolism	cell proliferation	0.1012658227848101	31802182
CHRM1	nf-kappa b/metabolism	0.09931840311587149	30755716
recombinant proteins/metabolism	adipocytes/immunology	0.012658227848101264	31802182
protease inhibitors/pharmacology	cd36 antigens/metabolism	0.08860759493670886	31257391
protease inhibitors/pharmacology	rna messenger/metabolism	0.025316455696202528	31257391
autophagy	CSF2	0.025316455696202528	21566463
RPL17-C18orf32	CCR2	0.14703018500486853	35238098
autophagy	CXCL8	0.05030834144758196	21566463
protease inhibitors/pharmacology	gastrointestinal tract	0.012658227848101264	31257391
recombinant proteins/metabolism	ovary/pathology	0.012658227848101264	31802182
mesenchymal stem cells	sweat glands/cytology	0.012658227848101264	31637575
capillary permeability	cell proliferation	0.1012658227848101	26208571
CHRM1	immunity innate	0.09931840311587149	31257391
recombinant proteins/metabolism	tumor microenvironment/immunology	0.08860759493670886	31802182
RPL17-C18orf32	HAVCR2	0.07594936708860758	35238098
mesenchymal stem cells	tumor necrosis factor-alpha/metabolism	0.03797468354430379	31637575
capillary permeability	lung neoplasms/metabolism	0.025316455696202528	26208571
RPL17-C18orf32	HNF4A	0.07594936708860758	35238098
palmitic acid/metabolism	FABP4	0.012658227848101264	31802182
autophagy	CAV1	0.025316455696202528	21566463
capillary permeability	calgranulin b/genetics	0.012658227848101264	26208571
recombinant proteins/metabolism	disease progression	0.07594936708860758	31802182
autophagy	ATG7	0.025316455696202528	33346004
CHRM1	calgranulin a/metabolism	0.050632911392405056	30755716
RPL17-C18orf32	TCF7	0.07594936708860758	35238098
mesenchymal stem cells	cell differentiation	0.03797468354430379	31637575
CHRM1	stem cell factor/metabolism	0.050632911392405056	31257391
capillary permeability	angiopoietin-2/genetics	0.012658227848101264	26208571
mesenchymal stem cells	rna messenger/metabolism	0.025316455696202528	31637575
mesenchymal stem cells	gene expression regulation	0.012658227848101264	31637575
capillary permeability	transforming growth factor beta/metabolism	0.025316455696202528	26208571
RPL17-C18orf32	IL34	0.07594936708860758	39321806
palmitic acid/metabolism	IL17RA	0.012658227848101264	31802182
autophagy	IL10	0.09931840311587149	21566463
recombinant proteins/metabolism	receptors interleukin-17/metabolism	0.012658227848101264	31802182
RPL17-C18orf32	TNF	0.38757804127557616	35238098
protease inhibitors/pharmacology	TNF	0.07594936708860758	31257391
recombinant proteins/metabolism	cd36 antigens/metabolism	0.08860759493670886	31802182
RPL17-C18orf32	FAM126A	0.07594936708860758	38301989
RPL17-C18orf32	HNF1A	0.07594936708860758	35238098
autophagy	CCL5	0.025316455696202528	21566463
mesenchymal stem cells	NANOG	0.012658227848101264	31637575
RPL17-C18orf32	VIM	0.07594936708860758	38301989
RPL17-C18orf32	TIMELESS	0.07594936708860758	35238098
reactive oxygen species/metabolism	receptors transferrin/metabolism	0.13924050632911392	39276841
nanog homeobox protein/genetics	cell proliferation	0.1012658227848101	31637575
recombinant proteins/metabolism	FABP4	0.012658227848101264	31802182
reactive oxygen species/metabolism	herbicides/toxicity	0.13924050632911392	40451026
RPL17-C18orf32	HAVCR1	0.07594936708860758	35238098
reactive oxygen species/metabolism	malondialdehyde/metabolism	0.2606296656929568	40451026
reactive oxygen species/metabolism	aging/metabolism	0.13924050632911392	40724917
CHRM1	colon/metabolism	0.050632911392405056	30755716
reactive oxygen species/metabolism	antioxidants/metabolism	0.13924050632911392	40724917
reactive oxygen species/metabolism	neurons/metabolism	0.13924050632911392	40724917
recombinant proteins/metabolism	IL17RA	0.012658227848101264	31802182
reactive oxygen species/metabolism	folic acid/pharmacology	0.13924050632911392	40724917
reactive oxygen species/metabolism	spiral ganglion/drug effects	0.13924050632911392	39276841
reactive oxygen species/metabolism	beclin-1/metabolism	0.13924050632911392	40451026
nanog homeobox protein/genetics	alpha-ketoglutarate-dependent dioxygenase fto/metabolism	0.025316455696202528	31637575
reactive oxygen species/metabolism	dna-(apurinic or apyrimidinic site) lyase/metabolism	0.13924050632911392	40136245
capillary permeability	ANGPT2	0.012658227848101264	26208571
palmitic acid/metabolism	IL17A	0.03797468354430379	31802182
reactive oxygen species/metabolism	neurons/drug effects	0.3662539991653916	39276841
reactive oxygen species/metabolism	24-dichlorophenoxyacetic acid/toxicity	0.13924050632911392	40451026
CHRM1	diet high-fat	0.1461070574994626	30755716
capillary permeability	S100A8	0.025316455696202528	26208571
capillary permeability	S100A9	0.012658227848101264	26208571
reactive oxygen species/metabolism	cystine/metabolism	0.13924050632911392	40724917
recombinant proteins/metabolism	IL17A	0.03797468354430379	31802182
carcinoma hepatocellular/drug therapy	immunity innate	0.025316455696202528	31257391
reactive oxygen species/metabolism	organometallic compounds/toxicity	0.13924050632911392	39276841
reactive oxygen species/metabolism	APEX1	0.13924050632911392	40136245
reactive oxygen species/metabolism	BECN1	0.13924050632911392	40451026
carcinoma hepatocellular/drug therapy	stem cell factor/metabolism	0.012658227848101264	31257391
reactive oxygen species/metabolism	TNMD	0.13924050632911392	40451026
STAT3	SMAD3	0.07594936708860758	34991659
reactive oxygen species/metabolism	TFRC	0.017851346965271013	39276841
reactive oxygen species/metabolism	TFRC	0.017851346965271013	40451026
mesenchymal stem cells	TNF	0.07594936708860758	31637575
reactive oxygen species/metabolism	CYLD	0.13924050632911392	40451026
RPL17	MRLN	0.275587836547197	34093872
reactive oxygen species/metabolism	NCOA4	0.2606296656929568	39276841
CHRM1	macrophages/immunology	0.19104879131528035	31257391
RPL17	CTLA4	0.07594936708860758	34093872
mesenchymal stem cells	FTO	0.025316455696202528	31637575
nanog homeobox protein/genetics	sweat glands/cytology	0.012658227848101264	31637575
RPL17	obesity/metabolism	0.14703018500486853	35238098
nanog homeobox protein/genetics	tumor necrosis factor-alpha/metabolism	0.03797468354430379	31637575
asparaginase	CCK	0.03797468354430379	35778693
CHRM1	plant extracts/pharmacology	0.050632911392405056	31257391
STAT3	JAK2	0.07594936708860758	34991659
RPL17	interleukins/metabolism	0.07594936708860758	39321806
asparaginase	TP53	0.06329113924050632	35778693
nanog homeobox protein/genetics	cell differentiation	0.03797468354430379	31637575
STAT3	IL6	3.20330766699854e-05	34991659
STAT3	IL6	3.20330766699854e-05	30563531
STAT3	IL6	3.20330766699854e-05	32344015
STAT3	IL6	3.20330766699854e-05	37108378
STAT3	IL6	3.20330766699854e-05	32472095
carcinoma hepatocellular/drug therapy	macrophages/immunology	0.050632911392405056	31257391
asparaginase	SLC7A11	0.1392405063291139	35778693
fatty acid-binding proteins/metabolism	stat3 transcription factor/metabolism	0.06329113924050632	31802182
glycyrrhizic acid/pharmacology	nf-kappa b/metabolism	0.025316455696202528	30755716
nanog homeobox protein/genetics	rna messenger/metabolism	0.025316455696202528	31637575
CHRM1	neoplasm metastasis	0.23419285577846533	30755716
fatty acid-binding proteins/metabolism	cell proliferation	0.1012658227848101	31802182
carcinoma hepatocellular/drug therapy	plant extracts/pharmacology	0.012658227848101264	31257391
fatty acid-binding proteins/metabolism	adipocytes/immunology	0.012658227848101264	31802182
asparaginase	GPX4	0.27848101265822783	35778693
CHRM1	tumor necrosis factor-alpha/metabolism	0.1461070574994626	31257391
nanog homeobox protein/genetics	gene expression regulation	0.012658227848101264	31637575
CHRM1	digestion	0.050632911392405056	31257391
glycyrrhizic acid/pharmacology	calgranulin a/metabolism	0.012658227848101264	30755716
carcinoma hepatocellular/drug therapy	tumor necrosis factor-alpha/metabolism	0.03797468354430379	31257391
carcinoma hepatocellular/drug therapy	digestion	0.012658227848101264	31257391
fatty acid-binding proteins/metabolism	ovary/pathology	0.012658227848101264	31802182
STAT3	GGT1	0.07594936708860758	34991659
nitric oxide synthase type ii/metabolism	mannose receptor	0.012658227848101264	36160648
asparaginase	XK	0.012658227848101264	35778693
fatty acid-binding proteins/metabolism	tumor microenvironment/immunology	0.08860759493670886	31802182
RPL17	tumor escape/immunology	0.07594936708860758	39321806
carcinoma hepatocellular/drug therapy	cd36 antigens/metabolism	0.08860759493670886	31257391
carcinoma hepatocellular/drug therapy	rna messenger/metabolism	0.025316455696202528	31257391
fatty acid-binding proteins/metabolism	disease progression	0.07594936708860758	31802182
STAT3	janus kinases/metabolism	0.07594936708860758	30563531
cytokines/analysis	pten phosphohydrolase/deficiency	0.012658227848101264	29777149
CHRM1	anti-inflammatory agents/pharmacology	0.050632911392405056	30755716
STAT3	non-alcoholic fatty liver disease/genetics	0.14703018500486853	37108378
cytokines/analysis	breast neoplasms/metabolism	0.03797468354430379	29777149
carcinoma hepatocellular/drug therapy	gastrointestinal tract	0.012658227848101264	31257391
nanog homeobox protein/genetics	NANOG	0.012658227848101264	31637575
glycyrrhizic acid/pharmacology	colon/metabolism	0.012658227848101264	30755716
asparaginase	ASPG	0.012658227848101264	35778693
RPL17	liver neoplasms/immunology	0.07594936708860758	39321806
asparaginase	NLRP1	0.012658227848101264	35778693
CHRM1	cd36 antigens/metabolism	0.315281653722693	31257391
CHRM1	rna messenger/metabolism	0.09931840311587149	31257391
glycyrrhizic acid/pharmacology	diet high-fat	0.03797468354430379	30755716
GPX4	receptors transferrin/metabolism	0.27848101265822783	39276841
nitric oxide synthase type ii/metabolism	colorectal neoplasms/metabolism	0.012658227848101264	36160648
RPL17	tumor-associated macrophages/immunology	0.14703018500486853	39321806
GPX4	selenomethionine/pharmacology	0.27848101265822783	39700767
GPX4	carbolines	0.27848101265822783	39287745
GPX4	cyclohexylamines	0.27848101265822783	39212400
GPX4	polysaccharides/pharmacology	0.27848101265822783	40752796
STAT3	obesity/chemically induced	0.07594936708860758	32472095
GPX4	herbicides/toxicity	0.27848101265822783	40451026
GPX4	leydig cells/metabolism	0.27848101265822783	39212400
GPX4	malondialdehyde/metabolism	0.07497565725413827	39212400
GPX4	malondialdehyde/metabolism	0.07497565725413827	40451026
GPX4	glucose/deficiency	0.27848101265822783	39287745
GPX4	chondrocytes/drug effects	0.27848101265822783	39700767
CHRM1	gastrointestinal tract	0.050632911392405056	31257391
fatty acid-binding proteins/metabolism	receptors interleukin-17/metabolism	0.012658227848101264	31802182
GPX4	aging/metabolism	0.27848101265822783	40724917
fatty acid-binding proteins/metabolism	cd36 antigens/metabolism	0.08860759493670886	31802182
GPX4	superoxide dismutase/metabolism	0.27848101265822783	39212400
RPL17	drugs chinese herbal	0.07594936708860758	35238098
STAT3	tumor microenvironment/genetics	0.07594936708860758	38351345
GPX4	nf-e2-related factor 2/metabolism	0.27848101265822783	39287745
obesity/chemically induced	biomarkers/blood	0.012658227848101264	32472095
GPX4	eye proteins/chemistry	0.27848101265822783	40703032
GPX4	antioxidants/metabolism	0.27848101265822783	40724917
GPX4	nerve growth factors/chemistry	0.27848101265822783	40703032
glycyrrhizic acid/pharmacology	neoplasm metastasis	0.06329113924050632	30755716
nitric oxide synthase type ii/metabolism	hyperlipidemias	0.012658227848101264	36160648
GPX4	neurons/metabolism	0.27848101265822783	40724917
RPL17	cell proliferation	0.4847545849544516	38301989
obesity/chemically induced	breast neoplasms/metabolism	0.03797468354430379	32472095
GPX4	folic acid/pharmacology	0.27848101265822783	40724917
GPX4	aminopyridines/pharmacology	0.27848101265822783	39287745
GPX4	cyclic nucleotide phosphodiesterases type 4/metabolism	0.27848101265822783	39287745
GPX4	chalcones/toxicity	0.27848101265822783	38581191
carcinoma hepatocellular/drug therapy	TNF	0.07594936708860758	31257391
glycyrrhizic acid/pharmacology	anti-inflammatory agents/pharmacology	0.012658227848101264	30755716
GPX4	retinal pigment epithelium/metabolism	0.27848101265822783	40703032
GPX4	iodates/toxicity	0.27848101265822783	40703032
RPL17	diterpenes	0.07594936708860758	35238098
GPX4	spiral ganglion/drug effects	0.27848101265822783	39276841
fatty acid-binding proteins/metabolism	FABP4	0.012658227848101264	31802182
GPX4	testosterone	0.27848101265822783	39212400
CHRM1	CCL2	0.23419285577846533	30755716
GPX4	beclin-1/metabolism	0.27848101265822783	40451026
nitric oxide synthase type ii/metabolism	diet high-fat/adverse effects	0.03797468354430379	36160648
CHRM1	NFKB1	0.2755878365471969	30755716
GPX4	dna-(apurinic or apyrimidinic site) lyase/metabolism	0.27848101265822783	40136245
GPX4	retinal degeneration/chemically induced	0.27848101265822783	40703032
STAT3	biomarkers/blood	0.07594936708860758	32472095
GPX4	neurons/drug effects	0.01947419668938656	39287745
GPX4	neurons/drug effects	0.01947419668938656	40570981
GPX4	neurons/drug effects	0.01947419668938656	39276841
GPX4	reperfusion injury/pathology	0.27848101265822783	39287745
GPX4	24-dichlorophenoxyacetic acid/toxicity	0.27848101265822783	40451026
obesity/chemically induced	adiponectin/blood	0.012658227848101264	32472095
GPX4	benzamides/pharmacology	0.27848101265822783	39287745
RPL17	cellular reprogramming/immunology	0.07594936708860758	39321806
GPX4	brain ischemia/pathology	0.27848101265822783	39287745
glycyrrhizic acid/pharmacology	CCL2	0.06329113924050632	30755716
cytokines/analysis	docosahexaenoic acids/analysis	0.012658227848101264	29777149
glycyrrhizic acid/pharmacology	NFKB1	0.07594936708860758	30755716
GPX4	phenylenediamines	0.27848101265822783	39212400
RPL17	hepatitis a virus cellular receptor 2/metabolism	0.07594936708860758	35238098
STAT3	breast neoplasms/metabolism	0.21349536539409958	32472095
GPX4	embryo nonmammalian/drug effects	0.27848101265822783	38581191
fatty acid-binding proteins/metabolism	IL17RA	0.012658227848101264	31802182
GPX4	kidney/drug effects	0.27848101265822783	40752796
nanog homeobox protein/genetics	TNF	0.07594936708860758	31637575
GPX4	cystine/metabolism	0.27848101265822783	40724917
RPL17	tumor microenvironment/immunology	0.43791409267758374	39321806
GPX4	serpins/chemistry	0.27848101265822783	40703032
GPX4	drugs chinese herbal/pharmacology	0.27848101265822783	39212400
GPX4	hydrogen peroxide	0.27848101265822783	39212400
nanog homeobox protein/genetics	FTO	0.025316455696202528	31637575
STAT3	proto-oncogene proteins c-akt/metabolism	0.07594936708860758	30563531
GPX4	membrane potential mitochondrial/drug effects	0.27848101265822783	38581191
PRKAB1	RPL17-C18orf32	0.07594936708860758	34093872
nitric oxide synthase type ii/metabolism	scavenger receptors class e/genetics	0.012658227848101264	36160648
PRKAB1	RPL17	0.07594936708860758	34093872
GPX4	selenium/chemistry	0.27848101265822783	40570981
PRKAB1	MRLN	0.050632911392405056	34093872
GPX4	cartilage articular/drug effects	0.27848101265822783	39700767
PRKAB1	CTLA4	0.012658227848101264	34093872
GPX4	diabetic nephropathies/drug therapy	0.27848101265822783	40752796
GPX4	t-2 toxin/toxicity	0.27848101265822783	39700767
GPX4	chemical and drug induced liver injury/metabolism	0.27848101265822783	38581191
GPX4	phosphodiesterase 4 inhibitors/pharmacology	0.27848101265822783	39287745
cytokines/analysis	tumor suppressor protein p53/deficiency	0.012658227848101264	29777149
GPX4	organometallic compounds/toxicity	0.27848101265822783	39276841
GPX4	APEX1	0.27848101265822783	40136245
RPL17	colorectal neoplasms/drug therapy	0.07594936708860758	35238098
GPX4	SERPINF1	0.27848101265822783	40703032
glycyrrhizic acid/pharmacology	IRF6	0.012658227848101264	30755716
cytokines/analysis	disease progression	0.07594936708860758	29777149
GPX4	LPO	0.27848101265822783	40752796
glycyrrhizic acid/pharmacology	S100A8	0.025316455696202528	30755716
GPX4	PDE4B	0.27848101265822783	39287745
GPX4	BECN1	0.27848101265822783	40451026
fatty acid-binding proteins/metabolism	IL17A	0.03797468354430379	31802182
STAT3	lipid metabolism/physiology	0.07594936708860758	37108378
GPX4	TNMD	0.27848101265822783	40451026
GPX4	PDE4A	0.27848101265822783	39287745
chemokine cxcl13/metabolism	interleukin-10/metabolism	0.012658227848101264	39753138
STAT3	adiponectin/blood	0.07594936708860758	32472095
GPX4	ATP8A2	0.27848101265822783	38581191
GPX4	TFRC	0.07497565725413827	39276841
GPX4	TFRC	0.07497565725413827	40451026
GPX4	CYLD	0.27848101265822783	40451026
glycyrrhizic acid/pharmacology	TNF	0.07594936708860758	30755716
GPX4	FGFR1	0.27848101265822783	39287745
STAT3	cytokines/blood	0.21349536539409958	32344015
GPX4	NCOA4	0.07497565725413827	39287745
GPX4	NCOA4	0.07497565725413827	39276841
RPL17	neoplastic stem cells/immunology	0.07594936708860758	39321806
GPX4	TPM3	0.27848101265822783	39212400
chemokine cxcl13/metabolism	t-lymphocytes regulatory/immunology	0.012658227848101264	39753138
PRKAA1	GABPA	0.012658227848101264	34093872
PRKAA1	MTOR	0.012658227848101264	34093872
RPL17	metabolic reprogramming	0.07594936708860758	38301989
STAT3	pancreatic neoplasms/immunology	0.07594936708860758	32344015
RPL17	carcinoma hepatocellular/pathology	0.14703018500486853	38301989
inflammation mediators/blood	rna small interfering/genetics	0.012658227848101264	28249896
PRKAA1	BTRC	0.012658227848101264	34093872
chemokine cxcl13/metabolism	immunity innate	0.025316455696202528	39753138
PRKAA1	PRKAA2	0.012658227848101264	34093872
STAT3	interleukin-6/metabolism	0.21349536539409958	30563531
CHRM1	IRF6	0.050632911392405056	30755716
PRKAA1	CD274	0.050632911392405056	34093872
RPL17	tumor necrosis factor-alpha/metabolism	0.21349536539409958	35238098
STAT3	cachexia/immunology	0.07594936708860758	32344015
chemokine cxcl13/metabolism	b-lymphocytes/immunology	0.012658227848101264	39753138
CHRM1	S100A8	0.09931840311587149	30755716
obesity/chemically induced	hepatocyte growth factor/blood	0.012658227848101264	32472095
STAT3	stat3 transcription factor/metabolism	0.043775944242300004	37108378
STAT3	stat3 transcription factor/metabolism	0.043775944242300004	30563531
PRKAA1	NFE2L2	0.050632911392405056	34093872
PRKAA1	CD8A	0.1012658227848101	34093872
chemokine cxcl13/metabolism	extracellular traps/immunology	0.012658227848101264	39753138
vascular endothelial growth factor a/genetics	calgranulin a/genetics	0.012658227848101264	26208571
RPL17	cell differentiation	0.21349536539409958	35238098
PRKAA1	PRKAB1	0.012658227848101264	34093872
STAT3	perilipin-5/genetics	0.07594936708860758	37108378
PRKAA1	RPL17-C18orf32	0.07594936708860758	34093872
PRKAA1	RPL17	0.07594936708860758	34093872
RPL17	cd36 antigens/metabolism	0.43791409267758374	39321806
PRKAA1	MRLN	0.050632911392405056	34093872
STAT3	carcinoma hepatocellular/genetics	0.14703018500486853	37108378
PRKAA1	CTLA4	0.012658227848101264	34093872
RPL17	cancer-associated fibroblasts/pathology	0.07594936708860758	38301989
chemokine cxcl13/metabolism	ovarian neoplasms/pathology	0.012658227848101264	39753138
CHRM1	TNF	0.027217951934807364	30755716
CHRM1	TNF	0.027217951934807364	31257391
vascular endothelial growth factor a/genetics	cell proliferation	0.1012658227848101	26208571
RPL17	cd8-positive t-lymphocytes	0.07594936708860758	35238098
tumor escape/immunology	liver neoplasms/immunology	0.012658227848101264	39321806
vascular endothelial growth factor a/genetics	lung neoplasms/metabolism	0.025316455696202528	26208571
STAT3	interleukin-6/genetics	0.07594936708860758	37108378
vascular endothelial growth factor a/genetics	calgranulin b/genetics	0.012658227848101264	26208571
RPL17	ARHGEF5	0.07594936708860758	35238098
antineoplastic agents immunological/administration &amp; dosage	cell line tumor	0.37974683544303794	31554642
RPL17	FAP	0.07594936708860758	38301989
tumor escape/immunology	tumor-associated macrophages/immunology	0.025316455696202528	39321806
cathepsin k/metabolism	bone marrow/metabolism	0.012658227848101264	25802102
STAT3	leptin/metabolism	0.07594936708860758	30563531
RPL17	CCL2	0.33354080962342125	35238098
RPL17	TPI1	0.07594936708860758	35238098
STAT3	procollagen-lysine 2-oxoglutarate 5-dioxygenase/deficiency	0.07594936708860758	30563531
vascular endothelial growth factor a/genetics	angiopoietin-2/genetics	0.012658227848101264	26208571
chemokine cxcl13/metabolism	peritoneal neoplasms/secondary	0.012658227848101264	39753138
cathepsin k/metabolism	chemokine cxcl1/metabolism	0.012658227848101264	25802102
nitric oxide synthase type ii/metabolism	PROM1	0.012658227848101264	36160648
STAT3	chemokine ccl2/metabolism	0.07594936708860758	38351345
cathepsin k/metabolism	prostatic neoplasms/pathology	0.03797468354430379	25802102
antineoplastic agents immunological/administration &amp; dosage	SLC9A1	0.025316455696202528	31554642
vascular endothelial growth factor a/genetics	transforming growth factor beta/metabolism	0.025316455696202528	26208571
STAT3	lipids	0.07594936708860758	37108378
nitric oxide synthase type ii/metabolism	MRC1	0.025316455696202528	36160648
antineoplastic agents immunological/administration &amp; dosage	ATM	0.012658227848101264	31554642
chemokine cxcl13/metabolism	protein tyrosine phosphatase non-receptor type 6/metabolism	0.012658227848101264	39753138
STAT3	stat3 transcription factor/immunology	0.07594936708860758	32344015
antineoplastic agents immunological/administration &amp; dosage	SLC7A11	0.1392405063291139	31554642
STAT3	breast neoplasms/pathology	0.07594936708860758	30563531
chemokine cxcl13/metabolism	omentum/immunology	0.012658227848101264	39753138
RPL17	CCR2	0.14703018500486853	35238098
obesity/chemically induced	HGF	0.025316455696202528	32472095
cathepsin k/metabolism	adipocytes/metabolism	0.050632911392405056	25802102
obesity/chemically induced	NFKB1	0.07594936708860758	32472095
tumor escape/immunology	cellular reprogramming/immunology	0.012658227848101264	39321806
RPL17	HAVCR2	0.07594936708860758	35238098
STAT3	hepatocyte growth factor/blood	0.07594936708860758	32472095
cathepsin k/metabolism	obesity	0.012658227848101264	25802102
RPL17	HNF4A	0.07594936708860758	35238098
tumor escape/immunology	tumor microenvironment/immunology	0.08860759493670886	39321806
cathepsin k/metabolism	chemokine cxcl2/metabolism	0.012658227848101264	25802102
RPL17	TCF7	0.07594936708860758	35238098
STAT3	adipocytes/metabolism	0.275587836547197	30563531
cytokines/analysis	PTEN	0.012658227848101264	29777149
obesity/chemically induced	EGF	0.012658227848101264	32472095
cathepsin k/metabolism	bone marrow cells/metabolism	0.012658227848101264	25802102
STAT3	macrophages/immunology	0.275587836547197	32344015
cathepsin k/metabolism	bone neoplasms/secondary	0.012658227848101264	25802102
cathepsin k/metabolism	cell differentiation	0.03797468354430379	25802102
chemokine cxcl13/metabolism	CXCL13	0.012658227848101264	39753138
STAT3	3t3-l1 cells	0.07594936708860758	30563531
cathepsin k/metabolism	osteolysis/pathology	0.012658227848101264	25802102
inflammation mediators/blood	LCN2	0.012658227848101264	28249896
antineoplastic agents immunological/administration &amp; dosage	CD8A	0.1012658227848101	31554642
obesity/chemically induced	LEP	0.025316455696202528	32472095
vascular endothelial growth factor a/genetics	ANGPT2	0.012658227848101264	26208571
RPL17	IL34	0.07594936708860758	39321806
RPL17	TNF	0.38757804127557616	35238098
inflammation mediators/blood	SLC22A17	0.012658227848101264	28249896
RPL17	FAM126A	0.07594936708860758	38301989
vascular endothelial growth factor a/genetics	S100A8	0.025316455696202528	26208571
tumor escape/immunology	neoplastic stem cells/immunology	0.012658227848101264	39321806
vascular endothelial growth factor a/genetics	S100A9	0.012658227848101264	26208571
STAT3	carcinoma hepatocellular/pathology	0.14703018500486853	38351345
RPL17	HNF1A	0.07594936708860758	35238098
obesity/chemically induced	JUN	0.012658227848101264	32472095
cathepsin k/metabolism	CBX8	0.012658227848101264	25802102
STAT3	cell movement	0.07594936708860758	30563531
RPL17	VIM	0.07594936708860758	38301989
cathepsin k/metabolism	ACTR1B	0.012658227848101264	25802102
cathepsin k/metabolism	BTG2	0.012658227848101264	25802102
RPL17	TIMELESS	0.07594936708860758	35238098
STAT3	neoplasm metastasis	0.33354080962342125	30563531
cathepsin k/metabolism	PCSK1	0.012658227848101264	25802102
obesity/chemically induced	MAPK8	0.025316455696202528	32472095
STAT3	muscle fibers skeletal/drug effects	0.07594936708860758	32344015
chemokine cxcl13/metabolism	PTPN6	0.012658227848101264	39753138
RPL17	HAVCR1	0.07594936708860758	35238098
BTRC	PRKAA2	0.012658227848101264	34093872
obesity/chemically induced	ADIPOQ	0.012658227848101264	32472095
cathepsin k/metabolism	CXCR2	0.012658227848101264	25802102
FUT1	GPX4	0.27848101265822783	34811833
chemokine cxcl13/metabolism	IL10	0.050632911392405056	39753138
BTRC	CD274	0.050632911392405056	34093872
FUT1	FN1	0.012658227848101264	34811833
BTRC	NFE2L2	0.050632911392405056	34093872
tumor escape/immunology	cd36 antigens/metabolism	0.08860759493670886	39321806
BTRC	CD8A	0.1012658227848101	34093872
cathepsin k/metabolism	KRT6A	0.012658227848101264	25802102
FUT1	ROS1	0.1012658227848101	34811833
cathepsin k/metabolism	CXCL1	0.012658227848101264	25802102
STAT3	periostin	0.07594936708860758	38351345
BTRC	PRKAB1	0.012658227848101264	34093872
BTRC	RPL17-C18orf32	0.07594936708860758	34093872
BTRC	RPL17	0.07594936708860758	34093872
cathepsin k/metabolism	CXCL2	0.012658227848101264	25802102
STAT3	cd36 antigens/metabolism	0.43791409267758374	38351345
BTRC	MRLN	0.050632911392405056	34093872
FUT1	MMRN1	0.012658227848101264	34811833
BTRC	CTLA4	0.012658227848101264	34093872
STAT3	endothelial progenitor cells/metabolism	0.07594936708860758	38351345
pten phosphohydrolase/deficiency	breast neoplasms/metabolism	0.03797468354430379	29777149
phagocytosis	endometrial neoplasms/immunology	0.012658227848101264	39166450
adiponectin/blood	HGF	0.025316455696202528	32472095
adiponectin/blood	NFKB1	0.07594936708860758	32472095
FUT1	HIF1A	0.012658227848101264	34811833
adiponectin/blood	EGF	0.012658227848101264	32472095
phagocytosis	interferon type i/metabolism	0.025316455696202528	39166450
tumor necrosis factor alpha-induced protein 3/metabolism	endometrial neoplasms/genetics	0.012658227848101264	30420335
STAT3	HGF	0.14703018500486853	32472095
adiponectin/blood	LEP	0.025316455696202528	32472095
hep g2 cells	autophagy	0.05030834144758196	33346004
pten phosphohydrolase/deficiency	docosahexaenoic acids/analysis	0.012658227848101264	29777149
STAT3	CCL2	0.33354080962342125	38351345
phagocytosis	tumor microenvironment/immunology	0.08860759493670886	39166450
STAT3	NFKB1	0.06335465136264602	38351345
STAT3	NFKB1	0.06335465136264602	32472095
adiponectin/blood	JUN	0.012658227848101264	32472095
adiponectin/blood	MAPK8	0.025316455696202528	32472095
neovascularization pathologic/genetics	inflammation mediators/metabolism	0.03797468354430379	24156623
hep g2 cells	growth differentiation factor 15/genetics	0.025316455696202528	33346004
pten phosphohydrolase/deficiency	tumor suppressor protein p53/deficiency	0.012658227848101264	29777149
amidines/administration &amp; dosage	inflammation mediators/metabolism	0.03797468354430379	28609459
adiponectin/blood	ADIPOQ	0.012658227848101264	32472095
hep g2 cells	hepatic stellate cells/metabolism	0.05030834144758196	33346004
pten phosphohydrolase/deficiency	disease progression	0.07594936708860758	29777149
phagocytosis	heme/metabolism	0.012658227848101264	39166450
osteogenesis/physiology	bone and bones/pathology	0.012658227848101264	25802102
osteogenesis/physiology	osteoclasts/cytology	0.012658227848101264	25802102
osteogenesis/physiology	cathepsin k/metabolism	0.012658227848101264	25802102
phagocytosis	macrophages/immunology	0.050632911392405056	39166450
neovascularization pathologic/genetics	inflammation/genetics	0.012658227848101264	24156623
STAT3	PIK3CA	0.14703018500486853	30563531
STAT3	EGF	0.07594936708860758	32472095
hep g2 cells	cell proliferation	0.19344368711457316	33346004
tumor necrosis factor alpha-induced protein 3/metabolism	antigens cd/metabolism	0.012658227848101264	30420335
hep g2 cells	carcinoma hepatocellular/genetics	0.05030834144758196	33346004
tumor necrosis factor alpha-induced protein 3/metabolism	estradiol/pharmacology	0.012658227848101264	30420335
STAT3	PLOD2	0.07594936708860758	30563531
amidines/administration &amp; dosage	cadherins/metabolism	0.012658227848101264	28609459
tumor escape/immunology	IL34	0.012658227848101264	39321806
STAT3	CCR2	0.14703018500486853	38351345
STAT3	PLIN1	0.07594936708860758	37108378
STAT3	CXCL8	0.14703018500486853	38351345
amidines/administration &amp; dosage	lung neoplasms/metabolism	0.025316455696202528	28609459
STAT3	LEP	0.00486854917234664	30563531
STAT3	LEP	0.00486854917234664	32472095
neovascularization pathologic/genetics	cell proliferation	0.1012658227848101	24156623
phagocytosis	cd36 antigens/metabolism	0.08860759493670886	39166450
osteogenesis/physiology	bone marrow/metabolism	0.012658227848101264	25802102
STAT3	CD163	0.14703018500486853	32344015
STAT3	IL6R	0.07594936708860758	37108378
mesenchymal stem cells/metabolism	adenosine/analogs &amp; derivatives	0.012658227848101264	40287444
neovascularization pathologic/genetics	hormones/blood	0.012658227848101264	24156623
hep g2 cells	autophagy-related protein 7/genetics	0.025316455696202528	33346004
mesenchymal stem cells/metabolism	alpha-ketoglutarate-dependent dioxygenase fto/metabolism	0.025316455696202528	40287444
STAT3	JUN	0.07594936708860758	32472095
neovascularization pathologic/genetics	sexual maturation	0.012658227848101264	24156623
hep g2 cells	paracrine communication	0.05030834144758196	33346004
pten phosphohydrolase/deficiency	PTEN	0.012658227848101264	29777149
STAT3	PIK3CD	0.14703018500486853	30563531
amidines/administration &amp; dosage	immunocompetence	0.012658227848101264	28609459
STAT3	POSTN	0.07594936708860758	38351345
osteogenesis/physiology	chemokine cxcl1/metabolism	0.012658227848101264	25802102
STAT3	PLIN5	0.07594936708860758	37108378
STAT3	MAPK8	0.14703018500486853	32472095
osteogenesis/physiology	prostatic neoplasms/pathology	0.03797468354430379	25802102
neovascularization pathologic/genetics	diet high-fat	0.03797468354430379	24156623
hep g2 cells	GDF15	0.025316455696202528	33346004
STAT3	ADIPOQ	0.07594936708860758	32472095
mesenchymal stem cells/metabolism	macrophage colony-stimulating factor/metabolism	0.012658227848101264	40287444
STAT3	TNF	0.38757804127557616	37108378
tumor necrosis factor alpha-induced protein 3/metabolism	estrogen receptor alpha/genetics	0.012658227848101264	30420335
mesenchymal stem cells/metabolism	brain neoplasms/pathology	0.012658227848101264	40287444
hep g2 cells	ATG7	0.025316455696202528	33346004
STAT3	PIK3CG	0.14703018500486853	30563531
neovascularization pathologic/genetics	breast neoplasms/etiology	0.012658227848101264	24156623
tumor necrosis factor alpha-induced protein 3/metabolism	hek293 cells	0.012658227848101264	30420335
osteogenesis/physiology	adipocytes/metabolism	0.050632911392405056	25802102
STAT3	AKT1	0.14703018500486853	30563531
proto-oncogene proteins c-akt/metabolism	interleukin-6/metabolism	0.03797468354430379	30563531
proto-oncogene proteins c-akt/metabolism	stat3 transcription factor/metabolism	0.06329113924050632	30563531
osteogenesis/physiology	obesity	0.012658227848101264	25802102
STAT3	PIK3CB	0.14703018500486853	30563531
bone marrow/metabolism	chemokine cxcl1/metabolism	0.012658227848101264	25802102
osteogenesis/physiology	chemokine cxcl2/metabolism	0.012658227848101264	25802102
hep g2 cells	chalcones/toxicity	0.025316455696202528	38581191
bone marrow/metabolism	prostatic neoplasms/pathology	0.03797468354430379	25802102
mesenchymal stem cells/metabolism	CSF1	0.03797468354430379	40287444
hep g2 cells	embryo nonmammalian/drug effects	0.025316455696202528	38581191
FN1	ROS1	0.1012658227848101	34811833
integrin alphavbeta3/metabolism	cell proliferation	0.1012658227848101	34958892
hep g2 cells	membrane potential mitochondrial/drug effects	0.025316455696202528	38581191
hep g2 cells	chemical and drug induced liver injury/metabolism	0.025316455696202528	38581191
osteogenesis/physiology	bone marrow cells/metabolism	0.012658227848101264	25802102
proto-oncogene proteins c-akt/metabolism	leptin/metabolism	0.012658227848101264	30563531
FN1	MMRN1	0.012658227848101264	34811833
proto-oncogene proteins c-akt/metabolism	procollagen-lysine 2-oxoglutarate 5-dioxygenase/deficiency	0.012658227848101264	30563531
hep g2 cells	ATP8A2	0.025316455696202528	38581191
osteogenesis/physiology	bone neoplasms/secondary	0.012658227848101264	25802102
mesenchymal stem cells/metabolism	FTO	0.025316455696202528	40287444
osteogenesis/physiology	cell differentiation	0.03797468354430379	25802102
bone marrow/metabolism	adipocytes/metabolism	0.050632911392405056	25802102
integrin alphavbeta3/metabolism	transforming growth factor beta1/metabolism	0.050632911392405056	34958892
mesenchymal stem cells/metabolism	YTHDF2	0.012658227848101264	40287444
neoplasm recurrence local	hydroxymethylglutaryl-coa reductase inhibitors/pharmacology	0.012658227848101264	27756885
FN1	HIF1A	0.012658227848101264	34811833
bone marrow/metabolism	obesity	0.012658227848101264	25802102
neovascularization pathologic/genetics	HGF	0.025316455696202528	24156623
tumor necrosis factor alpha-induced protein 3/metabolism	CD163	0.025316455696202528	30420335
proto-oncogene proteins c-akt/metabolism	breast neoplasms/pathology	0.012658227848101264	30563531
integrin alphavbeta3/metabolism	disease progression	0.07594936708860758	34958892
bone marrow/metabolism	chemokine cxcl2/metabolism	0.012658227848101264	25802102
osteogenesis/physiology	osteolysis/pathology	0.012658227848101264	25802102
neovascularization pathologic/genetics	NFKB1	0.07594936708860758	24156623
bone marrow/metabolism	bone marrow cells/metabolism	0.012658227848101264	25802102
bone marrow/metabolism	bone neoplasms/secondary	0.012658227848101264	25802102
neoplasm recurrence local	breast neoplasms/drug therapy	0.012658227848101264	27756885
bone marrow/metabolism	cell differentiation	0.03797468354430379	25802102
proto-oncogene proteins c-akt/metabolism	adipocytes/metabolism	0.050632911392405056	30563531
neoplasm recurrence local	interleukin-6/metabolism	0.03797468354430379	27756885
neoplasm recurrence local	stat3 transcription factor/metabolism	0.06329113924050632	27756885
bone marrow/metabolism	osteolysis/pathology	0.012658227848101264	25802102
tumor necrosis factor alpha-induced protein 3/metabolism	TNF	0.07594936708860758	30420335
proto-oncogene proteins c-akt/metabolism	3t3-l1 cells	0.012658227848101264	30563531
neoplasm recurrence local	inflammation/immunology	0.012658227848101264	27756885
tumor necrosis factor alpha-induced protein 3/metabolism	ESR1	0.012658227848101264	30420335
neoplasm recurrence local	macrophage colony-stimulating factor/antagonists &amp; inhibitors	0.012658227848101264	27756885
tumor-associated macrophages/immunology	lipids/chemistry	0.025316455696202528	34919143
proto-oncogene proteins c-akt/metabolism	cell movement	0.012658227848101264	30563531
tumor-associated macrophages/immunology	metabolic networks and pathways	0.025316455696202528	34919143
TP53	SLC7A11	0.5374766028996542	35778693
osteogenesis/physiology	CBX8	0.012658227848101264	25802102
tumor necrosis factor alpha-induced protein 3/metabolism	TNFAIP3	0.012658227848101264	30420335
proto-oncogene proteins c-akt/metabolism	neoplasm metastasis	0.06329113924050632	30563531
bone marrow/metabolism	CBX8	0.012658227848101264	25802102
neoplasm recurrence local	mesenchymal stem cells/immunology	0.012658227848101264	27756885
tumor necrosis factor alpha-induced protein 3/metabolism	IL17A	0.03797468354430379	30420335
bone marrow/metabolism	ACTR1B	0.012658227848101264	25802102
bone marrow/metabolism	BTG2	0.012658227848101264	25802102
osteogenesis/physiology	ACTR1B	0.012658227848101264	25802102
TP53	PDCD1	0.33354080962342125	39321806
osteogenesis/physiology	BTG2	0.012658227848101264	25802102
bone marrow/metabolism	PCSK1	0.012658227848101264	25802102
tumor-associated macrophages/immunology	cellular reprogramming/immunology	0.025316455696202528	39321806
TP53	GPX4	0.8142161635832522	35778693
tumor-associated macrophages/immunology	tumor microenvironment/immunology	0.17039922103213245	39321806
bone marrow/metabolism	CXCR2	0.012658227848101264	25802102
inflammation mediators/metabolism	vascular endothelial growth factor a/genetics	0.03797468354430379	26208571
osteogenesis/physiology	PCSK1	0.012658227848101264	25802102
inflammation mediators/metabolism	inflammation/genetics	0.03797468354430379	24156623
tumor-associated macrophages/immunology	disease progression	0.14703018500486856	34919143
osteogenesis/physiology	CXCR2	0.012658227848101264	25802102
bone marrow/metabolism	KRT6A	0.012658227848101264	25802102
neovascularization pathologic/genetics	TNFSF11	0.012658227848101264	24156623
neoplasm recurrence local	neoplasm invasiveness	0.012658227848101264	27756885
bone marrow/metabolism	CXCL1	0.012658227848101264	25802102
integrin alphavbeta3/metabolism	THBS2	0.012658227848101264	34958892
inflammation mediators/metabolism	calgranulin a/genetics	0.03797468354430379	26208571
TP53	XK	0.06329113924050632	35778693
bone marrow/metabolism	CXCL2	0.012658227848101264	25802102
tumor-associated macrophages/immunology	neoplastic stem cells/immunology	0.025316455696202528	39321806
TP53	ASAH2	0.06329113924050632	33547170
integrin alphavbeta3/metabolism	MAPK8	0.025316455696202528	34958892
neoplasm recurrence local	paracrine communication	0.025316455696202528	27756885
osteogenesis/physiology	KRT6A	0.012658227848101264	25802102
integrin alphavbeta3/metabolism	MAP2K7	0.012658227848101264	34958892
TP53	TF	0.12333657903278156	31980600
inflammation mediators/metabolism	cadherins/metabolism	0.03797468354430379	28609459
osteogenesis/physiology	CXCL1	0.012658227848101264	25802102
TP53	CD8A	0.422300595251961	39321806
neoplasm recurrence local	EEF1A2	0.012658227848101264	27756885
tumor-associated macrophages/immunology	cell plasticity/genetics	0.025316455696202528	34919143
TP53	ASPG	0.06329113924050632	35778693
TP53	NLRP1	0.06329113924050632	35778693
TP53	RPL17-C18orf32	0.33354080962342125	39321806
osteogenesis/physiology	CXCL2	0.012658227848101264	25802102
tumor-associated macrophages/immunology	cd36 antigens/metabolism	0.17039922103213245	39321806
TP53	RPL17	0.33354080962342125	39321806
proto-oncogene proteins c-akt/metabolism	PIK3CA	0.025316455696202528	30563531
inflammation mediators/metabolism	cell proliferation	0.025847570151367613	26208571
inflammation mediators/metabolism	cell proliferation	0.025847570151367613	24156623
proto-oncogene proteins c-akt/metabolism	PLOD2	0.012658227848101264	30563531
neoplasm recurrence local	CSF1	0.03797468354430379	27756885
TP53	cytokines/analysis	0.06329113924050632	29777149
inflammation mediators/metabolism	lung neoplasms/metabolism	0.0009737098344693282	26208571
inflammation mediators/metabolism	lung neoplasms/metabolism	0.0009737098344693282	28609459
inflammation mediators/metabolism	hormones/blood	0.03797468354430379	24156623
lipids/chemistry	metabolic networks and pathways	0.012658227848101264	34919143
inflammation mediators/metabolism	calgranulin b/genetics	0.03797468354430379	26208571
proto-oncogene proteins c-akt/metabolism	LEP	0.025316455696202528	30563531
inflammation mediators/metabolism	sexual maturation	0.03797468354430379	24156623
PRKAA2	CD274	0.050632911392405056	34093872
calgranulin a/genetics	cell proliferation	0.1012658227848101	26208571
PRKAA2	NFE2L2	0.050632911392405056	34093872
breast neoplasms/metabolism	extracellular matrix/metabolism	0.03797468354430379	32359100
PRKAA2	CD8A	0.1012658227848101	34093872
tumor-associated macrophages/immunology	IL1B	0.05030834144758196	34919143
breast neoplasms/metabolism	adiponectin/blood	0.03797468354430379	32472095
calgranulin a/genetics	lung neoplasms/metabolism	0.025316455696202528	26208571
inflammation mediators/metabolism	diet high-fat	0.11101556671176926	24156623
PRKAA2	PRKAB1	0.012658227848101264	34093872
lipids/chemistry	disease progression	0.07594936708860758	34919143
TP53	interleukins/metabolism	0.06329113924050632	39321806
proto-oncogene proteins c-akt/metabolism	PIK3CD	0.025316455696202528	30563531
PRKAA2	RPL17-C18orf32	0.07594936708860758	34093872
calgranulin a/genetics	calgranulin b/genetics	0.012658227848101264	26208571
PRKAA2	RPL17	0.07594936708860758	34093872
PRKAA2	MRLN	0.050632911392405056	34093872
PRKAA2	CTLA4	0.012658227848101264	34093872
inflammation mediators/metabolism	angiopoietin-2/genetics	0.03797468354430379	26208571
breast neoplasms/metabolism	epithelial cells/metabolism	0.03797468354430379	32359100
MRLN	CTLA4	0.050632911392405056	34093872
breast neoplasms/metabolism	stem cells/metabolism	0.03797468354430379	32359100
mitogen-activated protein kinases/metabolism	amidines/administration &amp; dosage	0.012658227848101264	28609459
breast neoplasms/metabolism	docosahexaenoic acids/analysis	0.03797468354430379	29777149
inflammation mediators/metabolism	breast neoplasms/etiology	0.03797468354430379	24156623
proto-oncogene proteins c-akt/metabolism	PIK3CG	0.025316455696202528	30563531
breast neoplasms/metabolism	transforming growth factor beta1/metabolism	0.1461070574994626	32359100
lipids/chemistry	cell plasticity/genetics	0.012658227848101264	34919143
MRLN	protease inhibitors/pharmacology	0.050632911392405056	31257391
MRLN	carcinoma hepatocellular/drug therapy	0.050632911392405056	31257391
inflammation mediators/metabolism	transforming growth factor beta/metabolism	0.07497565725413827	26208571
breast neoplasms/metabolism	tumor suppressor protein p53/deficiency	0.03797468354430379	29777149
calgranulin a/genetics	angiopoietin-2/genetics	0.012658227848101264	26208571
MRLN	phenotype	0.09931840311587149	30755716
proto-oncogene proteins c-akt/metabolism	AKT1	0.025316455696202528	30563531
tumor-associated macrophages/immunology	IL34	0.025316455696202528	39321806
breast neoplasms/metabolism	disease progression	0.21349536539409955	29777149
mitogen-activated protein kinases/metabolism	inflammation mediators/metabolism	0.03797468354430379	28609459
breast neoplasms/metabolism	hepatocyte growth factor/blood	0.03797468354430379	32472095
interleukin-10/metabolism	t-lymphocytes regulatory/immunology	0.012658227848101264	39753138
TP53	pten phosphohydrolase/deficiency	0.06329113924050632	29777149
breast neoplasms/metabolism	mammary glands human/metabolism	0.03797468354430379	32359100
proto-oncogene proteins c-akt/metabolism	PIK3CB	0.025316455696202528	30563531
TP53	breast neoplasms/metabolism	0.18026277519948403	29777149
interleukin-10/metabolism	immunity innate	0.025316455696202528	39753138
MRLN	glycyrrhizic acid/pharmacology	0.050632911392405056	30755716
TP53	tumor escape/immunology	0.06329113924050632	39321806
calgranulin a/genetics	transforming growth factor beta/metabolism	0.025316455696202528	26208571
breast neoplasms/metabolism	diet high-fat/adverse effects	0.11101556671176926	32359100
inflammation mediators/metabolism	immunocompetence	0.03797468354430379	28609459
interleukin-10/metabolism	b-lymphocytes/immunology	0.012658227848101264	39753138
lipids/chemistry	IL1B	0.025316455696202528	34919143
interleukin-10/metabolism	extracellular traps/immunology	0.012658227848101264	39753138
breast neoplasms/metabolism	tumor microenvironment/physiology	0.11101556671176926	32359100
TP53	liver neoplasms/immunology	0.06329113924050632	39321806
mitogen-activated protein kinases/metabolism	cadherins/metabolism	0.012658227848101264	28609459
MRLN	nf-kappa b/metabolism	0.09931840311587149	30755716
heterografts	tumor-associated macrophages/immunology	0.025316455696202528	34919143
TP53	tumor-associated macrophages/immunology	0.12333657903278156	39321806
breast neoplasms/metabolism	DCN	0.03797468354430379	32359100
interleukin-10/metabolism	ovarian neoplasms/pathology	0.012658227848101264	39753138
MRLN	immunity innate	0.09931840311587149	31257391
breast neoplasms/metabolism	HGF	0.07497565725413827	32472095
heterografts	lipids/chemistry	0.012658227848101264	34919143
breast neoplasms/metabolism	NFKB1	0.21349536539409955	32472095
inflammation mediators/metabolism	HGF	0.07497565725413827	24156623
MRLN	calgranulin a/metabolism	0.050632911392405056	30755716
inflammation mediators/metabolism	NFKB1	0.21349536539409955	24156623
MRLN	stem cell factor/metabolism	0.050632911392405056	31257391
breast neoplasms/metabolism	EGF	0.03797468354430379	32472095
heterografts	metabolic networks and pathways	0.012658227848101264	34919143
calgranulin a/metabolism	colon/metabolism	0.012658227848101264	30755716
hmgb1 protein/metabolism	inflammation/metabolism	0.025316455696202528	35197507
mitogen-activated protein kinases/metabolism	lung neoplasms/metabolism	0.025316455696202528	28609459
breast neoplasms/metabolism	LEP	0.07497565725413827	32472095
interleukin-10/metabolism	peritoneal neoplasms/secondary	0.012658227848101264	39753138
calgranulin a/metabolism	diet high-fat	0.03797468354430379	30755716
inflammation mediators/metabolism	PIK3CA	0.07497565725413827	28609459
breast neoplasms/metabolism	JUN	0.03797468354430379	32472095
breast neoplasms/metabolism	PTEN	0.03797468354430379	29777149
interleukin-10/metabolism	protein tyrosine phosphatase non-receptor type 6/metabolism	0.012658227848101264	39753138
hmgb1 protein/metabolism	NOX4	0.012658227848101264	35197507
breast neoplasms/metabolism	MAPK8	0.07497565725413827	32472095
interleukin-10/metabolism	omentum/immunology	0.012658227848101264	39753138
breast neoplasms/metabolism	ADIPOQ	0.03797468354430379	32472095
hmgb1 protein/metabolism	FTH1	0.06329113924050632	35197507
interleukin-6/metabolism	stat3 transcription factor/metabolism	0.0001264558226583543	24021059
interleukin-6/metabolism	stat3 transcription factor/metabolism	0.0001264558226583543	27756885
interleukin-6/metabolism	stat3 transcription factor/metabolism	0.0001264558226583543	30563531
interleukin-6/metabolism	inflammation/immunology	0.03797468354430379	27756885
interleukin-6/metabolism	myeloid cells/immunology	0.03797468354430379	24021059
inflammation mediators/metabolism	ANGPT2	0.03797468354430379	26208571
MRLN	colon/metabolism	0.050632911392405056	30755716
calgranulin a/metabolism	neoplasm metastasis	0.06329113924050632	30755716
TP53	docosahexaenoic acids/analysis	0.06329113924050632	29777149
interleukin-6/metabolism	macrophage colony-stimulating factor/antagonists &amp; inhibitors	0.03797468354430379	27756885
heterografts	disease progression	0.07594936708860758	34919143
hmgb1 protein/metabolism	NLRP3	0.012658227848101264	35197507
calgranulin a/metabolism	anti-inflammatory agents/pharmacology	0.012658227848101264	30755716
interleukin-10/metabolism	CXCL13	0.012658227848101264	39753138
TP53	cellular reprogramming/immunology	0.06329113924050632	39321806
hmgb1 protein/metabolism	HMGB1	0.025316455696202528	35197507
MRLN	diet high-fat	0.1461070574994626	30755716
hmgb1 protein/metabolism	GPX4	0.27848101265822783	35197507
interleukin-6/metabolism	leptin/metabolism	0.03797468354430379	30563531
inflammation mediators/metabolism	S100A8	0.07497565725413827	26208571
calgranulin a/genetics	ANGPT2	0.012658227848101264	26208571
interleukin-6/metabolism	procollagen-lysine 2-oxoglutarate 5-dioxygenase/deficiency	0.03797468354430379	30563531
inflammation mediators/metabolism	S100A9	0.03797468354430379	26208571
TP53	tumor microenvironment/immunology	0.3791886993752417	39321806
calgranulin a/metabolism	CCL2	0.06329113924050632	30755716
interleukin-6/metabolism	tumor microenvironment/immunology	0.2458174736655749	24021059
inflammation mediators/metabolism	PIK3CD	0.07497565725413827	28609459
calgranulin a/metabolism	NFKB1	0.07594936708860758	30755716
heterografts	cell plasticity/genetics	0.012658227848101264	34919143
calgranulin a/genetics	S100A8	0.025316455696202528	26208571
hmgb1 protein/metabolism	TLR4	0.03797468354430379	35197507
calgranulin a/genetics	S100A9	0.012658227848101264	26208571
TP53	tumor suppressor protein p53/deficiency	0.06329113924050632	29777149
MRLN	macrophages/immunology	0.19104879131528035	31257391
interleukin-6/metabolism	breast neoplasms/pathology	0.03797468354430379	30563531
interleukin-10/metabolism	PTPN6	0.012658227848101264	39753138
MMRN1	HIF1A	0.012658227848101264	34811833
interleukin-6/metabolism	mesenchymal stem cells/immunology	0.03797468354430379	27756885
interleukin-10/metabolism	IL10	0.050632911392405056	39753138
lipocalin-2/genetics	inflammation mediators/blood	0.012658227848101264	28249896
neoplasms/metabolism	fibroblasts/metabolism	0.012658227848101264	21566463
TP53	disease progression	0.33354080962342125	29777149
inflammation mediators/metabolism	TNFSF11	0.03797468354430379	24156623
mitogen-activated protein kinases/metabolism	immunocompetence	0.012658227848101264	28609459
MRLN	plant extracts/pharmacology	0.050632911392405056	31257391
interleukin-6/metabolism	breast neoplasms/immunology	0.03797468354430379	24021059
lipocalin-2/genetics	cytokines/blood	0.03797468354430379	28249896
interleukin-6/metabolism	adipocytes/metabolism	0.1461070574994626	30563531
calgranulin a/metabolism	IRF6	0.012658227848101264	30755716
calgranulin a/metabolism	S100A8	0.025316455696202528	30755716
heterografts	IL1B	0.025316455696202528	34919143
neoplasms/metabolism	cytokines/biosynthesis	0.012658227848101264	21566463
inflammation mediators/metabolism	PIK3CG	0.07497565725413827	28609459
interleukin-6/metabolism	3t3-l1 cells	0.03797468354430379	30563531
MRLN	neoplasm metastasis	0.23419285577846533	30755716
neoplasms/metabolism	hypoxia	0.012658227848101264	21566463
MRLN	tumor necrosis factor-alpha/metabolism	0.1461070574994626	31257391
calgranulin a/metabolism	TNF	0.07594936708860758	30755716
MRLN	digestion	0.050632911392405056	31257391
neoplasms/metabolism	cell communication	0.012658227848101264	21566463
CALR	CYREN	0.012658227848101264	32686685
inflammation mediators/metabolism	AKT1	0.07497565725413827	28609459
TP53	neoplastic stem cells/immunology	0.06329113924050632	39321806
interleukin-6/metabolism	cell movement	0.03797468354430379	30563531
neoplasms/metabolism	caveolin 1/deficiency	0.012658227848101264	21566463
MRLN	anti-inflammatory agents/pharmacology	0.050632911392405056	30755716
interleukin-6/metabolism	neoplasm metastasis	0.00948418669937657	24021059
interleukin-6/metabolism	neoplasm metastasis	0.00948418669937657	30563531
MRLN	cd36 antigens/metabolism	0.315281653722693	31257391
interleukin-6/metabolism	neoplasm invasiveness	0.03797468354430379	27756885
inflammation mediators/metabolism	PIK3CB	0.07497565725413827	28609459
MRLN	rna messenger/metabolism	0.09931840311587149	31257391
GABPA	MTOR	0.012658227848101264	34093872
lipocalin-2/genetics	rna small interfering/genetics	0.012658227848101264	28249896
GABPA	BTRC	0.012658227848101264	34093872
GABPA	PRKAA2	0.012658227848101264	34093872
GABPA	CD274	0.050632911392405056	34093872
MRLN	gastrointestinal tract	0.050632911392405056	31257391
mitogen-activated protein kinases/metabolism	PIK3CA	0.025316455696202528	28609459
GABPA	NFE2L2	0.050632911392405056	34093872
obesity/pathology	MSMP	0.012658227848101264	38221626
GABPA	CD8A	0.1012658227848101	34093872
interleukin-6/metabolism	paracrine communication	0.07497565725413827	27756885
GABPA	PRKAB1	0.012658227848101264	34093872
cytokines/blood	pancreatic neoplasms/immunology	0.03797468354430379	32344015
MRLN	CCL2	0.23419285577846533	30755716
MRLN	NFKB1	0.2755878365471969	30755716
GABPA	RPL17-C18orf32	0.07594936708860758	34093872
cytokines/blood	cachexia/immunology	0.03797468354430379	32344015
GABPA	RPL17	0.07594936708860758	34093872
GABPA	MRLN	0.050632911392405056	34093872
GABPA	CTLA4	0.012658227848101264	34093872
TP53	cd36 antigens/metabolism	0.3791886993752417	39321806
interleukin-6/metabolism	EEF1A2	0.03797468354430379	27756885
neoplasms/metabolism	NFKB1	0.07594936708860758	21566463
mitogen-activated protein kinases/metabolism	PIK3CD	0.025316455696202528	28609459
cytokines/blood	stat3 transcription factor/immunology	0.03797468354430379	32344015
interleukins/metabolism	tumor escape/immunology	0.012658227848101264	39321806
cytokines/blood	nih 3t3 cells	0.03797468354430379	27044818
interleukin-6/metabolism	PIK3CA	0.07497565725413827	30563531
interleukins/metabolism	liver neoplasms/immunology	0.012658227848101264	39321806
cytokines/blood	angiogenesis inducing agents/metabolism	0.03797468354430379	27044818
cytokines/blood	macrophages/immunology	0.1461070574994626	32344015
interleukin-6/metabolism	PLOD2	0.03797468354430379	30563531
cytokines/blood	rna small interfering/genetics	0.03797468354430379	28249896
interleukins/metabolism	tumor-associated macrophages/immunology	0.025316455696202528	39321806
lipocalin-2/genetics	LCN2	0.012658227848101264	28249896
neoplasms/metabolism	CSF2	0.012658227848101264	21566463
cytokines/blood	anti-inflammatory agents/metabolism	0.03797468354430379	27044818
extracellular matrix/metabolism	epithelial cells/metabolism	0.012658227848101264	32359100
lipocalin-2/genetics	SLC22A17	0.012658227848101264	28249896
mitogen-activated protein kinases/metabolism	PIK3CG	0.025316455696202528	28609459
neoplasms/metabolism	CXCL8	0.025316455696202528	21566463
myeloid cells/immunology	tumor microenvironment/immunology	0.08860759493670886	24021059
extracellular matrix/metabolism	stem cells/metabolism	0.012658227848101264	32359100
MRLN	IRF6	0.050632911392405056	30755716
MRLN	S100A8	0.09931840311587149	30755716
lymphangiogenesis	leptin/physiology	0.012658227848101264	24844408
cytokines/blood	cell polarity	0.03797468354430379	27044818
cytokines/blood	neoplasm metastasis	0.180262775199484	27044818
interleukin-6/metabolism	LEP	0.07497565725413827	30563531
cytokines/blood	muscle fibers skeletal/drug effects	0.03797468354430379	32344015
mitogen-activated protein kinases/metabolism	AKT1	0.025316455696202528	28609459
myeloid cells/immunology	breast neoplasms/immunology	0.012658227848101264	24021059
neoplasms/metabolism	CAV1	0.012658227848101264	21566463
interleukin-6/metabolism	CSF1	0.11101556671176926	27756885
mitogen-activated protein kinases/metabolism	PIK3CB	0.025316455696202528	28609459
interleukins/metabolism	cellular reprogramming/immunology	0.012658227848101264	39321806
interleukins/metabolism	tumor microenvironment/immunology	0.08860759493670886	39321806
MRLN	TNF	0.027217951934807364	30755716
MRLN	TNF	0.027217951934807364	31257391
extracellular matrix/metabolism	transforming growth factor beta1/metabolism	0.050632911392405056	32359100
myeloid cells/immunology	neoplasm metastasis	0.06329113924050632	24021059
interleukin-6/metabolism	PIK3CD	0.07497565725413827	30563531
cytokines/blood	IL4	0.03797468354430379	27044818
interleukins/metabolism	neoplastic stem cells/immunology	0.012658227848101264	39321806
neoplasms/metabolism	IL10	0.050632911392405056	21566463
cytokines/blood	ARG1	0.03797468354430379	27044818
extracellular matrix/metabolism	mammary glands human/metabolism	0.012658227848101264	32359100
lymphangiogenesis	rna messenger/genetics	0.012658227848101264	24844408
interleukin-6/metabolism	PIK3CG	0.07497565725413827	30563531
cytokines/blood	IL13	0.03797468354430379	27044818
t-lymphocytes regulatory/immunology	immunity innate	0.025316455696202528	39753138
cytokines/blood	CD209	0.03797468354430379	27044818
neoplasms/metabolism	CCL5	0.012658227848101264	21566463
interleukins/metabolism	cd36 antigens/metabolism	0.08860759493670886	39321806
interleukin-6/metabolism	AKT1	0.07497565725413827	30563531
t-lymphocytes regulatory/immunology	b-lymphocytes/immunology	0.012658227848101264	39753138
cytokines/blood	CD163	0.07497565725413827	32344015
cytokines/blood	LCN2	0.03797468354430379	28249896
interleukin-6/metabolism	ITGAM	0.03797468354430379	24021059
extracellular matrix/metabolism	diet high-fat/adverse effects	0.03797468354430379	32359100
interleukin-6/metabolism	PIK3CB	0.07497565725413827	30563531
t-lymphocytes regulatory/immunology	extracellular traps/immunology	0.012658227848101264	39753138
cytokines/blood	SLC22A17	0.03797468354430379	28249896
TP53	PTEN	0.06329113924050632	29777149
cytokines/blood	IL10	0.1461070574994626	27044818
extracellular matrix/metabolism	tumor microenvironment/physiology	0.03797468354430379	32359100
cytokines/blood	MRC1	0.07497565725413827	27044818
lymphangiogenesis	cell proliferation	0.1012658227848101	24844408
t-lymphocytes regulatory/immunology	ovarian neoplasms/pathology	0.012658227848101264	39753138
TLR4	TRIM69	0.03797468354430379	30830879
TP53	IL34	0.06329113924050632	39321806
myeloid cells/immunology	ITGAM	0.012658227848101264	24021059
lymphangiogenesis	neovascularization pathologic	0.012658227848101264	24844408
interleukins/metabolism	IL34	0.012658227848101264	39321806
extracellular matrix/metabolism	DCN	0.012658227848101264	32359100
t-lymphocytes regulatory/immunology	peritoneal neoplasms/secondary	0.012658227848101264	39753138
janus kinases/metabolism	proto-oncogene proteins c-akt/metabolism	0.012658227848101264	30563531
caco-2 cells	colonic neoplasms/microbiology	0.012658227848101264	32353824
t-lymphocytes regulatory/immunology	protein tyrosine phosphatase non-receptor type 6/metabolism	0.012658227848101264	39753138
nf-kappa b/metabolism	calgranulin a/metabolism	0.025316455696202528	30755716
t-lymphocytes regulatory/immunology	omentum/immunology	0.012658227848101264	39753138
TLR4	phagocytosis	0.03797468354430379	39166450
cadherins/metabolism	lung neoplasms/metabolism	0.025316455696202528	28609459
nf-kappa b/metabolism	caco-2 cells	0.025316455696202528	32353824
nf-kappa b/metabolism	colonic neoplasms/microbiology	0.025316455696202528	32353824
lymphangiogenesis	obesity/etiology	0.012658227848101264	24844408
endometrial neoplasms/immunology	interferon type i/metabolism	0.025316455696202528	39166450
janus kinases/metabolism	interleukin-6/metabolism	0.03797468354430379	30563531
janus kinases/metabolism	stat3 transcription factor/metabolism	0.06329113924050632	30563531
receptors cell surface/metabolism	antigens differentiation myelomonocytic/metabolism	0.012658227848101264	30420335
endometrial neoplasms/immunology	tumor microenvironment/immunology	0.08860759493670886	39166450
receptors cell surface/metabolism	cell communication/drug effects	0.012658227848101264	30420335
lymphangiogenesis	adipocytes/metabolism	0.050632911392405056	24844408
endometrial neoplasms/immunology	heme/metabolism	0.012658227848101264	39166450
endometrial neoplasms/immunology	macrophages/immunology	0.050632911392405056	39166450
caco-2 cells	diet high-fat	0.03797468354430379	32353824
mannose receptor	colorectal neoplasms/metabolism	0.012658227848101264	36160648
receptors cell surface/metabolism	tumor necrosis factor alpha-induced protein 3/metabolism	0.012658227848101264	30420335
receptors cell surface/metabolism	endometrial neoplasms/genetics	0.012658227848101264	30420335
nf-kappa b/metabolism	colon/metabolism	0.025316455696202528	30755716
cadherins/metabolism	immunocompetence	0.012658227848101264	28609459
janus kinases/metabolism	leptin/metabolism	0.012658227848101264	30563531
mannose receptor	hyperlipidemias	0.012658227848101264	36160648
janus kinases/metabolism	procollagen-lysine 2-oxoglutarate 5-dioxygenase/deficiency	0.012658227848101264	30563531
lymphangiogenesis	diet high-fat/adverse effects	0.03797468354430379	24844408
nf-kappa b/metabolism	diet high-fat	0.0009737098344693281	32353824
nf-kappa b/metabolism	diet high-fat	0.0009737098344693281	30755716
TLR4	endometrial neoplasms/immunology	0.03797468354430379	39166450
endometrial neoplasms/immunology	cd36 antigens/metabolism	0.08860759493670886	39166450
mannose receptor	diet high-fat/adverse effects	0.03797468354430379	36160648
caco-2 cells	ht29 cells	0.012658227848101264	32353824
receptors cell surface/metabolism	antigens cd/metabolism	0.012658227848101264	30420335
receptors cell surface/metabolism	estradiol/pharmacology	0.012658227848101264	30420335
janus kinases/metabolism	breast neoplasms/pathology	0.012658227848101264	30563531
lymphangiogenesis	tumor cells cultured	0.012658227848101264	24844408
mannose receptor	scavenger receptors class e/genetics	0.012658227848101264	36160648
cadherins/metabolism	PIK3CA	0.025316455696202528	28609459
TLR4	interferon type i/metabolism	0.07497565725413827	39166450
janus kinases/metabolism	adipocytes/metabolism	0.050632911392405056	30563531
FTH1	SLC7A11	0.017693698706356932	39212400
FTH1	SLC7A11	0.017693698706356932	40724917
FTH1	SLC7A11	0.017693698706356932	38581191
nf-kappa b/metabolism	ht29 cells	0.025316455696202528	32353824
janus kinases/metabolism	3t3-l1 cells	0.012658227848101264	30563531
caco-2 cells	tumor microenvironment/physiology	0.03797468354430379	32353824
TLR4	tumor microenvironment/immunology	0.2458174736655749	39166450
FTH1	NLRP3	0.06329113924050632	35197507
FTH1	ACSL4	0.12333657903278156	39212400
FTH1	HMGB1	0.12333657903278156	35197507
cadherins/metabolism	PIK3CD	0.025316455696202528	28609459
FTH1	GPX4	0.0011684518013631937	39287745
FTH1	GPX4	0.0011684518013631937	35197507
FTH1	GPX4	0.0011684518013631937	38581191
FTH1	GPX4	0.0011684518013631937	39212400
FTH1	GPX4	0.0011684518013631937	40724917
nf-kappa b/metabolism	neoplasm metastasis	0.12333657903278158	30755716
lymphangiogenesis	receptor melanocortin type 4/physiology	0.012658227848101264	24844408
janus kinases/metabolism	cell movement	0.012658227848101264	30563531
TLR4	heme/metabolism	0.03797468354430379	39166450
janus kinases/metabolism	neoplasm metastasis	0.06329113924050632	30563531
receptors cell surface/metabolism	estrogen receptor alpha/genetics	0.012658227848101264	30420335
cadherins/metabolism	PIK3CG	0.025316455696202528	28609459
FTH1	ROS1	0.422300595251961	38581191
lymphangiogenesis	apoptosis	0.012658227848101264	24844408
nf-kappa b/metabolism	tumor microenvironment/physiology	0.07497565725413827	32353824
cadherins/metabolism	AKT1	0.025316455696202528	28609459
TLR4	macrophages/immunology	0.1461070574994626	39166450
receptors cell surface/metabolism	hek293 cells	0.012658227848101264	30420335
FTH1	TLR4	0.18026277519948403	35197507
cadherins/metabolism	PIK3CB	0.025316455696202528	28609459
nf-kappa b/metabolism	anti-inflammatory agents/pharmacology	0.025316455696202528	30755716
lymphangiogenesis	lymphatic metastasis	0.012658227848101264	24844408
caco-2 cells	NFKB1	0.07594936708860758	32353824
FTH1	NFE2L2	0.23419285577846535	39287745
caco-2 cells	APC	0.012658227848101264	32353824
mannose receptor	PROM1	0.012658227848101264	36160648
mannose receptor	MRC1	0.025316455696202528	36160648
liver neoplasms/immunology	tumor-associated macrophages/immunology	0.025316455696202528	39321806
lymphangiogenesis	CCL2	0.06329113924050632	24844408
receptors cell surface/metabolism	CD163	0.025316455696202528	30420335
nf-kappa b/metabolism	CCL2	0.12333657903278158	30755716
lymphangiogenesis	CCR7	0.012658227848101264	24844408
nf-kappa b/metabolism	NFKB1	0.004868549172346641	32353824
nf-kappa b/metabolism	NFKB1	0.004868549172346641	30755716
nf-kappa b/metabolism	APC	0.025316455696202528	32353824
TLR4	cd36 antigens/metabolism	0.2458174736655749	39166450
receptors cell surface/metabolism	TNF	0.07594936708860758	30420335
receptors cell surface/metabolism	ESR1	0.012658227848101264	30420335
osteopontin/metabolism	tumor microenvironment/immunology	0.08860759493670886	39178310
neoplasms/pathology	interferon type i/metabolism	0.025316455696202528	39546763
caco-2 cells	IL22	0.012658227848101264	32353824
janus kinases/metabolism	PIK3CA	0.025316455696202528	30563531
receptors cell surface/metabolism	TNFAIP3	0.012658227848101264	30420335
chemokine cxcl1/metabolism	prostatic neoplasms/pathology	0.03797468354430379	25802102
osteopontin/metabolism	disease progression	0.07594936708860758	39178310
caco-2 cells	IL17A	0.03797468354430379	32353824
receptors cell surface/metabolism	IL17A	0.03797468354430379	30420335
neoplasms/pathology	tumor microenvironment/immunology	0.08860759493670886	39546763
janus kinases/metabolism	PLOD2	0.012658227848101264	30563531
osteopontin/metabolism	macrophages/immunology	0.050632911392405056	39178310
neoplasms/pathology	disease progression	0.07594936708860758	39546763
liver neoplasms/immunology	cellular reprogramming/immunology	0.012658227848101264	39321806
osteopontin/metabolism	neoplasm recurrence local/immunology	0.012658227848101264	39178310
ATL1	S100A4	0.012658227848101264	33277233
janus kinases/metabolism	LEP	0.025316455696202528	30563531
liver neoplasms/immunology	tumor microenvironment/immunology	0.08860759493670886	39321806
chemokine cxcl1/metabolism	adipocytes/metabolism	0.050632911392405056	25802102
FTH1	hep g2 cells	0.12333657903278156	38581191
chemokine cxcl1/metabolism	obesity	0.012658227848101264	25802102
nf-kappa b/metabolism	IRF6	0.025316455696202528	30755716
lymphangiogenesis	CCL21	0.012658227848101264	24844408
nf-kappa b/metabolism	S100A8	0.05030834144758196	30755716
lymphangiogenesis	FLT4	0.012658227848101264	24844408
bone and bones/pathology	osteoclasts/cytology	0.012658227848101264	25802102
osteopontin/metabolism	cd36 antigens/metabolism	0.08860759493670886	39178310
ATL1	CD8A	0.1012658227848101	33277233
bone and bones/pathology	cathepsin k/metabolism	0.012658227848101264	25802102
neoplasms/pathology	cd36 antigens/metabolism	0.08860759493670886	39546763
janus kinases/metabolism	PIK3CD	0.025316455696202528	30563531
ATL1	AIFM2	0.012658227848101264	33277233
osteopontin/metabolism	F9	0.012658227848101264	39178310
nf-kappa b/metabolism	TNF	0.14703018500486856	30755716
neoplasms/pathology	MAPK1	0.012658227848101264	39546763
neoplasms/pathology	AHSA1	0.012658227848101264	39546763
osteopontin/metabolism	SPP1	0.012658227848101264	39178310
colonic neoplasms/microbiology	diet high-fat	0.03797468354430379	32353824
liver neoplasms/immunology	neoplastic stem cells/immunology	0.012658227848101264	39321806
neoplasms/pathology	AIMP2	0.012658227848101264	39546763
osteopontin/metabolism	CCDC6	0.012658227848101264	39178310
neoplasms/pathology	MAPK14	0.012658227848101264	39546763
bone and bones/pathology	bone marrow/metabolism	0.012658227848101264	25802102
osteopontin/metabolism	DUSP2	0.012658227848101264	39178310
nf-kappa b/metabolism	IL22	0.025316455696202528	32353824
chemokine cxcl1/metabolism	chemokine cxcl2/metabolism	0.012658227848101264	25802102
colonic neoplasms/microbiology	ht29 cells	0.012658227848101264	32353824
osteopontin/metabolism	ZCCHC12	0.012658227848101264	39178310
lymphangiogenesis	KDR	0.012658227848101264	24844408
interferon type i/metabolism	tumor microenvironment/immunology	0.006815968841285298	39166450
interferon type i/metabolism	tumor microenvironment/immunology	0.006815968841285298	39546763
bone and bones/pathology	chemokine cxcl1/metabolism	0.012658227848101264	25802102
janus kinases/metabolism	PIK3CG	0.025316455696202528	30563531
nf-kappa b/metabolism	IL17A	0.07497565725413827	32353824
bone and bones/pathology	prostatic neoplasms/pathology	0.03797468354430379	25802102
osteopontin/metabolism	PTCH1	0.012658227848101264	39178310
chemokine cxcl1/metabolism	bone marrow cells/metabolism	0.012658227848101264	25802102
osteopontin/metabolism	RET	0.012658227848101264	39178310
neoplasms/pathology	CRK	0.012658227848101264	39546763
colonic neoplasms/microbiology	tumor microenvironment/physiology	0.03797468354430379	32353824
interferon type i/metabolism	disease progression	0.14703018500486856	39546763
chemokine cxcl1/metabolism	bone neoplasms/secondary	0.012658227848101264	25802102
lymphangiogenesis	CCL19	0.012658227848101264	24844408
chemokine cxcl1/metabolism	cell differentiation	0.03797468354430379	25802102
janus kinases/metabolism	AKT1	0.025316455696202528	30563531
interferon type i/metabolism	heme/metabolism	0.025316455696202528	39166450
liver neoplasms/immunology	cd36 antigens/metabolism	0.08860759493670886	39321806
tumor microenvironment/immunology	receptors interleukin-17/metabolism	0.08860759493670885	31802182
tumor microenvironment/immunology	cd36 antigens/metabolism	1.8691136028436278e-05	39178310
tumor microenvironment/immunology	cd36 antigens/metabolism	1.8691136028436278e-05	31802182
tumor microenvironment/immunology	cd36 antigens/metabolism	1.8691136028436278e-05	39546763
tumor microenvironment/immunology	cd36 antigens/metabolism	1.8691136028436278e-05	39321806
tumor microenvironment/immunology	cd36 antigens/metabolism	1.8691136028436278e-05	39166450
lymphangiogenesis	CSF1	0.03797468354430379	24844408
bone and bones/pathology	adipocytes/metabolism	0.050632911392405056	25802102
interferon type i/metabolism	macrophages/immunology	0.09931840311587149	39166450
janus kinases/metabolism	PIK3CB	0.025316455696202528	30563531
osteopontin/metabolism	TAS2R38	0.012658227848101264	39178310
chemokine cxcl1/metabolism	osteolysis/pathology	0.012658227848101264	25802102
bone and bones/pathology	obesity	0.012658227848101264	25802102
colonic neoplasms/microbiology	NFKB1	0.07594936708860758	32353824
tumor microenvironment/immunology	CD4	0.08860759493670885	30535532
bone and bones/pathology	chemokine cxcl2/metabolism	0.012658227848101264	25802102
colonic neoplasms/microbiology	APC	0.012658227848101264	32353824
tumor microenvironment/immunology	MAPK1	0.08860759493670885	39546763
tumor microenvironment/immunology	AHSA1	0.08860759493670885	39546763
bone and bones/pathology	bone marrow cells/metabolism	0.012658227848101264	25802102
cell line tumor	glycogen synthase kinase 3/metabolism	0.37974683544303794	34093872
tumor microenvironment/immunology	F9	0.08860759493670885	39178310
bone and bones/pathology	bone neoplasms/secondary	0.012658227848101264	25802102
tumor microenvironment/immunology	AIMP2	0.08860759493670885	39546763
bone and bones/pathology	cell differentiation	0.03797468354430379	25802102
tumor microenvironment/immunology	CSF3	0.08860759493670885	30535532
disease progression	MAPK1	0.07594936708860758	39546763
tumor microenvironment/immunology	MAPK14	0.08860759493670885	39546763
disease progression	AHSA1	0.07594936708860758	39546763
bone and bones/pathology	osteolysis/pathology	0.012658227848101264	25802102
neoplasms/pathology	RNF19A	0.012658227848101264	39546763
disease progression	F9	0.07594936708860758	39178310
tumor microenvironment/immunology	SPP1	0.08860759493670885	39178310
tumor microenvironment/immunology	FABP4	0.08860759493670885	31802182
disease progression	AIMP2	0.07594936708860758	39546763
tumor microenvironment/immunology	CCDC6	0.08860759493670885	39178310
neoplasms/pathology	POLDIP2	0.012658227848101264	39546763
chemokine cxcl1/metabolism	CBX8	0.012658227848101264	25802102
interferon type i/metabolism	cd36 antigens/metabolism	0.006815968841285298	39166450
interferon type i/metabolism	cd36 antigens/metabolism	0.006815968841285298	39546763
disease progression	MAPK14	0.07594936708860758	39546763
chemokine cxcl1/metabolism	ACTR1B	0.012658227848101264	25802102
chemokine cxcl1/metabolism	BTG2	0.012658227848101264	25802102
colonic neoplasms/microbiology	IL22	0.012658227848101264	32353824
bone and bones/pathology	CBX8	0.012658227848101264	25802102
tumor microenvironment/immunology	DUSP2	0.08860759493670885	39178310
bone and bones/pathology	ACTR1B	0.012658227848101264	25802102
bone and bones/pathology	BTG2	0.012658227848101264	25802102
extracellular traps/immunology	ovarian neoplasms/pathology	0.012658227848101264	39753138
disease progression	SPP1	0.07594936708860758	39178310
colonic neoplasms/microbiology	IL17A	0.03797468354430379	32353824
chemokine cxcl1/metabolism	PCSK1	0.012658227848101264	25802102
tumor microenvironment/immunology	CRK	0.08860759493670885	39546763
bone and bones/pathology	PCSK1	0.012658227848101264	25802102
disease progression	FABP4	0.07594936708860758	31802182
GSK3B	PDCD1	0.07594936708860758	34093872
tumor microenvironment/immunology	ZCCHC12	0.08860759493670885	39178310
interferon type i/metabolism	MAPK1	0.025316455696202528	39546763
bone and bones/pathology	CXCR2	0.012658227848101264	25802102
interferon type i/metabolism	AHSA1	0.025316455696202528	39546763
thyroid cancer papillary/immunology	osteopontin/metabolism	0.012658227848101264	39178310
chemokine cxcl1/metabolism	CXCR2	0.012658227848101264	25802102
disease progression	CCDC6	0.07594936708860758	39178310
disease progression	IL1B	0.14703018500486853	34919143
GSK3B	PRKAA1	0.012658227848101264	34093872
interferon type i/metabolism	AIMP2	0.025316455696202528	39546763
tumor microenvironment/immunology	IL17RA	0.08860759493670885	31802182
tumor microenvironment/immunology	PTCH1	0.08860759493670885	39178310
GSK3B	GABPA	0.012658227848101264	34093872
bone and bones/pathology	KRT6A	0.012658227848101264	25802102
interferon type i/metabolism	MAPK14	0.025316455696202528	39546763
bone and bones/pathology	CXCL1	0.012658227848101264	25802102
tumor microenvironment/immunology	RET	0.08860759493670885	39178310
GSK3B	MTOR	0.012658227848101264	34093872
disease progression	DUSP2	0.07594936708860758	39178310
liver neoplasms/immunology	IL34	0.012658227848101264	39321806
extracellular traps/immunology	peritoneal neoplasms/secondary	0.012658227848101264	39753138
chemokine cxcl1/metabolism	KRT6A	0.012658227848101264	25802102
GSK3B	BTRC	0.012658227848101264	34093872
bone and bones/pathology	CXCL2	0.012658227848101264	25802102
GSK3B	PRKAA2	0.012658227848101264	34093872
chemokine cxcl1/metabolism	CXCL1	0.012658227848101264	25802102
disease progression	CRK	0.07594936708860758	39546763
GSK3B	CD274	0.050632911392405056	34093872
extracellular traps/immunology	protein tyrosine phosphatase non-receptor type 6/metabolism	0.012658227848101264	39753138
thyroid cancer papillary/immunology	tumor microenvironment/immunology	0.08860759493670886	39178310
disease progression	ZCCHC12	0.07594936708860758	39178310
tumor microenvironment/immunology	IL34	0.08860759493670885	39321806
GSK3B	NFE2L2	0.050632911392405056	34093872
extracellular traps/immunology	omentum/immunology	0.012658227848101264	39753138
interferon type i/metabolism	CRK	0.025316455696202528	39546763
chemokine cxcl1/metabolism	CXCL2	0.012658227848101264	25802102
tumor microenvironment/immunology	PTPRC	0.08860759493670885	30535532
GSK3B	CD8A	0.1012658227848101	34093872
tumor microenvironment/immunology	IL10	0.31528165372269307	30535532
disease progression	IL17RA	0.07594936708860758	31802182
cachexia/immunology	stat3 transcription factor/immunology	0.012658227848101264	32344015
thyroid cancer papillary/immunology	disease progression	0.07594936708860758	39178310
non-alcoholic fatty liver disease/genetics	hep g2 cells	0.05030834144758196	33346004
tumor microenvironment/immunology	RNF19A	0.08860759493670885	39546763
disease progression	PTCH1	0.07594936708860758	39178310
GSK3B	PRKAB1	0.012658227848101264	34093872
non-alcoholic fatty liver disease/genetics	autophagy	0.05030834144758196	33346004
tumor microenvironment/immunology	TAS2R38	0.08860759493670885	39178310
disease progression	RET	0.07594936708860758	39178310
cachexia/immunology	macrophages/immunology	0.050632911392405056	32344015
GSK3B	RPL17-C18orf32	0.07594936708860758	34093872
extracellular traps/immunology	CXCL13	0.012658227848101264	39753138
thyroid cancer papillary/immunology	macrophages/immunology	0.050632911392405056	39178310
GSK3B	RPL17	0.07594936708860758	34093872
disease progression	THBS2	0.07594936708860758	34958892
tumor microenvironment/immunology	POLDIP2	0.08860759493670885	39546763
GSK3B	MRLN	0.050632911392405056	34093872
tumor microenvironment/immunology	ITGAM	0.08860759493670885	24021059
GSK3B	CTLA4	0.012658227848101264	34093872
tumor microenvironment/immunology	IL17A	0.24581747366557488	31802182
disease progression	PTEN	0.07594936708860758	29777149
cachexia/immunology	muscle fibers skeletal/drug effects	0.012658227848101264	32344015
thyroid cancer papillary/immunology	neoplasm recurrence local/immunology	0.012658227848101264	39178310
endostatins/genetics	carcinoma renal cell/blood	0.012658227848101264	27044818
hydroxymethylglutaryl-coa reductase inhibitors/pharmacology	breast neoplasms/drug therapy	0.012658227848101264	27756885
disease progression	MAPK8	0.14703018500486853	34958892
extracellular traps/immunology	PTPN6	0.012658227848101264	39753138
hydroxymethylglutaryl-coa reductase inhibitors/pharmacology	interleukin-6/metabolism	0.03797468354430379	27756885
endostatins/genetics	cytokines/blood	0.03797468354430379	27044818
extracellular traps/immunology	IL10	0.050632911392405056	39753138
disease progression	MAP2K7	0.07594936708860758	34958892
interferon type i/metabolism	RNF19A	0.025316455696202528	39546763
hydroxymethylglutaryl-coa reductase inhibitors/pharmacology	stat3 transcription factor/metabolism	0.06329113924050632	27756885
non-alcoholic fatty liver disease/genetics	growth differentiation factor 15/genetics	0.025316455696202528	33346004
hydroxymethylglutaryl-coa reductase inhibitors/pharmacology	inflammation/immunology	0.012658227848101264	27756885
carcinoma hepatocellular/chemically induced	SNAI2	0.012658227848101264	37946098
interferon type i/metabolism	POLDIP2	0.025316455696202528	39546763
non-alcoholic fatty liver disease/genetics	hepatic stellate cells/metabolism	0.05030834144758196	33346004
hydroxymethylglutaryl-coa reductase inhibitors/pharmacology	macrophage colony-stimulating factor/antagonists &amp; inhibitors	0.012658227848101264	27756885
thyroid cancer papillary/immunology	cd36 antigens/metabolism	0.08860759493670886	39178310
non-alcoholic fatty liver disease/genetics	lipid metabolism/physiology	0.025316455696202528	37108378
carcinoma hepatocellular/chemically induced	SMAD2	0.012658227848101264	37946098
stem cell factor/metabolism	macrophages/immunology	0.050632911392405056	31257391
immunity innate	stem cell factor/metabolism	0.025316455696202528	31257391
disease progression	RNF19A	0.07594936708860758	39546763
carcinoma hepatocellular/chemically induced	CDH2	0.012658227848101264	37946098
antigens cd/metabolism	estradiol/pharmacology	0.012658227848101264	30420335
immunity innate	b-lymphocytes/immunology	0.025316455696202528	39753138
carcinoma hepatocellular/chemically induced	KLF10	0.012658227848101264	37946098
disease progression	TAS2R38	0.07594936708860758	39178310
stem cell factor/metabolism	plant extracts/pharmacology	0.012658227848101264	31257391
disease progression	POLDIP2	0.07594936708860758	39546763
cachexia/immunology	CD163	0.025316455696202528	32344015
immunity innate	extracellular traps/immunology	0.025316455696202528	39753138
thyroid cancer papillary/immunology	F9	0.012658227848101264	39178310
perilipin-5/genetics	carcinoma hepatocellular/genetics	0.025316455696202528	37108378
disease progression	IL17A	0.21349536539409958	31802182
non-alcoholic fatty liver disease/genetics	stat3 transcription factor/metabolism	0.12333657903278158	37108378
perilipin-5/genetics	interleukin-6/genetics	0.012658227848101264	37108378
diet high-fat/adverse effects	apoptosis	0.03797468354430379	24844408
stem cell factor/metabolism	tumor necrosis factor-alpha/metabolism	0.03797468354430379	31257391
hydroxymethylglutaryl-coa reductase inhibitors/pharmacology	mesenchymal stem cells/immunology	0.012658227848101264	27756885
diet high-fat/adverse effects	lymphatic metastasis	0.03797468354430379	24844408
stem cell factor/metabolism	digestion	0.012658227848101264	31257391
diet high-fat/adverse effects	DCN	0.03797468354430379	32359100
thyroid cancer papillary/immunology	SPP1	0.012658227848101264	39178310
colorectal neoplasms/metabolism	hyperlipidemias	0.012658227848101264	36160648
perilipin-5/genetics	lipids	0.012658227848101264	37108378
non-alcoholic fatty liver disease/genetics	perilipin-5/genetics	0.025316455696202528	37108378
diet high-fat/adverse effects	CCL2	0.180262775199484	24844408
thyroid cancer papillary/immunology	CCDC6	0.012658227848101264	39178310
non-alcoholic fatty liver disease/genetics	cell proliferation	0.19344368711457316	33346004
diet high-fat/adverse effects	CCR7	0.03797468354430379	24844408
non-alcoholic fatty liver disease/genetics	carcinoma hepatocellular/genetics	0.0003245699448231094	37108378
non-alcoholic fatty liver disease/genetics	carcinoma hepatocellular/genetics	0.0003245699448231094	33346004
diet high-fat/adverse effects	CCL21	0.03797468354430379	24844408
diet high-fat/adverse effects	FLT4	0.03797468354430379	24844408
stem cell factor/metabolism	cd36 antigens/metabolism	0.08860759493670886	31257391
diet high-fat/adverse effects	KDR	0.03797468354430379	24844408
stem cell factor/metabolism	rna messenger/metabolism	0.025316455696202528	31257391
thyroid cancer papillary/immunology	DUSP2	0.012658227848101264	39178310
colorectal neoplasms/metabolism	diet high-fat/adverse effects	0.03797468354430379	36160648
immunity innate	ovarian neoplasms/pathology	0.025316455696202528	39753138
diet high-fat/adverse effects	CCL19	0.03797468354430379	24844408
non-alcoholic fatty liver disease/genetics	interleukin-6/genetics	0.025316455696202528	37108378
thyroid cancer papillary/immunology	ZCCHC12	0.012658227848101264	39178310
stem cell factor/metabolism	gastrointestinal tract	0.012658227848101264	31257391
colon/metabolism	diet high-fat	0.03797468354430379	30755716
diet high-fat/adverse effects	CSF1	0.11101556671176926	24844408
thyroid cancer papillary/immunology	PTCH1	0.012658227848101264	39178310
hydroxymethylglutaryl-coa reductase inhibitors/pharmacology	neoplasm invasiveness	0.012658227848101264	27756885
immunity innate	macrophages/immunology	0.09931840311587149	31257391
thyroid cancer papillary/immunology	RET	0.012658227848101264	39178310
colorectal neoplasms/metabolism	scavenger receptors class e/genetics	0.012658227848101264	36160648
stat3 transcription factor/metabolism	inflammation/immunology	0.06329113924050632	27756885
NFE2L2	CD8A	0.35332156184921015	34093872
stat3 transcription factor/metabolism	myeloid cells/immunology	0.06329113924050632	24021059
stat3 transcription factor/metabolism	perilipin-5/genetics	0.06329113924050632	37108378
stat3 transcription factor/metabolism	cell proliferation	0.422300595251961	31802182
stat3 transcription factor/metabolism	carcinoma hepatocellular/genetics	0.12333657903278156	37108378
NFE2L2	PRKAB1	0.050632911392405056	34093872
stat3 transcription factor/metabolism	adipocytes/immunology	0.06329113924050632	31802182
diet high-fat/adverse effects	PROM1	0.03797468354430379	36160648
stat3 transcription factor/metabolism	macrophage colony-stimulating factor/antagonists &amp; inhibitors	0.06329113924050632	27756885
immunity innate	plant extracts/pharmacology	0.025316455696202528	31257391
antigens cd/metabolism	estrogen receptor alpha/genetics	0.012658227848101264	30420335
NFE2L2	RPL17-C18orf32	0.2755878365471969	34093872
non-alcoholic fatty liver disease/genetics	lipids	0.025316455696202528	37108378
stat3 transcription factor/metabolism	interleukin-6/genetics	0.06329113924050632	37108378
NFE2L2	RPL17	0.2755878365471969	34093872
diet high-fat/adverse effects	MRC1	0.07497565725413827	36160648
NFE2L2	MRLN	0.19104879131528035	34093872
NFE2L2	CTLA4	0.050632911392405056	34093872
stat3 transcription factor/metabolism	leptin/metabolism	0.06329113924050632	30563531
stat3 transcription factor/metabolism	ovary/pathology	0.06329113924050632	31802182
stat3 transcription factor/metabolism	procollagen-lysine 2-oxoglutarate 5-dioxygenase/deficiency	0.06329113924050632	30563531
hydroxymethylglutaryl-coa reductase inhibitors/pharmacology	paracrine communication	0.025316455696202528	27756885
stat3 transcription factor/metabolism	tumor microenvironment/immunology	0.05965347111249843	24021059
stat3 transcription factor/metabolism	tumor microenvironment/immunology	0.05965347111249843	31802182
stat3 transcription factor/metabolism	lipids	0.06329113924050632	37108378
immunity innate	tumor necrosis factor-alpha/metabolism	0.07497565725413827	31257391
perilipin-5/genetics	PLIN1	0.012658227848101264	37108378
antigens cd/metabolism	hek293 cells	0.012658227848101264	30420335
immunity innate	digestion	0.025316455696202528	31257391
immunity innate	peritoneal neoplasms/secondary	0.025316455696202528	39753138
stat3 transcription factor/metabolism	breast neoplasms/pathology	0.06329113924050632	30563531
breast neoplasms/etiology	HGF	0.025316455696202528	24156623
colon/metabolism	neoplasm metastasis	0.06329113924050632	30755716
stat3 transcription factor/metabolism	mesenchymal stem cells/immunology	0.06329113924050632	27756885
breast neoplasms/etiology	NFKB1	0.07594936708860758	24156623
stat3 transcription factor/metabolism	disease progression	0.33354080962342125	31802182
hydroxymethylglutaryl-coa reductase inhibitors/pharmacology	EEF1A2	0.012658227848101264	27756885
thyroid cancer papillary/immunology	TAS2R38	0.012658227848101264	39178310
stat3 transcription factor/metabolism	breast neoplasms/immunology	0.06329113924050632	24021059
perilipin-5/genetics	IL6R	0.012658227848101264	37108378
stat3 transcription factor/metabolism	adipocytes/metabolism	0.23419285577846535	30563531
stat3 transcription factor/metabolism	3t3-l1 cells	0.06329113924050632	30563531
perilipin-5/genetics	PLIN5	0.012658227848101264	37108378
immunity innate	cd36 antigens/metabolism	0.17039922103213245	31257391
colon/metabolism	anti-inflammatory agents/pharmacology	0.012658227848101264	30755716
immunity innate	rna messenger/metabolism	0.05030834144758196	31257391
perilipin-5/genetics	TNF	0.07594936708860758	37108378
chemokine cxcl2/metabolism	bone marrow cells/metabolism	0.012658227848101264	25802102
stat3 transcription factor/metabolism	cell movement	0.06329113924050632	30563531
immunity innate	protein tyrosine phosphatase non-receptor type 6/metabolism	0.025316455696202528	39753138
stat3 transcription factor/metabolism	neoplasm metastasis	0.02997761731938947	24021059
stat3 transcription factor/metabolism	neoplasm metastasis	0.02997761731938947	30563531
chemokine cxcl2/metabolism	bone neoplasms/secondary	0.012658227848101264	25802102
stat3 transcription factor/metabolism	neoplasm invasiveness	0.06329113924050632	27756885
chemokine cxcl2/metabolism	cell differentiation	0.03797468354430379	25802102
immunity innate	gastrointestinal tract	0.025316455696202528	31257391
immunity innate	omentum/immunology	0.025316455696202528	39753138
chemokine cxcl2/metabolism	osteolysis/pathology	0.012658227848101264	25802102
stat3 transcription factor/metabolism	receptors interleukin-17/metabolism	0.06329113924050632	31802182
breast neoplasms/etiology	TNFSF11	0.012658227848101264	24156623
stem cell factor/metabolism	TNF	0.07594936708860758	31257391
stat3 transcription factor/metabolism	cd36 antigens/metabolism	0.3791886993752417	31802182
stat3 transcription factor/metabolism	paracrine communication	0.12333657903278156	27756885
FTH1	carbolines	0.06329113924050632	39287745
colon/metabolism	CCL2	0.06329113924050632	30755716
stat3 transcription factor/metabolism	EEF1A2	0.06329113924050632	27756885
colon/metabolism	NFKB1	0.07594936708860758	30755716
FTH1	cyclohexylamines	0.06329113924050632	39212400
hydroxymethylglutaryl-coa reductase inhibitors/pharmacology	CSF1	0.03797468354430379	27756885
FTH1	leydig cells/metabolism	0.06329113924050632	39212400
chemokine cxcl2/metabolism	CBX8	0.012658227848101264	25802102
antigens cd/metabolism	CD163	0.025316455696202528	30420335
FTH1	malondialdehyde/metabolism	0.12333657903278156	39212400
stat3 transcription factor/metabolism	FABP4	0.06329113924050632	31802182
FTH1	glucose/deficiency	0.06329113924050632	39287745
chemokine cxcl2/metabolism	ACTR1B	0.012658227848101264	25802102
cell proliferation	carcinoma hepatocellular/genetics	0.19344368711457316	33346004
chemokine cxcl2/metabolism	BTG2	0.012658227848101264	25802102
cell proliferation	adipocytes/immunology	0.10126582278481011	31802182
stat3 transcription factor/metabolism	PIK3CA	0.12333657903278156	30563531
FTH1	aging/metabolism	0.06329113924050632	40724917
chemokine cxcl2/metabolism	PCSK1	0.012658227848101264	25802102
FTH1	superoxide dismutase/metabolism	0.06329113924050632	39212400
stat3 transcription factor/metabolism	PLOD2	0.06329113924050632	30563531
cell proliferation	lung neoplasms/metabolism	0.19344368711457316	26208571
immunity innate	CXCL13	0.025316455696202528	39753138
FTH1	nf-e2-related factor 2/metabolism	0.06329113924050632	39287745
cell proliferation	hormones/blood	0.10126582278481011	24156623
cell proliferation	neovascularization pathologic	0.10126582278481011	24844408
stat3 transcription factor/metabolism	PLIN1	0.06329113924050632	37108378
cell proliferation	calgranulin b/genetics	0.10126582278481011	26208571
chemokine cxcl2/metabolism	CXCR2	0.012658227848101264	25802102
FTH1	antioxidants/metabolism	0.06329113924050632	40724917
cell proliferation	sexual maturation	0.10126582278481011	24156623
non-alcoholic fatty liver disease/genetics	autophagy-related protein 7/genetics	0.025316455696202528	33346004
cell proliferation	ovary/pathology	0.10126582278481011	31802182
stat3 transcription factor/metabolism	LEP	0.12333657903278156	30563531
FTH1	neurons/metabolism	0.06329113924050632	40724917
colorectal neoplasms/metabolism	PROM1	0.012658227848101264	36160648
FTH1	folic acid/pharmacology	0.06329113924050632	40724917
stat3 transcription factor/metabolism	IL17RA	0.06329113924050632	31802182
stat3 transcription factor/metabolism	CSF1	0.18026277519948403	27756885
cell proliferation	transforming growth factor beta1/metabolism	0.3533215618492101	34958892
FTH1	aminopyridines/pharmacology	0.06329113924050632	39287745
antigens cd/metabolism	TNF	0.07594936708860758	30420335
cell proliferation	alpha-ketoglutarate-dependent dioxygenase fto/metabolism	0.19344368711457316	31637575
chemokine cxcl2/metabolism	KRT6A	0.012658227848101264	25802102
cell proliferation	tumor microenvironment/immunology	0.5412198359183473	31802182
FTH1	cyclic nucleotide phosphodiesterases type 4/metabolism	0.06329113924050632	39287745
antigens cd/metabolism	ESR1	0.012658227848101264	30420335
carcinoma renal cell/blood	cytokines/blood	0.03797468354430379	27044818
cell proliferation	diet high-fat	0.277241745596176	24156623
stat3 transcription factor/metabolism	IL6R	0.06329113924050632	37108378
chemokine cxcl2/metabolism	CXCL1	0.012658227848101264	25802102
FTH1	chalcones/toxicity	0.06329113924050632	38581191
non-alcoholic fatty liver disease/genetics	paracrine communication	0.05030834144758196	33346004
colorectal neoplasms/metabolism	MRC1	0.025316455696202528	36160648
stat3 transcription factor/metabolism	PIK3CD	0.12333657903278156	30563531
cell proliferation	obesity/etiology	0.10126582278481011	24844408
cell proliferation	disease progression	0.11003064673950749	34958892
cell proliferation	disease progression	0.11003064673950749	31802182
3t3-l1 cells	cell movement	0.012658227848101264	30563531
stat3 transcription factor/metabolism	PLIN5	0.06329113924050632	37108378
FTH1	testosterone	0.06329113924050632	39212400
cell proliferation	angiopoietin-2/genetics	0.10126582278481011	26208571
3t3-l1 cells	neoplasm metastasis	0.06329113924050632	30563531
chemokine cxcl2/metabolism	CXCL2	0.012658227848101264	25802102
cell proliferation	adipocytes/metabolism	0.3533215618492101	24844408
stat3 transcription factor/metabolism	TNF	0.33354080962342125	37108378
FTH1	neurons/drug effects	0.18026277519948403	39287745
colon/metabolism	IRF6	0.012658227848101264	30755716
cell proliferation	breast neoplasms/etiology	0.10126582278481011	24156623
FTH1	reperfusion injury/pathology	0.06329113924050632	39287745
colon/metabolism	S100A8	0.025316455696202528	30755716
stat3 transcription factor/metabolism	PIK3CG	0.12333657903278156	30563531
antigens cd/metabolism	TNFAIP3	0.012658227848101264	30420335
FTH1	benzamides/pharmacology	0.06329113924050632	39287745
cell proliferation	transforming growth factor beta/metabolism	0.19344368711457316	26208571
antigens cd/metabolism	IL17A	0.03797468354430379	30420335
FTH1	brain ischemia/pathology	0.06329113924050632	39287745
stat3 transcription factor/metabolism	AKT1	0.12333657903278156	30563531
hepatocyte growth factor/blood	HGF	0.025316455696202528	32472095
cell proliferation	diet high-fat/adverse effects	0.277241745596176	24844408
FTH1	phenylenediamines	0.06329113924050632	39212400
cell proliferation	metabolic reprogramming	0.10126582278481011	38301989
stat3 transcription factor/metabolism	ITGAM	0.06329113924050632	24021059
cell proliferation	carcinoma hepatocellular/pathology	0.19344368711457316	38301989
FTH1	embryo nonmammalian/drug effects	0.06329113924050632	38581191
stat3 transcription factor/metabolism	IL17A	0.18026277519948403	31802182
cell proliferation	sweat glands/cytology	0.10126582278481011	31637575
stat3 transcription factor/metabolism	PIK3CB	0.12333657903278156	30563531
immunity innate	PTPN6	0.025316455696202528	39753138
FTH1	cystine/metabolism	0.06329113924050632	40724917
immunity innate	TNF	0.14703018500486856	31257391
hepatocyte growth factor/blood	NFKB1	0.07594936708860758	32472095
cell proliferation	tumor cells cultured	0.10126582278481011	24844408
cell proliferation	tumor necrosis factor-alpha/metabolism	0.277241745596176	31637575
FTH1	drugs chinese herbal/pharmacology	0.06329113924050632	39212400
immunity innate	IL10	0.09931840311587149	39753138
colon/metabolism	TNF	0.07594936708860758	30755716
FTH1	hydrogen peroxide	0.06329113924050632	39212400
FTH1	membrane potential mitochondrial/drug effects	0.06329113924050632	38581191
cell proliferation	cell differentiation	0.277241745596176	31637575
carcinoma hepatocellular/metabolism	pore forming cytotoxic proteins/metabolism	0.012658227848101264	35749514
cell proliferation	receptors interleukin-17/metabolism	0.10126582278481011	31802182
cell proliferation	autophagy-related protein 7/genetics	0.10126582278481011	33346004
3t3-l1 cells	PIK3CA	0.025316455696202528	30563531
cell proliferation	cd36 antigens/metabolism	0.5412198359183473	31802182
cell proliferation	rna messenger/metabolism	0.19344368711457316	31637575
FTH1	chemical and drug induced liver injury/metabolism	0.06329113924050632	38581191
3t3-l1 cells	PLOD2	0.012658227848101264	30563531
cell proliferation	receptor melanocortin type 4/physiology	0.10126582278481011	24844408
metabolic reprogramming	carcinoma hepatocellular/pathology	0.025316455696202528	38301989
cell proliferation	cancer-associated fibroblasts/pathology	0.10126582278481011	38301989
non-alcoholic fatty liver disease/genetics	GDF15	0.025316455696202528	33346004
FTH1	phosphodiesterase 4 inhibitors/pharmacology	0.06329113924050632	39287745
cell proliferation	paracrine communication	0.19344368711457316	33346004
cell proliferation	gene expression regulation	0.10126582278481011	31637575
cell proliferation	apoptosis	0.10126582278481011	24844408
cell proliferation	lymphatic metastasis	0.10126582278481011	24844408
3t3-l1 cells	LEP	0.025316455696202528	30563531
FTH1	PDE4B	0.06329113924050632	39287745
hepatocyte growth factor/blood	EGF	0.012658227848101264	32472095
cell proliferation	FAP	0.10126582278481011	38301989
FTH1	PDE4A	0.06329113924050632	39287745
cell proliferation	HGF	0.19344368711457316	24156623
FTH1	ATP8A2	0.06329113924050632	38581191
metabolic reprogramming	cancer-associated fibroblasts/pathology	0.012658227848101264	38301989
cell proliferation	CCL2	0.422300595251961	24844408
cell proliferation	NFKB1	0.4847545849544516	24156623
3t3-l1 cells	PIK3CD	0.025316455696202528	30563531
cell proliferation	NANOG	0.10126582278481011	31637575
carcinoma renal cell/blood	nih 3t3 cells	0.012658227848101264	27044818
FTH1	FGFR1	0.06329113924050632	39287745
cell proliferation	CCR7	0.10126582278481011	24844408
FTH1	NCOA4	0.12333657903278156	39287745
carcinoma renal cell/blood	angiogenesis inducing agents/metabolism	0.012658227848101264	27044818
carcinoma hepatocellular/metabolism	phosphate-binding proteins/metabolism	0.012658227848101264	35749514
cell proliferation	GDF15	0.10126582278481011	33346004
cell proliferation	FABP4	0.10126582278481011	31802182
metabolic reprogramming	FAP	0.012658227848101264	38301989
FTH1	TPM3	0.06329113924050632	39212400
cell proliferation	CCL21	0.10126582278481011	24844408
cell proliferation	FLT4	0.10126582278481011	24844408
carcinoma hepatocellular/metabolism	cellular senescence	0.012658227848101264	35749514
pore forming cytotoxic proteins/metabolism	phosphate-binding proteins/metabolism	0.012658227848101264	35749514
non-alcoholic fatty liver disease/genetics	PLIN1	0.025316455696202528	37108378
cell proliferation	KDR	0.10126582278481011	24844408
pore forming cytotoxic proteins/metabolism	cellular senescence	0.012658227848101264	35749514
3t3-l1 cells	PIK3CG	0.025316455696202528	30563531
3t3-l1 cells	AKT1	0.025316455696202528	30563531
hepatocyte growth factor/blood	LEP	0.025316455696202528	32472095
carcinoma renal cell/blood	anti-inflammatory agents/metabolism	0.012658227848101264	27044818
cell proliferation	CCL19	0.10126582278481011	24844408
3t3-l1 cells	PIK3CB	0.025316455696202528	30563531
cell proliferation	ANGPT2	0.10126582278481011	26208571
cell proliferation	IL17RA	0.10126582278481011	31802182
pore forming cytotoxic proteins/metabolism	obesity/complications	0.012658227848101264	35749514
cell proliferation	CSF1	0.277241745596176	24844408
diterpenes	hepatitis a virus cellular receptor 2/metabolism	0.012658227848101264	35238098
cell proliferation	ATG7	0.10126582278481011	33346004
cell proliferation	THBS2	0.10126582278481011	34958892
cell communication/drug effects	tumor necrosis factor alpha-induced protein 3/metabolism	0.012658227848101264	30420335
cell proliferation	S100A8	0.19344368711457316	26208571
cell proliferation	S100A9	0.10126582278481011	26208571
carcinoma renal cell/blood	cell polarity	0.012658227848101264	27044818
non-alcoholic fatty liver disease/genetics	ATG7	0.025316455696202528	33346004
carcinoma renal cell/blood	neoplasm metastasis	0.06329113924050632	27044818
carcinoma hepatocellular/metabolism	obesity/complications	0.012658227848101264	35749514
cell communication/drug effects	endometrial neoplasms/genetics	0.012658227848101264	30420335
IFNA1	TLR4	0.0028958383388763137	39166450
IFNA1	TLR4	0.0028958383388763137	30830879
cell proliferation	MAPK8	0.19344368711457316	34958892
cell proliferation	MAP2K7	0.10126582278481011	34958892
hepatocyte growth factor/blood	JUN	0.012658227848101264	32472095
non-alcoholic fatty liver disease/genetics	IL6R	0.025316455696202528	37108378
cell proliferation	TNFSF11	0.10126582278481011	24156623
cell proliferation	TNF	0.4847545849544516	31637575
pore forming cytotoxic proteins/metabolism	interleukin-33/metabolism	0.012658227848101264	35749514
cell proliferation	FAM126A	0.10126582278481011	38301989
metabolic reprogramming	FAM126A	0.012658227848101264	38301989
cell proliferation	FTO	0.19344368711457316	31637575
diterpenes	colorectal neoplasms/drug therapy	0.012658227848101264	35238098
leptin/metabolism	procollagen-lysine 2-oxoglutarate 5-dioxygenase/deficiency	0.012658227848101264	30563531
cytokines/biosynthesis	hypoxia	0.012658227848101264	21566463
hepatic stellate cells/metabolism	carcinoma hepatocellular/metabolism	0.025316455696202528	35749514
cell proliferation	VIM	0.10126582278481011	38301989
cytokines/biosynthesis	cell communication	0.012658227848101264	21566463
hepatocyte growth factor/blood	MAPK8	0.025316455696202528	32472095
metabolic reprogramming	VIM	0.012658227848101264	38301989
non-alcoholic fatty liver disease/genetics	PLIN5	0.025316455696202528	37108378
cell proliferation	IL17A	0.277241745596176	31802182
cytokines/biosynthesis	caveolin 1/deficiency	0.012658227848101264	21566463
pore forming cytotoxic proteins/metabolism	SULT2A1	0.012658227848101264	35749514
IFNA1	TRIM69	0.03797468354430379	30830879
leptin/metabolism	breast neoplasms/pathology	0.012658227848101264	30563531
hepatic stellate cells/metabolism	pore forming cytotoxic proteins/metabolism	0.025316455696202528	35749514
hepatocyte growth factor/blood	ADIPOQ	0.012658227848101264	32472095
pore forming cytotoxic proteins/metabolism	IL1RL1	0.012658227848101264	35749514
non-alcoholic fatty liver disease/genetics	TNF	0.14703018500486856	37108378
carcinoma hepatocellular/metabolism	interleukin-33/metabolism	0.012658227848101264	35749514
hepatic stellate cells/metabolism	cell proliferation	0.19344368711457316	33346004
pore forming cytotoxic proteins/metabolism	IL1B	0.025316455696202528	35749514
cell communication/drug effects	antigens cd/metabolism	0.012658227848101264	30420335
hepatic stellate cells/metabolism	carcinoma hepatocellular/genetics	0.05030834144758196	33346004
cell communication/drug effects	estradiol/pharmacology	0.012658227848101264	30420335
leptin/metabolism	adipocytes/metabolism	0.050632911392405056	30563531
diterpenes	tumor necrosis factor-alpha/metabolism	0.03797468354430379	35238098
leptin/metabolism	3t3-l1 cells	0.012658227848101264	30563531
cytokines/biosynthesis	NFKB1	0.07594936708860758	21566463
carcinoma renal cell/blood	IL4	0.012658227848101264	27044818
diterpenes	cell differentiation	0.03797468354430379	35238098
hepatic stellate cells/metabolism	phosphate-binding proteins/metabolism	0.025316455696202528	35749514
pore forming cytotoxic proteins/metabolism	IL33	0.012658227848101264	35749514
pore forming cytotoxic proteins/metabolism	SDCBP2	0.012658227848101264	35749514
hepatic stellate cells/metabolism	cellular senescence	0.025316455696202528	35749514
carcinoma hepatocellular/pathology	periostin	0.025316455696202528	38351345
cytokines/biosynthesis	CSF2	0.012658227848101264	21566463
leptin/metabolism	cell movement	0.012658227848101264	30563531
carcinoma hepatocellular/pathology	cd36 antigens/metabolism	0.17039922103213245	38351345
carcinoma renal cell/blood	ARG1	0.012658227848101264	27044818
cytokines/biosynthesis	CXCL8	0.025316455696202528	21566463
carcinoma hepatocellular/metabolism	SULT2A1	0.012658227848101264	35749514
carcinoma hepatocellular/pathology	endothelial progenitor cells/metabolism	0.025316455696202528	38351345
leptin/metabolism	neoplasm metastasis	0.06329113924050632	30563531
carcinoma hepatocellular/pathology	cancer-associated fibroblasts/pathology	0.025316455696202528	38301989
pore forming cytotoxic proteins/metabolism	GSDMD	0.012658227848101264	35749514
diterpenes	cd8-positive t-lymphocytes	0.012658227848101264	35238098
metabolic networks and pathways	disease progression	0.07594936708860758	34919143
cytokines/biosynthesis	CAV1	0.012658227848101264	21566463
carcinoma renal cell/blood	IL13	0.012658227848101264	27044818
carcinoma hepatocellular/metabolism	IL1RL1	0.012658227848101264	35749514
carcinoma hepatocellular/pathology	FAP	0.025316455696202528	38301989
lipids	PLIN1	0.012658227848101264	37108378
diterpenes	ARHGEF5	0.012658227848101264	35238098
carcinoma hepatocellular/pathology	CCL2	0.12333657903278158	38351345
carcinoma hepatocellular/pathology	NFKB1	0.14703018500486856	38351345
carcinoma renal cell/blood	CD209	0.012658227848101264	27044818
IFNA1	phagocytosis	0.03797468354430379	39166450
carcinoma hepatocellular/metabolism	IL1B	0.025316455696202528	35749514
hepatic stellate cells/metabolism	obesity/complications	0.025316455696202528	35749514
cytokines/biosynthesis	IL10	0.050632911392405056	21566463
diterpenes	CCL2	0.06329113924050632	35238098
diterpenes	TPI1	0.012658227848101264	35238098
carcinoma hepatocellular/pathology	CCR2	0.05030834144758196	38351345
metabolic networks and pathways	cell plasticity/genetics	0.012658227848101264	34919143
cytokines/biosynthesis	CCL5	0.012658227848101264	21566463
lipids	IL6R	0.012658227848101264	37108378
carcinoma hepatocellular/pathology	CXCL8	0.05030834144758196	38351345
lipids	PLIN5	0.012658227848101264	37108378
NFE2L2	carbolines	0.050632911392405056	39287745
NFE2L2	polysaccharides/pharmacology	0.050632911392405056	40752796
carcinoma hepatocellular/pathology	POSTN	0.025316455696202528	38351345
carcinoma hepatocellular/metabolism	IL33	0.012658227848101264	35749514
carcinoma hepatocellular/metabolism	SDCBP2	0.012658227848101264	35749514
NFE2L2	glucose/deficiency	0.050632911392405056	39287745
diterpenes	CCR2	0.025316455696202528	35238098
carcinoma renal cell/blood	IL10	0.050632911392405056	27044818
IFNA1	tumor-associated macrophages/metabolism	0.03797468354430379	39546763
lipids	TNF	0.07594936708860758	37108378
NFE2L2	nf-e2-related factor 2/metabolism	0.050632911392405056	39287745
carcinoma hepatocellular/pathology	FAM126A	0.025316455696202528	38301989
hepatic stellate cells/metabolism	interleukin-33/metabolism	0.025316455696202528	35749514
metabolic networks and pathways	IL1B	0.025316455696202528	34919143
diterpenes	HAVCR2	0.012658227848101264	35238098
NFE2L2	aminopyridines/pharmacology	0.050632911392405056	39287745
carcinoma hepatocellular/metabolism	GSDMD	0.012658227848101264	35749514
diterpenes	HNF4A	0.012658227848101264	35238098
carcinoma hepatocellular/pathology	VIM	0.025316455696202528	38301989
NFE2L2	cyclic nucleotide phosphodiesterases type 4/metabolism	0.050632911392405056	39287745
leptin/metabolism	PIK3CA	0.025316455696202528	30563531
carcinoma renal cell/blood	MRC1	0.025316455696202528	27044818
hepatic stellate cells/metabolism	autophagy-related protein 7/genetics	0.025316455696202528	33346004
cell communication/drug effects	estrogen receptor alpha/genetics	0.012658227848101264	30420335
leptin/metabolism	PLOD2	0.012658227848101264	30563531
diterpenes	TCF7	0.012658227848101264	35238098
NFE2L2	neurons/drug effects	0.1461070574994626	39287745
lipid metabolism	prostatic neoplasms/immunology	0.012658227848101264	34919143
NFE2L2	reperfusion injury/pathology	0.050632911392405056	39287745
hepatic stellate cells/metabolism	paracrine communication	0.05030834144758196	33346004
liver cirrhosis/chemically induced	carcinoma hepatocellular/chemically induced	0.012658227848101264	37946098
NFE2L2	benzamides/pharmacology	0.050632911392405056	39287745
IFNA1	neoplasms/pathology	0.03797468354430379	39546763
NFE2L2	brain ischemia/pathology	0.050632911392405056	39287745
liver cirrhosis/chemically induced	transforming growth factor beta/metabolism	0.025316455696202528	37946098
NFE2L2	kidney/drug effects	0.050632911392405056	40752796
lipid metabolism	heterografts	0.012658227848101264	34919143
leptin/metabolism	LEP	0.025316455696202528	30563531
NFE2L2	diabetic nephropathies/drug therapy	0.050632911392405056	40752796
cell communication/drug effects	hek293 cells	0.012658227848101264	30420335
hepatic stellate cells/metabolism	SULT2A1	0.025316455696202528	35749514
NFE2L2	phosphodiesterase 4 inhibitors/pharmacology	0.050632911392405056	39287745
obesity	chemokine cxcl2/metabolism	0.012658227848101264	25802102
liver cirrhosis/chemically induced	kruppel-like transcription factors/genetics	0.025316455696202528	37946098
NFE2L2	LPO	0.050632911392405056	40752796
diterpenes	TNF	0.07594936708860758	35238098
NFE2L2	PDE4B	0.050632911392405056	39287745
angiopoietin-2/genetics	transforming growth factor beta/metabolism	0.025316455696202528	26208571
breast neoplasms/drug therapy	interleukin-6/metabolism	0.03797468354430379	27756885
NFE2L2	PDE4A	0.050632911392405056	39287745
hepatic stellate cells/metabolism	IL1RL1	0.025316455696202528	35749514
IFNA1	endometrial neoplasms/immunology	0.03797468354430379	39166450
breast neoplasms/drug therapy	stat3 transcription factor/metabolism	0.06329113924050632	27756885
breast neoplasms/drug therapy	inflammation/immunology	0.012658227848101264	27756885
NFE2L2	FGFR1	0.050632911392405056	39287745
leptin/metabolism	PIK3CD	0.025316455696202528	30563531
NFE2L2	NCOA4	0.09931840311587149	39287745
hepatic stellate cells/metabolism	GDF15	0.025316455696202528	33346004
obesity	bone marrow cells/metabolism	0.012658227848101264	25802102
liver cirrhosis/chemically induced	SNAI2	0.012658227848101264	37946098
diterpenes	HNF1A	0.012658227848101264	35238098
macrophage colony-stimulating factor/metabolism	brain neoplasms/pathology	0.012658227848101264	40287444
breast neoplasms/drug therapy	macrophage colony-stimulating factor/antagonists &amp; inhibitors	0.012658227848101264	27756885
hepatic stellate cells/metabolism	IL1B	0.05030834144758196	35749514
obesity	bone neoplasms/secondary	0.012658227848101264	25802102
diterpenes	TIMELESS	0.012658227848101264	35238098
obesity	cell differentiation	0.03797468354430379	25802102
IL6	RPL17-C18orf32	0.528296451014639	38301989
diterpenes	HAVCR1	0.012658227848101264	35238098
IL6	RPL17	0.528296451014639	38301989
liver cirrhosis/chemically induced	SMAD2	0.012658227848101264	37946098
liver cirrhosis/chemically induced	CDH2	0.012658227848101264	37946098
IL6	GGT1	0.11392405063291138	34991659
leptin/metabolism	PIK3CG	0.025316455696202528	30563531
liver cirrhosis/chemically induced	KLF10	0.012658227848101264	37946098
obesity	osteolysis/pathology	0.012658227848101264	25802102
breast neoplasms/drug therapy	mesenchymal stem cells/immunology	0.012658227848101264	27756885
IL6	janus kinases/metabolism	0.11392405063291138	30563531
IFNA1	interferon type i/metabolism	0.0009737098344693282	39166450
IFNA1	interferon type i/metabolism	0.0009737098344693282	39546763
epithelial cells/metabolism	stem cells/metabolism	0.012658227848101264	32359100
IL6	non-alcoholic fatty liver disease/genetics	0.21616358325219084	37108378
leptin/metabolism	AKT1	0.025316455696202528	30563531
tumor-associated macrophages/metabolism	neoplasms/pathology	0.012658227848101264	39546763
hepatic stellate cells/metabolism	ATG7	0.025316455696202528	33346004
bone marrow cells/metabolism	CBX8	0.012658227848101264	25802102
leptin/metabolism	PIK3CB	0.025316455696202528	30563531
epithelial cells/metabolism	transforming growth factor beta1/metabolism	0.050632911392405056	32359100
IL6	obesity/chemically induced	0.11392405063291138	32472095
bone marrow cells/metabolism	ACTR1B	0.012658227848101264	25802102
IFNA1	tumor microenvironment/immunology	0.019562715765247415	39166450
IFNA1	tumor microenvironment/immunology	0.019562715765247415	39546763
macrophage colony-stimulating factor/metabolism	CSF1	0.03797468354430379	40287444
bone marrow cells/metabolism	BTG2	0.012658227848101264	25802102
breast neoplasms/drug therapy	neoplasm invasiveness	0.012658227848101264	27756885
SMAD3	JAK2	0.012658227848101264	34991659
hepatic stellate cells/metabolism	IL33	0.025316455696202528	35749514
hepatic stellate cells/metabolism	SDCBP2	0.025316455696202528	35749514
epithelial cells/metabolism	mammary glands human/metabolism	0.012658227848101264	32359100
bone marrow cells/metabolism	PCSK1	0.012658227848101264	25802102
IL6	neoplasm recurrence local	0.11392405063291138	27756885
SMAD3	IL6	0.11392405063291138	34991659
IL6	autophagy	0.21616358325219084	21566463
breast neoplasms/drug therapy	paracrine communication	0.025316455696202528	27756885
bone marrow cells/metabolism	CXCR2	0.012658227848101264	25802102
IL6	hydroxymethylglutaryl-coa reductase inhibitors/pharmacology	0.11392405063291138	27756885
IFNA1	disease progression	0.21349536539409955	39546763
obesity	CBX8	0.012658227848101264	25802102
macrophage colony-stimulating factor/metabolism	FTO	0.025316455696202528	40287444
epithelial cells/metabolism	diet high-fat/adverse effects	0.03797468354430379	32359100
IL6	interleukin-6 receptor alpha subunit/blood	0.11392405063291138	24021059
IL6	biomarkers/blood	0.11392405063291138	32472095
IFNA1	heme/metabolism	0.03797468354430379	39166450
obesity	ACTR1B	0.012658227848101264	25802102
macrophage colony-stimulating factor/metabolism	YTHDF2	0.012658227848101264	40287444
breast neoplasms/drug therapy	EEF1A2	0.012658227848101264	27756885
obesity	BTG2	0.012658227848101264	25802102
hepatic stellate cells/metabolism	GSDMD	0.025316455696202528	35749514
ovarian neoplasms/pathology	peritoneal neoplasms/secondary	0.012658227848101264	39753138
tumor-associated macrophages/metabolism	interferon type i/metabolism	0.025316455696202528	39546763
cell communication/drug effects	CD163	0.025316455696202528	30420335
IL6	breast neoplasms/metabolism	0.30778082676816854	32472095
epithelial cells/metabolism	tumor microenvironment/physiology	0.03797468354430379	32359100
obesity	PCSK1	0.012658227848101264	25802102
SMAD3	GGT1	0.012658227848101264	34991659
bone marrow cells/metabolism	KRT6A	0.012658227848101264	25802102
IFNA1	macrophages/immunology	0.1461070574994626	39166450
IL6	proto-oncogene proteins c-akt/metabolism	0.11392405063291138	30563531
IL6	neoplasms/metabolism	0.11392405063291138	21566463
bone marrow cells/metabolism	CXCL1	0.012658227848101264	25802102
tumor-associated macrophages/metabolism	tumor microenvironment/immunology	0.08860759493670886	39546763
obesity	CXCR2	0.012658227848101264	25802102
epithelial cells/metabolism	DCN	0.012658227848101264	32359100
breast neoplasms/drug therapy	CSF1	0.03797468354430379	27756885
ovarian neoplasms/pathology	protein tyrosine phosphatase non-receptor type 6/metabolism	0.012658227848101264	39753138
tumor-associated macrophages/metabolism	disease progression	0.07594936708860758	39546763
drugs chinese herbal	diterpenes	0.012658227848101264	35238098
ovary/pathology	tumor microenvironment/immunology	0.08860759493670886	31802182
bone marrow cells/metabolism	CXCL2	0.012658227848101264	25802102
ovarian neoplasms/pathology	omentum/immunology	0.012658227848101264	39753138
obesity	KRT6A	0.012658227848101264	25802102
cell communication/drug effects	TNF	0.07594936708860758	30420335
obesity	CXCL1	0.012658227848101264	25802102
cell communication/drug effects	ESR1	0.012658227848101264	30420335
drugs chinese herbal	hepatitis a virus cellular receptor 2/metabolism	0.012658227848101264	35238098
sweat glands/cytology	tumor necrosis factor-alpha/metabolism	0.03797468354430379	31637575
ovary/pathology	disease progression	0.07594936708860758	31802182
sweat glands/cytology	cell differentiation	0.03797468354430379	31637575
drugs chinese herbal	colorectal neoplasms/drug therapy	0.012658227848101264	35238098
receptor melanocortin type 4/physiology	apoptosis	0.012658227848101264	24844408
sweat glands/cytology	rna messenger/metabolism	0.025316455696202528	31637575
obesity	CXCL2	0.012658227848101264	25802102
sweat glands/cytology	gene expression regulation	0.012658227848101264	31637575
receptor melanocortin type 4/physiology	lymphatic metastasis	0.012658227848101264	24844408
angiopoietin-2/genetics	ANGPT2	0.012658227848101264	26208571
cell communication/drug effects	TNFAIP3	0.012658227848101264	30420335
sweat glands/cytology	NANOG	0.012658227848101264	31637575
ovarian neoplasms/pathology	CXCL13	0.012658227848101264	39753138
drugs chinese herbal	tumor necrosis factor-alpha/metabolism	0.03797468354430379	35238098
cell communication/drug effects	IL17A	0.03797468354430379	30420335
receptor melanocortin type 4/physiology	CCL2	0.06329113924050632	24844408
IFNA1	cd36 antigens/metabolism	0.019562715765247415	39166450
IFNA1	cd36 antigens/metabolism	0.019562715765247415	39546763
drugs chinese herbal	cell differentiation	0.03797468354430379	35238098
receptor melanocortin type 4/physiology	CCR7	0.012658227848101264	24844408
angiopoietin-2/genetics	S100A8	0.025316455696202528	26208571
estradiol/pharmacology	estrogen receptor alpha/genetics	0.012658227848101264	30420335
tumor-associated macrophages/metabolism	cd36 antigens/metabolism	0.08860759493670886	39546763
drugs chinese herbal	cd8-positive t-lymphocytes	0.012658227848101264	35238098
angiopoietin-2/genetics	S100A9	0.012658227848101264	26208571
receptor melanocortin type 4/physiology	CCL21	0.012658227848101264	24844408
receptor melanocortin type 4/physiology	FLT4	0.012658227848101264	24844408
drugs chinese herbal	ARHGEF5	0.012658227848101264	35238098
b-lymphocytes/immunology	extracellular traps/immunology	0.012658227848101264	39753138
receptor melanocortin type 4/physiology	KDR	0.012658227848101264	24844408
drugs chinese herbal	CCL2	0.06329113924050632	35238098
ovary/pathology	receptors interleukin-17/metabolism	0.012658227848101264	31802182
drugs chinese herbal	TPI1	0.012658227848101264	35238098
estradiol/pharmacology	hek293 cells	0.012658227848101264	30420335
ovary/pathology	cd36 antigens/metabolism	0.08860759493670886	31802182
sweat glands/cytology	TNF	0.07594936708860758	31637575
IFNA1	MAPK1	0.03797468354430379	39546763
tumor-associated macrophages/metabolism	MAPK1	0.012658227848101264	39546763
endometrial neoplasms/genetics	antigens cd/metabolism	0.012658227848101264	30420335
tumor-associated macrophages/metabolism	AHSA1	0.012658227848101264	39546763
IFNA1	AHSA1	0.03797468354430379	39546763
endometrial neoplasms/genetics	estradiol/pharmacology	0.012658227848101264	30420335
sweat glands/cytology	FTO	0.025316455696202528	31637575
b-lymphocytes/immunology	ovarian neoplasms/pathology	0.012658227848101264	39753138
receptor melanocortin type 4/physiology	CCL19	0.012658227848101264	24844408
tumor-associated macrophages/metabolism	AIMP2	0.012658227848101264	39546763
drugs chinese herbal	CCR2	0.025316455696202528	35238098
carcinoma hepatocellular/genetics	interleukin-6/genetics	0.025316455696202528	37108378
ovarian neoplasms/pathology	PTPN6	0.012658227848101264	39753138
IFNA1	AIMP2	0.03797468354430379	39546763
drugs chinese herbal	HAVCR2	0.012658227848101264	35238098
tumor-associated macrophages/metabolism	MAPK14	0.012658227848101264	39546763
drugs chinese herbal	HNF4A	0.012658227848101264	35238098
receptor melanocortin type 4/physiology	CSF1	0.03797468354430379	24844408
ovarian neoplasms/pathology	IL10	0.050632911392405056	39753138
carcinoma hepatocellular/genetics	lipids	0.025316455696202528	37108378
drugs chinese herbal	TCF7	0.012658227848101264	35238098
IFNA1	MAPK14	0.03797468354430379	39546763
drugs chinese herbal	TNF	0.07594936708860758	35238098
ovary/pathology	FABP4	0.012658227848101264	31802182
b-lymphocytes/immunology	peritoneal neoplasms/secondary	0.012658227848101264	39753138
tumor-associated macrophages/metabolism	CRK	0.012658227848101264	39546763
drugs chinese herbal	HNF1A	0.012658227848101264	35238098
drugs chinese herbal	TIMELESS	0.012658227848101264	35238098
ht29 cells	tumor microenvironment/physiology	0.03797468354430379	32353824
drugs chinese herbal	HAVCR1	0.012658227848101264	35238098
b-lymphocytes/immunology	protein tyrosine phosphatase non-receptor type 6/metabolism	0.012658227848101264	39753138
immunocompetence	PIK3CA	0.025316455696202528	28609459
b-lymphocytes/immunology	omentum/immunology	0.012658227848101264	39753138
cell movement	neoplasm metastasis	0.06329113924050632	30563531
carcinoma hepatocellular/genetics	autophagy-related protein 7/genetics	0.025316455696202528	33346004
estradiol/pharmacology	CD163	0.025316455696202528	30420335
carcinoma hepatocellular/genetics	paracrine communication	0.05030834144758196	33346004
ovary/pathology	IL17RA	0.012658227848101264	31802182
AHSA1	RNF19A	0.012658227848101264	39546763
b-lymphocytes/immunology	CXCL13	0.012658227848101264	39753138
carcinoma hepatocellular/genetics	GDF15	0.025316455696202528	33346004
estradiol/pharmacology	TNF	0.07594936708860758	30420335
AHSA1	POLDIP2	0.012658227848101264	39546763
estradiol/pharmacology	ESR1	0.012658227848101264	30420335
inflammation/immunology	macrophage colony-stimulating factor/antagonists &amp; inhibitors	0.012658227848101264	27756885
ht29 cells	NFKB1	0.07594936708860758	32353824
endometrial neoplasms/genetics	estrogen receptor alpha/genetics	0.012658227848101264	30420335
leptin/physiology	rna messenger/genetics	0.012658227848101264	24844408
carcinoma hepatocellular/genetics	PLIN1	0.025316455696202528	37108378
tumor-associated macrophages/metabolism	RNF19A	0.012658227848101264	39546763
cell movement	PIK3CA	0.025316455696202528	30563531
immunocompetence	PIK3CD	0.025316455696202528	28609459
ht29 cells	APC	0.012658227848101264	32353824
cell movement	PLOD2	0.012658227848101264	30563531
b-lymphocytes/immunology	PTPN6	0.012658227848101264	39753138
carcinoma hepatocellular/genetics	ATG7	0.025316455696202528	33346004
tumor-associated macrophages/metabolism	POLDIP2	0.012658227848101264	39546763
b-lymphocytes/immunology	IL10	0.050632911392405056	39753138
carcinoma hepatocellular/genetics	IL6R	0.025316455696202528	37108378
cell movement	LEP	0.025316455696202528	30563531
endometrial neoplasms/genetics	hek293 cells	0.012658227848101264	30420335
estradiol/pharmacology	TNFAIP3	0.012658227848101264	30420335
inflammation/immunology	mesenchymal stem cells/immunology	0.012658227848101264	27756885
estradiol/pharmacology	IL17A	0.03797468354430379	30420335
carcinoma hepatocellular/genetics	PLIN5	0.025316455696202528	37108378
immunocompetence	PIK3CG	0.025316455696202528	28609459
diet high-fat	breast neoplasms/etiology	0.03797468354430379	24156623
cell movement	PIK3CD	0.025316455696202528	30563531
carcinoma hepatocellular/genetics	TNF	0.14703018500486856	37108378
ovary/pathology	IL17A	0.03797468354430379	31802182
diet high-fat	ht29 cells	0.03797468354430379	32353824
immunocompetence	AKT1	0.025316455696202528	28609459
cell movement	PIK3CG	0.025316455696202528	30563531
inflammation/immunology	neoplasm invasiveness	0.012658227848101264	27756885
leptin/physiology	cell proliferation	0.1012658227848101	24844408
cell movement	AKT1	0.025316455696202528	30563531
immunocompetence	PIK3CB	0.025316455696202528	28609459
heme/metabolism	macrophages/immunology	0.050632911392405056	39166450
cell movement	PIK3CB	0.025316455696202528	30563531
diet high-fat	neoplasm metastasis	0.180262775199484	30755716
inflammation/immunology	paracrine communication	0.025316455696202528	27756885
pancreatic neoplasms/immunology	cachexia/immunology	0.012658227848101264	32344015
endothelial progenitor cells/metabolism	CCL2	0.06329113924050632	38351345
diet high-fat	tumor microenvironment/physiology	0.11101556671176926	32353824
endothelial progenitor cells/metabolism	NFKB1	0.07594936708860758	38351345
inflammation/immunology	EEF1A2	0.012658227848101264	27756885
leptin/physiology	neovascularization pathologic	0.012658227848101264	24844408
diet high-fat	anti-inflammatory agents/pharmacology	0.03797468354430379	30755716
endometrial neoplasms/genetics	CD163	0.025316455696202528	30420335
growth differentiation factor 15/genetics	hepatic stellate cells/metabolism	0.025316455696202528	33346004
adipocytes/immunology	ovary/pathology	0.012658227848101264	31802182
lung neoplasms/metabolism	calgranulin b/genetics	0.025316455696202528	26208571
ht29 cells	IL22	0.012658227848101264	32353824
pancreatic neoplasms/immunology	stat3 transcription factor/immunology	0.012658227848101264	32344015
adipocytes/immunology	tumor microenvironment/immunology	0.08860759493670886	31802182
phosphate-binding proteins/metabolism	cellular senescence	0.012658227848101264	35749514
endothelial progenitor cells/metabolism	CCR2	0.025316455696202528	38351345
inflammation/immunology	CSF1	0.03797468354430379	27756885
ht29 cells	IL17A	0.03797468354430379	32353824
pancreatic neoplasms/immunology	macrophages/immunology	0.050632911392405056	32344015
endothelial progenitor cells/metabolism	CXCL8	0.025316455696202528	38351345
adipocytes/immunology	disease progression	0.07594936708860758	31802182
diet high-fat	HGF	0.07497565725413827	24156623
diet high-fat	CCL2	0.180262775199484	30755716
endometrial neoplasms/genetics	TNF	0.07594936708860758	30420335
diet high-fat	NFKB1	0.0002529116453167086	32353824
diet high-fat	NFKB1	0.0002529116453167086	30755716
diet high-fat	NFKB1	0.0002529116453167086	24156623
leptin/physiology	obesity/etiology	0.012658227848101264	24844408
endometrial neoplasms/genetics	ESR1	0.012658227848101264	30420335
pancreatic neoplasms/immunology	muscle fibers skeletal/drug effects	0.012658227848101264	32344015
caveolin 1/deficiency	NFKB1	0.07594936708860758	21566463
diet high-fat	APC	0.03797468354430379	32353824
lung neoplasms/metabolism	angiopoietin-2/genetics	0.025316455696202528	26208571
growth differentiation factor 15/genetics	cell proliferation	0.1012658227848101	33346004
tumor microenvironment/physiology	stem cells/pathology	0.03797468354430379	25940439
heme/metabolism	cd36 antigens/metabolism	0.08860759493670886	39166450
growth differentiation factor 15/genetics	carcinoma hepatocellular/genetics	0.025316455696202528	33346004
phosphate-binding proteins/metabolism	obesity/complications	0.012658227848101264	35749514
leptin/physiology	adipocytes/metabolism	0.050632911392405056	24844408
endothelial progenitor cells/metabolism	POSTN	0.012658227848101264	38351345
tumor microenvironment/physiology	receptors androgen/metabolism	0.03797468354430379	25940439
adipocytes/immunology	receptors interleukin-17/metabolism	0.012658227848101264	31802182
caveolin 1/deficiency	CSF2	0.012658227848101264	21566463
endometrial neoplasms/genetics	TNFAIP3	0.012658227848101264	30420335
adipocytes/immunology	cd36 antigens/metabolism	0.08860759493670886	31802182
caveolin 1/deficiency	CXCL8	0.025316455696202528	21566463
endometrial neoplasms/genetics	IL17A	0.03797468354430379	30420335
tumor microenvironment/physiology	DCN	0.03797468354430379	32359100
lung neoplasms/metabolism	transforming growth factor beta/metabolism	0.05030834144758196	26208571
caveolin 1/deficiency	CAV1	0.012658227848101264	21566463
tumor microenvironment/physiology	NFKB1	0.21349536539409955	32353824
leptin/physiology	diet high-fat/adverse effects	0.03797468354430379	24844408
adipocytes/immunology	FABP4	0.012658227848101264	31802182
tumor microenvironment/physiology	APC	0.03797468354430379	32353824
EEF1A2	CSF1	0.03797468354430379	27756885
caveolin 1/deficiency	IL10	0.050632911392405056	21566463
diet high-fat	IRF6	0.03797468354430379	30755716
lung neoplasms/metabolism	immunocompetence	0.025316455696202528	28609459
phosphate-binding proteins/metabolism	interleukin-33/metabolism	0.012658227848101264	35749514
matrix metalloproteinase 9/metabolism	adipocytes/pathology	0.012658227848101264	25940439
diet high-fat	S100A8	0.07497565725413827	30755716
matrix metalloproteinase 9/metabolism	smad proteins/metabolism	0.012658227848101264	25940439
pancreatic neoplasms/immunology	CD163	0.025316455696202528	32344015
caveolin 1/deficiency	CCL5	0.012658227848101264	21566463
leptin/physiology	tumor cells cultured	0.012658227848101264	24844408
adipocytes/immunology	IL17RA	0.012658227848101264	31802182
matrix metalloproteinase 9/metabolism	neoplasm metastasis	0.06329113924050632	25940439
diet high-fat	TNFSF11	0.03797468354430379	24156623
diet high-fat	TNF	0.21349536539409955	30755716
matrix metalloproteinase 9/metabolism	tumor microenvironment/physiology	0.03797468354430379	25940439
obesity/pathology	prostatic neoplasms/pathology	0.03797468354430379	38221626
phosphate-binding proteins/metabolism	SULT2A1	0.012658227848101264	35749514
diet high-fat	IL22	0.03797468354430379	32353824
matrix metalloproteinase 9/metabolism	stem cells/pathology	0.012658227848101264	25940439
cell polarity	neoplasm metastasis	0.06329113924050632	27044818
adipocytes/immunology	IL17A	0.03797468354430379	31802182
leptin/physiology	receptor melanocortin type 4/physiology	0.012658227848101264	24844408
tumor microenvironment/physiology	MMP9	0.03797468354430379	25940439
phosphate-binding proteins/metabolism	IL1RL1	0.012658227848101264	35749514
diet high-fat	IL17A	0.11101556671176926	32353824
matrix metalloproteinase 9/metabolism	receptors androgen/metabolism	0.012658227848101264	25940439
leptin/physiology	apoptosis	0.012658227848101264	24844408
bone neoplasms/pathology	obesity/pathology	0.012658227848101264	38221626
phosphate-binding proteins/metabolism	IL1B	0.025316455696202528	35749514
growth differentiation factor 15/genetics	autophagy-related protein 7/genetics	0.012658227848101264	33346004
obesity/pathology	bone marrow/pathology	0.012658227848101264	38221626
lung neoplasms/metabolism	PIK3CA	0.05030834144758196	28609459
obesity/pathology	adipocytes/metabolism	0.050632911392405056	38221626
leptin/physiology	lymphatic metastasis	0.012658227848101264	24844408
growth differentiation factor 15/genetics	paracrine communication	0.025316455696202528	33346004
CCDC6	DUSP2	0.012658227848101264	39178310
cell polarity	IL4	0.012658227848101264	27044818
bone neoplasms/pathology	prostatic neoplasms/pathology	0.03797468354430379	38221626
tumor microenvironment/physiology	IL22	0.03797468354430379	32353824
cancer-associated fibroblasts/pathology	FAP	0.012658227848101264	38301989
CCDC6	ZCCHC12	0.012658227848101264	39178310
cell polarity	ARG1	0.012658227848101264	27044818
lung neoplasms/metabolism	ANGPT2	0.025316455696202528	26208571
leptin/physiology	CCL2	0.06329113924050632	24844408
CCDC6	PTCH1	0.012658227848101264	39178310
obesity/pathology	chemokine ccl2/genetics	0.012658227848101264	38221626
tumor microenvironment/physiology	IL17A	0.11101556671176926	32353824
CCDC6	RET	0.012658227848101264	39178310
cell polarity	IL13	0.012658227848101264	27044818
obesity/pathology	kruppel-like transcription factors/genetics	0.025316455696202528	38221626
macrophage colony-stimulating factor/antagonists &amp; inhibitors	mesenchymal stem cells/immunology	0.012658227848101264	27756885
obesity/pathology	palmitic acid/pharmacology	0.012658227848101264	38221626
cell polarity	CD209	0.012658227848101264	27044818
leptin/physiology	CCR7	0.012658227848101264	24844408
lung neoplasms/metabolism	S100A8	0.05030834144758196	26208571
growth differentiation factor 15/genetics	GDF15	0.012658227848101264	33346004
lung neoplasms/metabolism	S100A9	0.025316455696202528	26208571
phosphate-binding proteins/metabolism	IL33	0.012658227848101264	35749514
leptin/physiology	CCL21	0.012658227848101264	24844408
phosphate-binding proteins/metabolism	SDCBP2	0.012658227848101264	35749514
lung neoplasms/metabolism	PIK3CD	0.05030834144758196	28609459
leptin/physiology	FLT4	0.012658227848101264	24844408
cadherins/genetics	glioblastoma/pathology	0.012658227848101264	35720420
CCDC6	TAS2R38	0.012658227848101264	39178310
bone neoplasms/pathology	bone marrow/pathology	0.012658227848101264	38221626
leptin/physiology	KDR	0.012658227848101264	24844408
obesity/pathology	CCL2	0.06329113924050632	38221626
bone neoplasms/pathology	adipocytes/metabolism	0.050632911392405056	38221626
cell polarity	IL10	0.050632911392405056	27044818
macrophage colony-stimulating factor/antagonists &amp; inhibitors	neoplasm invasiveness	0.012658227848101264	27756885
obesity/pathology	FFAR1	0.012658227848101264	38221626
matrix metalloproteinase 9/metabolism	MMP9	0.012658227848101264	25940439
cell polarity	MRC1	0.025316455696202528	27044818
lung neoplasms/metabolism	PIK3CG	0.05030834144758196	28609459
phosphate-binding proteins/metabolism	GSDMD	0.012658227848101264	35749514
macrophage colony-stimulating factor/antagonists &amp; inhibitors	paracrine communication	0.025316455696202528	27756885
obesity/pathology	KLF7	0.012658227848101264	38221626
growth differentiation factor 15/genetics	ATG7	0.012658227848101264	33346004
lung neoplasms/metabolism	AKT1	0.05030834144758196	28609459
leptin/physiology	CCL19	0.012658227848101264	24844408
macrophage colony-stimulating factor/antagonists &amp; inhibitors	EEF1A2	0.012658227848101264	27756885
lung neoplasms/metabolism	PIK3CB	0.05030834144758196	28609459
kruppel-like transcription factors/genetics	palmitic acid/pharmacology	0.025316455696202528	38221626
bone neoplasms/pathology	chemokine ccl2/genetics	0.012658227848101264	38221626
leptin/physiology	CSF1	0.03797468354430379	24844408
bone neoplasms/pathology	kruppel-like transcription factors/genetics	0.025316455696202528	38221626
cancer-associated fibroblasts/pathology	FAM126A	0.012658227848101264	38301989
bone neoplasms/pathology	palmitic acid/pharmacology	0.012658227848101264	38221626
neoplasm metastasis	tumor microenvironment/physiology	0.18026277519948403	25940439
macrophage colony-stimulating factor/antagonists &amp; inhibitors	CSF1	0.03797468354430379	27756885
neoplasm metastasis	anti-inflammatory agents/pharmacology	0.06329113924050632	30755716
IL1B	IL33	0.025316455696202528	35749514
IL1B	SDCBP2	0.025316455696202528	35749514
cancer-associated fibroblasts/pathology	VIM	0.012658227848101264	38301989
kruppel-like transcription factors/genetics	SNAI2	0.025316455696202528	37946098
neoplasm metastasis	stem cells/pathology	0.06329113924050632	25940439
ESR1	TNFAIP3	0.012658227848101264	30420335
ESR1	IL17A	0.03797468354430379	30420335
F9	SPP1	0.012658227848101264	39178310
neoplasm metastasis	receptors androgen/metabolism	0.06329113924050632	25940439
IL1B	GSDMD	0.025316455696202528	35749514
kruppel-like transcription factors/genetics	CCL2	0.12333657903278158	38221626
F9	CCDC6	0.012658227848101264	39178310
neoplasm metastasis	CCL2	0.2852466653932343	30755716
neoplasm metastasis	NFKB1	0.33354080962342125	30755716
neoplasm metastasis	IL4	0.06329113924050632	27044818
kruppel-like transcription factors/genetics	FFAR1	0.025316455696202528	38221626
bone neoplasms/pathology	CCL2	0.06329113924050632	38221626
neoplasm metastasis	PIK3CA	0.12333657903278156	30563531
kruppel-like transcription factors/genetics	SMAD2	0.025316455696202528	37946098
cadherins/genetics	SERPINE1	0.012658227848101264	35720420
F9	DUSP2	0.012658227848101264	39178310
bone neoplasms/pathology	FFAR1	0.012658227848101264	38221626
neoplasm metastasis	ARG1	0.06329113924050632	27044818
neoplasm metastasis	PLOD2	0.06329113924050632	30563531
kruppel-like transcription factors/genetics	CDH2	0.025316455696202528	37946098
procollagen-lysine 2-oxoglutarate 5-dioxygenase/deficiency	breast neoplasms/pathology	0.012658227848101264	30563531
kruppel-like transcription factors/genetics	KLF10	0.025316455696202528	37946098
neoplasm metastasis	IL13	0.06329113924050632	27044818
F9	ZCCHC12	0.012658227848101264	39178310
neoplasm metastasis	LEP	0.12333657903278156	30563531
nih 3t3 cells	angiogenesis inducing agents/metabolism	0.012658227848101264	27044818
kruppel-like transcription factors/genetics	KLF7	0.025316455696202528	38221626
procollagen-lysine 2-oxoglutarate 5-dioxygenase/deficiency	adipocytes/metabolism	0.050632911392405056	30563531
neoplasm metastasis	CD209	0.06329113924050632	27044818
KDR	CCL19	0.012658227848101264	24844408
osteolysis/pathology	CBX8	0.012658227848101264	25802102
bone neoplasms/pathology	KLF7	0.012658227848101264	38221626
F9	PTCH1	0.012658227848101264	39178310
procollagen-lysine 2-oxoglutarate 5-dioxygenase/deficiency	3t3-l1 cells	0.012658227848101264	30563531
anti-inflammatory agents/metabolism	cell polarity	0.012658227848101264	27044818
osteolysis/pathology	ACTR1B	0.012658227848101264	25802102
anti-inflammatory agents/metabolism	neoplasm metastasis	0.06329113924050632	27044818
osteolysis/pathology	BTG2	0.012658227848101264	25802102
KDR	CSF1	0.03797468354430379	24844408
neoplasm metastasis	IRF6	0.06329113924050632	30755716
F9	RET	0.012658227848101264	39178310
stem cells/metabolism	transforming growth factor beta1/metabolism	0.050632911392405056	32359100
neoplasm metastasis	S100A8	0.12333657903278156	30755716
osteolysis/pathology	PCSK1	0.012658227848101264	25802102
interleukin-6/genetics	lipids	0.012658227848101264	37108378
nih 3t3 cells	anti-inflammatory agents/metabolism	0.012658227848101264	27044818
neoplasm metastasis	MMP9	0.06329113924050632	25940439
osteolysis/pathology	CXCR2	0.012658227848101264	25802102
neoplasm metastasis	PIK3CD	0.12333657903278156	30563531
PTPRC	IL10	0.050632911392405056	30535532
CD209	IL10	0.050632911392405056	27044818
procollagen-lysine 2-oxoglutarate 5-dioxygenase/deficiency	cell movement	0.012658227848101264	30563531
stem cells/metabolism	mammary glands human/metabolism	0.012658227848101264	32359100
inflammation mediators/blood	cytokines/blood	0.03797468354430379	28249896
procollagen-lysine 2-oxoglutarate 5-dioxygenase/deficiency	neoplasm metastasis	0.06329113924050632	30563531
osteolysis/pathology	KRT6A	0.012658227848101264	25802102
osteolysis/pathology	CXCL1	0.012658227848101264	25802102
neoplasm metastasis	TNF	0.33354080962342125	30755716
stem cells/metabolism	diet high-fat/adverse effects	0.03797468354430379	32359100
kruppel-like transcription factors/genetics	MSMP	0.025316455696202528	38221626
neoplasm metastasis	IL10	0.23419285577846535	27044818
nih 3t3 cells	cell polarity	0.012658227848101264	27044818
cadherins/genetics	PDCD1LG2	0.012658227848101264	35720420
osteolysis/pathology	CXCL2	0.012658227848101264	25802102
neoplasm metastasis	PIK3CG	0.12333657903278156	30563531
nih 3t3 cells	neoplasm metastasis	0.06329113924050632	27044818
CD209	MRC1	0.025316455696202528	27044818
bone neoplasms/pathology	MSMP	0.012658227848101264	38221626
stem cells/metabolism	tumor microenvironment/physiology	0.03797468354430379	32359100
cadherins/genetics	FAT1	0.012658227848101264	35720420
neoplasm metastasis	AKT1	0.12333657903278156	30563531
neoplasm metastasis	MRC1	0.12333657903278156	27044818
neoplasm metastasis	ITGAM	0.06329113924050632	24021059
anti-inflammatory agents/metabolism	IL4	0.012658227848101264	27044818
neoplasm metastasis	PIK3CB	0.12333657903278156	30563531
stem cells/metabolism	DCN	0.012658227848101264	32359100
F9	TAS2R38	0.012658227848101264	39178310
PIK3CA	PLOD2	0.025316455696202528	30563531
IL10	MRC1	0.09931840311587149	27044818
IL10	CCL5	0.050632911392405056	21566463
anti-inflammatory agents/metabolism	ARG1	0.012658227848101264	27044818
PIK3CA	LEP	0.05030834144758196	30563531
paracrine communication	EEF1A2	0.025316455696202528	27756885
anti-inflammatory agents/metabolism	IL13	0.012658227848101264	27044818
PIK3CA	PIK3CD	0.0003245699448231094	30563531
PIK3CA	PIK3CD	0.0003245699448231094	28609459
procollagen-lysine 2-oxoglutarate 5-dioxygenase/deficiency	PIK3CA	0.025316455696202528	30563531
paracrine communication	GDF15	0.025316455696202528	33346004
anti-inflammatory agents/metabolism	CD209	0.012658227848101264	27044818
procollagen-lysine 2-oxoglutarate 5-dioxygenase/deficiency	PLOD2	0.012658227848101264	30563531
PIK3CA	PIK3CG	0.0003245699448231094	30563531
PIK3CA	PIK3CG	0.0003245699448231094	28609459
PIK3CA	AKT1	0.0003245699448231094	30563531
PIK3CA	AKT1	0.0003245699448231094	28609459
FTO	YTHDF2	0.025316455696202528	40287444
PIK3CA	PIK3CB	0.0003245699448231094	30563531
PIK3CA	PIK3CB	0.0003245699448231094	28609459
procollagen-lysine 2-oxoglutarate 5-dioxygenase/deficiency	LEP	0.025316455696202528	30563531
paracrine communication	CSF1	0.07497565725413827	27756885
paracrine communication	ATG7	0.025316455696202528	33346004
nih 3t3 cells	IL4	0.012658227848101264	27044818
stat3 transcription factor/immunology	macrophages/immunology	0.050632911392405056	32344015
anti-inflammatory agents/metabolism	IL10	0.050632911392405056	27044818
procollagen-lysine 2-oxoglutarate 5-dioxygenase/deficiency	PIK3CD	0.025316455696202528	30563531
micrornas/metabolism	prostatic neoplasms/pathology	0.03797468354430379	25940439
lipid metabolism/physiology	stat3 transcription factor/metabolism	0.06329113924050632	37108378
stat3 transcription factor/immunology	muscle fibers skeletal/drug effects	0.012658227848101264	32344015
tumor cells cultured	receptor melanocortin type 4/physiology	0.012658227848101264	24844408
nih 3t3 cells	ARG1	0.012658227848101264	27044818
lipid metabolism/physiology	perilipin-5/genetics	0.012658227848101264	37108378
tumor cells cultured	apoptosis	0.012658227848101264	24844408
anti-inflammatory agents/metabolism	MRC1	0.025316455696202528	27044818
lipid metabolism/physiology	carcinoma hepatocellular/genetics	0.025316455696202528	37108378
micrornas/metabolism	transforming growth factor beta1/metabolism	0.050632911392405056	25940439
tumor cells cultured	lymphatic metastasis	0.012658227848101264	24844408
EGF	LEP	0.025316455696202528	32472095
procollagen-lysine 2-oxoglutarate 5-dioxygenase/deficiency	PIK3CG	0.025316455696202528	30563531
lipid metabolism/physiology	interleukin-6/genetics	0.012658227848101264	37108378
nih 3t3 cells	IL13	0.012658227848101264	27044818
CXCR2	KRT6A	0.012658227848101264	25802102
EGF	JUN	0.012658227848101264	32472095
tumor cells cultured	CCL2	0.06329113924050632	24844408
procollagen-lysine 2-oxoglutarate 5-dioxygenase/deficiency	AKT1	0.025316455696202528	30563531
micrornas/metabolism	neoplasm invasiveness/pathology	0.012658227848101264	25940439
interleukin-6/genetics	PLIN1	0.012658227848101264	37108378
tumor cells cultured	CCR7	0.012658227848101264	24844408
EGF	MAPK8	0.025316455696202528	32472095
CXCR2	CXCL1	0.012658227848101264	25802102
procollagen-lysine 2-oxoglutarate 5-dioxygenase/deficiency	PIK3CB	0.025316455696202528	30563531
tumor cells cultured	CCL21	0.012658227848101264	24844408
EGF	ADIPOQ	0.012658227848101264	32472095
tumor cells cultured	FLT4	0.012658227848101264	24844408
nih 3t3 cells	CD209	0.012658227848101264	27044818
cell plasticity/genetics	IL1B	0.025316455696202528	34919143
tumor cells cultured	KDR	0.012658227848101264	24844408
lipid metabolism/physiology	lipids	0.012658227848101264	37108378
hypoxia	cell communication	0.012658227848101264	21566463
SULT2A1	IL1RL1	0.012658227848101264	35749514
gene expression regulation	NANOG	0.012658227848101264	31637575
stat3 transcription factor/immunology	CD163	0.025316455696202528	32344015
hypoxia	caveolin 1/deficiency	0.012658227848101264	21566463
interleukin-6/genetics	IL6R	0.012658227848101264	37108378
PIK3CG	AKT1	0.0003245699448231094	30563531
PIK3CG	AKT1	0.0003245699448231094	28609459
CXCR2	CXCL2	0.012658227848101264	25802102
tumor cells cultured	CCL19	0.012658227848101264	24844408
PIK3CG	PIK3CB	0.0003245699448231094	30563531
PIK3CG	PIK3CB	0.0003245699448231094	28609459
SULT2A1	IL1B	0.025316455696202528	35749514
micrornas/metabolism	matrix metalloproteinase 9/metabolism	0.012658227848101264	25940439
interleukin-6/genetics	PLIN5	0.012658227848101264	37108378
tumor cells cultured	CSF1	0.03797468354430379	24844408
micrornas/metabolism	adipocytes/pathology	0.012658227848101264	25940439
interleukin-6/genetics	TNF	0.07594936708860758	37108378
micrornas/metabolism	smad proteins/metabolism	0.012658227848101264	25940439
hypoxia	NFKB1	0.07594936708860758	21566463
CDH2	KLF10	0.012658227848101264	37946098
gene expression regulation	TNF	0.07594936708860758	31637575
nih 3t3 cells	IL10	0.050632911392405056	27044818
gene expression regulation	FTO	0.025316455696202528	31637575
micrornas/metabolism	neoplasm metastasis	0.06329113924050632	25940439
cellular reprogramming/immunology	tumor microenvironment/immunology	0.08860759493670886	39321806
PROM1	MRC1	0.025316455696202528	36160648
hypoxia	CSF2	0.012658227848101264	21566463
hypoxia	CXCL8	0.025316455696202528	21566463
SULT2A1	IL33	0.012658227848101264	35749514
hypoxia	CAV1	0.012658227848101264	21566463
micrornas/metabolism	tumor microenvironment/physiology	0.03797468354430379	25940439
SULT2A1	SDCBP2	0.012658227848101264	35749514
nih 3t3 cells	MRC1	0.025316455696202528	27044818
lipid metabolism/physiology	PLIN1	0.012658227848101264	37108378
breast neoplasms/pathology	adipocytes/metabolism	0.050632911392405056	30563531
breast neoplasms/pathology	3t3-l1 cells	0.012658227848101264	30563531
hypoxia	IL10	0.050632911392405056	21566463
lipid metabolism/physiology	IL6R	0.012658227848101264	37108378
micrornas/metabolism	stem cells/pathology	0.012658227848101264	25940439
breast neoplasms/pathology	cell movement	0.012658227848101264	30563531
SULT2A1	GSDMD	0.012658227848101264	35749514
cellular reprogramming/immunology	neoplastic stem cells/immunology	0.012658227848101264	39321806
breast neoplasms/pathology	neoplasm metastasis	0.06329113924050632	30563531
hypoxia	CCL5	0.012658227848101264	21566463
lipid metabolism/physiology	PLIN5	0.012658227848101264	37108378
apoptosis	lymphatic metastasis	0.012658227848101264	24844408
lipid metabolism/physiology	TNF	0.07594936708860758	37108378
apoptosis	CCL2	0.06329113924050632	24844408
micrornas/metabolism	receptors androgen/metabolism	0.012658227848101264	25940439
apoptosis	CCR7	0.012658227848101264	24844408
apoptosis	CCL21	0.012658227848101264	24844408
apoptosis	FLT4	0.012658227848101264	24844408
apoptosis	KDR	0.012658227848101264	24844408
CBX8	ACTR1B	0.012658227848101264	25802102
CBX8	BTG2	0.012658227848101264	25802102
CBX8	PCSK1	0.012658227848101264	25802102
apoptosis	CCL19	0.012658227848101264	24844408
CBX8	CXCR2	0.012658227848101264	25802102
cellular reprogramming/immunology	cd36 antigens/metabolism	0.08860759493670886	39321806
breast neoplasms/pathology	PIK3CA	0.025316455696202528	30563531
apoptosis	CSF1	0.03797468354430379	24844408
breast neoplasms/pathology	PLOD2	0.012658227848101264	30563531
prostatic neoplasms/pathology	transforming growth factor beta1/metabolism	0.1461070574994626	25940439
RNF19A	POLDIP2	0.012658227848101264	39546763
CBX8	KRT6A	0.012658227848101264	25802102
CBX8	CXCL1	0.012658227848101264	25802102
transforming growth factor beta/metabolism	kruppel-like transcription factors/genetics	0.05030834144758196	37946098
breast neoplasms/pathology	LEP	0.025316455696202528	30563531
prostatic neoplasms/pathology	neoplasm invasiveness/pathology	0.03797468354430379	25940439
CBX8	CXCL2	0.012658227848101264	25802102
breast neoplasms/pathology	PIK3CD	0.025316455696202528	30563531
transforming growth factor beta/metabolism	SNAI2	0.025316455696202528	37946098
prostatic neoplasms/pathology	bone marrow/pathology	0.03797468354430379	38221626
rna messenger/genetics	cell proliferation	0.1012658227848101	24844408
prostatic neoplasms/pathology	adipocytes/metabolism	0.005741094348689287	38221626
prostatic neoplasms/pathology	adipocytes/metabolism	0.005741094348689287	25802102
breast neoplasms/pathology	PIK3CG	0.025316455696202528	30563531
HGF	NFKB1	0.004868549172346641	32472095
HGF	NFKB1	0.004868549172346641	24156623
rna messenger/genetics	neovascularization pathologic	0.012658227848101264	24844408
prostatic neoplasms/pathology	obesity	0.03797468354430379	25802102
transforming growth factor beta/metabolism	SMAD2	0.025316455696202528	37946098
breast neoplasms/pathology	AKT1	0.025316455696202528	30563531
prostatic neoplasms/pathology	matrix metalloproteinase 9/metabolism	0.03797468354430379	25940439
transforming growth factor beta/metabolism	CDH2	0.025316455696202528	37946098
breast neoplasms/pathology	PIK3CB	0.025316455696202528	30563531
transforming growth factor beta/metabolism	KLF10	0.025316455696202528	37946098
prostatic neoplasms/pathology	adipocytes/pathology	0.03797468354430379	25940439
prostatic neoplasms/pathology	smad proteins/metabolism	0.03797468354430379	25940439
rna messenger/genetics	obesity/etiology	0.012658227848101264	24844408
prostatic neoplasms/pathology	chemokine cxcl2/metabolism	0.03797468354430379	25802102
HGF	EGF	0.025316455696202528	32472095
transforming growth factor beta/metabolism	ANGPT2	0.025316455696202528	26208571
rna messenger/genetics	adipocytes/metabolism	0.050632911392405056	24844408
prostatic neoplasms/pathology	neoplasm metastasis	0.180262775199484	25940439
protein tyrosine phosphatase non-receptor type 6/metabolism	omentum/immunology	0.012658227848101264	39753138
transforming growth factor beta/metabolism	S100A8	0.05030834144758196	26208571
transforming growth factor beta/metabolism	S100A9	0.025316455696202528	26208571
ARG1	IL13	0.012658227848101264	27044818
prostatic neoplasms/pathology	chemokine ccl2/genetics	0.03797468354430379	38221626
rna messenger/genetics	diet high-fat/adverse effects	0.03797468354430379	24844408
IL17RA	IL17A	0.03797468354430379	31802182
prostatic neoplasms/pathology	bone marrow cells/metabolism	0.03797468354430379	25802102
ARG1	CD209	0.012658227848101264	27044818
prostatic neoplasms/pathology	tumor microenvironment/physiology	0.11101556671176926	25940439
HGF	LEP	0.05030834144758196	32472095
rna messenger/genetics	tumor cells cultured	0.012658227848101264	24844408
prostatic neoplasms/pathology	kruppel-like transcription factors/genetics	0.07497565725413827	38221626
breast neoplasms/immunology	neoplasm metastasis	0.06329113924050632	24021059
HNF1A	TIMELESS	0.012658227848101264	35238098
prostatic neoplasms/pathology	bone neoplasms/secondary	0.03797468354430379	25802102
prostatic neoplasms/pathology	palmitic acid/pharmacology	0.03797468354430379	38221626
micrornas/metabolism	MMP9	0.012658227848101264	25940439
HNF1A	HAVCR1	0.012658227848101264	35238098
prostatic neoplasms/pathology	cell differentiation	0.11101556671176926	25802102
protein tyrosine phosphatase non-receptor type 6/metabolism	CXCL13	0.012658227848101264	39753138
rna messenger/genetics	receptor melanocortin type 4/physiology	0.012658227848101264	24844408
ARG1	IL10	0.050632911392405056	27044818
HGF	JUN	0.025316455696202528	32472095
prostatic neoplasms/pathology	stem cells/pathology	0.03797468354430379	25940439
rna messenger/genetics	apoptosis	0.012658227848101264	24844408
cellular reprogramming/immunology	IL34	0.012658227848101264	39321806
rna messenger/genetics	lymphatic metastasis	0.012658227848101264	24844408
prostatic neoplasms/pathology	osteolysis/pathology	0.03797468354430379	25802102
ARG1	MRC1	0.025316455696202528	27044818
HGF	MAPK8	0.05030834144758196	32472095
muscle fibers skeletal/drug effects	CD163	0.025316455696202528	32344015
prostatic neoplasms/pathology	receptors androgen/metabolism	0.03797468354430379	25940439
rna messenger/genetics	CCL2	0.06329113924050632	24844408
HGF	TNFSF11	0.025316455696202528	24156623
protein tyrosine phosphatase non-receptor type 6/metabolism	PTPN6	0.012658227848101264	39753138
HGF	ADIPOQ	0.025316455696202528	32472095
rna messenger/genetics	CCR7	0.012658227848101264	24844408
rna messenger/genetics	CCL21	0.012658227848101264	24844408
rna messenger/genetics	FLT4	0.012658227848101264	24844408
protein tyrosine phosphatase non-receptor type 6/metabolism	IL10	0.050632911392405056	39753138
interleukin-33/metabolism	SULT2A1	0.012658227848101264	35749514
rna messenger/genetics	KDR	0.012658227848101264	24844408
IL22	IL17A	0.03797468354430379	32353824
prostatic neoplasms/pathology	CCL2	0.180262775199484	38221626
glioblastoma/pathology	SERPINE1	0.012658227848101264	35720420
rna messenger/genetics	CCL19	0.012658227848101264	24844408
plant extracts/pharmacology	tumor necrosis factor-alpha/metabolism	0.03797468354430379	31257391
plant extracts/pharmacology	digestion	0.012658227848101264	31257391
interleukin-33/metabolism	IL1RL1	0.012658227848101264	35749514
prostatic neoplasms/pathology	FFAR1	0.03797468354430379	38221626
rna messenger/genetics	CSF1	0.03797468354430379	24844408
plant extracts/pharmacology	cd36 antigens/metabolism	0.08860759493670886	31257391
plant extracts/pharmacology	rna messenger/metabolism	0.025316455696202528	31257391
PLOD2	LEP	0.025316455696202528	30563531
prostatic neoplasms/pathology	CBX8	0.03797468354430379	25802102
interleukin-33/metabolism	IL1B	0.025316455696202528	35749514
plant extracts/pharmacology	gastrointestinal tract	0.012658227848101264	31257391
prostatic neoplasms/pathology	ACTR1B	0.03797468354430379	25802102
prostatic neoplasms/pathology	BTG2	0.03797468354430379	25802102
PLOD2	PIK3CD	0.025316455696202528	30563531
cd8-positive t-lymphocytes	ARHGEF5	0.012658227848101264	35238098
prostatic neoplasms/pathology	PCSK1	0.03797468354430379	25802102
glioblastoma/pathology	PDCD1LG2	0.012658227848101264	35720420
prostatic neoplasms/pathology	KLF7	0.03797468354430379	38221626
cd8-positive t-lymphocytes	CCL2	0.06329113924050632	35238098
PLOD2	PIK3CG	0.025316455696202528	30563531
glioblastoma/pathology	FAT1	0.012658227848101264	35720420
cd8-positive t-lymphocytes	TPI1	0.012658227848101264	35238098
prostatic neoplasms/pathology	CXCR2	0.03797468354430379	25802102
PLOD2	AKT1	0.025316455696202528	30563531
PLOD2	PIK3CB	0.025316455696202528	30563531
cd8-positive t-lymphocytes	CCR2	0.025316455696202528	35238098
prostatic neoplasms/pathology	MMP9	0.03797468354430379	25940439
cd8-positive t-lymphocytes	HAVCR2	0.012658227848101264	35238098
cd8-positive t-lymphocytes	HNF4A	0.012658227848101264	35238098
prostatic neoplasms/pathology	KRT6A	0.03797468354430379	25802102
cd8-positive t-lymphocytes	TCF7	0.012658227848101264	35238098
plant extracts/pharmacology	TNF	0.07594936708860758	31257391
prostatic neoplasms/pathology	CXCL1	0.03797468354430379	25802102
AIMP2	MAPK14	0.012658227848101264	39546763
CSF1	FTO	0.07497565725413827	40287444
cellular senescence	obesity/complications	0.012658227848101264	35749514
cd8-positive t-lymphocytes	TNF	0.07594936708860758	35238098
tumor necrosis factor-alpha/metabolism	digestion	0.03797468354430379	31257391
prostatic neoplasms/pathology	MSMP	0.03797468354430379	38221626
tumor suppressor protein p53/deficiency	disease progression	0.07594936708860758	29777149
interleukin-33/metabolism	IL33	0.012658227848101264	35749514
prostatic neoplasms/pathology	CXCL2	0.03797468354430379	25802102
interleukin-33/metabolism	SDCBP2	0.012658227848101264	35749514
cd8-positive t-lymphocytes	HNF1A	0.012658227848101264	35238098
cd8-positive t-lymphocytes	TIMELESS	0.012658227848101264	35238098
CSF1	YTHDF2	0.03797468354430379	40287444
tumor necrosis factor-alpha/metabolism	cell differentiation	0.0028958383388763137	35238098
tumor necrosis factor-alpha/metabolism	cell differentiation	0.0028958383388763137	31637575
cd8-positive t-lymphocytes	HAVCR1	0.012658227848101264	35238098
adiponectin/blood	hepatocyte growth factor/blood	0.012658227848101264	32472095
tumor necrosis factor-alpha/metabolism	cd36 antigens/metabolism	0.2458174736655749	31257391
AIMP2	CRK	0.012658227848101264	39546763
tumor necrosis factor-alpha/metabolism	rna messenger/metabolism	0.0009737098344693282	31257391
tumor necrosis factor-alpha/metabolism	rna messenger/metabolism	0.0009737098344693282	31637575
tumor necrosis factor-alpha/metabolism	gene expression regulation	0.03797468354430379	31637575
tumor necrosis factor-alpha/metabolism	cd8-positive t-lymphocytes	0.03797468354430379	35238098
tumor necrosis factor-alpha/metabolism	gastrointestinal tract	0.03797468354430379	31257391
cellular senescence	interleukin-33/metabolism	0.012658227848101264	35749514
interleukin-33/metabolism	GSDMD	0.012658227848101264	35749514
tumor necrosis factor-alpha/metabolism	ARHGEF5	0.03797468354430379	35238098
neoplastic stem cells/immunology	cd36 antigens/metabolism	0.08860759493670886	39321806
tumor necrosis factor-alpha/metabolism	CCL2	0.180262775199484	35238098
tumor necrosis factor-alpha/metabolism	TPI1	0.03797468354430379	35238098
TIMELESS	HAVCR1	0.012658227848101264	35238098
tumor necrosis factor-alpha/metabolism	NANOG	0.03797468354430379	31637575
cellular senescence	SULT2A1	0.012658227848101264	35749514
AIMP2	RNF19A	0.012658227848101264	39546763
interleukin-6 receptor alpha subunit/blood	interleukin-6/metabolism	0.03797468354430379	24021059
breast neoplasms/immunology	ITGAM	0.012658227848101264	24021059
tumor suppressor protein p53/deficiency	PTEN	0.012658227848101264	29777149
hormones/blood	sexual maturation	0.012658227848101264	24156623
cellular senescence	IL1RL1	0.012658227848101264	35749514
AIMP2	POLDIP2	0.012658227848101264	39546763
tumor necrosis factor-alpha/metabolism	CCR2	0.07497565725413827	35238098
receptors androgen/metabolism	MMP9	0.012658227848101264	25940439
AKT1	PIK3CB	0.0003245699448231094	30563531
AKT1	PIK3CB	0.0003245699448231094	28609459
tumor necrosis factor-alpha/metabolism	HAVCR2	0.03797468354430379	35238098
cellular senescence	IL1B	0.025316455696202528	35749514
CXCL13	PTPN6	0.012658227848101264	39753138
hormones/blood	diet high-fat	0.03797468354430379	24156623
tumor necrosis factor-alpha/metabolism	HNF4A	0.03797468354430379	35238098
CXCL13	IL10	0.050632911392405056	39753138
neoplastic stem cells/immunology	IL34	0.012658227848101264	39321806
tumor necrosis factor-alpha/metabolism	TCF7	0.03797468354430379	35238098
hormones/blood	breast neoplasms/etiology	0.012658227848101264	24156623
PTCH1	RET	0.012658227848101264	39178310
cellular senescence	IL33	0.012658227848101264	35749514
cellular senescence	SDCBP2	0.012658227848101264	35749514
tumor necrosis factor-alpha/metabolism	TNF	0.0002529116453167086	35238098
tumor necrosis factor-alpha/metabolism	TNF	0.0002529116453167086	31257391
tumor necrosis factor-alpha/metabolism	TNF	0.0002529116453167086	31637575
cellular senescence	GSDMD	0.012658227848101264	35749514
bone neoplasms/secondary	cell differentiation	0.03797468354430379	25802102
DUSP2	ZCCHC12	0.012658227848101264	39178310
tumor necrosis factor-alpha/metabolism	FTO	0.07497565725413827	31637575
hormones/blood	HGF	0.025316455696202528	24156623
DUSP2	PTCH1	0.012658227848101264	39178310
cell communication	caveolin 1/deficiency	0.012658227848101264	21566463
hormones/blood	NFKB1	0.07594936708860758	24156623
DUSP2	RET	0.012658227848101264	39178310
mesenchymal stem cells/immunology	neoplasm invasiveness	0.012658227848101264	27756885
tumor necrosis factor-alpha/metabolism	HNF1A	0.03797468354430379	35238098
bone neoplasms/secondary	osteolysis/pathology	0.012658227848101264	25802102
tumor necrosis factor-alpha/metabolism	TIMELESS	0.03797468354430379	35238098
mesenchymal stem cells/immunology	paracrine communication	0.025316455696202528	27756885
hek293 cells	CD163	0.025316455696202528	30420335
SERPINE1	PDCD1LG2	0.012658227848101264	35720420
tumor necrosis factor-alpha/metabolism	HAVCR1	0.03797468354430379	35238098
PTCH1	TAS2R38	0.012658227848101264	39178310
DUSP2	TAS2R38	0.012658227848101264	39178310
SERPINE1	FAT1	0.012658227848101264	35720420
mesenchymal stem cells/immunology	EEF1A2	0.012658227848101264	27756885
cell communication	NFKB1	0.07594936708860758	21566463
hek293 cells	TNF	0.07594936708860758	30420335
hek293 cells	ESR1	0.012658227848101264	30420335
hormones/blood	TNFSF11	0.012658227848101264	24156623
hepatitis a virus cellular receptor 2/metabolism	colorectal neoplasms/drug therapy	0.012658227848101264	35238098
cell communication	CSF2	0.012658227848101264	21566463
hek293 cells	TNFAIP3	0.012658227848101264	30420335
cell communication	CXCL8	0.025316455696202528	21566463
hek293 cells	IL17A	0.03797468354430379	30420335
cell communication	CAV1	0.012658227848101264	21566463
mesenchymal stem cells/immunology	CSF1	0.03797468354430379	27756885
hepatitis a virus cellular receptor 2/metabolism	tumor necrosis factor-alpha/metabolism	0.03797468354430379	35238098
ACTR1B	BTG2	0.012658227848101264	25802102
colorectal neoplasms/drug therapy	tumor necrosis factor-alpha/metabolism	0.03797468354430379	35238098
hepatitis a virus cellular receptor 2/metabolism	cell differentiation	0.03797468354430379	35238098
ACTR1B	PCSK1	0.012658227848101264	25802102
cell communication	IL10	0.050632911392405056	21566463
ACTR1B	CXCR2	0.012658227848101264	25802102
TNFAIP3	IL17A	0.03797468354430379	30420335
hepatitis a virus cellular receptor 2/metabolism	cd8-positive t-lymphocytes	0.012658227848101264	35238098
bone neoplasms/secondary	CBX8	0.012658227848101264	25802102
cell communication	CCL5	0.012658227848101264	21566463
hepatitis a virus cellular receptor 2/metabolism	ARHGEF5	0.012658227848101264	35238098
colorectal neoplasms/drug therapy	cell differentiation	0.03797468354430379	35238098
ACTR1B	KRT6A	0.012658227848101264	25802102
bone neoplasms/secondary	ACTR1B	0.012658227848101264	25802102
ACTR1B	CXCL1	0.012658227848101264	25802102
hepatitis a virus cellular receptor 2/metabolism	CCL2	0.06329113924050632	35238098
bone neoplasms/secondary	BTG2	0.012658227848101264	25802102
hepatitis a virus cellular receptor 2/metabolism	TPI1	0.012658227848101264	35238098
ACTR1B	CXCL2	0.012658227848101264	25802102
bone neoplasms/secondary	PCSK1	0.012658227848101264	25802102
neovascularization pathologic	obesity/etiology	0.012658227848101264	24844408
hepatitis a virus cellular receptor 2/metabolism	CCR2	0.025316455696202528	35238098
neovascularization pathologic	adipocytes/metabolism	0.050632911392405056	24844408
colorectal neoplasms/drug therapy	cd8-positive t-lymphocytes	0.012658227848101264	35238098
hepatitis a virus cellular receptor 2/metabolism	HAVCR2	0.012658227848101264	35238098
hepatitis a virus cellular receptor 2/metabolism	HNF4A	0.012658227848101264	35238098
CSF3	PTPRC	0.012658227848101264	30535532
CSF3	IL10	0.050632911392405056	30535532
bone neoplasms/secondary	CXCR2	0.012658227848101264	25802102
adipocytes/pathology	smad proteins/metabolism	0.012658227848101264	25940439
hepatitis a virus cellular receptor 2/metabolism	TCF7	0.012658227848101264	35238098
neovascularization pathologic	diet high-fat/adverse effects	0.03797468354430379	24844408
adipocytes/pathology	neoplasm metastasis	0.06329113924050632	25940439
colorectal neoplasms/drug therapy	ARHGEF5	0.012658227848101264	35238098
neovascularization pathologic	tumor cells cultured	0.012658227848101264	24844408
adipocytes/pathology	tumor microenvironment/physiology	0.03797468354430379	25940439
neoplasm invasiveness/pathology	matrix metalloproteinase 9/metabolism	0.012658227848101264	25940439
gastrointestinal tract	TNF	0.07594936708860758	31257391
hepatitis a virus cellular receptor 2/metabolism	TNF	0.07594936708860758	35238098
neoplasm invasiveness/pathology	adipocytes/pathology	0.012658227848101264	25940439
adipocytes/pathology	stem cells/pathology	0.012658227848101264	25940439
neoplasm invasiveness/pathology	smad proteins/metabolism	0.012658227848101264	25940439
neovascularization pathologic	receptor melanocortin type 4/physiology	0.012658227848101264	24844408
hepatitis a virus cellular receptor 2/metabolism	HNF1A	0.012658227848101264	35238098
colorectal neoplasms/drug therapy	CCL2	0.06329113924050632	35238098
BTG2	PCSK1	0.012658227848101264	25802102
neoplasm invasiveness/pathology	neoplasm metastasis	0.06329113924050632	25940439
adipocytes/pathology	receptors androgen/metabolism	0.012658227848101264	25940439
bone neoplasms/secondary	KRT6A	0.012658227848101264	25802102
hepatitis a virus cellular receptor 2/metabolism	TIMELESS	0.012658227848101264	35238098
neovascularization pathologic	apoptosis	0.012658227848101264	24844408
colorectal neoplasms/drug therapy	TPI1	0.012658227848101264	35238098
BTG2	CXCR2	0.012658227848101264	25802102
hepatitis a virus cellular receptor 2/metabolism	HAVCR1	0.012658227848101264	35238098
neovascularization pathologic	lymphatic metastasis	0.012658227848101264	24844408
neoplasm invasiveness/pathology	tumor microenvironment/physiology	0.03797468354430379	25940439
neoplasm invasiveness	paracrine communication	0.025316455696202528	27756885
bone neoplasms/secondary	CXCL1	0.012658227848101264	25802102
neoplasm invasiveness/pathology	stem cells/pathology	0.012658227848101264	25940439
neovascularization pathologic	CCL2	0.06329113924050632	24844408
BTG2	KRT6A	0.012658227848101264	25802102
CCL2	NFKB1	0.043775944242300004	38351345
CCL2	NFKB1	0.043775944242300004	30755716
CCL2	TPI1	0.06329113924050632	35238098
BTG2	CXCL1	0.012658227848101264	25802102
neovascularization pathologic	CCR7	0.012658227848101264	24844408
neoplasm invasiveness/pathology	receptors androgen/metabolism	0.012658227848101264	25940439
CCL2	FFAR1	0.06329113924050632	38221626
neovascularization pathologic	CCL21	0.012658227848101264	24844408
CCL2	CCR7	0.06329113924050632	24844408
neovascularization pathologic	FLT4	0.012658227848101264	24844408
CCL2	CCL21	0.06329113924050632	24844408
neovascularization pathologic	KDR	0.012658227848101264	24844408
CCL2	FLT4	0.06329113924050632	24844408
BTG2	CXCL2	0.012658227848101264	25802102
CCL2	KDR	0.06329113924050632	24844408
CAV1	IL10	0.050632911392405056	21566463
neoplasm invasiveness	EEF1A2	0.012658227848101264	27756885
bone neoplasms/secondary	CXCL2	0.012658227848101264	25802102
CCL2	CCR2	0.0032456994482310936	38351345
CCL2	CCR2	0.0032456994482310936	35238098
neovascularization pathologic	CCL19	0.012658227848101264	24844408
CCL2	CXCL8	0.12333657903278156	38351345
adenosine/analogs &amp; derivatives	alpha-ketoglutarate-dependent dioxygenase fto/metabolism	0.025316455696202528	40287444
CCL2	CCL19	0.06329113924050632	24844408
adipocytes/pathology	MMP9	0.012658227848101264	25940439
lymphatic metastasis	CCL2	0.06329113924050632	24844408
CCL2	KLF7	0.06329113924050632	38221626
neovascularization pathologic	CSF1	0.03797468354430379	24844408
colorectal neoplasms/drug therapy	CCR2	0.025316455696202528	35238098
CCL2	HAVCR2	0.06329113924050632	35238098
CCL2	HNF4A	0.06329113924050632	35238098
lymphatic metastasis	CCR7	0.012658227848101264	24844408
CCL2	CSF1	0.18026277519948403	24844408
CCL2	TCF7	0.06329113924050632	35238098
lymphatic metastasis	CCL21	0.012658227848101264	24844408
lymphatic metastasis	FLT4	0.012658227848101264	24844408
CCL2	IRF6	0.06329113924050632	30755716
lymphatic metastasis	KDR	0.012658227848101264	24844408
CCL2	S100A8	0.12333657903278156	30755716
CAV1	CCL5	0.012658227848101264	21566463
colorectal neoplasms/drug therapy	HAVCR2	0.012658227848101264	35238098
CCL2	POSTN	0.06329113924050632	38351345
neoplasm invasiveness/pathology	MMP9	0.012658227848101264	25940439
colorectal neoplasms/drug therapy	HNF4A	0.012658227848101264	35238098
lymphatic metastasis	CCL19	0.012658227848101264	24844408
CCL2	TNF	0.043775944242300004	35238098
CCL2	TNF	0.043775944242300004	30755716
adenosine/analogs &amp; derivatives	macrophage colony-stimulating factor/metabolism	0.012658227848101264	40287444
lymphatic metastasis	CSF1	0.03797468354430379	24844408
CCL2	MSMP	0.06329113924050632	38221626
CCR2	CXCL8	0.05030834144758196	38351345
colorectal neoplasms/drug therapy	TCF7	0.012658227848101264	35238098
CCR2	HAVCR2	0.025316455696202528	35238098
CCL2	HNF1A	0.06329113924050632	35238098
CCR2	HNF4A	0.025316455696202528	35238098
CCL2	TIMELESS	0.06329113924050632	35238098
adenosine/analogs &amp; derivatives	brain neoplasms/pathology	0.012658227848101264	40287444
CCR2	TCF7	0.025316455696202528	35238098
CCL2	HAVCR1	0.06329113924050632	35238098
CCR2	POSTN	0.025316455696202528	38351345
CCR2	TNF	0.14703018500486856	35238098
CCR2	HNF1A	0.025316455696202528	35238098
receptors transferrin/metabolism	spiral ganglion/drug effects	0.012658227848101264	39276841
CCR2	TIMELESS	0.025316455696202528	35238098
neoplasm invasiveness	CSF1	0.03797468354430379	27756885
receptors transferrin/metabolism	neurons/drug effects	0.03797468354430379	39276841
CCR2	HAVCR1	0.025316455696202528	35238098
neoplasm recurrence local/immunology	cd36 antigens/metabolism	0.08860759493670886	39178310
colorectal neoplasms/drug therapy	TNF	0.07594936708860758	35238098
NFKB1	APC	0.07594936708860758	32353824
receptors transferrin/metabolism	organometallic compounds/toxicity	0.012658227848101264	39276841
calgranulin b/genetics	angiopoietin-2/genetics	0.012658227848101264	26208571
adenosine/analogs &amp; derivatives	CSF1	0.03797468354430379	40287444
neoplasm recurrence local/immunology	F9	0.012658227848101264	39178310
fibroblasts/metabolism	cytokines/biosynthesis	0.012658227848101264	21566463
receptors transferrin/metabolism	TFRC	0.025316455696202528	39276841
NFKB1	EGF	0.07594936708860758	32472095
receptors transferrin/metabolism	NCOA4	0.025316455696202528	39276841
fibroblasts/metabolism	hypoxia	0.012658227848101264	21566463
fibroblasts/metabolism	cell communication	0.012658227848101264	21566463
NFKB1	CCR2	0.14703018500486853	38351345
NFKB1	CSF2	0.07594936708860758	21566463
colorectal neoplasms/drug therapy	HNF1A	0.012658227848101264	35238098
selenomethionine/pharmacology	chondrocytes/drug effects	0.012658227848101264	39700767
calgranulin b/genetics	transforming growth factor beta/metabolism	0.025316455696202528	26208571
neoplasm recurrence local/immunology	SPP1	0.012658227848101264	39178310
NFKB1	CXCL8	0.00486854917234664	38351345
NFKB1	CXCL8	0.00486854917234664	21566463
neoplasm recurrence local/immunology	CCDC6	0.012658227848101264	39178310
fibroblasts/metabolism	caveolin 1/deficiency	0.012658227848101264	21566463
NFKB1	LEP	0.14703018500486853	32472095
colorectal neoplasms/drug therapy	TIMELESS	0.012658227848101264	35238098
adenosine/analogs &amp; derivatives	FTO	0.025316455696202528	40287444
neoplasm recurrence local/immunology	DUSP2	0.012658227848101264	39178310
NFKB1	CAV1	0.07594936708860758	21566463
CSF2	CXCL8	0.025316455696202528	21566463
NFKB1	IRF6	0.07594936708860758	30755716
adenosine/analogs &amp; derivatives	YTHDF2	0.012658227848101264	40287444
NFKB1	S100A8	0.14703018500486853	30755716
neoplasm recurrence local/immunology	ZCCHC12	0.012658227848101264	39178310
NFKB1	JUN	0.07594936708860758	32472095
colorectal neoplasms/drug therapy	HAVCR1	0.012658227848101264	35238098
selenomethionine/pharmacology	cartilage articular/drug effects	0.012658227848101264	39700767
omentum/immunology	CXCL13	0.012658227848101264	39753138
CSF2	CAV1	0.012658227848101264	21566463
NFKB1	POSTN	0.07594936708860758	38351345
selenomethionine/pharmacology	t-2 toxin/toxicity	0.012658227848101264	39700767
neoplasm recurrence local/immunology	PTCH1	0.012658227848101264	39178310
NFKB1	MAPK8	0.14703018500486853	32472095
neoplasm recurrence local/immunology	RET	0.012658227848101264	39178310
NFKB1	TNFSF11	0.07594936708860758	24156623
NFKB1	ADIPOQ	0.07594936708860758	32472095
NFKB1	TNF	0.38757804127557616	30755716
carbolines	glucose/deficiency	0.012658227848101264	39287745
NFKB1	IL10	0.275587836547197	21566463
fibroblasts/metabolism	NFKB1	0.07594936708860758	21566463
carbolines	nf-e2-related factor 2/metabolism	0.012658227848101264	39287745
CSF2	IL10	0.050632911392405056	21566463
NFKB1	IL22	0.07594936708860758	32353824
carbolines	aminopyridines/pharmacology	0.012658227848101264	39287745
carbolines	cyclic nucleotide phosphodiesterases type 4/metabolism	0.012658227848101264	39287745
NFKB1	CCL5	0.07594936708860758	21566463
carbolines	neurons/drug effects	0.03797468354430379	39287745
NFKB1	IL17A	0.21349536539409958	32353824
omentum/immunology	PTPN6	0.012658227848101264	39753138
CSF2	CCL5	0.012658227848101264	21566463
carbolines	reperfusion injury/pathology	0.012658227848101264	39287745
neoplasm recurrence local/immunology	TAS2R38	0.012658227848101264	39178310
carbolines	benzamides/pharmacology	0.012658227848101264	39287745
carbolines	brain ischemia/pathology	0.012658227848101264	39287745
omentum/immunology	IL10	0.050632911392405056	39753138
fibroblasts/metabolism	CSF2	0.012658227848101264	21566463
fibroblasts/metabolism	CXCL8	0.025316455696202528	21566463
TCF7	TNF	0.07594936708860758	35238098
carbolines	phosphodiesterase 4 inhibitors/pharmacology	0.012658227848101264	39287745
calgranulin b/genetics	ANGPT2	0.012658227848101264	26208571
carbolines	PDE4B	0.012658227848101264	39287745
fibroblasts/metabolism	CAV1	0.012658227848101264	21566463
carbolines	PDE4A	0.012658227848101264	39287745
carbolines	FGFR1	0.012658227848101264	39287745
palmitic acid/pharmacology	CCL2	0.06329113924050632	38221626
carbolines	NCOA4	0.025316455696202528	39287745
calgranulin b/genetics	S100A8	0.025316455696202528	26208571
cyclohexylamines	leydig cells/metabolism	0.012658227848101264	39212400
calgranulin b/genetics	S100A9	0.012658227848101264	26208571
cyclohexylamines	malondialdehyde/metabolism	0.025316455696202528	39212400
cyclohexylamines	superoxide dismutase/metabolism	0.012658227848101264	39212400
TCF7	HNF1A	0.012658227848101264	35238098
palmitic acid/pharmacology	FFAR1	0.012658227848101264	38221626
fibroblasts/metabolism	IL10	0.050632911392405056	21566463
cyclohexylamines	testosterone	0.012658227848101264	39212400
chemokine ccl2/metabolism	carcinoma hepatocellular/pathology	0.025316455696202528	38351345
TCF7	TIMELESS	0.012658227848101264	35238098
cyclohexylamines	phenylenediamines	0.012658227848101264	39212400
smad proteins/metabolism	neoplasm metastasis	0.06329113924050632	25940439
cyclohexylamines	drugs chinese herbal/pharmacology	0.012658227848101264	39212400
fibroblasts/metabolism	CCL5	0.012658227848101264	21566463
cyclohexylamines	hydrogen peroxide	0.012658227848101264	39212400
TPI1	CCR2	0.025316455696202528	35238098
chemokine ccl2/metabolism	periostin	0.012658227848101264	38351345
smad proteins/metabolism	tumor microenvironment/physiology	0.03797468354430379	25940439
PLIN1	IL6R	0.012658227848101264	37108378
TCF7	HAVCR1	0.012658227848101264	35238098
chemokine ccl2/metabolism	cd36 antigens/metabolism	0.08860759493670886	38351345
TPI1	HAVCR2	0.012658227848101264	35238098
chemokine ccl2/metabolism	endothelial progenitor cells/metabolism	0.012658227848101264	38351345
CD4	CSF3	0.012658227848101264	30535532
TPI1	HNF4A	0.012658227848101264	35238098
PLIN1	PLIN5	0.012658227848101264	37108378
cyclohexylamines	TPM3	0.012658227848101264	39212400
smad proteins/metabolism	stem cells/pathology	0.012658227848101264	25940439
TPI1	TCF7	0.012658227848101264	35238098
PLIN1	TNF	0.07594936708860758	37108378
smad proteins/metabolism	receptors androgen/metabolism	0.012658227848101264	25940439
chemokine ccl2/metabolism	CCL2	0.06329113924050632	38351345
chemokine ccl2/metabolism	NFKB1	0.07594936708860758	38351345
polysaccharides/pharmacology	kidney/drug effects	0.012658227848101264	40752796
TPI1	TNF	0.07594936708860758	35238098
palmitic acid/pharmacology	KLF7	0.012658227848101264	38221626
polysaccharides/pharmacology	diabetic nephropathies/drug therapy	0.012658227848101264	40752796
polysaccharides/pharmacology	LPO	0.012658227848101264	40752796
TPI1	HNF1A	0.012658227848101264	35238098
angiogenesis inducing agents/metabolism	anti-inflammatory agents/metabolism	0.012658227848101264	27044818
obesity/etiology	adipocytes/metabolism	0.050632911392405056	24844408
TPI1	TIMELESS	0.012658227848101264	35238098
chemokine ccl2/metabolism	CCR2	0.025316455696202528	38351345
herbicides/toxicity	malondialdehyde/metabolism	0.025316455696202528	40451026
chemokine ccl2/metabolism	CXCL8	0.025316455696202528	38351345
TPI1	HAVCR1	0.012658227848101264	35238098
docosahexaenoic acids/analysis	tumor suppressor protein p53/deficiency	0.012658227848101264	29777149
obesity/etiology	diet high-fat/adverse effects	0.03797468354430379	24844408
docosahexaenoic acids/analysis	disease progression	0.07594936708860758	29777149
herbicides/toxicity	beclin-1/metabolism	0.012658227848101264	40451026
CD4	PTPRC	0.012658227848101264	30535532
CD4	IL10	0.050632911392405056	30535532
obesity/etiology	tumor cells cultured	0.012658227848101264	24844408
herbicides/toxicity	24-dichlorophenoxyacetic acid/toxicity	0.012658227848101264	40451026
smad proteins/metabolism	MMP9	0.012658227848101264	25940439
chemokine ccl2/metabolism	POSTN	0.012658227848101264	38351345
angiogenesis inducing agents/metabolism	cell polarity	0.012658227848101264	27044818
angiogenesis inducing agents/metabolism	neoplasm metastasis	0.06329113924050632	27044818
herbicides/toxicity	BECN1	0.012658227848101264	40451026
herbicides/toxicity	TNMD	0.012658227848101264	40451026
obesity/etiology	receptor melanocortin type 4/physiology	0.012658227848101264	24844408
herbicides/toxicity	TFRC	0.025316455696202528	40451026
obesity/etiology	apoptosis	0.012658227848101264	24844408
herbicides/toxicity	CYLD	0.012658227848101264	40451026
leydig cells/metabolism	malondialdehyde/metabolism	0.025316455696202528	39212400
obesity/etiology	lymphatic metastasis	0.012658227848101264	24844408
digestion	cd36 antigens/metabolism	0.08860759493670886	31257391
leydig cells/metabolism	superoxide dismutase/metabolism	0.012658227848101264	39212400
digestion	rna messenger/metabolism	0.025316455696202528	31257391
obesity/etiology	CCL2	0.06329113924050632	24844408
leydig cells/metabolism	testosterone	0.012658227848101264	39212400
CRK	RNF19A	0.012658227848101264	39546763
obesity/etiology	CCR7	0.012658227848101264	24844408
leydig cells/metabolism	phenylenediamines	0.012658227848101264	39212400
obesity/etiology	CCL21	0.012658227848101264	24844408
leydig cells/metabolism	drugs chinese herbal/pharmacology	0.012658227848101264	39212400
obesity/etiology	FLT4	0.012658227848101264	24844408
palmitic acid/pharmacology	MSMP	0.012658227848101264	38221626
leydig cells/metabolism	hydrogen peroxide	0.012658227848101264	39212400
CRK	POLDIP2	0.012658227848101264	39546763
obesity/etiology	KDR	0.012658227848101264	24844408
digestion	gastrointestinal tract	0.012658227848101264	31257391
leydig cells/metabolism	TPM3	0.012658227848101264	39212400
obesity/etiology	CCL19	0.012658227848101264	24844408
malondialdehyde/metabolism	superoxide dismutase/metabolism	0.025316455696202528	39212400
SNAI2	SMAD2	0.012658227848101264	37946098
obesity/etiology	CSF1	0.03797468354430379	24844408
NANOG	TNF	0.07594936708860758	31637575
SNAI2	CDH2	0.012658227848101264	37946098
transforming growth factor beta1/metabolism	cadherins/genetics	0.050632911392405056	35720420
malondialdehyde/metabolism	testosterone	0.025316455696202528	39212400
diet high-fat/adverse effects	tumor cells cultured	0.03797468354430379	24844408
malondialdehyde/metabolism	beclin-1/metabolism	0.025316455696202528	40451026
transforming growth factor beta1/metabolism	glioblastoma/pathology	0.050632911392405056	35720420
SNAI2	KLF10	0.012658227848101264	37946098
NANOG	FTO	0.025316455696202528	31637575
transforming growth factor beta1/metabolism	neoplasm invasiveness/pathology	0.050632911392405056	25940439
malondialdehyde/metabolism	24-dichlorophenoxyacetic acid/toxicity	0.025316455696202528	40451026
diet high-fat/adverse effects	tumor microenvironment/physiology	0.11101556671176926	32359100
transforming growth factor beta1/metabolism	disease progression	0.2755878365471969	34958892
malondialdehyde/metabolism	phenylenediamines	0.025316455696202528	39212400
diet high-fat/adverse effects	scavenger receptors class e/genetics	0.03797468354430379	36160648
malondialdehyde/metabolism	drugs chinese herbal/pharmacology	0.025316455696202528	39212400
malondialdehyde/metabolism	hydrogen peroxide	0.025316455696202528	39212400
transforming growth factor beta1/metabolism	mammary glands human/metabolism	0.050632911392405056	32359100
docosahexaenoic acids/analysis	PTEN	0.012658227848101264	29777149
diet high-fat/adverse effects	receptor melanocortin type 4/physiology	0.03797468354430379	24844408
transforming growth factor beta1/metabolism	matrix metalloproteinase 9/metabolism	0.050632911392405056	25940439
IL13	CD209	0.012658227848101264	27044818
malondialdehyde/metabolism	BECN1	0.025316455696202528	40451026
malondialdehyde/metabolism	TNMD	0.025316455696202528	40451026
malondialdehyde/metabolism	TFRC	0.05030834144758196	40451026
transforming growth factor beta1/metabolism	adipocytes/pathology	0.050632911392405056	25940439
malondialdehyde/metabolism	CYLD	0.025316455696202528	40451026
transforming growth factor beta1/metabolism	smad proteins/metabolism	0.050632911392405056	25940439
transforming growth factor beta1/metabolism	diet high-fat/adverse effects	0.1461070574994626	32359100
malondialdehyde/metabolism	TPM3	0.025316455696202528	39212400
glucose/deficiency	nf-e2-related factor 2/metabolism	0.012658227848101264	39287745
transforming growth factor beta1/metabolism	neoplasm metastasis	0.23419285577846533	25940439
glucose/deficiency	aminopyridines/pharmacology	0.012658227848101264	39287745
glucose/deficiency	cyclic nucleotide phosphodiesterases type 4/metabolism	0.012658227848101264	39287745
angiogenesis inducing agents/metabolism	IL4	0.012658227848101264	27044818
transforming growth factor beta1/metabolism	tumor microenvironment/physiology	0.005741094348689286	32359100
transforming growth factor beta1/metabolism	tumor microenvironment/physiology	0.005741094348689286	25940439
glucose/deficiency	neurons/drug effects	0.03797468354430379	39287745
glucose/deficiency	reperfusion injury/pathology	0.012658227848101264	39287745
IL13	IL10	0.050632911392405056	27044818
glucose/deficiency	benzamides/pharmacology	0.012658227848101264	39287745
glucose/deficiency	brain ischemia/pathology	0.012658227848101264	39287745
transforming growth factor beta1/metabolism	stem cells/pathology	0.050632911392405056	25940439
IL13	MRC1	0.025316455696202528	27044818
glucose/deficiency	phosphodiesterase 4 inhibitors/pharmacology	0.012658227848101264	39287745
transforming growth factor beta1/metabolism	receptors androgen/metabolism	0.050632911392405056	25940439
glucose/deficiency	PDE4B	0.012658227848101264	39287745
glucose/deficiency	PDE4A	0.012658227848101264	39287745
transforming growth factor beta1/metabolism	DCN	0.050632911392405056	32359100
glucose/deficiency	FGFR1	0.012658227848101264	39287745
glucose/deficiency	NCOA4	0.025316455696202528	39287745
angiogenesis inducing agents/metabolism	ARG1	0.012658227848101264	27044818
MAPK14	CRK	0.012658227848101264	39546763
transforming growth factor beta1/metabolism	SERPINE1	0.050632911392405056	35720420
disease progression	macrophages/immunology	0.275587836547197	39178310
disease progression	neoplasm recurrence local/immunology	0.07594936708860758	39178310
chondrocytes/drug effects	cartilage articular/drug effects	0.012658227848101264	39700767
angiogenesis inducing agents/metabolism	IL13	0.012658227848101264	27044818
chondrocytes/drug effects	t-2 toxin/toxicity	0.012658227848101264	39700767
sexual maturation	diet high-fat	0.03797468354430379	24156623
disease progression	cell plasticity/genetics	0.07594936708860758	34919143
aging/metabolism	antioxidants/metabolism	0.012658227848101264	40724917
MAPK14	RNF19A	0.012658227848101264	39546763
CXCL8	CAV1	0.025316455696202528	21566463
transforming growth factor beta1/metabolism	THBS2	0.050632911392405056	34958892
aging/metabolism	neurons/metabolism	0.012658227848101264	40724917
aging/metabolism	folic acid/pharmacology	0.012658227848101264	40724917
sexual maturation	breast neoplasms/etiology	0.012658227848101264	24156623
angiogenesis inducing agents/metabolism	CD209	0.012658227848101264	27044818
disease progression	receptors interleukin-17/metabolism	0.07594936708860758	31802182
transforming growth factor beta1/metabolism	MMP9	0.050632911392405056	25940439
disease progression	cd36 antigens/metabolism	0.007836947610431957	31802182
disease progression	cd36 antigens/metabolism	0.007836947610431957	39546763
disease progression	cd36 antigens/metabolism	0.007836947610431957	39178310
MAPK14	POLDIP2	0.012658227848101264	39546763
CXCL8	POSTN	0.025316455696202528	38351345
transforming growth factor beta1/metabolism	MAPK8	0.09931840311587149	34958892
transforming growth factor beta1/metabolism	PDCD1LG2	0.050632911392405056	35720420
aging/metabolism	cystine/metabolism	0.012658227848101264	40724917
transforming growth factor beta1/metabolism	MAP2K7	0.050632911392405056	34958892
transforming growth factor beta1/metabolism	FAT1	0.050632911392405056	35720420
CXCL8	IL10	0.09931840311587149	21566463
cell differentiation	rna messenger/metabolism	0.07497565725413827	31637575
cell differentiation	osteolysis/pathology	0.03797468354430379	25802102
digestion	TNF	0.07594936708860758	31257391
CXCL8	CCL5	0.025316455696202528	21566463
cell differentiation	gene expression regulation	0.03797468354430379	31637575
superoxide dismutase/metabolism	testosterone	0.012658227848101264	39212400
cell differentiation	cd8-positive t-lymphocytes	0.03797468354430379	35238098
superoxide dismutase/metabolism	phenylenediamines	0.012658227848101264	39212400
sexual maturation	HGF	0.025316455696202528	24156623
superoxide dismutase/metabolism	drugs chinese herbal/pharmacology	0.012658227848101264	39212400
superoxide dismutase/metabolism	hydrogen peroxide	0.012658227848101264	39212400
sexual maturation	NFKB1	0.07594936708860758	24156623
IL4	ARG1	0.012658227848101264	27044818
cell differentiation	ARHGEF5	0.03797468354430379	35238098
superoxide dismutase/metabolism	TPM3	0.012658227848101264	39212400
IL4	IL13	0.012658227848101264	27044818
nf-e2-related factor 2/metabolism	aminopyridines/pharmacology	0.012658227848101264	39287745
nf-e2-related factor 2/metabolism	cyclic nucleotide phosphodiesterases type 4/metabolism	0.012658227848101264	39287745
angiogenesis inducing agents/metabolism	IL10	0.050632911392405056	27044818
IL4	CD209	0.012658227848101264	27044818
nf-e2-related factor 2/metabolism	neurons/drug effects	0.03797468354430379	39287745
nf-e2-related factor 2/metabolism	reperfusion injury/pathology	0.012658227848101264	39287745
PCSK1	CXCR2	0.012658227848101264	25802102
cell differentiation	CCL2	0.180262775199484	35238098
nf-e2-related factor 2/metabolism	benzamides/pharmacology	0.012658227848101264	39287745
nf-e2-related factor 2/metabolism	brain ischemia/pathology	0.012658227848101264	39287745
cell differentiation	TPI1	0.03797468354430379	35238098
cell differentiation	NANOG	0.03797468354430379	31637575
nf-e2-related factor 2/metabolism	phosphodiesterase 4 inhibitors/pharmacology	0.012658227848101264	39287745
PCSK1	KRT6A	0.012658227848101264	25802102
nf-e2-related factor 2/metabolism	PDE4B	0.012658227848101264	39287745
PCSK1	CXCL1	0.012658227848101264	25802102
nf-e2-related factor 2/metabolism	PDE4A	0.012658227848101264	39287745
ARHGEF5	CCL2	0.06329113924050632	35238098
IL4	IL10	0.050632911392405056	27044818
angiogenesis inducing agents/metabolism	MRC1	0.025316455696202528	27044818
sexual maturation	TNFSF11	0.012658227848101264	24156623
ARHGEF5	TPI1	0.012658227848101264	35238098
nf-e2-related factor 2/metabolism	FGFR1	0.012658227848101264	39287745
nf-e2-related factor 2/metabolism	NCOA4	0.025316455696202528	39287745
peritoneal neoplasms/secondary	protein tyrosine phosphatase non-receptor type 6/metabolism	0.012658227848101264	39753138
alpha-ketoglutarate-dependent dioxygenase fto/metabolism	macrophage colony-stimulating factor/metabolism	0.025316455696202528	40287444
eye proteins/chemistry	nerve growth factors/chemistry	0.012658227848101264	40703032
alpha-ketoglutarate-dependent dioxygenase fto/metabolism	sweat glands/cytology	0.025316455696202528	31637575
peritoneal neoplasms/secondary	omentum/immunology	0.012658227848101264	39753138
PCSK1	CXCL2	0.012658227848101264	25802102
IL4	MRC1	0.025316455696202528	27044818
eye proteins/chemistry	retinal pigment epithelium/metabolism	0.012658227848101264	40703032
eye proteins/chemistry	iodates/toxicity	0.012658227848101264	40703032
alpha-ketoglutarate-dependent dioxygenase fto/metabolism	tumor necrosis factor-alpha/metabolism	0.07497565725413827	31637575
eye proteins/chemistry	retinal degeneration/chemically induced	0.012658227848101264	40703032
ARHGEF5	CCR2	0.025316455696202528	35238098
alpha-ketoglutarate-dependent dioxygenase fto/metabolism	cell differentiation	0.07497565725413827	31637575
eye proteins/chemistry	serpins/chemistry	0.012658227848101264	40703032
cell differentiation	CBX8	0.03797468354430379	25802102
alpha-ketoglutarate-dependent dioxygenase fto/metabolism	brain neoplasms/pathology	0.025316455696202528	40287444
ARHGEF5	HAVCR2	0.012658227848101264	35238098
alpha-ketoglutarate-dependent dioxygenase fto/metabolism	rna messenger/metabolism	0.05030834144758196	31637575
ARHGEF5	HNF4A	0.012658227848101264	35238098
eye proteins/chemistry	SERPINF1	0.012658227848101264	40703032
alpha-ketoglutarate-dependent dioxygenase fto/metabolism	gene expression regulation	0.025316455696202528	31637575
ARHGEF5	TCF7	0.012658227848101264	35238098
cell differentiation	ACTR1B	0.03797468354430379	25802102
peritoneal neoplasms/secondary	CXCL13	0.012658227848101264	39753138
cell differentiation	BTG2	0.03797468354430379	25802102
antioxidants/metabolism	neurons/metabolism	0.012658227848101264	40724917
cell differentiation	CCR2	0.07497565725413827	35238098
antioxidants/metabolism	folic acid/pharmacology	0.012658227848101264	40724917
RET	TAS2R38	0.012658227848101264	39178310
cell differentiation	PCSK1	0.03797468354430379	25802102
cell differentiation	HAVCR2	0.03797468354430379	35238098
alpha-ketoglutarate-dependent dioxygenase fto/metabolism	NANOG	0.025316455696202528	31637575
cell differentiation	HNF4A	0.03797468354430379	35238098
ARHGEF5	TNF	0.07594936708860758	35238098
cell differentiation	CXCR2	0.03797468354430379	25802102
antioxidants/metabolism	cystine/metabolism	0.012658227848101264	40724917
cell differentiation	TCF7	0.03797468354430379	35238098
IL1RL1	IL1B	0.025316455696202528	35749514
ARHGEF5	HNF1A	0.012658227848101264	35238098
CCL19	CSF1	0.03797468354430379	24844408
ARHGEF5	TIMELESS	0.012658227848101264	35238098
cell differentiation	KRT6A	0.03797468354430379	25802102
peritoneal neoplasms/secondary	PTPN6	0.012658227848101264	39753138
ARHGEF5	HAVCR1	0.012658227848101264	35238098
cell differentiation	CXCL1	0.03797468354430379	25802102
peritoneal neoplasms/secondary	IL10	0.050632911392405056	39753138
nerve growth factors/chemistry	retinal pigment epithelium/metabolism	0.012658227848101264	40703032
nerve growth factors/chemistry	iodates/toxicity	0.012658227848101264	40703032
cell differentiation	TNF	0.014099824226406503	35238098
cell differentiation	TNF	0.014099824226406503	31637575
alpha-ketoglutarate-dependent dioxygenase fto/metabolism	CSF1	0.07497565725413827	40287444
nerve growth factors/chemistry	retinal degeneration/chemically induced	0.012658227848101264	40703032
cell differentiation	FTO	0.07497565725413827	31637575
cell differentiation	CXCL2	0.03797468354430379	25802102
nerve growth factors/chemistry	serpins/chemistry	0.012658227848101264	40703032
cell differentiation	HNF1A	0.03797468354430379	35238098
IL1RL1	IL33	0.012658227848101264	35749514
cell differentiation	TIMELESS	0.03797468354430379	35238098
IL1RL1	SDCBP2	0.012658227848101264	35749514
nerve growth factors/chemistry	SERPINF1	0.012658227848101264	40703032
cell differentiation	HAVCR1	0.03797468354430379	35238098
alpha-ketoglutarate-dependent dioxygenase fto/metabolism	TNF	0.14703018500486856	31637575
neurons/metabolism	folic acid/pharmacology	0.012658227848101264	40724917
alpha-ketoglutarate-dependent dioxygenase fto/metabolism	FTO	0.0003245699448231094	40287444
alpha-ketoglutarate-dependent dioxygenase fto/metabolism	FTO	0.0003245699448231094	31637575
IL1RL1	GSDMD	0.012658227848101264	35749514
alpha-ketoglutarate-dependent dioxygenase fto/metabolism	YTHDF2	0.025316455696202528	40287444
neurons/metabolism	cystine/metabolism	0.012658227848101264	40724917
bone marrow/pathology	adipocytes/metabolism	0.050632911392405056	38221626
chemokine ccl2/genetics	kruppel-like transcription factors/genetics	0.025316455696202528	38221626
chemokine ccl2/genetics	palmitic acid/pharmacology	0.012658227848101264	38221626
ZCCHC12	PTCH1	0.012658227848101264	39178310
folic acid/pharmacology	cystine/metabolism	0.012658227848101264	40724917
ZCCHC12	RET	0.012658227848101264	39178310
chemokine ccl2/genetics	CCL2	0.06329113924050632	38221626
aminopyridines/pharmacology	cyclic nucleotide phosphodiesterases type 4/metabolism	0.012658227848101264	39287745
chemokine ccl2/genetics	FFAR1	0.012658227848101264	38221626
tumor microenvironment/immunology	disease progression	0.007836947610431955	31802182
tumor microenvironment/immunology	disease progression	0.007836947610431955	39546763
tumor microenvironment/immunology	disease progression	0.007836947610431955	39178310
FAP	FAM126A	0.012658227848101264	38301989
tumor microenvironment/immunology	heme/metabolism	0.08860759493670885	39166450
aminopyridines/pharmacology	neurons/drug effects	0.03797468354430379	39287745
tumor microenvironment/immunology	breast neoplasms/immunology	0.08860759493670885	24021059
aminopyridines/pharmacology	reperfusion injury/pathology	0.012658227848101264	39287745
aminopyridines/pharmacology	benzamides/pharmacology	0.012658227848101264	39287745
aminopyridines/pharmacology	brain ischemia/pathology	0.012658227848101264	39287745
ZCCHC12	TAS2R38	0.012658227848101264	39178310
tumor microenvironment/immunology	macrophages/immunology	0.03742493349422062	39166450
tumor microenvironment/immunology	macrophages/immunology	0.03742493349422062	39178310
FAP	VIM	0.012658227848101264	38301989
bone marrow/pathology	chemokine ccl2/genetics	0.012658227848101264	38221626
aminopyridines/pharmacology	phosphodiesterase 4 inhibitors/pharmacology	0.012658227848101264	39287745
chemokine ccl2/genetics	KLF7	0.012658227848101264	38221626
tumor microenvironment/immunology	neoplastic stem cells/immunology	0.08860759493670885	39321806
bone marrow/pathology	kruppel-like transcription factors/genetics	0.025316455696202528	38221626
aminopyridines/pharmacology	PDE4B	0.012658227848101264	39287745
tumor microenvironment/immunology	neoplasm recurrence local/immunology	0.08860759493670885	39178310
aminopyridines/pharmacology	PDE4A	0.012658227848101264	39287745
aminopyridines/pharmacology	FGFR1	0.012658227848101264	39287745
aminopyridines/pharmacology	NCOA4	0.025316455696202528	39287745
bone marrow/pathology	palmitic acid/pharmacology	0.012658227848101264	38221626
tumor microenvironment/immunology	neoplasm metastasis	0.3791886993752417	24021059
CD163	TNF	0.14703018500486856	30420335
cyclic nucleotide phosphodiesterases type 4/metabolism	neurons/drug effects	0.03797468354430379	39287745
cyclic nucleotide phosphodiesterases type 4/metabolism	reperfusion injury/pathology	0.012658227848101264	39287745
cyclic nucleotide phosphodiesterases type 4/metabolism	benzamides/pharmacology	0.012658227848101264	39287745
CD163	ESR1	0.025316455696202528	30420335
cyclic nucleotide phosphodiesterases type 4/metabolism	brain ischemia/pathology	0.012658227848101264	39287745
APC	IL22	0.012658227848101264	32353824
chemokine ccl2/genetics	MSMP	0.012658227848101264	38221626
cyclic nucleotide phosphodiesterases type 4/metabolism	phosphodiesterase 4 inhibitors/pharmacology	0.012658227848101264	39287745
APC	IL17A	0.03797468354430379	32353824
scavenger receptors class e/genetics	PROM1	0.012658227848101264	36160648
cyclic nucleotide phosphodiesterases type 4/metabolism	PDE4B	0.012658227848101264	39287745
cyclic nucleotide phosphodiesterases type 4/metabolism	PDE4A	0.012658227848101264	39287745
MAPK1	AHSA1	0.012658227848101264	39546763
scavenger receptors class e/genetics	MRC1	0.025316455696202528	36160648
cyclic nucleotide phosphodiesterases type 4/metabolism	FGFR1	0.012658227848101264	39287745
cyclic nucleotide phosphodiesterases type 4/metabolism	NCOA4	0.025316455696202528	39287745
MAPK1	AIMP2	0.012658227848101264	39546763
MAPK1	MAPK14	0.012658227848101264	39546763
chalcones/toxicity	embryo nonmammalian/drug effects	0.012658227848101264	38581191
chalcones/toxicity	membrane potential mitochondrial/drug effects	0.012658227848101264	38581191
CD163	TNFAIP3	0.025316455696202528	30420335
chalcones/toxicity	chemical and drug induced liver injury/metabolism	0.012658227848101264	38581191
CD163	IL17A	0.07497565725413827	30420335
KLF7	MSMP	0.012658227848101264	38221626
MAPK1	CRK	0.012658227848101264	39546763
chalcones/toxicity	ATP8A2	0.012658227848101264	38581191
retinal pigment epithelium/metabolism	iodates/toxicity	0.012658227848101264	40703032
retinal pigment epithelium/metabolism	retinal degeneration/chemically induced	0.012658227848101264	40703032
bone marrow/pathology	CCL2	0.06329113924050632	38221626
retinal pigment epithelium/metabolism	serpins/chemistry	0.012658227848101264	40703032
bone marrow cells/metabolism	bone neoplasms/secondary	0.012658227848101264	25802102
periostin	cd36 antigens/metabolism	0.08860759493670886	38351345
bone marrow cells/metabolism	cell differentiation	0.03797468354430379	25802102
periostin	endothelial progenitor cells/metabolism	0.012658227848101264	38351345
FFAR1	KLF7	0.012658227848101264	38221626
retinal pigment epithelium/metabolism	SERPINF1	0.012658227848101264	40703032
bone marrow/pathology	FFAR1	0.012658227848101264	38221626
bone marrow cells/metabolism	osteolysis/pathology	0.012658227848101264	25802102
iodates/toxicity	retinal degeneration/chemically induced	0.012658227848101264	40703032
MAPK1	RNF19A	0.012658227848101264	39546763
periostin	CCL2	0.06329113924050632	38351345
iodates/toxicity	serpins/chemistry	0.012658227848101264	40703032
periostin	NFKB1	0.07594936708860758	38351345
MAPK1	POLDIP2	0.012658227848101264	39546763
iodates/toxicity	SERPINF1	0.012658227848101264	40703032
HAVCR2	HNF4A	0.012658227848101264	35238098
FFAR1	MSMP	0.012658227848101264	38221626
HAVCR2	TCF7	0.012658227848101264	35238098
spiral ganglion/drug effects	neurons/drug effects	0.03797468354430379	39276841
periostin	CCR2	0.025316455696202528	38351345
periostin	CXCL8	0.025316455696202528	38351345
bone marrow/pathology	KLF7	0.012658227848101264	38221626
spiral ganglion/drug effects	organometallic compounds/toxicity	0.012658227848101264	39276841
HAVCR2	TNF	0.07594936708860758	35238098
spiral ganglion/drug effects	TFRC	0.025316455696202528	39276841
HAVCR2	HNF1A	0.012658227848101264	35238098
spiral ganglion/drug effects	NCOA4	0.025316455696202528	39276841
periostin	POSTN	0.012658227848101264	38351345
HAVCR2	TIMELESS	0.012658227848101264	35238098
AHSA1	AIMP2	0.012658227848101264	39546763
HAVCR2	HAVCR1	0.012658227848101264	35238098
testosterone	phenylenediamines	0.012658227848101264	39212400
AHSA1	MAPK14	0.012658227848101264	39546763
testosterone	drugs chinese herbal/pharmacology	0.012658227848101264	39212400
THBS2	MAPK8	0.025316455696202528	34958892
bone marrow/pathology	MSMP	0.012658227848101264	38221626
testosterone	hydrogen peroxide	0.012658227848101264	39212400
THBS2	MAP2K7	0.012658227848101264	34958892
CCR7	CCL21	0.012658227848101264	24844408
CCR7	FLT4	0.012658227848101264	24844408
CCR7	KDR	0.012658227848101264	24844408
testosterone	TPM3	0.012658227848101264	39212400
AHSA1	CRK	0.012658227848101264	39546763
beclin-1/metabolism	24-dichlorophenoxyacetic acid/toxicity	0.012658227848101264	40451026
CCR7	CCL19	0.012658227848101264	24844408
beclin-1/metabolism	BECN1	0.012658227848101264	40451026
CCR7	CSF1	0.03797468354430379	24844408
beclin-1/metabolism	TNMD	0.012658227848101264	40451026
beclin-1/metabolism	TFRC	0.025316455696202528	40451026
beclin-1/metabolism	CYLD	0.012658227848101264	40451026
LEP	JUN	0.025316455696202528	32472095
LEP	PIK3CD	0.05030834144758196	30563531
LEP	MAPK8	0.05030834144758196	32472095
dna-(apurinic or apyrimidinic site) lyase/metabolism	APEX1	0.012658227848101264	40136245
LEP	ADIPOQ	0.025316455696202528	32472095
IRF6	S100A8	0.025316455696202528	30755716
LEP	PIK3CG	0.05030834144758196	30563531
mammary glands human/metabolism	diet high-fat/adverse effects	0.03797468354430379	32359100
retinal degeneration/chemically induced	serpins/chemistry	0.012658227848101264	40703032
LEP	AKT1	0.05030834144758196	30563531
anti-inflammatory agents/pharmacology	CCL2	0.06329113924050632	30755716
anti-inflammatory agents/pharmacology	NFKB1	0.07594936708860758	30755716
retinal degeneration/chemically induced	SERPINF1	0.012658227848101264	40703032
LEP	PIK3CB	0.05030834144758196	30563531
mammary glands human/metabolism	tumor microenvironment/physiology	0.03797468354430379	32359100
IRF6	TNF	0.07594936708860758	30755716
neurons/drug effects	reperfusion injury/pathology	0.03797468354430379	39287745
neurons/drug effects	benzamides/pharmacology	0.03797468354430379	39287745
neurons/drug effects	brain ischemia/pathology	0.03797468354430379	39287745
neurons/drug effects	selenium/chemistry	0.03797468354430379	40570981
neurons/drug effects	phosphodiesterase 4 inhibitors/pharmacology	0.03797468354430379	39287745
mammary glands human/metabolism	DCN	0.012658227848101264	32359100
neurons/drug effects	organometallic compounds/toxicity	0.03797468354430379	39276841
neurons/drug effects	PDE4B	0.03797468354430379	39287745
neurons/drug effects	PDE4A	0.03797468354430379	39287745
neurons/drug effects	TFRC	0.07497565725413827	39276841
neurons/drug effects	FGFR1	0.03797468354430379	39287745
anti-inflammatory agents/pharmacology	IRF6	0.012658227848101264	30755716
neurons/drug effects	NCOA4	0.0009737098344693282	39287745
neurons/drug effects	NCOA4	0.0009737098344693282	39276841
anti-inflammatory agents/pharmacology	S100A8	0.025316455696202528	30755716
SPP1	CCDC6	0.012658227848101264	39178310
reperfusion injury/pathology	benzamides/pharmacology	0.012658227848101264	39287745
reperfusion injury/pathology	brain ischemia/pathology	0.012658227848101264	39287745
SPP1	DUSP2	0.012658227848101264	39178310
HNF4A	TCF7	0.012658227848101264	35238098
reperfusion injury/pathology	phosphodiesterase 4 inhibitors/pharmacology	0.012658227848101264	39287745
anti-inflammatory agents/pharmacology	TNF	0.07594936708860758	30755716
SPP1	ZCCHC12	0.012658227848101264	39178310
reperfusion injury/pathology	PDE4B	0.012658227848101264	39287745
reperfusion injury/pathology	PDE4A	0.012658227848101264	39287745
reperfusion injury/pathology	FGFR1	0.012658227848101264	39287745
SPP1	PTCH1	0.012658227848101264	39178310
reperfusion injury/pathology	NCOA4	0.025316455696202528	39287745
SPP1	RET	0.012658227848101264	39178310
HNF4A	TNF	0.07594936708860758	35238098
IL6R	PLIN5	0.012658227848101264	37108378
HNF4A	HNF1A	0.012658227848101264	35238098
IL6R	TNF	0.07594936708860758	37108378
24-dichlorophenoxyacetic acid/toxicity	BECN1	0.012658227848101264	40451026
24-dichlorophenoxyacetic acid/toxicity	TNMD	0.012658227848101264	40451026
HNF4A	TIMELESS	0.012658227848101264	35238098
24-dichlorophenoxyacetic acid/toxicity	TFRC	0.025316455696202528	40451026
24-dichlorophenoxyacetic acid/toxicity	CYLD	0.012658227848101264	40451026
HNF4A	HAVCR1	0.012658227848101264	35238098
benzamides/pharmacology	brain ischemia/pathology	0.012658227848101264	39287745
SPP1	TAS2R38	0.012658227848101264	39178310
benzamides/pharmacology	phosphodiesterase 4 inhibitors/pharmacology	0.012658227848101264	39287745
benzamides/pharmacology	PDE4B	0.012658227848101264	39287745
benzamides/pharmacology	PDE4A	0.012658227848101264	39287745
benzamides/pharmacology	FGFR1	0.012658227848101264	39287745
benzamides/pharmacology	NCOA4	0.025316455696202528	39287745
brain ischemia/pathology	phosphodiesterase 4 inhibitors/pharmacology	0.012658227848101264	39287745
brain ischemia/pathology	PDE4B	0.012658227848101264	39287745
brain ischemia/pathology	PDE4A	0.012658227848101264	39287745
brain ischemia/pathology	FGFR1	0.012658227848101264	39287745
brain ischemia/pathology	NCOA4	0.025316455696202528	39287745
ANGPT2	S100A8	0.025316455696202528	26208571
phenylenediamines	drugs chinese herbal/pharmacology	0.012658227848101264	39212400
ANGPT2	S100A9	0.012658227848101264	26208571
phenylenediamines	hydrogen peroxide	0.012658227848101264	39212400
S100A8	S100A9	0.025316455696202528	26208571
adipocytes/metabolism	3t3-l1 cells	0.050632911392405056	30563531
adipocytes/metabolism	obesity	0.050632911392405056	25802102
phenylenediamines	TPM3	0.012658227848101264	39212400
S100A8	TNF	0.14703018500486856	30755716
embryo nonmammalian/drug effects	membrane potential mitochondrial/drug effects	0.012658227848101264	38581191
adipocytes/metabolism	diet high-fat/adverse effects	0.1461070574994626	24844408
adipocytes/metabolism	chemokine cxcl2/metabolism	0.050632911392405056	25802102
embryo nonmammalian/drug effects	chemical and drug induced liver injury/metabolism	0.012658227848101264	38581191
adipocytes/metabolism	cell movement	0.050632911392405056	30563531
brain neoplasms/pathology	CSF1	0.03797468354430379	40287444
GDF15	ATG7	0.012658227848101264	33346004
adipocytes/metabolism	neoplasm metastasis	0.23419285577846533	30563531
embryo nonmammalian/drug effects	ATP8A2	0.012658227848101264	38581191
adipocytes/metabolism	tumor cells cultured	0.050632911392405056	24844408
adipocytes/metabolism	chemokine ccl2/genetics	0.050632911392405056	38221626
adipocytes/metabolism	bone marrow cells/metabolism	0.050632911392405056	25802102
adipocytes/metabolism	kruppel-like transcription factors/genetics	0.09931840311587149	38221626
kidney/drug effects	diabetic nephropathies/drug therapy	0.012658227848101264	40752796
adipocytes/metabolism	bone neoplasms/secondary	0.050632911392405056	25802102
adipocytes/metabolism	palmitic acid/pharmacology	0.050632911392405056	38221626
adipocytes/metabolism	cell differentiation	0.1461070574994626	25802102
kidney/drug effects	LPO	0.012658227848101264	40752796
adipocytes/metabolism	receptor melanocortin type 4/physiology	0.050632911392405056	24844408
brain neoplasms/pathology	FTO	0.025316455696202528	40287444
adipocytes/metabolism	osteolysis/pathology	0.050632911392405056	25802102
adipocytes/metabolism	apoptosis	0.050632911392405056	24844408
brain neoplasms/pathology	YTHDF2	0.012658227848101264	40287444
adipocytes/metabolism	lymphatic metastasis	0.050632911392405056	24844408
adipocytes/metabolism	CCL2	0.018472533462540124	24844408
adipocytes/metabolism	CCL2	0.018472533462540124	38221626
serpins/chemistry	SERPINF1	0.012658227848101264	40703032
adipocytes/metabolism	FFAR1	0.050632911392405056	38221626
adipocytes/metabolism	CCR7	0.050632911392405056	24844408
drugs chinese herbal/pharmacology	hydrogen peroxide	0.012658227848101264	39212400
adipocytes/metabolism	CCL21	0.050632911392405056	24844408
adipocytes/metabolism	FLT4	0.050632911392405056	24844408
adipocytes/metabolism	KDR	0.050632911392405056	24844408
adipocytes/metabolism	PIK3CA	0.09931840311587149	30563531
adipocytes/metabolism	CBX8	0.050632911392405056	25802102
adipocytes/metabolism	PLOD2	0.050632911392405056	30563531
adipocytes/metabolism	ACTR1B	0.050632911392405056	25802102
drugs chinese herbal/pharmacology	TPM3	0.012658227848101264	39212400
adipocytes/metabolism	BTG2	0.050632911392405056	25802102
adipocytes/metabolism	PCSK1	0.050632911392405056	25802102
adipocytes/metabolism	CCL19	0.050632911392405056	24844408
adipocytes/metabolism	KLF7	0.050632911392405056	38221626
adipocytes/metabolism	LEP	0.09931840311587149	30563531
hydrogen peroxide	TPM3	0.012658227848101264	39212400
adipocytes/metabolism	CXCR2	0.050632911392405056	25802102
adipocytes/metabolism	CSF1	0.1461070574994626	24844408
membrane potential mitochondrial/drug effects	chemical and drug induced liver injury/metabolism	0.012658227848101264	38581191
estrogen receptor alpha/genetics	hek293 cells	0.012658227848101264	30420335
membrane potential mitochondrial/drug effects	ATP8A2	0.012658227848101264	38581191
FABP4	IL17RA	0.012658227848101264	31802182
adipocytes/metabolism	PIK3CD	0.09931840311587149	30563531
adipocytes/metabolism	KRT6A	0.050632911392405056	25802102
adipocytes/metabolism	CXCL1	0.050632911392405056	25802102
cartilage articular/drug effects	t-2 toxin/toxicity	0.012658227848101264	39700767
adipocytes/metabolism	MSMP	0.050632911392405056	38221626
adipocytes/metabolism	PIK3CG	0.09931840311587149	30563531
adipocytes/metabolism	CXCL2	0.050632911392405056	25802102
JUN	MAPK8	0.025316455696202528	32472095
adipocytes/metabolism	AKT1	0.09931840311587149	30563531
JUN	ADIPOQ	0.012658227848101264	32472095
diabetic nephropathies/drug therapy	LPO	0.012658227848101264	40752796
adipocytes/metabolism	PIK3CB	0.09931840311587149	30563531
FABP4	IL17A	0.03797468354430379	31802182
estrogen receptor alpha/genetics	CD163	0.025316455696202528	30420335
chemical and drug induced liver injury/metabolism	ATP8A2	0.012658227848101264	38581191
estrogen receptor alpha/genetics	TNF	0.07594936708860758	30420335
estrogen receptor alpha/genetics	ESR1	0.012658227848101264	30420335
phosphodiesterase 4 inhibitors/pharmacology	PDE4B	0.012658227848101264	39287745
phosphodiesterase 4 inhibitors/pharmacology	PDE4A	0.012658227848101264	39287745
phosphodiesterase 4 inhibitors/pharmacology	FGFR1	0.012658227848101264	39287745
phosphodiesterase 4 inhibitors/pharmacology	NCOA4	0.025316455696202528	39287745
estrogen receptor alpha/genetics	TNFAIP3	0.012658227848101264	30420335
estrogen receptor alpha/genetics	IL17A	0.03797468354430379	30420335
organometallic compounds/toxicity	TFRC	0.025316455696202528	39276841
CCL21	FLT4	0.012658227848101264	24844408
organometallic compounds/toxicity	NCOA4	0.025316455696202528	39276841
CCL21	KDR	0.012658227848101264	24844408
CCL21	CCL19	0.012658227848101264	24844408
obesity/complications	interleukin-33/metabolism	0.012658227848101264	35749514
CCL21	CSF1	0.03797468354430379	24844408
PDE4B	PDE4A	0.012658227848101264	39287745
PDE4B	FGFR1	0.012658227848101264	39287745
PDE4B	NCOA4	0.025316455696202528	39287745
BECN1	TNMD	0.012658227848101264	40451026
BECN1	TFRC	0.025316455696202528	40451026
BECN1	CYLD	0.012658227848101264	40451026
receptors interleukin-17/metabolism	cd36 antigens/metabolism	0.08860759493670886	31802182
TNMD	TFRC	0.025316455696202528	40451026
TNMD	CYLD	0.012658227848101264	40451026
obesity/complications	SULT2A1	0.012658227848101264	35749514
PDE4A	FGFR1	0.012658227848101264	39287745
PDE4A	NCOA4	0.025316455696202528	39287745
obesity/complications	IL1RL1	0.012658227848101264	35749514
TFRC	CYLD	0.025316455696202528	40451026
TFRC	NCOA4	0.05030834144758196	39276841
obesity/complications	IL1B	0.025316455696202528	35749514
FGFR1	NCOA4	0.025316455696202528	39287745
receptors interleukin-17/metabolism	FABP4	0.012658227848101264	31802182
receptors interleukin-17/metabolism	IL17RA	0.012658227848101264	31802182
obesity/complications	IL33	0.012658227848101264	35749514
obesity/complications	SDCBP2	0.012658227848101264	35749514
FLT4	KDR	0.012658227848101264	24844408
obesity/complications	GSDMD	0.012658227848101264	35749514
FLT4	CCL19	0.012658227848101264	24844408
FLT4	CSF1	0.03797468354430379	24844408
receptors interleukin-17/metabolism	IL17A	0.03797468354430379	31802182
LCN2	SLC22A17	0.012658227848101264	28249896
macrophages/immunology	plant extracts/pharmacology	0.050632911392405056	31257391
macrophages/immunology	neoplasm recurrence local/immunology	0.050632911392405056	39178310
autophagy-related protein 7/genetics	paracrine communication	0.025316455696202528	33346004
macrophages/immunology	muscle fibers skeletal/drug effects	0.050632911392405056	32344015
macrophages/immunology	tumor necrosis factor-alpha/metabolism	0.1461070574994626	31257391
macrophages/immunology	digestion	0.050632911392405056	31257391
macrophages/immunology	cd36 antigens/metabolism	0.0017004980362741856	39166450
macrophages/immunology	cd36 antigens/metabolism	0.0017004980362741856	39178310
macrophages/immunology	cd36 antigens/metabolism	0.0017004980362741856	31257391
macrophages/immunology	rna messenger/metabolism	0.09931840311587149	31257391
autophagy-related protein 7/genetics	GDF15	0.012658227848101264	33346004
SMAD2	CDH2	0.012658227848101264	37946098
macrophages/immunology	gastrointestinal tract	0.050632911392405056	31257391
SMAD2	KLF10	0.012658227848101264	37946098
macrophages/immunology	F9	0.050632911392405056	39178310
macrophages/immunology	SPP1	0.050632911392405056	39178310
autophagy-related protein 7/genetics	ATG7	0.012658227848101264	33346004
PIK3CD	PIK3CG	0.0003245699448231094	30563531
PIK3CD	PIK3CG	0.0003245699448231094	28609459
macrophages/immunology	CCDC6	0.050632911392405056	39178310
PIK3CD	AKT1	0.0003245699448231094	30563531
PIK3CD	AKT1	0.0003245699448231094	28609459
macrophages/immunology	DUSP2	0.050632911392405056	39178310
PIK3CD	PIK3CB	0.0003245699448231094	30563531
PIK3CD	PIK3CB	0.0003245699448231094	28609459
macrophages/immunology	ZCCHC12	0.050632911392405056	39178310
macrophages/immunology	PTCH1	0.050632911392405056	39178310
macrophages/immunology	RET	0.050632911392405056	39178310
macrophages/immunology	CD163	0.09931840311587149	32344015
macrophages/immunology	TNF	0.2755878365471969	31257391
macrophages/immunology	TAS2R38	0.050632911392405056	39178310
cd36 antigens/metabolism	rna messenger/metabolism	0.17039922103213243	31257391
cd36 antigens/metabolism	endothelial progenitor cells/metabolism	0.08860759493670885	38351345
cd36 antigens/metabolism	gastrointestinal tract	0.08860759493670885	31257391
cd36 antigens/metabolism	MAPK1	0.08860759493670885	39546763
cd36 antigens/metabolism	AHSA1	0.08860759493670885	39546763
cd36 antigens/metabolism	F9	0.08860759493670885	39178310
cd36 antigens/metabolism	AIMP2	0.08860759493670885	39546763
cd36 antigens/metabolism	CCL2	0.3791886993752417	38351345
cd36 antigens/metabolism	NFKB1	0.43791409267758363	38351345
cd36 antigens/metabolism	MAPK14	0.08860759493670885	39546763
cd36 antigens/metabolism	SPP1	0.08860759493670885	39178310
cd36 antigens/metabolism	FABP4	0.08860759493670885	31802182
cd36 antigens/metabolism	CCDC6	0.08860759493670885	39178310
hyperlipidemias	diet high-fat/adverse effects	0.03797468354430379	36160648
cd36 antigens/metabolism	DUSP2	0.08860759493670885	39178310
KRT6A	CXCL1	0.012658227848101264	25802102
cd36 antigens/metabolism	CCR2	0.17039922103213243	38351345
cd36 antigens/metabolism	CRK	0.08860759493670885	39546763
cd36 antigens/metabolism	CXCL8	0.17039922103213243	38351345
hyperlipidemias	scavenger receptors class e/genetics	0.012658227848101264	36160648
cd36 antigens/metabolism	ZCCHC12	0.08860759493670885	39178310
KRT6A	CXCL2	0.012658227848101264	25802102
cd36 antigens/metabolism	IL17RA	0.08860759493670885	31802182
cd36 antigens/metabolism	PTCH1	0.08860759493670885	39178310
cd36 antigens/metabolism	RET	0.08860759493670885	39178310
cd36 antigens/metabolism	POSTN	0.08860759493670885	38351345
cd36 antigens/metabolism	IL34	0.08860759493670885	39321806
cd36 antigens/metabolism	TNF	0.43791409267758363	31257391
cd36 antigens/metabolism	RNF19A	0.08860759493670885	39546763
cd36 antigens/metabolism	TAS2R38	0.08860759493670885	39178310
cd36 antigens/metabolism	POLDIP2	0.08860759493670885	39546763
cd36 antigens/metabolism	IL17A	0.24581747366557488	31802182
IL33	SDCBP2	0.012658227848101264	35749514
IL33	GSDMD	0.012658227848101264	35749514
hyperlipidemias	PROM1	0.012658227848101264	36160648
hyperlipidemias	MRC1	0.025316455696202528	36160648
stem cells/pathology	receptors androgen/metabolism	0.012658227848101264	25940439
SDCBP2	GSDMD	0.012658227848101264	35749514
stem cells/pathology	MMP9	0.012658227848101264	25940439
PLIN5	TNF	0.07594936708860758	37108378
rna messenger/metabolism	gene expression regulation	0.025316455696202528	31637575
rna small interfering/genetics	LCN2	0.012658227848101264	28249896
rna messenger/metabolism	gastrointestinal tract	0.025316455696202528	31257391
rna small interfering/genetics	SLC22A17	0.012658227848101264	28249896
rna messenger/metabolism	NANOG	0.025316455696202528	31637575
MAPK8	MAP2K7	0.025316455696202528	34958892
MAPK8	ADIPOQ	0.025316455696202528	32472095
rna messenger/metabolism	TNF	0.004868549172346641	31257391
rna messenger/metabolism	TNF	0.004868549172346641	31637575
rna messenger/metabolism	FTO	0.05030834144758196	31637575
carcinoma hepatocellular/chemically induced	transforming growth factor beta/metabolism	0.025316455696202528	37946098
carcinoma hepatocellular/chemically induced	kruppel-like transcription factors/genetics	0.025316455696202528	37946098
CXCL1	CXCL2	0.012658227848101264	25802102
PDCD1LG2	FAT1	0.012658227848101264	35720420
PTPN6	IL10	0.050632911392405056	39753138
TNF	ESR1	0.07594936708860758	30420335
TNF	FTO	0.14703018500486853	31637575
TNF	HNF1A	0.07594936708860758	35238098
TNF	TIMELESS	0.07594936708860758	35238098
TNF	TNFAIP3	0.07594936708860758	30420335
TNF	HAVCR1	0.07594936708860758	35238098
TNF	IL17A	0.21349536539409958	30420335
FAM126A	VIM	0.012658227848101264	38301989
