KW1	KW2	P.value	adj.P.value	FisherP.value	ztPois.cdf	Raw.CO.Occurrence	Expansion	PMIDlist
acetaminophen/pharmacology	brain neoplasms/genetics	1.51878509768721e-12	3.21494655714812e-11	0.037037037037037	0.491090027111315	1	0	[34062295]
acetaminophen/pharmacology	cation transport proteins/genetics	1.51878509768721e-12	3.21494655714812e-11	0.037037037037037	0.491090027111315	1	0	[34062295]
acetaminophen/pharmacology	gene expression regulation neoplastic	1.62808224802857e-05	6.33368658790105e-05	0.074074074074074	0.491090027111315	1	0	[34062295]
acetaminophen/pharmacology	glioblastoma/genetics	1.51878509768721e-12	3.21494655714812e-11	0.037037037037037	0.491090027111315	1	0	[34062295]
acetaminophen/pharmacology	heat-shock proteins/genetics	1.51878509768721e-12	3.21494655714812e-11	0.037037037037037	0.491090027111315	1	0	[34062295]
acetaminophen/pharmacology	hyaluronan receptors/genetics	1.51878509768721e-12	3.21494655714812e-11	0.037037037037037	0.491090027111315	1	0	[34062295]
acetaminophen/pharmacology	t-lymphocytes cytotoxic/immunology	1.51878509768721e-12	3.21494655714812e-11	0.037037037037037	0.491090027111315	1	0	[34062295]
brain neoplasms/genetics	cation transport proteins/genetics	1.51878509768721e-12	3.21494655714812e-11	0.037037037037037	0.491090027111315	1	0	[34062295]
brain neoplasms/genetics	gene expression regulation neoplastic	1.62808224802857e-05	6.33368658790105e-05	0.074074074074074	0.491090027111315	1	0	[34062295]
brain neoplasms/genetics	glioblastoma/genetics	1.51878509768721e-12	3.21494655714812e-11	0.037037037037037	0.491090027111315	1	0	[34062295]
brain neoplasms/genetics	heat-shock proteins/genetics	1.51878509768721e-12	3.21494655714812e-11	0.037037037037037	0.491090027111315	1	0	[34062295]
brain neoplasms/genetics	hyaluronan receptors/genetics	1.51878509768721e-12	3.21494655714812e-11	0.037037037037037	0.491090027111315	1	0	[34062295]
brain neoplasms/genetics	t-lymphocytes cytotoxic/immunology	1.51878509768721e-12	3.21494655714812e-11	0.037037037037037	0.491090027111315	1	0	[34062295]
cation transport proteins/genetics	gene expression regulation neoplastic	1.62808224802857e-05	6.33368658790105e-05	0.074074074074074	0.491090027111315	1	0	[34062295]
cation transport proteins/genetics	glioblastoma/genetics	1.51878509768721e-12	3.21494655714812e-11	0.037037037037037	0.491090027111315	1	0	[34062295]
cation transport proteins/genetics	heat-shock proteins/genetics	1.51878509768721e-12	3.21494655714812e-11	0.037037037037037	0.491090027111315	1	0	[34062295]
cation transport proteins/genetics	hyaluronan receptors/genetics	1.51878509768721e-12	3.21494655714812e-11	0.037037037037037	0.491090027111315	1	0	[34062295]
cation transport proteins/genetics	t-lymphocytes cytotoxic/immunology	1.51878509768721e-12	3.21494655714812e-11	0.037037037037037	0.491090027111315	1	0	[34062295]
antioxidants/pharmacology	gene expression regulation neoplastic	0.000860920973641	0.0020021417991653	0.074074074074074	0.491090027111315	1	0	[32778843]
biopterins/analogs &amp; derivatives	gene expression regulation neoplastic	0.000860920973641	0.0020021417991653	0.074074074074074	0.491090027111315	1	0	[32778843]
carbolines/pharmacology	gene expression regulation neoplastic	0.0062713289823422	0.009135490816351	0.142669007901668	0.5011717509037	1	1	[32778843]
cell proliferation/drug effects	gene expression regulation neoplastic	0.000860920973641	0.0020021417991653	0.074074074074074	0.491090027111315	1	0	[32778843]
cystine/antagonists &amp; inhibitors	gene expression regulation neoplastic	0.000860920973641	0.0020021417991653	0.074074074074074	0.491090027111315	1	0	[32778843]
folic acid antagonists/pharmacology	gene expression regulation neoplastic	0.000860920973641	0.0020021417991653	0.074074074074074	0.491090027111315	1	0	[32778843]
gene expression regulation neoplastic	glioblastoma/genetics	1.62808224802857e-05	6.33368658790105e-05	0.074074074074074	0.491090027111315	1	0	[34062295]
gene expression regulation neoplastic	heat-shock proteins/genetics	1.62808224802857e-05	6.33368658790105e-05	0.074074074074074	0.491090027111315	1	0	[34062295]
gene expression regulation neoplastic	hyaluronan receptors/genetics	1.62808224802857e-05	6.33368658790105e-05	0.074074074074074	0.491090027111315	1	0	[34062295]
gene expression regulation neoplastic	methotrexate/pharmacology	0.000860920973641	0.0020021417991653	0.074074074074074	0.491090027111315	1	0	[32778843]
gene expression regulation neoplastic	oxidative stress	0.0038089167063769	0.0058405019329489	0.142669007901668	0.5011717509037	1	1	[32778843]
gene expression regulation neoplastic	phospholipid hydroperoxide glutathione peroxidase/antagonists &amp; inhibitors	0.000860920973641	0.0020021417991653	0.074074074074074	0.491090027111315	1	0	[32778843]
gene expression regulation neoplastic	t-lymphocytes cytotoxic/immunology	1.62808224802857e-05	6.33368658790105e-05	0.074074074074074	0.491090027111315	1	0	[34062295]
gene expression regulation neoplastic	tetrahydrofolate dehydrogenase/genetics	0.000860920973641	0.0020021417991653	0.074074074074074	0.491090027111315	1	0	[32778843]
gene expression regulation neoplastic	vitamin e/pharmacology	0.000860920973641	0.0020021417991653	0.074074074074074	0.491090027111315	1	0	[32778843]
gene expression regulation neoplastic	jurkat cells	0.0035436383975111	0.0056105293672193	0.123336579032782	0.583915496397244	1	2	[32778843]
glioblastoma/genetics	heat-shock proteins/genetics	1.51878509768721e-12	3.21494655714812e-11	0.037037037037037	0.491090027111315	1	0	[34062295]
glioblastoma/genetics	hyaluronan receptors/genetics	1.51878509768721e-12	3.21494655714812e-11	0.037037037037037	0.491090027111315	1	0	[34062295]
glioblastoma/genetics	t-lymphocytes cytotoxic/immunology	1.51878509768721e-12	3.21494655714812e-11	0.037037037037037	0.491090027111315	1	0	[34062295]
heat-shock proteins/genetics	hyaluronan receptors/genetics	1.51878509768721e-12	3.21494655714812e-11	0.037037037037037	0.491090027111315	1	0	[34062295]
heat-shock proteins/genetics	t-lymphocytes cytotoxic/immunology	1.51878509768721e-12	3.21494655714812e-11	0.037037037037037	0.491090027111315	1	0	[34062295]
hyaluronan receptors/genetics	t-lymphocytes cytotoxic/immunology	1.51878509768721e-12	3.21494655714812e-11	0.037037037037037	0.491090027111315	1	0	[34062295]
colorectal neoplasms/metabolism	cytokines/metabolism	0.0027501892023392	0.0043310494425764	0.147058823529412	0.5011717509037	1	1	[36160648]
colorectal neoplasms/metabolism	macrophages/metabolism	0.001413355149255	0.0023329148675058	0.102941176470588	0.5011717509037	1	1	[36160648]
colorectal neoplasms/metabolism	hyperlipidemias	0	0	0.0147058823529411	0.5011717509037	1	1	[36160648]
colorectal neoplasms/metabolism	lipoproteins ldl	0	0	0.0147058823529411	0.5011717509037	1	1	[36160648]
colorectal neoplasms/metabolism	mannose receptor	0	0	0.0147058823529411	0.5011717509037	1	1	[36160648]
colorectal neoplasms/metabolism	nitric oxide synthase type ii/metabolism	0	0	0.0147058823529411	0.5011717509037	1	1	[36160648]
colorectal neoplasms/metabolism	scavenger receptors class e/genetics	0	0	0.0147058823529411	0.5011717509037	1	1	[36160648]
cytokines/metabolism	hyperlipidemias	0.0027501892023392	0.0043310494425764	0.147058823529412	0.5011717509037	1	1	[36160648]
hyperlipidemias	macrophages/metabolism	0.001413355149255	0.0023329148675058	0.102941176470588	0.5011717509037	1	1	[36160648]
hyperlipidemias	lipoproteins ldl	0	0	0.0147058823529411	0.5011717509037	1	1	[36160648]
hyperlipidemias	mannose receptor	0	0	0.0147058823529411	0.5011717509037	1	1	[36160648]
hyperlipidemias	nitric oxide synthase type ii/metabolism	0	0	0.0147058823529411	0.5011717509037	1	1	[36160648]
hyperlipidemias	scavenger receptors class e/genetics	0	0	0.0147058823529411	0.5011717509037	1	1	[36160648]
cytokines/metabolism	lipoproteins ldl	0.0027501892023392	0.0043310494425764	0.147058823529412	0.5011717509037	1	1	[36160648]
lipoproteins ldl	macrophages/metabolism	0.001413355149255	0.0023329148675058	0.102941176470588	0.5011717509037	1	1	[36160648]
lipoproteins ldl	mannose receptor	0	0	0.0147058823529411	0.5011717509037	1	1	[36160648]
lipoproteins ldl	nitric oxide synthase type ii/metabolism	0	0	0.0147058823529411	0.5011717509037	1	1	[36160648]
lipoproteins ldl	scavenger receptors class e/genetics	0	0	0.0147058823529411	0.5011717509037	1	1	[36160648]
cytokines/metabolism	mannose receptor	0.0027501892023392	0.0043310494425764	0.147058823529412	0.5011717509037	1	1	[36160648]
macrophages/metabolism	mannose receptor	0.001413355149255	0.0023329148675058	0.102941176470588	0.5011717509037	1	1	[36160648]
mannose receptor	nitric oxide synthase type ii/metabolism	0	0	0.0147058823529411	0.5011717509037	1	1	[36160648]
mannose receptor	scavenger receptors class e/genetics	0	0	0.0147058823529411	0.5011717509037	1	1	[36160648]
cytokines/metabolism	nitric oxide synthase type ii/metabolism	0.0027501892023392	0.0043310494425764	0.147058823529412	0.5011717509037	1	1	[36160648]
macrophages/metabolism	nitric oxide synthase type ii/metabolism	0.001413355149255	0.0023329148675058	0.102941176470588	0.5011717509037	1	1	[36160648]
nitric oxide synthase type ii/metabolism	scavenger receptors class e/genetics	0	0	0.0147058823529411	0.5011717509037	1	1	[36160648]
cytokines/metabolism	scavenger receptors class e/genetics	0.0027501892023392	0.0043310494425764	0.147058823529412	0.5011717509037	1	1	[36160648]
macrophages/metabolism	scavenger receptors class e/genetics	0.001413355149255	0.0023329148675058	0.102941176470588	0.5011717509037	1	1	[36160648]
antioxidants/pharmacology	reactive oxygen species/metabolism	0.0047751294388702	0.0071792222967029	0.102941176470588	0.5011717509037	1	1	[32778843]
antioxidants/pharmacology	jurkat cells	0.0012969225227602	0.0028666732591499	0.074074074074074	0.491090027111315	1	0	[32778843]
antioxidants/pharmacology	biopterins/analogs &amp; derivatives	1.90229000622821e-05	6.33368658790105e-05	0.037037037037037	0.491090027111315	1	0	[32778843]
antioxidants/pharmacology	carbolines/pharmacology	0.0010636503730522	0.0023691137341409	0.074074074074074	0.491090027111315	1	0	[32778843]
antioxidants/pharmacology	cell proliferation/drug effects	1.90229000622821e-05	6.33368658790105e-05	0.037037037037037	0.491090027111315	1	0	[32778843]
antioxidants/pharmacology	cystine/antagonists &amp; inhibitors	1.90229000622821e-05	6.33368658790105e-05	0.037037037037037	0.491090027111315	1	0	[32778843]
antioxidants/pharmacology	dose-response relationship drug	0.0010636503730522	0.0023691137341409	0.074074074074074	0.491090027111315	1	0	[32778843]
antioxidants/pharmacology	folic acid antagonists/pharmacology	1.90229000622821e-05	6.33368658790105e-05	0.037037037037037	0.491090027111315	1	0	[32778843]
antioxidants/pharmacology	methotrexate/pharmacology	1.90229000622821e-05	6.33368658790105e-05	0.037037037037037	0.491090027111315	1	0	[32778843]
antioxidants/pharmacology	oxidative stress	0.0005390447313372	0.0013092376221759	0.074074074074074	0.491090027111315	1	0	[32778843]
antioxidants/pharmacology	phospholipid hydroperoxide glutathione peroxidase/antagonists &amp; inhibitors	1.90229000622821e-05	6.33368658790105e-05	0.037037037037037	0.491090027111315	1	0	[32778843]
antioxidants/pharmacology	piperazines/pharmacology	0.0005390447313372	0.0013092376221759	0.074074074074074	0.491090027111315	1	0	[32778843]
antioxidants/pharmacology	tetrahydrofolate dehydrogenase/genetics	1.90229000622821e-05	6.33368658790105e-05	0.037037037037037	0.491090027111315	1	0	[32778843]
antioxidants/pharmacology	vitamin e/pharmacology	1.90229000622821e-05	6.33368658790105e-05	0.037037037037037	0.491090027111315	1	0	[32778843]
antineoplastic agents/pharmacology	biopterins/analogs &amp; derivatives	0.0057503256328302	0.0086565539193184	0.0886075949367088	0.583915496397244	1	2	[32778843]
biopterins/analogs &amp; derivatives	reactive oxygen species/metabolism	0.0047751294388702	0.0071792222967029	0.102941176470588	0.5011717509037	1	1	[32778843]
biopterins/analogs &amp; derivatives	jurkat cells	0.0012969225227602	0.0028666732591499	0.074074074074074	0.491090027111315	1	0	[32778843]
biopterins/analogs &amp; derivatives	carbolines/pharmacology	0.0010636503730522	0.0023691137341409	0.074074074074074	0.491090027111315	1	0	[32778843]
biopterins/analogs &amp; derivatives	cell proliferation/drug effects	1.90229000622821e-05	6.33368658790105e-05	0.037037037037037	0.491090027111315	1	0	[32778843]
biopterins/analogs &amp; derivatives	cystine/antagonists &amp; inhibitors	1.90229000622821e-05	6.33368658790105e-05	0.037037037037037	0.491090027111315	1	0	[32778843]
biopterins/analogs &amp; derivatives	dose-response relationship drug	0.0010636503730522	0.0023691137341409	0.074074074074074	0.491090027111315	1	0	[32778843]
biopterins/analogs &amp; derivatives	folic acid antagonists/pharmacology	1.90229000622821e-05	6.33368658790105e-05	0.037037037037037	0.491090027111315	1	0	[32778843]
biopterins/analogs &amp; derivatives	methotrexate/pharmacology	1.90229000622821e-05	6.33368658790105e-05	0.037037037037037	0.491090027111315	1	0	[32778843]
biopterins/analogs &amp; derivatives	oxidative stress	0.0005390447313372	0.0013092376221759	0.074074074074074	0.491090027111315	1	0	[32778843]
biopterins/analogs &amp; derivatives	phospholipid hydroperoxide glutathione peroxidase/antagonists &amp; inhibitors	1.90229000622821e-05	6.33368658790105e-05	0.037037037037037	0.491090027111315	1	0	[32778843]
biopterins/analogs &amp; derivatives	piperazines/pharmacology	0.0005390447313372	0.0013092376221759	0.074074074074074	0.491090027111315	1	0	[32778843]
biopterins/analogs &amp; derivatives	tetrahydrofolate dehydrogenase/genetics	1.90229000622821e-05	6.33368658790105e-05	0.037037037037037	0.491090027111315	1	0	[32778843]
biopterins/analogs &amp; derivatives	vitamin e/pharmacology	1.90229000622821e-05	6.33368658790105e-05	0.037037037037037	0.491090027111315	1	0	[32778843]
carbolines/pharmacology	cell survival/drug effects	0.0035798874138834	0.0054954767874054	0.0869183494293239	0.5011717509037	1	1	[34717678]
carbolines/pharmacology	jurkat cells	6.85857748674579e-05	0.0001406852456997	0.0583845478489903	0.5011717509037	1	1	[32778843]
carbolines/pharmacology	cell proliferation/drug effects	0.0010636503730522	0.0023691137341409	0.074074074074074	0.491090027111315	1	0	[32778843]
carbolines/pharmacology	cystine/antagonists &amp; inhibitors	0.0010636503730522	0.0023691137341409	0.074074074074074	0.491090027111315	1	0	[32778843]
carbolines/pharmacology	dose-response relationship drug	6.63710797654815e-07	3.54468013480472e-06	0.0028490028490028	0.178864212567384	2	0	[32778843,34717678]
carbolines/pharmacology	folic acid antagonists/pharmacology	0.0010636503730522	0.0023691137341409	0.074074074074074	0.491090027111315	1	0	[32778843]
carbolines/pharmacology	gene expression	5.14974610709151e-05	0.0001657520944568	0.074074074074074	0.491090027111315	1	0	[34717678]
carbolines/pharmacology	inflammation mediators/antagonists &amp; inhibitors	5.14974610709151e-05	0.0001657520944568	0.074074074074074	0.491090027111315	1	0	[34717678]
carbolines/pharmacology	lipopolysaccharides/toxicity	5.14974610709151e-05	0.0001657520944568	0.074074074074074	0.491090027111315	1	0	[34717678]
carbolines/pharmacology	methotrexate/pharmacology	0.0010636503730522	0.0023691137341409	0.074074074074074	0.491090027111315	1	0	[32778843]
carbolines/pharmacology	microglia/drug effects	5.14974610709151e-05	0.0001657520944568	0.074074074074074	0.491090027111315	1	0	[34717678]
carbolines/pharmacology	nf-e2-related factor 2/biosynthesis	5.14974610709151e-05	0.0001657520944568	0.074074074074074	0.491090027111315	1	0	[34717678]
carbolines/pharmacology	oxidative stress	1.89453191614675e-05	4.17659496863234e-05	0.0583845478489903	0.5011717509037	1	1	[32778843]
carbolines/pharmacology	phospholipid hydroperoxide glutathione peroxidase/antagonists &amp; inhibitors	0.0010636503730522	0.0023691137341409	0.074074074074074	0.491090027111315	1	0	[32778843]
carbolines/pharmacology	piperazines/pharmacology	1.89453191614675e-05	4.17659496863234e-05	0.0583845478489903	0.5011717509037	1	1	[32778843]
carbolines/pharmacology	raw 264.7 cells	5.14974610709151e-05	0.0001657520944568	0.074074074074074	0.491090027111315	1	0	[34717678]
carbolines/pharmacology	tetrahydrofolate dehydrogenase/genetics	0.0010636503730522	0.0023691137341409	0.074074074074074	0.491090027111315	1	0	[32778843]
carbolines/pharmacology	vitamin e/pharmacology	0.0010636503730522	0.0023691137341409	0.074074074074074	0.491090027111315	1	0	[32778843]
cell proliferation/drug effects	phenotype	0.0021227254844603	0.003419549010368	0.0583845478489903	0.5011717509037	1	1	[30420335]
apoptosis/drug effects	cell proliferation/drug effects	0.0035478824308358	0.0054647911845691	0.0869183494293239	0.5011717509037	1	1	[30420335]
cell proliferation/drug effects	jurkat cells	0.0012969225227602	0.0028666732591499	0.074074074074074	0.491090027111315	1	0	[32778843]
cell proliferation/drug effects	cystine/antagonists &amp; inhibitors	1.90229000622821e-05	6.33368658790105e-05	0.037037037037037	0.491090027111315	1	0	[32778843]
cell proliferation/drug effects	dose-response relationship drug	0.0010636503730522	0.0023691137341409	0.074074074074074	0.491090027111315	1	0	[32778843,30420335]
cell proliferation/drug effects	folic acid antagonists/pharmacology	1.90229000622821e-05	6.33368658790105e-05	0.037037037037037	0.491090027111315	1	0	[32778843]
cell proliferation/drug effects	methotrexate/pharmacology	1.90229000622821e-05	6.33368658790105e-05	0.037037037037037	0.491090027111315	1	0	[32778843]
cell proliferation/drug effects	oxidative stress	0.0005390447313372	0.0013092376221759	0.074074074074074	0.491090027111315	1	0	[32778843]
cell proliferation/drug effects	phospholipid hydroperoxide glutathione peroxidase/antagonists &amp; inhibitors	1.90229000622821e-05	6.33368658790105e-05	0.037037037037037	0.491090027111315	1	0	[32778843]
cell proliferation/drug effects	piperazines/pharmacology	0.0005390447313372	0.0013092376221759	0.074074074074074	0.491090027111315	1	0	[32778843]
cell proliferation/drug effects	tetrahydrofolate dehydrogenase/genetics	1.90229000622821e-05	6.33368658790105e-05	0.037037037037037	0.491090027111315	1	0	[32778843]
cell proliferation/drug effects	vitamin e/pharmacology	1.90229000622821e-05	6.33368658790105e-05	0.037037037037037	0.491090027111315	1	0	[32778843]
antineoplastic agents/pharmacology	cystine/antagonists &amp; inhibitors	0.0057503256328302	0.0086565539193184	0.0886075949367088	0.583915496397244	1	2	[32778843]
cystine/antagonists &amp; inhibitors	reactive oxygen species/metabolism	0.0047751294388702	0.0071792222967029	0.102941176470588	0.5011717509037	1	1	[32778843]
cystine/antagonists &amp; inhibitors	jurkat cells	0.0012969225227602	0.0028666732591499	0.074074074074074	0.491090027111315	1	0	[32778843]
cystine/antagonists &amp; inhibitors	dose-response relationship drug	0.0010636503730522	0.0023691137341409	0.074074074074074	0.491090027111315	1	0	[32778843]
cystine/antagonists &amp; inhibitors	folic acid antagonists/pharmacology	1.90229000622821e-05	6.33368658790105e-05	0.037037037037037	0.491090027111315	1	0	[32778843]
cystine/antagonists &amp; inhibitors	methotrexate/pharmacology	1.90229000622821e-05	6.33368658790105e-05	0.037037037037037	0.491090027111315	1	0	[32778843]
cystine/antagonists &amp; inhibitors	oxidative stress	0.0005390447313372	0.0013092376221759	0.074074074074074	0.491090027111315	1	0	[32778843]
cystine/antagonists &amp; inhibitors	phospholipid hydroperoxide glutathione peroxidase/antagonists &amp; inhibitors	1.90229000622821e-05	6.33368658790105e-05	0.037037037037037	0.491090027111315	1	0	[32778843]
cystine/antagonists &amp; inhibitors	piperazines/pharmacology	0.0005390447313372	0.0013092376221759	0.074074074074074	0.491090027111315	1	0	[32778843]
cystine/antagonists &amp; inhibitors	tetrahydrofolate dehydrogenase/genetics	1.90229000622821e-05	6.33368658790105e-05	0.037037037037037	0.491090027111315	1	0	[32778843]
cystine/antagonists &amp; inhibitors	vitamin e/pharmacology	1.90229000622821e-05	6.33368658790105e-05	0.037037037037037	0.491090027111315	1	0	[32778843]
antineoplastic agents/pharmacology	folic acid antagonists/pharmacology	0.0057503256328302	0.0086565539193184	0.0886075949367088	0.583915496397244	1	2	[32778843]
folic acid antagonists/pharmacology	reactive oxygen species/metabolism	0.0047751294388702	0.0071792222967029	0.102941176470588	0.5011717509037	1	1	[32778843]
folic acid antagonists/pharmacology	jurkat cells	0.0012969225227602	0.0028666732591499	0.074074074074074	0.491090027111315	1	0	[32778843]
dose-response relationship drug	folic acid antagonists/pharmacology	0.0010636503730522	0.0023691137341409	0.074074074074074	0.491090027111315	1	0	[32778843]
folic acid antagonists/pharmacology	methotrexate/pharmacology	1.90229000622821e-05	6.33368658790105e-05	0.037037037037037	0.491090027111315	1	0	[32778843]
folic acid antagonists/pharmacology	oxidative stress	0.0005390447313372	0.0013092376221759	0.074074074074074	0.491090027111315	1	0	[32778843]
folic acid antagonists/pharmacology	phospholipid hydroperoxide glutathione peroxidase/antagonists &amp; inhibitors	1.90229000622821e-05	6.33368658790105e-05	0.037037037037037	0.491090027111315	1	0	[32778843]
folic acid antagonists/pharmacology	piperazines/pharmacology	0.0005390447313372	0.0013092376221759	0.074074074074074	0.491090027111315	1	0	[32778843]
folic acid antagonists/pharmacology	tetrahydrofolate dehydrogenase/genetics	1.90229000622821e-05	6.33368658790105e-05	0.037037037037037	0.491090027111315	1	0	[32778843]
folic acid antagonists/pharmacology	vitamin e/pharmacology	1.90229000622821e-05	6.33368658790105e-05	0.037037037037037	0.491090027111315	1	0	[32778843]
antineoplastic agents/pharmacology	methotrexate/pharmacology	0.0057503256328302	0.0086565539193184	0.0886075949367088	0.583915496397244	1	2	[32778843]
methotrexate/pharmacology	reactive oxygen species/metabolism	0.0047751294388702	0.0071792222967029	0.102941176470588	0.5011717509037	1	1	[32778843]
jurkat cells	methotrexate/pharmacology	0.0012969225227602	0.0028666732591499	0.074074074074074	0.491090027111315	1	0	[32778843]
dose-response relationship drug	methotrexate/pharmacology	0.0010636503730522	0.0023691137341409	0.074074074074074	0.491090027111315	1	0	[32778843]
methotrexate/pharmacology	oxidative stress	0.0005390447313372	0.0013092376221759	0.074074074074074	0.491090027111315	1	0	[32778843]
methotrexate/pharmacology	phospholipid hydroperoxide glutathione peroxidase/antagonists &amp; inhibitors	1.90229000622821e-05	6.33368658790105e-05	0.037037037037037	0.491090027111315	1	0	[32778843]
methotrexate/pharmacology	piperazines/pharmacology	0.0005390447313372	0.0013092376221759	0.074074074074074	0.491090027111315	1	0	[32778843]
methotrexate/pharmacology	tetrahydrofolate dehydrogenase/genetics	1.90229000622821e-05	6.33368658790105e-05	0.037037037037037	0.491090027111315	1	0	[32778843]
methotrexate/pharmacology	vitamin e/pharmacology	1.90229000622821e-05	6.33368658790105e-05	0.037037037037037	0.491090027111315	1	0	[32778843]
ferric compounds/chemistry	oxidative stress	9.99914752405351e-05	0.0002019839072854	0.0869183494293239	0.5011717509037	1	1	[32686685]
jurkat cells	oxidative stress	2.61119059221659e-05	5.62839187200491e-05	0.0583845478489903	0.5011717509037	1	1	[32778843]
dose-response relationship drug	oxidative stress	0.0011968722590782	0.0020240640587102	0.0869183494293239	0.5011717509037	1	1	[32778843]
ascorbic acid/pharmacology	oxidative stress	7.083931083951e-07	3.69485614090969e-06	0.074074074074074	0.491090027111315	1	0	[32686685]
calreticulin/metabolism	oxidative stress	7.083931083951e-07	3.69485614090969e-06	0.074074074074074	0.491090027111315	1	0	[32686685]
neoplasms/diagnostic imaging	oxidative stress	7.083931083951e-07	3.69485614090969e-06	0.074074074074074	0.491090027111315	1	0	[32686685]
oxidative stress	phospholipid hydroperoxide glutathione peroxidase/antagonists &amp; inhibitors	0.0005390447313372	0.0013092376221759	0.074074074074074	0.491090027111315	1	0	[32778843]
oxidative stress	piperazines/pharmacology	6.29617067759991e-06	1.47514400936118e-05	0.0583845478489903	0.5011717509037	1	1	[32778843]
oxidative stress	t-lymphocytes cytotoxic/metabolism	7.083931083951e-07	3.69485614090969e-06	0.074074074074074	0.491090027111315	1	0	[32686685]
oxidative stress	tetrahydrofolate dehydrogenase/genetics	0.0005390447313372	0.0013092376221759	0.074074074074074	0.491090027111315	1	0	[32778843]
oxidative stress	vitamin e/pharmacology	0.0005390447313372	0.0013092376221759	0.074074074074074	0.491090027111315	1	0	[32778843]
antineoplastic agents/pharmacology	phospholipid hydroperoxide glutathione peroxidase/antagonists &amp; inhibitors	0.0057503256328302	0.0086565539193184	0.0886075949367088	0.583915496397244	1	2	[32778843]
phospholipid hydroperoxide glutathione peroxidase/antagonists &amp; inhibitors	reactive oxygen species/metabolism	0.0047751294388702	0.0071792222967029	0.102941176470588	0.5011717509037	1	1	[32778843]
jurkat cells	phospholipid hydroperoxide glutathione peroxidase/antagonists &amp; inhibitors	0.0012969225227602	0.0028666732591499	0.074074074074074	0.491090027111315	1	0	[32778843]
dose-response relationship drug	phospholipid hydroperoxide glutathione peroxidase/antagonists &amp; inhibitors	0.0010636503730522	0.0023691137341409	0.074074074074074	0.491090027111315	1	0	[32778843]
phospholipid hydroperoxide glutathione peroxidase/antagonists &amp; inhibitors	piperazines/pharmacology	0.0005390447313372	0.0013092376221759	0.074074074074074	0.491090027111315	1	0	[32778843]
phospholipid hydroperoxide glutathione peroxidase/antagonists &amp; inhibitors	tetrahydrofolate dehydrogenase/genetics	1.90229000622821e-05	6.33368658790105e-05	0.037037037037037	0.491090027111315	1	0	[32778843]
phospholipid hydroperoxide glutathione peroxidase/antagonists &amp; inhibitors	vitamin e/pharmacology	1.90229000622821e-05	6.33368658790105e-05	0.037037037037037	0.491090027111315	1	0	[32778843]
antineoplastic agents/pharmacology	tetrahydrofolate dehydrogenase/genetics	0.0057503256328302	0.0086565539193184	0.0886075949367088	0.583915496397244	1	2	[32778843]
reactive oxygen species/metabolism	tetrahydrofolate dehydrogenase/genetics	0.0047751294388702	0.0071792222967029	0.102941176470588	0.5011717509037	1	1	[32778843]
jurkat cells	tetrahydrofolate dehydrogenase/genetics	0.0012969225227602	0.0028666732591499	0.074074074074074	0.491090027111315	1	0	[32778843]
dose-response relationship drug	tetrahydrofolate dehydrogenase/genetics	0.0010636503730522	0.0023691137341409	0.074074074074074	0.491090027111315	1	0	[32778843]
piperazines/pharmacology	tetrahydrofolate dehydrogenase/genetics	0.0005390447313372	0.0013092376221759	0.074074074074074	0.491090027111315	1	0	[32778843]
tetrahydrofolate dehydrogenase/genetics	vitamin e/pharmacology	1.90229000622821e-05	6.33368658790105e-05	0.037037037037037	0.491090027111315	1	0	[32778843]
antineoplastic agents/pharmacology	vitamin e/pharmacology	0.0057503256328302	0.0086565539193184	0.0886075949367088	0.583915496397244	1	2	[32778843]
reactive oxygen species/metabolism	vitamin e/pharmacology	0.0047751294388702	0.0071792222967029	0.102941176470588	0.5011717509037	1	1	[32778843]
jurkat cells	vitamin e/pharmacology	0.0012969225227602	0.0028666732591499	0.074074074074074	0.491090027111315	1	0	[32778843]
dose-response relationship drug	vitamin e/pharmacology	0.0010636503730522	0.0023691137341409	0.074074074074074	0.491090027111315	1	0	[32778843]
piperazines/pharmacology	vitamin e/pharmacology	0.0005390447313372	0.0013092376221759	0.074074074074074	0.491090027111315	1	0	[32778843]
glutathione/metabolism	jurkat cells	0.0001918567172121	0.0003646346041525	0.0869183494293239	0.5011717509037	1	1	[33926261]
antineoplastic agents/pharmacology	jurkat cells	0.0001806054803238	0.0003441636472961	0.0092186128182616	0.186828306325089	2	1	[32778843,33926261]
autophagy/drug effects	jurkat cells	1.20997385167909e-05	2.74687443616853e-05	0.0583845478489903	0.5011717509037	1	1	[33926261]
jurkat cells	reactive oxygen species/metabolism	2.88582746705845e-05	6.20730055714524e-05	0.0092186128182616	0.186828306325089	2	1	[32778843,33926261]
autophagy-related proteins/genetics	jurkat cells	0.0001347174188101	0.000411242646894	0.074074074074074	0.491090027111315	1	0	[33926261]
cell cycle/drug effects	jurkat cells	0.0001347174188101	0.000411242646894	0.074074074074074	0.491090027111315	1	0	[33926261]
flavonolignans/pharmacology	jurkat cells	0.0001347174188101	0.000411242646894	0.074074074074074	0.491090027111315	1	0	[33926261]
glutathione peroxidase/metabolism	jurkat cells	0.0001347174188101	0.000411242646894	0.074074074074074	0.491090027111315	1	0	[33926261]
dose-response relationship drug	jurkat cells	0.0026163058647299	0.0041447975536073	0.0869183494293239	0.5011717509037	1	1	[32778843]
jurkat cells	piperazines/pharmacology	2.61119059221659e-05	5.62839187200491e-05	0.0583845478489903	0.5011717509037	1	1	[32778843]
jurkat cells	precursor cell lymphoblastic leukemia-lymphoma/metabolism	0.0001347174188101	0.000411242646894	0.074074074074074	0.491090027111315	1	0	[33926261]
cell survival	coenzyme a ligases/metabolism	9.44154754378701e-11	1.14562710782353e-09	0.037037037037037	0.491090027111315	1	0	[32814895]
cell survival	glutathione/metabolism	0.0001487376673323	0.0004423992156552	0.111111111111111	0.491090027111315	1	0	[32814895]
cell survival	iron/metabolism	0.0021974525656576	0.0046720032554304	0.148148148148148	0.491090027111315	1	0	[32814895]
cell survival	lymph/metabolism	9.44154754378701e-11	1.14562710782353e-09	0.037037037037037	0.491090027111315	1	0	[32814895]
cell survival	melanoma/blood	9.44154754378701e-11	1.14562710782353e-09	0.037037037037037	0.491090027111315	1	0	[32814895]
cell survival	neoplasm metastasis/drug therapy	9.44154754378701e-11	1.14562710782353e-09	0.037037037037037	0.491090027111315	1	0	[32814895]
cell survival	oleic acid/metabolism	9.44154754378701e-11	1.14562710782353e-09	0.037037037037037	0.491090027111315	1	0	[32814895]
cell survival	oxidative stress/drug effects	0.0009252229168602	0.0021093918702002	0.074074074074074	0.491090027111315	1	0	[32814895]
cell survival	phospholipid hydroperoxide glutathione peroxidase/metabolism	1.13100478793537e-06	5.82577954709163e-06	0.074074074074074	0.491090027111315	1	0	[32814895]
coenzyme a ligases/metabolism	glutathione/metabolism	0.0001487376673323	0.0004423992156552	0.111111111111111	0.491090027111315	1	0	[32814895]
coenzyme a ligases/metabolism	iron/metabolism	0.0021974525656576	0.0046720032554304	0.148148148148148	0.491090027111315	1	0	[32814895]
coenzyme a ligases/metabolism	lymph/metabolism	9.44154754378701e-11	1.14562710782353e-09	0.037037037037037	0.491090027111315	1	0	[32814895]
coenzyme a ligases/metabolism	melanoma/blood	9.44154754378701e-11	1.14562710782353e-09	0.037037037037037	0.491090027111315	1	0	[32814895]
coenzyme a ligases/metabolism	neoplasm metastasis/drug therapy	9.44154754378701e-11	1.14562710782353e-09	0.037037037037037	0.491090027111315	1	0	[32814895]
coenzyme a ligases/metabolism	oleic acid/metabolism	9.44154754378701e-11	1.14562710782353e-09	0.037037037037037	0.491090027111315	1	0	[32814895]
coenzyme a ligases/metabolism	oxidative stress/drug effects	0.0009252229168602	0.0021093918702002	0.074074074074074	0.491090027111315	1	0	[32814895]
coenzyme a ligases/metabolism	phospholipid hydroperoxide glutathione peroxidase/metabolism	1.13100478793537e-06	5.82577954709163e-06	0.074074074074074	0.491090027111315	1	0	[32814895]
autophagy-related proteins/genetics	glutathione/metabolism	0.0002752353370022	0.000788717862951	0.111111111111111	0.491090027111315	1	0	[33926261]
autophagy/drug effects	glutathione/metabolism	3.02581601189233e-05	6.44266885241603e-05	0.0869183494293239	0.5011717509037	1	1	[33926261]
cell cycle/drug effects	glutathione/metabolism	0.0002752353370022	0.000788717862951	0.111111111111111	0.491090027111315	1	0	[33926261]
cells cultured	glutathione/metabolism	0.0019364221367503	0.0031229382209923	0.1284220608189	0.5011717509037	1	1	[39276841,30787033,40570981,39700767]
flavonolignans/pharmacology	glutathione/metabolism	0.0002752353370022	0.000788717862951	0.111111111111111	0.491090027111315	1	0	[33926261]
glutathione peroxidase/metabolism	glutathione/metabolism	0.0002752353370022	0.000788717862951	0.111111111111111	0.491090027111315	1	0	[33926261]
glutathione/metabolism	host-pathogen interactions	1.06124954789566e-05	4.50603761185566e-05	0.111111111111111	0.491090027111315	1	0	[30787033]
glutathione/metabolism	iron chelating agents/pharmacology	1.06124954789566e-05	4.50603761185566e-05	0.111111111111111	0.491090027111315	1	0	[30787033]
glutathione/metabolism	iron/metabolism	0.000623406723278	0.0015015610444405	0.0485470085470085	0.178864212567384	2	0	[39276841,30787033,40724917,32814895]
glutathione/metabolism	lymph/metabolism	0.0001487376673323	0.0004423992156552	0.111111111111111	0.491090027111315	1	0	[32814895]
glutathione/metabolism	melanoma/blood	0.0001487376673323	0.0004423992156552	0.111111111111111	0.491090027111315	1	0	[32814895]
glutathione/metabolism	neoplasm metastasis/drug therapy	0.0001487376673323	0.0004423992156552	0.111111111111111	0.491090027111315	1	0	[32814895]
glutathione/metabolism	oleic acid/metabolism	0.0001487376673323	0.0004423992156552	0.111111111111111	0.491090027111315	1	0	[32814895]
glutathione/metabolism	oxidative stress/drug effects	0.0019364221367503	0.0031229382209923	0.0869183494293239	0.5011717509037	1	1	[39287745,40570981,38581191,39276841,32814895,39212400,40451026,40724917,40136245,40703032,40752796,39700767]
glutathione/metabolism	phospholipid hydroperoxide glutathione peroxidase/metabolism	1.7149710207498e-08	1.53028183389982e-07	0.0085470085470085	0.178864212567384	2	0	[39287745,40570981,38581191,39276841,32814895,39212400,40451026,40724917,40703032,30787033,40752796,39700767]
glutathione/metabolism	precursor cell lymphoblastic leukemia-lymphoma/metabolism	0.0002752353370022	0.000788717862951	0.111111111111111	0.491090027111315	1	0	[33926261]
glutathione/metabolism	tuberculosis/metabolism	1.06124954789566e-05	4.50603761185566e-05	0.111111111111111	0.491090027111315	1	0	[30787033]
glutathione/metabolism	reactive oxygen species/metabolism	0.0048084262220007	0.0073509066023435	0.0213153124507828	0.0067152084716297	5	2	[39276841,40451026,40136245,33926261,40724917]
ferroptosis/drug effects	glutathione/metabolism	0.000198042045892	0.0003889131890287	7.77154414179434e-06	1.71642201257002e-10	14	2	[39287745,40570981,38581191,39276841,32814895,39212400,40451026,40724917,40136245,33926261,40703032,30787033,40752796,39700767]
amino acid transport system y+/metabolism	glutathione/metabolism	2.66831054727135e-05	6.01132353847219e-05	0.0002480883409579	0.0014456026634706	6	2	[39276841,39212400,40451026,40724917,40703032,40752796]
cell line	glutathione/metabolism	0.0037730379392946	0.0059123365498235	0.0165886693826971	0.0270361376697864	4	2	[40703032,39287745,40752796,40724917]
glutathione/metabolism	selenomethionine/pharmacology	0.0029973473846041	0.0047764867314111	0.177215189873418	0.583915496397244	1	2	[39700767]
glutathione/metabolism	malondialdehyde/metabolism	0.0037145975947627	0.0058218896748017	0.0295358649789029	0.260219474110676	2	2	[39212400,40451026]
chondrocytes/drug effects	glutathione/metabolism	0.0029973473846041	0.0047764867314111	0.177215189873418	0.583915496397244	1	2	[39700767]
dna-(apurinic or apyrimidinic site) lyase/metabolism	glutathione/metabolism	0.000829892876911	0.0014781495125232	0.177215189873418	0.583915496397244	1	2	[40136245]
glutathione/metabolism	neurons/drug effects	0.0001583597610047	0.0003127334380937	0.004602991944764	0.0923383282746833	3	2	[39287745,40570981,39276841]
glutathione/metabolism	selenium/chemistry	0.0003354062041671	0.0006386469217424	0.177215189873418	0.583915496397244	1	2	[40570981]
cartilage articular/drug effects	glutathione/metabolism	0.0029973473846041	0.0047764867314111	0.177215189873418	0.583915496397244	1	2	[39700767]
glutathione/metabolism	t-2 toxin/toxicity	0.0029973473846041	0.0047764867314111	0.177215189873418	0.583915496397244	1	2	[39700767]
ferritins/blood	iron/metabolism	0.0021974525656576	0.0046720032554304	0.148148148148148	0.491090027111315	1	0	[31980600]
genetic variation	iron/metabolism	0.0021974525656576	0.0046720032554304	0.148148148148148	0.491090027111315	1	0	[31980600]
hemeproteins/toxicity	iron/metabolism	0.0021974525656576	0.0046720032554304	0.148148148148148	0.491090027111315	1	0	[31980600]
host-pathogen interactions	iron/metabolism	0.0003621740428354	0.0010297105139439	0.148148148148148	0.491090027111315	1	0	[30787033]
iron chelating agents/pharmacology	iron/metabolism	0.0003621740428354	0.0010297105139439	0.148148148148148	0.491090027111315	1	0	[30787033]
iron/metabolism	listeriosis/etiology	0.0021974525656576	0.0046720032554304	0.148148148148148	0.491090027111315	1	0	[31980600]
iron/metabolism	liver x receptors/agonists	0.0021974525656576	0.0046720032554304	0.148148148148148	0.491090027111315	1	0	[31980600]
iron/metabolism	lymph/metabolism	0.0021974525656576	0.0046720032554304	0.148148148148148	0.491090027111315	1	0	[32814895]
iron/metabolism	malaria/genetics	0.0021974525656576	0.0046720032554304	0.148148148148148	0.491090027111315	1	0	[31980600]
iron/metabolism	melanoma/blood	0.0021974525656576	0.0046720032554304	0.148148148148148	0.491090027111315	1	0	[32814895]
iron/metabolism	neoplasm metastasis/drug therapy	0.0021974525656576	0.0046720032554304	0.148148148148148	0.491090027111315	1	0	[32814895]
iron/metabolism	oleic acid/metabolism	0.0021974525656576	0.0046720032554304	0.148148148148148	0.491090027111315	1	0	[32814895]
iron/metabolism	phospholipid hydroperoxide glutathione peroxidase/metabolism	6.32554567225885e-06	2.72167395393927e-05	0.017094017094017	0.178864212567384	2	0	[39276841,30787033,40724917,32814895]
iron/metabolism	transferrin/metabolism	0.0021974525656576	0.0046720032554304	0.148148148148148	0.491090027111315	1	0	[31980600]
iron/metabolism	tuberculosis/metabolism	0.0003621740428354	0.0010297105139439	0.148148148148148	0.491090027111315	1	0	[30787033]
iron/metabolism	tumor suppressor protein p53/genetics	0.0021974525656576	0.0046720032554304	0.148148148148148	0.491090027111315	1	0	[31980600]
iron/metabolism	membrane proteins/genetics	6.12035329580207e-05	0.0001257224765577	0.0588235294117647	0.5011717509037	1	1	[33311482]
dna	iron/metabolism	6.12035329580207e-05	0.0001257224765577	0.0588235294117647	0.5011717509037	1	1	[33311482]
iron/metabolism	macrophages	6.12035329580207e-05	0.0001257224765577	0.0588235294117647	0.5011717509037	1	1	[33311482]
iron/metabolism	quinoxalines/pharmacology	6.12035329580207e-05	0.0001257224765577	0.0588235294117647	0.5011717509037	1	1	[33311482]
biomarkers tumor	iron/metabolism	6.12035329580207e-05	0.0001257224765577	0.0588235294117647	0.5011717509037	1	1	[33311482]
cell transformation neoplastic/genetics	iron/metabolism	6.12035329580207e-05	0.0001257224765577	0.0588235294117647	0.5011717509037	1	1	[33311482]
carcinoma pancreatic ductal/metabolism	iron/metabolism	6.12035329580207e-05	0.0001257224765577	0.0588235294117647	0.5011717509037	1	1	[33311482]
diet	iron/metabolism	6.12035329580207e-05	0.0001257224765577	0.0588235294117647	0.5011717509037	1	1	[33311482]
iron/metabolism	spiro compounds/pharmacology	6.12035329580207e-05	0.0001257224765577	0.0588235294117647	0.5011717509037	1	1	[33311482]
iron/metabolism	proto-oncogene proteins p21(ras)/metabolism	6.12035329580207e-05	0.0001257224765577	0.0588235294117647	0.5011717509037	1	1	[33311482]
ferroptosis/drug effects	iron/metabolism	0.0068723509875587	0.0099684556826216	0.0215500039907414	0.0131605085751639	4	1	[39276841,32814895,40724917,31980600,30787033,33311482]
iron/metabolism	pancreatitis/genetics	6.12035329580207e-05	0.0001257224765577	0.0588235294117647	0.5011717509037	1	1	[33311482]
iron/metabolism	pancreas/metabolism	6.12035329580207e-05	0.0001257224765577	0.0588235294117647	0.5011717509037	1	1	[33311482]
iron/metabolism	macrophages/drug effects	0.0008029908955162	0.001397871204315	0.0247610159813847	0.186828306325089	2	1	[31980600,30787033]
iron/metabolism	phospholipid hydroperoxide glutathione peroxidase/genetics	6.12035329580207e-05	0.0001257224765577	0.0588235294117647	0.5011717509037	1	1	[33311482]
cells cultured	iron/metabolism	0.0032732270710881	0.0051956291419098	0.063354651362646	0.260219474110676	2	2	[39276841,30787033]
iron/metabolism	receptors transferrin/metabolism	0.0005265629672097	0.0009620518512371	0.0759493670886075	0.583915496397244	1	2	[39276841]
aging/metabolism	iron/metabolism	0.0002135798585213	0.0004166921382691	0.0759493670886075	0.583915496397244	1	2	[40724917]
antioxidants/metabolism	iron/metabolism	0.0002135798585213	0.0004166921382691	0.0759493670886075	0.583915496397244	1	2	[40724917]
iron/metabolism	neurons/metabolism	0.0002135798585213	0.0004166921382691	0.0759493670886075	0.583915496397244	1	2	[40724917]
folic acid/pharmacology	iron/metabolism	0.0002135798585213	0.0004166921382691	0.0759493670886075	0.583915496397244	1	2	[40724917]
iron/metabolism	spiral ganglion/drug effects	0.0005265629672097	0.0009620518512371	0.0759493670886075	0.583915496397244	1	2	[39276841]
cystine/metabolism	iron/metabolism	0.0002135798585213	0.0004166921382691	0.0759493670886075	0.583915496397244	1	2	[40724917]
iron/metabolism	organometallic compounds/toxicity	0.0005265629672097	0.0009620518512371	0.0759493670886075	0.583915496397244	1	2	[39276841]
lymph/metabolism	melanoma/blood	9.44154754378701e-11	1.14562710782353e-09	0.037037037037037	0.491090027111315	1	0	[32814895]
lymph/metabolism	neoplasm metastasis/drug therapy	9.44154754378701e-11	1.14562710782353e-09	0.037037037037037	0.491090027111315	1	0	[32814895]
lymph/metabolism	oleic acid/metabolism	9.44154754378701e-11	1.14562710782353e-09	0.037037037037037	0.491090027111315	1	0	[32814895]
lymph/metabolism	oxidative stress/drug effects	0.0009252229168602	0.0021093918702002	0.074074074074074	0.491090027111315	1	0	[32814895]
lymph/metabolism	phospholipid hydroperoxide glutathione peroxidase/metabolism	1.13100478793537e-06	5.82577954709163e-06	0.074074074074074	0.491090027111315	1	0	[32814895]
melanoma/blood	neoplasm metastasis/drug therapy	9.44154754378701e-11	1.14562710782353e-09	0.037037037037037	0.491090027111315	1	0	[32814895]
melanoma/blood	oleic acid/metabolism	9.44154754378701e-11	1.14562710782353e-09	0.037037037037037	0.491090027111315	1	0	[32814895]
melanoma/blood	oxidative stress/drug effects	0.0009252229168602	0.0021093918702002	0.074074074074074	0.491090027111315	1	0	[32814895]
melanoma/blood	phospholipid hydroperoxide glutathione peroxidase/metabolism	1.13100478793537e-06	5.82577954709163e-06	0.074074074074074	0.491090027111315	1	0	[32814895]
neoplasm metastasis/drug therapy	oleic acid/metabolism	9.44154754378701e-11	1.14562710782353e-09	0.037037037037037	0.491090027111315	1	0	[32814895]
neoplasm metastasis/drug therapy	oxidative stress/drug effects	0.0009252229168602	0.0021093918702002	0.074074074074074	0.491090027111315	1	0	[32814895]
neoplasm metastasis/drug therapy	phospholipid hydroperoxide glutathione peroxidase/metabolism	1.13100478793537e-06	5.82577954709163e-06	0.074074074074074	0.491090027111315	1	0	[32814895]
oleic acid/metabolism	oxidative stress/drug effects	0.0009252229168602	0.0021093918702002	0.074074074074074	0.491090027111315	1	0	[32814895]
oleic acid/metabolism	phospholipid hydroperoxide glutathione peroxidase/metabolism	1.13100478793537e-06	5.82577954709163e-06	0.074074074074074	0.491090027111315	1	0	[32814895]
amp-activated protein kinase kinases	oxidative stress/drug effects	0.0013669559477371	0.0022615358442826	0.0294117647058823	0.5011717509037	1	1	[34093872]
glycogen synthase kinase 3/metabolism	oxidative stress/drug effects	0.0013669559477371	0.0022615358442826	0.0294117647058823	0.5011717509037	1	1	[34093872]
iron/chemistry	oxidative stress/drug effects	0.0013669559477371	0.0022615358442826	0.0294117647058823	0.5011717509037	1	1	[34093872]
lung neoplasms/drug therapy	oxidative stress/drug effects	0.0013669559477371	0.0022615358442826	0.0294117647058823	0.5011717509037	1	1	[34093872]
nf-e2-related factor 2/genetics	oxidative stress/drug effects	0.0013669559477371	0.0022615358442826	0.0294117647058823	0.5011717509037	1	1	[34093872]
oxidative stress/drug effects	tor serine-threonine kinases/metabolism	0.0013669559477371	0.0022615358442826	0.0294117647058823	0.5011717509037	1	1	[34093872]
oxidative stress/drug effects	phospholipid hydroperoxide glutathione peroxidase/metabolism	6.48129357638805e-05	0.000132984343149	0.0583845478489903	0.5011717509037	1	1	[39287745,40570981,38581191,39276841,32814895,39212400,40451026,40724917,40703032,40752796,39700767]
ferroptosis/drug effects	oxidative stress/drug effects	0.0017567180517258	0.0029593576351879	2.05168765343371e-05	1.66646193114706e-09	13	2	[39287745,40570981,38581191,39276841,32814895,34093872,39212400,40451026,40724917,40136245,40703032,40752796,39700767]
amino acid transport system y+/metabolism	oxidative stress/drug effects	5.26584982637468e-05	0.0001107006567297	0.000145478726881	0.0014456026634706	6	2	[39276841,39212400,40451026,40724917,40703032,40752796]
cell line	oxidative stress/drug effects	0.0054077123488796	0.0082343552838319	0.0122790655914691	0.0270361376697864	4	2	[40703032,39287745,40752796,40724917]
malondialdehyde/metabolism	oxidative stress/drug effects	0.0049765608086923	0.0076021905283635	0.0253164556962025	0.260219474110676	2	2	[39212400,40451026]
neurons/drug effects	oxidative stress/drug effects	0.0002567656931961	0.0004933246711169	0.0036166365280289	0.0923383282746833	3	2	[39287745,40570981,39276841]
oxidative stress/drug effects	selenomethionine/pharmacology	0.003891312982533	0.0060449250695597	0.164556962025316	0.583915496397244	1	2	[39700767]
chondrocytes/drug effects	oxidative stress/drug effects	0.003891312982533	0.0060449250695597	0.164556962025316	0.583915496397244	1	2	[39700767]
dna-(apurinic or apyrimidinic site) lyase/metabolism	oxidative stress/drug effects	0.001143667373756	0.001996538355438	0.164556962025316	0.583915496397244	1	2	[40136245]
oxidative stress/drug effects	selenium/chemistry	0.000482318717482	0.0008906804286957	0.164556962025316	0.583915496397244	1	2	[40570981]
cartilage articular/drug effects	oxidative stress/drug effects	0.003891312982533	0.0060449250695597	0.164556962025316	0.583915496397244	1	2	[39700767]
oxidative stress/drug effects	t-2 toxin/toxicity	0.003891312982533	0.0060449250695597	0.164556962025316	0.583915496397244	1	2	[39700767]
cells cultured	phospholipid hydroperoxide glutathione peroxidase/metabolism	0.0030517326101732	0.0063715079694041	0.145299145299145	0.491090027111315	1	0	[39276841,30787033,40570981,39700767]
host-pathogen interactions	phospholipid hydroperoxide glutathione peroxidase/metabolism	1.70932890064535e-08	1.52995488020725e-07	0.074074074074074	0.491090027111315	1	0	[30787033]
iron chelating agents/pharmacology	phospholipid hydroperoxide glutathione peroxidase/metabolism	1.70932890064535e-08	1.52995488020725e-07	0.074074074074074	0.491090027111315	1	0	[30787033]
phospholipid hydroperoxide glutathione peroxidase/metabolism	tuberculosis/metabolism	1.70932890064535e-08	1.52995488020725e-07	0.074074074074074	0.491090027111315	1	0	[30787033]
macrophages/drug effects	phospholipid hydroperoxide glutathione peroxidase/metabolism	0.0056610184889931	0.008358574270831	0.142669007901668	0.5011717509037	1	1	[30787033]
ferroptosis/drug effects	phospholipid hydroperoxide glutathione peroxidase/metabolism	0.0008421867925606	0.0014970768743252	5.28704126077147e-05	1.5116732719636e-08	12	2	[39287745,40570981,38581191,39276841,32814895,39212400,40451026,40724917,40703032,30787033,40752796,39700767]
amino acid transport system y+/metabolism	phospholipid hydroperoxide glutathione peroxidase/metabolism	4.8997245717386e-06	1.18298996905347e-05	8.03610871784601e-05	0.0014456026634706	6	2	[39276841,39212400,40451026,40724917,40703032,40752796]
cell line	phospholipid hydroperoxide glutathione peroxidase/metabolism	0.001539165040075	0.0026130236741273	0.0088061248073294	0.0270361376697864	4	2	[40703032,39287745,40752796,40724917]
phospholipid hydroperoxide glutathione peroxidase/metabolism	selenomethionine/pharmacology	0.0015729268558523	0.0026591677661385	0.151898734177215	0.583915496397244	1	2	[39700767]
phospholipid hydroperoxide glutathione peroxidase/metabolism	polysaccharides/pharmacology	0.0060478533588005	0.0090656099040005	0.151898734177215	0.583915496397244	1	2	[40752796]
malondialdehyde/metabolism	phospholipid hydroperoxide glutathione peroxidase/metabolism	0.001800873105423	0.0030173865985743	0.0214216163583252	0.260219474110676	2	2	[39212400,40451026]
chondrocytes/drug effects	phospholipid hydroperoxide glutathione peroxidase/metabolism	0.0015729268558523	0.0026591677661385	0.151898734177215	0.583915496397244	1	2	[39700767]
chalcones/toxicity	phospholipid hydroperoxide glutathione peroxidase/metabolism	0.0060478533588005	0.0090656099040005	0.151898734177215	0.583915496397244	1	2	[38581191]
neurons/drug effects	phospholipid hydroperoxide glutathione peroxidase/metabolism	4.77180555576995e-05	0.0001005500930799	0.0027820280984837	0.0923383282746833	3	2	[39287745,40570981,39276841]
embryo nonmammalian/drug effects	phospholipid hydroperoxide glutathione peroxidase/metabolism	0.0060478533588005	0.0090656099040005	0.151898734177215	0.583915496397244	1	2	[38581191]
kidney/drug effects	phospholipid hydroperoxide glutathione peroxidase/metabolism	0.0060478533588005	0.0090656099040005	0.151898734177215	0.583915496397244	1	2	[40752796]
membrane potential mitochondrial/drug effects	phospholipid hydroperoxide glutathione peroxidase/metabolism	0.0060478533588005	0.0090656099040005	0.151898734177215	0.583915496397244	1	2	[38581191]
phospholipid hydroperoxide glutathione peroxidase/metabolism	selenium/chemistry	0.0001365099814025	0.0002709079468846	0.151898734177215	0.583915496397244	1	2	[40570981]
cartilage articular/drug effects	phospholipid hydroperoxide glutathione peroxidase/metabolism	0.0015729268558523	0.0026591677661385	0.151898734177215	0.583915496397244	1	2	[39700767]
diabetic nephropathies/drug therapy	phospholipid hydroperoxide glutathione peroxidase/metabolism	0.0060478533588005	0.0090656099040005	0.151898734177215	0.583915496397244	1	2	[40752796]
phospholipid hydroperoxide glutathione peroxidase/metabolism	t-2 toxin/toxicity	0.0015729268558523	0.0026591677661385	0.151898734177215	0.583915496397244	1	2	[39700767]
chemical and drug induced liver injury/metabolism	phospholipid hydroperoxide glutathione peroxidase/metabolism	0.0060478533588005	0.0090656099040005	0.151898734177215	0.583915496397244	1	2	[38581191]
antineoplastic agents/pharmacology	autophagy-related proteins/genetics	0.0024359773054146	0.0038788378911146	0.102941176470588	0.5011717509037	1	1	[33926261]
autophagy-related proteins/genetics	autophagy/drug effects	1.96134005804316e-05	6.48561706764557e-05	0.074074074074074	0.491090027111315	1	0	[33926261]
autophagy-related proteins/genetics	reactive oxygen species/metabolism	0.0007858745973121	0.0013687395477366	0.102941176470588	0.5011717509037	1	1	[33926261]
autophagy-related proteins/genetics	cell cycle/drug effects	2.37669306457633e-09	2.23055336157649e-08	0.037037037037037	0.491090027111315	1	0	[33926261]
autophagy-related proteins/genetics	flavonolignans/pharmacology	2.37669306457633e-09	2.23055336157649e-08	0.037037037037037	0.491090027111315	1	0	[33926261]
autophagy-related proteins/genetics	glutathione peroxidase/metabolism	2.37669306457633e-09	2.23055336157649e-08	0.037037037037037	0.491090027111315	1	0	[33926261]
autophagy-related proteins/genetics	precursor cell lymphoblastic leukemia-lymphoma/metabolism	2.37669306457633e-09	2.23055336157649e-08	0.037037037037037	0.491090027111315	1	0	[33926261]
antineoplastic agents/pharmacology	autophagy/drug effects	2.27004838070366e-05	4.94963089276031e-05	0.0092186128182616	0.186828306325089	2	1	[33277233,33926261]
autophagy/drug effects	cd8-positive t-lymphocytes/drug effects	8.60452407625001e-06	3.66957644428309e-05	0.074074074074074	0.491090027111315	1	0	[33277233]
autophagy/drug effects	cell cycle/drug effects	1.96134005804316e-05	6.48561706764557e-05	0.074074074074074	0.491090027111315	1	0	[33926261]
autophagy/drug effects	endoplasmic reticulum/drug effects	8.60452407625001e-06	3.66957644428309e-05	0.074074074074074	0.491090027111315	1	0	[33277233]
autophagy/drug effects	flavonolignans/pharmacology	1.96134005804316e-05	6.48561706764557e-05	0.074074074074074	0.491090027111315	1	0	[33926261]
autophagy/drug effects	glutathione peroxidase/metabolism	1.96134005804316e-05	6.48561706764557e-05	0.074074074074074	0.491090027111315	1	0	[33926261]
autophagy/drug effects	neoplasms/drug therapy	0.0030275730352965	0.006325620895072	0.145299145299145	0.491090027111315	1	0	[33277233]
autophagy/drug effects	precursor cell lymphoblastic leukemia-lymphoma/metabolism	1.96134005804316e-05	6.48561706764557e-05	0.074074074074074	0.491090027111315	1	0	[33926261]
antineoplastic agents/pharmacology	cell cycle/drug effects	0.0024359773054146	0.0038788378911146	0.102941176470588	0.5011717509037	1	1	[33926261]
cell cycle/drug effects	reactive oxygen species/metabolism	0.0007858745973121	0.0013687395477366	0.102941176470588	0.5011717509037	1	1	[33926261]
cell cycle/drug effects	flavonolignans/pharmacology	2.37669306457633e-09	2.23055336157649e-08	0.037037037037037	0.491090027111315	1	0	[33926261]
cell cycle/drug effects	glutathione peroxidase/metabolism	2.37669306457633e-09	2.23055336157649e-08	0.037037037037037	0.491090027111315	1	0	[33926261]
cell cycle/drug effects	precursor cell lymphoblastic leukemia-lymphoma/metabolism	2.37669306457633e-09	2.23055336157649e-08	0.037037037037037	0.491090027111315	1	0	[33926261]
cells cultured	cyclohexylamines/pharmacology	0.0026427423852313	0.0041792883219225	0.0869183494293239	0.5011717509037	1	1	[35197507]
cells cultured	phenylenediamines/pharmacology	0.0026427423852313	0.0041792883219225	0.0869183494293239	0.5011717509037	1	1	[35197507]
bacterial toxins/metabolism	cells cultured	0.0038613323464813	0.0078913768885101	0.074074074074074	0.491090027111315	1	0	[35197507]
cells cultured	endothelial cells/metabolism	0.0038613323464813	0.0078913768885101	0.074074074074074	0.491090027111315	1	0	[35197507]
cells cultured	heart ventricles/diagnostic imaging	0.0038613323464813	0.0078913768885101	0.074074074074074	0.491090027111315	1	0	[35197507]
cells cultured	hemodynamics/drug effects	0.0038613323464813	0.0078913768885101	0.074074074074074	0.491090027111315	1	0	[35197507]
cells cultured	hmgb1 protein/metabolism	0.0038613323464813	0.0078913768885101	0.074074074074074	0.491090027111315	1	0	[35197507]
cells cultured	host-pathogen interactions	3.85253685275533e-06	1.84058597578096e-05	0.074074074074074	0.491090027111315	1	0	[30787033]
cells cultured	hypertension pulmonary/chemically induced	0.0038613323464813	0.0078913768885101	0.074074074074074	0.491090027111315	1	0	[35197507]
cells cultured	inflammasomes/metabolism	0.0038613323464813	0.0078913768885101	0.074074074074074	0.491090027111315	1	0	[35197507]
cells cultured	inflammation/metabolism	0.0038613323464813	0.0078913768885101	0.074074074074074	0.491090027111315	1	0	[35197507]
cells cultured	iron chelating agents/pharmacology	3.85253685275533e-06	1.84058597578096e-05	0.074074074074074	0.491090027111315	1	0	[30787033]
cells cultured	lung/blood supply	0.0038613323464813	0.0078913768885101	0.074074074074074	0.491090027111315	1	0	[35197507]
cells cultured	macrophages/metabolism	0.0038613323464813	0.0078913768885101	0.074074074074074	0.491090027111315	1	0	[35197507,32359100]
cells cultured	monocrotaline/toxicity	0.0038613323464813	0.0078913768885101	0.074074074074074	0.491090027111315	1	0	[35197507]
cells cultured	nlr family pyrin domain-containing 3 protein/metabolism	0.0038613323464813	0.0078913768885101	0.074074074074074	0.491090027111315	1	0	[35197507]
cells cultured	toll-like receptor 4/metabolism	0.0038613323464813	0.0078913768885101	0.074074074074074	0.491090027111315	1	0	[35197507]
cells cultured	tuberculosis/metabolism	3.85253685275533e-06	1.84058597578096e-05	0.074074074074074	0.491090027111315	1	0	[30787033]
cells cultured	tumor microenvironment/physiology	0.0026427423852313	0.0041792883219225	0.1284220608189	0.5011717509037	1	1	[32359100]
cells cultured	receptors transferrin/metabolism	0.0003409283625428	0.0006456625492638	0.0759493670886075	0.583915496397244	1	2	[39276841]
cells cultured	selenomethionine/pharmacology	2.37926076995798e-06	5.93969919123585e-06	0.0759493670886075	0.583915496397244	1	2	[39700767]
cells cultured	chondrocytes/drug effects	2.37926076995798e-06	5.93969919123585e-06	0.0759493670886075	0.583915496397244	1	2	[39700767]
cells cultured	spiral ganglion/drug effects	0.0003409283625428	0.0006456625492638	0.0759493670886075	0.583915496397244	1	2	[39276841]
cells cultured	neurons/drug effects	2.99760523174708e-05	6.7344030797187e-05	0.0140998242264065	0.260219474110676	2	2	[39276841,40570981]
cells cultured	selenium/chemistry	1.48402254929181e-08	4.39764804577451e-08	0.0759493670886075	0.583915496397244	1	2	[40570981]
cartilage articular/drug effects	cells cultured	2.37926076995798e-06	5.93969919123585e-06	0.0759493670886075	0.583915496397244	1	2	[39700767]
cells cultured	t-2 toxin/toxicity	2.37926076995798e-06	5.93969919123585e-06	0.0759493670886075	0.583915496397244	1	2	[39700767]
cells cultured	organometallic compounds/toxicity	0.0003409283625428	0.0006456625492638	0.0759493670886075	0.583915496397244	1	2	[39276841]
antineoplastic agents/pharmacology	flavonolignans/pharmacology	0.0024359773054146	0.0038788378911146	0.102941176470588	0.5011717509037	1	1	[33926261]
flavonolignans/pharmacology	reactive oxygen species/metabolism	0.0007858745973121	0.0013687395477366	0.102941176470588	0.5011717509037	1	1	[33926261]
flavonolignans/pharmacology	glutathione peroxidase/metabolism	2.37669306457633e-09	2.23055336157649e-08	0.037037037037037	0.491090027111315	1	0	[33926261]
flavonolignans/pharmacology	precursor cell lymphoblastic leukemia-lymphoma/metabolism	2.37669306457633e-09	2.23055336157649e-08	0.037037037037037	0.491090027111315	1	0	[33926261]
antineoplastic agents/pharmacology	glutathione peroxidase/metabolism	0.0024359773054146	0.0038788378911146	0.102941176470588	0.5011717509037	1	1	[33926261]
glutathione peroxidase/metabolism	reactive oxygen species/metabolism	0.0007858745973121	0.0013687395477366	0.102941176470588	0.5011717509037	1	1	[33926261]
glutathione peroxidase/metabolism	precursor cell lymphoblastic leukemia-lymphoma/metabolism	2.37669306457633e-09	2.23055336157649e-08	0.037037037037037	0.491090027111315	1	0	[33926261]
host-pathogen interactions	macrophages/drug effects	0.0025695249368861	0.0054154231954721	0.148148148148148	0.491090027111315	1	0	[30787033]
host-pathogen interactions	iron chelating agents/pharmacology	0	0	0.037037037037037	0.491090027111315	1	0	[30787033]
host-pathogen interactions	tuberculosis/metabolism	0	0	0.037037037037037	0.491090027111315	1	0	[30787033]
iron chelating agents/pharmacology	macrophages/drug effects	0.0025695249368861	0.0054154231954721	0.148148148148148	0.491090027111315	1	0	[30787033]
iron chelating agents/pharmacology	tuberculosis/metabolism	0	0	0.037037037037037	0.491090027111315	1	0	[30787033]
antineoplastic agents/pharmacology	precursor cell lymphoblastic leukemia-lymphoma/metabolism	0.0024359773054146	0.0038788378911146	0.102941176470588	0.5011717509037	1	1	[33926261]
precursor cell lymphoblastic leukemia-lymphoma/metabolism	reactive oxygen species/metabolism	0.0007858745973121	0.0013687395477366	0.102941176470588	0.5011717509037	1	1	[33926261]
macrophages/drug effects	tuberculosis/metabolism	0.0025695249368861	0.0054154231954721	0.148148148148148	0.491090027111315	1	0	[30787033]
antineoplastic agents/pharmacology	reactive oxygen species/metabolism	0.0057497382773835	0.0084878216753878	0.0201800567513806	0.054769758680606	3	1	[33547170,32778843,33926261]
amino acid transport system y+/metabolism	reactive oxygen species/metabolism	0.003002905672499	0.0047844007767083	0.0112299480629269	0.0270361376697864	4	2	[31043744,39276841,40451026,40724917]
adjuvants immunologic/chemistry	reactive oxygen species/metabolism	0.000246122170292	0.0004560386748922	0.102941176470588	0.5011717509037	1	1	[33236624]
dextrans/chemistry	reactive oxygen species/metabolism	0.000246122170292	0.0004560386748922	0.102941176470588	0.5011717509037	1	1	[33236624]
gels/chemistry	reactive oxygen species/metabolism	0.000246122170292	0.0004560386748922	0.102941176470588	0.5011717509037	1	1	[33236624]
gold/chemistry	reactive oxygen species/metabolism	0.000246122170292	0.0004560386748922	0.102941176470588	0.5011717509037	1	1	[33236624]
antibodies monoclonal humanized/pharmacology	reactive oxygen species/metabolism	0.0012446795696657	0.0020789136508493	0.102941176470588	0.5011717509037	1	1	[33691090]
asparaginase	reactive oxygen species/metabolism	0.0012446795696657	0.0020789136508493	0.102941176470588	0.5011717509037	1	1	[35778693]
cd36 antigens/antagonists &amp; inhibitors	reactive oxygen species/metabolism	0.0012446795696657	0.0020789136508493	0.102941176470588	0.5011717509037	1	1	[33691090]
cisplatin	reactive oxygen species/metabolism	0.0012446795696657	0.0020789136508493	0.102941176470588	0.5011717509037	1	1	[35778693]
colonic neoplasms/drug therapy	reactive oxygen species/metabolism	0.0018579666779763	0.003012680357705	0.102941176470588	0.5011717509037	1	1	[33547170]
cysteine/metabolism	reactive oxygen species/metabolism	0.0012446795696657	0.0020789136508493	0.102941176470588	0.5011717509037	1	1	[31043744]
diterpenes/pharmacology	reactive oxygen species/metabolism	0.0012446795696657	0.0020789136508493	0.102941176470588	0.5011717509037	1	1	[35778693]
fatty acids/metabolism	reactive oxygen species/metabolism	0.0012446795696657	0.0020789136508493	0.102941176470588	0.5011717509037	1	1	[33691090]
fusion regulatory protein 1 heavy chain/metabolism	reactive oxygen species/metabolism	0.0012446795696657	0.0020789136508493	0.102941176470588	0.5011717509037	1	1	[31043744]
heme oxygenase-1/metabolism	reactive oxygen species/metabolism	0.0018579666779763	0.003012680357705	0.102941176470588	0.5011717509037	1	1	[33547170]
interferon-gamma/immunology	reactive oxygen species/metabolism	0.0012446795696657	0.0020789136508493	0.102941176470588	0.5011717509037	1	1	[31043744]
killer cells natural/metabolism	reactive oxygen species/metabolism	0.0012446795696657	0.0020789136508493	0.102941176470588	0.5011717509037	1	1	[35778693]
lymphocytes tumor-infiltrating/immunology	reactive oxygen species/metabolism	0.0018579666779763	0.003012680357705	0.102941176470588	0.5011717509037	1	1	[33547170]
lymphoma t-cell	reactive oxygen species/metabolism	0.0012446795696657	0.0020789136508493	0.102941176470588	0.5011717509037	1	1	[35778693]
melanoma/genetics	reactive oxygen species/metabolism	0.0012446795696657	0.0020789136508493	0.102941176470588	0.5011717509037	1	1	[31043744]
membrane proteins/metabolism	reactive oxygen species/metabolism	0.0018579666779763	0.003012680357705	0.102941176470588	0.5011717509037	1	1	[33547170]
multiple myeloma/drug therapy	reactive oxygen species/metabolism	0.0012446795696657	0.0020789136508493	0.102941176470588	0.5011717509037	1	1	[33691090]
myeloid-derived suppressor cells/immunology	reactive oxygen species/metabolism	0.0018579666779763	0.003012680357705	0.102941176470588	0.5011717509037	1	1	[33547170]
neutral ceramidase/antagonists &amp; inhibitors	reactive oxygen species/metabolism	0.0018579666779763	0.003012680357705	0.102941176470588	0.5011717509037	1	1	[33547170]
nivolumab/therapeutic use	reactive oxygen species/metabolism	0.0012446795696657	0.0020789136508493	0.102941176470588	0.5011717509037	1	1	[31043744]
reactive oxygen species/metabolism	t-lymphocytes/immunology	0.0018579666779763	0.003012680357705	0.102941176470588	0.5011717509037	1	1	[33547170]
reactive oxygen species/metabolism	tumor suppressor protein p53/metabolism	0.0008921307204657	0.0015433021659614	0.0262590789368664	0.186828306325089	2	1	[33547170,35778693]
reactive oxygen species/metabolism	urinary bladder neoplasms/pathology	0.000246122170292	0.0004560386748922	0.102941176470588	0.5011717509037	1	1	[33236624]
ferroptosis/drug effects	reactive oxygen species/metabolism	0.0016323015679027	0.0026642462621632	0.0009160199949021	7.24854090737856e-05	7	1	[31043744,33547170,35778693,39276841,33236624,33691090,40451026,40724917,40136245,33926261,32778843]
dna-(apurinic or apyrimidinic site) lyase/metabolism	reactive oxygen species/metabolism	0.0002283666674559	0.0004440401924233	0.139240506329114	0.583915496397244	1	2	[40136245]
actins/metabolism	amino acid transport system y+/metabolism	0.0009142822313443	0.0021059717799036	0.074074074074074	0.491090027111315	1	0	[34811833]
amino acid transport system y+/metabolism	b7-h1 antigen/antagonists &amp; inhibitors	3.68445434104636e-05	7.80564122443963e-05	0.0583845478489903	0.5011717509037	1	1	[31043744]
amino acid transport system y+/metabolism	cell line	0.0009142822313443	0.0021059717799036	0.074074074074074	0.491090027111315	1	0	[40703032,34811833,40752796,40724917]
amino acid transport system y+/metabolism	collagen type i/metabolism	0.0009142822313443	0.0021059717799036	0.074074074074074	0.491090027111315	1	0	[34811833]
amino acid transport system y+/metabolism	cysteine/metabolism	0.0002401445231134	0.0007043559873365	0.074074074074074	0.491090027111315	1	0	[31043744]
amino acid transport system y+/metabolism	fusion regulatory protein 1 heavy chain/metabolism	0.0002401445231134	0.0007043559873365	0.074074074074074	0.491090027111315	1	0	[31043744]
amino acid transport system y+/metabolism	hepatic stellate cells/drug effects	0.0009142822313443	0.0021059717799036	0.074074074074074	0.491090027111315	1	0	[34811833]
amino acid transport system y+/metabolism	hepatocytes/drug effects	0.0009142822313443	0.0021059717799036	0.074074074074074	0.491090027111315	1	0	[34811833]
amino acid transport system y+/metabolism	hypoxia-inducible factor 1 alpha subunit/metabolism	0.0009142822313443	0.0021059717799036	0.074074074074074	0.491090027111315	1	0	[34811833]
amino acid transport system y+/metabolism	interferon-gamma/immunology	0.0002401445231134	0.0007043559873365	0.074074074074074	0.491090027111315	1	0	[31043744]
amino acid transport system y+/metabolism	liver cirrhosis/drug therapy	0.0009142822313443	0.0021059717799036	0.074074074074074	0.491090027111315	1	0	[34811833]
amino acid transport system y+/metabolism	melanoma/genetics	0.0002401445231134	0.0007043559873365	0.074074074074074	0.491090027111315	1	0	[31043744]
amino acid transport system y+/metabolism	nivolumab/therapeutic use	0.0002401445231134	0.0007043559873365	0.074074074074074	0.491090027111315	1	0	[31043744]
amino acid transport system y+/metabolism	sorafenib/pharmacology	0.0009142822313443	0.0021059717799036	0.074074074074074	0.491090027111315	1	0	[34811833]
amino acid transport system y+/metabolism	receptors transferrin/metabolism	0.0055329093927494	0.0083886380493073	0.10126582278481	0.583915496397244	1	2	[39276841]
amino acid transport system y+/metabolism	cyclohexylamines	0.0055329093927494	0.0083886380493073	0.10126582278481	0.583915496397244	1	2	[39212400]
amino acid transport system y+/metabolism	polysaccharides/pharmacology	0.0013565528640496	0.0023230141331607	0.10126582278481	0.583915496397244	1	2	[40752796]
amino acid transport system y+/metabolism	leydig cells/metabolism	0.0055329093927494	0.0083886380493073	0.10126582278481	0.583915496397244	1	2	[39212400]
amino acid transport system y+/metabolism	malondialdehyde/metabolism	0.0002100737029263	0.0004117403816026	0.009087958455047	0.260219474110676	2	2	[39212400,40451026]
aging/metabolism	amino acid transport system y+/metabolism	0.0029973473846041	0.0047764867314111	0.10126582278481	0.583915496397244	1	2	[40724917]
amino acid transport system y+/metabolism	superoxide dismutase/metabolism	0.0055329093927494	0.0083886380493073	0.10126582278481	0.583915496397244	1	2	[39212400]
amino acid transport system y+/metabolism	antioxidants/metabolism	0.0029973473846041	0.0047764867314111	0.10126582278481	0.583915496397244	1	2	[40724917]
amino acid transport system y+/metabolism	neurons/metabolism	0.0029973473846041	0.0047764867314111	0.10126582278481	0.583915496397244	1	2	[40724917]
amino acid transport system y+/metabolism	folic acid/pharmacology	0.0029973473846041	0.0047764867314111	0.10126582278481	0.583915496397244	1	2	[40724917]
amino acid transport system y+/metabolism	spiral ganglion/drug effects	0.0055329093927494	0.0083886380493073	0.10126582278481	0.583915496397244	1	2	[39276841]
amino acid transport system y+/metabolism	testosterone	0.0055329093927494	0.0083886380493073	0.10126582278481	0.583915496397244	1	2	[39212400]
amino acid transport system y+/metabolism	phenylenediamines	0.0055329093927494	0.0083886380493073	0.10126582278481	0.583915496397244	1	2	[39212400]
amino acid transport system y+/metabolism	kidney/drug effects	0.0013565528640496	0.0023230141331607	0.10126582278481	0.583915496397244	1	2	[40752796]
amino acid transport system y+/metabolism	cystine/metabolism	0.0029973473846041	0.0047764867314111	0.10126582278481	0.583915496397244	1	2	[40724917]
amino acid transport system y+/metabolism	drugs chinese herbal/pharmacology	0.0055329093927494	0.0083886380493073	0.10126582278481	0.583915496397244	1	2	[39212400]
amino acid transport system y+/metabolism	hydrogen peroxide	0.0055329093927494	0.0083886380493073	0.10126582278481	0.583915496397244	1	2	[39212400]
amino acid transport system y+/metabolism	diabetic nephropathies/drug therapy	0.0013565528640496	0.0023230141331607	0.10126582278481	0.583915496397244	1	2	[40752796]
amino acid transport system y+/metabolism	organometallic compounds/toxicity	0.0055329093927494	0.0083886380493073	0.10126582278481	0.583915496397244	1	2	[39276841]
actins/metabolism	cell line	5.72955623634464e-06	2.46890239010393e-05	0.037037037037037	0.491090027111315	1	0	[34811833]
cell line	collagen type i/metabolism	5.72955623634464e-06	2.46890239010393e-05	0.037037037037037	0.491090027111315	1	0	[34811833]
cell line	hepatic stellate cells/drug effects	5.72955623634464e-06	2.46890239010393e-05	0.037037037037037	0.491090027111315	1	0	[34811833]
cell line	hepatocytes/drug effects	5.72955623634464e-06	2.46890239010393e-05	0.037037037037037	0.491090027111315	1	0	[34811833]
cell line	hypoxia-inducible factor 1 alpha subunit/metabolism	5.72955623634464e-06	2.46890239010393e-05	0.037037037037037	0.491090027111315	1	0	[34811833]
cell line	liver cirrhosis/drug therapy	5.72955623634464e-06	2.46890239010393e-05	0.037037037037037	0.491090027111315	1	0	[34811833]
cell line	sorafenib/pharmacology	5.72955623634464e-06	2.46890239010393e-05	0.037037037037037	0.491090027111315	1	0	[34811833]
cell line	tumor microenvironment/physiology	0.0023366179028878	0.003734732495539	0.1284220608189	0.5011717509037	1	1	[25940439]
cell line	rna messenger/metabolism	0.0006397290434762	0.0011340435455339	0.0869183494293239	0.5011717509037	1	1	[31637575]
cell line	polysaccharides/pharmacology	0.0005090257133157	0.000930641807535	0.0886075949367088	0.583915496397244	1	2	[40752796]
aging/metabolism	cell line	0.0012703101640798	0.0021948634671647	0.0886075949367088	0.583915496397244	1	2	[40724917]
antioxidants/metabolism	cell line	0.0012703101640798	0.0021948634671647	0.0886075949367088	0.583915496397244	1	2	[40724917]
cell line	neurons/metabolism	0.0012703101640798	0.0021948634671647	0.0886075949367088	0.583915496397244	1	2	[40724917]
cell line	folic acid/pharmacology	0.0012703101640798	0.0021948634671647	0.0886075949367088	0.583915496397244	1	2	[40724917]
cell line	kidney/drug effects	0.0005090257133157	0.000930641807535	0.0886075949367088	0.583915496397244	1	2	[40752796]
cell line	cystine/metabolism	0.0012703101640798	0.0021948634671647	0.0886075949367088	0.583915496397244	1	2	[40724917]
cell line	diabetic nephropathies/drug therapy	0.0005090257133157	0.000930641807535	0.0886075949367088	0.583915496397244	1	2	[40752796]
chondrocytes/drug effects	selenomethionine/pharmacology	0	0	0.0126582278481012	0.583915496397244	1	2	[39700767]
cartilage articular/drug effects	selenomethionine/pharmacology	0	0	0.0126582278481012	0.583915496397244	1	2	[39700767]
selenomethionine/pharmacology	t-2 toxin/toxicity	0	0	0.0126582278481012	0.583915496397244	1	2	[39700767]
cyclohexylamines	malondialdehyde/metabolism	5.94691543787107e-08	1.64804607865007e-07	0.0253164556962025	0.583915496397244	1	2	[39212400]
leydig cells/metabolism	malondialdehyde/metabolism	5.94691543787107e-08	1.64804607865007e-07	0.0253164556962025	0.583915496397244	1	2	[39212400]
malondialdehyde/metabolism	superoxide dismutase/metabolism	5.94691543787107e-08	1.64804607865007e-07	0.0253164556962025	0.583915496397244	1	2	[39212400]
malondialdehyde/metabolism	testosterone	5.94691543787107e-08	1.64804607865007e-07	0.0253164556962025	0.583915496397244	1	2	[39212400]
malondialdehyde/metabolism	phenylenediamines	5.94691543787107e-08	1.64804607865007e-07	0.0253164556962025	0.583915496397244	1	2	[39212400]
drugs chinese herbal/pharmacology	malondialdehyde/metabolism	5.94691543787107e-08	1.64804607865007e-07	0.0253164556962025	0.583915496397244	1	2	[39212400]
hydrogen peroxide	malondialdehyde/metabolism	5.94691543787107e-08	1.64804607865007e-07	0.0253164556962025	0.583915496397244	1	2	[39212400]
cartilage articular/drug effects	chondrocytes/drug effects	0	0	0.0126582278481012	0.583915496397244	1	2	[39700767]
chondrocytes/drug effects	t-2 toxin/toxicity	0	0	0.0126582278481012	0.583915496397244	1	2	[39700767]
dna-(apurinic or apyrimidinic site) lyase/metabolism	tumor microenvironment/drug effects	9.12648042614705e-05	0.0001843114152613	0.113924050632911	0.583915496397244	1	2	[40136245]
dna-(apurinic or apyrimidinic site) lyase/metabolism	phospholipid hydroperoxide glutathione peroxidase/genetics	0	0	0.0253164556962025	0.583915496397244	1	2	[40136245]
neurons/drug effects	receptors transferrin/metabolism	2.45294843292942e-06	6.10479713166082e-06	0.0379746835443037	0.583915496397244	1	2	[39276841]
neurons/drug effects	spiral ganglion/drug effects	2.45294843292942e-06	6.10479713166082e-06	0.0379746835443037	0.583915496397244	1	2	[39276841]
neurons/drug effects	organometallic compounds/toxicity	2.45294843292942e-06	6.10479713166082e-06	0.0379746835443037	0.583915496397244	1	2	[39276841]
neurons/drug effects	selenium/chemistry	1.31783473023006e-13	6.93773449836425e-13	0.0379746835443037	0.583915496397244	1	2	[40570981]
cartilage articular/drug effects	t-2 toxin/toxicity	0	0	0.0126582278481012	0.583915496397244	1	2	[39700767]
b-lymphocytes/metabolism	cytoskeletal proteins/metabolism	6.77236045021345e-15	2.3951030860511e-13	0.037037037037037	0.491090027111315	1	0	[31775041]
b-lymphocytes/metabolism	glutathione peroxidase/therapeutic use	6.77236045021345e-15	2.3951030860511e-13	0.037037037037037	0.491090027111315	1	0	[31775041]
antineoplastic agents/pharmacology	cd8-positive t-lymphocytes/drug effects	0.0015588727606166	0.0025467155403098	0.102941176470588	0.5011717509037	1	1	[33277233]
cd8-positive t-lymphocytes/drug effects	endoplasmic reticulum/drug effects	9.44154754378701e-11	1.14562710782353e-09	0.037037037037037	0.491090027111315	1	0	[33277233]
cd8-positive t-lymphocytes/drug effects	neoplasms/drug therapy	1.29861397354381e-05	5.27448252559809e-05	0.074074074074074	0.491090027111315	1	0	[33277233]
cytoskeletal proteins/metabolism	glutathione peroxidase/therapeutic use	6.77236045021345e-15	2.3951030860511e-13	0.037037037037037	0.491090027111315	1	0	[31775041]
antineoplastic agents/pharmacology	endoplasmic reticulum/drug effects	0.0015588727606166	0.0025467155403098	0.102941176470588	0.5011717509037	1	1	[33277233]
endoplasmic reticulum/drug effects	neoplasms/drug therapy	1.29861397354381e-05	5.27448252559809e-05	0.074074074074074	0.491090027111315	1	0	[33277233]
cell survival/drug effects	gene expression	0.0035872302582571	0.0074200911190768	0.111111111111111	0.491090027111315	1	0	[34717678]
dose-response relationship drug	gene expression	5.14974610709151e-05	0.0001657520944568	0.074074074074074	0.491090027111315	1	0	[34717678]
gene expression	inflammation mediators/antagonists &amp; inhibitors	9.44154754378701e-11	1.14562710782353e-09	0.037037037037037	0.491090027111315	1	0	[34717678]
gene expression	lipopolysaccharides/toxicity	9.44154754378701e-11	1.14562710782353e-09	0.037037037037037	0.491090027111315	1	0	[34717678]
gene expression	microglia/drug effects	9.44154754378701e-11	1.14562710782353e-09	0.037037037037037	0.491090027111315	1	0	[34717678]
gene expression	nf-e2-related factor 2/biosynthesis	9.44154754378701e-11	1.14562710782353e-09	0.037037037037037	0.491090027111315	1	0	[34717678]
gene expression	raw 264.7 cells	9.44154754378701e-11	1.14562710782353e-09	0.037037037037037	0.491090027111315	1	0	[34717678]
cell survival/drug effects	inflammation mediators/antagonists &amp; inhibitors	0.0035872302582571	0.0074200911190768	0.111111111111111	0.491090027111315	1	0	[34717678]
dose-response relationship drug	inflammation mediators/antagonists &amp; inhibitors	5.14974610709151e-05	0.0001657520944568	0.074074074074074	0.491090027111315	1	0	[34717678]
inflammation mediators/antagonists &amp; inhibitors	lipopolysaccharides/toxicity	9.44154754378701e-11	1.14562710782353e-09	0.037037037037037	0.491090027111315	1	0	[34717678]
inflammation mediators/antagonists &amp; inhibitors	microglia/drug effects	9.44154754378701e-11	1.14562710782353e-09	0.037037037037037	0.491090027111315	1	0	[34717678]
inflammation mediators/antagonists &amp; inhibitors	nf-e2-related factor 2/biosynthesis	9.44154754378701e-11	1.14562710782353e-09	0.037037037037037	0.491090027111315	1	0	[34717678]
inflammation mediators/antagonists &amp; inhibitors	raw 264.7 cells	9.44154754378701e-11	1.14562710782353e-09	0.037037037037037	0.491090027111315	1	0	[34717678]
cell survival/drug effects	lipopolysaccharides/toxicity	0.0035872302582571	0.0074200911190768	0.111111111111111	0.491090027111315	1	0	[34717678]
dose-response relationship drug	lipopolysaccharides/toxicity	5.14974610709151e-05	0.0001657520944568	0.074074074074074	0.491090027111315	1	0	[34717678]
lipopolysaccharides/toxicity	microglia/drug effects	9.44154754378701e-11	1.14562710782353e-09	0.037037037037037	0.491090027111315	1	0	[34717678]
lipopolysaccharides/toxicity	nf-e2-related factor 2/biosynthesis	9.44154754378701e-11	1.14562710782353e-09	0.037037037037037	0.491090027111315	1	0	[34717678]
lipopolysaccharides/toxicity	raw 264.7 cells	9.44154754378701e-11	1.14562710782353e-09	0.037037037037037	0.491090027111315	1	0	[34717678]
cell survival/drug effects	microglia/drug effects	0.0035872302582571	0.0074200911190768	0.111111111111111	0.491090027111315	1	0	[34717678]
dose-response relationship drug	microglia/drug effects	5.14974610709151e-05	0.0001657520944568	0.074074074074074	0.491090027111315	1	0	[34717678]
microglia/drug effects	nf-e2-related factor 2/biosynthesis	9.44154754378701e-11	1.14562710782353e-09	0.037037037037037	0.491090027111315	1	0	[34717678]
microglia/drug effects	raw 264.7 cells	9.44154754378701e-11	1.14562710782353e-09	0.037037037037037	0.491090027111315	1	0	[34717678]
cell survival/drug effects	nf-e2-related factor 2/biosynthesis	0.0035872302582571	0.0074200911190768	0.111111111111111	0.491090027111315	1	0	[34717678]
dose-response relationship drug	nf-e2-related factor 2/biosynthesis	5.14974610709151e-05	0.0001657520944568	0.074074074074074	0.491090027111315	1	0	[34717678]
nf-e2-related factor 2/biosynthesis	raw 264.7 cells	9.44154754378701e-11	1.14562710782353e-09	0.037037037037037	0.491090027111315	1	0	[34717678]
ferritins/blood	macrophages/drug effects	0.0001946909791568	0.0003677781359032	0.0735294117647058	0.5011717509037	1	1	[31980600]
ferritins/blood	genetic variation	9.44154754378701e-11	1.14562710782353e-09	0.037037037037037	0.491090027111315	1	0	[31980600]
ferritins/blood	hemeproteins/toxicity	9.44154754378701e-11	1.14562710782353e-09	0.037037037037037	0.491090027111315	1	0	[31980600]
ferritins/blood	listeriosis/etiology	9.44154754378701e-11	1.14562710782353e-09	0.037037037037037	0.491090027111315	1	0	[31980600]
ferritins/blood	liver x receptors/agonists	9.44154754378701e-11	1.14562710782353e-09	0.037037037037037	0.491090027111315	1	0	[31980600]
ferritins/blood	malaria/genetics	9.44154754378701e-11	1.14562710782353e-09	0.037037037037037	0.491090027111315	1	0	[31980600]
ferritins/blood	transferrin/metabolism	9.44154754378701e-11	1.14562710782353e-09	0.037037037037037	0.491090027111315	1	0	[31980600]
ferritins/blood	tumor suppressor protein p53/genetics	9.44154754378701e-11	1.14562710782353e-09	0.037037037037037	0.491090027111315	1	0	[31980600]
genetic variation	macrophages/drug effects	0.0001946909791568	0.0003677781359032	0.0735294117647058	0.5011717509037	1	1	[31980600]
genetic variation	hemeproteins/toxicity	9.44154754378701e-11	1.14562710782353e-09	0.037037037037037	0.491090027111315	1	0	[31980600]
genetic variation	listeriosis/etiology	9.44154754378701e-11	1.14562710782353e-09	0.037037037037037	0.491090027111315	1	0	[31980600]
genetic variation	liver x receptors/agonists	9.44154754378701e-11	1.14562710782353e-09	0.037037037037037	0.491090027111315	1	0	[31980600]
genetic variation	malaria/genetics	9.44154754378701e-11	1.14562710782353e-09	0.037037037037037	0.491090027111315	1	0	[31980600]
genetic variation	transferrin/metabolism	9.44154754378701e-11	1.14562710782353e-09	0.037037037037037	0.491090027111315	1	0	[31980600]
genetic variation	tumor suppressor protein p53/genetics	9.44154754378701e-11	1.14562710782353e-09	0.037037037037037	0.491090027111315	1	0	[31980600]
hemeproteins/toxicity	macrophages/drug effects	0.0001946909791568	0.0003677781359032	0.0735294117647058	0.5011717509037	1	1	[31980600]
hemeproteins/toxicity	listeriosis/etiology	9.44154754378701e-11	1.14562710782353e-09	0.037037037037037	0.491090027111315	1	0	[31980600]
hemeproteins/toxicity	liver x receptors/agonists	9.44154754378701e-11	1.14562710782353e-09	0.037037037037037	0.491090027111315	1	0	[31980600]
hemeproteins/toxicity	malaria/genetics	9.44154754378701e-11	1.14562710782353e-09	0.037037037037037	0.491090027111315	1	0	[31980600]
hemeproteins/toxicity	transferrin/metabolism	9.44154754378701e-11	1.14562710782353e-09	0.037037037037037	0.491090027111315	1	0	[31980600]
hemeproteins/toxicity	tumor suppressor protein p53/genetics	9.44154754378701e-11	1.14562710782353e-09	0.037037037037037	0.491090027111315	1	0	[31980600]
listeriosis/etiology	macrophages/drug effects	0.0001946909791568	0.0003677781359032	0.0735294117647058	0.5011717509037	1	1	[31980600]
listeriosis/etiology	liver x receptors/agonists	9.44154754378701e-11	1.14562710782353e-09	0.037037037037037	0.491090027111315	1	0	[31980600]
listeriosis/etiology	malaria/genetics	9.44154754378701e-11	1.14562710782353e-09	0.037037037037037	0.491090027111315	1	0	[31980600]
listeriosis/etiology	transferrin/metabolism	9.44154754378701e-11	1.14562710782353e-09	0.037037037037037	0.491090027111315	1	0	[31980600]
listeriosis/etiology	tumor suppressor protein p53/genetics	9.44154754378701e-11	1.14562710782353e-09	0.037037037037037	0.491090027111315	1	0	[31980600]
liver x receptors/agonists	macrophages/drug effects	0.0001946909791568	0.0003677781359032	0.0735294117647058	0.5011717509037	1	1	[31980600]
liver x receptors/agonists	malaria/genetics	9.44154754378701e-11	1.14562710782353e-09	0.037037037037037	0.491090027111315	1	0	[31980600]
liver x receptors/agonists	transferrin/metabolism	9.44154754378701e-11	1.14562710782353e-09	0.037037037037037	0.491090027111315	1	0	[31980600]
liver x receptors/agonists	tumor suppressor protein p53/genetics	9.44154754378701e-11	1.14562710782353e-09	0.037037037037037	0.491090027111315	1	0	[31980600]
macrophages/drug effects	malaria/genetics	0.0001946909791568	0.0003677781359032	0.0735294117647058	0.5011717509037	1	1	[31980600]
malaria/genetics	transferrin/metabolism	9.44154754378701e-11	1.14562710782353e-09	0.037037037037037	0.491090027111315	1	0	[31980600]
malaria/genetics	tumor suppressor protein p53/genetics	9.44154754378701e-11	1.14562710782353e-09	0.037037037037037	0.491090027111315	1	0	[31980600]
macrophages/drug effects	transferrin/metabolism	0.0001946909791568	0.0003677781359032	0.0735294117647058	0.5011717509037	1	1	[31980600]
transferrin/metabolism	tumor suppressor protein p53/genetics	9.44154754378701e-11	1.14562710782353e-09	0.037037037037037	0.491090027111315	1	0	[31980600]
macrophages/drug effects	tumor suppressor protein p53/genetics	0.0001946909791568	0.0003677781359032	0.0735294117647058	0.5011717509037	1	1	[31980600]
membrane proteins/genetics	tumor microenvironment	0.0015625643362536	0.0033615998331867	0.074074074074074	0.491090027111315	1	0	[33311482]
biomarkers tumor	membrane proteins/genetics	1.90229000622821e-05	6.33368658790105e-05	0.037037037037037	0.491090027111315	1	0	[33311482]
carcinoma pancreatic ductal/metabolism	membrane proteins/genetics	1.90229000622821e-05	6.33368658790105e-05	0.037037037037037	0.491090027111315	1	0	[33311482]
cell transformation neoplastic/genetics	membrane proteins/genetics	1.90229000622821e-05	6.33368658790105e-05	0.037037037037037	0.491090027111315	1	0	[33311482]
diet	membrane proteins/genetics	1.90229000622821e-05	6.33368658790105e-05	0.037037037037037	0.491090027111315	1	0	[33311482]
dna	membrane proteins/genetics	1.90229000622821e-05	6.33368658790105e-05	0.037037037037037	0.491090027111315	1	0	[33311482]
macrophages	membrane proteins/genetics	1.90229000622821e-05	6.33368658790105e-05	0.037037037037037	0.491090027111315	1	0	[33311482]
membrane proteins/genetics	pancreas/metabolism	1.90229000622821e-05	6.33368658790105e-05	0.037037037037037	0.491090027111315	1	0	[33311482]
membrane proteins/genetics	pancreatitis/genetics	1.90229000622821e-05	6.33368658790105e-05	0.037037037037037	0.491090027111315	1	0	[33311482]
membrane proteins/genetics	phospholipid hydroperoxide glutathione peroxidase/genetics	1.90229000622821e-05	6.33368658790105e-05	0.037037037037037	0.491090027111315	1	0	[33311482]
membrane proteins/genetics	proto-oncogene proteins p21(ras)/metabolism	1.90229000622821e-05	6.33368658790105e-05	0.037037037037037	0.491090027111315	1	0	[33311482]
membrane proteins/genetics	quinoxalines/pharmacology	1.90229000622821e-05	6.33368658790105e-05	0.037037037037037	0.491090027111315	1	0	[33311482]
membrane proteins/genetics	spiro compounds/pharmacology	1.90229000622821e-05	6.33368658790105e-05	0.037037037037037	0.491090027111315	1	0	[33311482]
dna	tumor microenvironment	0.0015625643362536	0.0033615998331867	0.074074074074074	0.491090027111315	1	0	[33311482]
biomarkers tumor	dna	1.90229000622821e-05	6.33368658790105e-05	0.037037037037037	0.491090027111315	1	0	[33311482]
carcinoma pancreatic ductal/metabolism	dna	1.90229000622821e-05	6.33368658790105e-05	0.037037037037037	0.491090027111315	1	0	[33311482]
cell transformation neoplastic/genetics	dna	1.90229000622821e-05	6.33368658790105e-05	0.037037037037037	0.491090027111315	1	0	[33311482]
diet	dna	1.90229000622821e-05	6.33368658790105e-05	0.037037037037037	0.491090027111315	1	0	[33311482]
dna	macrophages	1.90229000622821e-05	6.33368658790105e-05	0.037037037037037	0.491090027111315	1	0	[33311482]
dna	pancreas/metabolism	1.90229000622821e-05	6.33368658790105e-05	0.037037037037037	0.491090027111315	1	0	[33311482]
dna	pancreatitis/genetics	1.90229000622821e-05	6.33368658790105e-05	0.037037037037037	0.491090027111315	1	0	[33311482]
dna	phospholipid hydroperoxide glutathione peroxidase/genetics	1.90229000622821e-05	6.33368658790105e-05	0.037037037037037	0.491090027111315	1	0	[33311482]
dna	proto-oncogene proteins p21(ras)/metabolism	1.90229000622821e-05	6.33368658790105e-05	0.037037037037037	0.491090027111315	1	0	[33311482]
dna	quinoxalines/pharmacology	1.90229000622821e-05	6.33368658790105e-05	0.037037037037037	0.491090027111315	1	0	[33311482]
dna	spiro compounds/pharmacology	1.90229000622821e-05	6.33368658790105e-05	0.037037037037037	0.491090027111315	1	0	[33311482]
macrophages	tumor microenvironment	0.0015625643362536	0.0033615998331867	0.074074074074074	0.491090027111315	1	0	[33311482]
biomarkers tumor	macrophages	1.90229000622821e-05	6.33368658790105e-05	0.037037037037037	0.491090027111315	1	0	[33311482]
carcinoma pancreatic ductal/metabolism	macrophages	1.90229000622821e-05	6.33368658790105e-05	0.037037037037037	0.491090027111315	1	0	[33311482]
cell transformation neoplastic/genetics	macrophages	1.90229000622821e-05	6.33368658790105e-05	0.037037037037037	0.491090027111315	1	0	[33311482]
diet	macrophages	1.90229000622821e-05	6.33368658790105e-05	0.037037037037037	0.491090027111315	1	0	[33311482]
macrophages	pancreas/metabolism	1.90229000622821e-05	6.33368658790105e-05	0.037037037037037	0.491090027111315	1	0	[33311482]
macrophages	pancreatitis/genetics	1.90229000622821e-05	6.33368658790105e-05	0.037037037037037	0.491090027111315	1	0	[33311482]
macrophages	phospholipid hydroperoxide glutathione peroxidase/genetics	1.90229000622821e-05	6.33368658790105e-05	0.037037037037037	0.491090027111315	1	0	[33311482]
macrophages	proto-oncogene proteins p21(ras)/metabolism	1.90229000622821e-05	6.33368658790105e-05	0.037037037037037	0.491090027111315	1	0	[33311482]
macrophages	quinoxalines/pharmacology	1.90229000622821e-05	6.33368658790105e-05	0.037037037037037	0.491090027111315	1	0	[33311482]
macrophages	spiro compounds/pharmacology	1.90229000622821e-05	6.33368658790105e-05	0.037037037037037	0.491090027111315	1	0	[33311482]
quinoxalines/pharmacology	tumor microenvironment	0.0015625643362536	0.0033615998331867	0.074074074074074	0.491090027111315	1	0	[33311482]
biomarkers tumor	quinoxalines/pharmacology	1.90229000622821e-05	6.33368658790105e-05	0.037037037037037	0.491090027111315	1	0	[33311482]
carcinoma pancreatic ductal/metabolism	quinoxalines/pharmacology	1.90229000622821e-05	6.33368658790105e-05	0.037037037037037	0.491090027111315	1	0	[33311482]
cell transformation neoplastic/genetics	quinoxalines/pharmacology	1.90229000622821e-05	6.33368658790105e-05	0.037037037037037	0.491090027111315	1	0	[33311482]
diet	quinoxalines/pharmacology	1.90229000622821e-05	6.33368658790105e-05	0.037037037037037	0.491090027111315	1	0	[33311482]
pancreas/metabolism	quinoxalines/pharmacology	1.90229000622821e-05	6.33368658790105e-05	0.037037037037037	0.491090027111315	1	0	[33311482]
pancreatitis/genetics	quinoxalines/pharmacology	1.90229000622821e-05	6.33368658790105e-05	0.037037037037037	0.491090027111315	1	0	[33311482]
phospholipid hydroperoxide glutathione peroxidase/genetics	quinoxalines/pharmacology	1.90229000622821e-05	6.33368658790105e-05	0.037037037037037	0.491090027111315	1	0	[33311482]
proto-oncogene proteins p21(ras)/metabolism	quinoxalines/pharmacology	1.90229000622821e-05	6.33368658790105e-05	0.037037037037037	0.491090027111315	1	0	[33311482]
quinoxalines/pharmacology	spiro compounds/pharmacology	1.90229000622821e-05	6.33368658790105e-05	0.037037037037037	0.491090027111315	1	0	[33311482]
biomarkers tumor	tumor microenvironment	0.0015625643362536	0.0033615998331867	0.074074074074074	0.491090027111315	1	0	[33311482]
biomarkers tumor	carcinoma pancreatic ductal/metabolism	1.90229000622821e-05	6.33368658790105e-05	0.037037037037037	0.491090027111315	1	0	[33311482]
biomarkers tumor	cell transformation neoplastic/genetics	1.90229000622821e-05	6.33368658790105e-05	0.037037037037037	0.491090027111315	1	0	[33311482]
biomarkers tumor	diet	1.90229000622821e-05	6.33368658790105e-05	0.037037037037037	0.491090027111315	1	0	[33311482]
biomarkers tumor	pancreas/metabolism	1.90229000622821e-05	6.33368658790105e-05	0.037037037037037	0.491090027111315	1	0	[33311482]
biomarkers tumor	pancreatitis/genetics	1.90229000622821e-05	6.33368658790105e-05	0.037037037037037	0.491090027111315	1	0	[33311482]
biomarkers tumor	phospholipid hydroperoxide glutathione peroxidase/genetics	1.90229000622821e-05	6.33368658790105e-05	0.037037037037037	0.491090027111315	1	0	[33311482]
biomarkers tumor	proto-oncogene proteins p21(ras)/metabolism	1.90229000622821e-05	6.33368658790105e-05	0.037037037037037	0.491090027111315	1	0	[33311482]
biomarkers tumor	spiro compounds/pharmacology	1.90229000622821e-05	6.33368658790105e-05	0.037037037037037	0.491090027111315	1	0	[33311482]
cell transformation neoplastic/genetics	tumor microenvironment	0.0015625643362536	0.0033615998331867	0.074074074074074	0.491090027111315	1	0	[33311482]
carcinoma pancreatic ductal/metabolism	cell transformation neoplastic/genetics	1.90229000622821e-05	6.33368658790105e-05	0.037037037037037	0.491090027111315	1	0	[33311482]
cell transformation neoplastic/genetics	diet	1.90229000622821e-05	6.33368658790105e-05	0.037037037037037	0.491090027111315	1	0	[33311482]
cell transformation neoplastic/genetics	pancreas/metabolism	1.90229000622821e-05	6.33368658790105e-05	0.037037037037037	0.491090027111315	1	0	[33311482]
cell transformation neoplastic/genetics	pancreatitis/genetics	1.90229000622821e-05	6.33368658790105e-05	0.037037037037037	0.491090027111315	1	0	[33311482]
cell transformation neoplastic/genetics	phospholipid hydroperoxide glutathione peroxidase/genetics	1.90229000622821e-05	6.33368658790105e-05	0.037037037037037	0.491090027111315	1	0	[33311482]
cell transformation neoplastic/genetics	proto-oncogene proteins p21(ras)/metabolism	1.90229000622821e-05	6.33368658790105e-05	0.037037037037037	0.491090027111315	1	0	[33311482]
cell transformation neoplastic/genetics	spiro compounds/pharmacology	1.90229000622821e-05	6.33368658790105e-05	0.037037037037037	0.491090027111315	1	0	[33311482]
carcinoma pancreatic ductal/metabolism	tumor microenvironment	0.0015625643362536	0.0033615998331867	0.074074074074074	0.491090027111315	1	0	[33311482]
carcinoma pancreatic ductal/metabolism	diet	1.90229000622821e-05	6.33368658790105e-05	0.037037037037037	0.491090027111315	1	0	[33311482]
carcinoma pancreatic ductal/metabolism	pancreas/metabolism	1.90229000622821e-05	6.33368658790105e-05	0.037037037037037	0.491090027111315	1	0	[33311482]
carcinoma pancreatic ductal/metabolism	pancreatitis/genetics	1.90229000622821e-05	6.33368658790105e-05	0.037037037037037	0.491090027111315	1	0	[33311482]
carcinoma pancreatic ductal/metabolism	phospholipid hydroperoxide glutathione peroxidase/genetics	1.90229000622821e-05	6.33368658790105e-05	0.037037037037037	0.491090027111315	1	0	[33311482]
carcinoma pancreatic ductal/metabolism	proto-oncogene proteins p21(ras)/metabolism	1.90229000622821e-05	6.33368658790105e-05	0.037037037037037	0.491090027111315	1	0	[33311482]
carcinoma pancreatic ductal/metabolism	spiro compounds/pharmacology	1.90229000622821e-05	6.33368658790105e-05	0.037037037037037	0.491090027111315	1	0	[33311482]
diet	tumor microenvironment	0.0015625643362536	0.0033615998331867	0.074074074074074	0.491090027111315	1	0	[33311482]
diet	pancreas/metabolism	1.90229000622821e-05	6.33368658790105e-05	0.037037037037037	0.491090027111315	1	0	[33311482]
diet	pancreatitis/genetics	1.90229000622821e-05	6.33368658790105e-05	0.037037037037037	0.491090027111315	1	0	[33311482]
diet	phospholipid hydroperoxide glutathione peroxidase/genetics	1.90229000622821e-05	6.33368658790105e-05	0.037037037037037	0.491090027111315	1	0	[33311482]
diet	proto-oncogene proteins p21(ras)/metabolism	1.90229000622821e-05	6.33368658790105e-05	0.037037037037037	0.491090027111315	1	0	[33311482]
diet	spiro compounds/pharmacology	1.90229000622821e-05	6.33368658790105e-05	0.037037037037037	0.491090027111315	1	0	[33311482]
spiro compounds/pharmacology	tumor microenvironment	0.0015625643362536	0.0033615998331867	0.074074074074074	0.491090027111315	1	0	[33311482]
pancreas/metabolism	spiro compounds/pharmacology	1.90229000622821e-05	6.33368658790105e-05	0.037037037037037	0.491090027111315	1	0	[33311482]
pancreatitis/genetics	spiro compounds/pharmacology	1.90229000622821e-05	6.33368658790105e-05	0.037037037037037	0.491090027111315	1	0	[33311482]
phospholipid hydroperoxide glutathione peroxidase/genetics	spiro compounds/pharmacology	1.90229000622821e-05	6.33368658790105e-05	0.037037037037037	0.491090027111315	1	0	[33311482]
proto-oncogene proteins p21(ras)/metabolism	spiro compounds/pharmacology	1.90229000622821e-05	6.33368658790105e-05	0.037037037037037	0.491090027111315	1	0	[33311482]
proto-oncogene proteins p21(ras)/metabolism	tumor microenvironment	0.0015625643362536	0.0033615998331867	0.074074074074074	0.491090027111315	1	0	[33311482]
pancreas/metabolism	proto-oncogene proteins p21(ras)/metabolism	1.90229000622821e-05	6.33368658790105e-05	0.037037037037037	0.491090027111315	1	0	[33311482]
pancreatitis/genetics	proto-oncogene proteins p21(ras)/metabolism	1.90229000622821e-05	6.33368658790105e-05	0.037037037037037	0.491090027111315	1	0	[33311482]
phospholipid hydroperoxide glutathione peroxidase/genetics	proto-oncogene proteins p21(ras)/metabolism	1.90229000622821e-05	6.33368658790105e-05	0.037037037037037	0.491090027111315	1	0	[33311482]
pancreatitis/genetics	tumor microenvironment	0.0015625643362536	0.0033615998331867	0.074074074074074	0.491090027111315	1	0	[33311482]
pancreas/metabolism	pancreatitis/genetics	1.90229000622821e-05	6.33368658790105e-05	0.037037037037037	0.491090027111315	1	0	[33311482]
pancreatitis/genetics	phospholipid hydroperoxide glutathione peroxidase/genetics	1.90229000622821e-05	6.33368658790105e-05	0.037037037037037	0.491090027111315	1	0	[33311482]
pancreas/metabolism	tumor microenvironment	0.0015625643362536	0.0033615998331867	0.074074074074074	0.491090027111315	1	0	[33311482]
pancreas/metabolism	phospholipid hydroperoxide glutathione peroxidase/genetics	1.90229000622821e-05	6.33368658790105e-05	0.037037037037037	0.491090027111315	1	0	[33311482]
actins/metabolism	macrophages/drug effects	0.0019364221367503	0.0031229382209923	0.0735294117647058	0.5011717509037	1	1	[34811833]
collagen type i/metabolism	macrophages/drug effects	0.0019364221367503	0.0031229382209923	0.0735294117647058	0.5011717509037	1	1	[34811833]
hepatic stellate cells/drug effects	macrophages/drug effects	0.0019364221367503	0.0031229382209923	0.0735294117647058	0.5011717509037	1	1	[34811833]
hepatocytes/drug effects	macrophages/drug effects	0.0019364221367503	0.0031229382209923	0.0735294117647058	0.5011717509037	1	1	[34811833]
hypoxia-inducible factor 1 alpha subunit/metabolism	macrophages/drug effects	0.0019364221367503	0.0031229382209923	0.0735294117647058	0.5011717509037	1	1	[34811833]
liver cirrhosis/drug therapy	macrophages/drug effects	0.0019364221367503	0.0031229382209923	0.0735294117647058	0.5011717509037	1	1	[34811833]
anti-inflammatory agents/pharmacology	macrophages/drug effects	0.0026427423852313	0.0041792883219225	0.0735294117647058	0.5011717509037	1	1	[30755716]
calgranulin a/metabolism	macrophages/drug effects	0.0026427423852313	0.0041792883219225	0.0735294117647058	0.5011717509037	1	1	[30755716]
colon/metabolism	macrophages/drug effects	0.0026427423852313	0.0041792883219225	0.0735294117647058	0.5011717509037	1	1	[30755716]
glycyrrhizic acid/pharmacology	macrophages/drug effects	0.0026427423852313	0.0041792883219225	0.0735294117647058	0.5011717509037	1	1	[30755716]
macrophages/drug effects	sorafenib/pharmacology	0.0019364221367503	0.0031229382209923	0.0735294117647058	0.5011717509037	1	1	[34811833]
phospholipid hydroperoxide glutathione peroxidase/genetics	tumor microenvironment	0.0015625643362536	0.0033615998331867	0.074074074074074	0.491090027111315	1	0	[33311482]
mitochondria/drug effects	receptors transferrin/metabolism	6.20468725680556e-05	0.0001283996868687	0.0379746835443037	0.583915496397244	1	2	[39276841]
receptors transferrin/metabolism	spiral ganglion/drug effects	5.32907051820075e-15	3.01993119618375e-14	0.0126582278481012	0.583915496397244	1	2	[39276841]
organometallic compounds/toxicity	receptors transferrin/metabolism	5.32907051820075e-15	3.01993119618375e-14	0.0126582278481012	0.583915496397244	1	2	[39276841]
aging/metabolism	antioxidants/metabolism	0	0	0.0126582278481012	0.583915496397244	1	2	[40724917]
aging/metabolism	neurons/metabolism	0	0	0.0126582278481012	0.583915496397244	1	2	[40724917]
aging/metabolism	folic acid/pharmacology	0	0	0.0126582278481012	0.583915496397244	1	2	[40724917]
aging/metabolism	cystine/metabolism	0	0	0.0126582278481012	0.583915496397244	1	2	[40724917]
antioxidants/metabolism	neurons/metabolism	0	0	0.0126582278481012	0.583915496397244	1	2	[40724917]
antioxidants/metabolism	folic acid/pharmacology	0	0	0.0126582278481012	0.583915496397244	1	2	[40724917]
antioxidants/metabolism	cystine/metabolism	0	0	0.0126582278481012	0.583915496397244	1	2	[40724917]
folic acid/pharmacology	neurons/metabolism	0	0	0.0126582278481012	0.583915496397244	1	2	[40724917]
cystine/metabolism	neurons/metabolism	0	0	0.0126582278481012	0.583915496397244	1	2	[40724917]
cystine/metabolism	folic acid/pharmacology	0	0	0.0126582278481012	0.583915496397244	1	2	[40724917]
mitochondria/drug effects	spiral ganglion/drug effects	6.20468725680556e-05	0.0001283996868687	0.0379746835443037	0.583915496397244	1	2	[39276841]
organometallic compounds/toxicity	spiral ganglion/drug effects	5.32907051820075e-15	3.01993119618375e-14	0.0126582278481012	0.583915496397244	1	2	[39276841]
mitochondria/drug effects	organometallic compounds/toxicity	6.20468725680556e-05	0.0001283996868687	0.0379746835443037	0.583915496397244	1	2	[39276841]
amp-activated protein kinase kinases	cell survival/drug effects	0.0049036293627228	0.0073431491104543	0.0441176470588235	0.5011717509037	1	1	[34093872]
amp-activated protein kinase kinases	glycogen synthase kinase 3/metabolism	0.0001529490570294	0.0002932546526832	0.0147058823529411	0.5011717509037	1	1	[34093872]
amp-activated protein kinase kinases	iron/chemistry	0.0001529490570294	0.0002932546526832	0.0147058823529411	0.5011717509037	1	1	[34093872]
amp-activated protein kinase kinases	lung neoplasms/drug therapy	0.0001529490570294	0.0002932546526832	0.0147058823529411	0.5011717509037	1	1	[34093872]
amp-activated protein kinase kinases	mitochondria/drug effects	0.0017679797262968	0.0028758762365795	0.0294117647058823	0.5011717509037	1	1	[34093872]
amp-activated protein kinase kinases	nf-e2-related factor 2/genetics	0.0001529490570294	0.0002932546526832	0.0147058823529411	0.5011717509037	1	1	[34093872]
amp-activated protein kinase kinases	tor serine-threonine kinases/metabolism	0.0001529490570294	0.0002932546526832	0.0147058823529411	0.5011717509037	1	1	[34093872]
cell survival/drug effects	glycogen synthase kinase 3/metabolism	0.0049036293627228	0.0073431491104543	0.0441176470588235	0.5011717509037	1	1	[34093872]
glycogen synthase kinase 3/metabolism	iron/chemistry	0.0001529490570294	0.0002932546526832	0.0147058823529411	0.5011717509037	1	1	[34093872]
glycogen synthase kinase 3/metabolism	lung neoplasms/drug therapy	0.0001529490570294	0.0002932546526832	0.0147058823529411	0.5011717509037	1	1	[34093872]
glycogen synthase kinase 3/metabolism	mitochondria/drug effects	0.0017679797262968	0.0028758762365795	0.0294117647058823	0.5011717509037	1	1	[34093872]
glycogen synthase kinase 3/metabolism	nf-e2-related factor 2/genetics	0.0001529490570294	0.0002932546526832	0.0147058823529411	0.5011717509037	1	1	[34093872]
glycogen synthase kinase 3/metabolism	tor serine-threonine kinases/metabolism	0.0001529490570294	0.0002932546526832	0.0147058823529411	0.5011717509037	1	1	[34093872]
cell survival/drug effects	iron/chemistry	0.0049036293627228	0.0073431491104543	0.0441176470588235	0.5011717509037	1	1	[34093872]
iron/chemistry	lung neoplasms/drug therapy	0.0001529490570294	0.0002932546526832	0.0147058823529411	0.5011717509037	1	1	[34093872]
iron/chemistry	mitochondria/drug effects	0.0017679797262968	0.0028758762365795	0.0294117647058823	0.5011717509037	1	1	[34093872]
iron/chemistry	nf-e2-related factor 2/genetics	0.0001529490570294	0.0002932546526832	0.0147058823529411	0.5011717509037	1	1	[34093872]
iron/chemistry	tor serine-threonine kinases/metabolism	0.0001529490570294	0.0002932546526832	0.0147058823529411	0.5011717509037	1	1	[34093872]
cell survival/drug effects	lung neoplasms/drug therapy	0.0049036293627228	0.0073431491104543	0.0441176470588235	0.5011717509037	1	1	[34093872]
lung neoplasms/drug therapy	mitochondria/drug effects	0.0017679797262968	0.0028758762365795	0.0294117647058823	0.5011717509037	1	1	[34093872]
lung neoplasms/drug therapy	nf-e2-related factor 2/genetics	0.0001529490570294	0.0002932546526832	0.0147058823529411	0.5011717509037	1	1	[34093872]
lung neoplasms/drug therapy	tor serine-threonine kinases/metabolism	0.0001529490570294	0.0002932546526832	0.0147058823529411	0.5011717509037	1	1	[34093872]
cell survival/drug effects	nf-e2-related factor 2/genetics	0.0049036293627228	0.0073431491104543	0.0441176470588235	0.5011717509037	1	1	[34093872]
mitochondria/drug effects	nf-e2-related factor 2/genetics	0.0017679797262968	0.0028758762365795	0.0294117647058823	0.5011717509037	1	1	[34093872]
nf-e2-related factor 2/genetics	tor serine-threonine kinases/metabolism	0.0001529490570294	0.0002932546526832	0.0147058823529411	0.5011717509037	1	1	[34093872]
cell survival/drug effects	tor serine-threonine kinases/metabolism	0.0049036293627228	0.0073431491104543	0.0441176470588235	0.5011717509037	1	1	[34093872]
mitochondria/drug effects	tor serine-threonine kinases/metabolism	0.0017679797262968	0.0028758762365795	0.0294117647058823	0.5011717509037	1	1	[34093872]
kidney/drug effects	polysaccharides/pharmacology	0	0	0.0126582278481012	0.583915496397244	1	2	[40752796]
diabetic nephropathies/drug therapy	polysaccharides/pharmacology	0	0	0.0126582278481012	0.583915496397244	1	2	[40752796]
chalcones/toxicity	embryo nonmammalian/drug effects	0	0	0.0126582278481012	0.583915496397244	1	2	[38581191]
chalcones/toxicity	membrane potential mitochondrial/drug effects	0	0	0.0126582278481012	0.583915496397244	1	2	[38581191]
chalcones/toxicity	chemical and drug induced liver injury/metabolism	0	0	0.0126582278481012	0.583915496397244	1	2	[38581191]
embryo nonmammalian/drug effects	membrane potential mitochondrial/drug effects	0	0	0.0126582278481012	0.583915496397244	1	2	[38581191]
chemical and drug induced liver injury/metabolism	embryo nonmammalian/drug effects	0	0	0.0126582278481012	0.583915496397244	1	2	[38581191]
diabetic nephropathies/drug therapy	kidney/drug effects	0	0	0.0126582278481012	0.583915496397244	1	2	[40752796]
chemical and drug induced liver injury/metabolism	membrane potential mitochondrial/drug effects	0	0	0.0126582278481012	0.583915496397244	1	2	[38581191]
antineoplastic agents/pharmacology	basic-leucine zipper transcription factors/analysis	0.0024359773054146	0.0038788378911146	0.102941176470588	0.5011717509037	1	1	[34991659]
antineoplastic agents/pharmacology	colonic neoplasms/drug therapy	0.0050078979304749	0.0074820939061317	0.102941176470588	0.5011717509037	1	1	[33547170]
antineoplastic agents/pharmacology	drug resistance neoplasm	0.0024359773054146	0.0038788378911146	0.102941176470588	0.5011717509037	1	1	[34991659]
antineoplastic agents/pharmacology	heme oxygenase-1/metabolism	0.0050078979304749	0.0074820939061317	0.102941176470588	0.5011717509037	1	1	[33547170]
antineoplastic agents/pharmacology	lymphocytes tumor-infiltrating/immunology	0.0050078979304749	0.0074820939061317	0.102941176470588	0.5011717509037	1	1	[33547170]
antineoplastic agents/pharmacology	membrane proteins/metabolism	0.0050078979304749	0.0074820939061317	0.102941176470588	0.5011717509037	1	1	[33547170]
antineoplastic agents/pharmacology	myeloid-derived suppressor cells/immunology	0.0050078979304749	0.0074820939061317	0.102941176470588	0.5011717509037	1	1	[33547170]
antineoplastic agents/pharmacology	neutral ceramidase/antagonists &amp; inhibitors	0.0050078979304749	0.0074820939061317	0.102941176470588	0.5011717509037	1	1	[33547170]
antineoplastic agents/pharmacology	t-lymphocytes/immunology	0.0050078979304749	0.0074820939061317	0.102941176470588	0.5011717509037	1	1	[33547170]
antineoplastic agents/pharmacology	triple negative breast neoplasms/drug therapy	0.0024359773054146	0.0038788378911146	0.102941176470588	0.5011717509037	1	1	[34991659]
antineoplastic agents/pharmacology	tumor-associated macrophages/drug effects	0.0024359773054146	0.0038788378911146	0.102941176470588	0.5011717509037	1	1	[34991659]
antineoplastic agents/pharmacology	neoplasm recurrence local	0.0043931949900174	0.0067403472022652	0.0886075949367088	0.583915496397244	1	2	[27756885]
antineoplastic agents/pharmacology	hydroxymethylglutaryl-coa reductase inhibitors/pharmacology	0.0043931949900174	0.0067403472022652	0.0886075949367088	0.583915496397244	1	2	[27756885]
antineoplastic agents/pharmacology	breast neoplasms/drug therapy	0.0043931949900174	0.0067403472022652	0.0886075949367088	0.583915496397244	1	2	[27756885]
antineoplastic agents/pharmacology	inflammation/immunology	0.0043931949900174	0.0067403472022652	0.0886075949367088	0.583915496397244	1	2	[27756885]
antineoplastic agents/pharmacology	macrophage colony-stimulating factor/antagonists &amp; inhibitors	0.0043931949900174	0.0067403472022652	0.0886075949367088	0.583915496397244	1	2	[27756885]
antineoplastic agents/pharmacology	mesenchymal stem cells/immunology	0.0043931949900174	0.0067403472022652	0.0886075949367088	0.583915496397244	1	2	[27756885]
antineoplastic agents/pharmacology	neoplasm invasiveness	0.0043931949900174	0.0067403472022652	0.0886075949367088	0.583915496397244	1	2	[27756885]
antineoplastic agents/chemistry	neoplasms/drug therapy	5.6844185756133e-05	0.0001786003669477	0.074074074074074	0.491090027111315	1	0	[31509699]
apoptosis/drug effects	neoplasms/drug therapy	0.0015006475463213	0.0033068980883982	0.145299145299145	0.491090027111315	1	0	[31509699]
biological products/chemistry	neoplasms/drug therapy	5.6844185756133e-05	0.0001786003669477	0.074074074074074	0.491090027111315	1	0	[31509699]
dichloroacetic acid/chemistry	neoplasms/drug therapy	5.6844185756133e-05	0.0001786003669477	0.074074074074074	0.491090027111315	1	0	[31509699]
drug synergism	neoplasms/drug therapy	5.6844185756133e-05	0.0001786003669477	0.074074074074074	0.491090027111315	1	0	[31509699]
energy metabolism/drug effects	neoplasms/drug therapy	5.6844185756133e-05	0.0001786003669477	0.074074074074074	0.491090027111315	1	0	[31509699]
macrophages/cytology	neoplasms/drug therapy	0.0030275730352965	0.006325620895072	0.145299145299145	0.491090027111315	1	0	[31509699]
neoplasms/drug therapy	protein kinase inhibitors/chemistry	5.6844185756133e-05	0.0001786003669477	0.074074074074074	0.491090027111315	1	0	[31509699]
neoplasms/drug therapy	pyruvate dehydrogenase acetyl-transferring kinase/antagonists &amp; inhibitors	5.6844185756133e-05	0.0001786003669477	0.074074074074074	0.491090027111315	1	0	[31509699]
neoplasms/drug therapy	saponins/chemistry	5.6844185756133e-05	0.0001786003669477	0.074074074074074	0.491090027111315	1	0	[31509699]
mitochondria/drug effects	neoplasms/drug therapy	0.000482721111329	0.0008653482253365	0.0583845478489903	0.5011717509037	1	1	[31509699]
cyclohexylamines	leydig cells/metabolism	5.32907051820075e-15	3.01993119618375e-14	0.0126582278481012	0.583915496397244	1	2	[39212400]
cyclohexylamines	superoxide dismutase/metabolism	5.32907051820075e-15	3.01993119618375e-14	0.0126582278481012	0.583915496397244	1	2	[39212400]
cyclohexylamines	testosterone	5.32907051820075e-15	3.01993119618375e-14	0.0126582278481012	0.583915496397244	1	2	[39212400]
cyclohexylamines	phenylenediamines	5.32907051820075e-15	3.01993119618375e-14	0.0126582278481012	0.583915496397244	1	2	[39212400]
cyclohexylamines	drugs chinese herbal/pharmacology	5.32907051820075e-15	3.01993119618375e-14	0.0126582278481012	0.583915496397244	1	2	[39212400]
cyclohexylamines	hydrogen peroxide	5.32907051820075e-15	3.01993119618375e-14	0.0126582278481012	0.583915496397244	1	2	[39212400]
leydig cells/metabolism	superoxide dismutase/metabolism	5.32907051820075e-15	3.01993119618375e-14	0.0126582278481012	0.583915496397244	1	2	[39212400]
leydig cells/metabolism	testosterone	5.32907051820075e-15	3.01993119618375e-14	0.0126582278481012	0.583915496397244	1	2	[39212400]
leydig cells/metabolism	phenylenediamines	5.32907051820075e-15	3.01993119618375e-14	0.0126582278481012	0.583915496397244	1	2	[39212400]
drugs chinese herbal/pharmacology	leydig cells/metabolism	5.32907051820075e-15	3.01993119618375e-14	0.0126582278481012	0.583915496397244	1	2	[39212400]
hydrogen peroxide	leydig cells/metabolism	5.32907051820075e-15	3.01993119618375e-14	0.0126582278481012	0.583915496397244	1	2	[39212400]
superoxide dismutase/metabolism	testosterone	5.32907051820075e-15	3.01993119618375e-14	0.0126582278481012	0.583915496397244	1	2	[39212400]
phenylenediamines	superoxide dismutase/metabolism	5.32907051820075e-15	3.01993119618375e-14	0.0126582278481012	0.583915496397244	1	2	[39212400]
drugs chinese herbal/pharmacology	superoxide dismutase/metabolism	5.32907051820075e-15	3.01993119618375e-14	0.0126582278481012	0.583915496397244	1	2	[39212400]
hydrogen peroxide	superoxide dismutase/metabolism	5.32907051820075e-15	3.01993119618375e-14	0.0126582278481012	0.583915496397244	1	2	[39212400]
phenylenediamines	testosterone	5.32907051820075e-15	3.01993119618375e-14	0.0126582278481012	0.583915496397244	1	2	[39212400]
drugs chinese herbal/pharmacology	testosterone	5.32907051820075e-15	3.01993119618375e-14	0.0126582278481012	0.583915496397244	1	2	[39212400]
hydrogen peroxide	testosterone	5.32907051820075e-15	3.01993119618375e-14	0.0126582278481012	0.583915496397244	1	2	[39212400]
drugs chinese herbal/pharmacology	phenylenediamines	5.32907051820075e-15	3.01993119618375e-14	0.0126582278481012	0.583915496397244	1	2	[39212400]
hydrogen peroxide	phenylenediamines	5.32907051820075e-15	3.01993119618375e-14	0.0126582278481012	0.583915496397244	1	2	[39212400]
drugs chinese herbal/pharmacology	hydrogen peroxide	5.32907051820075e-15	3.01993119618375e-14	0.0126582278481012	0.583915496397244	1	2	[39212400]
basic-leucine zipper transcription factors/analysis	tumor microenvironment/drug effects	0.0039778851868	0.006085272814044	0.117647058823529	0.5011717509037	1	1	[34991659]
basic-leucine zipper transcription factors/analysis	drug resistance neoplasm	2.37669306457633e-09	2.23055336157649e-08	0.037037037037037	0.491090027111315	1	0	[34991659]
basic-leucine zipper transcription factors/analysis	triple negative breast neoplasms/drug therapy	2.37669306457633e-09	2.23055336157649e-08	0.037037037037037	0.491090027111315	1	0	[34991659]
basic-leucine zipper transcription factors/analysis	tumor-associated macrophages/drug effects	2.37669306457633e-09	2.23055336157649e-08	0.037037037037037	0.491090027111315	1	0	[34991659]
cell line tumor/transplantation	colonic neoplasms/drug therapy	0.0002443386631932	0.0007043559873365	0.074074074074074	0.491090027111315	1	0	[33547170]
colonic neoplasms/drug therapy	tumor microenvironment/drug effects	0.0050446579505036	0.0076916756411358	0.113924050632911	0.583915496397244	1	2	[33547170]
colonic neoplasms/drug therapy	heme oxygenase-1/metabolism	2.48910234645905e-07	1.3318075285482e-06	0.037037037037037	0.491090027111315	1	0	[33547170]
colonic neoplasms/drug therapy	lymphocytes tumor-infiltrating/immunology	2.48910234645905e-07	1.3318075285482e-06	0.037037037037037	0.491090027111315	1	0	[33547170]
colonic neoplasms/drug therapy	membrane proteins/metabolism	2.48910234645905e-07	1.3318075285482e-06	0.037037037037037	0.491090027111315	1	0	[33547170]
colonic neoplasms/drug therapy	myeloid-derived suppressor cells/immunology	2.48910234645905e-07	1.3318075285482e-06	0.037037037037037	0.491090027111315	1	0	[33547170]
colonic neoplasms/drug therapy	neutral ceramidase/antagonists &amp; inhibitors	2.48910234645905e-07	1.3318075285482e-06	0.037037037037037	0.491090027111315	1	0	[33547170]
colonic neoplasms/drug therapy	t-lymphocytes/immunology	2.48910234645905e-07	1.3318075285482e-06	0.037037037037037	0.491090027111315	1	0	[33547170]
colonic neoplasms/drug therapy	tumor suppressor protein p53/metabolism	0.0002443386631932	0.0007043559873365	0.074074074074074	0.491090027111315	1	0	[33547170]
drug resistance neoplasm	tumor microenvironment/drug effects	0.0039778851868	0.006085272814044	0.117647058823529	0.5011717509037	1	1	[34991659]
drug resistance neoplasm	triple negative breast neoplasms/drug therapy	2.37669306457633e-09	2.23055336157649e-08	0.037037037037037	0.491090027111315	1	0	[34991659]
drug resistance neoplasm	tumor-associated macrophages/drug effects	2.37669306457633e-09	2.23055336157649e-08	0.037037037037037	0.491090027111315	1	0	[34991659]
cell line tumor/transplantation	heme oxygenase-1/metabolism	0.0002443386631932	0.0007043559873365	0.074074074074074	0.491090027111315	1	0	[33547170]
heme oxygenase-1/metabolism	tumor microenvironment/drug effects	0.0050446579505036	0.0076916756411358	0.113924050632911	0.583915496397244	1	2	[33547170]
heme oxygenase-1/metabolism	lymphocytes tumor-infiltrating/immunology	2.48910234645905e-07	1.3318075285482e-06	0.037037037037037	0.491090027111315	1	0	[33547170]
heme oxygenase-1/metabolism	membrane proteins/metabolism	2.48910234645905e-07	1.3318075285482e-06	0.037037037037037	0.491090027111315	1	0	[33547170]
heme oxygenase-1/metabolism	myeloid-derived suppressor cells/immunology	2.48910234645905e-07	1.3318075285482e-06	0.037037037037037	0.491090027111315	1	0	[33547170]
heme oxygenase-1/metabolism	neutral ceramidase/antagonists &amp; inhibitors	2.48910234645905e-07	1.3318075285482e-06	0.037037037037037	0.491090027111315	1	0	[33547170]
heme oxygenase-1/metabolism	t-lymphocytes/immunology	2.48910234645905e-07	1.3318075285482e-06	0.037037037037037	0.491090027111315	1	0	[33547170]
heme oxygenase-1/metabolism	tumor suppressor protein p53/metabolism	0.0002443386631932	0.0007043559873365	0.074074074074074	0.491090027111315	1	0	[33547170]
cell line tumor/transplantation	lymphocytes tumor-infiltrating/immunology	0.0002443386631932	0.0007043559873365	0.074074074074074	0.491090027111315	1	0	[33547170]
lymphocytes tumor-infiltrating/immunology	tumor microenvironment/drug effects	0.0050446579505036	0.0076916756411358	0.113924050632911	0.583915496397244	1	2	[33547170]
lymphocytes tumor-infiltrating/immunology	membrane proteins/metabolism	2.48910234645905e-07	1.3318075285482e-06	0.037037037037037	0.491090027111315	1	0	[33547170]
lymphocytes tumor-infiltrating/immunology	myeloid-derived suppressor cells/immunology	2.48910234645905e-07	1.3318075285482e-06	0.037037037037037	0.491090027111315	1	0	[33547170]
lymphocytes tumor-infiltrating/immunology	neutral ceramidase/antagonists &amp; inhibitors	2.48910234645905e-07	1.3318075285482e-06	0.037037037037037	0.491090027111315	1	0	[33547170]
lymphocytes tumor-infiltrating/immunology	t-lymphocytes/immunology	2.48910234645905e-07	1.3318075285482e-06	0.037037037037037	0.491090027111315	1	0	[33547170]
lymphocytes tumor-infiltrating/immunology	tumor suppressor protein p53/metabolism	0.0002443386631932	0.0007043559873365	0.074074074074074	0.491090027111315	1	0	[33547170]
cell line tumor/transplantation	membrane proteins/metabolism	0.0002443386631932	0.0007043559873365	0.074074074074074	0.491090027111315	1	0	[33547170]
membrane proteins/metabolism	tumor microenvironment/drug effects	0.0050446579505036	0.0076916756411358	0.113924050632911	0.583915496397244	1	2	[33547170]
membrane proteins/metabolism	myeloid-derived suppressor cells/immunology	2.48910234645905e-07	1.3318075285482e-06	0.037037037037037	0.491090027111315	1	0	[33547170]
membrane proteins/metabolism	neutral ceramidase/antagonists &amp; inhibitors	2.48910234645905e-07	1.3318075285482e-06	0.037037037037037	0.491090027111315	1	0	[33547170]
membrane proteins/metabolism	t-lymphocytes/immunology	2.48910234645905e-07	1.3318075285482e-06	0.037037037037037	0.491090027111315	1	0	[33547170]
membrane proteins/metabolism	tumor suppressor protein p53/metabolism	0.0002443386631932	0.0007043559873365	0.074074074074074	0.491090027111315	1	0	[33547170]
cell line tumor/transplantation	myeloid-derived suppressor cells/immunology	0.0002443386631932	0.0007043559873365	0.074074074074074	0.491090027111315	1	0	[33547170]
myeloid-derived suppressor cells/immunology	tumor microenvironment/drug effects	0.0050446579505036	0.0076916756411358	0.113924050632911	0.583915496397244	1	2	[33547170]
myeloid-derived suppressor cells/immunology	neutral ceramidase/antagonists &amp; inhibitors	2.48910234645905e-07	1.3318075285482e-06	0.037037037037037	0.491090027111315	1	0	[33547170]
myeloid-derived suppressor cells/immunology	t-lymphocytes/immunology	2.48910234645905e-07	1.3318075285482e-06	0.037037037037037	0.491090027111315	1	0	[33547170]
myeloid-derived suppressor cells/immunology	tumor suppressor protein p53/metabolism	0.0002443386631932	0.0007043559873365	0.074074074074074	0.491090027111315	1	0	[33547170]
cell line tumor/transplantation	neutral ceramidase/antagonists &amp; inhibitors	0.0002443386631932	0.0007043559873365	0.074074074074074	0.491090027111315	1	0	[33547170]
neutral ceramidase/antagonists &amp; inhibitors	tumor microenvironment/drug effects	0.0050446579505036	0.0076916756411358	0.113924050632911	0.583915496397244	1	2	[33547170]
neutral ceramidase/antagonists &amp; inhibitors	t-lymphocytes/immunology	2.48910234645905e-07	1.3318075285482e-06	0.037037037037037	0.491090027111315	1	0	[33547170]
neutral ceramidase/antagonists &amp; inhibitors	tumor suppressor protein p53/metabolism	0.0002443386631932	0.0007043559873365	0.074074074074074	0.491090027111315	1	0	[33547170]
cell line tumor/transplantation	t-lymphocytes/immunology	0.0002443386631932	0.0007043559873365	0.074074074074074	0.491090027111315	1	0	[33547170]
t-lymphocytes/immunology	tumor microenvironment/drug effects	0.0050446579505036	0.0076916756411358	0.113924050632911	0.583915496397244	1	2	[33547170]
t-lymphocytes/immunology	tumor suppressor protein p53/metabolism	0.0002443386631932	0.0007043559873365	0.074074074074074	0.491090027111315	1	0	[33547170]
triple negative breast neoplasms/drug therapy	tumor microenvironment/drug effects	0.0039778851868	0.006085272814044	0.117647058823529	0.5011717509037	1	1	[34991659]
triple negative breast neoplasms/drug therapy	tumor-associated macrophages/drug effects	2.37669306457633e-09	2.23055336157649e-08	0.037037037037037	0.491090027111315	1	0	[34991659]
tumor microenvironment/drug effects	tumor-associated macrophages/drug effects	0.0039778851868	0.006085272814044	0.117647058823529	0.5011717509037	1	1	[34991659]
neoplasm recurrence local	raw 264.7 cells	3.40155225098115e-08	1.0400565265692e-07	0.0294117647058823	0.5011717509037	1	1	[27756885]
hydroxymethylglutaryl-coa reductase inhibitors/pharmacology	neoplasm recurrence local	4.49973391880576e-13	2.34884144181216e-12	0.0147058823529411	0.5011717509037	1	1	[27756885]
breast neoplasms/drug therapy	neoplasm recurrence local	4.49973391880576e-13	2.34884144181216e-12	0.0147058823529411	0.5011717509037	1	1	[27756885]
inflammation/immunology	neoplasm recurrence local	4.49973391880576e-13	2.34884144181216e-12	0.0147058823529411	0.5011717509037	1	1	[27756885]
macrophage colony-stimulating factor/antagonists &amp; inhibitors	neoplasm recurrence local	4.49973391880576e-13	2.34884144181216e-12	0.0147058823529411	0.5011717509037	1	1	[27756885]
mesenchymal stem cells/immunology	neoplasm recurrence local	4.49973391880576e-13	2.34884144181216e-12	0.0147058823529411	0.5011717509037	1	1	[27756885]
neoplasm invasiveness	neoplasm recurrence local	4.49973391880576e-13	2.34884144181216e-12	0.0147058823529411	0.5011717509037	1	1	[27756885]
hydroxymethylglutaryl-coa reductase inhibitors/pharmacology	raw 264.7 cells	3.40155225098115e-08	1.0400565265692e-07	0.0294117647058823	0.5011717509037	1	1	[27756885]
breast neoplasms/drug therapy	hydroxymethylglutaryl-coa reductase inhibitors/pharmacology	4.49973391880576e-13	2.34884144181216e-12	0.0147058823529411	0.5011717509037	1	1	[27756885]
hydroxymethylglutaryl-coa reductase inhibitors/pharmacology	inflammation/immunology	4.49973391880576e-13	2.34884144181216e-12	0.0147058823529411	0.5011717509037	1	1	[27756885]
hydroxymethylglutaryl-coa reductase inhibitors/pharmacology	macrophage colony-stimulating factor/antagonists &amp; inhibitors	4.49973391880576e-13	2.34884144181216e-12	0.0147058823529411	0.5011717509037	1	1	[27756885]
hydroxymethylglutaryl-coa reductase inhibitors/pharmacology	mesenchymal stem cells/immunology	4.49973391880576e-13	2.34884144181216e-12	0.0147058823529411	0.5011717509037	1	1	[27756885]
hydroxymethylglutaryl-coa reductase inhibitors/pharmacology	neoplasm invasiveness	4.49973391880576e-13	2.34884144181216e-12	0.0147058823529411	0.5011717509037	1	1	[27756885]
breast neoplasms/drug therapy	raw 264.7 cells	3.40155225098115e-08	1.0400565265692e-07	0.0294117647058823	0.5011717509037	1	1	[27756885]
breast neoplasms/drug therapy	inflammation/immunology	4.49973391880576e-13	2.34884144181216e-12	0.0147058823529411	0.5011717509037	1	1	[27756885]
breast neoplasms/drug therapy	macrophage colony-stimulating factor/antagonists &amp; inhibitors	4.49973391880576e-13	2.34884144181216e-12	0.0147058823529411	0.5011717509037	1	1	[27756885]
breast neoplasms/drug therapy	mesenchymal stem cells/immunology	4.49973391880576e-13	2.34884144181216e-12	0.0147058823529411	0.5011717509037	1	1	[27756885]
breast neoplasms/drug therapy	neoplasm invasiveness	4.49973391880576e-13	2.34884144181216e-12	0.0147058823529411	0.5011717509037	1	1	[27756885]
inflammation/immunology	raw 264.7 cells	3.40155225098115e-08	1.0400565265692e-07	0.0294117647058823	0.5011717509037	1	1	[27756885]
inflammation/immunology	macrophage colony-stimulating factor/antagonists &amp; inhibitors	4.49973391880576e-13	2.34884144181216e-12	0.0147058823529411	0.5011717509037	1	1	[27756885]
inflammation/immunology	mesenchymal stem cells/immunology	4.49973391880576e-13	2.34884144181216e-12	0.0147058823529411	0.5011717509037	1	1	[27756885]
inflammation/immunology	neoplasm invasiveness	4.49973391880576e-13	2.34884144181216e-12	0.0147058823529411	0.5011717509037	1	1	[27756885]
macrophage colony-stimulating factor/antagonists &amp; inhibitors	raw 264.7 cells	3.40155225098115e-08	1.0400565265692e-07	0.0294117647058823	0.5011717509037	1	1	[27756885]
macrophage colony-stimulating factor/antagonists &amp; inhibitors	mesenchymal stem cells/immunology	4.49973391880576e-13	2.34884144181216e-12	0.0147058823529411	0.5011717509037	1	1	[27756885]
macrophage colony-stimulating factor/antagonists &amp; inhibitors	neoplasm invasiveness	4.49973391880576e-13	2.34884144181216e-12	0.0147058823529411	0.5011717509037	1	1	[27756885]
mesenchymal stem cells/immunology	raw 264.7 cells	3.40155225098115e-08	1.0400565265692e-07	0.0294117647058823	0.5011717509037	1	1	[27756885]
mesenchymal stem cells/immunology	neoplasm invasiveness	4.49973391880576e-13	2.34884144181216e-12	0.0147058823529411	0.5011717509037	1	1	[27756885]
neoplasm invasiveness	raw 264.7 cells	3.40155225098115e-08	1.0400565265692e-07	0.0294117647058823	0.5011717509037	1	1	[27756885]
amino acid transport system y+/genetics	antineoplastic agents immunological/administration &amp; dosage	9.44154754378701e-11	1.14562710782353e-09	0.037037037037037	0.491090027111315	1	0	[31554642]
amino acid transport system y+/genetics	cd8-positive t-lymphocytes/immunology	0.0042660683096238	0.0086454214520678	0.111111111111111	0.491090027111315	1	0	[31554642]
amino acid transport system y+/genetics	cell survival/drug effects	0.0035872302582571	0.0074200911190768	0.111111111111111	0.491090027111315	1	0	[31554642]
amino acid transport system y+/genetics	gene expression regulation neoplastic/drug effects	9.44154754378701e-11	1.14562710782353e-09	0.037037037037037	0.491090027111315	1	0	[31554642]
amino acid transport system y+/genetics	lipid metabolism/drug effects	9.44154754378701e-11	1.14562710782353e-09	0.037037037037037	0.491090027111315	1	0	[31554642]
amino acid transport system y+/genetics	sulfasalazine/administration &amp; dosage	9.44154754378701e-11	1.14562710782353e-09	0.037037037037037	0.491090027111315	1	0	[31554642]
antibodies monoclonal humanized/pharmacology	cd8-positive t-lymphocytes/cytology	0.0001868757657405	0.0005524360047374	0.074074074074074	0.491090027111315	1	0	[33691090]
antibodies monoclonal humanized/pharmacology	cd36 antigens/antagonists &amp; inhibitors	3.10419946414342e-08	1.77908664941026e-07	0.037037037037037	0.491090027111315	1	0	[33691090]
antibodies monoclonal humanized/pharmacology	cytokines/metabolism	1.13608141667498e-05	4.7336725694791e-05	0.074074074074074	0.491090027111315	1	0	[33691090]
antibodies monoclonal humanized/pharmacology	fatty acids/metabolism	3.10419946414342e-08	1.77908664941026e-07	0.037037037037037	0.491090027111315	1	0	[33691090]
antibodies monoclonal humanized/pharmacology	multiple myeloma/drug therapy	3.10419946414342e-08	1.77908664941026e-07	0.037037037037037	0.491090027111315	1	0	[33691090]
antibodies monoclonal humanized/pharmacology	tumor microenvironment	0.0003039350520657	0.0008666781229012	0.074074074074074	0.491090027111315	1	0	[33691090]
antineoplastic agents immunological/administration &amp; dosage	cd8-positive t-lymphocytes/immunology	0.0042660683096238	0.0086454214520678	0.111111111111111	0.491090027111315	1	0	[31554642]
antineoplastic agents immunological/administration &amp; dosage	cell survival/drug effects	0.0035872302582571	0.0074200911190768	0.111111111111111	0.491090027111315	1	0	[31554642]
antineoplastic agents immunological/administration &amp; dosage	gene expression regulation neoplastic/drug effects	9.44154754378701e-11	1.14562710782353e-09	0.037037037037037	0.491090027111315	1	0	[31554642]
antineoplastic agents immunological/administration &amp; dosage	lipid metabolism/drug effects	9.44154754378701e-11	1.14562710782353e-09	0.037037037037037	0.491090027111315	1	0	[31554642]
antineoplastic agents immunological/administration &amp; dosage	sulfasalazine/administration &amp; dosage	9.44154754378701e-11	1.14562710782353e-09	0.037037037037037	0.491090027111315	1	0	[31554642]
cd36 antigens/antagonists &amp; inhibitors	cd8-positive t-lymphocytes/cytology	0.0001868757657405	0.0005524360047374	0.074074074074074	0.491090027111315	1	0	[33691090]
cd36 antigens/antagonists &amp; inhibitors	cytokines/metabolism	1.13608141667498e-05	4.7336725694791e-05	0.074074074074074	0.491090027111315	1	0	[33691090]
cd36 antigens/antagonists &amp; inhibitors	fatty acids/metabolism	3.10419946414342e-08	1.77908664941026e-07	0.037037037037037	0.491090027111315	1	0	[33691090]
cd36 antigens/antagonists &amp; inhibitors	multiple myeloma/drug therapy	3.10419946414342e-08	1.77908664941026e-07	0.037037037037037	0.491090027111315	1	0	[33691090]
cd36 antigens/antagonists &amp; inhibitors	tumor microenvironment	0.0003039350520657	0.0008666781229012	0.074074074074074	0.491090027111315	1	0	[33691090]
cd8-positive t-lymphocytes/immunology	cysteine/metabolism	0.0001862810580269	0.0003543196239064	0.0588235294117647	0.5011717509037	1	1	[31043744]
cd8-positive t-lymphocytes/immunology	fusion regulatory protein 1 heavy chain/metabolism	0.0001862810580269	0.0003543196239064	0.0588235294117647	0.5011717509037	1	1	[31043744]
cd8-positive t-lymphocytes/immunology	gene expression regulation neoplastic/drug effects	0.0042660683096238	0.0086454214520678	0.111111111111111	0.491090027111315	1	0	[31554642]
cd8-positive t-lymphocytes/immunology	interferon-gamma/immunology	0.0001862810580269	0.0003543196239064	0.0588235294117647	0.5011717509037	1	1	[31043744]
cd8-positive t-lymphocytes/immunology	lipid metabolism/drug effects	0.0042660683096238	0.0086454214520678	0.111111111111111	0.491090027111315	1	0	[31554642]
cd8-positive t-lymphocytes/immunology	melanoma/genetics	0.0001862810580269	0.0003543196239064	0.0588235294117647	0.5011717509037	1	1	[31043744]
cd8-positive t-lymphocytes/immunology	nivolumab/therapeutic use	0.0001862810580269	0.0003543196239064	0.0588235294117647	0.5011717509037	1	1	[31043744]
cd8-positive t-lymphocytes/immunology	sulfasalazine/administration &amp; dosage	0.0042660683096238	0.0086454214520678	0.111111111111111	0.491090027111315	1	0	[31554642]
cd8-positive t-lymphocytes/immunology	interleukins/metabolism	0.00073980105763	0.0012922627784632	0.0588235294117647	0.5011717509037	1	1	[39321806]
cd8-positive t-lymphocytes/immunology	tumor escape/immunology	0.00073980105763	0.0012922627784632	0.0588235294117647	0.5011717509037	1	1	[39321806]
cd8-positive t-lymphocytes/immunology	liver neoplasms/immunology	0.00073980105763	0.0012922627784632	0.0588235294117647	0.5011717509037	1	1	[39321806]
cd8-positive t-lymphocytes/immunology	cellular reprogramming/immunology	0.00073980105763	0.0012922627784632	0.0588235294117647	0.5011717509037	1	1	[39321806]
cd8-positive t-lymphocytes/immunology	neoplastic stem cells/immunology	0.00073980105763	0.0012922627784632	0.0588235294117647	0.5011717509037	1	1	[39321806]
cd8-positive t-lymphocytes/immunology	cell survival/drug effects	0.0004884711072284	0.0008752181063766	0.0077420384707478	0.186828306325089	2	1	[34093872,31554642]
b7-h1 antigen/antagonists &amp; inhibitors	cd8-positive t-lymphocytes/immunology	0.0050446579505036	0.0076916756411358	0.0993184031158714	0.583915496397244	1	2	[31043744]
b7-h1 antigen/antagonists &amp; inhibitors	cysteine/metabolism	0.0001074183449439	0.0003317499471113	0.074074074074074	0.491090027111315	1	0	[31043744]
cysteine/metabolism	fusion regulatory protein 1 heavy chain/metabolism	3.10419946414342e-08	1.77908664941026e-07	0.037037037037037	0.491090027111315	1	0	[31043744]
cysteine/metabolism	interferon-gamma/immunology	3.10419946414342e-08	1.77908664941026e-07	0.037037037037037	0.491090027111315	1	0	[31043744]
cysteine/metabolism	melanoma/genetics	3.10419946414342e-08	1.77908664941026e-07	0.037037037037037	0.491090027111315	1	0	[31043744]
cysteine/metabolism	nivolumab/therapeutic use	3.10419946414342e-08	1.77908664941026e-07	0.037037037037037	0.491090027111315	1	0	[31043744]
cd8-positive t-lymphocytes/cytology	fatty acids/metabolism	0.0001868757657405	0.0005524360047374	0.074074074074074	0.491090027111315	1	0	[33691090]
cytokines/metabolism	fatty acids/metabolism	1.13608141667498e-05	4.7336725694791e-05	0.074074074074074	0.491090027111315	1	0	[33691090]
fatty acids/metabolism	multiple myeloma/drug therapy	3.10419946414342e-08	1.77908664941026e-07	0.037037037037037	0.491090027111315	1	0	[33691090]
fatty acids/metabolism	tumor microenvironment	0.0003039350520657	0.0008666781229012	0.074074074074074	0.491090027111315	1	0	[33691090]
b7-h1 antigen/antagonists &amp; inhibitors	fusion regulatory protein 1 heavy chain/metabolism	0.0001074183449439	0.0003317499471113	0.074074074074074	0.491090027111315	1	0	[31043744]
fusion regulatory protein 1 heavy chain/metabolism	interferon-gamma/immunology	3.10419946414342e-08	1.77908664941026e-07	0.037037037037037	0.491090027111315	1	0	[31043744]
fusion regulatory protein 1 heavy chain/metabolism	melanoma/genetics	3.10419946414342e-08	1.77908664941026e-07	0.037037037037037	0.491090027111315	1	0	[31043744]
fusion regulatory protein 1 heavy chain/metabolism	nivolumab/therapeutic use	3.10419946414342e-08	1.77908664941026e-07	0.037037037037037	0.491090027111315	1	0	[31043744]
cell survival/drug effects	gene expression regulation neoplastic/drug effects	0.0035872302582571	0.0074200911190768	0.111111111111111	0.491090027111315	1	0	[31554642]
gene expression regulation neoplastic/drug effects	lipid metabolism/drug effects	9.44154754378701e-11	1.14562710782353e-09	0.037037037037037	0.491090027111315	1	0	[31554642]
gene expression regulation neoplastic/drug effects	sulfasalazine/administration &amp; dosage	9.44154754378701e-11	1.14562710782353e-09	0.037037037037037	0.491090027111315	1	0	[31554642]
b7-h1 antigen/antagonists &amp; inhibitors	interferon-gamma/immunology	0.0001074183449439	0.0003317499471113	0.074074074074074	0.491090027111315	1	0	[31043744]
interferon-gamma/immunology	melanoma/genetics	3.10419946414342e-08	1.77908664941026e-07	0.037037037037037	0.491090027111315	1	0	[31043744]
interferon-gamma/immunology	nivolumab/therapeutic use	3.10419946414342e-08	1.77908664941026e-07	0.037037037037037	0.491090027111315	1	0	[31043744]
cell survival/drug effects	lipid metabolism/drug effects	0.0035872302582571	0.0074200911190768	0.111111111111111	0.491090027111315	1	0	[31554642]
lipid metabolism/drug effects	sulfasalazine/administration &amp; dosage	9.44154754378701e-11	1.14562710782353e-09	0.037037037037037	0.491090027111315	1	0	[31554642]
b7-h1 antigen/antagonists &amp; inhibitors	melanoma/genetics	0.0001074183449439	0.0003317499471113	0.074074074074074	0.491090027111315	1	0	[31043744]
melanoma/genetics	nivolumab/therapeutic use	3.10419946414342e-08	1.77908664941026e-07	0.037037037037037	0.491090027111315	1	0	[31043744]
cd8-positive t-lymphocytes/cytology	multiple myeloma/drug therapy	0.0001868757657405	0.0005524360047374	0.074074074074074	0.491090027111315	1	0	[33691090]
cytokines/metabolism	multiple myeloma/drug therapy	1.13608141667498e-05	4.7336725694791e-05	0.074074074074074	0.491090027111315	1	0	[33691090]
multiple myeloma/drug therapy	tumor microenvironment	0.0003039350520657	0.0008666781229012	0.074074074074074	0.491090027111315	1	0	[33691090]
b7-h1 antigen/antagonists &amp; inhibitors	nivolumab/therapeutic use	0.0001074183449439	0.0003317499471113	0.074074074074074	0.491090027111315	1	0	[31043744]
cell survival/drug effects	sulfasalazine/administration &amp; dosage	0.0035872302582571	0.0074200911190768	0.111111111111111	0.491090027111315	1	0	[31554642]
interleukins/metabolism	tumor suppressor protein p53/metabolism	1.32765106688471e-05	2.99693706972053e-05	0.0441176470588235	0.5011717509037	1	1	[39321806]
cd36 antigens/metabolism	interleukins/metabolism	0.0043897008244344	0.0066485599764838	0.102941176470588	0.5011717509037	1	1	[39321806]
interleukins/metabolism	tumor escape/immunology	4.49973391880576e-13	2.34884144181216e-12	0.0147058823529411	0.5011717509037	1	1	[39321806]
interleukins/metabolism	liver neoplasms/immunology	4.49973391880576e-13	2.34884144181216e-12	0.0147058823529411	0.5011717509037	1	1	[39321806]
cellular reprogramming/immunology	interleukins/metabolism	4.49973391880576e-13	2.34884144181216e-12	0.0147058823529411	0.5011717509037	1	1	[39321806]
interleukins/metabolism	neoplastic stem cells/immunology	4.49973391880576e-13	2.34884144181216e-12	0.0147058823529411	0.5011717509037	1	1	[39321806]
tumor escape/immunology	tumor suppressor protein p53/metabolism	1.32765106688471e-05	2.99693706972053e-05	0.0441176470588235	0.5011717509037	1	1	[39321806]
cd36 antigens/metabolism	tumor escape/immunology	0.0043897008244344	0.0066485599764838	0.102941176470588	0.5011717509037	1	1	[39321806]
liver neoplasms/immunology	tumor escape/immunology	4.49973391880576e-13	2.34884144181216e-12	0.0147058823529411	0.5011717509037	1	1	[39321806]
cellular reprogramming/immunology	tumor escape/immunology	4.49973391880576e-13	2.34884144181216e-12	0.0147058823529411	0.5011717509037	1	1	[39321806]
neoplastic stem cells/immunology	tumor escape/immunology	4.49973391880576e-13	2.34884144181216e-12	0.0147058823529411	0.5011717509037	1	1	[39321806]
liver neoplasms/immunology	tumor suppressor protein p53/metabolism	1.32765106688471e-05	2.99693706972053e-05	0.0441176470588235	0.5011717509037	1	1	[39321806]
cd36 antigens/metabolism	liver neoplasms/immunology	0.0043897008244344	0.0066485599764838	0.102941176470588	0.5011717509037	1	1	[39321806]
cellular reprogramming/immunology	liver neoplasms/immunology	4.49973391880576e-13	2.34884144181216e-12	0.0147058823529411	0.5011717509037	1	1	[39321806]
liver neoplasms/immunology	neoplastic stem cells/immunology	4.49973391880576e-13	2.34884144181216e-12	0.0147058823529411	0.5011717509037	1	1	[39321806]
cellular reprogramming/immunology	tumor suppressor protein p53/metabolism	1.32765106688471e-05	2.99693706972053e-05	0.0441176470588235	0.5011717509037	1	1	[39321806]
cd36 antigens/metabolism	cellular reprogramming/immunology	0.0043897008244344	0.0066485599764838	0.102941176470588	0.5011717509037	1	1	[39321806]
cellular reprogramming/immunology	neoplastic stem cells/immunology	4.49973391880576e-13	2.34884144181216e-12	0.0147058823529411	0.5011717509037	1	1	[39321806]
neoplastic stem cells/immunology	tumor suppressor protein p53/metabolism	1.32765106688471e-05	2.99693706972053e-05	0.0441176470588235	0.5011717509037	1	1	[39321806]
cd36 antigens/metabolism	neoplastic stem cells/immunology	0.0043897008244344	0.0066485599764838	0.102941176470588	0.5011717509037	1	1	[39321806]
antineoplastic agents/chemistry	macrophages/cytology	3.98433250663466e-05	0.000130412689269	0.074074074074074	0.491090027111315	1	0	[31509699]
antineoplastic agents/chemistry	mitochondria/drug effects	0.0028851458065133	0.0060410995226632	0.074074074074074	0.491090027111315	1	0	[31509699]
antineoplastic agents/chemistry	apoptosis/drug effects	1.13608141667498e-05	4.7336725694791e-05	0.074074074074074	0.491090027111315	1	0	[31509699]
antineoplastic agents/chemistry	biological products/chemistry	3.10419946414342e-08	1.77908664941026e-07	0.037037037037037	0.491090027111315	1	0	[31509699]
antineoplastic agents/chemistry	dichloroacetic acid/chemistry	3.10419946414342e-08	1.77908664941026e-07	0.037037037037037	0.491090027111315	1	0	[31509699]
antineoplastic agents/chemistry	drug synergism	3.10419946414342e-08	1.77908664941026e-07	0.037037037037037	0.491090027111315	1	0	[31509699]
antineoplastic agents/chemistry	energy metabolism/drug effects	3.10419946414342e-08	1.77908664941026e-07	0.037037037037037	0.491090027111315	1	0	[31509699]
antineoplastic agents/chemistry	protein kinase inhibitors/chemistry	3.10419946414342e-08	1.77908664941026e-07	0.037037037037037	0.491090027111315	1	0	[31509699]
antineoplastic agents/chemistry	pyruvate dehydrogenase acetyl-transferring kinase/antagonists &amp; inhibitors	3.10419946414342e-08	1.77908664941026e-07	0.037037037037037	0.491090027111315	1	0	[31509699]
antineoplastic agents/chemistry	saponins/chemistry	3.10419946414342e-08	1.77908664941026e-07	0.037037037037037	0.491090027111315	1	0	[31509699]
apoptosis/drug effects	macrophages/cytology	0.0011893547260051	0.0026470673103721	0.145299145299145	0.491090027111315	1	0	[31509699]
apoptosis/drug effects	phenotype	0.0035478824308358	0.0054647911845691	0.0869183494293239	0.5011717509037	1	1	[30420335]
apoptosis/drug effects	cytokines/metabolism	0.0005241692955735	0.0012925943513292	0.145299145299145	0.491090027111315	1	0	[32134361,30420335]
apoptosis/drug effects	biological products/chemistry	1.13608141667498e-05	4.7336725694791e-05	0.074074074074074	0.491090027111315	1	0	[31509699]
apoptosis/drug effects	bone marrow/drug effects	4.98566787854315e-09	4.50418593388634e-08	0.074074074074074	0.491090027111315	1	0	[32134361]
apoptosis/drug effects	dichloroacetic acid/chemistry	1.13608141667498e-05	4.7336725694791e-05	0.074074074074074	0.491090027111315	1	0	[31509699]
apoptosis/drug effects	drug interactions	4.98566787854315e-09	4.50418593388634e-08	0.074074074074074	0.491090027111315	1	0	[32134361]
apoptosis/drug effects	drug synergism	1.13608141667498e-05	4.7336725694791e-05	0.074074074074074	0.491090027111315	1	0	[31509699]
apoptosis/drug effects	energy metabolism/drug effects	1.13608141667498e-05	4.7336725694791e-05	0.074074074074074	0.491090027111315	1	0	[31509699]
apoptosis/drug effects	ileum/drug effects	4.98566787854315e-09	4.50418593388634e-08	0.074074074074074	0.491090027111315	1	0	[32134361]
apoptosis/drug effects	necroptosis/drug effects	4.98566787854315e-09	4.50418593388634e-08	0.074074074074074	0.491090027111315	1	0	[32134361]
apoptosis/drug effects	protein kinase inhibitors/chemistry	1.13608141667498e-05	4.7336725694791e-05	0.074074074074074	0.491090027111315	1	0	[31509699]
apoptosis/drug effects	pyruvate dehydrogenase acetyl-transferring kinase/antagonists &amp; inhibitors	1.13608141667498e-05	4.7336725694791e-05	0.074074074074074	0.491090027111315	1	0	[31509699]
apoptosis/drug effects	radiation-protective agents/pharmacology	4.98566787854315e-09	4.50418593388634e-08	0.074074074074074	0.491090027111315	1	0	[32134361]
apoptosis/drug effects	saponins/chemistry	1.13608141667498e-05	4.7336725694791e-05	0.074074074074074	0.491090027111315	1	0	[31509699]
apoptosis/drug effects	small molecule libraries/pharmacology	4.98566787854315e-09	4.50418593388634e-08	0.074074074074074	0.491090027111315	1	0	[32134361]
apoptosis/drug effects	dose-response relationship drug	0.006161679439121	0.0092310959487462	0.111015566711769	0.583915496397244	1	2	[30420335]
biological products/chemistry	macrophages/cytology	3.98433250663466e-05	0.000130412689269	0.074074074074074	0.491090027111315	1	0	[31509699]
biological products/chemistry	mitochondria/drug effects	0.0028851458065133	0.0060410995226632	0.074074074074074	0.491090027111315	1	0	[31509699]
biological products/chemistry	dichloroacetic acid/chemistry	3.10419946414342e-08	1.77908664941026e-07	0.037037037037037	0.491090027111315	1	0	[31509699]
biological products/chemistry	drug synergism	3.10419946414342e-08	1.77908664941026e-07	0.037037037037037	0.491090027111315	1	0	[31509699]
biological products/chemistry	energy metabolism/drug effects	3.10419946414342e-08	1.77908664941026e-07	0.037037037037037	0.491090027111315	1	0	[31509699]
biological products/chemistry	protein kinase inhibitors/chemistry	3.10419946414342e-08	1.77908664941026e-07	0.037037037037037	0.491090027111315	1	0	[31509699]
biological products/chemistry	pyruvate dehydrogenase acetyl-transferring kinase/antagonists &amp; inhibitors	3.10419946414342e-08	1.77908664941026e-07	0.037037037037037	0.491090027111315	1	0	[31509699]
biological products/chemistry	saponins/chemistry	3.10419946414342e-08	1.77908664941026e-07	0.037037037037037	0.491090027111315	1	0	[31509699]
dichloroacetic acid/chemistry	macrophages/cytology	3.98433250663466e-05	0.000130412689269	0.074074074074074	0.491090027111315	1	0	[31509699]
dichloroacetic acid/chemistry	mitochondria/drug effects	0.0028851458065133	0.0060410995226632	0.074074074074074	0.491090027111315	1	0	[31509699]
dichloroacetic acid/chemistry	drug synergism	3.10419946414342e-08	1.77908664941026e-07	0.037037037037037	0.491090027111315	1	0	[31509699]
dichloroacetic acid/chemistry	energy metabolism/drug effects	3.10419946414342e-08	1.77908664941026e-07	0.037037037037037	0.491090027111315	1	0	[31509699]
dichloroacetic acid/chemistry	protein kinase inhibitors/chemistry	3.10419946414342e-08	1.77908664941026e-07	0.037037037037037	0.491090027111315	1	0	[31509699]
dichloroacetic acid/chemistry	pyruvate dehydrogenase acetyl-transferring kinase/antagonists &amp; inhibitors	3.10419946414342e-08	1.77908664941026e-07	0.037037037037037	0.491090027111315	1	0	[31509699]
dichloroacetic acid/chemistry	saponins/chemistry	3.10419946414342e-08	1.77908664941026e-07	0.037037037037037	0.491090027111315	1	0	[31509699]
drug synergism	macrophages/cytology	3.98433250663466e-05	0.000130412689269	0.074074074074074	0.491090027111315	1	0	[31509699]
drug synergism	mitochondria/drug effects	0.0028851458065133	0.0060410995226632	0.074074074074074	0.491090027111315	1	0	[31509699]
drug synergism	energy metabolism/drug effects	3.10419946414342e-08	1.77908664941026e-07	0.037037037037037	0.491090027111315	1	0	[31509699]
drug synergism	protein kinase inhibitors/chemistry	3.10419946414342e-08	1.77908664941026e-07	0.037037037037037	0.491090027111315	1	0	[31509699]
drug synergism	pyruvate dehydrogenase acetyl-transferring kinase/antagonists &amp; inhibitors	3.10419946414342e-08	1.77908664941026e-07	0.037037037037037	0.491090027111315	1	0	[31509699]
drug synergism	saponins/chemistry	3.10419946414342e-08	1.77908664941026e-07	0.037037037037037	0.491090027111315	1	0	[31509699]
energy metabolism/drug effects	macrophages/cytology	3.98433250663466e-05	0.000130412689269	0.074074074074074	0.491090027111315	1	0	[31509699]
energy metabolism/drug effects	mitochondria/drug effects	0.0028851458065133	0.0060410995226632	0.074074074074074	0.491090027111315	1	0	[31509699]
energy metabolism/drug effects	protein kinase inhibitors/chemistry	3.10419946414342e-08	1.77908664941026e-07	0.037037037037037	0.491090027111315	1	0	[31509699]
energy metabolism/drug effects	pyruvate dehydrogenase acetyl-transferring kinase/antagonists &amp; inhibitors	3.10419946414342e-08	1.77908664941026e-07	0.037037037037037	0.491090027111315	1	0	[31509699]
energy metabolism/drug effects	saponins/chemistry	3.10419946414342e-08	1.77908664941026e-07	0.037037037037037	0.491090027111315	1	0	[31509699]
adjuvants immunologic/chemistry	macrophages/cytology	3.26106776693535e-06	1.56574445763452e-05	0.074074074074074	0.491090027111315	1	0	[33236624]
dextrans/chemistry	macrophages/cytology	3.26106776693535e-06	1.56574445763452e-05	0.074074074074074	0.491090027111315	1	0	[33236624]
ferric compounds/chemistry	macrophages/cytology	5.13076182133698e-05	0.000107238757578	0.0869183494293239	0.5011717509037	1	1	[33236624]
gels/chemistry	macrophages/cytology	3.26106776693535e-06	1.56574445763452e-05	0.074074074074074	0.491090027111315	1	0	[33236624]
gold/chemistry	macrophages/cytology	3.26106776693535e-06	1.56574445763452e-05	0.074074074074074	0.491090027111315	1	0	[33236624]
macrophages/cytology	mitochondria/drug effects	0.0003667702795712	0.0006634635521673	0.0583845478489903	0.5011717509037	1	1	[31509699]
macrophages/cytology	protein kinase inhibitors/chemistry	3.98433250663466e-05	0.000130412689269	0.074074074074074	0.491090027111315	1	0	[31509699]
macrophages/cytology	pyruvate dehydrogenase acetyl-transferring kinase/antagonists &amp; inhibitors	3.98433250663466e-05	0.000130412689269	0.074074074074074	0.491090027111315	1	0	[31509699]
macrophages/cytology	saponins/chemistry	3.98433250663466e-05	0.000130412689269	0.074074074074074	0.491090027111315	1	0	[31509699]
macrophages/cytology	urinary bladder neoplasms/pathology	3.26106776693535e-06	1.56574445763452e-05	0.074074074074074	0.491090027111315	1	0	[33236624]
mitochondria/drug effects	protein kinase inhibitors/chemistry	0.0028851458065133	0.0060410995226632	0.074074074074074	0.491090027111315	1	0	[31509699]
protein kinase inhibitors/chemistry	pyruvate dehydrogenase acetyl-transferring kinase/antagonists &amp; inhibitors	3.10419946414342e-08	1.77908664941026e-07	0.037037037037037	0.491090027111315	1	0	[31509699]
protein kinase inhibitors/chemistry	saponins/chemistry	3.10419946414342e-08	1.77908664941026e-07	0.037037037037037	0.491090027111315	1	0	[31509699]
mitochondria/drug effects	pyruvate dehydrogenase acetyl-transferring kinase/antagonists &amp; inhibitors	0.0028851458065133	0.0060410995226632	0.074074074074074	0.491090027111315	1	0	[31509699]
pyruvate dehydrogenase acetyl-transferring kinase/antagonists &amp; inhibitors	saponins/chemistry	3.10419946414342e-08	1.77908664941026e-07	0.037037037037037	0.491090027111315	1	0	[31509699]
mitochondria/drug effects	saponins/chemistry	0.0028851458065133	0.0060410995226632	0.074074074074074	0.491090027111315	1	0	[31509699]
actins/metabolism	collagen type i/metabolism	5.72955623634464e-06	2.46890239010393e-05	0.037037037037037	0.491090027111315	1	0	[34811833]
actins/metabolism	hepatic stellate cells/drug effects	5.72955623634464e-06	2.46890239010393e-05	0.037037037037037	0.491090027111315	1	0	[34811833]
actins/metabolism	hepatocytes/drug effects	5.72955623634464e-06	2.46890239010393e-05	0.037037037037037	0.491090027111315	1	0	[34811833]
actins/metabolism	hypoxia-inducible factor 1 alpha subunit/metabolism	5.72955623634464e-06	2.46890239010393e-05	0.037037037037037	0.491090027111315	1	0	[34811833]
actins/metabolism	liver cirrhosis/drug therapy	5.72955623634464e-06	2.46890239010393e-05	0.037037037037037	0.491090027111315	1	0	[34811833]
actins/metabolism	sorafenib/pharmacology	5.72955623634464e-06	2.46890239010393e-05	0.037037037037037	0.491090027111315	1	0	[34811833]
collagen type i/metabolism	hepatic stellate cells/drug effects	5.72955623634464e-06	2.46890239010393e-05	0.037037037037037	0.491090027111315	1	0	[34811833]
collagen type i/metabolism	hepatocytes/drug effects	5.72955623634464e-06	2.46890239010393e-05	0.037037037037037	0.491090027111315	1	0	[34811833]
collagen type i/metabolism	hypoxia-inducible factor 1 alpha subunit/metabolism	5.72955623634464e-06	2.46890239010393e-05	0.037037037037037	0.491090027111315	1	0	[34811833]
collagen type i/metabolism	liver cirrhosis/drug therapy	5.72955623634464e-06	2.46890239010393e-05	0.037037037037037	0.491090027111315	1	0	[34811833]
collagen type i/metabolism	sorafenib/pharmacology	5.72955623634464e-06	2.46890239010393e-05	0.037037037037037	0.491090027111315	1	0	[34811833]
hepatic stellate cells/drug effects	hepatocytes/drug effects	5.72955623634464e-06	2.46890239010393e-05	0.037037037037037	0.491090027111315	1	0	[34811833]
hepatic stellate cells/drug effects	hypoxia-inducible factor 1 alpha subunit/metabolism	5.72955623634464e-06	2.46890239010393e-05	0.037037037037037	0.491090027111315	1	0	[34811833]
hepatic stellate cells/drug effects	liver cirrhosis/drug therapy	5.72955623634464e-06	2.46890239010393e-05	0.037037037037037	0.491090027111315	1	0	[34811833]
hepatic stellate cells/drug effects	sorafenib/pharmacology	5.72955623634464e-06	2.46890239010393e-05	0.037037037037037	0.491090027111315	1	0	[34811833]
hepatocytes/drug effects	hypoxia-inducible factor 1 alpha subunit/metabolism	5.72955623634464e-06	2.46890239010393e-05	0.037037037037037	0.491090027111315	1	0	[34811833]
hepatocytes/drug effects	liver cirrhosis/drug therapy	5.72955623634464e-06	2.46890239010393e-05	0.037037037037037	0.491090027111315	1	0	[34811833]
hepatocytes/drug effects	sorafenib/pharmacology	5.72955623634464e-06	2.46890239010393e-05	0.037037037037037	0.491090027111315	1	0	[34811833]
hypoxia-inducible factor 1 alpha subunit/metabolism	liver cirrhosis/drug therapy	5.72955623634464e-06	2.46890239010393e-05	0.037037037037037	0.491090027111315	1	0	[34811833]
hypoxia-inducible factor 1 alpha subunit/metabolism	sorafenib/pharmacology	5.72955623634464e-06	2.46890239010393e-05	0.037037037037037	0.491090027111315	1	0	[34811833]
liver cirrhosis/drug therapy	sorafenib/pharmacology	5.72955623634464e-06	2.46890239010393e-05	0.037037037037037	0.491090027111315	1	0	[34811833]
aniline compounds/pharmacology	b7-h1 antigen/antagonists &amp; inhibitors	0.0001074183449439	0.0003317499471113	0.074074074074074	0.491090027111315	1	0	[34593794]
b7-h1 antigen/antagonists &amp; inhibitors	benzylidene compounds/pharmacology	0.0001074183449439	0.0003317499471113	0.074074074074074	0.491090027111315	1	0	[34593794]
b7-h1 antigen/antagonists &amp; inhibitors	cell line tumor/transplantation	1.94148241021708e-05	4.27746831663873e-05	0.0583845478489903	0.5011717509037	1	1	[34593794]
b7-h1 antigen/antagonists &amp; inhibitors	drug resistance neoplasm/drug effects	0.0001074183449439	0.0003317499471113	0.074074074074074	0.491090027111315	1	0	[34593794]
b7-h1 antigen/antagonists &amp; inhibitors	exosomes/drug effects	0.0001074183449439	0.0003317499471113	0.074074074074074	0.491090027111315	1	0	[34593794]
b7-h1 antigen/antagonists &amp; inhibitors	hyaluronic acid/chemistry	0.0001074183449439	0.0003317499471113	0.074074074074074	0.491090027111315	1	0	[34593794]
b7-h1 antigen/antagonists &amp; inhibitors	immune checkpoint inhibitors/pharmacology	0.0001074183449439	0.0003317499471113	0.074074074074074	0.491090027111315	1	0	[34593794]
b7-h1 antigen/antagonists &amp; inhibitors	immunologic memory	0.0001074183449439	0.0003317499471113	0.074074074074074	0.491090027111315	1	0	[34593794]
b7-h1 antigen/antagonists &amp; inhibitors	skin neoplasms/drug therapy	0.0001074183449439	0.0003317499471113	0.074074074074074	0.491090027111315	1	0	[34593794]
b7-h1 antigen/antagonists &amp; inhibitors	t-lymphocytes cytotoxic/drug effects	0.0001074183449439	0.0003317499471113	0.074074074074074	0.491090027111315	1	0	[34593794]
b7-h1 antigen/antagonists &amp; inhibitors	tumor escape/drug effects	0.0001074183449439	0.0003317499471113	0.074074074074074	0.491090027111315	1	0	[34593794]
nf-kappa b/metabolism	tumor microenvironment/physiology	0.0001348106896625	0.0002669028212187	0.0869183494293239	0.5011717509037	1	1	[32353824]
diet high-fat	tumor microenvironment/physiology	0.0015588727606166	0.0025467155403098	0.1284220608189	0.5011717509037	1	1	[32353824]
rna messenger/metabolism	toll-like receptor 4/metabolism	0.0012772609311888	0.0021328352967918	0.0869183494293239	0.5011717509037	1	1	[31257391]
protease inhibitors/pharmacology	rna messenger/metabolism	1.25016555996282e-08	4.41593719480215e-08	0.0294117647058823	0.5011717509037	1	1	[31257391]
carcinoma hepatocellular/drug therapy	rna messenger/metabolism	1.25016555996282e-08	4.41593719480215e-08	0.0294117647058823	0.5011717509037	1	1	[31257391]
plant extracts/pharmacology	rna messenger/metabolism	1.25016555996282e-08	4.41593719480215e-08	0.0294117647058823	0.5011717509037	1	1	[31257391]
gastrointestinal tract	rna messenger/metabolism	1.25016555996282e-08	4.41593719480215e-08	0.0294117647058823	0.5011717509037	1	1	[31257391]
digestion	rna messenger/metabolism	1.25016555996282e-08	4.41593719480215e-08	0.0294117647058823	0.5011717509037	1	1	[31257391]
rna messenger/metabolism	stem cell factor/metabolism	1.25016555996282e-08	4.41593719480215e-08	0.0294117647058823	0.5011717509037	1	1	[31257391]
macrophages/immunology	rna messenger/metabolism	0.0020244530166931	0.0032641743016063	0.115013169446883	0.5011717509037	1	1	[31257391]
anti-inflammatory agents/pharmacology	calgranulin a/metabolism	8.3473228329467e-12	3.63900624961855e-11	0.0147058823529411	0.5011717509037	1	1	[30755716]
anti-inflammatory agents/pharmacology	colon/metabolism	8.3473228329467e-12	3.63900624961855e-11	0.0147058823529411	0.5011717509037	1	1	[30755716]
anti-inflammatory agents/pharmacology	glycyrrhizic acid/pharmacology	8.3473228329467e-12	3.63900624961855e-11	0.0147058823529411	0.5011717509037	1	1	[30755716]
anti-inflammatory agents/pharmacology	phenotype	4.12690011752925e-06	9.71665346331543e-06	0.0294117647058823	0.5011717509037	1	1	[30755716]
anti-inflammatory agents/pharmacology	nf-kappa b/metabolism	4.82685926783688e-08	1.45353362910029e-07	0.0294117647058823	0.5011717509037	1	1	[30755716]
anti-inflammatory agents/pharmacology	diet high-fat	5.48811132727867e-06	1.28792710814035e-05	0.0441176470588235	0.5011717509037	1	1	[30755716]
calgranulin a/metabolism	colon/metabolism	8.3473228329467e-12	3.63900624961855e-11	0.0147058823529411	0.5011717509037	1	1	[30755716]
calgranulin a/metabolism	glycyrrhizic acid/pharmacology	8.3473228329467e-12	3.63900624961855e-11	0.0147058823529411	0.5011717509037	1	1	[30755716]
calgranulin a/metabolism	phenotype	4.12690011752925e-06	9.71665346331543e-06	0.0294117647058823	0.5011717509037	1	1	[30755716]
calgranulin a/metabolism	nf-kappa b/metabolism	4.82685926783688e-08	1.45353362910029e-07	0.0294117647058823	0.5011717509037	1	1	[30755716]
calgranulin a/metabolism	diet high-fat	5.48811132727867e-06	1.28792710814035e-05	0.0441176470588235	0.5011717509037	1	1	[30755716]
colon/metabolism	glycyrrhizic acid/pharmacology	8.3473228329467e-12	3.63900624961855e-11	0.0147058823529411	0.5011717509037	1	1	[30755716]
colon/metabolism	phenotype	4.12690011752925e-06	9.71665346331543e-06	0.0294117647058823	0.5011717509037	1	1	[30755716]
colon/metabolism	nf-kappa b/metabolism	4.82685926783688e-08	1.45353362910029e-07	0.0294117647058823	0.5011717509037	1	1	[30755716]
colon/metabolism	diet high-fat	5.48811132727867e-06	1.28792710814035e-05	0.0441176470588235	0.5011717509037	1	1	[30755716]
glycyrrhizic acid/pharmacology	phenotype	4.12690011752925e-06	9.71665346331543e-06	0.0294117647058823	0.5011717509037	1	1	[30755716]
glycyrrhizic acid/pharmacology	nf-kappa b/metabolism	4.82685926783688e-08	1.45353362910029e-07	0.0294117647058823	0.5011717509037	1	1	[30755716]
diet high-fat	glycyrrhizic acid/pharmacology	5.48811132727867e-06	1.28792710814035e-05	0.0441176470588235	0.5011717509037	1	1	[30755716]
asparaginase	tumor suppressor protein p53/metabolism	0.0001430031506204	0.0004284185297513	0.074074074074074	0.491090027111315	1	0	[35778693]
asparaginase	cisplatin	3.10419946414342e-08	1.77908664941026e-07	0.037037037037037	0.491090027111315	1	0	[35778693]
asparaginase	diterpenes/pharmacology	3.10419946414342e-08	1.77908664941026e-07	0.037037037037037	0.491090027111315	1	0	[35778693]
asparaginase	killer cells natural/metabolism	3.10419946414342e-08	1.77908664941026e-07	0.037037037037037	0.491090027111315	1	0	[35778693]
asparaginase	lymphoma t-cell	3.10419946414342e-08	1.77908664941026e-07	0.037037037037037	0.491090027111315	1	0	[35778693]
cisplatin	tumor suppressor protein p53/metabolism	0.0001430031506204	0.0004284185297513	0.074074074074074	0.491090027111315	1	0	[35778693]
cisplatin	diterpenes/pharmacology	3.10419946414342e-08	1.77908664941026e-07	0.037037037037037	0.491090027111315	1	0	[35778693]
cisplatin	killer cells natural/metabolism	3.10419946414342e-08	1.77908664941026e-07	0.037037037037037	0.491090027111315	1	0	[35778693]
cisplatin	lymphoma t-cell	3.10419946414342e-08	1.77908664941026e-07	0.037037037037037	0.491090027111315	1	0	[35778693]
diterpenes/pharmacology	tumor suppressor protein p53/metabolism	0.0001430031506204	0.0004284185297513	0.074074074074074	0.491090027111315	1	0	[35778693]
diterpenes/pharmacology	killer cells natural/metabolism	3.10419946414342e-08	1.77908664941026e-07	0.037037037037037	0.491090027111315	1	0	[35778693]
diterpenes/pharmacology	lymphoma t-cell	3.10419946414342e-08	1.77908664941026e-07	0.037037037037037	0.491090027111315	1	0	[35778693]
killer cells natural/metabolism	tumor suppressor protein p53/metabolism	0.0001430031506204	0.0004284185297513	0.074074074074074	0.491090027111315	1	0	[35778693]
killer cells natural/metabolism	lymphoma t-cell	3.10419946414342e-08	1.77908664941026e-07	0.037037037037037	0.491090027111315	1	0	[35778693]
lymphoma t-cell	tumor suppressor protein p53/metabolism	0.0001430031506204	0.0004284185297513	0.074074074074074	0.491090027111315	1	0	[35778693]
adaptor proteins vesicular transport/genetics	cyclohexylamines/pharmacology	0.0006867567885109	0.001610019956897	0.074074074074074	0.491090027111315	1	0	[30830879]
adaptor proteins vesicular transport/genetics	inflammation/drug therapy	3.10419946414342e-08	1.77908664941026e-07	0.037037037037037	0.491090027111315	1	0	[30830879]
adaptor proteins vesicular transport/genetics	myocardial reperfusion injury/drug therapy	3.10419946414342e-08	1.77908664941026e-07	0.037037037037037	0.491090027111315	1	0	[30830879]
adaptor proteins vesicular transport/genetics	myocardium/immunology	3.10419946414342e-08	1.77908664941026e-07	0.037037037037037	0.491090027111315	1	0	[30830879]
adaptor proteins vesicular transport/genetics	neutrophil infiltration	3.10419946414342e-08	1.77908664941026e-07	0.037037037037037	0.491090027111315	1	0	[30830879]
adaptor proteins vesicular transport/genetics	neutrophils/immunology	3.10419946414342e-08	1.77908664941026e-07	0.037037037037037	0.491090027111315	1	0	[30830879]
adaptor proteins vesicular transport/genetics	phenylenediamines/pharmacology	0.0006867567885109	0.001610019956897	0.074074074074074	0.491090027111315	1	0	[30830879]
adaptor proteins vesicular transport/genetics	toll-like receptor 4/genetics	3.10419946414342e-08	1.77908664941026e-07	0.037037037037037	0.491090027111315	1	0	[30830879]
adaptor proteins vesicular transport/genetics	ventricular function left/drug effects	3.10419946414342e-08	1.77908664941026e-07	0.037037037037037	0.491090027111315	1	0	[30830879]
cyclohexylamines/pharmacology	inflammation/drug therapy	0.0006867567885109	0.001610019956897	0.074074074074074	0.491090027111315	1	0	[30830879]
cyclohexylamines/pharmacology	myocardial reperfusion injury/drug therapy	0.0006867567885109	0.001610019956897	0.074074074074074	0.491090027111315	1	0	[30830879]
cyclohexylamines/pharmacology	myocardium/immunology	0.0006867567885109	0.001610019956897	0.074074074074074	0.491090027111315	1	0	[30830879]
cyclohexylamines/pharmacology	neutrophil infiltration	0.0006867567885109	0.001610019956897	0.074074074074074	0.491090027111315	1	0	[30830879]
cyclohexylamines/pharmacology	neutrophils/immunology	0.0006867567885109	0.001610019956897	0.074074074074074	0.491090027111315	1	0	[30830879]
cyclohexylamines/pharmacology	phenylenediamines/pharmacology	5.02924301564178e-05	0.000164058546067	0.0028490028490028	0.178864212567384	2	0	[35197507,30830879]
cyclohexylamines/pharmacology	toll-like receptor 4/genetics	0.0006867567885109	0.001610019956897	0.074074074074074	0.491090027111315	1	0	[30830879]
cyclohexylamines/pharmacology	ventricular function left/drug effects	0.0006867567885109	0.001610019956897	0.074074074074074	0.491090027111315	1	0	[30830879]
inflammation/drug therapy	myocardial reperfusion injury/drug therapy	3.10419946414342e-08	1.77908664941026e-07	0.037037037037037	0.491090027111315	1	0	[30830879]
inflammation/drug therapy	myocardium/immunology	3.10419946414342e-08	1.77908664941026e-07	0.037037037037037	0.491090027111315	1	0	[30830879]
inflammation/drug therapy	neutrophil infiltration	3.10419946414342e-08	1.77908664941026e-07	0.037037037037037	0.491090027111315	1	0	[30830879]
inflammation/drug therapy	neutrophils/immunology	3.10419946414342e-08	1.77908664941026e-07	0.037037037037037	0.491090027111315	1	0	[30830879]
inflammation/drug therapy	phenylenediamines/pharmacology	0.0006867567885109	0.001610019956897	0.074074074074074	0.491090027111315	1	0	[30830879]
inflammation/drug therapy	toll-like receptor 4/genetics	3.10419946414342e-08	1.77908664941026e-07	0.037037037037037	0.491090027111315	1	0	[30830879]
inflammation/drug therapy	ventricular function left/drug effects	3.10419946414342e-08	1.77908664941026e-07	0.037037037037037	0.491090027111315	1	0	[30830879]
myocardial reperfusion injury/drug therapy	myocardium/immunology	3.10419946414342e-08	1.77908664941026e-07	0.037037037037037	0.491090027111315	1	0	[30830879]
myocardial reperfusion injury/drug therapy	neutrophil infiltration	3.10419946414342e-08	1.77908664941026e-07	0.037037037037037	0.491090027111315	1	0	[30830879]
myocardial reperfusion injury/drug therapy	neutrophils/immunology	3.10419946414342e-08	1.77908664941026e-07	0.037037037037037	0.491090027111315	1	0	[30830879]
myocardial reperfusion injury/drug therapy	phenylenediamines/pharmacology	0.0006867567885109	0.001610019956897	0.074074074074074	0.491090027111315	1	0	[30830879]
myocardial reperfusion injury/drug therapy	toll-like receptor 4/genetics	3.10419946414342e-08	1.77908664941026e-07	0.037037037037037	0.491090027111315	1	0	[30830879]
myocardial reperfusion injury/drug therapy	ventricular function left/drug effects	3.10419946414342e-08	1.77908664941026e-07	0.037037037037037	0.491090027111315	1	0	[30830879]
myocardium/immunology	neutrophil infiltration	3.10419946414342e-08	1.77908664941026e-07	0.037037037037037	0.491090027111315	1	0	[30830879]
myocardium/immunology	neutrophils/immunology	3.10419946414342e-08	1.77908664941026e-07	0.037037037037037	0.491090027111315	1	0	[30830879]
myocardium/immunology	phenylenediamines/pharmacology	0.0006867567885109	0.001610019956897	0.074074074074074	0.491090027111315	1	0	[30830879]
myocardium/immunology	toll-like receptor 4/genetics	3.10419946414342e-08	1.77908664941026e-07	0.037037037037037	0.491090027111315	1	0	[30830879]
myocardium/immunology	ventricular function left/drug effects	3.10419946414342e-08	1.77908664941026e-07	0.037037037037037	0.491090027111315	1	0	[30830879]
neutrophil infiltration	neutrophils/immunology	3.10419946414342e-08	1.77908664941026e-07	0.037037037037037	0.491090027111315	1	0	[30830879]
neutrophil infiltration	phenylenediamines/pharmacology	0.0006867567885109	0.001610019956897	0.074074074074074	0.491090027111315	1	0	[30830879]
neutrophil infiltration	toll-like receptor 4/genetics	3.10419946414342e-08	1.77908664941026e-07	0.037037037037037	0.491090027111315	1	0	[30830879]
neutrophil infiltration	ventricular function left/drug effects	3.10419946414342e-08	1.77908664941026e-07	0.037037037037037	0.491090027111315	1	0	[30830879]
neutrophils/immunology	phenylenediamines/pharmacology	0.0006867567885109	0.001610019956897	0.074074074074074	0.491090027111315	1	0	[30830879]
neutrophils/immunology	toll-like receptor 4/genetics	3.10419946414342e-08	1.77908664941026e-07	0.037037037037037	0.491090027111315	1	0	[30830879]
neutrophils/immunology	ventricular function left/drug effects	3.10419946414342e-08	1.77908664941026e-07	0.037037037037037	0.491090027111315	1	0	[30830879]
phenylenediamines/pharmacology	toll-like receptor 4/genetics	0.0006867567885109	0.001610019956897	0.074074074074074	0.491090027111315	1	0	[30830879]
phenylenediamines/pharmacology	ventricular function left/drug effects	0.0006867567885109	0.001610019956897	0.074074074074074	0.491090027111315	1	0	[30830879]
toll-like receptor 4/genetics	ventricular function left/drug effects	3.10419946414342e-08	1.77908664941026e-07	0.037037037037037	0.491090027111315	1	0	[30830879]
cd36 antigens/metabolism	toll-like receptor 4/metabolism	0.0015713298753543	0.0025664815899418	0.0262590789368664	0.186828306325089	2	1	[39166450,31257391]
cd36 antigens/metabolism	endometrial neoplasms/immunology	0.0001602058550113	0.0003067580451151	0.102941176470588	0.5011717509037	1	1	[39166450]
cd36 antigens/metabolism	heme/metabolism	0.0001602058550113	0.0003067580451151	0.102941176470588	0.5011717509037	1	1	[39166450]
cd36 antigens/metabolism	interferon type i/metabolism	3.92074621036187e-06	9.34485802782292e-06	0.0092186128182616	0.186828306325089	2	1	[39166450,39546763]
cd36 antigens/metabolism	phagocytosis	0.0001602058550113	0.0003067580451151	0.102941176470588	0.5011717509037	1	1	[39166450]
cd36 antigens/metabolism	protease inhibitors/pharmacology	0.0032476334078848	0.0050239129363933	0.102941176470588	0.5011717509037	1	1	[31257391]
carcinoma hepatocellular/drug therapy	cd36 antigens/metabolism	0.0032476334078848	0.0050239129363933	0.102941176470588	0.5011717509037	1	1	[31257391]
cd36 antigens/metabolism	stem cell factor/metabolism	0.0032476334078848	0.0050239129363933	0.102941176470588	0.5011717509037	1	1	[31257391]
cd36 antigens/metabolism	plant extracts/pharmacology	0.0032476334078848	0.0050239129363933	0.102941176470588	0.5011717509037	1	1	[31257391]
cd36 antigens/metabolism	digestion	0.0032476334078848	0.0050239129363933	0.102941176470588	0.5011717509037	1	1	[31257391]
cd36 antigens/metabolism	gastrointestinal tract	0.0032476334078848	0.0050239129363933	0.102941176470588	0.5011717509037	1	1	[31257391]
cd36 antigens/metabolism	macrophages/immunology	3.66746763835746e-06	8.75282736067529e-06	0.002664587388029	0.054769758680606	3	1	[39166450,39178310,31257391]
endometrial neoplasms/immunology	toll-like receptor 4/metabolism	2.20399190009601e-08	7.5723921131295e-08	0.0441176470588235	0.5011717509037	1	1	[39166450]
endometrial neoplasms/immunology	heme/metabolism	0	0	0.0147058823529411	0.5011717509037	1	1	[39166450]
endometrial neoplasms/immunology	interferon type i/metabolism	6.66133814775094e-15	4.89659594922369e-14	0.0294117647058823	0.5011717509037	1	1	[39166450]
endometrial neoplasms/immunology	phagocytosis	0	0	0.0147058823529411	0.5011717509037	1	1	[39166450]
endometrial neoplasms/immunology	macrophages/immunology	7.82396636367366e-08	2.34522655493305e-07	0.0588235294117647	0.5011717509037	1	1	[39166450]
heme/metabolism	toll-like receptor 4/metabolism	2.20399190009601e-08	7.5723921131295e-08	0.0441176470588235	0.5011717509037	1	1	[39166450]
heme/metabolism	interferon type i/metabolism	6.66133814775094e-15	4.89659594922369e-14	0.0294117647058823	0.5011717509037	1	1	[39166450]
heme/metabolism	phagocytosis	0	0	0.0147058823529411	0.5011717509037	1	1	[39166450]
heme/metabolism	macrophages/immunology	7.82396636367366e-08	2.34522655493305e-07	0.0588235294117647	0.5011717509037	1	1	[39166450]
interferon type i/metabolism	toll-like receptor 4/metabolism	0.000493914442929	0.0008838663701553	0.0869183494293239	0.5011717509037	1	1	[39166450]
interferon type i/metabolism	phagocytosis	6.66133814775094e-15	4.89659594922369e-14	0.0294117647058823	0.5011717509037	1	1	[39166450]
interferon type i/metabolism	macrophages/immunology	0.0008380115353332	0.0014563600081797	0.115013169446883	0.5011717509037	1	1	[39166450]
phagocytosis	toll-like receptor 4/metabolism	2.20399190009601e-08	7.5723921131295e-08	0.0441176470588235	0.5011717509037	1	1	[39166450]
macrophages/immunology	phagocytosis	7.82396636367366e-08	2.34522655493305e-07	0.0588235294117647	0.5011717509037	1	1	[39166450]
bacterial toxins/metabolism	toll-like receptor 4/metabolism	0.0005241692955735	0.0012925943513292	0.037037037037037	0.491090027111315	1	0	[35197507]
endothelial cells/metabolism	toll-like receptor 4/metabolism	0.0005241692955735	0.0012925943513292	0.037037037037037	0.491090027111315	1	0	[35197507]
heart ventricles/diagnostic imaging	toll-like receptor 4/metabolism	0.0005241692955735	0.0012925943513292	0.037037037037037	0.491090027111315	1	0	[35197507]
hemodynamics/drug effects	toll-like receptor 4/metabolism	0.0005241692955735	0.0012925943513292	0.037037037037037	0.491090027111315	1	0	[35197507]
hmgb1 protein/metabolism	toll-like receptor 4/metabolism	0.0005241692955735	0.0012925943513292	0.037037037037037	0.491090027111315	1	0	[35197507]
hypertension pulmonary/chemically induced	toll-like receptor 4/metabolism	0.0005241692955735	0.0012925943513292	0.037037037037037	0.491090027111315	1	0	[35197507]
inflammasomes/metabolism	toll-like receptor 4/metabolism	0.0005241692955735	0.0012925943513292	0.037037037037037	0.491090027111315	1	0	[35197507]
inflammation/metabolism	toll-like receptor 4/metabolism	0.0005241692955735	0.0012925943513292	0.037037037037037	0.491090027111315	1	0	[35197507]
lung/blood supply	toll-like receptor 4/metabolism	0.0005241692955735	0.0012925943513292	0.037037037037037	0.491090027111315	1	0	[35197507]
macrophages/metabolism	toll-like receptor 4/metabolism	0.0005241692955735	0.0012925943513292	0.037037037037037	0.491090027111315	1	0	[35197507]
monocrotaline/toxicity	toll-like receptor 4/metabolism	0.0005241692955735	0.0012925943513292	0.037037037037037	0.491090027111315	1	0	[35197507]
nlr family pyrin domain-containing 3 protein/metabolism	toll-like receptor 4/metabolism	0.0005241692955735	0.0012925943513292	0.037037037037037	0.491090027111315	1	0	[35197507]
gastrointestinal tract	toll-like receptor 4/metabolism	1.10090458721457e-05	2.50005804073727e-05	0.0441176470588235	0.5011717509037	1	1	[31257391]
protease inhibitors/pharmacology	toll-like receptor 4/metabolism	1.10090458721457e-05	2.50005804073727e-05	0.0441176470588235	0.5011717509037	1	1	[31257391]
carcinoma hepatocellular/drug therapy	toll-like receptor 4/metabolism	1.10090458721457e-05	2.50005804073727e-05	0.0441176470588235	0.5011717509037	1	1	[31257391]
stem cell factor/metabolism	toll-like receptor 4/metabolism	1.10090458721457e-05	2.50005804073727e-05	0.0441176470588235	0.5011717509037	1	1	[31257391]
macrophages/immunology	toll-like receptor 4/metabolism	2.65163990609274e-06	6.40522521299854e-06	0.0077420384707478	0.186828306325089	2	1	[39166450,31257391]
plant extracts/pharmacology	toll-like receptor 4/metabolism	1.10090458721457e-05	2.50005804073727e-05	0.0441176470588235	0.5011717509037	1	1	[31257391]
digestion	toll-like receptor 4/metabolism	1.10090458721457e-05	2.50005804073727e-05	0.0441176470588235	0.5011717509037	1	1	[31257391]
macrophages/immunology	tumor microenvironment/drug effects	0.0063255028466381	0.009413699540273	0.0618608573305442	0.260219474110676	2	2	[32344015,31257391]
macrophages/immunology	protease inhibitors/pharmacology	2.46434712076748e-05	5.33755690980374e-05	0.0588235294117647	0.5011717509037	1	1	[31257391]
carcinoma hepatocellular/drug therapy	macrophages/immunology	2.46434712076748e-05	5.33755690980374e-05	0.0588235294117647	0.5011717509037	1	1	[31257391]
macrophages/immunology	stem cell factor/metabolism	2.46434712076748e-05	5.33755690980374e-05	0.0588235294117647	0.5011717509037	1	1	[31257391]
macrophages/immunology	plant extracts/pharmacology	2.46434712076748e-05	5.33755690980374e-05	0.0588235294117647	0.5011717509037	1	1	[31257391]
digestion	macrophages/immunology	2.46434712076748e-05	5.33755690980374e-05	0.0588235294117647	0.5011717509037	1	1	[31257391]
gastrointestinal tract	macrophages/immunology	2.46434712076748e-05	5.33755690980374e-05	0.0588235294117647	0.5011717509037	1	1	[31257391]
adjuvants immunologic/chemistry	dextrans/chemistry	1.51878509768721e-12	3.21494655714812e-11	0.037037037037037	0.491090027111315	1	0	[33236624]
adjuvants immunologic/chemistry	ferric compounds/chemistry	0.0001168032959434	0.0003588236845719	0.111111111111111	0.491090027111315	1	0	[33236624]
adjuvants immunologic/chemistry	gels/chemistry	1.51878509768721e-12	3.21494655714812e-11	0.037037037037037	0.491090027111315	1	0	[33236624]
adjuvants immunologic/chemistry	gold/chemistry	1.51878509768721e-12	3.21494655714812e-11	0.037037037037037	0.491090027111315	1	0	[33236624]
adjuvants immunologic/chemistry	urinary bladder neoplasms/pathology	1.51878509768721e-12	3.21494655714812e-11	0.037037037037037	0.491090027111315	1	0	[33236624]
dextrans/chemistry	ferric compounds/chemistry	0.0001168032959434	0.0003588236845719	0.111111111111111	0.491090027111315	1	0	[33236624]
dextrans/chemistry	gels/chemistry	1.51878509768721e-12	3.21494655714812e-11	0.037037037037037	0.491090027111315	1	0	[33236624]
dextrans/chemistry	gold/chemistry	1.51878509768721e-12	3.21494655714812e-11	0.037037037037037	0.491090027111315	1	0	[33236624]
dextrans/chemistry	urinary bladder neoplasms/pathology	1.51878509768721e-12	3.21494655714812e-11	0.037037037037037	0.491090027111315	1	0	[33236624]
aniline compounds/chemistry	ferric compounds/chemistry	0.0015625643362536	0.0033615998331867	0.111111111111111	0.491090027111315	1	0	[34985903]
ascorbic acid/pharmacology	ferric compounds/chemistry	1.90229000622821e-05	6.33368658790105e-05	0.111111111111111	0.491090027111315	1	0	[32686685]
b7-h1 antigen/metabolism	ferric compounds/chemistry	0.0015625643362536	0.0033615998331867	0.111111111111111	0.491090027111315	1	0	[34985903]
benzylidene compounds/chemistry	ferric compounds/chemistry	0.0015625643362536	0.0033615998331867	0.111111111111111	0.491090027111315	1	0	[34985903]
calreticulin/metabolism	ferric compounds/chemistry	1.90229000622821e-05	6.33368658790105e-05	0.111111111111111	0.491090027111315	1	0	[32686685]
cd8-positive t-lymphocytes/cytology	ferric compounds/chemistry	0.0002311983189888	0.000429163002381	0.0869183494293239	0.5011717509037	1	1	[34985903]
exosomes/metabolism	ferric compounds/chemistry	0.0015625643362536	0.0033615998331867	0.111111111111111	0.491090027111315	1	0	[34985903]
ferric compounds/chemistry	gels/chemistry	0.0001168032959434	0.0003588236845719	0.111111111111111	0.491090027111315	1	0	[33236624]
ferric compounds/chemistry	gold/chemistry	0.0001168032959434	0.0003588236845719	0.111111111111111	0.491090027111315	1	0	[33236624]
ferric compounds/chemistry	immunogenic cell death/drug effects	0.0015625643362536	0.0033615998331867	0.111111111111111	0.491090027111315	1	0	[34985903]
ferric compounds/chemistry	interferon-gamma/metabolism	0.0015625643362536	0.0033615998331867	0.111111111111111	0.491090027111315	1	0	[34985903]
ferric compounds/chemistry	metal-organic frameworks/chemistry	0.0015625643362536	0.0033615998331867	0.111111111111111	0.491090027111315	1	0	[34985903]
ferric compounds/chemistry	neoplasms/diagnostic imaging	1.90229000622821e-05	6.33368658790105e-05	0.111111111111111	0.491090027111315	1	0	[32686685]
ferric compounds/chemistry	phenol/chemistry	0.0015625643362536	0.0033615998331867	0.111111111111111	0.491090027111315	1	0	[34985903]
ferric compounds/chemistry	programmed cell death 1 receptor/metabolism	0.0015625643362536	0.0033615998331867	0.111111111111111	0.491090027111315	1	0	[34985903]
ferric compounds/chemistry	t-lymphocytes cytotoxic/metabolism	1.90229000622821e-05	6.33368658790105e-05	0.111111111111111	0.491090027111315	1	0	[32686685]
ferric compounds/chemistry	urinary bladder neoplasms/pathology	0.0001168032959434	0.0003588236845719	0.111111111111111	0.491090027111315	1	0	[33236624]
gels/chemistry	gold/chemistry	1.51878509768721e-12	3.21494655714812e-11	0.037037037037037	0.491090027111315	1	0	[33236624]
gels/chemistry	urinary bladder neoplasms/pathology	1.51878509768721e-12	3.21494655714812e-11	0.037037037037037	0.491090027111315	1	0	[33236624]
gold/chemistry	urinary bladder neoplasms/pathology	1.51878509768721e-12	3.21494655714812e-11	0.037037037037037	0.491090027111315	1	0	[33236624]
aniline compounds/pharmacology	tumor microenvironment/drug effects	0.0056610184889931	0.008358574270831	0.117647058823529	0.5011717509037	1	1	[34593794]
benzylidene compounds/pharmacology	tumor microenvironment/drug effects	0.0056610184889931	0.008358574270831	0.117647058823529	0.5011717509037	1	1	[34593794]
cell line tumor/transplantation	tumor microenvironment/drug effects	0.0026517634703525	0.0055846870472203	0.017094017094017	0.178864212567384	2	0	[33547170,34593794]
drug resistance neoplasm/drug effects	tumor microenvironment/drug effects	0.0056610184889931	0.008358574270831	0.117647058823529	0.5011717509037	1	1	[34593794]
exosomes/drug effects	tumor microenvironment/drug effects	0.0056610184889931	0.008358574270831	0.117647058823529	0.5011717509037	1	1	[34593794]
hyaluronic acid/chemistry	tumor microenvironment/drug effects	0.0056610184889931	0.008358574270831	0.117647058823529	0.5011717509037	1	1	[34593794]
immune checkpoint inhibitors/pharmacology	tumor microenvironment/drug effects	0.0056610184889931	0.008358574270831	0.117647058823529	0.5011717509037	1	1	[34593794]
immunologic memory	tumor microenvironment/drug effects	0.0056610184889931	0.008358574270831	0.117647058823529	0.5011717509037	1	1	[34593794]
skin neoplasms/drug therapy	tumor microenvironment/drug effects	0.0056610184889931	0.008358574270831	0.117647058823529	0.5011717509037	1	1	[34593794]
t-lymphocytes cytotoxic/drug effects	tumor microenvironment/drug effects	0.0056610184889931	0.008358574270831	0.117647058823529	0.5011717509037	1	1	[34593794]
tumor escape/drug effects	tumor microenvironment/drug effects	0.0056610184889931	0.008358574270831	0.117647058823529	0.5011717509037	1	1	[34593794]
gastrointestinal tract	protease inhibitors/pharmacology	1.38777878078145e-14	8.84107601943166e-14	0.0147058823529411	0.5011717509037	1	1	[31257391]
carcinoma hepatocellular/drug therapy	protease inhibitors/pharmacology	1.38777878078145e-14	8.84107601943166e-14	0.0147058823529411	0.5011717509037	1	1	[31257391]
protease inhibitors/pharmacology	stem cell factor/metabolism	1.38777878078145e-14	8.84107601943166e-14	0.0147058823529411	0.5011717509037	1	1	[31257391]
plant extracts/pharmacology	protease inhibitors/pharmacology	1.38777878078145e-14	8.84107601943166e-14	0.0147058823529411	0.5011717509037	1	1	[31257391]
digestion	protease inhibitors/pharmacology	1.38777878078145e-14	8.84107601943166e-14	0.0147058823529411	0.5011717509037	1	1	[31257391]
carcinoma hepatocellular/drug therapy	gastrointestinal tract	1.38777878078145e-14	8.84107601943166e-14	0.0147058823529411	0.5011717509037	1	1	[31257391]
carcinoma hepatocellular/drug therapy	stem cell factor/metabolism	1.38777878078145e-14	8.84107601943166e-14	0.0147058823529411	0.5011717509037	1	1	[31257391]
carcinoma hepatocellular/drug therapy	plant extracts/pharmacology	1.38777878078145e-14	8.84107601943166e-14	0.0147058823529411	0.5011717509037	1	1	[31257391]
carcinoma hepatocellular/drug therapy	digestion	1.38777878078145e-14	8.84107601943166e-14	0.0147058823529411	0.5011717509037	1	1	[31257391]
gastrointestinal tract	stem cell factor/metabolism	1.38777878078145e-14	8.84107601943166e-14	0.0147058823529411	0.5011717509037	1	1	[31257391]
plant extracts/pharmacology	stem cell factor/metabolism	1.38777878078145e-14	8.84107601943166e-14	0.0147058823529411	0.5011717509037	1	1	[31257391]
digestion	stem cell factor/metabolism	1.38777878078145e-14	8.84107601943166e-14	0.0147058823529411	0.5011717509037	1	1	[31257391]
gastrointestinal tract	plant extracts/pharmacology	1.38777878078145e-14	8.84107601943166e-14	0.0147058823529411	0.5011717509037	1	1	[31257391]
digestion	plant extracts/pharmacology	1.38777878078145e-14	8.84107601943166e-14	0.0147058823529411	0.5011717509037	1	1	[31257391]
digestion	gastrointestinal tract	1.38777878078145e-14	8.84107601943166e-14	0.0147058823529411	0.5011717509037	1	1	[31257391]
nf-kappa b/metabolism	phenotype	0.0002512519996596	0.0004635065847003	0.0583845478489903	0.5011717509037	1	1	[30755716]
cytokines/metabolism	nf-kappa b/metabolism	0.0001822976772285	0.0003472959736036	0.0197541703248463	0.186828306325089	2	1	[32353824,30755716]
diet high-fat	nf-kappa b/metabolism	5.08704189883247e-13	2.65348102539536e-12	0.001316944688323	0.186828306325089	2	1	[32353824,30755716]
aniline compounds/chemistry	b7-h1 antigen/metabolism	1.37805787725487e-06	6.67173262777816e-06	0.037037037037037	0.491090027111315	1	0	[34985903]
aniline compounds/chemistry	benzylidene compounds/chemistry	1.37805787725487e-06	6.67173262777816e-06	0.037037037037037	0.491090027111315	1	0	[34985903]
aniline compounds/chemistry	cd8-positive t-lymphocytes/cytology	0.0004953033165658	0.0012925943513292	0.074074074074074	0.491090027111315	1	0	[34985903]
aniline compounds/chemistry	exosomes/metabolism	1.37805787725487e-06	6.67173262777816e-06	0.037037037037037	0.491090027111315	1	0	[34985903]
aniline compounds/chemistry	immunogenic cell death/drug effects	1.37805787725487e-06	6.67173262777816e-06	0.037037037037037	0.491090027111315	1	0	[34985903]
aniline compounds/chemistry	interferon-gamma/metabolism	1.37805787725487e-06	6.67173262777816e-06	0.037037037037037	0.491090027111315	1	0	[34985903]
aniline compounds/chemistry	metal-organic frameworks/chemistry	1.37805787725487e-06	6.67173262777816e-06	0.037037037037037	0.491090027111315	1	0	[34985903]
aniline compounds/chemistry	phenol/chemistry	1.37805787725487e-06	6.67173262777816e-06	0.037037037037037	0.491090027111315	1	0	[34985903]
aniline compounds/chemistry	programmed cell death 1 receptor/metabolism	1.37805787725487e-06	6.67173262777816e-06	0.037037037037037	0.491090027111315	1	0	[34985903]
ascorbic acid/pharmacology	calreticulin/metabolism	0	0	0.037037037037037	0.491090027111315	1	0	[32686685]
ascorbic acid/pharmacology	neoplasms/diagnostic imaging	0	0	0.037037037037037	0.491090027111315	1	0	[32686685]
ascorbic acid/pharmacology	t-lymphocytes cytotoxic/metabolism	0	0	0.037037037037037	0.491090027111315	1	0	[32686685]
b7-h1 antigen/metabolism	benzylidene compounds/chemistry	1.37805787725487e-06	6.67173262777816e-06	0.037037037037037	0.491090027111315	1	0	[34985903]
b7-h1 antigen/metabolism	cd8-positive t-lymphocytes/cytology	0.0004953033165658	0.0012925943513292	0.074074074074074	0.491090027111315	1	0	[34985903]
b7-h1 antigen/metabolism	exosomes/metabolism	1.37805787725487e-06	6.67173262777816e-06	0.037037037037037	0.491090027111315	1	0	[34985903]
b7-h1 antigen/metabolism	immunogenic cell death/drug effects	1.37805787725487e-06	6.67173262777816e-06	0.037037037037037	0.491090027111315	1	0	[34985903]
b7-h1 antigen/metabolism	interferon-gamma/metabolism	1.37805787725487e-06	6.67173262777816e-06	0.037037037037037	0.491090027111315	1	0	[34985903]
b7-h1 antigen/metabolism	metal-organic frameworks/chemistry	1.37805787725487e-06	6.67173262777816e-06	0.037037037037037	0.491090027111315	1	0	[34985903]
b7-h1 antigen/metabolism	phenol/chemistry	1.37805787725487e-06	6.67173262777816e-06	0.037037037037037	0.491090027111315	1	0	[34985903]
b7-h1 antigen/metabolism	programmed cell death 1 receptor/metabolism	1.37805787725487e-06	6.67173262777816e-06	0.037037037037037	0.491090027111315	1	0	[34985903]
benzylidene compounds/chemistry	cd8-positive t-lymphocytes/cytology	0.0004953033165658	0.0012925943513292	0.074074074074074	0.491090027111315	1	0	[34985903]
benzylidene compounds/chemistry	exosomes/metabolism	1.37805787725487e-06	6.67173262777816e-06	0.037037037037037	0.491090027111315	1	0	[34985903]
benzylidene compounds/chemistry	immunogenic cell death/drug effects	1.37805787725487e-06	6.67173262777816e-06	0.037037037037037	0.491090027111315	1	0	[34985903]
benzylidene compounds/chemistry	interferon-gamma/metabolism	1.37805787725487e-06	6.67173262777816e-06	0.037037037037037	0.491090027111315	1	0	[34985903]
benzylidene compounds/chemistry	metal-organic frameworks/chemistry	1.37805787725487e-06	6.67173262777816e-06	0.037037037037037	0.491090027111315	1	0	[34985903]
benzylidene compounds/chemistry	phenol/chemistry	1.37805787725487e-06	6.67173262777816e-06	0.037037037037037	0.491090027111315	1	0	[34985903]
benzylidene compounds/chemistry	programmed cell death 1 receptor/metabolism	1.37805787725487e-06	6.67173262777816e-06	0.037037037037037	0.491090027111315	1	0	[34985903]
calreticulin/metabolism	neoplasms/diagnostic imaging	0	0	0.037037037037037	0.491090027111315	1	0	[32686685]
calreticulin/metabolism	t-lymphocytes cytotoxic/metabolism	0	0	0.037037037037037	0.491090027111315	1	0	[32686685]
cd8-positive t-lymphocytes/cytology	cytokines/metabolism	0.0032746267628741	0.0068319551167878	0.145299145299145	0.491090027111315	1	0	[33691090]
cd8-positive t-lymphocytes/cytology	exosomes/metabolism	0.0004953033165658	0.0012925943513292	0.074074074074074	0.491090027111315	1	0	[34985903]
cd8-positive t-lymphocytes/cytology	immunogenic cell death/drug effects	0.0004953033165658	0.0012925943513292	0.074074074074074	0.491090027111315	1	0	[34985903]
cd8-positive t-lymphocytes/cytology	interferon-gamma/metabolism	0.0004953033165658	0.0012925943513292	0.074074074074074	0.491090027111315	1	0	[34985903]
cd8-positive t-lymphocytes/cytology	metal-organic frameworks/chemistry	0.0004953033165658	0.0012925943513292	0.074074074074074	0.491090027111315	1	0	[34985903]
cd8-positive t-lymphocytes/cytology	phenol/chemistry	0.0004953033165658	0.0012925943513292	0.074074074074074	0.491090027111315	1	0	[34985903]
cd8-positive t-lymphocytes/cytology	programmed cell death 1 receptor/metabolism	0.0004953033165658	0.0012925943513292	0.074074074074074	0.491090027111315	1	0	[34985903]
exosomes/metabolism	immunogenic cell death/drug effects	1.37805787725487e-06	6.67173262777816e-06	0.037037037037037	0.491090027111315	1	0	[34985903]
exosomes/metabolism	interferon-gamma/metabolism	1.37805787725487e-06	6.67173262777816e-06	0.037037037037037	0.491090027111315	1	0	[34985903]
exosomes/metabolism	metal-organic frameworks/chemistry	1.37805787725487e-06	6.67173262777816e-06	0.037037037037037	0.491090027111315	1	0	[34985903]
exosomes/metabolism	phenol/chemistry	1.37805787725487e-06	6.67173262777816e-06	0.037037037037037	0.491090027111315	1	0	[34985903]
exosomes/metabolism	programmed cell death 1 receptor/metabolism	1.37805787725487e-06	6.67173262777816e-06	0.037037037037037	0.491090027111315	1	0	[34985903]
immunogenic cell death/drug effects	interferon-gamma/metabolism	1.37805787725487e-06	6.67173262777816e-06	0.037037037037037	0.491090027111315	1	0	[34985903]
immunogenic cell death/drug effects	metal-organic frameworks/chemistry	1.37805787725487e-06	6.67173262777816e-06	0.037037037037037	0.491090027111315	1	0	[34985903]
immunogenic cell death/drug effects	phenol/chemistry	1.37805787725487e-06	6.67173262777816e-06	0.037037037037037	0.491090027111315	1	0	[34985903]
immunogenic cell death/drug effects	programmed cell death 1 receptor/metabolism	1.37805787725487e-06	6.67173262777816e-06	0.037037037037037	0.491090027111315	1	0	[34985903]
interferon-gamma/metabolism	metal-organic frameworks/chemistry	1.37805787725487e-06	6.67173262777816e-06	0.037037037037037	0.491090027111315	1	0	[34985903]
interferon-gamma/metabolism	phenol/chemistry	1.37805787725487e-06	6.67173262777816e-06	0.037037037037037	0.491090027111315	1	0	[34985903]
interferon-gamma/metabolism	programmed cell death 1 receptor/metabolism	1.37805787725487e-06	6.67173262777816e-06	0.037037037037037	0.491090027111315	1	0	[34985903]
metal-organic frameworks/chemistry	phenol/chemistry	1.37805787725487e-06	6.67173262777816e-06	0.037037037037037	0.491090027111315	1	0	[34985903]
metal-organic frameworks/chemistry	programmed cell death 1 receptor/metabolism	1.37805787725487e-06	6.67173262777816e-06	0.037037037037037	0.491090027111315	1	0	[34985903]
neoplasms/diagnostic imaging	t-lymphocytes cytotoxic/metabolism	0	0	0.037037037037037	0.491090027111315	1	0	[32686685]
phenol/chemistry	programmed cell death 1 receptor/metabolism	1.37805787725487e-06	6.67173262777816e-06	0.037037037037037	0.491090027111315	1	0	[34985903]
cell survival/drug effects	raw 264.7 cells	0.0035872302582571	0.0074200911190768	0.111111111111111	0.491090027111315	1	0	[34717678]
dose-response relationship drug	raw 264.7 cells	5.14974610709151e-05	0.0001657520944568	0.074074074074074	0.491090027111315	1	0	[34717678]
aniline compounds/pharmacology	benzylidene compounds/pharmacology	3.10419946414342e-08	1.77908664941026e-07	0.037037037037037	0.491090027111315	1	0	[34593794]
aniline compounds/pharmacology	cell line tumor/transplantation	0.0001430031506204	0.0004284185297513	0.074074074074074	0.491090027111315	1	0	[34593794]
aniline compounds/pharmacology	drug resistance neoplasm/drug effects	3.10419946414342e-08	1.77908664941026e-07	0.037037037037037	0.491090027111315	1	0	[34593794]
aniline compounds/pharmacology	exosomes/drug effects	3.10419946414342e-08	1.77908664941026e-07	0.037037037037037	0.491090027111315	1	0	[34593794]
aniline compounds/pharmacology	hyaluronic acid/chemistry	3.10419946414342e-08	1.77908664941026e-07	0.037037037037037	0.491090027111315	1	0	[34593794]
aniline compounds/pharmacology	immune checkpoint inhibitors/pharmacology	3.10419946414342e-08	1.77908664941026e-07	0.037037037037037	0.491090027111315	1	0	[34593794]
aniline compounds/pharmacology	immunologic memory	3.10419946414342e-08	1.77908664941026e-07	0.037037037037037	0.491090027111315	1	0	[34593794]
aniline compounds/pharmacology	skin neoplasms/drug therapy	3.10419946414342e-08	1.77908664941026e-07	0.037037037037037	0.491090027111315	1	0	[34593794]
aniline compounds/pharmacology	t-lymphocytes cytotoxic/drug effects	3.10419946414342e-08	1.77908664941026e-07	0.037037037037037	0.491090027111315	1	0	[34593794]
aniline compounds/pharmacology	tumor escape/drug effects	3.10419946414342e-08	1.77908664941026e-07	0.037037037037037	0.491090027111315	1	0	[34593794]
benzylidene compounds/pharmacology	cell line tumor/transplantation	0.0001430031506204	0.0004284185297513	0.074074074074074	0.491090027111315	1	0	[34593794]
benzylidene compounds/pharmacology	drug resistance neoplasm/drug effects	3.10419946414342e-08	1.77908664941026e-07	0.037037037037037	0.491090027111315	1	0	[34593794]
benzylidene compounds/pharmacology	exosomes/drug effects	3.10419946414342e-08	1.77908664941026e-07	0.037037037037037	0.491090027111315	1	0	[34593794]
benzylidene compounds/pharmacology	hyaluronic acid/chemistry	3.10419946414342e-08	1.77908664941026e-07	0.037037037037037	0.491090027111315	1	0	[34593794]
benzylidene compounds/pharmacology	immune checkpoint inhibitors/pharmacology	3.10419946414342e-08	1.77908664941026e-07	0.037037037037037	0.491090027111315	1	0	[34593794]
benzylidene compounds/pharmacology	immunologic memory	3.10419946414342e-08	1.77908664941026e-07	0.037037037037037	0.491090027111315	1	0	[34593794]
benzylidene compounds/pharmacology	skin neoplasms/drug therapy	3.10419946414342e-08	1.77908664941026e-07	0.037037037037037	0.491090027111315	1	0	[34593794]
benzylidene compounds/pharmacology	t-lymphocytes cytotoxic/drug effects	3.10419946414342e-08	1.77908664941026e-07	0.037037037037037	0.491090027111315	1	0	[34593794]
benzylidene compounds/pharmacology	tumor escape/drug effects	3.10419946414342e-08	1.77908664941026e-07	0.037037037037037	0.491090027111315	1	0	[34593794]
cell line tumor/transplantation	drug resistance neoplasm/drug effects	0.0001430031506204	0.0004284185297513	0.074074074074074	0.491090027111315	1	0	[34593794]
cell line tumor/transplantation	exosomes/drug effects	0.0001430031506204	0.0004284185297513	0.074074074074074	0.491090027111315	1	0	[34593794]
cell line tumor/transplantation	hyaluronic acid/chemistry	0.0001430031506204	0.0004284185297513	0.074074074074074	0.491090027111315	1	0	[34593794]
cell line tumor/transplantation	immune checkpoint inhibitors/pharmacology	0.0001430031506204	0.0004284185297513	0.074074074074074	0.491090027111315	1	0	[34593794]
cell line tumor/transplantation	immunologic memory	0.0001430031506204	0.0004284185297513	0.074074074074074	0.491090027111315	1	0	[34593794]
cell line tumor/transplantation	skin neoplasms/drug therapy	0.0001430031506204	0.0004284185297513	0.074074074074074	0.491090027111315	1	0	[34593794]
cell line tumor/transplantation	t-lymphocytes cytotoxic/drug effects	0.0001430031506204	0.0004284185297513	0.074074074074074	0.491090027111315	1	0	[34593794]
cell line tumor/transplantation	tumor escape/drug effects	0.0001430031506204	0.0004284185297513	0.074074074074074	0.491090027111315	1	0	[34593794]
drug resistance neoplasm/drug effects	exosomes/drug effects	3.10419946414342e-08	1.77908664941026e-07	0.037037037037037	0.491090027111315	1	0	[34593794]
drug resistance neoplasm/drug effects	hyaluronic acid/chemistry	3.10419946414342e-08	1.77908664941026e-07	0.037037037037037	0.491090027111315	1	0	[34593794]
drug resistance neoplasm/drug effects	immune checkpoint inhibitors/pharmacology	3.10419946414342e-08	1.77908664941026e-07	0.037037037037037	0.491090027111315	1	0	[34593794]
drug resistance neoplasm/drug effects	immunologic memory	3.10419946414342e-08	1.77908664941026e-07	0.037037037037037	0.491090027111315	1	0	[34593794]
drug resistance neoplasm/drug effects	skin neoplasms/drug therapy	3.10419946414342e-08	1.77908664941026e-07	0.037037037037037	0.491090027111315	1	0	[34593794]
drug resistance neoplasm/drug effects	t-lymphocytes cytotoxic/drug effects	3.10419946414342e-08	1.77908664941026e-07	0.037037037037037	0.491090027111315	1	0	[34593794]
drug resistance neoplasm/drug effects	tumor escape/drug effects	3.10419946414342e-08	1.77908664941026e-07	0.037037037037037	0.491090027111315	1	0	[34593794]
exosomes/drug effects	hyaluronic acid/chemistry	3.10419946414342e-08	1.77908664941026e-07	0.037037037037037	0.491090027111315	1	0	[34593794]
exosomes/drug effects	immune checkpoint inhibitors/pharmacology	3.10419946414342e-08	1.77908664941026e-07	0.037037037037037	0.491090027111315	1	0	[34593794]
exosomes/drug effects	immunologic memory	3.10419946414342e-08	1.77908664941026e-07	0.037037037037037	0.491090027111315	1	0	[34593794]
exosomes/drug effects	skin neoplasms/drug therapy	3.10419946414342e-08	1.77908664941026e-07	0.037037037037037	0.491090027111315	1	0	[34593794]
exosomes/drug effects	t-lymphocytes cytotoxic/drug effects	3.10419946414342e-08	1.77908664941026e-07	0.037037037037037	0.491090027111315	1	0	[34593794]
exosomes/drug effects	tumor escape/drug effects	3.10419946414342e-08	1.77908664941026e-07	0.037037037037037	0.491090027111315	1	0	[34593794]
hyaluronic acid/chemistry	immune checkpoint inhibitors/pharmacology	3.10419946414342e-08	1.77908664941026e-07	0.037037037037037	0.491090027111315	1	0	[34593794]
hyaluronic acid/chemistry	immunologic memory	3.10419946414342e-08	1.77908664941026e-07	0.037037037037037	0.491090027111315	1	0	[34593794]
hyaluronic acid/chemistry	skin neoplasms/drug therapy	3.10419946414342e-08	1.77908664941026e-07	0.037037037037037	0.491090027111315	1	0	[34593794]
hyaluronic acid/chemistry	t-lymphocytes cytotoxic/drug effects	3.10419946414342e-08	1.77908664941026e-07	0.037037037037037	0.491090027111315	1	0	[34593794]
hyaluronic acid/chemistry	tumor escape/drug effects	3.10419946414342e-08	1.77908664941026e-07	0.037037037037037	0.491090027111315	1	0	[34593794]
immune checkpoint inhibitors/pharmacology	immunologic memory	3.10419946414342e-08	1.77908664941026e-07	0.037037037037037	0.491090027111315	1	0	[34593794]
immune checkpoint inhibitors/pharmacology	skin neoplasms/drug therapy	3.10419946414342e-08	1.77908664941026e-07	0.037037037037037	0.491090027111315	1	0	[34593794]
immune checkpoint inhibitors/pharmacology	t-lymphocytes cytotoxic/drug effects	3.10419946414342e-08	1.77908664941026e-07	0.037037037037037	0.491090027111315	1	0	[34593794]
immune checkpoint inhibitors/pharmacology	tumor escape/drug effects	3.10419946414342e-08	1.77908664941026e-07	0.037037037037037	0.491090027111315	1	0	[34593794]
immunologic memory	skin neoplasms/drug therapy	3.10419946414342e-08	1.77908664941026e-07	0.037037037037037	0.491090027111315	1	0	[34593794]
immunologic memory	t-lymphocytes cytotoxic/drug effects	3.10419946414342e-08	1.77908664941026e-07	0.037037037037037	0.491090027111315	1	0	[34593794]
immunologic memory	tumor escape/drug effects	3.10419946414342e-08	1.77908664941026e-07	0.037037037037037	0.491090027111315	1	0	[34593794]
skin neoplasms/drug therapy	t-lymphocytes cytotoxic/drug effects	3.10419946414342e-08	1.77908664941026e-07	0.037037037037037	0.491090027111315	1	0	[34593794]
skin neoplasms/drug therapy	tumor escape/drug effects	3.10419946414342e-08	1.77908664941026e-07	0.037037037037037	0.491090027111315	1	0	[34593794]
t-lymphocytes cytotoxic/drug effects	tumor escape/drug effects	3.10419946414342e-08	1.77908664941026e-07	0.037037037037037	0.491090027111315	1	0	[34593794]
cytokines/metabolism	phenotype	0.0021439631343553	0.0034529851199831	0.0197541703248463	0.186828306325089	2	1	[30755716,30420335]
bone marrow/drug effects	cytokines/metabolism	4.98566787854315e-09	4.50418593388634e-08	0.074074074074074	0.491090027111315	1	0	[32134361]
cancer-associated fibroblasts/pathology	cytokines/metabolism	0.0058604211555792	0.0086263377330122	0.147058823529412	0.5011717509037	1	1	[38301989]
cytokines/metabolism	drug interactions	4.98566787854315e-09	4.50418593388634e-08	0.074074074074074	0.491090027111315	1	0	[32134361]
cytokines/metabolism	ileum/drug effects	4.98566787854315e-09	4.50418593388634e-08	0.074074074074074	0.491090027111315	1	0	[32134361]
cytokines/metabolism	metabolic reprogramming	0.0058604211555792	0.0086263377330122	0.147058823529412	0.5011717509037	1	1	[38301989]
cytokines/metabolism	necroptosis/drug effects	4.98566787854315e-09	4.50418593388634e-08	0.074074074074074	0.491090027111315	1	0	[32134361]
cytokines/metabolism	radiation-protective agents/pharmacology	4.98566787854315e-09	4.50418593388634e-08	0.074074074074074	0.491090027111315	1	0	[32134361]
cytokines/metabolism	small molecule libraries/pharmacology	4.98566787854315e-09	4.50418593388634e-08	0.074074074074074	0.491090027111315	1	0	[32134361]
cytokines/metabolism	tumor microenvironment	0.0045084315169171	0.0090921080661055	0.145299145299145	0.491090027111315	1	0	[38301989,34919143,36160648,24156623,30420335,33691090]
cytokines/metabolism	diet high-fat	3.3522269418107e-06	8.06492463644084e-06	0.0023944448878601	0.054769758680606	3	1	[32353824,30755716,24156623]
dose-response relationship drug	phenotype	0.0038816523713562	0.0060345580632801	0.0749756572541382	0.583915496397244	1	2	[30420335]
diet high-fat	phenotype	0.0024359773054146	0.0038788378911146	0.0869183494293239	0.5011717509037	1	1	[30755716]
bacterial toxins/metabolism	endothelial cells/metabolism	0.0005241692955735	0.0012925943513292	0.037037037037037	0.491090027111315	1	0	[35197507]
bacterial toxins/metabolism	heart ventricles/diagnostic imaging	0.0005241692955735	0.0012925943513292	0.037037037037037	0.491090027111315	1	0	[35197507]
bacterial toxins/metabolism	hemodynamics/drug effects	0.0005241692955735	0.0012925943513292	0.037037037037037	0.491090027111315	1	0	[35197507]
bacterial toxins/metabolism	hmgb1 protein/metabolism	0.0005241692955735	0.0012925943513292	0.037037037037037	0.491090027111315	1	0	[35197507]
bacterial toxins/metabolism	hypertension pulmonary/chemically induced	0.0005241692955735	0.0012925943513292	0.037037037037037	0.491090027111315	1	0	[35197507]
bacterial toxins/metabolism	inflammasomes/metabolism	0.0005241692955735	0.0012925943513292	0.037037037037037	0.491090027111315	1	0	[35197507]
bacterial toxins/metabolism	inflammation/metabolism	0.0005241692955735	0.0012925943513292	0.037037037037037	0.491090027111315	1	0	[35197507]
bacterial toxins/metabolism	lung/blood supply	0.0005241692955735	0.0012925943513292	0.037037037037037	0.491090027111315	1	0	[35197507]
bacterial toxins/metabolism	macrophages/metabolism	0.0005241692955735	0.0012925943513292	0.037037037037037	0.491090027111315	1	0	[35197507]
bacterial toxins/metabolism	monocrotaline/toxicity	0.0005241692955735	0.0012925943513292	0.037037037037037	0.491090027111315	1	0	[35197507]
bacterial toxins/metabolism	nlr family pyrin domain-containing 3 protein/metabolism	0.0005241692955735	0.0012925943513292	0.037037037037037	0.491090027111315	1	0	[35197507]
endothelial cells/metabolism	heart ventricles/diagnostic imaging	0.0005241692955735	0.0012925943513292	0.037037037037037	0.491090027111315	1	0	[35197507]
endothelial cells/metabolism	hemodynamics/drug effects	0.0005241692955735	0.0012925943513292	0.037037037037037	0.491090027111315	1	0	[35197507]
endothelial cells/metabolism	hmgb1 protein/metabolism	0.0005241692955735	0.0012925943513292	0.037037037037037	0.491090027111315	1	0	[35197507]
endothelial cells/metabolism	hypertension pulmonary/chemically induced	0.0005241692955735	0.0012925943513292	0.037037037037037	0.491090027111315	1	0	[35197507]
endothelial cells/metabolism	inflammasomes/metabolism	0.0005241692955735	0.0012925943513292	0.037037037037037	0.491090027111315	1	0	[35197507]
endothelial cells/metabolism	inflammation/metabolism	0.0005241692955735	0.0012925943513292	0.037037037037037	0.491090027111315	1	0	[35197507]
endothelial cells/metabolism	lung/blood supply	0.0005241692955735	0.0012925943513292	0.037037037037037	0.491090027111315	1	0	[35197507]
endothelial cells/metabolism	macrophages/metabolism	0.0005241692955735	0.0012925943513292	0.037037037037037	0.491090027111315	1	0	[35197507]
endothelial cells/metabolism	monocrotaline/toxicity	0.0005241692955735	0.0012925943513292	0.037037037037037	0.491090027111315	1	0	[35197507]
endothelial cells/metabolism	nlr family pyrin domain-containing 3 protein/metabolism	0.0005241692955735	0.0012925943513292	0.037037037037037	0.491090027111315	1	0	[35197507]
heart ventricles/diagnostic imaging	hemodynamics/drug effects	0.0005241692955735	0.0012925943513292	0.037037037037037	0.491090027111315	1	0	[35197507]
heart ventricles/diagnostic imaging	hmgb1 protein/metabolism	0.0005241692955735	0.0012925943513292	0.037037037037037	0.491090027111315	1	0	[35197507]
heart ventricles/diagnostic imaging	hypertension pulmonary/chemically induced	0.0005241692955735	0.0012925943513292	0.037037037037037	0.491090027111315	1	0	[35197507]
heart ventricles/diagnostic imaging	inflammasomes/metabolism	0.0005241692955735	0.0012925943513292	0.037037037037037	0.491090027111315	1	0	[35197507]
heart ventricles/diagnostic imaging	inflammation/metabolism	0.0005241692955735	0.0012925943513292	0.037037037037037	0.491090027111315	1	0	[35197507]
heart ventricles/diagnostic imaging	lung/blood supply	0.0005241692955735	0.0012925943513292	0.037037037037037	0.491090027111315	1	0	[35197507]
heart ventricles/diagnostic imaging	macrophages/metabolism	0.0005241692955735	0.0012925943513292	0.037037037037037	0.491090027111315	1	0	[35197507]
heart ventricles/diagnostic imaging	monocrotaline/toxicity	0.0005241692955735	0.0012925943513292	0.037037037037037	0.491090027111315	1	0	[35197507]
heart ventricles/diagnostic imaging	nlr family pyrin domain-containing 3 protein/metabolism	0.0005241692955735	0.0012925943513292	0.037037037037037	0.491090027111315	1	0	[35197507]
hemodynamics/drug effects	hmgb1 protein/metabolism	0.0005241692955735	0.0012925943513292	0.037037037037037	0.491090027111315	1	0	[35197507]
hemodynamics/drug effects	hypertension pulmonary/chemically induced	0.0005241692955735	0.0012925943513292	0.037037037037037	0.491090027111315	1	0	[35197507]
hemodynamics/drug effects	inflammasomes/metabolism	0.0005241692955735	0.0012925943513292	0.037037037037037	0.491090027111315	1	0	[35197507]
hemodynamics/drug effects	inflammation/metabolism	0.0005241692955735	0.0012925943513292	0.037037037037037	0.491090027111315	1	0	[35197507]
hemodynamics/drug effects	lung/blood supply	0.0005241692955735	0.0012925943513292	0.037037037037037	0.491090027111315	1	0	[35197507]
hemodynamics/drug effects	macrophages/metabolism	0.0005241692955735	0.0012925943513292	0.037037037037037	0.491090027111315	1	0	[35197507]
hemodynamics/drug effects	monocrotaline/toxicity	0.0005241692955735	0.0012925943513292	0.037037037037037	0.491090027111315	1	0	[35197507]
hemodynamics/drug effects	nlr family pyrin domain-containing 3 protein/metabolism	0.0005241692955735	0.0012925943513292	0.037037037037037	0.491090027111315	1	0	[35197507]
hmgb1 protein/metabolism	hypertension pulmonary/chemically induced	0.0005241692955735	0.0012925943513292	0.037037037037037	0.491090027111315	1	0	[35197507]
hmgb1 protein/metabolism	inflammasomes/metabolism	0.0005241692955735	0.0012925943513292	0.037037037037037	0.491090027111315	1	0	[35197507]
hmgb1 protein/metabolism	inflammation/metabolism	0.0005241692955735	0.0012925943513292	0.037037037037037	0.491090027111315	1	0	[35197507]
hmgb1 protein/metabolism	lung/blood supply	0.0005241692955735	0.0012925943513292	0.037037037037037	0.491090027111315	1	0	[35197507]
hmgb1 protein/metabolism	macrophages/metabolism	0.0005241692955735	0.0012925943513292	0.037037037037037	0.491090027111315	1	0	[35197507]
hmgb1 protein/metabolism	monocrotaline/toxicity	0.0005241692955735	0.0012925943513292	0.037037037037037	0.491090027111315	1	0	[35197507]
hmgb1 protein/metabolism	nlr family pyrin domain-containing 3 protein/metabolism	0.0005241692955735	0.0012925943513292	0.037037037037037	0.491090027111315	1	0	[35197507]
hypertension pulmonary/chemically induced	inflammasomes/metabolism	0.0005241692955735	0.0012925943513292	0.037037037037037	0.491090027111315	1	0	[35197507]
hypertension pulmonary/chemically induced	inflammation/metabolism	0.0005241692955735	0.0012925943513292	0.037037037037037	0.491090027111315	1	0	[35197507]
hypertension pulmonary/chemically induced	lung/blood supply	0.0005241692955735	0.0012925943513292	0.037037037037037	0.491090027111315	1	0	[35197507]
hypertension pulmonary/chemically induced	macrophages/metabolism	0.0005241692955735	0.0012925943513292	0.037037037037037	0.491090027111315	1	0	[35197507]
hypertension pulmonary/chemically induced	monocrotaline/toxicity	0.0005241692955735	0.0012925943513292	0.037037037037037	0.491090027111315	1	0	[35197507]
hypertension pulmonary/chemically induced	nlr family pyrin domain-containing 3 protein/metabolism	0.0005241692955735	0.0012925943513292	0.037037037037037	0.491090027111315	1	0	[35197507]
inflammasomes/metabolism	inflammation/metabolism	0.0005241692955735	0.0012925943513292	0.037037037037037	0.491090027111315	1	0	[35197507]
inflammasomes/metabolism	lung/blood supply	0.0005241692955735	0.0012925943513292	0.037037037037037	0.491090027111315	1	0	[35197507]
inflammasomes/metabolism	macrophages/metabolism	0.0005241692955735	0.0012925943513292	0.037037037037037	0.491090027111315	1	0	[35197507]
inflammasomes/metabolism	monocrotaline/toxicity	0.0005241692955735	0.0012925943513292	0.037037037037037	0.491090027111315	1	0	[35197507]
inflammasomes/metabolism	nlr family pyrin domain-containing 3 protein/metabolism	0.0005241692955735	0.0012925943513292	0.037037037037037	0.491090027111315	1	0	[35197507]
inflammation/metabolism	lung/blood supply	0.0005241692955735	0.0012925943513292	0.037037037037037	0.491090027111315	1	0	[35197507]
inflammation/metabolism	macrophages/metabolism	0.0005241692955735	0.0012925943513292	0.037037037037037	0.491090027111315	1	0	[35197507]
inflammation/metabolism	monocrotaline/toxicity	0.0005241692955735	0.0012925943513292	0.037037037037037	0.491090027111315	1	0	[35197507]
inflammation/metabolism	nlr family pyrin domain-containing 3 protein/metabolism	0.0005241692955735	0.0012925943513292	0.037037037037037	0.491090027111315	1	0	[35197507]
lung/blood supply	macrophages/metabolism	0.0005241692955735	0.0012925943513292	0.037037037037037	0.491090027111315	1	0	[35197507]
lung/blood supply	monocrotaline/toxicity	0.0005241692955735	0.0012925943513292	0.037037037037037	0.491090027111315	1	0	[35197507]
lung/blood supply	nlr family pyrin domain-containing 3 protein/metabolism	0.0005241692955735	0.0012925943513292	0.037037037037037	0.491090027111315	1	0	[35197507]
macrophages/metabolism	monocrotaline/toxicity	0.0005241692955735	0.0012925943513292	0.037037037037037	0.491090027111315	1	0	[35197507]
macrophages/metabolism	nlr family pyrin domain-containing 3 protein/metabolism	0.0005241692955735	0.0012925943513292	0.037037037037037	0.491090027111315	1	0	[35197507]
monocrotaline/toxicity	nlr family pyrin domain-containing 3 protein/metabolism	0.0005241692955735	0.0012925943513292	0.037037037037037	0.491090027111315	1	0	[35197507]
dose-response relationship drug	piperazines/pharmacology	0.0011968722590782	0.0020240640587102	0.0869183494293239	0.5011717509037	1	1	[32778843]
cancer-associated fibroblasts/pathology	carcinoma hepatocellular/pathology	1.18869469822869e-10	4.93304858263173e-10	0.0294117647058823	0.5011717509037	1	1	[38301989]
carcinoma hepatocellular/pathology	metabolic reprogramming	1.18869469822869e-10	4.93304858263173e-10	0.0294117647058823	0.5011717509037	1	1	[38301989]
cancer-associated fibroblasts/pathology	metabolic reprogramming	0	0	0.0147058823529411	0.5011717509037	1	1	[38301989]
bone marrow/drug effects	drug interactions	0	0	0.037037037037037	0.491090027111315	1	0	[32134361]
bone marrow/drug effects	ileum/drug effects	0	0	0.037037037037037	0.491090027111315	1	0	[32134361]
bone marrow/drug effects	necroptosis/drug effects	0	0	0.037037037037037	0.491090027111315	1	0	[32134361]
bone marrow/drug effects	radiation-protective agents/pharmacology	0	0	0.037037037037037	0.491090027111315	1	0	[32134361]
bone marrow/drug effects	small molecule libraries/pharmacology	0	0	0.037037037037037	0.491090027111315	1	0	[32134361]
drug interactions	ileum/drug effects	0	0	0.037037037037037	0.491090027111315	1	0	[32134361]
drug interactions	necroptosis/drug effects	0	0	0.037037037037037	0.491090027111315	1	0	[32134361]
drug interactions	radiation-protective agents/pharmacology	0	0	0.037037037037037	0.491090027111315	1	0	[32134361]
drug interactions	small molecule libraries/pharmacology	0	0	0.037037037037037	0.491090027111315	1	0	[32134361]
ileum/drug effects	necroptosis/drug effects	0	0	0.037037037037037	0.491090027111315	1	0	[32134361]
ileum/drug effects	radiation-protective agents/pharmacology	0	0	0.037037037037037	0.491090027111315	1	0	[32134361]
ileum/drug effects	small molecule libraries/pharmacology	0	0	0.037037037037037	0.491090027111315	1	0	[32134361]
necroptosis/drug effects	radiation-protective agents/pharmacology	0	0	0.037037037037037	0.491090027111315	1	0	[32134361]
necroptosis/drug effects	small molecule libraries/pharmacology	0	0	0.037037037037037	0.491090027111315	1	0	[32134361]
radiation-protective agents/pharmacology	small molecule libraries/pharmacology	0	0	0.037037037037037	0.491090027111315	1	0	[32134361]
glutathione	piperazines/pharmacology	7.083931083951e-07	3.69485614090969e-06	0.074074074074074	0.491090027111315	1	0	[34396451]
iron/blood	piperazines/pharmacology	7.083931083951e-07	3.69485614090969e-06	0.074074074074074	0.491090027111315	1	0	[34396451]
kidney	piperazines/pharmacology	7.083931083951e-07	3.69485614090969e-06	0.074074074074074	0.491090027111315	1	0	[34396451]
liver/pathology	piperazines/pharmacology	7.083931083951e-07	3.69485614090969e-06	0.074074074074074	0.491090027111315	1	0	[34396451]
malondialdehyde/blood	piperazines/pharmacology	7.083931083951e-07	3.69485614090969e-06	0.074074074074074	0.491090027111315	1	0	[34396451]
phospholipid hydroperoxide glutathione peroxidase	piperazines/pharmacology	7.083931083951e-07	3.69485614090969e-06	0.074074074074074	0.491090027111315	1	0	[34396451]
piperazines/pharmacology	spleen/pathology	7.083931083951e-07	3.69485614090969e-06	0.074074074074074	0.491090027111315	1	0	[34396451]
glutathione	iron/blood	0	0	0.037037037037037	0.491090027111315	1	0	[34396451]
glutathione	kidney	0	0	0.037037037037037	0.491090027111315	1	0	[34396451]
glutathione	liver/pathology	0	0	0.037037037037037	0.491090027111315	1	0	[34396451]
glutathione	malondialdehyde/blood	0	0	0.037037037037037	0.491090027111315	1	0	[34396451]
glutathione	phospholipid hydroperoxide glutathione peroxidase	0	0	0.037037037037037	0.491090027111315	1	0	[34396451]
glutathione	spleen/pathology	0	0	0.037037037037037	0.491090027111315	1	0	[34396451]
iron/blood	kidney	0	0	0.037037037037037	0.491090027111315	1	0	[34396451]
iron/blood	liver/pathology	0	0	0.037037037037037	0.491090027111315	1	0	[34396451]
iron/blood	malondialdehyde/blood	0	0	0.037037037037037	0.491090027111315	1	0	[34396451]
iron/blood	phospholipid hydroperoxide glutathione peroxidase	0	0	0.037037037037037	0.491090027111315	1	0	[34396451]
iron/blood	spleen/pathology	0	0	0.037037037037037	0.491090027111315	1	0	[34396451]
kidney	liver/pathology	0	0	0.037037037037037	0.491090027111315	1	0	[34396451]
kidney	malondialdehyde/blood	0	0	0.037037037037037	0.491090027111315	1	0	[34396451]
kidney	phospholipid hydroperoxide glutathione peroxidase	0	0	0.037037037037037	0.491090027111315	1	0	[34396451]
kidney	spleen/pathology	0	0	0.037037037037037	0.491090027111315	1	0	[34396451]
liver/pathology	malondialdehyde/blood	0	0	0.037037037037037	0.491090027111315	1	0	[34396451]
liver/pathology	phospholipid hydroperoxide glutathione peroxidase	0	0	0.037037037037037	0.491090027111315	1	0	[34396451]
liver/pathology	spleen/pathology	0	0	0.037037037037037	0.491090027111315	1	0	[34396451]
malondialdehyde/blood	phospholipid hydroperoxide glutathione peroxidase	0	0	0.037037037037037	0.491090027111315	1	0	[34396451]
malondialdehyde/blood	spleen/pathology	0	0	0.037037037037037	0.491090027111315	1	0	[34396451]
phospholipid hydroperoxide glutathione peroxidase	spleen/pathology	0	0	0.037037037037037	0.491090027111315	1	0	[34396451]
