KW1	KW2	P.value	adj.P.value	FisherP.value	ztPois.cdf	Raw.CO.Occurrence	Expansion	PMIDlist
acetaminophen/pharmacology	brain neoplasms/genetics	1.51878509768721e-12	3.21494655714812e-11	0.037037037037037	0.491090027111315	1	0	[34062295]
acetaminophen/pharmacology	cation transport proteins/genetics	1.51878509768721e-12	3.21494655714812e-11	0.037037037037037	0.491090027111315	1	0	[34062295]
acetaminophen/pharmacology	CD44	1.51878509768721e-12	3.21494655714812e-11	0.037037037037037	0.491090027111315	1	0	[34062295]
acetaminophen/pharmacology	gene expression regulation neoplastic	1.62808224802857e-05	6.33368658790105e-05	0.074074074074074	0.491090027111315	1	0	[34062295]
acetaminophen/pharmacology	glioblastoma/genetics	1.51878509768721e-12	3.21494655714812e-11	0.037037037037037	0.491090027111315	1	0	[34062295]
acetaminophen/pharmacology	heat-shock proteins/genetics	1.51878509768721e-12	3.21494655714812e-11	0.037037037037037	0.491090027111315	1	0	[34062295]
acetaminophen/pharmacology	HSPB1	1.51878509768721e-12	3.21494655714812e-11	0.037037037037037	0.491090027111315	1	0	[34062295]
acetaminophen/pharmacology	hyaluronan receptors/genetics	1.51878509768721e-12	3.21494655714812e-11	0.037037037037037	0.491090027111315	1	0	[34062295]
acetaminophen/pharmacology	SLC40A1	1.51878509768721e-12	3.21494655714812e-11	0.037037037037037	0.491090027111315	1	0	[34062295]
acetaminophen/pharmacology	t-lymphocytes cytotoxic/immunology	1.51878509768721e-12	3.21494655714812e-11	0.037037037037037	0.491090027111315	1	0	[34062295]
brain neoplasms/genetics	cation transport proteins/genetics	1.51878509768721e-12	3.21494655714812e-11	0.037037037037037	0.491090027111315	1	0	[34062295]
brain neoplasms/genetics	CD44	1.51878509768721e-12	3.21494655714812e-11	0.037037037037037	0.491090027111315	1	0	[34062295]
brain neoplasms/genetics	gene expression regulation neoplastic	1.62808224802857e-05	6.33368658790105e-05	0.074074074074074	0.491090027111315	1	0	[34062295]
brain neoplasms/genetics	glioblastoma/genetics	1.51878509768721e-12	3.21494655714812e-11	0.037037037037037	0.491090027111315	1	0	[34062295]
brain neoplasms/genetics	heat-shock proteins/genetics	1.51878509768721e-12	3.21494655714812e-11	0.037037037037037	0.491090027111315	1	0	[34062295]
brain neoplasms/genetics	HSPB1	1.51878509768721e-12	3.21494655714812e-11	0.037037037037037	0.491090027111315	1	0	[34062295]
brain neoplasms/genetics	hyaluronan receptors/genetics	1.51878509768721e-12	3.21494655714812e-11	0.037037037037037	0.491090027111315	1	0	[34062295]
brain neoplasms/genetics	SLC40A1	1.51878509768721e-12	3.21494655714812e-11	0.037037037037037	0.491090027111315	1	0	[34062295]
brain neoplasms/genetics	t-lymphocytes cytotoxic/immunology	1.51878509768721e-12	3.21494655714812e-11	0.037037037037037	0.491090027111315	1	0	[34062295]
cation transport proteins/genetics	CD44	1.51878509768721e-12	3.21494655714812e-11	0.037037037037037	0.491090027111315	1	0	[34062295]
cation transport proteins/genetics	gene expression regulation neoplastic	1.62808224802857e-05	6.33368658790105e-05	0.074074074074074	0.491090027111315	1	0	[34062295]
cation transport proteins/genetics	glioblastoma/genetics	1.51878509768721e-12	3.21494655714812e-11	0.037037037037037	0.491090027111315	1	0	[34062295]
cation transport proteins/genetics	heat-shock proteins/genetics	1.51878509768721e-12	3.21494655714812e-11	0.037037037037037	0.491090027111315	1	0	[34062295]
cation transport proteins/genetics	HSPB1	1.51878509768721e-12	3.21494655714812e-11	0.037037037037037	0.491090027111315	1	0	[34062295]
cation transport proteins/genetics	hyaluronan receptors/genetics	1.51878509768721e-12	3.21494655714812e-11	0.037037037037037	0.491090027111315	1	0	[34062295]
cation transport proteins/genetics	SLC40A1	1.51878509768721e-12	3.21494655714812e-11	0.037037037037037	0.491090027111315	1	0	[34062295]
cation transport proteins/genetics	t-lymphocytes cytotoxic/immunology	1.51878509768721e-12	3.21494655714812e-11	0.037037037037037	0.491090027111315	1	0	[34062295]
CD44	colorectal neoplasms/metabolism	1.26121335597418e-13	7.71914271756357e-13	0.0294117647058823	0.5011717509037	1	1	[36160648]
CD44	gene expression regulation neoplastic	1.62808224802857e-05	6.33368658790105e-05	0.074074074074074	0.491090027111315	1	0	[34062295]
CD44	glioblastoma/genetics	1.51878509768721e-12	3.21494655714812e-11	0.037037037037037	0.491090027111315	1	0	[34062295]
CD44	heat-shock proteins/genetics	1.51878509768721e-12	3.21494655714812e-11	0.037037037037037	0.491090027111315	1	0	[34062295]
CD44	HSPB1	1.51878509768721e-12	3.21494655714812e-11	0.037037037037037	0.491090027111315	1	0	[34062295]
CD44	hyaluronan receptors/genetics	1.51878509768721e-12	3.21494655714812e-11	0.037037037037037	0.491090027111315	1	0	[34062295]
CD44	hyperlipidemias	1.26121335597418e-13	7.71914271756357e-13	0.0294117647058823	0.5011717509037	1	1	[36160648]
CD44	lipoproteins ldl	1.26121335597418e-13	7.71914271756357e-13	0.0294117647058823	0.5011717509037	1	1	[36160648]
CD44	mannose receptor	1.26121335597418e-13	7.71914271756357e-13	0.0294117647058823	0.5011717509037	1	1	[36160648]
CD44	nitric oxide synthase type ii/metabolism	1.26121335597418e-13	7.71914271756357e-13	0.0294117647058823	0.5011717509037	1	1	[36160648]
CD44	PROM1	1.26121335597418e-13	7.71914271756357e-13	0.0294117647058823	0.5011717509037	1	1	[36160648]
CD44	scavenger receptors class e/genetics	1.26121335597418e-13	7.71914271756357e-13	0.0294117647058823	0.5011717509037	1	1	[36160648]
CD44	SLC40A1	1.51878509768721e-12	3.21494655714812e-11	0.037037037037037	0.491090027111315	1	0	[34062295]
CD44	t-lymphocytes cytotoxic/immunology	1.51878509768721e-12	3.21494655714812e-11	0.037037037037037	0.491090027111315	1	0	[34062295]
antioxidants/pharmacology	gene expression regulation neoplastic	0.000860920973641	0.0020021417991653	0.074074074074074	0.491090027111315	1	0	[32778843]
biopterins/analogs &amp; derivatives	gene expression regulation neoplastic	0.000860920973641	0.0020021417991653	0.074074074074074	0.491090027111315	1	0	[32778843]
carbolines/pharmacology	gene expression regulation neoplastic	0.0062713289823422	0.009135490816351	0.142669007901668	0.5011717509037	1	1	[32778843]
cell proliferation/drug effects	gene expression regulation neoplastic	0.000860920973641	0.0020021417991653	0.074074074074074	0.491090027111315	1	0	[32778843]
cystine/antagonists &amp; inhibitors	gene expression regulation neoplastic	0.000860920973641	0.0020021417991653	0.074074074074074	0.491090027111315	1	0	[32778843]
folic acid antagonists/pharmacology	gene expression regulation neoplastic	0.000860920973641	0.0020021417991653	0.074074074074074	0.491090027111315	1	0	[32778843]
gene expression regulation neoplastic	glioblastoma/genetics	1.62808224802857e-05	6.33368658790105e-05	0.074074074074074	0.491090027111315	1	0	[34062295]
gene expression regulation neoplastic	heat-shock proteins/genetics	1.62808224802857e-05	6.33368658790105e-05	0.074074074074074	0.491090027111315	1	0	[34062295]
gene expression regulation neoplastic	HSPB1	1.62808224802857e-05	6.33368658790105e-05	0.074074074074074	0.491090027111315	1	0	[34062295]
gene expression regulation neoplastic	hyaluronan receptors/genetics	1.62808224802857e-05	6.33368658790105e-05	0.074074074074074	0.491090027111315	1	0	[34062295]
gene expression regulation neoplastic	methotrexate/pharmacology	0.000860920973641	0.0020021417991653	0.074074074074074	0.491090027111315	1	0	[32778843]
gene expression regulation neoplastic	oxidative stress	0.0038089167063769	0.0058405019329489	0.142669007901668	0.5011717509037	1	1	[32778843]
gene expression regulation neoplastic	phospholipid hydroperoxide glutathione peroxidase/antagonists &amp; inhibitors	0.000860920973641	0.0020021417991653	0.074074074074074	0.491090027111315	1	0	[32778843]
gene expression regulation neoplastic	SLC40A1	1.62808224802857e-05	6.33368658790105e-05	0.074074074074074	0.491090027111315	1	0	[34062295]
gene expression regulation neoplastic	t-lymphocytes cytotoxic/immunology	1.62808224802857e-05	6.33368658790105e-05	0.074074074074074	0.491090027111315	1	0	[34062295]
gene expression regulation neoplastic	tetrahydrofolate dehydrogenase/genetics	0.000860920973641	0.0020021417991653	0.074074074074074	0.491090027111315	1	0	[32778843]
gene expression regulation neoplastic	vitamin e/pharmacology	0.000860920973641	0.0020021417991653	0.074074074074074	0.491090027111315	1	0	[32778843]
gene expression regulation neoplastic	jurkat cells	0.0035436383975111	0.0056105293672193	0.123336579032782	0.583915496397244	1	2	[32778843]
glioblastoma/genetics	heat-shock proteins/genetics	1.51878509768721e-12	3.21494655714812e-11	0.037037037037037	0.491090027111315	1	0	[34062295]
glioblastoma/genetics	HSPB1	1.51878509768721e-12	3.21494655714812e-11	0.037037037037037	0.491090027111315	1	0	[34062295]
glioblastoma/genetics	hyaluronan receptors/genetics	1.51878509768721e-12	3.21494655714812e-11	0.037037037037037	0.491090027111315	1	0	[34062295]
glioblastoma/genetics	SLC40A1	1.51878509768721e-12	3.21494655714812e-11	0.037037037037037	0.491090027111315	1	0	[34062295]
glioblastoma/genetics	t-lymphocytes cytotoxic/immunology	1.51878509768721e-12	3.21494655714812e-11	0.037037037037037	0.491090027111315	1	0	[34062295]
heat-shock proteins/genetics	HSPB1	1.51878509768721e-12	3.21494655714812e-11	0.037037037037037	0.491090027111315	1	0	[34062295]
heat-shock proteins/genetics	hyaluronan receptors/genetics	1.51878509768721e-12	3.21494655714812e-11	0.037037037037037	0.491090027111315	1	0	[34062295]
heat-shock proteins/genetics	SLC40A1	1.51878509768721e-12	3.21494655714812e-11	0.037037037037037	0.491090027111315	1	0	[34062295]
heat-shock proteins/genetics	t-lymphocytes cytotoxic/immunology	1.51878509768721e-12	3.21494655714812e-11	0.037037037037037	0.491090027111315	1	0	[34062295]
HSPB1	hyaluronan receptors/genetics	1.51878509768721e-12	3.21494655714812e-11	0.037037037037037	0.491090027111315	1	0	[34062295]
HSPB1	SLC40A1	1.51878509768721e-12	3.21494655714812e-11	0.037037037037037	0.491090027111315	1	0	[34062295]
HSPB1	t-lymphocytes cytotoxic/immunology	1.51878509768721e-12	3.21494655714812e-11	0.037037037037037	0.491090027111315	1	0	[34062295]
hyaluronan receptors/genetics	SLC40A1	1.51878509768721e-12	3.21494655714812e-11	0.037037037037037	0.491090027111315	1	0	[34062295]
hyaluronan receptors/genetics	t-lymphocytes cytotoxic/immunology	1.51878509768721e-12	3.21494655714812e-11	0.037037037037037	0.491090027111315	1	0	[34062295]
SLC40A1	t-lymphocytes cytotoxic/immunology	1.51878509768721e-12	3.21494655714812e-11	0.037037037037037	0.491090027111315	1	0	[34062295]
ACSL3	cell survival	9.44154754378701e-11	1.14562710782353e-09	0.037037037037037	0.491090027111315	1	0	[32814895]
ACSL3	coenzyme a ligases/metabolism	9.44154754378701e-11	1.14562710782353e-09	0.037037037037037	0.491090027111315	1	0	[32814895]
ACSL3	glutathione/metabolism	0.0001487376673323	0.0004423992156552	0.111111111111111	0.491090027111315	1	0	[32814895]
ACSL3	GPX4	0.0061819179218259	0.0090162404854958	0.161764705882353	0.5011717509037	1	1	[32814895]
ACSL3	iron/metabolism	0.0021974525656576	0.0046720032554304	0.148148148148148	0.491090027111315	1	0	[32814895]
ACSL3	lymph/metabolism	9.44154754378701e-11	1.14562710782353e-09	0.037037037037037	0.491090027111315	1	0	[32814895]
ACSL3	melanoma/blood	9.44154754378701e-11	1.14562710782353e-09	0.037037037037037	0.491090027111315	1	0	[32814895]
ACSL3	neoplasm metastasis/drug therapy	9.44154754378701e-11	1.14562710782353e-09	0.037037037037037	0.491090027111315	1	0	[32814895]
ACSL3	oleic acid/metabolism	9.44154754378701e-11	1.14562710782353e-09	0.037037037037037	0.491090027111315	1	0	[32814895]
ACSL3	oxidative stress/drug effects	0.0009252229168602	0.0021093918702002	0.074074074074074	0.491090027111315	1	0	[32814895]
ACSL3	phospholipid hydroperoxide glutathione peroxidase/metabolism	1.13100478793537e-06	5.82577954709163e-06	0.074074074074074	0.491090027111315	1	0	[32814895]
cell survival	coenzyme a ligases/metabolism	9.44154754378701e-11	1.14562710782353e-09	0.037037037037037	0.491090027111315	1	0	[32814895]
cell survival	glutathione/metabolism	0.0001487376673323	0.0004423992156552	0.111111111111111	0.491090027111315	1	0	[32814895]
cell survival	iron/metabolism	0.0021974525656576	0.0046720032554304	0.148148148148148	0.491090027111315	1	0	[32814895]
cell survival	lymph/metabolism	9.44154754378701e-11	1.14562710782353e-09	0.037037037037037	0.491090027111315	1	0	[32814895]
cell survival	melanoma/blood	9.44154754378701e-11	1.14562710782353e-09	0.037037037037037	0.491090027111315	1	0	[32814895]
cell survival	neoplasm metastasis/drug therapy	9.44154754378701e-11	1.14562710782353e-09	0.037037037037037	0.491090027111315	1	0	[32814895]
cell survival	oleic acid/metabolism	9.44154754378701e-11	1.14562710782353e-09	0.037037037037037	0.491090027111315	1	0	[32814895]
cell survival	oxidative stress/drug effects	0.0009252229168602	0.0021093918702002	0.074074074074074	0.491090027111315	1	0	[32814895]
cell survival	phospholipid hydroperoxide glutathione peroxidase/metabolism	1.13100478793537e-06	5.82577954709163e-06	0.074074074074074	0.491090027111315	1	0	[32814895]
cell survival	S100A8	4.68547710480438e-05	9.82469701876331e-05	0.0583845478489903	0.5011717509037	1	1	[26208571]
coenzyme a ligases/metabolism	glutathione/metabolism	0.0001487376673323	0.0004423992156552	0.111111111111111	0.491090027111315	1	0	[32814895]
coenzyme a ligases/metabolism	GPX4	0.0061819179218259	0.0090162404854958	0.161764705882353	0.5011717509037	1	1	[32814895]
coenzyme a ligases/metabolism	iron/metabolism	0.0021974525656576	0.0046720032554304	0.148148148148148	0.491090027111315	1	0	[32814895]
coenzyme a ligases/metabolism	lymph/metabolism	9.44154754378701e-11	1.14562710782353e-09	0.037037037037037	0.491090027111315	1	0	[32814895]
coenzyme a ligases/metabolism	melanoma/blood	9.44154754378701e-11	1.14562710782353e-09	0.037037037037037	0.491090027111315	1	0	[32814895]
coenzyme a ligases/metabolism	neoplasm metastasis/drug therapy	9.44154754378701e-11	1.14562710782353e-09	0.037037037037037	0.491090027111315	1	0	[32814895]
coenzyme a ligases/metabolism	oleic acid/metabolism	9.44154754378701e-11	1.14562710782353e-09	0.037037037037037	0.491090027111315	1	0	[32814895]
coenzyme a ligases/metabolism	oxidative stress/drug effects	0.0009252229168602	0.0021093918702002	0.074074074074074	0.491090027111315	1	0	[32814895]
coenzyme a ligases/metabolism	phospholipid hydroperoxide glutathione peroxidase/metabolism	1.13100478793537e-06	5.82577954709163e-06	0.074074074074074	0.491090027111315	1	0	[32814895]
ATG5	glutathione/metabolism	0.0002752353370022	0.000788717862951	0.111111111111111	0.491090027111315	1	0	[33926261]
autophagy-related proteins/genetics	glutathione/metabolism	0.0002752353370022	0.000788717862951	0.111111111111111	0.491090027111315	1	0	[33926261]
autophagy/drug effects	glutathione/metabolism	3.02581601189233e-05	6.44266885241603e-05	0.0869183494293239	0.5011717509037	1	1	[33926261]
cell cycle/drug effects	glutathione/metabolism	0.0002752353370022	0.000788717862951	0.111111111111111	0.491090027111315	1	0	[33926261]
cells cultured	glutathione/metabolism	0.0019364221367503	0.0031229382209923	0.1284220608189	0.5011717509037	1	1	[39276841,30787033,40570981,39700767]
flavonolignans/pharmacology	glutathione/metabolism	0.0002752353370022	0.000788717862951	0.111111111111111	0.491090027111315	1	0	[33926261]
glutathione peroxidase/metabolism	glutathione/metabolism	0.0002752353370022	0.000788717862951	0.111111111111111	0.491090027111315	1	0	[33926261]
glutathione/metabolism	GPX4	3.50683136773888e-06	8.40865186101859e-06	0.0032923617208077	0.054769758680606	3	1	[39287745,40570981,38581191,39276841,32814895,39212400,40451026,40724917,40136245,33926261,40703032,30787033,40752796,39700767]
glutathione/metabolism	host-pathogen interactions	1.06124954789566e-05	4.50603761185566e-05	0.111111111111111	0.491090027111315	1	0	[30787033]
glutathione/metabolism	iron chelating agents/pharmacology	1.06124954789566e-05	4.50603761185566e-05	0.111111111111111	0.491090027111315	1	0	[30787033]
glutathione/metabolism	iron/metabolism	0.000623406723278	0.0015015610444405	0.0485470085470085	0.178864212567384	2	0	[39276841,30787033,40724917,32814895]
glutathione/metabolism	jurkat cells	0.0001918567172121	0.0003646346041525	0.0869183494293239	0.5011717509037	1	1	[33926261]
glutathione/metabolism	lymph/metabolism	0.0001487376673323	0.0004423992156552	0.111111111111111	0.491090027111315	1	0	[32814895]
glutathione/metabolism	melanoma/blood	0.0001487376673323	0.0004423992156552	0.111111111111111	0.491090027111315	1	0	[32814895]
glutathione/metabolism	neoplasm metastasis/drug therapy	0.0001487376673323	0.0004423992156552	0.111111111111111	0.491090027111315	1	0	[32814895]
glutathione/metabolism	oleic acid/metabolism	0.0001487376673323	0.0004423992156552	0.111111111111111	0.491090027111315	1	0	[32814895]
glutathione/metabolism	oxidative stress/drug effects	0.0019364221367503	0.0031229382209923	0.0869183494293239	0.5011717509037	1	1	[39287745,40570981,38581191,39276841,32814895,39212400,40451026,40724917,40136245,40703032,40752796,39700767]
glutathione/metabolism	phospholipid hydroperoxide glutathione peroxidase/metabolism	1.7149710207498e-08	1.53028183389982e-07	0.0085470085470085	0.178864212567384	2	0	[39287745,40570981,38581191,39276841,32814895,39212400,40451026,40724917,40703032,30787033,40752796,39700767]
glutathione/metabolism	precursor cell lymphoblastic leukemia-lymphoma/metabolism	0.0002752353370022	0.000788717862951	0.111111111111111	0.491090027111315	1	0	[33926261]
glutathione/metabolism	ROS1	0.0054933084553607	0.0081766441743656	0.168648734934951	0.5011717509037	1	1	[38581191,40451026,33926261,40752796,39700767]
glutathione/metabolism	tuberculosis/metabolism	1.06124954789566e-05	4.50603761185566e-05	0.111111111111111	0.491090027111315	1	0	[30787033]
glutathione/metabolism	reactive oxygen species/metabolism	0.0048084262220007	0.0073509066023435	0.0213153124507828	0.0067152084716297	5	2	[39276841,40451026,40136245,33926261,40724917]
ferroptosis/drug effects	glutathione/metabolism	0.000198042045892	0.0003889131890287	7.77154414179434e-06	1.71642201257002e-10	14	2	[39287745,40570981,38581191,39276841,32814895,39212400,40451026,40724917,40136245,33926261,40703032,30787033,40752796,39700767]
amino acid transport system y+/metabolism	glutathione/metabolism	2.66831054727135e-05	6.01132353847219e-05	0.0002480883409579	0.0014456026634706	6	2	[39276841,39212400,40451026,40724917,40703032,40752796]
cell line	glutathione/metabolism	0.0037730379392946	0.0059123365498235	0.0165886693826971	0.0270361376697864	4	2	[40703032,39287745,40752796,40724917]
FTH1	glutathione/metabolism	0.0008154083869933	0.0014568461585879	0.0029757939151676	0.0270361376697864	4	2	[39212400,39287745,40724917,38581191]
glutathione/metabolism	SLC7A11	3.51772410415174e-05	7.78814479058911e-05	0.0002721038917847	0.0002743086977019	7	2	[38581191,39276841,39212400,40451026,40724917,40703032,40752796]
glutathione/metabolism	selenomethionine/pharmacology	0.0029973473846041	0.0047764867314111	0.177215189873418	0.583915496397244	1	2	[39700767]
glutathione/metabolism	malondialdehyde/metabolism	0.0037145975947627	0.0058218896748017	0.0295358649789029	0.260219474110676	2	2	[39212400,40451026]
chondrocytes/drug effects	glutathione/metabolism	0.0029973473846041	0.0047764867314111	0.177215189873418	0.583915496397244	1	2	[39700767]
dna-(apurinic or apyrimidinic site) lyase/metabolism	glutathione/metabolism	0.000829892876911	0.0014781495125232	0.177215189873418	0.583915496397244	1	2	[40136245]
glutathione/metabolism	neurons/drug effects	0.0001583597610047	0.0003127334380937	0.004602991944764	0.0923383282746833	3	2	[39287745,40570981,39276841]
glutathione/metabolism	selenium/chemistry	0.0003354062041671	0.0006386469217424	0.177215189873418	0.583915496397244	1	2	[40570981]
cartilage articular/drug effects	glutathione/metabolism	0.0029973473846041	0.0047764867314111	0.177215189873418	0.583915496397244	1	2	[39700767]
glutathione/metabolism	t-2 toxin/toxicity	0.0029973473846041	0.0047764867314111	0.177215189873418	0.583915496397244	1	2	[39700767]
APEX1	glutathione/metabolism	0.000829892876911	0.0014781495125232	0.177215189873418	0.583915496397244	1	2	[40136245]
glutathione/metabolism	TFRC	0.0037145975947627	0.0058218896748017	0.0295358649789029	0.260219474110676	2	2	[39276841,40451026]
ACSL4	GPX4	0.0061819179218259	0.0090162404854958	0.161764705882353	0.5011717509037	1	1	[39212400,33277233]
AIFM2	GPX4	0.0061819179218259	0.0090162404854958	0.161764705882353	0.5011717509037	1	1	[33277233]
ATL1	GPX4	0.0061819179218259	0.0090162404854958	0.161764705882353	0.5011717509037	1	1	[33277233]
autophagy/drug effects	GPX4	0.0002843846043515	0.0005222097000736	0.0241439859525899	0.186828306325089	2	1	[33277233,33926261]
b-lymphocytes/metabolism	GPX4	0.0025208193798305	0.004006811376191	0.161764705882353	0.5011717509037	1	1	[31775041]
BBS9	GPX4	0.0025208193798305	0.004006811376191	0.161764705882353	0.5011717509037	1	1	[31775041]
BDKRB2	GPX4	0.0025208193798305	0.004006811376191	0.161764705882353	0.5011717509037	1	1	[31775041]
carbolines/pharmacology	GPX4	0.0011311547431495	0.0019215420820461	0.0241439859525899	0.186828306325089	2	1	[32778843,34717678]
CCK	GPX4	0.0064896251289224	0.0094515633608997	0.0658472344161545	0.186828306325089	2	1	[35778693,34717678]
cd8-positive t-lymphocytes/drug effects	GPX4	0.0061819179218259	0.0090162404854958	0.161764705882353	0.5011717509037	1	1	[33277233]
cytoskeletal proteins/metabolism	GPX4	0.0025208193798305	0.004006811376191	0.161764705882353	0.5011717509037	1	1	[31775041]
endoplasmic reticulum/drug effects	GPX4	0.0061819179218259	0.0090162404854958	0.161764705882353	0.5011717509037	1	1	[33277233]
gene expression	GPX4	0.0061819179218259	0.0090162404854958	0.161764705882353	0.5011717509037	1	1	[34717678]
glutathione peroxidase/therapeutic use	GPX4	0.0025208193798305	0.004006811376191	0.161764705882353	0.5011717509037	1	1	[31775041]
GPX4	host-pathogen interactions	0.001395833240859	0.0023077132265828	0.161764705882353	0.5011717509037	1	1	[30787033]
GPX4	inflammation mediators/antagonists &amp; inhibitors	0.0061819179218259	0.0090162404854958	0.161764705882353	0.5011717509037	1	1	[34717678]
GPX4	iron chelating agents/pharmacology	0.001395833240859	0.0023077132265828	0.161764705882353	0.5011717509037	1	1	[30787033]
GPX4	iron/metabolism	0.0003042071340232	0.0005570394812326	0.0119538056324711	0.054769758680606	3	1	[39276841,32814895,40724917,30787033,33311482]
GPX4	jurkat cells	0.0014150480324677	0.0023351713674179	0.0241439859525899	0.186828306325089	2	1	[32778843,33926261]
GPX4	lipopolysaccharides/toxicity	0.0061819179218259	0.0090162404854958	0.161764705882353	0.5011717509037	1	1	[34717678]
GPX4	lymph/metabolism	0.0061819179218259	0.0090162404854958	0.161764705882353	0.5011717509037	1	1	[32814895]
GPX4	melanoma/blood	0.0061819179218259	0.0090162404854958	0.161764705882353	0.5011717509037	1	1	[32814895]
GPX4	microglia/drug effects	0.0061819179218259	0.0090162404854958	0.161764705882353	0.5011717509037	1	1	[34717678]
GPX4	MS4A1	0.0025208193798305	0.004006811376191	0.161764705882353	0.5011717509037	1	1	[31775041]
GPX4	neoplasm metastasis/drug therapy	0.0061819179218259	0.0090162404854958	0.161764705882353	0.5011717509037	1	1	[32814895]
GPX4	nf-e2-related factor 2/biosynthesis	0.0061819179218259	0.0090162404854958	0.161764705882353	0.5011717509037	1	1	[34717678]
GPX4	oleic acid/metabolism	0.0061819179218259	0.0090162404854958	0.161764705882353	0.5011717509037	1	1	[32814895]
GPX4	phospholipid hydroperoxide glutathione peroxidase/metabolism	5.94635623585305e-05	0.0001233860311012	0.0241439859525899	0.186828306325089	2	1	[39287745,40570981,38581191,39276841,32814895,39212400,40451026,40724917,40703032,30787033,40752796,39700767]
GPX4	PLEKHM1	0.0025208193798305	0.004006811376191	0.161764705882353	0.5011717509037	1	1	[31775041]
GPX4	ROS1	0.0005010411794058	0.0008963959392915	0.0119538056324711	0.054769758680606	3	1	[31775041,38581191,40451026,33926261,34811833,40752796,39700767]
GPX4	S100A4	0.0061819179218259	0.0090162404854958	0.161764705882353	0.5011717509037	1	1	[33277233]
GPX4	SPANXB1	0.0025208193798305	0.004006811376191	0.161764705882353	0.5011717509037	1	1	[31775041]
GPX4	tuberculosis/metabolism	0.001395833240859	0.0023077132265828	0.161764705882353	0.5011717509037	1	1	[30787033]
GPX4	oxidative stress/drug effects	2.43027996948975e-06	6.06519222774757e-06	1.41540247463948e-07	1.5116732719636e-08	12	2	[39287745,40570981,38581191,39276841,32814895,39212400,40451026,40724917,40136245,40703032,40752796,39700767]
amino acid transport system y+/metabolism	GPX4	0.0006109710259275	0.0011030511305899	0.0003848695369416	0.0002743086977019	7	2	[39276841,39212400,40451026,40724917,40703032,34811833,40752796]
GPX4	SLC7A11	0.0001576149442091	0.0003113386370458	9.20047470351473e-05	7.12183331991239e-06	9	2	[35778693,38581191,39276841,39212400,40451026,40724917,40703032,34811833,40752796]
cells cultured	GPX4	0.0009191134489655	0.0016248864102145	0.0056685702255322	0.0067152084716297	5	2	[35197507,40570981,39276841,30787033,39700767]
FTH1	GPX4	0.0028705888051375	0.0045953304545001	0.0011684518013631	0.0067152084716297	5	2	[39287745,35197507,38581191,39212400,40724917]
ferroptosis/drug effects	GPX4	0.0001294721602272	0.0002584035010718	8.50450196951436e-06	1.46849112666229e-08	11	1	[35778693,40752796,39700767,39276841,32814895,33277233,40724917,40136245,40703032,34811833,31775041,39287745,35197507,38581191,40451026,30787033,32778843,40570981,34717678,39212400,33926261,33311482]
GPX4	reactive oxygen species/metabolism	0.0050866644294855	0.007754260564926	0.0085818891805739	0.0002743086977019	7	2	[35778693,39276841,40451026,40136245,33926261,40724917,32778843]
GPX4	selenium/chemistry	0.0060478533588005	0.0090656099040005	0.278481012658228	0.583915496397244	1	2	[40570981]
ferritins/blood	iron/metabolism	0.0021974525656576	0.0046720032554304	0.148148148148148	0.491090027111315	1	0	[31980600]
genetic variation	iron/metabolism	0.0021974525656576	0.0046720032554304	0.148148148148148	0.491090027111315	1	0	[31980600]
hemeproteins/toxicity	iron/metabolism	0.0021974525656576	0.0046720032554304	0.148148148148148	0.491090027111315	1	0	[31980600]
host-pathogen interactions	iron/metabolism	0.0003621740428354	0.0010297105139439	0.148148148148148	0.491090027111315	1	0	[30787033]
iron chelating agents/pharmacology	iron/metabolism	0.0003621740428354	0.0010297105139439	0.148148148148148	0.491090027111315	1	0	[30787033]
iron/metabolism	listeriosis/etiology	0.0021974525656576	0.0046720032554304	0.148148148148148	0.491090027111315	1	0	[31980600]
iron/metabolism	liver x receptors/agonists	0.0021974525656576	0.0046720032554304	0.148148148148148	0.491090027111315	1	0	[31980600]
iron/metabolism	lymph/metabolism	0.0021974525656576	0.0046720032554304	0.148148148148148	0.491090027111315	1	0	[32814895]
iron/metabolism	malaria/genetics	0.0021974525656576	0.0046720032554304	0.148148148148148	0.491090027111315	1	0	[31980600]
iron/metabolism	melanoma/blood	0.0021974525656576	0.0046720032554304	0.148148148148148	0.491090027111315	1	0	[32814895]
iron/metabolism	neoplasm metastasis/drug therapy	0.0021974525656576	0.0046720032554304	0.148148148148148	0.491090027111315	1	0	[32814895]
iron/metabolism	oleic acid/metabolism	0.0021974525656576	0.0046720032554304	0.148148148148148	0.491090027111315	1	0	[32814895]
iron/metabolism	phospholipid hydroperoxide glutathione peroxidase/metabolism	6.32554567225885e-06	2.72167395393927e-05	0.017094017094017	0.178864212567384	2	0	[39276841,30787033,40724917,32814895]
iron/metabolism	TF	0.0021974525656576	0.0046720032554304	0.148148148148148	0.491090027111315	1	0	[31980600]
iron/metabolism	transferrin/metabolism	0.0021974525656576	0.0046720032554304	0.148148148148148	0.491090027111315	1	0	[31980600]
iron/metabolism	tuberculosis/metabolism	0.0003621740428354	0.0010297105139439	0.148148148148148	0.491090027111315	1	0	[30787033]
iron/metabolism	tumor suppressor protein p53/genetics	0.0021974525656576	0.0046720032554304	0.148148148148148	0.491090027111315	1	0	[31980600]
iron/metabolism	membrane proteins/genetics	6.12035329580207e-05	0.0001257224765577	0.0588235294117647	0.5011717509037	1	1	[33311482]
dna	iron/metabolism	6.12035329580207e-05	0.0001257224765577	0.0588235294117647	0.5011717509037	1	1	[33311482]
iron/metabolism	macrophages	6.12035329580207e-05	0.0001257224765577	0.0588235294117647	0.5011717509037	1	1	[33311482]
iron/metabolism	quinoxalines/pharmacology	6.12035329580207e-05	0.0001257224765577	0.0588235294117647	0.5011717509037	1	1	[33311482]
biomarkers tumor	iron/metabolism	6.12035329580207e-05	0.0001257224765577	0.0588235294117647	0.5011717509037	1	1	[33311482]
cell transformation neoplastic/genetics	iron/metabolism	6.12035329580207e-05	0.0001257224765577	0.0588235294117647	0.5011717509037	1	1	[33311482]
carcinoma pancreatic ductal/metabolism	iron/metabolism	6.12035329580207e-05	0.0001257224765577	0.0588235294117647	0.5011717509037	1	1	[33311482]
diet	iron/metabolism	6.12035329580207e-05	0.0001257224765577	0.0588235294117647	0.5011717509037	1	1	[33311482]
iron/metabolism	spiro compounds/pharmacology	6.12035329580207e-05	0.0001257224765577	0.0588235294117647	0.5011717509037	1	1	[33311482]
iron/metabolism	proto-oncogene proteins p21(ras)/metabolism	6.12035329580207e-05	0.0001257224765577	0.0588235294117647	0.5011717509037	1	1	[33311482]
ferroptosis/drug effects	iron/metabolism	0.0068723509875587	0.0099684556826216	0.0215500039907414	0.0131605085751639	4	1	[39276841,32814895,40724917,31980600,30787033,33311482]
iron/metabolism	pancreatitis/genetics	6.12035329580207e-05	0.0001257224765577	0.0588235294117647	0.5011717509037	1	1	[33311482]
iron/metabolism	pancreas/metabolism	6.12035329580207e-05	0.0001257224765577	0.0588235294117647	0.5011717509037	1	1	[33311482]
iron/metabolism	macrophages/drug effects	0.0008029908955162	0.001397871204315	0.0247610159813847	0.186828306325089	2	1	[31980600,30787033]
iron/metabolism	phospholipid hydroperoxide glutathione peroxidase/genetics	6.12035329580207e-05	0.0001257224765577	0.0588235294117647	0.5011717509037	1	1	[33311482]
iron/metabolism	KDM8	6.12035329580207e-05	0.0001257224765577	0.0588235294117647	0.5011717509037	1	1	[33311482]
iron/metabolism	STING1	6.12035329580207e-05	0.0001257224765577	0.0588235294117647	0.5011717509037	1	1	[33311482]
cells cultured	iron/metabolism	0.0032732270710881	0.0051956291419098	0.063354651362646	0.260219474110676	2	2	[39276841,30787033]
iron/metabolism	receptors transferrin/metabolism	0.0005265629672097	0.0009620518512371	0.0759493670886075	0.583915496397244	1	2	[39276841]
aging/metabolism	iron/metabolism	0.0002135798585213	0.0004166921382691	0.0759493670886075	0.583915496397244	1	2	[40724917]
antioxidants/metabolism	iron/metabolism	0.0002135798585213	0.0004166921382691	0.0759493670886075	0.583915496397244	1	2	[40724917]
iron/metabolism	neurons/metabolism	0.0002135798585213	0.0004166921382691	0.0759493670886075	0.583915496397244	1	2	[40724917]
folic acid/pharmacology	iron/metabolism	0.0002135798585213	0.0004166921382691	0.0759493670886075	0.583915496397244	1	2	[40724917]
iron/metabolism	spiral ganglion/drug effects	0.0005265629672097	0.0009620518512371	0.0759493670886075	0.583915496397244	1	2	[39276841]
cystine/metabolism	iron/metabolism	0.0002135798585213	0.0004166921382691	0.0759493670886075	0.583915496397244	1	2	[40724917]
iron/metabolism	organometallic compounds/toxicity	0.0005265629672097	0.0009620518512371	0.0759493670886075	0.583915496397244	1	2	[39276841]
lymph/metabolism	melanoma/blood	9.44154754378701e-11	1.14562710782353e-09	0.037037037037037	0.491090027111315	1	0	[32814895]
lymph/metabolism	neoplasm metastasis/drug therapy	9.44154754378701e-11	1.14562710782353e-09	0.037037037037037	0.491090027111315	1	0	[32814895]
lymph/metabolism	oleic acid/metabolism	9.44154754378701e-11	1.14562710782353e-09	0.037037037037037	0.491090027111315	1	0	[32814895]
lymph/metabolism	oxidative stress/drug effects	0.0009252229168602	0.0021093918702002	0.074074074074074	0.491090027111315	1	0	[32814895]
lymph/metabolism	phospholipid hydroperoxide glutathione peroxidase/metabolism	1.13100478793537e-06	5.82577954709163e-06	0.074074074074074	0.491090027111315	1	0	[32814895]
melanoma/blood	neoplasm metastasis/drug therapy	9.44154754378701e-11	1.14562710782353e-09	0.037037037037037	0.491090027111315	1	0	[32814895]
melanoma/blood	oleic acid/metabolism	9.44154754378701e-11	1.14562710782353e-09	0.037037037037037	0.491090027111315	1	0	[32814895]
melanoma/blood	oxidative stress/drug effects	0.0009252229168602	0.0021093918702002	0.074074074074074	0.491090027111315	1	0	[32814895]
melanoma/blood	phospholipid hydroperoxide glutathione peroxidase/metabolism	1.13100478793537e-06	5.82577954709163e-06	0.074074074074074	0.491090027111315	1	0	[32814895]
neoplasm metastasis/drug therapy	oleic acid/metabolism	9.44154754378701e-11	1.14562710782353e-09	0.037037037037037	0.491090027111315	1	0	[32814895]
neoplasm metastasis/drug therapy	oxidative stress/drug effects	0.0009252229168602	0.0021093918702002	0.074074074074074	0.491090027111315	1	0	[32814895]
neoplasm metastasis/drug therapy	phospholipid hydroperoxide glutathione peroxidase/metabolism	1.13100478793537e-06	5.82577954709163e-06	0.074074074074074	0.491090027111315	1	0	[32814895]
oleic acid/metabolism	oxidative stress/drug effects	0.0009252229168602	0.0021093918702002	0.074074074074074	0.491090027111315	1	0	[32814895]
oleic acid/metabolism	phospholipid hydroperoxide glutathione peroxidase/metabolism	1.13100478793537e-06	5.82577954709163e-06	0.074074074074074	0.491090027111315	1	0	[32814895]
amp-activated protein kinase kinases	oxidative stress/drug effects	0.0013669559477371	0.0022615358442826	0.0294117647058823	0.5011717509037	1	1	[34093872]
BTRC	oxidative stress/drug effects	0.0013669559477371	0.0022615358442826	0.0294117647058823	0.5011717509037	1	1	[34093872]
CTLA4	oxidative stress/drug effects	0.0013669559477371	0.0022615358442826	0.0294117647058823	0.5011717509037	1	1	[34093872]
GABPA	oxidative stress/drug effects	0.0013669559477371	0.0022615358442826	0.0294117647058823	0.5011717509037	1	1	[34093872]
glycogen synthase kinase 3/metabolism	oxidative stress/drug effects	0.0013669559477371	0.0022615358442826	0.0294117647058823	0.5011717509037	1	1	[34093872]
GSK3B	oxidative stress/drug effects	0.0013669559477371	0.0022615358442826	0.0294117647058823	0.5011717509037	1	1	[34093872]
iron/chemistry	oxidative stress/drug effects	0.0013669559477371	0.0022615358442826	0.0294117647058823	0.5011717509037	1	1	[34093872]
lung neoplasms/drug therapy	oxidative stress/drug effects	0.0013669559477371	0.0022615358442826	0.0294117647058823	0.5011717509037	1	1	[34093872]
MTOR	oxidative stress/drug effects	0.0013669559477371	0.0022615358442826	0.0294117647058823	0.5011717509037	1	1	[34093872]
nf-e2-related factor 2/genetics	oxidative stress/drug effects	0.0013669559477371	0.0022615358442826	0.0294117647058823	0.5011717509037	1	1	[34093872]
oxidative stress/drug effects	PRKAA1	0.0013669559477371	0.0022615358442826	0.0294117647058823	0.5011717509037	1	1	[34093872]
oxidative stress/drug effects	PRKAA2	0.0013669559477371	0.0022615358442826	0.0294117647058823	0.5011717509037	1	1	[34093872]
oxidative stress/drug effects	PRKAB1	0.0013669559477371	0.0022615358442826	0.0294117647058823	0.5011717509037	1	1	[34093872]
oxidative stress/drug effects	tor serine-threonine kinases/metabolism	0.0013669559477371	0.0022615358442826	0.0294117647058823	0.5011717509037	1	1	[34093872]
oxidative stress/drug effects	phospholipid hydroperoxide glutathione peroxidase/metabolism	6.48129357638805e-05	0.000132984343149	0.0583845478489903	0.5011717509037	1	1	[39287745,40570981,38581191,39276841,32814895,39212400,40451026,40724917,40703032,40752796,39700767]
ferroptosis/drug effects	oxidative stress/drug effects	0.0017567180517258	0.0029593576351879	2.05168765343371e-05	1.66646193114706e-09	13	2	[39287745,40570981,38581191,39276841,32814895,34093872,39212400,40451026,40724917,40136245,40703032,40752796,39700767]
amino acid transport system y+/metabolism	oxidative stress/drug effects	5.26584982637468e-05	0.0001107006567297	0.000145478726881	0.0014456026634706	6	2	[39276841,39212400,40451026,40724917,40703032,40752796]
FTH1	oxidative stress/drug effects	0.0012633860429129	0.0021908632216265	0.0021509469877224	0.0270361376697864	4	2	[39212400,39287745,40724917,38581191]
cell line	oxidative stress/drug effects	0.0054077123488796	0.0082343552838319	0.0122790655914691	0.0270361376697864	4	2	[40703032,39287745,40752796,40724917]
oxidative stress/drug effects	SLC7A11	7.0678453333417e-05	0.0001445589930112	0.0001435434077668	0.0002743086977019	7	2	[38581191,39276841,39212400,40451026,40724917,40703032,40752796]
oxidative stress/drug effects	ROS1	0.0054077123488796	0.0082343552838319	0.0221552409463665	0.0270361376697864	4	2	[39700767,40451026,40752796,38581191]
malondialdehyde/metabolism	oxidative stress/drug effects	0.0049765608086923	0.0076021905283635	0.0253164556962025	0.260219474110676	2	2	[39212400,40451026]
neurons/drug effects	oxidative stress/drug effects	0.0002567656931961	0.0004933246711169	0.0036166365280289	0.0923383282746833	3	2	[39287745,40570981,39276841]
oxidative stress/drug effects	TFRC	0.0049765608086923	0.0076021905283635	0.0253164556962025	0.260219474110676	2	2	[39276841,40451026]
oxidative stress/drug effects	selenomethionine/pharmacology	0.003891312982533	0.0060449250695597	0.164556962025316	0.583915496397244	1	2	[39700767]
chondrocytes/drug effects	oxidative stress/drug effects	0.003891312982533	0.0060449250695597	0.164556962025316	0.583915496397244	1	2	[39700767]
dna-(apurinic or apyrimidinic site) lyase/metabolism	oxidative stress/drug effects	0.001143667373756	0.001996538355438	0.164556962025316	0.583915496397244	1	2	[40136245]
oxidative stress/drug effects	selenium/chemistry	0.000482318717482	0.0008906804286957	0.164556962025316	0.583915496397244	1	2	[40570981]
cartilage articular/drug effects	oxidative stress/drug effects	0.003891312982533	0.0060449250695597	0.164556962025316	0.583915496397244	1	2	[39700767]
oxidative stress/drug effects	t-2 toxin/toxicity	0.003891312982533	0.0060449250695597	0.164556962025316	0.583915496397244	1	2	[39700767]
APEX1	oxidative stress/drug effects	0.001143667373756	0.001996538355438	0.164556962025316	0.583915496397244	1	2	[40136245]
cells cultured	phospholipid hydroperoxide glutathione peroxidase/metabolism	0.0030517326101732	0.0063715079694041	0.145299145299145	0.491090027111315	1	0	[39276841,30787033,40570981,39700767]
host-pathogen interactions	phospholipid hydroperoxide glutathione peroxidase/metabolism	1.70932890064535e-08	1.52995488020725e-07	0.074074074074074	0.491090027111315	1	0	[30787033]
iron chelating agents/pharmacology	phospholipid hydroperoxide glutathione peroxidase/metabolism	1.70932890064535e-08	1.52995488020725e-07	0.074074074074074	0.491090027111315	1	0	[30787033]
phospholipid hydroperoxide glutathione peroxidase/metabolism	tuberculosis/metabolism	1.70932890064535e-08	1.52995488020725e-07	0.074074074074074	0.491090027111315	1	0	[30787033]
macrophages/drug effects	phospholipid hydroperoxide glutathione peroxidase/metabolism	0.0056610184889931	0.008358574270831	0.142669007901668	0.5011717509037	1	1	[30787033]
ferroptosis/drug effects	phospholipid hydroperoxide glutathione peroxidase/metabolism	0.0008421867925606	0.0014970768743252	5.28704126077147e-05	1.5116732719636e-08	12	2	[39287745,40570981,38581191,39276841,32814895,39212400,40451026,40724917,40703032,30787033,40752796,39700767]
amino acid transport system y+/metabolism	phospholipid hydroperoxide glutathione peroxidase/metabolism	4.8997245717386e-06	1.18298996905347e-05	8.03610871784601e-05	0.0014456026634706	6	2	[39276841,39212400,40451026,40724917,40703032,40752796]
cell line	phospholipid hydroperoxide glutathione peroxidase/metabolism	0.001539165040075	0.0026130236741273	0.0088061248073294	0.0270361376697864	4	2	[40703032,39287745,40752796,40724917]
FTH1	phospholipid hydroperoxide glutathione peroxidase/metabolism	0.0002743092243461	0.0005261554336437	0.0015066878491262	0.0270361376697864	4	2	[39212400,39287745,40724917,38581191]
phospholipid hydroperoxide glutathione peroxidase/metabolism	SLC7A11	6.15726042385578e-06	1.46602302549141e-05	6.9852410724308e-05	0.0002743086977019	7	2	[38581191,39276841,39212400,40451026,40724917,40703032,40752796]
phospholipid hydroperoxide glutathione peroxidase/metabolism	ROS1	0.001539165040075	0.0026130236741273	0.0160775945741219	0.0270361376697864	4	2	[39700767,40451026,40752796,38581191]
phospholipid hydroperoxide glutathione peroxidase/metabolism	selenomethionine/pharmacology	0.0015729268558523	0.0026591677661385	0.151898734177215	0.583915496397244	1	2	[39700767]
phospholipid hydroperoxide glutathione peroxidase/metabolism	polysaccharides/pharmacology	0.0060478533588005	0.0090656099040005	0.151898734177215	0.583915496397244	1	2	[40752796]
malondialdehyde/metabolism	phospholipid hydroperoxide glutathione peroxidase/metabolism	0.001800873105423	0.0030173865985743	0.0214216163583252	0.260219474110676	2	2	[39212400,40451026]
chondrocytes/drug effects	phospholipid hydroperoxide glutathione peroxidase/metabolism	0.0015729268558523	0.0026591677661385	0.151898734177215	0.583915496397244	1	2	[39700767]
chalcones/toxicity	phospholipid hydroperoxide glutathione peroxidase/metabolism	0.0060478533588005	0.0090656099040005	0.151898734177215	0.583915496397244	1	2	[38581191]
neurons/drug effects	phospholipid hydroperoxide glutathione peroxidase/metabolism	4.77180555576995e-05	0.0001005500930799	0.0027820280984837	0.0923383282746833	3	2	[39287745,40570981,39276841]
embryo nonmammalian/drug effects	phospholipid hydroperoxide glutathione peroxidase/metabolism	0.0060478533588005	0.0090656099040005	0.151898734177215	0.583915496397244	1	2	[38581191]
kidney/drug effects	phospholipid hydroperoxide glutathione peroxidase/metabolism	0.0060478533588005	0.0090656099040005	0.151898734177215	0.583915496397244	1	2	[40752796]
membrane potential mitochondrial/drug effects	phospholipid hydroperoxide glutathione peroxidase/metabolism	0.0060478533588005	0.0090656099040005	0.151898734177215	0.583915496397244	1	2	[38581191]
phospholipid hydroperoxide glutathione peroxidase/metabolism	selenium/chemistry	0.0001365099814025	0.0002709079468846	0.151898734177215	0.583915496397244	1	2	[40570981]
cartilage articular/drug effects	phospholipid hydroperoxide glutathione peroxidase/metabolism	0.0015729268558523	0.0026591677661385	0.151898734177215	0.583915496397244	1	2	[39700767]
diabetic nephropathies/drug therapy	phospholipid hydroperoxide glutathione peroxidase/metabolism	0.0060478533588005	0.0090656099040005	0.151898734177215	0.583915496397244	1	2	[40752796]
phospholipid hydroperoxide glutathione peroxidase/metabolism	t-2 toxin/toxicity	0.0015729268558523	0.0026591677661385	0.151898734177215	0.583915496397244	1	2	[39700767]
chemical and drug induced liver injury/metabolism	phospholipid hydroperoxide glutathione peroxidase/metabolism	0.0060478533588005	0.0090656099040005	0.151898734177215	0.583915496397244	1	2	[38581191]
LPO	phospholipid hydroperoxide glutathione peroxidase/metabolism	0.0060478533588005	0.0090656099040005	0.151898734177215	0.583915496397244	1	2	[40752796]
ATP8A2	phospholipid hydroperoxide glutathione peroxidase/metabolism	0.0060478533588005	0.0090656099040005	0.151898734177215	0.583915496397244	1	2	[38581191]
phospholipid hydroperoxide glutathione peroxidase/metabolism	TFRC	0.001800873105423	0.0030173865985743	0.0214216163583252	0.260219474110676	2	2	[39276841,40451026]
ACSL4	AIFM2	9.44154754378701e-11	1.14562710782353e-09	0.037037037037037	0.491090027111315	1	0	[33277233]
ACSL4	antineoplastic agents/pharmacology	0.0015588727606166	0.0025467155403098	0.102941176470588	0.5011717509037	1	1	[33277233]
ACSL4	ATL1	9.44154754378701e-11	1.14562710782353e-09	0.037037037037037	0.491090027111315	1	0	[33277233]
ACSL4	autophagy/drug effects	8.60452407625001e-06	3.66957644428309e-05	0.074074074074074	0.491090027111315	1	0	[33277233]
ACSL4	cd8-positive t-lymphocytes/drug effects	9.44154754378701e-11	1.14562710782353e-09	0.037037037037037	0.491090027111315	1	0	[33277233]
ACSL4	CD8A	0.002538011801026	0.0040234307847719	0.117647058823529	0.5011717509037	1	1	[33277233]
ACSL4	endoplasmic reticulum/drug effects	9.44154754378701e-11	1.14562710782353e-09	0.037037037037037	0.491090027111315	1	0	[33277233]
ACSL4	neoplasms/drug therapy	1.29861397354381e-05	5.27448252559809e-05	0.074074074074074	0.491090027111315	1	0	[33277233]
ACSL4	S100A4	9.44154754378701e-11	1.14562710782353e-09	0.037037037037037	0.491090027111315	1	0	[33277233]
ACSL4	cyclohexylamines	2.43524000964612e-09	7.99316592930557e-09	0.0253164556962025	0.583915496397244	1	2	[39212400]
ACSL4	leydig cells/metabolism	2.43524000964612e-09	7.99316592930557e-09	0.0253164556962025	0.583915496397244	1	2	[39212400]
ACSL4	malondialdehyde/metabolism	3.81871911977472e-05	8.30214398894256e-05	0.0503083414475819	0.583915496397244	1	2	[39212400]
ACSL4	superoxide dismutase/metabolism	2.43524000964612e-09	7.99316592930557e-09	0.0253164556962025	0.583915496397244	1	2	[39212400]
ACSL4	testosterone	2.43524000964612e-09	7.99316592930557e-09	0.0253164556962025	0.583915496397244	1	2	[39212400]
ACSL4	phenylenediamines	2.43524000964612e-09	7.99316592930557e-09	0.0253164556962025	0.583915496397244	1	2	[39212400]
ACSL4	drugs chinese herbal/pharmacology	2.43524000964612e-09	7.99316592930557e-09	0.0253164556962025	0.583915496397244	1	2	[39212400]
ACSL4	hydrogen peroxide	2.43524000964612e-09	7.99316592930557e-09	0.0253164556962025	0.583915496397244	1	2	[39212400]
ACSL4	TPM3	2.43524000964612e-09	7.99316592930557e-09	0.0253164556962025	0.583915496397244	1	2	[39212400]
AIFM2	antineoplastic agents/pharmacology	0.0015588727606166	0.0025467155403098	0.102941176470588	0.5011717509037	1	1	[33277233]
AIFM2	ATL1	9.44154754378701e-11	1.14562710782353e-09	0.037037037037037	0.491090027111315	1	0	[33277233]
AIFM2	autophagy/drug effects	8.60452407625001e-06	3.66957644428309e-05	0.074074074074074	0.491090027111315	1	0	[33277233]
AIFM2	cd8-positive t-lymphocytes/drug effects	9.44154754378701e-11	1.14562710782353e-09	0.037037037037037	0.491090027111315	1	0	[33277233]
AIFM2	CD8A	0.002538011801026	0.0040234307847719	0.117647058823529	0.5011717509037	1	1	[33277233]
AIFM2	endoplasmic reticulum/drug effects	9.44154754378701e-11	1.14562710782353e-09	0.037037037037037	0.491090027111315	1	0	[33277233]
AIFM2	neoplasms/drug therapy	1.29861397354381e-05	5.27448252559809e-05	0.074074074074074	0.491090027111315	1	0	[33277233]
AIFM2	S100A4	9.44154754378701e-11	1.14562710782353e-09	0.037037037037037	0.491090027111315	1	0	[33277233]
antineoplastic agents/pharmacology	ASAH2	0.0050078979304749	0.0074820939061317	0.102941176470588	0.5011717509037	1	1	[33547170]
antineoplastic agents/pharmacology	ATG5	0.0024359773054146	0.0038788378911146	0.102941176470588	0.5011717509037	1	1	[33926261]
antineoplastic agents/pharmacology	ATL1	0.0015588727606166	0.0025467155403098	0.102941176470588	0.5011717509037	1	1	[33277233]
antineoplastic agents/pharmacology	autophagy-related proteins/genetics	0.0024359773054146	0.0038788378911146	0.102941176470588	0.5011717509037	1	1	[33926261]
antineoplastic agents/pharmacology	autophagy/drug effects	2.27004838070366e-05	4.94963089276031e-05	0.0092186128182616	0.186828306325089	2	1	[33277233,33926261]
antineoplastic agents/pharmacology	basic-leucine zipper transcription factors/analysis	0.0024359773054146	0.0038788378911146	0.102941176470588	0.5011717509037	1	1	[34991659]
antineoplastic agents/pharmacology	cd8-positive t-lymphocytes/drug effects	0.0015588727606166	0.0025467155403098	0.102941176470588	0.5011717509037	1	1	[33277233]
antineoplastic agents/pharmacology	cell cycle/drug effects	0.0024359773054146	0.0038788378911146	0.102941176470588	0.5011717509037	1	1	[33926261]
antineoplastic agents/pharmacology	colonic neoplasms/drug therapy	0.0050078979304749	0.0074820939061317	0.102941176470588	0.5011717509037	1	1	[33547170]
antineoplastic agents/pharmacology	drug resistance neoplasm	0.0024359773054146	0.0038788378911146	0.102941176470588	0.5011717509037	1	1	[34991659]
antineoplastic agents/pharmacology	endoplasmic reticulum/drug effects	0.0015588727606166	0.0025467155403098	0.102941176470588	0.5011717509037	1	1	[33277233]
antineoplastic agents/pharmacology	flavonolignans/pharmacology	0.0024359773054146	0.0038788378911146	0.102941176470588	0.5011717509037	1	1	[33926261]
antineoplastic agents/pharmacology	GGT1	0.0024359773054146	0.0038788378911146	0.102941176470588	0.5011717509037	1	1	[34991659]
antineoplastic agents/pharmacology	glutathione peroxidase/metabolism	0.0024359773054146	0.0038788378911146	0.102941176470588	0.5011717509037	1	1	[33926261]
antineoplastic agents/pharmacology	heme oxygenase-1/metabolism	0.0050078979304749	0.0074820939061317	0.102941176470588	0.5011717509037	1	1	[33547170]
antineoplastic agents/pharmacology	HLF	0.0024359773054146	0.0038788378911146	0.102941176470588	0.5011717509037	1	1	[34991659]
antineoplastic agents/pharmacology	HMOX1	0.0050078979304749	0.0074820939061317	0.102941176470588	0.5011717509037	1	1	[33547170]
antineoplastic agents/pharmacology	JAK2	0.0024359773054146	0.0038788378911146	0.102941176470588	0.5011717509037	1	1	[34991659]
antineoplastic agents/pharmacology	jurkat cells	0.0001806054803238	0.0003441636472961	0.0092186128182616	0.186828306325089	2	1	[32778843,33926261]
antineoplastic agents/pharmacology	lymphocytes tumor-infiltrating/immunology	0.0050078979304749	0.0074820939061317	0.102941176470588	0.5011717509037	1	1	[33547170]
antineoplastic agents/pharmacology	membrane proteins/metabolism	0.0050078979304749	0.0074820939061317	0.102941176470588	0.5011717509037	1	1	[33547170]
antineoplastic agents/pharmacology	myeloid-derived suppressor cells/immunology	0.0050078979304749	0.0074820939061317	0.102941176470588	0.5011717509037	1	1	[33547170]
antineoplastic agents/pharmacology	neutral ceramidase/antagonists &amp; inhibitors	0.0050078979304749	0.0074820939061317	0.102941176470588	0.5011717509037	1	1	[33547170]
antineoplastic agents/pharmacology	precursor cell lymphoblastic leukemia-lymphoma/metabolism	0.0024359773054146	0.0038788378911146	0.102941176470588	0.5011717509037	1	1	[33926261]
antineoplastic agents/pharmacology	reactive oxygen species/metabolism	0.0057497382773835	0.0084878216753878	0.0201800567513806	0.054769758680606	3	1	[33547170,32778843,33926261]
antineoplastic agents/pharmacology	S100A4	0.0015588727606166	0.0025467155403098	0.102941176470588	0.5011717509037	1	1	[33277233]
antineoplastic agents/pharmacology	SMAD3	0.0024359773054146	0.0038788378911146	0.102941176470588	0.5011717509037	1	1	[34991659]
antineoplastic agents/pharmacology	t-lymphocytes/immunology	0.0050078979304749	0.0074820939061317	0.102941176470588	0.5011717509037	1	1	[33547170]
antineoplastic agents/pharmacology	triple negative breast neoplasms/drug therapy	0.0024359773054146	0.0038788378911146	0.102941176470588	0.5011717509037	1	1	[34991659]
antineoplastic agents/pharmacology	tumor-associated macrophages/drug effects	0.0024359773054146	0.0038788378911146	0.102941176470588	0.5011717509037	1	1	[34991659]
antineoplastic agents/pharmacology	biopterins/analogs &amp; derivatives	0.0057503256328302	0.0086565539193184	0.0886075949367088	0.583915496397244	1	2	[32778843]
antineoplastic agents/pharmacology	cystine/antagonists &amp; inhibitors	0.0057503256328302	0.0086565539193184	0.0886075949367088	0.583915496397244	1	2	[32778843]
antineoplastic agents/pharmacology	folic acid antagonists/pharmacology	0.0057503256328302	0.0086565539193184	0.0886075949367088	0.583915496397244	1	2	[32778843]
antineoplastic agents/pharmacology	methotrexate/pharmacology	0.0057503256328302	0.0086565539193184	0.0886075949367088	0.583915496397244	1	2	[32778843]
antineoplastic agents/pharmacology	phospholipid hydroperoxide glutathione peroxidase/antagonists &amp; inhibitors	0.0057503256328302	0.0086565539193184	0.0886075949367088	0.583915496397244	1	2	[32778843]
antineoplastic agents/pharmacology	tetrahydrofolate dehydrogenase/genetics	0.0057503256328302	0.0086565539193184	0.0886075949367088	0.583915496397244	1	2	[32778843]
antineoplastic agents/pharmacology	vitamin e/pharmacology	0.0057503256328302	0.0086565539193184	0.0886075949367088	0.583915496397244	1	2	[32778843]
antineoplastic agents/pharmacology	neoplasm recurrence local	0.0043931949900174	0.0067403472022652	0.0886075949367088	0.583915496397244	1	2	[27756885]
antineoplastic agents/pharmacology	hydroxymethylglutaryl-coa reductase inhibitors/pharmacology	0.0043931949900174	0.0067403472022652	0.0886075949367088	0.583915496397244	1	2	[27756885]
antineoplastic agents/pharmacology	breast neoplasms/drug therapy	0.0043931949900174	0.0067403472022652	0.0886075949367088	0.583915496397244	1	2	[27756885]
antineoplastic agents/pharmacology	inflammation/immunology	0.0043931949900174	0.0067403472022652	0.0886075949367088	0.583915496397244	1	2	[27756885]
antineoplastic agents/pharmacology	macrophage colony-stimulating factor/antagonists &amp; inhibitors	0.0043931949900174	0.0067403472022652	0.0886075949367088	0.583915496397244	1	2	[27756885]
antineoplastic agents/pharmacology	mesenchymal stem cells/immunology	0.0043931949900174	0.0067403472022652	0.0886075949367088	0.583915496397244	1	2	[27756885]
antineoplastic agents/pharmacology	neoplasm invasiveness	0.0043931949900174	0.0067403472022652	0.0886075949367088	0.583915496397244	1	2	[27756885]
antineoplastic agents/pharmacology	EEF1A2	0.0043931949900174	0.0067403472022652	0.0886075949367088	0.583915496397244	1	2	[27756885]
ATL1	autophagy/drug effects	8.60452407625001e-06	3.66957644428309e-05	0.074074074074074	0.491090027111315	1	0	[33277233]
ATL1	cd8-positive t-lymphocytes/drug effects	9.44154754378701e-11	1.14562710782353e-09	0.037037037037037	0.491090027111315	1	0	[33277233]
ATL1	CD8A	0.002538011801026	0.0040234307847719	0.117647058823529	0.5011717509037	1	1	[33277233]
ATL1	endoplasmic reticulum/drug effects	9.44154754378701e-11	1.14562710782353e-09	0.037037037037037	0.491090027111315	1	0	[33277233]
ATL1	neoplasms/drug therapy	1.29861397354381e-05	5.27448252559809e-05	0.074074074074074	0.491090027111315	1	0	[33277233]
ATL1	S100A4	9.44154754378701e-11	1.14562710782353e-09	0.037037037037037	0.491090027111315	1	0	[33277233]
ATG5	autophagy/drug effects	1.96134005804316e-05	6.48561706764557e-05	0.074074074074074	0.491090027111315	1	0	[33926261]
autophagy-related proteins/genetics	autophagy/drug effects	1.96134005804316e-05	6.48561706764557e-05	0.074074074074074	0.491090027111315	1	0	[33926261]
autophagy/drug effects	cd8-positive t-lymphocytes/drug effects	8.60452407625001e-06	3.66957644428309e-05	0.074074074074074	0.491090027111315	1	0	[33277233]
autophagy/drug effects	cell cycle/drug effects	1.96134005804316e-05	6.48561706764557e-05	0.074074074074074	0.491090027111315	1	0	[33926261]
autophagy/drug effects	endoplasmic reticulum/drug effects	8.60452407625001e-06	3.66957644428309e-05	0.074074074074074	0.491090027111315	1	0	[33277233]
autophagy/drug effects	flavonolignans/pharmacology	1.96134005804316e-05	6.48561706764557e-05	0.074074074074074	0.491090027111315	1	0	[33926261]
autophagy/drug effects	glutathione peroxidase/metabolism	1.96134005804316e-05	6.48561706764557e-05	0.074074074074074	0.491090027111315	1	0	[33926261]
autophagy/drug effects	jurkat cells	1.20997385167909e-05	2.74687443616853e-05	0.0583845478489903	0.5011717509037	1	1	[33926261]
autophagy/drug effects	neoplasms/drug therapy	0.0030275730352965	0.006325620895072	0.145299145299145	0.491090027111315	1	0	[33277233]
autophagy/drug effects	precursor cell lymphoblastic leukemia-lymphoma/metabolism	1.96134005804316e-05	6.48561706764557e-05	0.074074074074074	0.491090027111315	1	0	[33926261]
autophagy/drug effects	ROS1	0.0010609808949021	0.00180575874466	0.115013169446883	0.5011717509037	1	1	[33926261]
autophagy/drug effects	S100A4	8.60452407625001e-06	3.66957644428309e-05	0.074074074074074	0.491090027111315	1	0	[33277233]
cd8-positive t-lymphocytes/drug effects	CD8A	0.002538011801026	0.0040234307847719	0.117647058823529	0.5011717509037	1	1	[33277233]
cd8-positive t-lymphocytes/drug effects	endoplasmic reticulum/drug effects	9.44154754378701e-11	1.14562710782353e-09	0.037037037037037	0.491090027111315	1	0	[33277233]
cd8-positive t-lymphocytes/drug effects	neoplasms/drug therapy	1.29861397354381e-05	5.27448252559809e-05	0.074074074074074	0.491090027111315	1	0	[33277233]
cd8-positive t-lymphocytes/drug effects	S100A4	9.44154754378701e-11	1.14562710782353e-09	0.037037037037037	0.491090027111315	1	0	[33277233]
amino acid transport system y+/genetics	CD8A	0.002538011801026	0.0040234307847719	0.117647058823529	0.5011717509037	1	1	[31554642]
antibodies monoclonal humanized/pharmacology	CD8A	0.0054656442930108	0.0081371567611152	0.117647058823529	0.5011717509037	1	1	[33691090]
antineoplastic agents immunological/administration &amp; dosage	CD8A	0.002538011801026	0.0040234307847719	0.117647058823529	0.5011717509037	1	1	[31554642]
ATM	CD8A	0.002538011801026	0.0040234307847719	0.117647058823529	0.5011717509037	1	1	[31554642]
cd36 antigens/antagonists &amp; inhibitors	CD8A	0.0054656442930108	0.0081371567611152	0.117647058823529	0.5011717509037	1	1	[33691090]
cd8-positive t-lymphocytes/immunology	CD8A	1.36214029252679e-05	3.07285472978896e-05	8.59544318719033e-05	0.0131605085751639	4	1	[34093872,31554642,31043744,39321806]
CD8A	cysteine/metabolism	0.0054656442930108	0.0081371567611152	0.117647058823529	0.5011717509037	1	1	[31043744]
CD8A	endoplasmic reticulum/drug effects	0.002538011801026	0.0040234307847719	0.117647058823529	0.5011717509037	1	1	[33277233]
CD8A	fatty acids/metabolism	0.0054656442930108	0.0081371567611152	0.117647058823529	0.5011717509037	1	1	[33691090]
CD8A	fusion regulatory protein 1 heavy chain/metabolism	0.0054656442930108	0.0081371567611152	0.117647058823529	0.5011717509037	1	1	[31043744]
CD8A	gene expression regulation neoplastic/drug effects	0.002538011801026	0.0040234307847719	0.117647058823529	0.5011717509037	1	1	[31554642]
CD8A	interferon-gamma/immunology	0.0054656442930108	0.0081371567611152	0.117647058823529	0.5011717509037	1	1	[31043744]
CD8A	lipid metabolism/drug effects	0.002538011801026	0.0040234307847719	0.117647058823529	0.5011717509037	1	1	[31554642]
CD8A	melanoma/genetics	0.0054656442930108	0.0081371567611152	0.117647058823529	0.5011717509037	1	1	[31043744]
CD8A	multiple myeloma/drug therapy	0.0054656442930108	0.0081371567611152	0.117647058823529	0.5011717509037	1	1	[33691090]
CD8A	nivolumab/therapeutic use	0.0054656442930108	0.0081371567611152	0.117647058823529	0.5011717509037	1	1	[31043744]
CD8A	PDCD1	0.0013497045721265	0.0022475215307693	0.0011629429978859	0.0131605085751639	4	1	[34093872,35238098,33691090,39321806]
CD8A	RPL17	0.0013497045721265	0.0022475215307693	0.0011629429978859	0.0131605085751639	4	1	[34093872,35238098,33691090,39321806]
CD8A	RPL17-C18orf32	0.0013497045721265	0.0022475215307693	0.0011629429978859	0.0131605085751639	4	1	[34093872,35238098,33691090,39321806]
CD8A	S100A4	0.002538011801026	0.0040234307847719	0.117647058823529	0.5011717509037	1	1	[33277233]
CD8A	SLC3A2	0.0054656442930108	0.0081371567611152	0.117647058823529	0.5011717509037	1	1	[31043744]
CD8A	SLC9A1	0.0029503525626719	0.006173176357683	0.0284900284900284	0.178864212567384	2	0	[31043744,31554642]
CD8A	sulfasalazine/administration &amp; dosage	0.002538011801026	0.0040234307847719	0.117647058823529	0.5011717509037	1	1	[31554642]
CD8A	interleukins/metabolism	0.0066027898080036	0.0097956938568895	0.10126582278481	0.583915496397244	1	2	[39321806]
CD8A	tumor escape/immunology	0.0066027898080036	0.0097956938568895	0.10126582278481	0.583915496397244	1	2	[39321806]
CD8A	liver neoplasms/immunology	0.0066027898080036	0.0097956938568895	0.10126582278481	0.583915496397244	1	2	[39321806]
CD8A	cellular reprogramming/immunology	0.0066027898080036	0.0097956938568895	0.10126582278481	0.583915496397244	1	2	[39321806]
CD8A	neoplastic stem cells/immunology	0.0066027898080036	0.0097956938568895	0.10126582278481	0.583915496397244	1	2	[39321806]
CD8A	IL34	0.0066027898080036	0.0097956938568895	0.10126582278481	0.583915496397244	1	2	[39321806]
endoplasmic reticulum/drug effects	neoplasms/drug therapy	1.29861397354381e-05	5.27448252559809e-05	0.074074074074074	0.491090027111315	1	0	[33277233]
endoplasmic reticulum/drug effects	S100A4	9.44154754378701e-11	1.14562710782353e-09	0.037037037037037	0.491090027111315	1	0	[33277233]
antineoplastic agents/chemistry	neoplasms/drug therapy	5.6844185756133e-05	0.0001786003669477	0.074074074074074	0.491090027111315	1	0	[31509699]
apoptosis/drug effects	neoplasms/drug therapy	0.0015006475463213	0.0033068980883982	0.145299145299145	0.491090027111315	1	0	[31509699]
biological products/chemistry	neoplasms/drug therapy	5.6844185756133e-05	0.0001786003669477	0.074074074074074	0.491090027111315	1	0	[31509699]
dichloroacetic acid/chemistry	neoplasms/drug therapy	5.6844185756133e-05	0.0001786003669477	0.074074074074074	0.491090027111315	1	0	[31509699]
drug synergism	neoplasms/drug therapy	5.6844185756133e-05	0.0001786003669477	0.074074074074074	0.491090027111315	1	0	[31509699]
energy metabolism/drug effects	neoplasms/drug therapy	5.6844185756133e-05	0.0001786003669477	0.074074074074074	0.491090027111315	1	0	[31509699]
macrophages/cytology	neoplasms/drug therapy	0.0030275730352965	0.006325620895072	0.145299145299145	0.491090027111315	1	0	[31509699]
neoplasms/drug therapy	protein kinase inhibitors/chemistry	5.6844185756133e-05	0.0001786003669477	0.074074074074074	0.491090027111315	1	0	[31509699]
neoplasms/drug therapy	pyruvate dehydrogenase acetyl-transferring kinase/antagonists &amp; inhibitors	5.6844185756133e-05	0.0001786003669477	0.074074074074074	0.491090027111315	1	0	[31509699]
neoplasms/drug therapy	ROS1	0.0013441460741747	0.0022398267643828	0.115013169446883	0.5011717509037	1	1	[31509699]
neoplasms/drug therapy	S100A4	1.29861397354381e-05	5.27448252559809e-05	0.074074074074074	0.491090027111315	1	0	[33277233]
neoplasms/drug therapy	saponins/chemistry	5.6844185756133e-05	0.0001786003669477	0.074074074074074	0.491090027111315	1	0	[31509699]
mitochondria/drug effects	neoplasms/drug therapy	0.000482721111329	0.0008653482253365	0.0583845478489903	0.5011717509037	1	1	[31509699]
actins/metabolism	amino acid transport system y+/metabolism	0.0009142822313443	0.0021059717799036	0.074074074074074	0.491090027111315	1	0	[34811833]
actins/metabolism	cell line	5.72955623634464e-06	2.46890239010393e-05	0.037037037037037	0.491090027111315	1	0	[34811833]
actins/metabolism	collagen type i/metabolism	5.72955623634464e-06	2.46890239010393e-05	0.037037037037037	0.491090027111315	1	0	[34811833]
actins/metabolism	FN1	5.72955623634464e-06	2.46890239010393e-05	0.037037037037037	0.491090027111315	1	0	[34811833]
actins/metabolism	FUT1	5.72955623634464e-06	2.46890239010393e-05	0.037037037037037	0.491090027111315	1	0	[34811833]
actins/metabolism	hepatic stellate cells/drug effects	5.72955623634464e-06	2.46890239010393e-05	0.037037037037037	0.491090027111315	1	0	[34811833]
actins/metabolism	hepatocytes/drug effects	5.72955623634464e-06	2.46890239010393e-05	0.037037037037037	0.491090027111315	1	0	[34811833]
actins/metabolism	HIF1A	5.72955623634464e-06	2.46890239010393e-05	0.037037037037037	0.491090027111315	1	0	[34811833]
actins/metabolism	hypoxia-inducible factor 1 alpha subunit/metabolism	5.72955623634464e-06	2.46890239010393e-05	0.037037037037037	0.491090027111315	1	0	[34811833]
actins/metabolism	liver cirrhosis/drug therapy	5.72955623634464e-06	2.46890239010393e-05	0.037037037037037	0.491090027111315	1	0	[34811833]
actins/metabolism	macrophages/drug effects	0.0019364221367503	0.0031229382209923	0.0735294117647058	0.5011717509037	1	1	[34811833]
actins/metabolism	MMRN1	5.72955623634464e-06	2.46890239010393e-05	0.037037037037037	0.491090027111315	1	0	[34811833]
actins/metabolism	ROS1	6.12035329580207e-05	0.0001257224765577	0.0588235294117647	0.5011717509037	1	1	[34811833]
actins/metabolism	SLC7A11	9.74375492426294e-05	0.0001969359603558	0.0588235294117647	0.5011717509037	1	1	[34811833]
actins/metabolism	sorafenib/pharmacology	5.72955623634464e-06	2.46890239010393e-05	0.037037037037037	0.491090027111315	1	0	[34811833]
amino acid transport system y+/metabolism	b7-h1 antigen/antagonists &amp; inhibitors	3.68445434104636e-05	7.80564122443963e-05	0.0583845478489903	0.5011717509037	1	1	[31043744]
amino acid transport system y+/metabolism	cell line	0.0009142822313443	0.0021059717799036	0.074074074074074	0.491090027111315	1	0	[40703032,34811833,40752796,40724917]
amino acid transport system y+/metabolism	collagen type i/metabolism	0.0009142822313443	0.0021059717799036	0.074074074074074	0.491090027111315	1	0	[34811833]
amino acid transport system y+/metabolism	cysteine/metabolism	0.0002401445231134	0.0007043559873365	0.074074074074074	0.491090027111315	1	0	[31043744]
amino acid transport system y+/metabolism	FN1	0.0009142822313443	0.0021059717799036	0.074074074074074	0.491090027111315	1	0	[34811833]
amino acid transport system y+/metabolism	fusion regulatory protein 1 heavy chain/metabolism	0.0002401445231134	0.0007043559873365	0.074074074074074	0.491090027111315	1	0	[31043744]
amino acid transport system y+/metabolism	FUT1	0.0009142822313443	0.0021059717799036	0.074074074074074	0.491090027111315	1	0	[34811833]
amino acid transport system y+/metabolism	hepatic stellate cells/drug effects	0.0009142822313443	0.0021059717799036	0.074074074074074	0.491090027111315	1	0	[34811833]
amino acid transport system y+/metabolism	hepatocytes/drug effects	0.0009142822313443	0.0021059717799036	0.074074074074074	0.491090027111315	1	0	[34811833]
amino acid transport system y+/metabolism	HIF1A	0.0009142822313443	0.0021059717799036	0.074074074074074	0.491090027111315	1	0	[34811833]
amino acid transport system y+/metabolism	hypoxia-inducible factor 1 alpha subunit/metabolism	0.0009142822313443	0.0021059717799036	0.074074074074074	0.491090027111315	1	0	[34811833]
amino acid transport system y+/metabolism	interferon-gamma/immunology	0.0002401445231134	0.0007043559873365	0.074074074074074	0.491090027111315	1	0	[31043744]
amino acid transport system y+/metabolism	liver cirrhosis/drug therapy	0.0009142822313443	0.0021059717799036	0.074074074074074	0.491090027111315	1	0	[34811833]
amino acid transport system y+/metabolism	melanoma/genetics	0.0002401445231134	0.0007043559873365	0.074074074074074	0.491090027111315	1	0	[31043744]
amino acid transport system y+/metabolism	MMRN1	0.0009142822313443	0.0021059717799036	0.074074074074074	0.491090027111315	1	0	[34811833]
amino acid transport system y+/metabolism	nivolumab/therapeutic use	0.0002401445231134	0.0007043559873365	0.074074074074074	0.491090027111315	1	0	[31043744]
amino acid transport system y+/metabolism	ROS1	0.0035160552113981	0.0054180966889036	0.115013169446883	0.5011717509037	1	1	[34811833,40451026,40752796]
amino acid transport system y+/metabolism	SLC3A2	0.0002401445231134	0.0007043559873365	0.074074074074074	0.491090027111315	1	0	[31043744]
amino acid transport system y+/metabolism	SLC7A11	0.0007172013630675	0.0016800355031468	0.017094017094017	0.178864212567384	2	0	[31043744,39276841,39212400,40451026,40724917,40703032,34811833,40752796]
amino acid transport system y+/metabolism	SLC9A1	1.80336747982457e-05	3.98296909950776e-05	0.0583845478489903	0.5011717509037	1	1	[31043744]
amino acid transport system y+/metabolism	sorafenib/pharmacology	0.0009142822313443	0.0021059717799036	0.074074074074074	0.491090027111315	1	0	[34811833]
amino acid transport system y+/metabolism	reactive oxygen species/metabolism	0.003002905672499	0.0047844007767083	0.0112299480629269	0.0270361376697864	4	2	[31043744,39276841,40451026,40724917]
amino acid transport system y+/metabolism	receptors transferrin/metabolism	0.0055329093927494	0.0083886380493073	0.10126582278481	0.583915496397244	1	2	[39276841]
amino acid transport system y+/metabolism	cyclohexylamines	0.0055329093927494	0.0083886380493073	0.10126582278481	0.583915496397244	1	2	[39212400]
amino acid transport system y+/metabolism	polysaccharides/pharmacology	0.0013565528640496	0.0023230141331607	0.10126582278481	0.583915496397244	1	2	[40752796]
amino acid transport system y+/metabolism	leydig cells/metabolism	0.0055329093927494	0.0083886380493073	0.10126582278481	0.583915496397244	1	2	[39212400]
amino acid transport system y+/metabolism	malondialdehyde/metabolism	0.0002100737029263	0.0004117403816026	0.009087958455047	0.260219474110676	2	2	[39212400,40451026]
aging/metabolism	amino acid transport system y+/metabolism	0.0029973473846041	0.0047764867314111	0.10126582278481	0.583915496397244	1	2	[40724917]
amino acid transport system y+/metabolism	superoxide dismutase/metabolism	0.0055329093927494	0.0083886380493073	0.10126582278481	0.583915496397244	1	2	[39212400]
amino acid transport system y+/metabolism	antioxidants/metabolism	0.0029973473846041	0.0047764867314111	0.10126582278481	0.583915496397244	1	2	[40724917]
amino acid transport system y+/metabolism	neurons/metabolism	0.0029973473846041	0.0047764867314111	0.10126582278481	0.583915496397244	1	2	[40724917]
amino acid transport system y+/metabolism	folic acid/pharmacology	0.0029973473846041	0.0047764867314111	0.10126582278481	0.583915496397244	1	2	[40724917]
amino acid transport system y+/metabolism	spiral ganglion/drug effects	0.0055329093927494	0.0083886380493073	0.10126582278481	0.583915496397244	1	2	[39276841]
amino acid transport system y+/metabolism	testosterone	0.0055329093927494	0.0083886380493073	0.10126582278481	0.583915496397244	1	2	[39212400]
amino acid transport system y+/metabolism	phenylenediamines	0.0055329093927494	0.0083886380493073	0.10126582278481	0.583915496397244	1	2	[39212400]
amino acid transport system y+/metabolism	kidney/drug effects	0.0013565528640496	0.0023230141331607	0.10126582278481	0.583915496397244	1	2	[40752796]
amino acid transport system y+/metabolism	cystine/metabolism	0.0029973473846041	0.0047764867314111	0.10126582278481	0.583915496397244	1	2	[40724917]
amino acid transport system y+/metabolism	drugs chinese herbal/pharmacology	0.0055329093927494	0.0083886380493073	0.10126582278481	0.583915496397244	1	2	[39212400]
amino acid transport system y+/metabolism	hydrogen peroxide	0.0055329093927494	0.0083886380493073	0.10126582278481	0.583915496397244	1	2	[39212400]
amino acid transport system y+/metabolism	diabetic nephropathies/drug therapy	0.0013565528640496	0.0023230141331607	0.10126582278481	0.583915496397244	1	2	[40752796]
amino acid transport system y+/metabolism	organometallic compounds/toxicity	0.0055329093927494	0.0083886380493073	0.10126582278481	0.583915496397244	1	2	[39276841]
amino acid transport system y+/metabolism	LPO	0.0013565528640496	0.0023230141331607	0.10126582278481	0.583915496397244	1	2	[40752796]
amino acid transport system y+/metabolism	TFRC	0.0002100737029263	0.0004117403816026	0.009087958455047	0.260219474110676	2	2	[39276841,40451026]
amino acid transport system y+/metabolism	TPM3	0.0055329093927494	0.0083886380493073	0.10126582278481	0.583915496397244	1	2	[39212400]
cell line	collagen type i/metabolism	5.72955623634464e-06	2.46890239010393e-05	0.037037037037037	0.491090027111315	1	0	[34811833]
cell line	FN1	5.72955623634464e-06	2.46890239010393e-05	0.037037037037037	0.491090027111315	1	0	[34811833]
cell line	FUT1	5.72955623634464e-06	2.46890239010393e-05	0.037037037037037	0.491090027111315	1	0	[34811833]
cell line	hepatic stellate cells/drug effects	5.72955623634464e-06	2.46890239010393e-05	0.037037037037037	0.491090027111315	1	0	[34811833]
cell line	hepatocytes/drug effects	5.72955623634464e-06	2.46890239010393e-05	0.037037037037037	0.491090027111315	1	0	[34811833]
cell line	HIF1A	5.72955623634464e-06	2.46890239010393e-05	0.037037037037037	0.491090027111315	1	0	[34811833]
cell line	hypoxia-inducible factor 1 alpha subunit/metabolism	5.72955623634464e-06	2.46890239010393e-05	0.037037037037037	0.491090027111315	1	0	[34811833]
cell line	liver cirrhosis/drug therapy	5.72955623634464e-06	2.46890239010393e-05	0.037037037037037	0.491090027111315	1	0	[34811833]
cell line	MMRN1	5.72955623634464e-06	2.46890239010393e-05	0.037037037037037	0.491090027111315	1	0	[34811833]
cell line	sorafenib/pharmacology	5.72955623634464e-06	2.46890239010393e-05	0.037037037037037	0.491090027111315	1	0	[34811833]
cell line	tumor microenvironment/physiology	0.0023366179028878	0.003734732495539	0.1284220608189	0.5011717509037	1	1	[25940439]
cell line	rna messenger/metabolism	0.0006397290434762	0.0011340435455339	0.0869183494293239	0.5011717509037	1	1	[31637575]
cell line	SLC7A11	0.001328972189441	0.0022952392098468	0.0060793236447822	0.0270361376697864	4	2	[40703032,34811833,40752796,40724917]
cell line	polysaccharides/pharmacology	0.0005090257133157	0.000930641807535	0.0886075949367088	0.583915496397244	1	2	[40752796]
aging/metabolism	cell line	0.0012703101640798	0.0021948634671647	0.0886075949367088	0.583915496397244	1	2	[40724917]
antioxidants/metabolism	cell line	0.0012703101640798	0.0021948634671647	0.0886075949367088	0.583915496397244	1	2	[40724917]
cell line	neurons/metabolism	0.0012703101640798	0.0021948634671647	0.0886075949367088	0.583915496397244	1	2	[40724917]
cell line	folic acid/pharmacology	0.0012703101640798	0.0021948634671647	0.0886075949367088	0.583915496397244	1	2	[40724917]
cell line	kidney/drug effects	0.0005090257133157	0.000930641807535	0.0886075949367088	0.583915496397244	1	2	[40752796]
cell line	cystine/metabolism	0.0012703101640798	0.0021948634671647	0.0886075949367088	0.583915496397244	1	2	[40724917]
cell line	diabetic nephropathies/drug therapy	0.0005090257133157	0.000930641807535	0.0886075949367088	0.583915496397244	1	2	[40752796]
cell line	LPO	0.0005090257133157	0.000930641807535	0.0886075949367088	0.583915496397244	1	2	[40752796]
collagen type i/metabolism	FN1	5.72955623634464e-06	2.46890239010393e-05	0.037037037037037	0.491090027111315	1	0	[34811833]
collagen type i/metabolism	FUT1	5.72955623634464e-06	2.46890239010393e-05	0.037037037037037	0.491090027111315	1	0	[34811833]
collagen type i/metabolism	hepatic stellate cells/drug effects	5.72955623634464e-06	2.46890239010393e-05	0.037037037037037	0.491090027111315	1	0	[34811833]
collagen type i/metabolism	hepatocytes/drug effects	5.72955623634464e-06	2.46890239010393e-05	0.037037037037037	0.491090027111315	1	0	[34811833]
collagen type i/metabolism	HIF1A	5.72955623634464e-06	2.46890239010393e-05	0.037037037037037	0.491090027111315	1	0	[34811833]
collagen type i/metabolism	hypoxia-inducible factor 1 alpha subunit/metabolism	5.72955623634464e-06	2.46890239010393e-05	0.037037037037037	0.491090027111315	1	0	[34811833]
collagen type i/metabolism	liver cirrhosis/drug therapy	5.72955623634464e-06	2.46890239010393e-05	0.037037037037037	0.491090027111315	1	0	[34811833]
collagen type i/metabolism	macrophages/drug effects	0.0019364221367503	0.0031229382209923	0.0735294117647058	0.5011717509037	1	1	[34811833]
collagen type i/metabolism	MMRN1	5.72955623634464e-06	2.46890239010393e-05	0.037037037037037	0.491090027111315	1	0	[34811833]
collagen type i/metabolism	ROS1	6.12035329580207e-05	0.0001257224765577	0.0588235294117647	0.5011717509037	1	1	[34811833]
collagen type i/metabolism	SLC7A11	9.74375492426294e-05	0.0001969359603558	0.0588235294117647	0.5011717509037	1	1	[34811833]
collagen type i/metabolism	sorafenib/pharmacology	5.72955623634464e-06	2.46890239010393e-05	0.037037037037037	0.491090027111315	1	0	[34811833]
FN1	FUT1	5.72955623634464e-06	2.46890239010393e-05	0.037037037037037	0.491090027111315	1	0	[34811833]
FN1	hepatic stellate cells/drug effects	5.72955623634464e-06	2.46890239010393e-05	0.037037037037037	0.491090027111315	1	0	[34811833]
FN1	hepatocytes/drug effects	5.72955623634464e-06	2.46890239010393e-05	0.037037037037037	0.491090027111315	1	0	[34811833]
FN1	HIF1A	5.72955623634464e-06	2.46890239010393e-05	0.037037037037037	0.491090027111315	1	0	[34811833]
FN1	hypoxia-inducible factor 1 alpha subunit/metabolism	5.72955623634464e-06	2.46890239010393e-05	0.037037037037037	0.491090027111315	1	0	[34811833]
FN1	liver cirrhosis/drug therapy	5.72955623634464e-06	2.46890239010393e-05	0.037037037037037	0.491090027111315	1	0	[34811833]
FN1	macrophages/drug effects	0.0019364221367503	0.0031229382209923	0.0735294117647058	0.5011717509037	1	1	[34811833]
FN1	MMRN1	5.72955623634464e-06	2.46890239010393e-05	0.037037037037037	0.491090027111315	1	0	[34811833]
FN1	ROS1	6.12035329580207e-05	0.0001257224765577	0.0588235294117647	0.5011717509037	1	1	[34811833]
FN1	SLC7A11	9.74375492426294e-05	0.0001969359603558	0.0588235294117647	0.5011717509037	1	1	[34811833]
FN1	sorafenib/pharmacology	5.72955623634464e-06	2.46890239010393e-05	0.037037037037037	0.491090027111315	1	0	[34811833]
FUT1	hepatic stellate cells/drug effects	5.72955623634464e-06	2.46890239010393e-05	0.037037037037037	0.491090027111315	1	0	[34811833]
FUT1	hepatocytes/drug effects	5.72955623634464e-06	2.46890239010393e-05	0.037037037037037	0.491090027111315	1	0	[34811833]
FUT1	HIF1A	5.72955623634464e-06	2.46890239010393e-05	0.037037037037037	0.491090027111315	1	0	[34811833]
FUT1	hypoxia-inducible factor 1 alpha subunit/metabolism	5.72955623634464e-06	2.46890239010393e-05	0.037037037037037	0.491090027111315	1	0	[34811833]
FUT1	liver cirrhosis/drug therapy	5.72955623634464e-06	2.46890239010393e-05	0.037037037037037	0.491090027111315	1	0	[34811833]
FUT1	macrophages/drug effects	0.0019364221367503	0.0031229382209923	0.0735294117647058	0.5011717509037	1	1	[34811833]
FUT1	MMRN1	5.72955623634464e-06	2.46890239010393e-05	0.037037037037037	0.491090027111315	1	0	[34811833]
FUT1	ROS1	6.12035329580207e-05	0.0001257224765577	0.0588235294117647	0.5011717509037	1	1	[34811833]
FUT1	SLC7A11	9.74375492426294e-05	0.0001969359603558	0.0588235294117647	0.5011717509037	1	1	[34811833]
FUT1	sorafenib/pharmacology	5.72955623634464e-06	2.46890239010393e-05	0.037037037037037	0.491090027111315	1	0	[34811833]
hepatic stellate cells/drug effects	hepatocytes/drug effects	5.72955623634464e-06	2.46890239010393e-05	0.037037037037037	0.491090027111315	1	0	[34811833]
hepatic stellate cells/drug effects	HIF1A	5.72955623634464e-06	2.46890239010393e-05	0.037037037037037	0.491090027111315	1	0	[34811833]
hepatic stellate cells/drug effects	hypoxia-inducible factor 1 alpha subunit/metabolism	5.72955623634464e-06	2.46890239010393e-05	0.037037037037037	0.491090027111315	1	0	[34811833]
hepatic stellate cells/drug effects	liver cirrhosis/drug therapy	5.72955623634464e-06	2.46890239010393e-05	0.037037037037037	0.491090027111315	1	0	[34811833]
hepatic stellate cells/drug effects	macrophages/drug effects	0.0019364221367503	0.0031229382209923	0.0735294117647058	0.5011717509037	1	1	[34811833]
hepatic stellate cells/drug effects	MMRN1	5.72955623634464e-06	2.46890239010393e-05	0.037037037037037	0.491090027111315	1	0	[34811833]
hepatic stellate cells/drug effects	ROS1	6.12035329580207e-05	0.0001257224765577	0.0588235294117647	0.5011717509037	1	1	[34811833]
hepatic stellate cells/drug effects	SLC7A11	9.74375492426294e-05	0.0001969359603558	0.0588235294117647	0.5011717509037	1	1	[34811833]
hepatic stellate cells/drug effects	sorafenib/pharmacology	5.72955623634464e-06	2.46890239010393e-05	0.037037037037037	0.491090027111315	1	0	[34811833]
hepatocytes/drug effects	HIF1A	5.72955623634464e-06	2.46890239010393e-05	0.037037037037037	0.491090027111315	1	0	[34811833]
hepatocytes/drug effects	hypoxia-inducible factor 1 alpha subunit/metabolism	5.72955623634464e-06	2.46890239010393e-05	0.037037037037037	0.491090027111315	1	0	[34811833]
hepatocytes/drug effects	liver cirrhosis/drug therapy	5.72955623634464e-06	2.46890239010393e-05	0.037037037037037	0.491090027111315	1	0	[34811833]
hepatocytes/drug effects	macrophages/drug effects	0.0019364221367503	0.0031229382209923	0.0735294117647058	0.5011717509037	1	1	[34811833]
hepatocytes/drug effects	MMRN1	5.72955623634464e-06	2.46890239010393e-05	0.037037037037037	0.491090027111315	1	0	[34811833]
hepatocytes/drug effects	ROS1	6.12035329580207e-05	0.0001257224765577	0.0588235294117647	0.5011717509037	1	1	[34811833]
hepatocytes/drug effects	SLC7A11	9.74375492426294e-05	0.0001969359603558	0.0588235294117647	0.5011717509037	1	1	[34811833]
hepatocytes/drug effects	sorafenib/pharmacology	5.72955623634464e-06	2.46890239010393e-05	0.037037037037037	0.491090027111315	1	0	[34811833]
HIF1A	hypoxia-inducible factor 1 alpha subunit/metabolism	5.72955623634464e-06	2.46890239010393e-05	0.037037037037037	0.491090027111315	1	0	[34811833]
HIF1A	liver cirrhosis/drug therapy	5.72955623634464e-06	2.46890239010393e-05	0.037037037037037	0.491090027111315	1	0	[34811833]
HIF1A	macrophages/drug effects	0.0019364221367503	0.0031229382209923	0.0735294117647058	0.5011717509037	1	1	[34811833]
HIF1A	MMRN1	5.72955623634464e-06	2.46890239010393e-05	0.037037037037037	0.491090027111315	1	0	[34811833]
HIF1A	ROS1	6.12035329580207e-05	0.0001257224765577	0.0588235294117647	0.5011717509037	1	1	[34811833]
HIF1A	SLC7A11	9.74375492426294e-05	0.0001969359603558	0.0588235294117647	0.5011717509037	1	1	[34811833]
HIF1A	sorafenib/pharmacology	5.72955623634464e-06	2.46890239010393e-05	0.037037037037037	0.491090027111315	1	0	[34811833]
hypoxia-inducible factor 1 alpha subunit/metabolism	liver cirrhosis/drug therapy	5.72955623634464e-06	2.46890239010393e-05	0.037037037037037	0.491090027111315	1	0	[34811833]
hypoxia-inducible factor 1 alpha subunit/metabolism	macrophages/drug effects	0.0019364221367503	0.0031229382209923	0.0735294117647058	0.5011717509037	1	1	[34811833]
hypoxia-inducible factor 1 alpha subunit/metabolism	MMRN1	5.72955623634464e-06	2.46890239010393e-05	0.037037037037037	0.491090027111315	1	0	[34811833]
hypoxia-inducible factor 1 alpha subunit/metabolism	ROS1	6.12035329580207e-05	0.0001257224765577	0.0588235294117647	0.5011717509037	1	1	[34811833]
hypoxia-inducible factor 1 alpha subunit/metabolism	SLC7A11	9.74375492426294e-05	0.0001969359603558	0.0588235294117647	0.5011717509037	1	1	[34811833]
hypoxia-inducible factor 1 alpha subunit/metabolism	sorafenib/pharmacology	5.72955623634464e-06	2.46890239010393e-05	0.037037037037037	0.491090027111315	1	0	[34811833]
liver cirrhosis/drug therapy	macrophages/drug effects	0.0019364221367503	0.0031229382209923	0.0735294117647058	0.5011717509037	1	1	[34811833]
liver cirrhosis/drug therapy	MMRN1	5.72955623634464e-06	2.46890239010393e-05	0.037037037037037	0.491090027111315	1	0	[34811833]
liver cirrhosis/drug therapy	ROS1	6.12035329580207e-05	0.0001257224765577	0.0588235294117647	0.5011717509037	1	1	[34811833]
liver cirrhosis/drug therapy	SLC7A11	9.74375492426294e-05	0.0001969359603558	0.0588235294117647	0.5011717509037	1	1	[34811833]
liver cirrhosis/drug therapy	sorafenib/pharmacology	5.72955623634464e-06	2.46890239010393e-05	0.037037037037037	0.491090027111315	1	0	[34811833]
anti-inflammatory agents/pharmacology	macrophages/drug effects	0.0026427423852313	0.0041792883219225	0.0735294117647058	0.5011717509037	1	1	[30755716]
calgranulin a/metabolism	macrophages/drug effects	0.0026427423852313	0.0041792883219225	0.0735294117647058	0.5011717509037	1	1	[30755716]
colon/metabolism	macrophages/drug effects	0.0026427423852313	0.0041792883219225	0.0735294117647058	0.5011717509037	1	1	[30755716]
glycyrrhizic acid/pharmacology	macrophages/drug effects	0.0026427423852313	0.0041792883219225	0.0735294117647058	0.5011717509037	1	1	[30755716]
host-pathogen interactions	macrophages/drug effects	0.0025695249368861	0.0054154231954721	0.148148148148148	0.491090027111315	1	0	[30787033]
IRF6	macrophages/drug effects	0.0026427423852313	0.0041792883219225	0.0735294117647058	0.5011717509037	1	1	[30755716]
iron chelating agents/pharmacology	macrophages/drug effects	0.0025695249368861	0.0054154231954721	0.148148148148148	0.491090027111315	1	0	[30787033]
macrophages/drug effects	MMRN1	0.0019364221367503	0.0031229382209923	0.0735294117647058	0.5011717509037	1	1	[34811833]
macrophages/drug effects	sorafenib/pharmacology	0.0019364221367503	0.0031229382209923	0.0735294117647058	0.5011717509037	1	1	[34811833]
macrophages/drug effects	tuberculosis/metabolism	0.0025695249368861	0.0054154231954721	0.148148148148148	0.491090027111315	1	0	[30787033]
CHRM1	macrophages/drug effects	0.0042650317985992	0.0065586530855339	0.0184725334625401	0.260219474110676	2	2	[34093872,30755716]
macrophages/drug effects	MRLN	0.0042650317985992	0.0065586530855339	0.0184725334625401	0.260219474110676	2	2	[34093872,30755716]
ferritins/blood	macrophages/drug effects	0.0001946909791568	0.0003677781359032	0.0735294117647058	0.5011717509037	1	1	[31980600]
genetic variation	macrophages/drug effects	0.0001946909791568	0.0003677781359032	0.0735294117647058	0.5011717509037	1	1	[31980600]
hemeproteins/toxicity	macrophages/drug effects	0.0001946909791568	0.0003677781359032	0.0735294117647058	0.5011717509037	1	1	[31980600]
listeriosis/etiology	macrophages/drug effects	0.0001946909791568	0.0003677781359032	0.0735294117647058	0.5011717509037	1	1	[31980600]
liver x receptors/agonists	macrophages/drug effects	0.0001946909791568	0.0003677781359032	0.0735294117647058	0.5011717509037	1	1	[31980600]
macrophages/drug effects	malaria/genetics	0.0001946909791568	0.0003677781359032	0.0735294117647058	0.5011717509037	1	1	[31980600]
macrophages/drug effects	TF	0.0001946909791568	0.0003677781359032	0.0735294117647058	0.5011717509037	1	1	[31980600]
macrophages/drug effects	transferrin/metabolism	0.0001946909791568	0.0003677781359032	0.0735294117647058	0.5011717509037	1	1	[31980600]
macrophages/drug effects	tumor suppressor protein p53/genetics	0.0001946909791568	0.0003677781359032	0.0735294117647058	0.5011717509037	1	1	[31980600]
MMRN1	ROS1	6.12035329580207e-05	0.0001257224765577	0.0588235294117647	0.5011717509037	1	1	[34811833]
MMRN1	SLC7A11	9.74375492426294e-05	0.0001969359603558	0.0588235294117647	0.5011717509037	1	1	[34811833]
MMRN1	sorafenib/pharmacology	5.72955623634464e-06	2.46890239010393e-05	0.037037037037037	0.491090027111315	1	0	[34811833]
antineoplastic agents/chemistry	ROS1	9.32589733593225e-06	2.12186368909925e-05	0.0588235294117647	0.5011717509037	1	1	[31509699]
ATG5	ROS1	0.0044470815063318	0.0089746251693545	0.148148148148148	0.491090027111315	1	0	[33926261]
autophagy-related proteins/genetics	ROS1	0.0044470815063318	0.0089746251693545	0.148148148148148	0.491090027111315	1	0	[33926261]
b-lymphocytes/metabolism	ROS1	0.0010636503730522	0.0023691137341409	0.148148148148148	0.491090027111315	1	0	[31775041]
BBS9	ROS1	0.0010636503730522	0.0023691137341409	0.148148148148148	0.491090027111315	1	0	[31775041]
BDKRB2	ROS1	0.0010636503730522	0.0023691137341409	0.148148148148148	0.491090027111315	1	0	[31775041]
biological products/chemistry	ROS1	9.32589733593225e-06	2.12186368909925e-05	0.0588235294117647	0.5011717509037	1	1	[31509699]
cell cycle/drug effects	ROS1	0.0044470815063318	0.0089746251693545	0.148148148148148	0.491090027111315	1	0	[33926261]
cytoskeletal proteins/metabolism	ROS1	0.0010636503730522	0.0023691137341409	0.148148148148148	0.491090027111315	1	0	[31775041]
dichloroacetic acid/chemistry	ROS1	9.32589733593225e-06	2.12186368909925e-05	0.0588235294117647	0.5011717509037	1	1	[31509699]
drug synergism	ROS1	9.32589733593225e-06	2.12186368909925e-05	0.0588235294117647	0.5011717509037	1	1	[31509699]
energy metabolism/drug effects	ROS1	9.32589733593225e-06	2.12186368909925e-05	0.0588235294117647	0.5011717509037	1	1	[31509699]
flavonolignans/pharmacology	ROS1	0.0044470815063318	0.0089746251693545	0.148148148148148	0.491090027111315	1	0	[33926261]
glutathione peroxidase/metabolism	ROS1	0.0044470815063318	0.0089746251693545	0.148148148148148	0.491090027111315	1	0	[33926261]
glutathione peroxidase/therapeutic use	ROS1	0.0010636503730522	0.0023691137341409	0.148148148148148	0.491090027111315	1	0	[31775041]
jurkat cells	ROS1	0.0035160552113981	0.0054180966889036	0.115013169446883	0.5011717509037	1	1	[33926261]
macrophages/cytology	ROS1	0.0010609808949021	0.00180575874466	0.115013169446883	0.5011717509037	1	1	[31509699]
MS4A1	ROS1	0.0010636503730522	0.0023691137341409	0.148148148148148	0.491090027111315	1	0	[31775041]
PLEKHM1	ROS1	0.0010636503730522	0.0023691137341409	0.148148148148148	0.491090027111315	1	0	[31775041]
precursor cell lymphoblastic leukemia-lymphoma/metabolism	ROS1	0.0044470815063318	0.0089746251693545	0.148148148148148	0.491090027111315	1	0	[33926261]
protein kinase inhibitors/chemistry	ROS1	9.32589733593225e-06	2.12186368909925e-05	0.0588235294117647	0.5011717509037	1	1	[31509699]
pyruvate dehydrogenase acetyl-transferring kinase/antagonists &amp; inhibitors	ROS1	9.32589733593225e-06	2.12186368909925e-05	0.0588235294117647	0.5011717509037	1	1	[31509699]
ROS1	saponins/chemistry	9.32589733593225e-06	2.12186368909925e-05	0.0588235294117647	0.5011717509037	1	1	[31509699]
ROS1	sorafenib/pharmacology	6.12035329580207e-05	0.0001257224765577	0.0588235294117647	0.5011717509037	1	1	[34811833]
ROS1	SPANXB1	0.0010636503730522	0.0023691137341409	0.148148148148148	0.491090027111315	1	0	[31775041]
ROS1	SLC7A11	0.001328972189441	0.0022952392098468	0.0112299480629269	0.0270361376697864	4	2	[34811833,40451026,40752796,38581191]
ferroptosis/drug effects	ROS1	0.0037069808223946	0.0058122064465989	0.0018745025854441	4.65044930483768e-05	8	2	[31775041,31509699,38581191,40451026,33926261,34811833,40752796,39700767]
ROS1	selenomethionine/pharmacology	6.67744719355934e-05	0.0001367125684599	0.10126582278481	0.583915496397244	1	2	[39700767]
polysaccharides/pharmacology	ROS1	0.0005090257133157	0.000930641807535	0.10126582278481	0.583915496397244	1	2	[40752796]
chondrocytes/drug effects	ROS1	6.67744719355934e-05	0.0001367125684599	0.10126582278481	0.583915496397244	1	2	[39700767]
chalcones/toxicity	ROS1	0.0005090257133157	0.000930641807535	0.10126582278481	0.583915496397244	1	2	[38581191]
embryo nonmammalian/drug effects	ROS1	0.0005090257133157	0.000930641807535	0.10126582278481	0.583915496397244	1	2	[38581191]
kidney/drug effects	ROS1	0.0005090257133157	0.000930641807535	0.10126582278481	0.583915496397244	1	2	[40752796]
membrane potential mitochondrial/drug effects	ROS1	0.0005090257133157	0.000930641807535	0.10126582278481	0.583915496397244	1	2	[38581191]
cartilage articular/drug effects	ROS1	6.67744719355934e-05	0.0001367125684599	0.10126582278481	0.583915496397244	1	2	[39700767]
diabetic nephropathies/drug therapy	ROS1	0.0005090257133157	0.000930641807535	0.10126582278481	0.583915496397244	1	2	[40752796]
ROS1	t-2 toxin/toxicity	6.67744719355934e-05	0.0001367125684599	0.10126582278481	0.583915496397244	1	2	[39700767]
chemical and drug induced liver injury/metabolism	ROS1	0.0005090257133157	0.000930641807535	0.10126582278481	0.583915496397244	1	2	[38581191]
LPO	ROS1	0.0005090257133157	0.000930641807535	0.10126582278481	0.583915496397244	1	2	[40752796]
ATP8A2	ROS1	0.0005090257133157	0.000930641807535	0.10126582278481	0.583915496397244	1	2	[38581191]
amino acid transport system y+/genetics	SLC7A11	0.0039176473670681	0.0079727560452614	0.148148148148148	0.491090027111315	1	0	[31554642]
antineoplastic agents immunological/administration &amp; dosage	SLC7A11	0.0039176473670681	0.0079727560452614	0.148148148148148	0.491090027111315	1	0	[31554642]
asparaginase	SLC7A11	1.63162216179069e-05	3.62374838349981e-05	0.0588235294117647	0.5011717509037	1	1	[35778693]
ASPG	SLC7A11	1.63162216179069e-05	3.62374838349981e-05	0.0588235294117647	0.5011717509037	1	1	[35778693]
ATM	SLC7A11	0.0039176473670681	0.0079727560452614	0.148148148148148	0.491090027111315	1	0	[31554642]
b7-h1 antigen/antagonists &amp; inhibitors	SLC7A11	0.0027501892023392	0.0043310494425764	0.115013169446883	0.5011717509037	1	1	[31043744]
cd8-positive t-lymphocytes/immunology	SLC7A11	0.0005594830270858	0.000999953829208	0.0151685013844803	0.186828306325089	2	1	[31043744,31554642]
cisplatin	SLC7A11	1.63162216179069e-05	3.62374838349981e-05	0.0588235294117647	0.5011717509037	1	1	[35778693]
cysteine/metabolism	SLC7A11	1.63162216179069e-05	3.62374838349981e-05	0.0588235294117647	0.5011717509037	1	1	[31043744]
diterpenes/pharmacology	SLC7A11	1.63162216179069e-05	3.62374838349981e-05	0.0588235294117647	0.5011717509037	1	1	[35778693]
fusion regulatory protein 1 heavy chain/metabolism	SLC7A11	1.63162216179069e-05	3.62374838349981e-05	0.0588235294117647	0.5011717509037	1	1	[31043744]
gene expression regulation neoplastic/drug effects	SLC7A11	0.0039176473670681	0.0079727560452614	0.148148148148148	0.491090027111315	1	0	[31554642]
interferon-gamma/immunology	SLC7A11	1.63162216179069e-05	3.62374838349981e-05	0.0588235294117647	0.5011717509037	1	1	[31043744]
killer cells natural/metabolism	SLC7A11	1.63162216179069e-05	3.62374838349981e-05	0.0588235294117647	0.5011717509037	1	1	[35778693]
lipid metabolism/drug effects	SLC7A11	0.0039176473670681	0.0079727560452614	0.148148148148148	0.491090027111315	1	0	[31554642]
lymphoma t-cell	SLC7A11	1.63162216179069e-05	3.62374838349981e-05	0.0588235294117647	0.5011717509037	1	1	[35778693]
melanoma/genetics	SLC7A11	1.63162216179069e-05	3.62374838349981e-05	0.0588235294117647	0.5011717509037	1	1	[31043744]
nivolumab/therapeutic use	SLC7A11	1.63162216179069e-05	3.62374838349981e-05	0.0588235294117647	0.5011717509037	1	1	[31043744]
NLRP1	SLC7A11	1.63162216179069e-05	3.62374838349981e-05	0.0588235294117647	0.5011717509037	1	1	[35778693]
reactive oxygen species/metabolism	SLC7A11	0.0035800727110919	0.0054954767874054	0.0498535704857039	0.186828306325089	2	1	[31043744,35778693,39276841,40451026,40724917]
SLC3A2	SLC7A11	1.63162216179069e-05	3.62374838349981e-05	0.0588235294117647	0.5011717509037	1	1	[31043744]
SLC7A11	SLC9A1	0.0001749606033807	0.0005198624485698	0.017094017094017	0.178864212567384	2	0	[31043744,31554642]
SLC7A11	sorafenib/pharmacology	9.74375492426294e-05	0.0001969359603558	0.0588235294117647	0.5011717509037	1	1	[34811833]
SLC7A11	sulfasalazine/administration &amp; dosage	0.0039176473670681	0.0079727560452614	0.148148148148148	0.491090027111315	1	0	[31554642]
SLC7A11	XK	1.63162216179069e-05	3.62374838349981e-05	0.0588235294117647	0.5011717509037	1	1	[35778693]
ferroptosis/drug effects	SLC7A11	0.0029114152444424	0.0046597636344503	0.0001331551132342	1.27496612182303e-07	11	2	[31043744,35778693,38581191,39276841,39212400,31554642,40451026,40724917,40703032,34811833,40752796]
polysaccharides/pharmacology	SLC7A11	0.0055688047095958	0.0084272492243902	0.139240506329114	0.583915496397244	1	2	[40752796]
malondialdehyde/metabolism	SLC7A11	0.001600366000922	0.0027038590118024	0.017851346965271	0.260219474110676	2	2	[39212400,40451026]
chalcones/toxicity	SLC7A11	0.0055688047095958	0.0084272492243902	0.139240506329114	0.583915496397244	1	2	[38581191]
embryo nonmammalian/drug effects	SLC7A11	0.0055688047095958	0.0084272492243902	0.139240506329114	0.583915496397244	1	2	[38581191]
kidney/drug effects	SLC7A11	0.0055688047095958	0.0084272492243902	0.139240506329114	0.583915496397244	1	2	[40752796]
membrane potential mitochondrial/drug effects	SLC7A11	0.0055688047095958	0.0084272492243902	0.139240506329114	0.583915496397244	1	2	[38581191]
diabetic nephropathies/drug therapy	SLC7A11	0.0055688047095958	0.0084272492243902	0.139240506329114	0.583915496397244	1	2	[40752796]
chemical and drug induced liver injury/metabolism	SLC7A11	0.0055688047095958	0.0084272492243902	0.139240506329114	0.583915496397244	1	2	[38581191]
LPO	SLC7A11	0.0055688047095958	0.0084272492243902	0.139240506329114	0.583915496397244	1	2	[40752796]
ATP8A2	SLC7A11	0.0055688047095958	0.0084272492243902	0.139240506329114	0.583915496397244	1	2	[38581191]
SLC7A11	TFRC	0.001600366000922	0.0027038590118024	0.017851346965271	0.260219474110676	2	2	[39276841,40451026]
adaptor proteins vesicular transport/genetics	cyclohexylamines/pharmacology	0.0006867567885109	0.001610019956897	0.074074074074074	0.491090027111315	1	0	[30830879]
adaptor proteins vesicular transport/genetics	IFNA1	3.10419946414342e-08	1.77908664941026e-07	0.037037037037037	0.491090027111315	1	0	[30830879]
adaptor proteins vesicular transport/genetics	inflammation/drug therapy	3.10419946414342e-08	1.77908664941026e-07	0.037037037037037	0.491090027111315	1	0	[30830879]
adaptor proteins vesicular transport/genetics	myocardial reperfusion injury/drug therapy	3.10419946414342e-08	1.77908664941026e-07	0.037037037037037	0.491090027111315	1	0	[30830879]
adaptor proteins vesicular transport/genetics	myocardium/immunology	3.10419946414342e-08	1.77908664941026e-07	0.037037037037037	0.491090027111315	1	0	[30830879]
adaptor proteins vesicular transport/genetics	neutrophil infiltration	3.10419946414342e-08	1.77908664941026e-07	0.037037037037037	0.491090027111315	1	0	[30830879]
adaptor proteins vesicular transport/genetics	neutrophils/immunology	3.10419946414342e-08	1.77908664941026e-07	0.037037037037037	0.491090027111315	1	0	[30830879]
adaptor proteins vesicular transport/genetics	phenylenediamines/pharmacology	0.0006867567885109	0.001610019956897	0.074074074074074	0.491090027111315	1	0	[30830879]
adaptor proteins vesicular transport/genetics	TICAM1	3.10419946414342e-08	1.77908664941026e-07	0.037037037037037	0.491090027111315	1	0	[30830879]
adaptor proteins vesicular transport/genetics	TLR4	0.0006867567885109	0.001610019956897	0.074074074074074	0.491090027111315	1	0	[30830879]
adaptor proteins vesicular transport/genetics	toll-like receptor 4/genetics	3.10419946414342e-08	1.77908664941026e-07	0.037037037037037	0.491090027111315	1	0	[30830879]
adaptor proteins vesicular transport/genetics	TRIM69	3.10419946414342e-08	1.77908664941026e-07	0.037037037037037	0.491090027111315	1	0	[30830879]
adaptor proteins vesicular transport/genetics	ventricular function left/drug effects	3.10419946414342e-08	1.77908664941026e-07	0.037037037037037	0.491090027111315	1	0	[30830879]
cells cultured	cyclohexylamines/pharmacology	0.0026427423852313	0.0041792883219225	0.0869183494293239	0.5011717509037	1	1	[35197507]
cyclohexylamines/pharmacology	IFNA1	0.0006867567885109	0.001610019956897	0.074074074074074	0.491090027111315	1	0	[30830879]
cyclohexylamines/pharmacology	inflammation/drug therapy	0.0006867567885109	0.001610019956897	0.074074074074074	0.491090027111315	1	0	[30830879]
cyclohexylamines/pharmacology	myocardial reperfusion injury/drug therapy	0.0006867567885109	0.001610019956897	0.074074074074074	0.491090027111315	1	0	[30830879]
cyclohexylamines/pharmacology	myocardium/immunology	0.0006867567885109	0.001610019956897	0.074074074074074	0.491090027111315	1	0	[30830879]
cyclohexylamines/pharmacology	neutrophil infiltration	0.0006867567885109	0.001610019956897	0.074074074074074	0.491090027111315	1	0	[30830879]
cyclohexylamines/pharmacology	neutrophils/immunology	0.0006867567885109	0.001610019956897	0.074074074074074	0.491090027111315	1	0	[30830879]
cyclohexylamines/pharmacology	phenylenediamines/pharmacology	5.02924301564178e-05	0.000164058546067	0.0028490028490028	0.178864212567384	2	0	[35197507,30830879]
cyclohexylamines/pharmacology	TICAM1	0.0006867567885109	0.001610019956897	0.074074074074074	0.491090027111315	1	0	[30830879]
cyclohexylamines/pharmacology	TLR4	5.02924301564178e-05	0.000164058546067	0.0028490028490028	0.178864212567384	2	0	[35197507,30830879]
cyclohexylamines/pharmacology	toll-like receptor 4/genetics	0.0006867567885109	0.001610019956897	0.074074074074074	0.491090027111315	1	0	[30830879]
cyclohexylamines/pharmacology	TRIM69	0.0006867567885109	0.001610019956897	0.074074074074074	0.491090027111315	1	0	[30830879]
cyclohexylamines/pharmacology	ventricular function left/drug effects	0.0006867567885109	0.001610019956897	0.074074074074074	0.491090027111315	1	0	[30830879]
cyclohexylamines/pharmacology	FTH1	1.5116738912857e-05	3.37302826240493e-05	0.0294117647058823	0.5011717509037	1	1	[35197507]
cyclohexylamines/pharmacology	HMGB1	0.0015588727606166	0.0025467155403098	0.0583845478489903	0.5011717509037	1	1	[35197507]
CD36	IFNA1	0.0060671170344891	0.0088795237464128	0.0658472344161545	0.186828306325089	2	1	[39166450,39546763]
cd36 antigens/metabolism	IFNA1	0.0003435558350793	0.0006249402715771	0.0262590789368664	0.186828306325089	2	1	[39166450,39546763]
endometrial neoplasms/immunology	IFNA1	5.00320895824302e-10	2.04552188269981e-09	0.0441176470588235	0.5011717509037	1	1	[39166450]
heme/metabolism	IFNA1	5.00320895824302e-10	2.04552188269981e-09	0.0441176470588235	0.5011717509037	1	1	[39166450]
IFNA1	inflammation/drug therapy	3.10419946414342e-08	1.77908664941026e-07	0.037037037037037	0.491090027111315	1	0	[30830879]
IFNA1	interferon type i/metabolism	8.10462807976364e-15	5.95142104996578e-14	0.001316944688323	0.186828306325089	2	1	[39166450,39546763]
IFNA1	myocardial reperfusion injury/drug therapy	3.10419946414342e-08	1.77908664941026e-07	0.037037037037037	0.491090027111315	1	0	[30830879]
IFNA1	myocardium/immunology	3.10419946414342e-08	1.77908664941026e-07	0.037037037037037	0.491090027111315	1	0	[30830879]
IFNA1	neutrophil infiltration	3.10419946414342e-08	1.77908664941026e-07	0.037037037037037	0.491090027111315	1	0	[30830879]
IFNA1	neutrophils/immunology	3.10419946414342e-08	1.77908664941026e-07	0.037037037037037	0.491090027111315	1	0	[30830879]
IFNA1	phagocytosis	5.00320895824302e-10	2.04552188269981e-09	0.0441176470588235	0.5011717509037	1	1	[39166450]
IFNA1	phenylenediamines/pharmacology	0.0006867567885109	0.001610019956897	0.074074074074074	0.491090027111315	1	0	[30830879]
IFNA1	TICAM1	3.10419946414342e-08	1.77908664941026e-07	0.037037037037037	0.491090027111315	1	0	[30830879]
IFNA1	TLR4	0.0006867567885109	0.001610019956897	0.074074074074074	0.491090027111315	1	0	[39166450,30830879]
IFNA1	toll-like receptor 4/genetics	3.10419946414342e-08	1.77908664941026e-07	0.037037037037037	0.491090027111315	1	0	[30830879]
IFNA1	toll-like receptor 4/metabolism	0.0060053206106562	0.0087908768007707	0.1284220608189	0.5011717509037	1	1	[39166450]
IFNA1	TRIM69	3.10419946414342e-08	1.77908664941026e-07	0.037037037037037	0.491090027111315	1	0	[30830879]
IFNA1	ventricular function left/drug effects	3.10419946414342e-08	1.77908664941026e-07	0.037037037037037	0.491090027111315	1	0	[30830879]
IFNA1	macrophages/immunology	0.0042693611878669	0.0065615648077505	0.146107057499463	0.583915496397244	1	2	[39166450]
inflammation/drug therapy	myocardial reperfusion injury/drug therapy	3.10419946414342e-08	1.77908664941026e-07	0.037037037037037	0.491090027111315	1	0	[30830879]
inflammation/drug therapy	myocardium/immunology	3.10419946414342e-08	1.77908664941026e-07	0.037037037037037	0.491090027111315	1	0	[30830879]
inflammation/drug therapy	neutrophil infiltration	3.10419946414342e-08	1.77908664941026e-07	0.037037037037037	0.491090027111315	1	0	[30830879]
inflammation/drug therapy	neutrophils/immunology	3.10419946414342e-08	1.77908664941026e-07	0.037037037037037	0.491090027111315	1	0	[30830879]
inflammation/drug therapy	phenylenediamines/pharmacology	0.0006867567885109	0.001610019956897	0.074074074074074	0.491090027111315	1	0	[30830879]
inflammation/drug therapy	TICAM1	3.10419946414342e-08	1.77908664941026e-07	0.037037037037037	0.491090027111315	1	0	[30830879]
inflammation/drug therapy	TLR4	0.0006867567885109	0.001610019956897	0.074074074074074	0.491090027111315	1	0	[30830879]
inflammation/drug therapy	toll-like receptor 4/genetics	3.10419946414342e-08	1.77908664941026e-07	0.037037037037037	0.491090027111315	1	0	[30830879]
inflammation/drug therapy	TRIM69	3.10419946414342e-08	1.77908664941026e-07	0.037037037037037	0.491090027111315	1	0	[30830879]
inflammation/drug therapy	ventricular function left/drug effects	3.10419946414342e-08	1.77908664941026e-07	0.037037037037037	0.491090027111315	1	0	[30830879]
myocardial reperfusion injury/drug therapy	myocardium/immunology	3.10419946414342e-08	1.77908664941026e-07	0.037037037037037	0.491090027111315	1	0	[30830879]
myocardial reperfusion injury/drug therapy	neutrophil infiltration	3.10419946414342e-08	1.77908664941026e-07	0.037037037037037	0.491090027111315	1	0	[30830879]
myocardial reperfusion injury/drug therapy	neutrophils/immunology	3.10419946414342e-08	1.77908664941026e-07	0.037037037037037	0.491090027111315	1	0	[30830879]
myocardial reperfusion injury/drug therapy	phenylenediamines/pharmacology	0.0006867567885109	0.001610019956897	0.074074074074074	0.491090027111315	1	0	[30830879]
myocardial reperfusion injury/drug therapy	TICAM1	3.10419946414342e-08	1.77908664941026e-07	0.037037037037037	0.491090027111315	1	0	[30830879]
myocardial reperfusion injury/drug therapy	TLR4	0.0006867567885109	0.001610019956897	0.074074074074074	0.491090027111315	1	0	[30830879]
myocardial reperfusion injury/drug therapy	toll-like receptor 4/genetics	3.10419946414342e-08	1.77908664941026e-07	0.037037037037037	0.491090027111315	1	0	[30830879]
myocardial reperfusion injury/drug therapy	TRIM69	3.10419946414342e-08	1.77908664941026e-07	0.037037037037037	0.491090027111315	1	0	[30830879]
myocardial reperfusion injury/drug therapy	ventricular function left/drug effects	3.10419946414342e-08	1.77908664941026e-07	0.037037037037037	0.491090027111315	1	0	[30830879]
myocardium/immunology	neutrophil infiltration	3.10419946414342e-08	1.77908664941026e-07	0.037037037037037	0.491090027111315	1	0	[30830879]
myocardium/immunology	neutrophils/immunology	3.10419946414342e-08	1.77908664941026e-07	0.037037037037037	0.491090027111315	1	0	[30830879]
myocardium/immunology	phenylenediamines/pharmacology	0.0006867567885109	0.001610019956897	0.074074074074074	0.491090027111315	1	0	[30830879]
myocardium/immunology	TICAM1	3.10419946414342e-08	1.77908664941026e-07	0.037037037037037	0.491090027111315	1	0	[30830879]
myocardium/immunology	TLR4	0.0006867567885109	0.001610019956897	0.074074074074074	0.491090027111315	1	0	[30830879]
myocardium/immunology	toll-like receptor 4/genetics	3.10419946414342e-08	1.77908664941026e-07	0.037037037037037	0.491090027111315	1	0	[30830879]
myocardium/immunology	TRIM69	3.10419946414342e-08	1.77908664941026e-07	0.037037037037037	0.491090027111315	1	0	[30830879]
myocardium/immunology	ventricular function left/drug effects	3.10419946414342e-08	1.77908664941026e-07	0.037037037037037	0.491090027111315	1	0	[30830879]
neutrophil infiltration	neutrophils/immunology	3.10419946414342e-08	1.77908664941026e-07	0.037037037037037	0.491090027111315	1	0	[30830879]
neutrophil infiltration	phenylenediamines/pharmacology	0.0006867567885109	0.001610019956897	0.074074074074074	0.491090027111315	1	0	[30830879]
neutrophil infiltration	TICAM1	3.10419946414342e-08	1.77908664941026e-07	0.037037037037037	0.491090027111315	1	0	[30830879]
neutrophil infiltration	TLR4	0.0006867567885109	0.001610019956897	0.074074074074074	0.491090027111315	1	0	[30830879]
neutrophil infiltration	toll-like receptor 4/genetics	3.10419946414342e-08	1.77908664941026e-07	0.037037037037037	0.491090027111315	1	0	[30830879]
neutrophil infiltration	TRIM69	3.10419946414342e-08	1.77908664941026e-07	0.037037037037037	0.491090027111315	1	0	[30830879]
neutrophil infiltration	ventricular function left/drug effects	3.10419946414342e-08	1.77908664941026e-07	0.037037037037037	0.491090027111315	1	0	[30830879]
neutrophils/immunology	phenylenediamines/pharmacology	0.0006867567885109	0.001610019956897	0.074074074074074	0.491090027111315	1	0	[30830879]
neutrophils/immunology	TICAM1	3.10419946414342e-08	1.77908664941026e-07	0.037037037037037	0.491090027111315	1	0	[30830879]
neutrophils/immunology	TLR4	0.0006867567885109	0.001610019956897	0.074074074074074	0.491090027111315	1	0	[30830879]
neutrophils/immunology	toll-like receptor 4/genetics	3.10419946414342e-08	1.77908664941026e-07	0.037037037037037	0.491090027111315	1	0	[30830879]
neutrophils/immunology	TRIM69	3.10419946414342e-08	1.77908664941026e-07	0.037037037037037	0.491090027111315	1	0	[30830879]
neutrophils/immunology	ventricular function left/drug effects	3.10419946414342e-08	1.77908664941026e-07	0.037037037037037	0.491090027111315	1	0	[30830879]
cells cultured	phenylenediamines/pharmacology	0.0026427423852313	0.0041792883219225	0.0869183494293239	0.5011717509037	1	1	[35197507]
phenylenediamines/pharmacology	TICAM1	0.0006867567885109	0.001610019956897	0.074074074074074	0.491090027111315	1	0	[30830879]
phenylenediamines/pharmacology	TLR4	5.02924301564178e-05	0.000164058546067	0.0028490028490028	0.178864212567384	2	0	[35197507,30830879]
phenylenediamines/pharmacology	toll-like receptor 4/genetics	0.0006867567885109	0.001610019956897	0.074074074074074	0.491090027111315	1	0	[30830879]
phenylenediamines/pharmacology	TRIM69	0.0006867567885109	0.001610019956897	0.074074074074074	0.491090027111315	1	0	[30830879]
phenylenediamines/pharmacology	ventricular function left/drug effects	0.0006867567885109	0.001610019956897	0.074074074074074	0.491090027111315	1	0	[30830879]
FTH1	phenylenediamines/pharmacology	1.5116738912857e-05	3.37302826240493e-05	0.0294117647058823	0.5011717509037	1	1	[35197507]
HMGB1	phenylenediamines/pharmacology	0.0015588727606166	0.0025467155403098	0.0583845478489903	0.5011717509037	1	1	[35197507]
TICAM1	TLR4	0.0006867567885109	0.001610019956897	0.074074074074074	0.491090027111315	1	0	[30830879]
TICAM1	toll-like receptor 4/genetics	3.10419946414342e-08	1.77908664941026e-07	0.037037037037037	0.491090027111315	1	0	[30830879]
TICAM1	TRIM69	3.10419946414342e-08	1.77908664941026e-07	0.037037037037037	0.491090027111315	1	0	[30830879]
TICAM1	ventricular function left/drug effects	3.10419946414342e-08	1.77908664941026e-07	0.037037037037037	0.491090027111315	1	0	[30830879]
endometrial neoplasms/immunology	TLR4	1.07837199170291e-08	3.82041130229103e-08	0.0441176470588235	0.5011717509037	1	1	[39166450]
heme/metabolism	TLR4	1.07837199170291e-08	3.82041130229103e-08	0.0441176470588235	0.5011717509037	1	1	[39166450]
interferon type i/metabolism	TLR4	0.0003667702795712	0.0006634635521673	0.0869183494293239	0.5011717509037	1	1	[39166450]
phagocytosis	TLR4	1.07837199170291e-08	3.82041130229103e-08	0.0441176470588235	0.5011717509037	1	1	[39166450]
TLR4	toll-like receptor 4/genetics	0.0006867567885109	0.001610019956897	0.074074074074074	0.491090027111315	1	0	[30830879]
TLR4	TRIM69	0.0006867567885109	0.001610019956897	0.074074074074074	0.491090027111315	1	0	[30830879]
TLR4	ventricular function left/drug effects	0.0006867567885109	0.001610019956897	0.074074074074074	0.491090027111315	1	0	[30830879]
FTH1	TLR4	0.0001391835462153	0.0002745743120631	0.0441176470588235	0.5011717509037	1	1	[35197507]
HMGB1	TLR4	0.005548883149006	0.0082217997785665	0.0869183494293239	0.5011717509037	1	1	[35197507]
toll-like receptor 4/genetics	TRIM69	3.10419946414342e-08	1.77908664941026e-07	0.037037037037037	0.491090027111315	1	0	[30830879]
toll-like receptor 4/genetics	ventricular function left/drug effects	3.10419946414342e-08	1.77908664941026e-07	0.037037037037037	0.491090027111315	1	0	[30830879]
TRIM69	ventricular function left/drug effects	3.10419946414342e-08	1.77908664941026e-07	0.037037037037037	0.491090027111315	1	0	[30830879]
adjuvants immunologic/chemistry	CHRM1	0.0004475609267244	0.0012601229975738	0.074074074074074	0.491090027111315	1	0	[33236624]
adjuvants immunologic/chemistry	dextrans/chemistry	1.51878509768721e-12	3.21494655714812e-11	0.037037037037037	0.491090027111315	1	0	[33236624]
adjuvants immunologic/chemistry	ferric compounds/chemistry	0.0001168032959434	0.0003588236845719	0.111111111111111	0.491090027111315	1	0	[33236624]
adjuvants immunologic/chemistry	gels/chemistry	1.51878509768721e-12	3.21494655714812e-11	0.037037037037037	0.491090027111315	1	0	[33236624]
adjuvants immunologic/chemistry	gold/chemistry	1.51878509768721e-12	3.21494655714812e-11	0.037037037037037	0.491090027111315	1	0	[33236624]
adjuvants immunologic/chemistry	macrophages/cytology	3.26106776693535e-06	1.56574445763452e-05	0.074074074074074	0.491090027111315	1	0	[33236624]
adjuvants immunologic/chemistry	MRLN	0.0004475609267244	0.0012601229975738	0.074074074074074	0.491090027111315	1	0	[33236624]
adjuvants immunologic/chemistry	reactive oxygen species/metabolism	0.000246122170292	0.0004560386748922	0.102941176470588	0.5011717509037	1	1	[33236624]
adjuvants immunologic/chemistry	urinary bladder neoplasms/pathology	1.51878509768721e-12	3.21494655714812e-11	0.037037037037037	0.491090027111315	1	0	[33236624]
anti-inflammatory agents/pharmacology	CHRM1	0.0012446795696657	0.0020789136508493	0.0588235294117647	0.5011717509037	1	1	[30755716]
calgranulin a/metabolism	CHRM1	0.0012446795696657	0.0020789136508493	0.0588235294117647	0.5011717509037	1	1	[30755716]
CHRM1	colon/metabolism	0.0012446795696657	0.0020789136508493	0.0588235294117647	0.5011717509037	1	1	[30755716]
CHRM1	dextrans/chemistry	0.0004475609267244	0.0012601229975738	0.074074074074074	0.491090027111315	1	0	[33236624]
CHRM1	gels/chemistry	0.0004475609267244	0.0012601229975738	0.074074074074074	0.491090027111315	1	0	[33236624]
CHRM1	glycyrrhizic acid/pharmacology	0.0012446795696657	0.0020789136508493	0.0588235294117647	0.5011717509037	1	1	[30755716]
CHRM1	gold/chemistry	0.0004475609267244	0.0012601229975738	0.074074074074074	0.491090027111315	1	0	[33236624]
CHRM1	IRF6	0.0012446795696657	0.0020789136508493	0.0588235294117647	0.5011717509037	1	1	[30755716]
CHRM1	macrophages/cytology	0.0068076812274767	0.0098766500723332	0.115013169446883	0.5011717509037	1	1	[33236624]
CHRM1	MRLN	0.0009947484468403	0.0022661197924877	0.0028490028490028	0.178864212567384	2	0	[34093872,30755716,33236624,31257391]
CHRM1	tumor microenvironment/drug effects	0.0020547216750272	0.0033114886991051	0.0042117671617232	0.054769758680606	3	1	[34093872,30755716,31257391]
CHRM1	urinary bladder neoplasms/pathology	0.0004475609267244	0.0012601229975738	0.074074074074074	0.491090027111315	1	0	[33236624]
CHRM1	protease inhibitors/pharmacology	0.0005902585392537	0.0010518107784265	0.0588235294117647	0.5011717509037	1	1	[31257391]
carcinoma hepatocellular/drug therapy	CHRM1	0.0005902585392537	0.0010518107784265	0.0588235294117647	0.5011717509037	1	1	[31257391]
CHRM1	stem cell factor/metabolism	0.0005902585392537	0.0010518107784265	0.0588235294117647	0.5011717509037	1	1	[31257391]
CHRM1	plant extracts/pharmacology	0.0005902585392537	0.0010518107784265	0.0588235294117647	0.5011717509037	1	1	[31257391]
CHRM1	digestion	0.0005902585392537	0.0010518107784265	0.0588235294117647	0.5011717509037	1	1	[31257391]
CHRM1	gastrointestinal tract	0.0005902585392537	0.0010518107784265	0.0588235294117647	0.5011717509037	1	1	[31257391]
CHRM1	nf-kappa b/metabolism	0.0057015867770817	0.00862334320524	0.0993184031158714	0.583915496397244	1	2	[30755716]
CHRM1	rna messenger/metabolism	0.0066824556627806	0.0099084264607212	0.0993184031158714	0.583915496397244	1	2	[31257391]
dextrans/chemistry	ferric compounds/chemistry	0.0001168032959434	0.0003588236845719	0.111111111111111	0.491090027111315	1	0	[33236624]
dextrans/chemistry	gels/chemistry	1.51878509768721e-12	3.21494655714812e-11	0.037037037037037	0.491090027111315	1	0	[33236624]
dextrans/chemistry	gold/chemistry	1.51878509768721e-12	3.21494655714812e-11	0.037037037037037	0.491090027111315	1	0	[33236624]
dextrans/chemistry	macrophages/cytology	3.26106776693535e-06	1.56574445763452e-05	0.074074074074074	0.491090027111315	1	0	[33236624]
dextrans/chemistry	MRLN	0.0004475609267244	0.0012601229975738	0.074074074074074	0.491090027111315	1	0	[33236624]
dextrans/chemistry	reactive oxygen species/metabolism	0.000246122170292	0.0004560386748922	0.102941176470588	0.5011717509037	1	1	[33236624]
dextrans/chemistry	urinary bladder neoplasms/pathology	1.51878509768721e-12	3.21494655714812e-11	0.037037037037037	0.491090027111315	1	0	[33236624]
aniline compounds/chemistry	ferric compounds/chemistry	0.0015625643362536	0.0033615998331867	0.111111111111111	0.491090027111315	1	0	[34985903]
ascorbic acid/pharmacology	ferric compounds/chemistry	1.90229000622821e-05	6.33368658790105e-05	0.111111111111111	0.491090027111315	1	0	[32686685]
b7-h1 antigen/metabolism	ferric compounds/chemistry	0.0015625643362536	0.0033615998331867	0.111111111111111	0.491090027111315	1	0	[34985903]
benzylidene compounds/chemistry	ferric compounds/chemistry	0.0015625643362536	0.0033615998331867	0.111111111111111	0.491090027111315	1	0	[34985903]
CALR	ferric compounds/chemistry	1.90229000622821e-05	6.33368658790105e-05	0.111111111111111	0.491090027111315	1	0	[32686685]
calreticulin/metabolism	ferric compounds/chemistry	1.90229000622821e-05	6.33368658790105e-05	0.111111111111111	0.491090027111315	1	0	[32686685]
cd8-positive t-lymphocytes/cytology	ferric compounds/chemistry	0.0002311983189888	0.000429163002381	0.0869183494293239	0.5011717509037	1	1	[34985903]
CYREN	ferric compounds/chemistry	1.90229000622821e-05	6.33368658790105e-05	0.111111111111111	0.491090027111315	1	0	[32686685]
exosomes/metabolism	ferric compounds/chemistry	0.0015625643362536	0.0033615998331867	0.111111111111111	0.491090027111315	1	0	[34985903]
ferric compounds/chemistry	gels/chemistry	0.0001168032959434	0.0003588236845719	0.111111111111111	0.491090027111315	1	0	[33236624]
ferric compounds/chemistry	gold/chemistry	0.0001168032959434	0.0003588236845719	0.111111111111111	0.491090027111315	1	0	[33236624]
ferric compounds/chemistry	immunogenic cell death/drug effects	0.0015625643362536	0.0033615998331867	0.111111111111111	0.491090027111315	1	0	[34985903]
ferric compounds/chemistry	interferon-gamma/metabolism	0.0015625643362536	0.0033615998331867	0.111111111111111	0.491090027111315	1	0	[34985903]
ferric compounds/chemistry	macrophages/cytology	5.13076182133698e-05	0.000107238757578	0.0869183494293239	0.5011717509037	1	1	[33236624]
ferric compounds/chemistry	metal-organic frameworks/chemistry	0.0015625643362536	0.0033615998331867	0.111111111111111	0.491090027111315	1	0	[34985903]
ferric compounds/chemistry	neoplasms/diagnostic imaging	1.90229000622821e-05	6.33368658790105e-05	0.111111111111111	0.491090027111315	1	0	[32686685]
ferric compounds/chemistry	oxidative stress	9.99914752405351e-05	0.0002019839072854	0.0869183494293239	0.5011717509037	1	1	[32686685]
ferric compounds/chemistry	phenol/chemistry	0.0015625643362536	0.0033615998331867	0.111111111111111	0.491090027111315	1	0	[34985903]
ferric compounds/chemistry	programmed cell death 1 receptor/metabolism	0.0015625643362536	0.0033615998331867	0.111111111111111	0.491090027111315	1	0	[34985903]
ferric compounds/chemistry	t-lymphocytes cytotoxic/metabolism	1.90229000622821e-05	6.33368658790105e-05	0.111111111111111	0.491090027111315	1	0	[32686685]
ferric compounds/chemistry	urinary bladder neoplasms/pathology	0.0001168032959434	0.0003588236845719	0.111111111111111	0.491090027111315	1	0	[33236624]
gels/chemistry	gold/chemistry	1.51878509768721e-12	3.21494655714812e-11	0.037037037037037	0.491090027111315	1	0	[33236624]
gels/chemistry	macrophages/cytology	3.26106776693535e-06	1.56574445763452e-05	0.074074074074074	0.491090027111315	1	0	[33236624]
gels/chemistry	MRLN	0.0004475609267244	0.0012601229975738	0.074074074074074	0.491090027111315	1	0	[33236624]
gels/chemistry	reactive oxygen species/metabolism	0.000246122170292	0.0004560386748922	0.102941176470588	0.5011717509037	1	1	[33236624]
gels/chemistry	urinary bladder neoplasms/pathology	1.51878509768721e-12	3.21494655714812e-11	0.037037037037037	0.491090027111315	1	0	[33236624]
gold/chemistry	macrophages/cytology	3.26106776693535e-06	1.56574445763452e-05	0.074074074074074	0.491090027111315	1	0	[33236624]
gold/chemistry	MRLN	0.0004475609267244	0.0012601229975738	0.074074074074074	0.491090027111315	1	0	[33236624]
gold/chemistry	reactive oxygen species/metabolism	0.000246122170292	0.0004560386748922	0.102941176470588	0.5011717509037	1	1	[33236624]
gold/chemistry	urinary bladder neoplasms/pathology	1.51878509768721e-12	3.21494655714812e-11	0.037037037037037	0.491090027111315	1	0	[33236624]
antineoplastic agents/chemistry	macrophages/cytology	3.98433250663466e-05	0.000130412689269	0.074074074074074	0.491090027111315	1	0	[31509699]
apoptosis/drug effects	macrophages/cytology	0.0011893547260051	0.0026470673103721	0.145299145299145	0.491090027111315	1	0	[31509699]
biological products/chemistry	macrophages/cytology	3.98433250663466e-05	0.000130412689269	0.074074074074074	0.491090027111315	1	0	[31509699]
dichloroacetic acid/chemistry	macrophages/cytology	3.98433250663466e-05	0.000130412689269	0.074074074074074	0.491090027111315	1	0	[31509699]
drug synergism	macrophages/cytology	3.98433250663466e-05	0.000130412689269	0.074074074074074	0.491090027111315	1	0	[31509699]
energy metabolism/drug effects	macrophages/cytology	3.98433250663466e-05	0.000130412689269	0.074074074074074	0.491090027111315	1	0	[31509699]
macrophages/cytology	mitochondria/drug effects	0.0003667702795712	0.0006634635521673	0.0583845478489903	0.5011717509037	1	1	[31509699]
macrophages/cytology	MRLN	0.0068076812274767	0.0098766500723332	0.115013169446883	0.5011717509037	1	1	[33236624]
macrophages/cytology	protein kinase inhibitors/chemistry	3.98433250663466e-05	0.000130412689269	0.074074074074074	0.491090027111315	1	0	[31509699]
macrophages/cytology	pyruvate dehydrogenase acetyl-transferring kinase/antagonists &amp; inhibitors	3.98433250663466e-05	0.000130412689269	0.074074074074074	0.491090027111315	1	0	[31509699]
macrophages/cytology	saponins/chemistry	3.98433250663466e-05	0.000130412689269	0.074074074074074	0.491090027111315	1	0	[31509699]
macrophages/cytology	urinary bladder neoplasms/pathology	3.26106776693535e-06	1.56574445763452e-05	0.074074074074074	0.491090027111315	1	0	[33236624]
anti-inflammatory agents/pharmacology	MRLN	0.0012446795696657	0.0020789136508493	0.0588235294117647	0.5011717509037	1	1	[30755716]
calgranulin a/metabolism	MRLN	0.0012446795696657	0.0020789136508493	0.0588235294117647	0.5011717509037	1	1	[30755716]
colon/metabolism	MRLN	0.0012446795696657	0.0020789136508493	0.0588235294117647	0.5011717509037	1	1	[30755716]
glycyrrhizic acid/pharmacology	MRLN	0.0012446795696657	0.0020789136508493	0.0588235294117647	0.5011717509037	1	1	[30755716]
IRF6	MRLN	0.0012446795696657	0.0020789136508493	0.0588235294117647	0.5011717509037	1	1	[30755716]
MRLN	tumor microenvironment/drug effects	0.0020547216750272	0.0033114886991051	0.0042117671617232	0.054769758680606	3	1	[34093872,30755716,31257391]
MRLN	urinary bladder neoplasms/pathology	0.0004475609267244	0.0012601229975738	0.074074074074074	0.491090027111315	1	0	[33236624]
MRLN	protease inhibitors/pharmacology	0.0005902585392537	0.0010518107784265	0.0588235294117647	0.5011717509037	1	1	[31257391]
carcinoma hepatocellular/drug therapy	MRLN	0.0005902585392537	0.0010518107784265	0.0588235294117647	0.5011717509037	1	1	[31257391]
MRLN	stem cell factor/metabolism	0.0005902585392537	0.0010518107784265	0.0588235294117647	0.5011717509037	1	1	[31257391]
MRLN	plant extracts/pharmacology	0.0005902585392537	0.0010518107784265	0.0588235294117647	0.5011717509037	1	1	[31257391]
digestion	MRLN	0.0005902585392537	0.0010518107784265	0.0588235294117647	0.5011717509037	1	1	[31257391]
gastrointestinal tract	MRLN	0.0005902585392537	0.0010518107784265	0.0588235294117647	0.5011717509037	1	1	[31257391]
MRLN	nf-kappa b/metabolism	0.0057015867770817	0.00862334320524	0.0993184031158714	0.583915496397244	1	2	[30755716]
MRLN	rna messenger/metabolism	0.0066824556627806	0.0099084264607212	0.0993184031158714	0.583915496397244	1	2	[31257391]
antibodies monoclonal humanized/pharmacology	reactive oxygen species/metabolism	0.0012446795696657	0.0020789136508493	0.102941176470588	0.5011717509037	1	1	[33691090]
antioxidants/pharmacology	reactive oxygen species/metabolism	0.0047751294388702	0.0071792222967029	0.102941176470588	0.5011717509037	1	1	[32778843]
ASAH2	reactive oxygen species/metabolism	0.0018579666779763	0.003012680357705	0.102941176470588	0.5011717509037	1	1	[33547170]
asparaginase	reactive oxygen species/metabolism	0.0012446795696657	0.0020789136508493	0.102941176470588	0.5011717509037	1	1	[35778693]
ASPG	reactive oxygen species/metabolism	0.0012446795696657	0.0020789136508493	0.102941176470588	0.5011717509037	1	1	[35778693]
ATG5	reactive oxygen species/metabolism	0.0007858745973121	0.0013687395477366	0.102941176470588	0.5011717509037	1	1	[33926261]
autophagy-related proteins/genetics	reactive oxygen species/metabolism	0.0007858745973121	0.0013687395477366	0.102941176470588	0.5011717509037	1	1	[33926261]
biopterins/analogs &amp; derivatives	reactive oxygen species/metabolism	0.0047751294388702	0.0071792222967029	0.102941176470588	0.5011717509037	1	1	[32778843]
cd36 antigens/antagonists &amp; inhibitors	reactive oxygen species/metabolism	0.0012446795696657	0.0020789136508493	0.102941176470588	0.5011717509037	1	1	[33691090]
cell cycle/drug effects	reactive oxygen species/metabolism	0.0007858745973121	0.0013687395477366	0.102941176470588	0.5011717509037	1	1	[33926261]
cisplatin	reactive oxygen species/metabolism	0.0012446795696657	0.0020789136508493	0.102941176470588	0.5011717509037	1	1	[35778693]
colonic neoplasms/drug therapy	reactive oxygen species/metabolism	0.0018579666779763	0.003012680357705	0.102941176470588	0.5011717509037	1	1	[33547170]
cysteine/metabolism	reactive oxygen species/metabolism	0.0012446795696657	0.0020789136508493	0.102941176470588	0.5011717509037	1	1	[31043744]
cystine/antagonists &amp; inhibitors	reactive oxygen species/metabolism	0.0047751294388702	0.0071792222967029	0.102941176470588	0.5011717509037	1	1	[32778843]
diterpenes/pharmacology	reactive oxygen species/metabolism	0.0012446795696657	0.0020789136508493	0.102941176470588	0.5011717509037	1	1	[35778693]
fatty acids/metabolism	reactive oxygen species/metabolism	0.0012446795696657	0.0020789136508493	0.102941176470588	0.5011717509037	1	1	[33691090]
flavonolignans/pharmacology	reactive oxygen species/metabolism	0.0007858745973121	0.0013687395477366	0.102941176470588	0.5011717509037	1	1	[33926261]
folic acid antagonists/pharmacology	reactive oxygen species/metabolism	0.0047751294388702	0.0071792222967029	0.102941176470588	0.5011717509037	1	1	[32778843]
fusion regulatory protein 1 heavy chain/metabolism	reactive oxygen species/metabolism	0.0012446795696657	0.0020789136508493	0.102941176470588	0.5011717509037	1	1	[31043744]
glutathione peroxidase/metabolism	reactive oxygen species/metabolism	0.0007858745973121	0.0013687395477366	0.102941176470588	0.5011717509037	1	1	[33926261]
heme oxygenase-1/metabolism	reactive oxygen species/metabolism	0.0018579666779763	0.003012680357705	0.102941176470588	0.5011717509037	1	1	[33547170]
HMOX1	reactive oxygen species/metabolism	0.0018579666779763	0.003012680357705	0.102941176470588	0.5011717509037	1	1	[39276841,33547170]
interferon-gamma/immunology	reactive oxygen species/metabolism	0.0012446795696657	0.0020789136508493	0.102941176470588	0.5011717509037	1	1	[31043744]
jurkat cells	reactive oxygen species/metabolism	2.88582746705845e-05	6.20730055714524e-05	0.0092186128182616	0.186828306325089	2	1	[32778843,33926261]
killer cells natural/metabolism	reactive oxygen species/metabolism	0.0012446795696657	0.0020789136508493	0.102941176470588	0.5011717509037	1	1	[35778693]
lymphocytes tumor-infiltrating/immunology	reactive oxygen species/metabolism	0.0018579666779763	0.003012680357705	0.102941176470588	0.5011717509037	1	1	[33547170]
lymphoma t-cell	reactive oxygen species/metabolism	0.0012446795696657	0.0020789136508493	0.102941176470588	0.5011717509037	1	1	[35778693]
melanoma/genetics	reactive oxygen species/metabolism	0.0012446795696657	0.0020789136508493	0.102941176470588	0.5011717509037	1	1	[31043744]
membrane proteins/metabolism	reactive oxygen species/metabolism	0.0018579666779763	0.003012680357705	0.102941176470588	0.5011717509037	1	1	[33547170]
methotrexate/pharmacology	reactive oxygen species/metabolism	0.0047751294388702	0.0071792222967029	0.102941176470588	0.5011717509037	1	1	[32778843]
multiple myeloma/drug therapy	reactive oxygen species/metabolism	0.0012446795696657	0.0020789136508493	0.102941176470588	0.5011717509037	1	1	[33691090]
myeloid-derived suppressor cells/immunology	reactive oxygen species/metabolism	0.0018579666779763	0.003012680357705	0.102941176470588	0.5011717509037	1	1	[33547170]
neutral ceramidase/antagonists &amp; inhibitors	reactive oxygen species/metabolism	0.0018579666779763	0.003012680357705	0.102941176470588	0.5011717509037	1	1	[33547170]
nivolumab/therapeutic use	reactive oxygen species/metabolism	0.0012446795696657	0.0020789136508493	0.102941176470588	0.5011717509037	1	1	[31043744]
NLRP1	reactive oxygen species/metabolism	0.0012446795696657	0.0020789136508493	0.102941176470588	0.5011717509037	1	1	[35778693]
phospholipid hydroperoxide glutathione peroxidase/antagonists &amp; inhibitors	reactive oxygen species/metabolism	0.0047751294388702	0.0071792222967029	0.102941176470588	0.5011717509037	1	1	[32778843]
precursor cell lymphoblastic leukemia-lymphoma/metabolism	reactive oxygen species/metabolism	0.0007858745973121	0.0013687395477366	0.102941176470588	0.5011717509037	1	1	[33926261]
reactive oxygen species/metabolism	SLC3A2	0.0012446795696657	0.0020789136508493	0.102941176470588	0.5011717509037	1	1	[31043744]
reactive oxygen species/metabolism	t-lymphocytes/immunology	0.0018579666779763	0.003012680357705	0.102941176470588	0.5011717509037	1	1	[33547170]
reactive oxygen species/metabolism	tetrahydrofolate dehydrogenase/genetics	0.0047751294388702	0.0071792222967029	0.102941176470588	0.5011717509037	1	1	[32778843]
reactive oxygen species/metabolism	tumor suppressor protein p53/metabolism	0.0008921307204657	0.0015433021659614	0.0262590789368664	0.186828306325089	2	1	[33547170,35778693]
reactive oxygen species/metabolism	urinary bladder neoplasms/pathology	0.000246122170292	0.0004560386748922	0.102941176470588	0.5011717509037	1	1	[33236624]
reactive oxygen species/metabolism	vitamin e/pharmacology	0.0047751294388702	0.0071792222967029	0.102941176470588	0.5011717509037	1	1	[32778843]
reactive oxygen species/metabolism	XK	0.0012446795696657	0.0020789136508493	0.102941176470588	0.5011717509037	1	1	[35778693]
ferroptosis/drug effects	reactive oxygen species/metabolism	0.0016323015679027	0.0026642462621632	0.0009160199949021	7.24854090737856e-05	7	1	[31043744,33547170,35778693,39276841,33236624,33691090,40451026,40724917,40136245,33926261,32778843]
dna-(apurinic or apyrimidinic site) lyase/metabolism	reactive oxygen species/metabolism	0.0002283666674559	0.0004440401924233	0.139240506329114	0.583915496397244	1	2	[40136245]
APEX1	reactive oxygen species/metabolism	0.0002283666674559	0.0004440401924233	0.139240506329114	0.583915496397244	1	2	[40136245]
reactive oxygen species/metabolism	TFRC	0.0011434091802799	0.001996538355438	0.017851346965271	0.260219474110676	2	2	[39276841,40451026]
amino acid transport system y+/genetics	antineoplastic agents immunological/administration &amp; dosage	9.44154754378701e-11	1.14562710782353e-09	0.037037037037037	0.491090027111315	1	0	[31554642]
amino acid transport system y+/genetics	ATM	9.44154754378701e-11	1.14562710782353e-09	0.037037037037037	0.491090027111315	1	0	[31554642]
amino acid transport system y+/genetics	cd8-positive t-lymphocytes/immunology	0.0042660683096238	0.0086454214520678	0.111111111111111	0.491090027111315	1	0	[31554642]
amino acid transport system y+/genetics	cell survival/drug effects	0.0035872302582571	0.0074200911190768	0.111111111111111	0.491090027111315	1	0	[31554642]
amino acid transport system y+/genetics	gene expression regulation neoplastic/drug effects	9.44154754378701e-11	1.14562710782353e-09	0.037037037037037	0.491090027111315	1	0	[31554642]
amino acid transport system y+/genetics	lipid metabolism/drug effects	9.44154754378701e-11	1.14562710782353e-09	0.037037037037037	0.491090027111315	1	0	[31554642]
amino acid transport system y+/genetics	SLC9A1	1.29861397354381e-05	5.27448252559809e-05	0.074074074074074	0.491090027111315	1	0	[31554642]
amino acid transport system y+/genetics	sulfasalazine/administration &amp; dosage	9.44154754378701e-11	1.14562710782353e-09	0.037037037037037	0.491090027111315	1	0	[31554642]
antineoplastic agents immunological/administration &amp; dosage	ATM	9.44154754378701e-11	1.14562710782353e-09	0.037037037037037	0.491090027111315	1	0	[31554642]
antineoplastic agents immunological/administration &amp; dosage	cd8-positive t-lymphocytes/immunology	0.0042660683096238	0.0086454214520678	0.111111111111111	0.491090027111315	1	0	[31554642]
antineoplastic agents immunological/administration &amp; dosage	cell survival/drug effects	0.0035872302582571	0.0074200911190768	0.111111111111111	0.491090027111315	1	0	[31554642]
antineoplastic agents immunological/administration &amp; dosage	gene expression regulation neoplastic/drug effects	9.44154754378701e-11	1.14562710782353e-09	0.037037037037037	0.491090027111315	1	0	[31554642]
antineoplastic agents immunological/administration &amp; dosage	lipid metabolism/drug effects	9.44154754378701e-11	1.14562710782353e-09	0.037037037037037	0.491090027111315	1	0	[31554642]
antineoplastic agents immunological/administration &amp; dosage	SLC9A1	1.29861397354381e-05	5.27448252559809e-05	0.074074074074074	0.491090027111315	1	0	[31554642]
antineoplastic agents immunological/administration &amp; dosage	sulfasalazine/administration &amp; dosage	9.44154754378701e-11	1.14562710782353e-09	0.037037037037037	0.491090027111315	1	0	[31554642]
ATM	cd8-positive t-lymphocytes/immunology	0.0042660683096238	0.0086454214520678	0.111111111111111	0.491090027111315	1	0	[31554642]
ATM	cell survival/drug effects	0.0035872302582571	0.0074200911190768	0.111111111111111	0.491090027111315	1	0	[31554642]
ATM	gene expression regulation neoplastic/drug effects	9.44154754378701e-11	1.14562710782353e-09	0.037037037037037	0.491090027111315	1	0	[31554642]
ATM	lipid metabolism/drug effects	9.44154754378701e-11	1.14562710782353e-09	0.037037037037037	0.491090027111315	1	0	[31554642]
ATM	SLC9A1	1.29861397354381e-05	5.27448252559809e-05	0.074074074074074	0.491090027111315	1	0	[31554642]
ATM	sulfasalazine/administration &amp; dosage	9.44154754378701e-11	1.14562710782353e-09	0.037037037037037	0.491090027111315	1	0	[31554642]
cd8-positive t-lymphocytes/immunology	cysteine/metabolism	0.0001862810580269	0.0003543196239064	0.0588235294117647	0.5011717509037	1	1	[31043744]
cd8-positive t-lymphocytes/immunology	fusion regulatory protein 1 heavy chain/metabolism	0.0001862810580269	0.0003543196239064	0.0588235294117647	0.5011717509037	1	1	[31043744]
cd8-positive t-lymphocytes/immunology	gene expression regulation neoplastic/drug effects	0.0042660683096238	0.0086454214520678	0.111111111111111	0.491090027111315	1	0	[31554642]
cd8-positive t-lymphocytes/immunology	interferon-gamma/immunology	0.0001862810580269	0.0003543196239064	0.0588235294117647	0.5011717509037	1	1	[31043744]
cd8-positive t-lymphocytes/immunology	lipid metabolism/drug effects	0.0042660683096238	0.0086454214520678	0.111111111111111	0.491090027111315	1	0	[31554642]
cd8-positive t-lymphocytes/immunology	melanoma/genetics	0.0001862810580269	0.0003543196239064	0.0588235294117647	0.5011717509037	1	1	[31043744]
cd8-positive t-lymphocytes/immunology	nivolumab/therapeutic use	0.0001862810580269	0.0003543196239064	0.0588235294117647	0.5011717509037	1	1	[31043744]
cd8-positive t-lymphocytes/immunology	SLC3A2	0.0001862810580269	0.0003543196239064	0.0588235294117647	0.5011717509037	1	1	[31043744]
cd8-positive t-lymphocytes/immunology	SLC9A1	0.0002033306432434	0.0006004672763807	0.0085470085470085	0.178864212567384	2	0	[31043744,31554642]
cd8-positive t-lymphocytes/immunology	sulfasalazine/administration &amp; dosage	0.0042660683096238	0.0086454214520678	0.111111111111111	0.491090027111315	1	0	[31554642]
cd8-positive t-lymphocytes/immunology	interleukins/metabolism	0.00073980105763	0.0012922627784632	0.0588235294117647	0.5011717509037	1	1	[39321806]
cd8-positive t-lymphocytes/immunology	tumor escape/immunology	0.00073980105763	0.0012922627784632	0.0588235294117647	0.5011717509037	1	1	[39321806]
cd8-positive t-lymphocytes/immunology	liver neoplasms/immunology	0.00073980105763	0.0012922627784632	0.0588235294117647	0.5011717509037	1	1	[39321806]
cd8-positive t-lymphocytes/immunology	cellular reprogramming/immunology	0.00073980105763	0.0012922627784632	0.0588235294117647	0.5011717509037	1	1	[39321806]
cd8-positive t-lymphocytes/immunology	neoplastic stem cells/immunology	0.00073980105763	0.0012922627784632	0.0588235294117647	0.5011717509037	1	1	[39321806]
cd8-positive t-lymphocytes/immunology	cell survival/drug effects	0.0004884711072284	0.0008752181063766	0.0077420384707478	0.186828306325089	2	1	[34093872,31554642]
cd8-positive t-lymphocytes/immunology	IL34	0.00073980105763	0.0012922627784632	0.0588235294117647	0.5011717509037	1	1	[39321806]
b7-h1 antigen/antagonists &amp; inhibitors	cd8-positive t-lymphocytes/immunology	0.0050446579505036	0.0076916756411358	0.0993184031158714	0.583915496397244	1	2	[31043744]
amp-activated protein kinase kinases	cell survival/drug effects	0.0049036293627228	0.0073431491104543	0.0441176470588235	0.5011717509037	1	1	[34093872]
BTRC	cell survival/drug effects	0.0049036293627228	0.0073431491104543	0.0441176470588235	0.5011717509037	1	1	[34093872]
carbolines/pharmacology	cell survival/drug effects	0.0035798874138834	0.0054954767874054	0.0869183494293239	0.5011717509037	1	1	[34717678]
cell survival/drug effects	CTLA4	0.0049036293627228	0.0073431491104543	0.0441176470588235	0.5011717509037	1	1	[34093872]
cell survival/drug effects	GABPA	0.0049036293627228	0.0073431491104543	0.0441176470588235	0.5011717509037	1	1	[34093872]
cell survival/drug effects	gene expression	0.0035872302582571	0.0074200911190768	0.111111111111111	0.491090027111315	1	0	[34717678]
cell survival/drug effects	gene expression regulation neoplastic/drug effects	0.0035872302582571	0.0074200911190768	0.111111111111111	0.491090027111315	1	0	[31554642]
cell survival/drug effects	glycogen synthase kinase 3/metabolism	0.0049036293627228	0.0073431491104543	0.0441176470588235	0.5011717509037	1	1	[34093872]
cell survival/drug effects	GSK3B	0.0049036293627228	0.0073431491104543	0.0441176470588235	0.5011717509037	1	1	[34093872]
cell survival/drug effects	inflammation mediators/antagonists &amp; inhibitors	0.0035872302582571	0.0074200911190768	0.111111111111111	0.491090027111315	1	0	[34717678]
cell survival/drug effects	iron/chemistry	0.0049036293627228	0.0073431491104543	0.0441176470588235	0.5011717509037	1	1	[34093872]
cell survival/drug effects	lipid metabolism/drug effects	0.0035872302582571	0.0074200911190768	0.111111111111111	0.491090027111315	1	0	[31554642]
cell survival/drug effects	lipopolysaccharides/toxicity	0.0035872302582571	0.0074200911190768	0.111111111111111	0.491090027111315	1	0	[34717678]
cell survival/drug effects	lung neoplasms/drug therapy	0.0049036293627228	0.0073431491104543	0.0441176470588235	0.5011717509037	1	1	[34093872]
cell survival/drug effects	microglia/drug effects	0.0035872302582571	0.0074200911190768	0.111111111111111	0.491090027111315	1	0	[34717678]
cell survival/drug effects	MTOR	0.0049036293627228	0.0073431491104543	0.0441176470588235	0.5011717509037	1	1	[34093872]
cell survival/drug effects	nf-e2-related factor 2/biosynthesis	0.0035872302582571	0.0074200911190768	0.111111111111111	0.491090027111315	1	0	[34717678]
cell survival/drug effects	nf-e2-related factor 2/genetics	0.0049036293627228	0.0073431491104543	0.0441176470588235	0.5011717509037	1	1	[34093872]
cell survival/drug effects	NFE2L2	2.24732586895371e-06	5.45800898095264e-06	0.001316944688323	0.186828306325089	2	1	[34093872,39287745,34717678]
cell survival/drug effects	PRKAA1	0.0049036293627228	0.0073431491104543	0.0441176470588235	0.5011717509037	1	1	[34093872]
cell survival/drug effects	PRKAA2	0.0049036293627228	0.0073431491104543	0.0441176470588235	0.5011717509037	1	1	[34093872]
cell survival/drug effects	PRKAB1	0.0049036293627228	0.0073431491104543	0.0441176470588235	0.5011717509037	1	1	[34093872]
cell survival/drug effects	raw 264.7 cells	0.0035872302582571	0.0074200911190768	0.111111111111111	0.491090027111315	1	0	[34717678]
cell survival/drug effects	SLC9A1	0.0016612422254069	0.0027108658992467	0.0869183494293239	0.5011717509037	1	1	[31554642]
cell survival/drug effects	sulfasalazine/administration &amp; dosage	0.0035872302582571	0.0074200911190768	0.111111111111111	0.491090027111315	1	0	[31554642]
cell survival/drug effects	tor serine-threonine kinases/metabolism	0.0049036293627228	0.0073431491104543	0.0441176470588235	0.5011717509037	1	1	[34093872]
gene expression regulation neoplastic/drug effects	lipid metabolism/drug effects	9.44154754378701e-11	1.14562710782353e-09	0.037037037037037	0.491090027111315	1	0	[31554642]
gene expression regulation neoplastic/drug effects	SLC9A1	1.29861397354381e-05	5.27448252559809e-05	0.074074074074074	0.491090027111315	1	0	[31554642]
gene expression regulation neoplastic/drug effects	sulfasalazine/administration &amp; dosage	9.44154754378701e-11	1.14562710782353e-09	0.037037037037037	0.491090027111315	1	0	[31554642]
lipid metabolism/drug effects	SLC9A1	1.29861397354381e-05	5.27448252559809e-05	0.074074074074074	0.491090027111315	1	0	[31554642]
lipid metabolism/drug effects	sulfasalazine/administration &amp; dosage	9.44154754378701e-11	1.14562710782353e-09	0.037037037037037	0.491090027111315	1	0	[31554642]
b7-h1 antigen/antagonists &amp; inhibitors	SLC9A1	6.20182682153914e-06	1.45351513505464e-05	0.0583845478489903	0.5011717509037	1	1	[31043744]
cysteine/metabolism	SLC9A1	5.6844185756133e-05	0.0001786003669477	0.074074074074074	0.491090027111315	1	0	[31043744]
fusion regulatory protein 1 heavy chain/metabolism	SLC9A1	5.6844185756133e-05	0.0001786003669477	0.074074074074074	0.491090027111315	1	0	[31043744]
interferon-gamma/immunology	SLC9A1	5.6844185756133e-05	0.0001786003669477	0.074074074074074	0.491090027111315	1	0	[31043744]
melanoma/genetics	SLC9A1	5.6844185756133e-05	0.0001786003669477	0.074074074074074	0.491090027111315	1	0	[31043744]
nivolumab/therapeutic use	SLC9A1	5.6844185756133e-05	0.0001786003669477	0.074074074074074	0.491090027111315	1	0	[31043744]
SLC3A2	SLC9A1	5.6844185756133e-05	0.0001786003669477	0.074074074074074	0.491090027111315	1	0	[31043744]
SLC9A1	sulfasalazine/administration &amp; dosage	1.29861397354381e-05	5.27448252559809e-05	0.074074074074074	0.491090027111315	1	0	[31554642]
aniline compounds/pharmacology	b7-h1 antigen/antagonists &amp; inhibitors	0.0001074183449439	0.0003317499471113	0.074074074074074	0.491090027111315	1	0	[34593794]
b7-h1 antigen/antagonists &amp; inhibitors	benzylidene compounds/pharmacology	0.0001074183449439	0.0003317499471113	0.074074074074074	0.491090027111315	1	0	[34593794]
b7-h1 antigen/antagonists &amp; inhibitors	cell line tumor/transplantation	1.94148241021708e-05	4.27746831663873e-05	0.0583845478489903	0.5011717509037	1	1	[34593794]
b7-h1 antigen/antagonists &amp; inhibitors	cysteine/metabolism	0.0001074183449439	0.0003317499471113	0.074074074074074	0.491090027111315	1	0	[31043744]
b7-h1 antigen/antagonists &amp; inhibitors	drug resistance neoplasm/drug effects	0.0001074183449439	0.0003317499471113	0.074074074074074	0.491090027111315	1	0	[34593794]
b7-h1 antigen/antagonists &amp; inhibitors	exosomes/drug effects	0.0001074183449439	0.0003317499471113	0.074074074074074	0.491090027111315	1	0	[34593794]
b7-h1 antigen/antagonists &amp; inhibitors	fusion regulatory protein 1 heavy chain/metabolism	0.0001074183449439	0.0003317499471113	0.074074074074074	0.491090027111315	1	0	[31043744]
b7-h1 antigen/antagonists &amp; inhibitors	hyaluronic acid/chemistry	0.0001074183449439	0.0003317499471113	0.074074074074074	0.491090027111315	1	0	[34593794]
b7-h1 antigen/antagonists &amp; inhibitors	immune checkpoint inhibitors/pharmacology	0.0001074183449439	0.0003317499471113	0.074074074074074	0.491090027111315	1	0	[34593794]
b7-h1 antigen/antagonists &amp; inhibitors	immunologic memory	0.0001074183449439	0.0003317499471113	0.074074074074074	0.491090027111315	1	0	[34593794]
b7-h1 antigen/antagonists &amp; inhibitors	interferon-gamma/immunology	0.0001074183449439	0.0003317499471113	0.074074074074074	0.491090027111315	1	0	[31043744]
b7-h1 antigen/antagonists &amp; inhibitors	melanoma/genetics	0.0001074183449439	0.0003317499471113	0.074074074074074	0.491090027111315	1	0	[31043744]
b7-h1 antigen/antagonists &amp; inhibitors	nivolumab/therapeutic use	0.0001074183449439	0.0003317499471113	0.074074074074074	0.491090027111315	1	0	[31043744]
b7-h1 antigen/antagonists &amp; inhibitors	skin neoplasms/drug therapy	0.0001074183449439	0.0003317499471113	0.074074074074074	0.491090027111315	1	0	[34593794]
b7-h1 antigen/antagonists &amp; inhibitors	SLC3A2	0.0001074183449439	0.0003317499471113	0.074074074074074	0.491090027111315	1	0	[31043744]
b7-h1 antigen/antagonists &amp; inhibitors	t-lymphocytes cytotoxic/drug effects	0.0001074183449439	0.0003317499471113	0.074074074074074	0.491090027111315	1	0	[34593794]
b7-h1 antigen/antagonists &amp; inhibitors	tumor escape/drug effects	0.0001074183449439	0.0003317499471113	0.074074074074074	0.491090027111315	1	0	[34593794]
cysteine/metabolism	fusion regulatory protein 1 heavy chain/metabolism	3.10419946414342e-08	1.77908664941026e-07	0.037037037037037	0.491090027111315	1	0	[31043744]
cysteine/metabolism	interferon-gamma/immunology	3.10419946414342e-08	1.77908664941026e-07	0.037037037037037	0.491090027111315	1	0	[31043744]
cysteine/metabolism	melanoma/genetics	3.10419946414342e-08	1.77908664941026e-07	0.037037037037037	0.491090027111315	1	0	[31043744]
cysteine/metabolism	nivolumab/therapeutic use	3.10419946414342e-08	1.77908664941026e-07	0.037037037037037	0.491090027111315	1	0	[31043744]
cysteine/metabolism	SLC3A2	3.10419946414342e-08	1.77908664941026e-07	0.037037037037037	0.491090027111315	1	0	[31043744]
fusion regulatory protein 1 heavy chain/metabolism	interferon-gamma/immunology	3.10419946414342e-08	1.77908664941026e-07	0.037037037037037	0.491090027111315	1	0	[31043744]
fusion regulatory protein 1 heavy chain/metabolism	melanoma/genetics	3.10419946414342e-08	1.77908664941026e-07	0.037037037037037	0.491090027111315	1	0	[31043744]
fusion regulatory protein 1 heavy chain/metabolism	nivolumab/therapeutic use	3.10419946414342e-08	1.77908664941026e-07	0.037037037037037	0.491090027111315	1	0	[31043744]
fusion regulatory protein 1 heavy chain/metabolism	SLC3A2	3.10419946414342e-08	1.77908664941026e-07	0.037037037037037	0.491090027111315	1	0	[31043744]
interferon-gamma/immunology	melanoma/genetics	3.10419946414342e-08	1.77908664941026e-07	0.037037037037037	0.491090027111315	1	0	[31043744]
interferon-gamma/immunology	nivolumab/therapeutic use	3.10419946414342e-08	1.77908664941026e-07	0.037037037037037	0.491090027111315	1	0	[31043744]
interferon-gamma/immunology	SLC3A2	3.10419946414342e-08	1.77908664941026e-07	0.037037037037037	0.491090027111315	1	0	[31043744]
melanoma/genetics	nivolumab/therapeutic use	3.10419946414342e-08	1.77908664941026e-07	0.037037037037037	0.491090027111315	1	0	[31043744]
melanoma/genetics	SLC3A2	3.10419946414342e-08	1.77908664941026e-07	0.037037037037037	0.491090027111315	1	0	[31043744]
nivolumab/therapeutic use	SLC3A2	3.10419946414342e-08	1.77908664941026e-07	0.037037037037037	0.491090027111315	1	0	[31043744]
amp-activated protein kinase kinases	BTRC	0.0001529490570294	0.0002932546526832	0.0147058823529411	0.5011717509037	1	1	[34093872]
amp-activated protein kinase kinases	CTLA4	0.0001529490570294	0.0002932546526832	0.0147058823529411	0.5011717509037	1	1	[34093872]
amp-activated protein kinase kinases	GABPA	0.0001529490570294	0.0002932546526832	0.0147058823529411	0.5011717509037	1	1	[34093872]
amp-activated protein kinase kinases	glycogen synthase kinase 3/metabolism	0.0001529490570294	0.0002932546526832	0.0147058823529411	0.5011717509037	1	1	[34093872]
amp-activated protein kinase kinases	GSK3B	0.0001529490570294	0.0002932546526832	0.0147058823529411	0.5011717509037	1	1	[34093872]
amp-activated protein kinase kinases	iron/chemistry	0.0001529490570294	0.0002932546526832	0.0147058823529411	0.5011717509037	1	1	[34093872]
amp-activated protein kinase kinases	lung neoplasms/drug therapy	0.0001529490570294	0.0002932546526832	0.0147058823529411	0.5011717509037	1	1	[34093872]
amp-activated protein kinase kinases	mitochondria/drug effects	0.0017679797262968	0.0028758762365795	0.0294117647058823	0.5011717509037	1	1	[34093872]
amp-activated protein kinase kinases	MTOR	0.0001529490570294	0.0002932546526832	0.0147058823529411	0.5011717509037	1	1	[34093872]
amp-activated protein kinase kinases	nf-e2-related factor 2/genetics	0.0001529490570294	0.0002932546526832	0.0147058823529411	0.5011717509037	1	1	[34093872]
amp-activated protein kinase kinases	NFE2L2	0.0013669559477371	0.0022615358442826	0.0294117647058823	0.5011717509037	1	1	[34093872]
amp-activated protein kinase kinases	PRKAA1	0.0001529490570294	0.0002932546526832	0.0147058823529411	0.5011717509037	1	1	[34093872]
amp-activated protein kinase kinases	PRKAA2	0.0001529490570294	0.0002932546526832	0.0147058823529411	0.5011717509037	1	1	[34093872]
amp-activated protein kinase kinases	PRKAB1	0.0001529490570294	0.0002932546526832	0.0147058823529411	0.5011717509037	1	1	[34093872]
amp-activated protein kinase kinases	tor serine-threonine kinases/metabolism	0.0001529490570294	0.0002932546526832	0.0147058823529411	0.5011717509037	1	1	[34093872]
BTRC	CTLA4	0.0001529490570294	0.0002932546526832	0.0147058823529411	0.5011717509037	1	1	[34093872]
BTRC	GABPA	0.0001529490570294	0.0002932546526832	0.0147058823529411	0.5011717509037	1	1	[34093872]
BTRC	glycogen synthase kinase 3/metabolism	0.0001529490570294	0.0002932546526832	0.0147058823529411	0.5011717509037	1	1	[34093872]
BTRC	GSK3B	0.0001529490570294	0.0002932546526832	0.0147058823529411	0.5011717509037	1	1	[34093872]
BTRC	iron/chemistry	0.0001529490570294	0.0002932546526832	0.0147058823529411	0.5011717509037	1	1	[34093872]
BTRC	lung neoplasms/drug therapy	0.0001529490570294	0.0002932546526832	0.0147058823529411	0.5011717509037	1	1	[34093872]
BTRC	mitochondria/drug effects	0.0017679797262968	0.0028758762365795	0.0294117647058823	0.5011717509037	1	1	[34093872]
BTRC	MTOR	0.0001529490570294	0.0002932546526832	0.0147058823529411	0.5011717509037	1	1	[34093872]
BTRC	nf-e2-related factor 2/genetics	0.0001529490570294	0.0002932546526832	0.0147058823529411	0.5011717509037	1	1	[34093872]
BTRC	NFE2L2	0.0013669559477371	0.0022615358442826	0.0294117647058823	0.5011717509037	1	1	[34093872]
BTRC	PRKAA1	0.0001529490570294	0.0002932546526832	0.0147058823529411	0.5011717509037	1	1	[34093872]
BTRC	PRKAA2	0.0001529490570294	0.0002932546526832	0.0147058823529411	0.5011717509037	1	1	[34093872]
BTRC	PRKAB1	0.0001529490570294	0.0002932546526832	0.0147058823529411	0.5011717509037	1	1	[34093872]
BTRC	tor serine-threonine kinases/metabolism	0.0001529490570294	0.0002932546526832	0.0147058823529411	0.5011717509037	1	1	[34093872]
CTLA4	GABPA	0.0001529490570294	0.0002932546526832	0.0147058823529411	0.5011717509037	1	1	[34093872]
CTLA4	glycogen synthase kinase 3/metabolism	0.0001529490570294	0.0002932546526832	0.0147058823529411	0.5011717509037	1	1	[34093872]
CTLA4	GSK3B	0.0001529490570294	0.0002932546526832	0.0147058823529411	0.5011717509037	1	1	[34093872]
CTLA4	iron/chemistry	0.0001529490570294	0.0002932546526832	0.0147058823529411	0.5011717509037	1	1	[34093872]
CTLA4	lung neoplasms/drug therapy	0.0001529490570294	0.0002932546526832	0.0147058823529411	0.5011717509037	1	1	[34093872]
CTLA4	mitochondria/drug effects	0.0017679797262968	0.0028758762365795	0.0294117647058823	0.5011717509037	1	1	[34093872]
CTLA4	MTOR	0.0001529490570294	0.0002932546526832	0.0147058823529411	0.5011717509037	1	1	[34093872]
CTLA4	nf-e2-related factor 2/genetics	0.0001529490570294	0.0002932546526832	0.0147058823529411	0.5011717509037	1	1	[34093872]
CTLA4	NFE2L2	0.0013669559477371	0.0022615358442826	0.0294117647058823	0.5011717509037	1	1	[34093872]
CTLA4	PRKAA1	0.0001529490570294	0.0002932546526832	0.0147058823529411	0.5011717509037	1	1	[34093872]
CTLA4	PRKAA2	0.0001529490570294	0.0002932546526832	0.0147058823529411	0.5011717509037	1	1	[34093872]
CTLA4	PRKAB1	0.0001529490570294	0.0002932546526832	0.0147058823529411	0.5011717509037	1	1	[34093872]
CTLA4	tor serine-threonine kinases/metabolism	0.0001529490570294	0.0002932546526832	0.0147058823529411	0.5011717509037	1	1	[34093872]
GABPA	glycogen synthase kinase 3/metabolism	0.0001529490570294	0.0002932546526832	0.0147058823529411	0.5011717509037	1	1	[34093872]
GABPA	GSK3B	0.0001529490570294	0.0002932546526832	0.0147058823529411	0.5011717509037	1	1	[34093872]
GABPA	iron/chemistry	0.0001529490570294	0.0002932546526832	0.0147058823529411	0.5011717509037	1	1	[34093872]
GABPA	lung neoplasms/drug therapy	0.0001529490570294	0.0002932546526832	0.0147058823529411	0.5011717509037	1	1	[34093872]
GABPA	mitochondria/drug effects	0.0017679797262968	0.0028758762365795	0.0294117647058823	0.5011717509037	1	1	[34093872]
GABPA	MTOR	0.0001529490570294	0.0002932546526832	0.0147058823529411	0.5011717509037	1	1	[34093872]
GABPA	nf-e2-related factor 2/genetics	0.0001529490570294	0.0002932546526832	0.0147058823529411	0.5011717509037	1	1	[34093872]
GABPA	NFE2L2	0.0013669559477371	0.0022615358442826	0.0294117647058823	0.5011717509037	1	1	[34093872]
GABPA	PRKAA1	0.0001529490570294	0.0002932546526832	0.0147058823529411	0.5011717509037	1	1	[34093872]
GABPA	PRKAA2	0.0001529490570294	0.0002932546526832	0.0147058823529411	0.5011717509037	1	1	[34093872]
GABPA	PRKAB1	0.0001529490570294	0.0002932546526832	0.0147058823529411	0.5011717509037	1	1	[34093872]
GABPA	tor serine-threonine kinases/metabolism	0.0001529490570294	0.0002932546526832	0.0147058823529411	0.5011717509037	1	1	[34093872]
glycogen synthase kinase 3/metabolism	GSK3B	0.0001529490570294	0.0002932546526832	0.0147058823529411	0.5011717509037	1	1	[34093872]
glycogen synthase kinase 3/metabolism	iron/chemistry	0.0001529490570294	0.0002932546526832	0.0147058823529411	0.5011717509037	1	1	[34093872]
glycogen synthase kinase 3/metabolism	lung neoplasms/drug therapy	0.0001529490570294	0.0002932546526832	0.0147058823529411	0.5011717509037	1	1	[34093872]
glycogen synthase kinase 3/metabolism	mitochondria/drug effects	0.0017679797262968	0.0028758762365795	0.0294117647058823	0.5011717509037	1	1	[34093872]
glycogen synthase kinase 3/metabolism	MTOR	0.0001529490570294	0.0002932546526832	0.0147058823529411	0.5011717509037	1	1	[34093872]
glycogen synthase kinase 3/metabolism	nf-e2-related factor 2/genetics	0.0001529490570294	0.0002932546526832	0.0147058823529411	0.5011717509037	1	1	[34093872]
glycogen synthase kinase 3/metabolism	NFE2L2	0.0013669559477371	0.0022615358442826	0.0294117647058823	0.5011717509037	1	1	[34093872]
glycogen synthase kinase 3/metabolism	PRKAA1	0.0001529490570294	0.0002932546526832	0.0147058823529411	0.5011717509037	1	1	[34093872]
glycogen synthase kinase 3/metabolism	PRKAA2	0.0001529490570294	0.0002932546526832	0.0147058823529411	0.5011717509037	1	1	[34093872]
glycogen synthase kinase 3/metabolism	PRKAB1	0.0001529490570294	0.0002932546526832	0.0147058823529411	0.5011717509037	1	1	[34093872]
glycogen synthase kinase 3/metabolism	tor serine-threonine kinases/metabolism	0.0001529490570294	0.0002932546526832	0.0147058823529411	0.5011717509037	1	1	[34093872]
GSK3B	iron/chemistry	0.0001529490570294	0.0002932546526832	0.0147058823529411	0.5011717509037	1	1	[34093872]
GSK3B	lung neoplasms/drug therapy	0.0001529490570294	0.0002932546526832	0.0147058823529411	0.5011717509037	1	1	[34093872]
GSK3B	mitochondria/drug effects	0.0017679797262968	0.0028758762365795	0.0294117647058823	0.5011717509037	1	1	[34093872]
GSK3B	MTOR	0.0001529490570294	0.0002932546526832	0.0147058823529411	0.5011717509037	1	1	[34093872]
GSK3B	nf-e2-related factor 2/genetics	0.0001529490570294	0.0002932546526832	0.0147058823529411	0.5011717509037	1	1	[34093872]
GSK3B	NFE2L2	0.0013669559477371	0.0022615358442826	0.0294117647058823	0.5011717509037	1	1	[34093872]
GSK3B	PRKAA1	0.0001529490570294	0.0002932546526832	0.0147058823529411	0.5011717509037	1	1	[34093872]
GSK3B	PRKAA2	0.0001529490570294	0.0002932546526832	0.0147058823529411	0.5011717509037	1	1	[34093872]
GSK3B	PRKAB1	0.0001529490570294	0.0002932546526832	0.0147058823529411	0.5011717509037	1	1	[34093872]
GSK3B	tor serine-threonine kinases/metabolism	0.0001529490570294	0.0002932546526832	0.0147058823529411	0.5011717509037	1	1	[34093872]
iron/chemistry	lung neoplasms/drug therapy	0.0001529490570294	0.0002932546526832	0.0147058823529411	0.5011717509037	1	1	[34093872]
iron/chemistry	mitochondria/drug effects	0.0017679797262968	0.0028758762365795	0.0294117647058823	0.5011717509037	1	1	[34093872]
iron/chemistry	MTOR	0.0001529490570294	0.0002932546526832	0.0147058823529411	0.5011717509037	1	1	[34093872]
iron/chemistry	nf-e2-related factor 2/genetics	0.0001529490570294	0.0002932546526832	0.0147058823529411	0.5011717509037	1	1	[34093872]
iron/chemistry	NFE2L2	0.0013669559477371	0.0022615358442826	0.0294117647058823	0.5011717509037	1	1	[34093872]
iron/chemistry	PRKAA1	0.0001529490570294	0.0002932546526832	0.0147058823529411	0.5011717509037	1	1	[34093872]
iron/chemistry	PRKAA2	0.0001529490570294	0.0002932546526832	0.0147058823529411	0.5011717509037	1	1	[34093872]
iron/chemistry	PRKAB1	0.0001529490570294	0.0002932546526832	0.0147058823529411	0.5011717509037	1	1	[34093872]
iron/chemistry	tor serine-threonine kinases/metabolism	0.0001529490570294	0.0002932546526832	0.0147058823529411	0.5011717509037	1	1	[34093872]
lung neoplasms/drug therapy	mitochondria/drug effects	0.0017679797262968	0.0028758762365795	0.0294117647058823	0.5011717509037	1	1	[34093872]
lung neoplasms/drug therapy	MTOR	0.0001529490570294	0.0002932546526832	0.0147058823529411	0.5011717509037	1	1	[34093872]
lung neoplasms/drug therapy	nf-e2-related factor 2/genetics	0.0001529490570294	0.0002932546526832	0.0147058823529411	0.5011717509037	1	1	[34093872]
lung neoplasms/drug therapy	NFE2L2	0.0013669559477371	0.0022615358442826	0.0294117647058823	0.5011717509037	1	1	[34093872]
lung neoplasms/drug therapy	PRKAA1	0.0001529490570294	0.0002932546526832	0.0147058823529411	0.5011717509037	1	1	[34093872]
lung neoplasms/drug therapy	PRKAA2	0.0001529490570294	0.0002932546526832	0.0147058823529411	0.5011717509037	1	1	[34093872]
lung neoplasms/drug therapy	PRKAB1	0.0001529490570294	0.0002932546526832	0.0147058823529411	0.5011717509037	1	1	[34093872]
lung neoplasms/drug therapy	tor serine-threonine kinases/metabolism	0.0001529490570294	0.0002932546526832	0.0147058823529411	0.5011717509037	1	1	[34093872]
antineoplastic agents/chemistry	mitochondria/drug effects	0.0028851458065133	0.0060410995226632	0.074074074074074	0.491090027111315	1	0	[31509699]
biological products/chemistry	mitochondria/drug effects	0.0028851458065133	0.0060410995226632	0.074074074074074	0.491090027111315	1	0	[31509699]
dichloroacetic acid/chemistry	mitochondria/drug effects	0.0028851458065133	0.0060410995226632	0.074074074074074	0.491090027111315	1	0	[31509699]
drug synergism	mitochondria/drug effects	0.0028851458065133	0.0060410995226632	0.074074074074074	0.491090027111315	1	0	[31509699]
energy metabolism/drug effects	mitochondria/drug effects	0.0028851458065133	0.0060410995226632	0.074074074074074	0.491090027111315	1	0	[31509699]
mitochondria/drug effects	MTOR	0.0017679797262968	0.0028758762365795	0.0294117647058823	0.5011717509037	1	1	[34093872]
mitochondria/drug effects	nf-e2-related factor 2/genetics	0.0017679797262968	0.0028758762365795	0.0294117647058823	0.5011717509037	1	1	[34093872]
mitochondria/drug effects	PRKAA1	0.0017679797262968	0.0028758762365795	0.0294117647058823	0.5011717509037	1	1	[34093872]
mitochondria/drug effects	PRKAA2	0.0017679797262968	0.0028758762365795	0.0294117647058823	0.5011717509037	1	1	[34093872]
mitochondria/drug effects	PRKAB1	0.0017679797262968	0.0028758762365795	0.0294117647058823	0.5011717509037	1	1	[34093872]
mitochondria/drug effects	protein kinase inhibitors/chemistry	0.0028851458065133	0.0060410995226632	0.074074074074074	0.491090027111315	1	0	[31509699]
mitochondria/drug effects	pyruvate dehydrogenase acetyl-transferring kinase/antagonists &amp; inhibitors	0.0028851458065133	0.0060410995226632	0.074074074074074	0.491090027111315	1	0	[31509699]
mitochondria/drug effects	saponins/chemistry	0.0028851458065133	0.0060410995226632	0.074074074074074	0.491090027111315	1	0	[31509699]
mitochondria/drug effects	tor serine-threonine kinases/metabolism	0.0017679797262968	0.0028758762365795	0.0294117647058823	0.5011717509037	1	1	[34093872]
HMOX1	mitochondria/drug effects	0.0041476679448289	0.0063818173385686	0.0749756572541382	0.583915496397244	1	2	[39276841]
mitochondria/drug effects	receptors transferrin/metabolism	6.20468725680556e-05	0.0001283996868687	0.0379746835443037	0.583915496397244	1	2	[39276841]
mitochondria/drug effects	spiral ganglion/drug effects	6.20468725680556e-05	0.0001283996868687	0.0379746835443037	0.583915496397244	1	2	[39276841]
mitochondria/drug effects	organometallic compounds/toxicity	6.20468725680556e-05	0.0001283996868687	0.0379746835443037	0.583915496397244	1	2	[39276841]
mitochondria/drug effects	TFRC	0.0063153605764807	0.0094003368610316	0.0749756572541382	0.583915496397244	1	2	[39276841]
MTOR	nf-e2-related factor 2/genetics	0.0001529490570294	0.0002932546526832	0.0147058823529411	0.5011717509037	1	1	[34093872]
MTOR	NFE2L2	0.0013669559477371	0.0022615358442826	0.0294117647058823	0.5011717509037	1	1	[34093872]
MTOR	PRKAA1	0.0001529490570294	0.0002932546526832	0.0147058823529411	0.5011717509037	1	1	[34093872]
MTOR	PRKAA2	0.0001529490570294	0.0002932546526832	0.0147058823529411	0.5011717509037	1	1	[34093872]
MTOR	PRKAB1	0.0001529490570294	0.0002932546526832	0.0147058823529411	0.5011717509037	1	1	[34093872]
MTOR	tor serine-threonine kinases/metabolism	0.0001529490570294	0.0002932546526832	0.0147058823529411	0.5011717509037	1	1	[34093872]
nf-e2-related factor 2/genetics	NFE2L2	0.0013669559477371	0.0022615358442826	0.0294117647058823	0.5011717509037	1	1	[34093872]
nf-e2-related factor 2/genetics	PRKAA1	0.0001529490570294	0.0002932546526832	0.0147058823529411	0.5011717509037	1	1	[34093872]
nf-e2-related factor 2/genetics	PRKAA2	0.0001529490570294	0.0002932546526832	0.0147058823529411	0.5011717509037	1	1	[34093872]
nf-e2-related factor 2/genetics	PRKAB1	0.0001529490570294	0.0002932546526832	0.0147058823529411	0.5011717509037	1	1	[34093872]
nf-e2-related factor 2/genetics	tor serine-threonine kinases/metabolism	0.0001529490570294	0.0002932546526832	0.0147058823529411	0.5011717509037	1	1	[34093872]
carbolines/pharmacology	NFE2L2	0.0009228513294738	0.0015933691829292	0.0583845478489903	0.5011717509037	1	1	[34717678]
CCK	NFE2L2	0.0044995911428689	0.0067906021732873	0.0869183494293239	0.5011717509037	1	1	[34717678]
gene expression	NFE2L2	0.0009252229168602	0.0021093918702002	0.074074074074074	0.491090027111315	1	0	[34717678]
inflammation mediators/antagonists &amp; inhibitors	NFE2L2	0.0009252229168602	0.0021093918702002	0.074074074074074	0.491090027111315	1	0	[34717678]
lipopolysaccharides/toxicity	NFE2L2	0.0009252229168602	0.0021093918702002	0.074074074074074	0.491090027111315	1	0	[34717678]
microglia/drug effects	NFE2L2	0.0009252229168602	0.0021093918702002	0.074074074074074	0.491090027111315	1	0	[34717678]
nf-e2-related factor 2/biosynthesis	NFE2L2	0.0009252229168602	0.0021093918702002	0.074074074074074	0.491090027111315	1	0	[34717678]
NFE2L2	PRKAA1	0.0013669559477371	0.0022615358442826	0.0294117647058823	0.5011717509037	1	1	[34093872]
NFE2L2	PRKAA2	0.0013669559477371	0.0022615358442826	0.0294117647058823	0.5011717509037	1	1	[34093872]
NFE2L2	PRKAB1	0.0013669559477371	0.0022615358442826	0.0294117647058823	0.5011717509037	1	1	[34093872]
NFE2L2	raw 264.7 cells	0.0009252229168602	0.0021093918702002	0.074074074074074	0.491090027111315	1	0	[34717678]
NFE2L2	tor serine-threonine kinases/metabolism	0.0013669559477371	0.0022615358442826	0.0294117647058823	0.5011717509037	1	1	[34093872]
NFE2L2	polysaccharides/pharmacology	4.25574857177979e-05	9.0169649209629e-05	0.050632911392405	0.583915496397244	1	2	[40752796]
kidney/drug effects	NFE2L2	4.25574857177979e-05	9.0169649209629e-05	0.050632911392405	0.583915496397244	1	2	[40752796]
diabetic nephropathies/drug therapy	NFE2L2	4.25574857177979e-05	9.0169649209629e-05	0.050632911392405	0.583915496397244	1	2	[40752796]
LPO	NFE2L2	4.25574857177979e-05	9.0169649209629e-05	0.050632911392405	0.583915496397244	1	2	[40752796]
PRKAA1	PRKAA2	0.0001529490570294	0.0002932546526832	0.0147058823529411	0.5011717509037	1	1	[34093872]
PRKAA1	PRKAB1	0.0001529490570294	0.0002932546526832	0.0147058823529411	0.5011717509037	1	1	[34093872]
PRKAA1	tor serine-threonine kinases/metabolism	0.0001529490570294	0.0002932546526832	0.0147058823529411	0.5011717509037	1	1	[34093872]
PRKAA2	PRKAB1	0.0001529490570294	0.0002932546526832	0.0147058823529411	0.5011717509037	1	1	[34093872]
PRKAA2	tor serine-threonine kinases/metabolism	0.0001529490570294	0.0002932546526832	0.0147058823529411	0.5011717509037	1	1	[34093872]
PRKAB1	tor serine-threonine kinases/metabolism	0.0001529490570294	0.0002932546526832	0.0147058823529411	0.5011717509037	1	1	[34093872]
aniline compounds/chemistry	b7-h1 antigen/metabolism	1.37805787725487e-06	6.67173262777816e-06	0.037037037037037	0.491090027111315	1	0	[34985903]
aniline compounds/chemistry	benzylidene compounds/chemistry	1.37805787725487e-06	6.67173262777816e-06	0.037037037037037	0.491090027111315	1	0	[34985903]
aniline compounds/chemistry	cd8-positive t-lymphocytes/cytology	0.0004953033165658	0.0012925943513292	0.074074074074074	0.491090027111315	1	0	[34985903]
aniline compounds/chemistry	exosomes/metabolism	1.37805787725487e-06	6.67173262777816e-06	0.037037037037037	0.491090027111315	1	0	[34985903]
aniline compounds/chemistry	immunogenic cell death/drug effects	1.37805787725487e-06	6.67173262777816e-06	0.037037037037037	0.491090027111315	1	0	[34985903]
aniline compounds/chemistry	interferon-gamma/metabolism	1.37805787725487e-06	6.67173262777816e-06	0.037037037037037	0.491090027111315	1	0	[34985903]
aniline compounds/chemistry	metal-organic frameworks/chemistry	1.37805787725487e-06	6.67173262777816e-06	0.037037037037037	0.491090027111315	1	0	[34985903]
aniline compounds/chemistry	phenol/chemistry	1.37805787725487e-06	6.67173262777816e-06	0.037037037037037	0.491090027111315	1	0	[34985903]
aniline compounds/chemistry	programmed cell death 1 receptor/metabolism	1.37805787725487e-06	6.67173262777816e-06	0.037037037037037	0.491090027111315	1	0	[34985903]
b7-h1 antigen/metabolism	benzylidene compounds/chemistry	1.37805787725487e-06	6.67173262777816e-06	0.037037037037037	0.491090027111315	1	0	[34985903]
b7-h1 antigen/metabolism	cd8-positive t-lymphocytes/cytology	0.0004953033165658	0.0012925943513292	0.074074074074074	0.491090027111315	1	0	[34985903]
b7-h1 antigen/metabolism	exosomes/metabolism	1.37805787725487e-06	6.67173262777816e-06	0.037037037037037	0.491090027111315	1	0	[34985903]
b7-h1 antigen/metabolism	immunogenic cell death/drug effects	1.37805787725487e-06	6.67173262777816e-06	0.037037037037037	0.491090027111315	1	0	[34985903]
b7-h1 antigen/metabolism	interferon-gamma/metabolism	1.37805787725487e-06	6.67173262777816e-06	0.037037037037037	0.491090027111315	1	0	[34985903]
b7-h1 antigen/metabolism	metal-organic frameworks/chemistry	1.37805787725487e-06	6.67173262777816e-06	0.037037037037037	0.491090027111315	1	0	[34985903]
b7-h1 antigen/metabolism	phenol/chemistry	1.37805787725487e-06	6.67173262777816e-06	0.037037037037037	0.491090027111315	1	0	[34985903]
b7-h1 antigen/metabolism	programmed cell death 1 receptor/metabolism	1.37805787725487e-06	6.67173262777816e-06	0.037037037037037	0.491090027111315	1	0	[34985903]
benzylidene compounds/chemistry	cd8-positive t-lymphocytes/cytology	0.0004953033165658	0.0012925943513292	0.074074074074074	0.491090027111315	1	0	[34985903]
benzylidene compounds/chemistry	exosomes/metabolism	1.37805787725487e-06	6.67173262777816e-06	0.037037037037037	0.491090027111315	1	0	[34985903]
benzylidene compounds/chemistry	immunogenic cell death/drug effects	1.37805787725487e-06	6.67173262777816e-06	0.037037037037037	0.491090027111315	1	0	[34985903]
benzylidene compounds/chemistry	interferon-gamma/metabolism	1.37805787725487e-06	6.67173262777816e-06	0.037037037037037	0.491090027111315	1	0	[34985903]
benzylidene compounds/chemistry	metal-organic frameworks/chemistry	1.37805787725487e-06	6.67173262777816e-06	0.037037037037037	0.491090027111315	1	0	[34985903]
benzylidene compounds/chemistry	phenol/chemistry	1.37805787725487e-06	6.67173262777816e-06	0.037037037037037	0.491090027111315	1	0	[34985903]
benzylidene compounds/chemistry	programmed cell death 1 receptor/metabolism	1.37805787725487e-06	6.67173262777816e-06	0.037037037037037	0.491090027111315	1	0	[34985903]
antibodies monoclonal humanized/pharmacology	cd8-positive t-lymphocytes/cytology	0.0001868757657405	0.0005524360047374	0.074074074074074	0.491090027111315	1	0	[33691090]
CD36	cd8-positive t-lymphocytes/cytology	0.0001868757657405	0.0005524360047374	0.074074074074074	0.491090027111315	1	0	[33691090]
cd36 antigens/antagonists &amp; inhibitors	cd8-positive t-lymphocytes/cytology	0.0001868757657405	0.0005524360047374	0.074074074074074	0.491090027111315	1	0	[33691090]
cd8-positive t-lymphocytes/cytology	cytokines/metabolism	0.0032746267628741	0.0068319551167878	0.145299145299145	0.491090027111315	1	0	[33691090]
cd8-positive t-lymphocytes/cytology	exosomes/metabolism	0.0004953033165658	0.0012925943513292	0.074074074074074	0.491090027111315	1	0	[34985903]
cd8-positive t-lymphocytes/cytology	fatty acids/metabolism	0.0001868757657405	0.0005524360047374	0.074074074074074	0.491090027111315	1	0	[33691090]
cd8-positive t-lymphocytes/cytology	immunogenic cell death/drug effects	0.0004953033165658	0.0012925943513292	0.074074074074074	0.491090027111315	1	0	[34985903]
cd8-positive t-lymphocytes/cytology	interferon-gamma/metabolism	0.0004953033165658	0.0012925943513292	0.074074074074074	0.491090027111315	1	0	[34985903]
cd8-positive t-lymphocytes/cytology	metal-organic frameworks/chemistry	0.0004953033165658	0.0012925943513292	0.074074074074074	0.491090027111315	1	0	[34985903]
cd8-positive t-lymphocytes/cytology	multiple myeloma/drug therapy	0.0001868757657405	0.0005524360047374	0.074074074074074	0.491090027111315	1	0	[33691090]
cd8-positive t-lymphocytes/cytology	PDCD1	0.0010371524413204	0.0023571646393645	0.0085470085470085	0.178864212567384	2	0	[33691090,34985903]
cd8-positive t-lymphocytes/cytology	phenol/chemistry	0.0004953033165658	0.0012925943513292	0.074074074074074	0.491090027111315	1	0	[34985903]
cd8-positive t-lymphocytes/cytology	programmed cell death 1 receptor/metabolism	0.0004953033165658	0.0012925943513292	0.074074074074074	0.491090027111315	1	0	[34985903]
cd8-positive t-lymphocytes/cytology	RPL17	0.0010371524413204	0.0023571646393645	0.0085470085470085	0.178864212567384	2	0	[33691090,34985903]
cd8-positive t-lymphocytes/cytology	RPL17-C18orf32	0.0010371524413204	0.0023571646393645	0.0085470085470085	0.178864212567384	2	0	[33691090,34985903]
exosomes/metabolism	immunogenic cell death/drug effects	1.37805787725487e-06	6.67173262777816e-06	0.037037037037037	0.491090027111315	1	0	[34985903]
exosomes/metabolism	interferon-gamma/metabolism	1.37805787725487e-06	6.67173262777816e-06	0.037037037037037	0.491090027111315	1	0	[34985903]
exosomes/metabolism	metal-organic frameworks/chemistry	1.37805787725487e-06	6.67173262777816e-06	0.037037037037037	0.491090027111315	1	0	[34985903]
exosomes/metabolism	phenol/chemistry	1.37805787725487e-06	6.67173262777816e-06	0.037037037037037	0.491090027111315	1	0	[34985903]
exosomes/metabolism	programmed cell death 1 receptor/metabolism	1.37805787725487e-06	6.67173262777816e-06	0.037037037037037	0.491090027111315	1	0	[34985903]
immunogenic cell death/drug effects	interferon-gamma/metabolism	1.37805787725487e-06	6.67173262777816e-06	0.037037037037037	0.491090027111315	1	0	[34985903]
immunogenic cell death/drug effects	metal-organic frameworks/chemistry	1.37805787725487e-06	6.67173262777816e-06	0.037037037037037	0.491090027111315	1	0	[34985903]
immunogenic cell death/drug effects	phenol/chemistry	1.37805787725487e-06	6.67173262777816e-06	0.037037037037037	0.491090027111315	1	0	[34985903]
immunogenic cell death/drug effects	programmed cell death 1 receptor/metabolism	1.37805787725487e-06	6.67173262777816e-06	0.037037037037037	0.491090027111315	1	0	[34985903]
interferon-gamma/metabolism	metal-organic frameworks/chemistry	1.37805787725487e-06	6.67173262777816e-06	0.037037037037037	0.491090027111315	1	0	[34985903]
interferon-gamma/metabolism	phenol/chemistry	1.37805787725487e-06	6.67173262777816e-06	0.037037037037037	0.491090027111315	1	0	[34985903]
interferon-gamma/metabolism	programmed cell death 1 receptor/metabolism	1.37805787725487e-06	6.67173262777816e-06	0.037037037037037	0.491090027111315	1	0	[34985903]
metal-organic frameworks/chemistry	phenol/chemistry	1.37805787725487e-06	6.67173262777816e-06	0.037037037037037	0.491090027111315	1	0	[34985903]
metal-organic frameworks/chemistry	programmed cell death 1 receptor/metabolism	1.37805787725487e-06	6.67173262777816e-06	0.037037037037037	0.491090027111315	1	0	[34985903]
phenol/chemistry	programmed cell death 1 receptor/metabolism	1.37805787725487e-06	6.67173262777816e-06	0.037037037037037	0.491090027111315	1	0	[34985903]
aniline compounds/pharmacology	benzylidene compounds/pharmacology	3.10419946414342e-08	1.77908664941026e-07	0.037037037037037	0.491090027111315	1	0	[34593794]
aniline compounds/pharmacology	cell line tumor/transplantation	0.0001430031506204	0.0004284185297513	0.074074074074074	0.491090027111315	1	0	[34593794]
aniline compounds/pharmacology	drug resistance neoplasm/drug effects	3.10419946414342e-08	1.77908664941026e-07	0.037037037037037	0.491090027111315	1	0	[34593794]
aniline compounds/pharmacology	exosomes/drug effects	3.10419946414342e-08	1.77908664941026e-07	0.037037037037037	0.491090027111315	1	0	[34593794]
aniline compounds/pharmacology	hyaluronic acid/chemistry	3.10419946414342e-08	1.77908664941026e-07	0.037037037037037	0.491090027111315	1	0	[34593794]
aniline compounds/pharmacology	immune checkpoint inhibitors/pharmacology	3.10419946414342e-08	1.77908664941026e-07	0.037037037037037	0.491090027111315	1	0	[34593794]
aniline compounds/pharmacology	immunologic memory	3.10419946414342e-08	1.77908664941026e-07	0.037037037037037	0.491090027111315	1	0	[34593794]
aniline compounds/pharmacology	skin neoplasms/drug therapy	3.10419946414342e-08	1.77908664941026e-07	0.037037037037037	0.491090027111315	1	0	[34593794]
aniline compounds/pharmacology	t-lymphocytes cytotoxic/drug effects	3.10419946414342e-08	1.77908664941026e-07	0.037037037037037	0.491090027111315	1	0	[34593794]
aniline compounds/pharmacology	tumor escape/drug effects	3.10419946414342e-08	1.77908664941026e-07	0.037037037037037	0.491090027111315	1	0	[34593794]
aniline compounds/pharmacology	tumor microenvironment/drug effects	0.0056610184889931	0.008358574270831	0.117647058823529	0.5011717509037	1	1	[34593794]
benzylidene compounds/pharmacology	cell line tumor/transplantation	0.0001430031506204	0.0004284185297513	0.074074074074074	0.491090027111315	1	0	[34593794]
benzylidene compounds/pharmacology	drug resistance neoplasm/drug effects	3.10419946414342e-08	1.77908664941026e-07	0.037037037037037	0.491090027111315	1	0	[34593794]
benzylidene compounds/pharmacology	exosomes/drug effects	3.10419946414342e-08	1.77908664941026e-07	0.037037037037037	0.491090027111315	1	0	[34593794]
benzylidene compounds/pharmacology	hyaluronic acid/chemistry	3.10419946414342e-08	1.77908664941026e-07	0.037037037037037	0.491090027111315	1	0	[34593794]
benzylidene compounds/pharmacology	immune checkpoint inhibitors/pharmacology	3.10419946414342e-08	1.77908664941026e-07	0.037037037037037	0.491090027111315	1	0	[34593794]
benzylidene compounds/pharmacology	immunologic memory	3.10419946414342e-08	1.77908664941026e-07	0.037037037037037	0.491090027111315	1	0	[34593794]
benzylidene compounds/pharmacology	skin neoplasms/drug therapy	3.10419946414342e-08	1.77908664941026e-07	0.037037037037037	0.491090027111315	1	0	[34593794]
benzylidene compounds/pharmacology	t-lymphocytes cytotoxic/drug effects	3.10419946414342e-08	1.77908664941026e-07	0.037037037037037	0.491090027111315	1	0	[34593794]
benzylidene compounds/pharmacology	tumor escape/drug effects	3.10419946414342e-08	1.77908664941026e-07	0.037037037037037	0.491090027111315	1	0	[34593794]
benzylidene compounds/pharmacology	tumor microenvironment/drug effects	0.0056610184889931	0.008358574270831	0.117647058823529	0.5011717509037	1	1	[34593794]
ASAH2	cell line tumor/transplantation	0.0002443386631932	0.0007043559873365	0.074074074074074	0.491090027111315	1	0	[33547170]
cell line tumor/transplantation	colonic neoplasms/drug therapy	0.0002443386631932	0.0007043559873365	0.074074074074074	0.491090027111315	1	0	[33547170]
cell line tumor/transplantation	drug resistance neoplasm/drug effects	0.0001430031506204	0.0004284185297513	0.074074074074074	0.491090027111315	1	0	[34593794]
cell line tumor/transplantation	exosomes/drug effects	0.0001430031506204	0.0004284185297513	0.074074074074074	0.491090027111315	1	0	[34593794]
cell line tumor/transplantation	heme oxygenase-1/metabolism	0.0002443386631932	0.0007043559873365	0.074074074074074	0.491090027111315	1	0	[33547170]
cell line tumor/transplantation	HMOX1	0.0002443386631932	0.0007043559873365	0.074074074074074	0.491090027111315	1	0	[33547170]
cell line tumor/transplantation	hyaluronic acid/chemistry	0.0001430031506204	0.0004284185297513	0.074074074074074	0.491090027111315	1	0	[34593794]
cell line tumor/transplantation	immune checkpoint inhibitors/pharmacology	0.0001430031506204	0.0004284185297513	0.074074074074074	0.491090027111315	1	0	[34593794]
cell line tumor/transplantation	immunologic memory	0.0001430031506204	0.0004284185297513	0.074074074074074	0.491090027111315	1	0	[34593794]
cell line tumor/transplantation	lymphocytes tumor-infiltrating/immunology	0.0002443386631932	0.0007043559873365	0.074074074074074	0.491090027111315	1	0	[33547170]
cell line tumor/transplantation	membrane proteins/metabolism	0.0002443386631932	0.0007043559873365	0.074074074074074	0.491090027111315	1	0	[33547170]
cell line tumor/transplantation	myeloid-derived suppressor cells/immunology	0.0002443386631932	0.0007043559873365	0.074074074074074	0.491090027111315	1	0	[33547170]
cell line tumor/transplantation	neutral ceramidase/antagonists &amp; inhibitors	0.0002443386631932	0.0007043559873365	0.074074074074074	0.491090027111315	1	0	[33547170]
cell line tumor/transplantation	skin neoplasms/drug therapy	0.0001430031506204	0.0004284185297513	0.074074074074074	0.491090027111315	1	0	[34593794]
cell line tumor/transplantation	t-lymphocytes cytotoxic/drug effects	0.0001430031506204	0.0004284185297513	0.074074074074074	0.491090027111315	1	0	[34593794]
cell line tumor/transplantation	t-lymphocytes/immunology	0.0002443386631932	0.0007043559873365	0.074074074074074	0.491090027111315	1	0	[33547170]
cell line tumor/transplantation	tumor escape/drug effects	0.0001430031506204	0.0004284185297513	0.074074074074074	0.491090027111315	1	0	[34593794]
cell line tumor/transplantation	tumor microenvironment/drug effects	0.0026517634703525	0.0055846870472203	0.017094017094017	0.178864212567384	2	0	[33547170,34593794]
cell line tumor/transplantation	TP53	0.0034531024608142	0.0054768441581628	0.123336579032782	0.583915496397244	1	2	[33547170]
drug resistance neoplasm/drug effects	exosomes/drug effects	3.10419946414342e-08	1.77908664941026e-07	0.037037037037037	0.491090027111315	1	0	[34593794]
drug resistance neoplasm/drug effects	hyaluronic acid/chemistry	3.10419946414342e-08	1.77908664941026e-07	0.037037037037037	0.491090027111315	1	0	[34593794]
drug resistance neoplasm/drug effects	immune checkpoint inhibitors/pharmacology	3.10419946414342e-08	1.77908664941026e-07	0.037037037037037	0.491090027111315	1	0	[34593794]
drug resistance neoplasm/drug effects	immunologic memory	3.10419946414342e-08	1.77908664941026e-07	0.037037037037037	0.491090027111315	1	0	[34593794]
drug resistance neoplasm/drug effects	skin neoplasms/drug therapy	3.10419946414342e-08	1.77908664941026e-07	0.037037037037037	0.491090027111315	1	0	[34593794]
drug resistance neoplasm/drug effects	t-lymphocytes cytotoxic/drug effects	3.10419946414342e-08	1.77908664941026e-07	0.037037037037037	0.491090027111315	1	0	[34593794]
drug resistance neoplasm/drug effects	tumor escape/drug effects	3.10419946414342e-08	1.77908664941026e-07	0.037037037037037	0.491090027111315	1	0	[34593794]
drug resistance neoplasm/drug effects	tumor microenvironment/drug effects	0.0056610184889931	0.008358574270831	0.117647058823529	0.5011717509037	1	1	[34593794]
exosomes/drug effects	hyaluronic acid/chemistry	3.10419946414342e-08	1.77908664941026e-07	0.037037037037037	0.491090027111315	1	0	[34593794]
exosomes/drug effects	immune checkpoint inhibitors/pharmacology	3.10419946414342e-08	1.77908664941026e-07	0.037037037037037	0.491090027111315	1	0	[34593794]
exosomes/drug effects	immunologic memory	3.10419946414342e-08	1.77908664941026e-07	0.037037037037037	0.491090027111315	1	0	[34593794]
exosomes/drug effects	skin neoplasms/drug therapy	3.10419946414342e-08	1.77908664941026e-07	0.037037037037037	0.491090027111315	1	0	[34593794]
exosomes/drug effects	t-lymphocytes cytotoxic/drug effects	3.10419946414342e-08	1.77908664941026e-07	0.037037037037037	0.491090027111315	1	0	[34593794]
exosomes/drug effects	tumor escape/drug effects	3.10419946414342e-08	1.77908664941026e-07	0.037037037037037	0.491090027111315	1	0	[34593794]
exosomes/drug effects	tumor microenvironment/drug effects	0.0056610184889931	0.008358574270831	0.117647058823529	0.5011717509037	1	1	[34593794]
hyaluronic acid/chemistry	immune checkpoint inhibitors/pharmacology	3.10419946414342e-08	1.77908664941026e-07	0.037037037037037	0.491090027111315	1	0	[34593794]
hyaluronic acid/chemistry	immunologic memory	3.10419946414342e-08	1.77908664941026e-07	0.037037037037037	0.491090027111315	1	0	[34593794]
hyaluronic acid/chemistry	skin neoplasms/drug therapy	3.10419946414342e-08	1.77908664941026e-07	0.037037037037037	0.491090027111315	1	0	[34593794]
hyaluronic acid/chemistry	t-lymphocytes cytotoxic/drug effects	3.10419946414342e-08	1.77908664941026e-07	0.037037037037037	0.491090027111315	1	0	[34593794]
hyaluronic acid/chemistry	tumor escape/drug effects	3.10419946414342e-08	1.77908664941026e-07	0.037037037037037	0.491090027111315	1	0	[34593794]
hyaluronic acid/chemistry	tumor microenvironment/drug effects	0.0056610184889931	0.008358574270831	0.117647058823529	0.5011717509037	1	1	[34593794]
immune checkpoint inhibitors/pharmacology	immunologic memory	3.10419946414342e-08	1.77908664941026e-07	0.037037037037037	0.491090027111315	1	0	[34593794]
immune checkpoint inhibitors/pharmacology	skin neoplasms/drug therapy	3.10419946414342e-08	1.77908664941026e-07	0.037037037037037	0.491090027111315	1	0	[34593794]
immune checkpoint inhibitors/pharmacology	t-lymphocytes cytotoxic/drug effects	3.10419946414342e-08	1.77908664941026e-07	0.037037037037037	0.491090027111315	1	0	[34593794]
immune checkpoint inhibitors/pharmacology	tumor escape/drug effects	3.10419946414342e-08	1.77908664941026e-07	0.037037037037037	0.491090027111315	1	0	[34593794]
immune checkpoint inhibitors/pharmacology	tumor microenvironment/drug effects	0.0056610184889931	0.008358574270831	0.117647058823529	0.5011717509037	1	1	[34593794]
immunologic memory	skin neoplasms/drug therapy	3.10419946414342e-08	1.77908664941026e-07	0.037037037037037	0.491090027111315	1	0	[34593794]
immunologic memory	t-lymphocytes cytotoxic/drug effects	3.10419946414342e-08	1.77908664941026e-07	0.037037037037037	0.491090027111315	1	0	[34593794]
immunologic memory	tumor escape/drug effects	3.10419946414342e-08	1.77908664941026e-07	0.037037037037037	0.491090027111315	1	0	[34593794]
immunologic memory	tumor microenvironment/drug effects	0.0056610184889931	0.008358574270831	0.117647058823529	0.5011717509037	1	1	[34593794]
skin neoplasms/drug therapy	t-lymphocytes cytotoxic/drug effects	3.10419946414342e-08	1.77908664941026e-07	0.037037037037037	0.491090027111315	1	0	[34593794]
skin neoplasms/drug therapy	tumor escape/drug effects	3.10419946414342e-08	1.77908664941026e-07	0.037037037037037	0.491090027111315	1	0	[34593794]
skin neoplasms/drug therapy	tumor microenvironment/drug effects	0.0056610184889931	0.008358574270831	0.117647058823529	0.5011717509037	1	1	[34593794]
t-lymphocytes cytotoxic/drug effects	tumor escape/drug effects	3.10419946414342e-08	1.77908664941026e-07	0.037037037037037	0.491090027111315	1	0	[34593794]
t-lymphocytes cytotoxic/drug effects	tumor microenvironment/drug effects	0.0056610184889931	0.008358574270831	0.117647058823529	0.5011717509037	1	1	[34593794]
tumor escape/drug effects	tumor microenvironment/drug effects	0.0056610184889931	0.008358574270831	0.117647058823529	0.5011717509037	1	1	[34593794]
basic-leucine zipper transcription factors/analysis	tumor microenvironment/drug effects	0.0039778851868	0.006085272814044	0.117647058823529	0.5011717509037	1	1	[34991659]
drug resistance neoplasm	tumor microenvironment/drug effects	0.0039778851868	0.006085272814044	0.117647058823529	0.5011717509037	1	1	[34991659]
GGT1	tumor microenvironment/drug effects	0.0039778851868	0.006085272814044	0.117647058823529	0.5011717509037	1	1	[34991659]
HLF	tumor microenvironment/drug effects	0.0039778851868	0.006085272814044	0.117647058823529	0.5011717509037	1	1	[34991659]
JAK2	tumor microenvironment/drug effects	0.0039778851868	0.006085272814044	0.117647058823529	0.5011717509037	1	1	[34991659]
SMAD3	tumor microenvironment/drug effects	0.0039778851868	0.006085272814044	0.117647058823529	0.5011717509037	1	1	[34991659]
triple negative breast neoplasms/drug therapy	tumor microenvironment/drug effects	0.0039778851868	0.006085272814044	0.117647058823529	0.5011717509037	1	1	[34991659]
tumor microenvironment/drug effects	tumor-associated macrophages/drug effects	0.0039778851868	0.006085272814044	0.117647058823529	0.5011717509037	1	1	[34991659]
ASAH2	tumor microenvironment/drug effects	0.0050446579505036	0.0076916756411358	0.113924050632911	0.583915496397244	1	2	[33547170]
colonic neoplasms/drug therapy	tumor microenvironment/drug effects	0.0050446579505036	0.0076916756411358	0.113924050632911	0.583915496397244	1	2	[33547170]
heme oxygenase-1/metabolism	tumor microenvironment/drug effects	0.0050446579505036	0.0076916756411358	0.113924050632911	0.583915496397244	1	2	[33547170]
lymphocytes tumor-infiltrating/immunology	tumor microenvironment/drug effects	0.0050446579505036	0.0076916756411358	0.113924050632911	0.583915496397244	1	2	[33547170]
membrane proteins/metabolism	tumor microenvironment/drug effects	0.0050446579505036	0.0076916756411358	0.113924050632911	0.583915496397244	1	2	[33547170]
myeloid-derived suppressor cells/immunology	tumor microenvironment/drug effects	0.0050446579505036	0.0076916756411358	0.113924050632911	0.583915496397244	1	2	[33547170]
neutral ceramidase/antagonists &amp; inhibitors	tumor microenvironment/drug effects	0.0050446579505036	0.0076916756411358	0.113924050632911	0.583915496397244	1	2	[33547170]
t-lymphocytes/immunology	tumor microenvironment/drug effects	0.0050446579505036	0.0076916756411358	0.113924050632911	0.583915496397244	1	2	[33547170]
macrophages/immunology	tumor microenvironment/drug effects	0.0063255028466381	0.009413699540273	0.0618608573305442	0.260219474110676	2	2	[32344015,31257391]
dna-(apurinic or apyrimidinic site) lyase/metabolism	tumor microenvironment/drug effects	9.12648042614705e-05	0.0001843114152613	0.113924050632911	0.583915496397244	1	2	[40136245]
APEX1	tumor microenvironment/drug effects	9.12648042614705e-05	0.0001843114152613	0.113924050632911	0.583915496397244	1	2	[40136245]
anti-inflammatory agents/pharmacology	calgranulin a/metabolism	8.3473228329467e-12	3.63900624961855e-11	0.0147058823529411	0.5011717509037	1	1	[30755716]
anti-inflammatory agents/pharmacology	colon/metabolism	8.3473228329467e-12	3.63900624961855e-11	0.0147058823529411	0.5011717509037	1	1	[30755716]
anti-inflammatory agents/pharmacology	glycyrrhizic acid/pharmacology	8.3473228329467e-12	3.63900624961855e-11	0.0147058823529411	0.5011717509037	1	1	[30755716]
anti-inflammatory agents/pharmacology	HMGB1	5.48811132727867e-06	1.28792710814035e-05	0.0294117647058823	0.5011717509037	1	1	[30755716]
anti-inflammatory agents/pharmacology	IRF6	8.3473228329467e-12	3.63900624961855e-11	0.0147058823529411	0.5011717509037	1	1	[30755716]
anti-inflammatory agents/pharmacology	phenotype	4.12690011752925e-06	9.71665346331543e-06	0.0294117647058823	0.5011717509037	1	1	[30755716]
anti-inflammatory agents/pharmacology	nf-kappa b/metabolism	4.82685926783688e-08	1.45353362910029e-07	0.0294117647058823	0.5011717509037	1	1	[30755716]
anti-inflammatory agents/pharmacology	diet high-fat	5.48811132727867e-06	1.28792710814035e-05	0.0441176470588235	0.5011717509037	1	1	[30755716]
anti-inflammatory agents/pharmacology	NFKB1	0.0019219988077046	0.0031122832026251	0.088235294117647	0.5011717509037	1	1	[30755716]
anti-inflammatory agents/pharmacology	S100A8	5.23252799866647e-07	1.3383843028709e-06	0.0294117647058823	0.5011717509037	1	1	[30755716]
calgranulin a/metabolism	colon/metabolism	8.3473228329467e-12	3.63900624961855e-11	0.0147058823529411	0.5011717509037	1	1	[30755716]
calgranulin a/metabolism	glycyrrhizic acid/pharmacology	8.3473228329467e-12	3.63900624961855e-11	0.0147058823529411	0.5011717509037	1	1	[30755716]
calgranulin a/metabolism	HMGB1	5.48811132727867e-06	1.28792710814035e-05	0.0294117647058823	0.5011717509037	1	1	[30755716]
calgranulin a/metabolism	IRF6	8.3473228329467e-12	3.63900624961855e-11	0.0147058823529411	0.5011717509037	1	1	[30755716]
calgranulin a/metabolism	phenotype	4.12690011752925e-06	9.71665346331543e-06	0.0294117647058823	0.5011717509037	1	1	[30755716]
calgranulin a/metabolism	nf-kappa b/metabolism	4.82685926783688e-08	1.45353362910029e-07	0.0294117647058823	0.5011717509037	1	1	[30755716]
calgranulin a/metabolism	diet high-fat	5.48811132727867e-06	1.28792710814035e-05	0.0441176470588235	0.5011717509037	1	1	[30755716]
calgranulin a/metabolism	NFKB1	0.0019219988077046	0.0031122832026251	0.088235294117647	0.5011717509037	1	1	[30755716]
calgranulin a/metabolism	S100A8	5.23252799866647e-07	1.3383843028709e-06	0.0294117647058823	0.5011717509037	1	1	[30755716]
colon/metabolism	glycyrrhizic acid/pharmacology	8.3473228329467e-12	3.63900624961855e-11	0.0147058823529411	0.5011717509037	1	1	[30755716]
colon/metabolism	HMGB1	5.48811132727867e-06	1.28792710814035e-05	0.0294117647058823	0.5011717509037	1	1	[30755716]
colon/metabolism	IRF6	8.3473228329467e-12	3.63900624961855e-11	0.0147058823529411	0.5011717509037	1	1	[30755716]
colon/metabolism	phenotype	4.12690011752925e-06	9.71665346331543e-06	0.0294117647058823	0.5011717509037	1	1	[30755716]
colon/metabolism	nf-kappa b/metabolism	4.82685926783688e-08	1.45353362910029e-07	0.0294117647058823	0.5011717509037	1	1	[30755716]
colon/metabolism	diet high-fat	5.48811132727867e-06	1.28792710814035e-05	0.0441176470588235	0.5011717509037	1	1	[30755716]
colon/metabolism	NFKB1	0.0019219988077046	0.0031122832026251	0.088235294117647	0.5011717509037	1	1	[30755716]
colon/metabolism	S100A8	5.23252799866647e-07	1.3383843028709e-06	0.0294117647058823	0.5011717509037	1	1	[30755716]
glycyrrhizic acid/pharmacology	HMGB1	5.48811132727867e-06	1.28792710814035e-05	0.0294117647058823	0.5011717509037	1	1	[30755716]
glycyrrhizic acid/pharmacology	IRF6	8.3473228329467e-12	3.63900624961855e-11	0.0147058823529411	0.5011717509037	1	1	[30755716]
glycyrrhizic acid/pharmacology	phenotype	4.12690011752925e-06	9.71665346331543e-06	0.0294117647058823	0.5011717509037	1	1	[30755716]
glycyrrhizic acid/pharmacology	nf-kappa b/metabolism	4.82685926783688e-08	1.45353362910029e-07	0.0294117647058823	0.5011717509037	1	1	[30755716]
diet high-fat	glycyrrhizic acid/pharmacology	5.48811132727867e-06	1.28792710814035e-05	0.0441176470588235	0.5011717509037	1	1	[30755716]
glycyrrhizic acid/pharmacology	NFKB1	0.0019219988077046	0.0031122832026251	0.088235294117647	0.5011717509037	1	1	[30755716]
glycyrrhizic acid/pharmacology	S100A8	5.23252799866647e-07	1.3383843028709e-06	0.0294117647058823	0.5011717509037	1	1	[30755716]
bacterial toxins/metabolism	HMGB1	0.0005241692955735	0.0012925943513292	0.037037037037037	0.491090027111315	1	0	[35197507]
cells cultured	HMGB1	0.0038613323464813	0.0078913768885101	0.074074074074074	0.491090027111315	1	0	[35197507]
endothelial cells/metabolism	HMGB1	0.0005241692955735	0.0012925943513292	0.037037037037037	0.491090027111315	1	0	[35197507]
FTH1	HMGB1	0.0005241692955735	0.0012925943513292	0.037037037037037	0.491090027111315	1	0	[35197507]
heart ventricles/diagnostic imaging	HMGB1	0.0005241692955735	0.0012925943513292	0.037037037037037	0.491090027111315	1	0	[35197507]
hemodynamics/drug effects	HMGB1	0.0005241692955735	0.0012925943513292	0.037037037037037	0.491090027111315	1	0	[35197507]
HMGB1	hmgb1 protein/metabolism	0.0005241692955735	0.0012925943513292	0.037037037037037	0.491090027111315	1	0	[35197507]
HMGB1	hypertension pulmonary/chemically induced	0.0005241692955735	0.0012925943513292	0.037037037037037	0.491090027111315	1	0	[35197507]
HMGB1	inflammasomes/metabolism	0.0005241692955735	0.0012925943513292	0.037037037037037	0.491090027111315	1	0	[35197507]
HMGB1	inflammation/metabolism	0.0005241692955735	0.0012925943513292	0.037037037037037	0.491090027111315	1	0	[35197507]
HMGB1	IRF6	5.48811132727867e-06	1.28792710814035e-05	0.0294117647058823	0.5011717509037	1	1	[30755716]
HMGB1	lung/blood supply	0.0005241692955735	0.0012925943513292	0.037037037037037	0.491090027111315	1	0	[35197507]
HMGB1	macrophages/metabolism	0.0005241692955735	0.0012925943513292	0.037037037037037	0.491090027111315	1	0	[35197507]
HMGB1	monocrotaline/toxicity	0.0005241692955735	0.0012925943513292	0.037037037037037	0.491090027111315	1	0	[35197507]
HMGB1	nlr family pyrin domain-containing 3 protein/metabolism	0.0005241692955735	0.0012925943513292	0.037037037037037	0.491090027111315	1	0	[35197507]
HMGB1	NLRP3	0.0005241692955735	0.0012925943513292	0.037037037037037	0.491090027111315	1	0	[35197507]
HMGB1	NOX4	0.0005241692955735	0.0012925943513292	0.037037037037037	0.491090027111315	1	0	[35197507]
HMGB1	phenotype	0.0024359773054146	0.0038788378911146	0.0583845478489903	0.5011717509037	1	1	[30755716]
HMGB1	toll-like receptor 4/metabolism	0.0005241692955735	0.0012925943513292	0.037037037037037	0.491090027111315	1	0	[35197507]
HMGB1	nf-kappa b/metabolism	0.000303025297743	0.0005550172013607	0.0583845478489903	0.5011717509037	1	1	[30755716]
diet high-fat	HMGB1	0.0027866117750977	0.0043874443304318	0.0869183494293239	0.5011717509037	1	1	[30755716]
HMGB1	S100A8	0.0009228513294738	0.0015933691829292	0.0583845478489903	0.5011717509037	1	1	[30755716]
IRF6	phenotype	4.12690011752925e-06	9.71665346331543e-06	0.0294117647058823	0.5011717509037	1	1	[30755716]
IRF6	nf-kappa b/metabolism	4.82685926783688e-08	1.45353362910029e-07	0.0294117647058823	0.5011717509037	1	1	[30755716]
diet high-fat	IRF6	5.48811132727867e-06	1.28792710814035e-05	0.0441176470588235	0.5011717509037	1	1	[30755716]
IRF6	NFKB1	0.0019219988077046	0.0031122832026251	0.088235294117647	0.5011717509037	1	1	[30755716]
IRF6	S100A8	5.23252799866647e-07	1.3383843028709e-06	0.0294117647058823	0.5011717509037	1	1	[30755716]
apoptosis/drug effects	phenotype	0.0035478824308358	0.0054647911845691	0.0869183494293239	0.5011717509037	1	1	[30420335]
cell proliferation/drug effects	phenotype	0.0021227254844603	0.003419549010368	0.0583845478489903	0.5011717509037	1	1	[30420335]
cytokines/metabolism	phenotype	0.0021439631343553	0.0034529851199831	0.0197541703248463	0.186828306325089	2	1	[30755716,30420335]
dose-response relationship drug	phenotype	0.0038816523713562	0.0060345580632801	0.0749756572541382	0.583915496397244	1	2	[30420335]
phenotype	S100A8	0.0007858745973121	0.0013687395477366	0.0583845478489903	0.5011717509037	1	1	[30755716]
IL17A	phenotype	0.0060053206106562	0.0087908768007707	0.0869183494293239	0.5011717509037	1	1	[30420335]
nf-kappa b/metabolism	phenotype	0.0002512519996596	0.0004635065847003	0.0583845478489903	0.5011717509037	1	1	[30755716]
diet high-fat	phenotype	0.0024359773054146	0.0038788378911146	0.0869183494293239	0.5011717509037	1	1	[30755716]
antibodies monoclonal humanized/pharmacology	CD36	3.10419946414342e-08	1.77908664941026e-07	0.037037037037037	0.491090027111315	1	0	[33691090]
antibodies monoclonal humanized/pharmacology	cd36 antigens/antagonists &amp; inhibitors	3.10419946414342e-08	1.77908664941026e-07	0.037037037037037	0.491090027111315	1	0	[33691090]
antibodies monoclonal humanized/pharmacology	cytokines/metabolism	1.13608141667498e-05	4.7336725694791e-05	0.074074074074074	0.491090027111315	1	0	[33691090]
antibodies monoclonal humanized/pharmacology	fatty acids/metabolism	3.10419946414342e-08	1.77908664941026e-07	0.037037037037037	0.491090027111315	1	0	[33691090]
antibodies monoclonal humanized/pharmacology	multiple myeloma/drug therapy	3.10419946414342e-08	1.77908664941026e-07	0.037037037037037	0.491090027111315	1	0	[33691090]
antibodies monoclonal humanized/pharmacology	PDCD1	0.0031479144449798	0.0048939485525315	0.088235294117647	0.5011717509037	1	1	[33691090]
antibodies monoclonal humanized/pharmacology	RPL17	0.0031479144449798	0.0048939485525315	0.088235294117647	0.5011717509037	1	1	[33691090]
antibodies monoclonal humanized/pharmacology	RPL17-C18orf32	0.0031479144449798	0.0048939485525315	0.088235294117647	0.5011717509037	1	1	[33691090]
antibodies monoclonal humanized/pharmacology	tumor microenvironment	0.0003039350520657	0.0008666781229012	0.074074074074074	0.491090027111315	1	0	[33691090]
CD36	cd36 antigens/antagonists &amp; inhibitors	3.10419946414342e-08	1.77908664941026e-07	0.037037037037037	0.491090027111315	1	0	[33691090]
CD36	cd36 antigens/metabolism	4.77942185828084e-09	1.79340923865439e-08	3.40401335898235e-07	7.24854090737856e-05	7	1	[31802182,39178310,39546763,39321806,31257391,38351345,39166450]
CD36	cytokines/metabolism	1.13608141667498e-05	4.7336725694791e-05	0.074074074074074	0.491090027111315	1	0	[33691090,38301989]
CD36	endometrial neoplasms/immunology	0.0026961250387715	0.0042590099521437	0.161764705882353	0.5011717509037	1	1	[39166450]
CD36	fatty acids/metabolism	3.10419946414342e-08	1.77908664941026e-07	0.037037037037037	0.491090027111315	1	0	[33691090]
CD36	heme/metabolism	0.0026961250387715	0.0042590099521437	0.161764705882353	0.5011717509037	1	1	[39166450]
CD36	interferon type i/metabolism	0.0003154868907467	0.0005773990158279	0.0241439859525899	0.186828306325089	2	1	[39166450,39546763]
CD36	multiple myeloma/drug therapy	3.10419946414342e-08	1.77908664941026e-07	0.037037037037037	0.491090027111315	1	0	[33691090]
CD36	phagocytosis	0.0026961250387715	0.0042590099521437	0.161764705882353	0.5011717509037	1	1	[39166450]
CD36	tumor microenvironment	0.0003039350520657	0.0008666781229012	0.074074074074074	0.491090027111315	1	0	[27044818,33691090,34958892,38301989]
CD36	macrophages/immunology	0.0004038918089636	0.0007293254207211	0.0119538056324711	0.054769758680606	3	1	[39166450,39178310,31257391]
carcinoma hepatocellular/pathology	CD36	0.0004317563670157	0.0007774869051261	0.0241439859525899	0.186828306325089	2	1	[38351345,38301989]
CD36	metabolic reprogramming	0.0065895653369943	0.0097868548958374	0.139240506329114	0.583915496397244	1	2	[38301989]
cancer-associated fibroblasts/pathology	CD36	0.0065895653369943	0.0097868548958374	0.139240506329114	0.583915496397244	1	2	[38301989]
CD36	FAP	0.0065895653369943	0.0097868548958374	0.139240506329114	0.583915496397244	1	2	[38301989]
CD36	FAM126A	0.0065895653369943	0.0097868548958374	0.139240506329114	0.583915496397244	1	2	[38301989]
CD36	VIM	0.0065895653369943	0.0097868548958374	0.139240506329114	0.583915496397244	1	2	[38301989]
cd36 antigens/antagonists &amp; inhibitors	cytokines/metabolism	1.13608141667498e-05	4.7336725694791e-05	0.074074074074074	0.491090027111315	1	0	[33691090]
cd36 antigens/antagonists &amp; inhibitors	fatty acids/metabolism	3.10419946414342e-08	1.77908664941026e-07	0.037037037037037	0.491090027111315	1	0	[33691090]
cd36 antigens/antagonists &amp; inhibitors	multiple myeloma/drug therapy	3.10419946414342e-08	1.77908664941026e-07	0.037037037037037	0.491090027111315	1	0	[33691090]
cd36 antigens/antagonists &amp; inhibitors	PDCD1	0.0031479144449798	0.0048939485525315	0.088235294117647	0.5011717509037	1	1	[33691090]
cd36 antigens/antagonists &amp; inhibitors	RPL17	0.0031479144449798	0.0048939485525315	0.088235294117647	0.5011717509037	1	1	[33691090]
cd36 antigens/antagonists &amp; inhibitors	RPL17-C18orf32	0.0031479144449798	0.0048939485525315	0.088235294117647	0.5011717509037	1	1	[33691090]
cd36 antigens/antagonists &amp; inhibitors	tumor microenvironment	0.0003039350520657	0.0008666781229012	0.074074074074074	0.491090027111315	1	0	[33691090]
apoptosis/drug effects	cytokines/metabolism	0.0005241692955735	0.0012925943513292	0.145299145299145	0.491090027111315	1	0	[32134361,30420335]
bone marrow/drug effects	cytokines/metabolism	4.98566787854315e-09	4.50418593388634e-08	0.074074074074074	0.491090027111315	1	0	[32134361]
cancer-associated fibroblasts/pathology	cytokines/metabolism	0.0058604211555792	0.0086263377330122	0.147058823529412	0.5011717509037	1	1	[38301989]
colorectal neoplasms/metabolism	cytokines/metabolism	0.0027501892023392	0.0043310494425764	0.147058823529412	0.5011717509037	1	1	[36160648]
cytokines/metabolism	drug interactions	4.98566787854315e-09	4.50418593388634e-08	0.074074074074074	0.491090027111315	1	0	[32134361]
cytokines/metabolism	FAM126A	0.0058604211555792	0.0086263377330122	0.147058823529412	0.5011717509037	1	1	[38301989]
cytokines/metabolism	FAP	0.0058604211555792	0.0086263377330122	0.147058823529412	0.5011717509037	1	1	[38301989]
cytokines/metabolism	fatty acids/metabolism	1.13608141667498e-05	4.7336725694791e-05	0.074074074074074	0.491090027111315	1	0	[33691090]
cytokines/metabolism	hyperlipidemias	0.0027501892023392	0.0043310494425764	0.147058823529412	0.5011717509037	1	1	[36160648]
cytokines/metabolism	ileum/drug effects	4.98566787854315e-09	4.50418593388634e-08	0.074074074074074	0.491090027111315	1	0	[32134361]
cytokines/metabolism	lipoproteins ldl	0.0027501892023392	0.0043310494425764	0.147058823529412	0.5011717509037	1	1	[36160648]
cytokines/metabolism	mannose receptor	0.0027501892023392	0.0043310494425764	0.147058823529412	0.5011717509037	1	1	[36160648]
cytokines/metabolism	metabolic reprogramming	0.0058604211555792	0.0086263377330122	0.147058823529412	0.5011717509037	1	1	[38301989]
cytokines/metabolism	multiple myeloma/drug therapy	1.13608141667498e-05	4.7336725694791e-05	0.074074074074074	0.491090027111315	1	0	[33691090]
cytokines/metabolism	necroptosis/drug effects	4.98566787854315e-09	4.50418593388634e-08	0.074074074074074	0.491090027111315	1	0	[32134361]
cytokines/metabolism	nitric oxide synthase type ii/metabolism	0.0027501892023392	0.0043310494425764	0.147058823529412	0.5011717509037	1	1	[36160648]
cytokines/metabolism	PROM1	0.0027501892023392	0.0043310494425764	0.147058823529412	0.5011717509037	1	1	[36160648]
cytokines/metabolism	radiation-protective agents/pharmacology	4.98566787854315e-09	4.50418593388634e-08	0.074074074074074	0.491090027111315	1	0	[32134361]
cytokines/metabolism	scavenger receptors class e/genetics	0.0027501892023392	0.0043310494425764	0.147058823529412	0.5011717509037	1	1	[36160648]
cytokines/metabolism	small molecule libraries/pharmacology	4.98566787854315e-09	4.50418593388634e-08	0.074074074074074	0.491090027111315	1	0	[32134361]
cytokines/metabolism	tumor microenvironment	0.0045084315169171	0.0090921080661055	0.145299145299145	0.491090027111315	1	0	[38301989,34919143,36160648,24156623,30420335,33691090]
cytokines/metabolism	VIM	0.0058604211555792	0.0086263377330122	0.147058823529412	0.5011717509037	1	1	[38301989]
cytokines/metabolism	nf-kappa b/metabolism	0.0001822976772285	0.0003472959736036	0.0197541703248463	0.186828306325089	2	1	[32353824,30755716]
cytokines/metabolism	diet high-fat	3.3522269418107e-06	8.06492463644084e-06	0.0023944448878601	0.054769758680606	3	1	[32353824,30755716,24156623]
cytokines/metabolism	NFKB1	0.0036124873545426	0.0055440464389737	0.037136151820085	0.054769758680606	3	1	[32353824,30755716,24156623]
cytokines/metabolism	IL17A	0.0030107770747238	0.0047959963612938	0.0407820028073192	0.260219474110676	2	2	[32353824,30420335]
fatty acids/metabolism	multiple myeloma/drug therapy	3.10419946414342e-08	1.77908664941026e-07	0.037037037037037	0.491090027111315	1	0	[33691090]
fatty acids/metabolism	PDCD1	0.0031479144449798	0.0048939485525315	0.088235294117647	0.5011717509037	1	1	[33691090]
fatty acids/metabolism	RPL17	0.0031479144449798	0.0048939485525315	0.088235294117647	0.5011717509037	1	1	[33691090]
fatty acids/metabolism	RPL17-C18orf32	0.0031479144449798	0.0048939485525315	0.088235294117647	0.5011717509037	1	1	[33691090]
fatty acids/metabolism	tumor microenvironment	0.0003039350520657	0.0008666781229012	0.074074074074074	0.491090027111315	1	0	[33691090]
multiple myeloma/drug therapy	PDCD1	0.0031479144449798	0.0048939485525315	0.088235294117647	0.5011717509037	1	1	[33691090]
multiple myeloma/drug therapy	RPL17	0.0031479144449798	0.0048939485525315	0.088235294117647	0.5011717509037	1	1	[33691090]
multiple myeloma/drug therapy	RPL17-C18orf32	0.0031479144449798	0.0048939485525315	0.088235294117647	0.5011717509037	1	1	[33691090]
multiple myeloma/drug therapy	tumor microenvironment	0.0003039350520657	0.0008666781229012	0.074074074074074	0.491090027111315	1	0	[33691090]
cancer-associated fibroblasts/pathology	PDCD1	0.0031479144449798	0.0048939485525315	0.088235294117647	0.5011717509037	1	1	[38301989]
FAM126A	PDCD1	0.0031479144449798	0.0048939485525315	0.088235294117647	0.5011717509037	1	1	[38301989]
FAP	PDCD1	0.0031479144449798	0.0048939485525315	0.088235294117647	0.5011717509037	1	1	[38301989]
metabolic reprogramming	PDCD1	0.0031479144449798	0.0048939485525315	0.088235294117647	0.5011717509037	1	1	[38301989]
PDCD1	RPL17	0.0013676032024639	0.0030160070624681	0.0003418803418803	0.0511599499132576	3	0	[38301989,39321806,34985903,34093872,33691090,35238098]
PDCD1	RPL17-C18orf32	0.0013676032024639	0.0030160070624681	0.0003418803418803	0.0511599499132576	3	0	[38301989,39321806,34985903,34093872,33691090,35238098]
PDCD1	VIM	0.0031479144449798	0.0048939485525315	0.088235294117647	0.5011717509037	1	1	[38301989]
interleukins/metabolism	PDCD1	0.0038816523713562	0.0060345580632801	0.0759493670886075	0.583915496397244	1	2	[39321806]
PDCD1	tumor escape/immunology	0.0038816523713562	0.0060345580632801	0.0759493670886075	0.583915496397244	1	2	[39321806]
liver neoplasms/immunology	PDCD1	0.0038816523713562	0.0060345580632801	0.0759493670886075	0.583915496397244	1	2	[39321806]
cellular reprogramming/immunology	PDCD1	0.0038816523713562	0.0060345580632801	0.0759493670886075	0.583915496397244	1	2	[39321806]
neoplastic stem cells/immunology	PDCD1	0.0038816523713562	0.0060345580632801	0.0759493670886075	0.583915496397244	1	2	[39321806]
IL34	PDCD1	0.0038816523713562	0.0060345580632801	0.0759493670886075	0.583915496397244	1	2	[39321806]
cancer-associated fibroblasts/pathology	RPL17	0.0031479144449798	0.0048939485525315	0.088235294117647	0.5011717509037	1	1	[38301989]
FAM126A	RPL17	0.0031479144449798	0.0048939485525315	0.088235294117647	0.5011717509037	1	1	[38301989]
FAP	RPL17	0.0031479144449798	0.0048939485525315	0.088235294117647	0.5011717509037	1	1	[38301989]
metabolic reprogramming	RPL17	0.0031479144449798	0.0048939485525315	0.088235294117647	0.5011717509037	1	1	[38301989]
RPL17	RPL17-C18orf32	0.0013676032024639	0.0030160070624681	0.0003418803418803	0.0511599499132576	3	0	[38301989,39321806,34985903,34093872,33691090,35238098]
RPL17	VIM	0.0031479144449798	0.0048939485525315	0.088235294117647	0.5011717509037	1	1	[38301989]
interleukins/metabolism	RPL17	0.0038816523713562	0.0060345580632801	0.0759493670886075	0.583915496397244	1	2	[39321806]
RPL17	tumor escape/immunology	0.0038816523713562	0.0060345580632801	0.0759493670886075	0.583915496397244	1	2	[39321806]
liver neoplasms/immunology	RPL17	0.0038816523713562	0.0060345580632801	0.0759493670886075	0.583915496397244	1	2	[39321806]
cellular reprogramming/immunology	RPL17	0.0038816523713562	0.0060345580632801	0.0759493670886075	0.583915496397244	1	2	[39321806]
neoplastic stem cells/immunology	RPL17	0.0038816523713562	0.0060345580632801	0.0759493670886075	0.583915496397244	1	2	[39321806]
IL34	RPL17	0.0038816523713562	0.0060345580632801	0.0759493670886075	0.583915496397244	1	2	[39321806]
cancer-associated fibroblasts/pathology	RPL17-C18orf32	0.0031479144449798	0.0048939485525315	0.088235294117647	0.5011717509037	1	1	[38301989]
FAM126A	RPL17-C18orf32	0.0031479144449798	0.0048939485525315	0.088235294117647	0.5011717509037	1	1	[38301989]
FAP	RPL17-C18orf32	0.0031479144449798	0.0048939485525315	0.088235294117647	0.5011717509037	1	1	[38301989]
metabolic reprogramming	RPL17-C18orf32	0.0031479144449798	0.0048939485525315	0.088235294117647	0.5011717509037	1	1	[38301989]
RPL17-C18orf32	VIM	0.0031479144449798	0.0048939485525315	0.088235294117647	0.5011717509037	1	1	[38301989]
interleukins/metabolism	RPL17-C18orf32	0.0038816523713562	0.0060345580632801	0.0759493670886075	0.583915496397244	1	2	[39321806]
RPL17-C18orf32	tumor escape/immunology	0.0038816523713562	0.0060345580632801	0.0759493670886075	0.583915496397244	1	2	[39321806]
liver neoplasms/immunology	RPL17-C18orf32	0.0038816523713562	0.0060345580632801	0.0759493670886075	0.583915496397244	1	2	[39321806]
cellular reprogramming/immunology	RPL17-C18orf32	0.0038816523713562	0.0060345580632801	0.0759493670886075	0.583915496397244	1	2	[39321806]
neoplastic stem cells/immunology	RPL17-C18orf32	0.0038816523713562	0.0060345580632801	0.0759493670886075	0.583915496397244	1	2	[39321806]
IL34	RPL17-C18orf32	0.0038816523713562	0.0060345580632801	0.0759493670886075	0.583915496397244	1	2	[39321806]
biomarkers tumor	tumor microenvironment	0.0015625643362536	0.0033615998331867	0.074074074074074	0.491090027111315	1	0	[33311482]
carcinoma pancreatic ductal/metabolism	tumor microenvironment	0.0015625643362536	0.0033615998331867	0.074074074074074	0.491090027111315	1	0	[33311482]
cell transformation neoplastic/genetics	tumor microenvironment	0.0015625643362536	0.0033615998331867	0.074074074074074	0.491090027111315	1	0	[33311482]
diet	tumor microenvironment	0.0015625643362536	0.0033615998331867	0.074074074074074	0.491090027111315	1	0	[33311482]
dna	tumor microenvironment	0.0015625643362536	0.0033615998331867	0.074074074074074	0.491090027111315	1	0	[33311482]
KDM8	tumor microenvironment	0.0015625643362536	0.0033615998331867	0.074074074074074	0.491090027111315	1	0	[33311482]
macrophages	tumor microenvironment	0.0015625643362536	0.0033615998331867	0.074074074074074	0.491090027111315	1	0	[33311482]
membrane proteins/genetics	tumor microenvironment	0.0015625643362536	0.0033615998331867	0.074074074074074	0.491090027111315	1	0	[33311482]
pancreas/metabolism	tumor microenvironment	0.0015625643362536	0.0033615998331867	0.074074074074074	0.491090027111315	1	0	[33311482]
pancreatitis/genetics	tumor microenvironment	0.0015625643362536	0.0033615998331867	0.074074074074074	0.491090027111315	1	0	[33311482]
phospholipid hydroperoxide glutathione peroxidase/genetics	tumor microenvironment	0.0015625643362536	0.0033615998331867	0.074074074074074	0.491090027111315	1	0	[33311482]
proto-oncogene proteins p21(ras)/metabolism	tumor microenvironment	0.0015625643362536	0.0033615998331867	0.074074074074074	0.491090027111315	1	0	[33311482]
quinoxalines/pharmacology	tumor microenvironment	0.0015625643362536	0.0033615998331867	0.074074074074074	0.491090027111315	1	0	[33311482]
spiro compounds/pharmacology	tumor microenvironment	0.0015625643362536	0.0033615998331867	0.074074074074074	0.491090027111315	1	0	[33311482]
STING1	tumor microenvironment	0.0015625643362536	0.0033615998331867	0.074074074074074	0.491090027111315	1	0	[33311482]
antineoplastic agents/chemistry	apoptosis/drug effects	1.13608141667498e-05	4.7336725694791e-05	0.074074074074074	0.491090027111315	1	0	[31509699]
antineoplastic agents/chemistry	biological products/chemistry	3.10419946414342e-08	1.77908664941026e-07	0.037037037037037	0.491090027111315	1	0	[31509699]
antineoplastic agents/chemistry	dichloroacetic acid/chemistry	3.10419946414342e-08	1.77908664941026e-07	0.037037037037037	0.491090027111315	1	0	[31509699]
antineoplastic agents/chemistry	drug synergism	3.10419946414342e-08	1.77908664941026e-07	0.037037037037037	0.491090027111315	1	0	[31509699]
antineoplastic agents/chemistry	energy metabolism/drug effects	3.10419946414342e-08	1.77908664941026e-07	0.037037037037037	0.491090027111315	1	0	[31509699]
antineoplastic agents/chemistry	protein kinase inhibitors/chemistry	3.10419946414342e-08	1.77908664941026e-07	0.037037037037037	0.491090027111315	1	0	[31509699]
antineoplastic agents/chemistry	pyruvate dehydrogenase acetyl-transferring kinase/antagonists &amp; inhibitors	3.10419946414342e-08	1.77908664941026e-07	0.037037037037037	0.491090027111315	1	0	[31509699]
antineoplastic agents/chemistry	saponins/chemistry	3.10419946414342e-08	1.77908664941026e-07	0.037037037037037	0.491090027111315	1	0	[31509699]
apoptosis/drug effects	biological products/chemistry	1.13608141667498e-05	4.7336725694791e-05	0.074074074074074	0.491090027111315	1	0	[31509699]
apoptosis/drug effects	bone marrow/drug effects	4.98566787854315e-09	4.50418593388634e-08	0.074074074074074	0.491090027111315	1	0	[32134361]
apoptosis/drug effects	cell proliferation/drug effects	0.0035478824308358	0.0054647911845691	0.0869183494293239	0.5011717509037	1	1	[30420335]
apoptosis/drug effects	dichloroacetic acid/chemistry	1.13608141667498e-05	4.7336725694791e-05	0.074074074074074	0.491090027111315	1	0	[31509699]
apoptosis/drug effects	drug interactions	4.98566787854315e-09	4.50418593388634e-08	0.074074074074074	0.491090027111315	1	0	[32134361]
apoptosis/drug effects	drug synergism	1.13608141667498e-05	4.7336725694791e-05	0.074074074074074	0.491090027111315	1	0	[31509699]
apoptosis/drug effects	energy metabolism/drug effects	1.13608141667498e-05	4.7336725694791e-05	0.074074074074074	0.491090027111315	1	0	[31509699]
apoptosis/drug effects	ileum/drug effects	4.98566787854315e-09	4.50418593388634e-08	0.074074074074074	0.491090027111315	1	0	[32134361]
apoptosis/drug effects	necroptosis/drug effects	4.98566787854315e-09	4.50418593388634e-08	0.074074074074074	0.491090027111315	1	0	[32134361]
apoptosis/drug effects	protein kinase inhibitors/chemistry	1.13608141667498e-05	4.7336725694791e-05	0.074074074074074	0.491090027111315	1	0	[31509699]
apoptosis/drug effects	pyruvate dehydrogenase acetyl-transferring kinase/antagonists &amp; inhibitors	1.13608141667498e-05	4.7336725694791e-05	0.074074074074074	0.491090027111315	1	0	[31509699]
apoptosis/drug effects	radiation-protective agents/pharmacology	4.98566787854315e-09	4.50418593388634e-08	0.074074074074074	0.491090027111315	1	0	[32134361]
apoptosis/drug effects	saponins/chemistry	1.13608141667498e-05	4.7336725694791e-05	0.074074074074074	0.491090027111315	1	0	[31509699]
apoptosis/drug effects	small molecule libraries/pharmacology	4.98566787854315e-09	4.50418593388634e-08	0.074074074074074	0.491090027111315	1	0	[32134361]
apoptosis/drug effects	IL17A	0.0046473066450224	0.0071072833078021	0.111015566711769	0.583915496397244	1	2	[30420335]
apoptosis/drug effects	dose-response relationship drug	0.006161679439121	0.0092310959487462	0.111015566711769	0.583915496397244	1	2	[30420335]
biological products/chemistry	dichloroacetic acid/chemistry	3.10419946414342e-08	1.77908664941026e-07	0.037037037037037	0.491090027111315	1	0	[31509699]
biological products/chemistry	drug synergism	3.10419946414342e-08	1.77908664941026e-07	0.037037037037037	0.491090027111315	1	0	[31509699]
biological products/chemistry	energy metabolism/drug effects	3.10419946414342e-08	1.77908664941026e-07	0.037037037037037	0.491090027111315	1	0	[31509699]
biological products/chemistry	protein kinase inhibitors/chemistry	3.10419946414342e-08	1.77908664941026e-07	0.037037037037037	0.491090027111315	1	0	[31509699]
biological products/chemistry	pyruvate dehydrogenase acetyl-transferring kinase/antagonists &amp; inhibitors	3.10419946414342e-08	1.77908664941026e-07	0.037037037037037	0.491090027111315	1	0	[31509699]
biological products/chemistry	saponins/chemistry	3.10419946414342e-08	1.77908664941026e-07	0.037037037037037	0.491090027111315	1	0	[31509699]
dichloroacetic acid/chemistry	drug synergism	3.10419946414342e-08	1.77908664941026e-07	0.037037037037037	0.491090027111315	1	0	[31509699]
dichloroacetic acid/chemistry	energy metabolism/drug effects	3.10419946414342e-08	1.77908664941026e-07	0.037037037037037	0.491090027111315	1	0	[31509699]
dichloroacetic acid/chemistry	protein kinase inhibitors/chemistry	3.10419946414342e-08	1.77908664941026e-07	0.037037037037037	0.491090027111315	1	0	[31509699]
dichloroacetic acid/chemistry	pyruvate dehydrogenase acetyl-transferring kinase/antagonists &amp; inhibitors	3.10419946414342e-08	1.77908664941026e-07	0.037037037037037	0.491090027111315	1	0	[31509699]
dichloroacetic acid/chemistry	saponins/chemistry	3.10419946414342e-08	1.77908664941026e-07	0.037037037037037	0.491090027111315	1	0	[31509699]
drug synergism	energy metabolism/drug effects	3.10419946414342e-08	1.77908664941026e-07	0.037037037037037	0.491090027111315	1	0	[31509699]
drug synergism	protein kinase inhibitors/chemistry	3.10419946414342e-08	1.77908664941026e-07	0.037037037037037	0.491090027111315	1	0	[31509699]
drug synergism	pyruvate dehydrogenase acetyl-transferring kinase/antagonists &amp; inhibitors	3.10419946414342e-08	1.77908664941026e-07	0.037037037037037	0.491090027111315	1	0	[31509699]
drug synergism	saponins/chemistry	3.10419946414342e-08	1.77908664941026e-07	0.037037037037037	0.491090027111315	1	0	[31509699]
energy metabolism/drug effects	protein kinase inhibitors/chemistry	3.10419946414342e-08	1.77908664941026e-07	0.037037037037037	0.491090027111315	1	0	[31509699]
energy metabolism/drug effects	pyruvate dehydrogenase acetyl-transferring kinase/antagonists &amp; inhibitors	3.10419946414342e-08	1.77908664941026e-07	0.037037037037037	0.491090027111315	1	0	[31509699]
energy metabolism/drug effects	saponins/chemistry	3.10419946414342e-08	1.77908664941026e-07	0.037037037037037	0.491090027111315	1	0	[31509699]
protein kinase inhibitors/chemistry	pyruvate dehydrogenase acetyl-transferring kinase/antagonists &amp; inhibitors	3.10419946414342e-08	1.77908664941026e-07	0.037037037037037	0.491090027111315	1	0	[31509699]
protein kinase inhibitors/chemistry	saponins/chemistry	3.10419946414342e-08	1.77908664941026e-07	0.037037037037037	0.491090027111315	1	0	[31509699]
pyruvate dehydrogenase acetyl-transferring kinase/antagonists &amp; inhibitors	saponins/chemistry	3.10419946414342e-08	1.77908664941026e-07	0.037037037037037	0.491090027111315	1	0	[31509699]
ASAH2	colonic neoplasms/drug therapy	2.48910234645905e-07	1.3318075285482e-06	0.037037037037037	0.491090027111315	1	0	[33547170]
ASAH2	heme oxygenase-1/metabolism	2.48910234645905e-07	1.3318075285482e-06	0.037037037037037	0.491090027111315	1	0	[33547170]
ASAH2	HMOX1	2.48910234645905e-07	1.3318075285482e-06	0.037037037037037	0.491090027111315	1	0	[33547170]
ASAH2	lymphocytes tumor-infiltrating/immunology	2.48910234645905e-07	1.3318075285482e-06	0.037037037037037	0.491090027111315	1	0	[33547170]
ASAH2	membrane proteins/metabolism	2.48910234645905e-07	1.3318075285482e-06	0.037037037037037	0.491090027111315	1	0	[33547170]
ASAH2	myeloid-derived suppressor cells/immunology	2.48910234645905e-07	1.3318075285482e-06	0.037037037037037	0.491090027111315	1	0	[33547170]
ASAH2	neutral ceramidase/antagonists &amp; inhibitors	2.48910234645905e-07	1.3318075285482e-06	0.037037037037037	0.491090027111315	1	0	[33547170]
ASAH2	t-lymphocytes/immunology	2.48910234645905e-07	1.3318075285482e-06	0.037037037037037	0.491090027111315	1	0	[33547170]
ASAH2	TP53	0.0022568714518765	0.0047668807068041	0.111111111111111	0.491090027111315	1	0	[33547170]
ASAH2	tumor suppressor protein p53/metabolism	0.0002443386631932	0.0007043559873365	0.074074074074074	0.491090027111315	1	0	[33547170]
ATG5	autophagy-related proteins/genetics	2.37669306457633e-09	2.23055336157649e-08	0.037037037037037	0.491090027111315	1	0	[33926261]
ATG5	cell cycle/drug effects	2.37669306457633e-09	2.23055336157649e-08	0.037037037037037	0.491090027111315	1	0	[33926261]
ATG5	flavonolignans/pharmacology	2.37669306457633e-09	2.23055336157649e-08	0.037037037037037	0.491090027111315	1	0	[33926261]
ATG5	glutathione peroxidase/metabolism	2.37669306457633e-09	2.23055336157649e-08	0.037037037037037	0.491090027111315	1	0	[33926261]
ATG5	jurkat cells	0.0001347174188101	0.000411242646894	0.074074074074074	0.491090027111315	1	0	[33926261]
ATG5	precursor cell lymphoblastic leukemia-lymphoma/metabolism	2.37669306457633e-09	2.23055336157649e-08	0.037037037037037	0.491090027111315	1	0	[33926261]
autophagy-related proteins/genetics	cell cycle/drug effects	2.37669306457633e-09	2.23055336157649e-08	0.037037037037037	0.491090027111315	1	0	[33926261]
autophagy-related proteins/genetics	flavonolignans/pharmacology	2.37669306457633e-09	2.23055336157649e-08	0.037037037037037	0.491090027111315	1	0	[33926261]
autophagy-related proteins/genetics	glutathione peroxidase/metabolism	2.37669306457633e-09	2.23055336157649e-08	0.037037037037037	0.491090027111315	1	0	[33926261]
autophagy-related proteins/genetics	jurkat cells	0.0001347174188101	0.000411242646894	0.074074074074074	0.491090027111315	1	0	[33926261]
autophagy-related proteins/genetics	precursor cell lymphoblastic leukemia-lymphoma/metabolism	2.37669306457633e-09	2.23055336157649e-08	0.037037037037037	0.491090027111315	1	0	[33926261]
basic-leucine zipper transcription factors/analysis	drug resistance neoplasm	2.37669306457633e-09	2.23055336157649e-08	0.037037037037037	0.491090027111315	1	0	[34991659]
basic-leucine zipper transcription factors/analysis	GGT1	2.37669306457633e-09	2.23055336157649e-08	0.037037037037037	0.491090027111315	1	0	[34991659]
basic-leucine zipper transcription factors/analysis	HLF	2.37669306457633e-09	2.23055336157649e-08	0.037037037037037	0.491090027111315	1	0	[34991659]
basic-leucine zipper transcription factors/analysis	IL6	2.37669306457633e-09	2.23055336157649e-08	0.037037037037037	0.491090027111315	1	0	[34991659]
basic-leucine zipper transcription factors/analysis	JAK2	2.37669306457633e-09	2.23055336157649e-08	0.037037037037037	0.491090027111315	1	0	[34991659]
basic-leucine zipper transcription factors/analysis	SMAD3	2.37669306457633e-09	2.23055336157649e-08	0.037037037037037	0.491090027111315	1	0	[34991659]
basic-leucine zipper transcription factors/analysis	STAT3	2.37669306457633e-09	2.23055336157649e-08	0.037037037037037	0.491090027111315	1	0	[34991659]
basic-leucine zipper transcription factors/analysis	TGFB1	2.37669306457633e-09	2.23055336157649e-08	0.037037037037037	0.491090027111315	1	0	[34991659]
basic-leucine zipper transcription factors/analysis	triple negative breast neoplasms/drug therapy	2.37669306457633e-09	2.23055336157649e-08	0.037037037037037	0.491090027111315	1	0	[34991659]
basic-leucine zipper transcription factors/analysis	tumor-associated macrophages/drug effects	2.37669306457633e-09	2.23055336157649e-08	0.037037037037037	0.491090027111315	1	0	[34991659]
cell cycle/drug effects	flavonolignans/pharmacology	2.37669306457633e-09	2.23055336157649e-08	0.037037037037037	0.491090027111315	1	0	[33926261]
cell cycle/drug effects	glutathione peroxidase/metabolism	2.37669306457633e-09	2.23055336157649e-08	0.037037037037037	0.491090027111315	1	0	[33926261]
cell cycle/drug effects	jurkat cells	0.0001347174188101	0.000411242646894	0.074074074074074	0.491090027111315	1	0	[33926261]
cell cycle/drug effects	precursor cell lymphoblastic leukemia-lymphoma/metabolism	2.37669306457633e-09	2.23055336157649e-08	0.037037037037037	0.491090027111315	1	0	[33926261]
colonic neoplasms/drug therapy	heme oxygenase-1/metabolism	2.48910234645905e-07	1.3318075285482e-06	0.037037037037037	0.491090027111315	1	0	[33547170]
colonic neoplasms/drug therapy	HMOX1	2.48910234645905e-07	1.3318075285482e-06	0.037037037037037	0.491090027111315	1	0	[33547170]
colonic neoplasms/drug therapy	lymphocytes tumor-infiltrating/immunology	2.48910234645905e-07	1.3318075285482e-06	0.037037037037037	0.491090027111315	1	0	[33547170]
colonic neoplasms/drug therapy	membrane proteins/metabolism	2.48910234645905e-07	1.3318075285482e-06	0.037037037037037	0.491090027111315	1	0	[33547170]
colonic neoplasms/drug therapy	myeloid-derived suppressor cells/immunology	2.48910234645905e-07	1.3318075285482e-06	0.037037037037037	0.491090027111315	1	0	[33547170]
colonic neoplasms/drug therapy	neutral ceramidase/antagonists &amp; inhibitors	2.48910234645905e-07	1.3318075285482e-06	0.037037037037037	0.491090027111315	1	0	[33547170]
colonic neoplasms/drug therapy	t-lymphocytes/immunology	2.48910234645905e-07	1.3318075285482e-06	0.037037037037037	0.491090027111315	1	0	[33547170]
colonic neoplasms/drug therapy	TP53	0.0022568714518765	0.0047668807068041	0.111111111111111	0.491090027111315	1	0	[33547170]
colonic neoplasms/drug therapy	tumor suppressor protein p53/metabolism	0.0002443386631932	0.0007043559873365	0.074074074074074	0.491090027111315	1	0	[33547170]
drug resistance neoplasm	GGT1	2.37669306457633e-09	2.23055336157649e-08	0.037037037037037	0.491090027111315	1	0	[34991659]
drug resistance neoplasm	HLF	2.37669306457633e-09	2.23055336157649e-08	0.037037037037037	0.491090027111315	1	0	[34991659]
drug resistance neoplasm	IL6	2.37669306457633e-09	2.23055336157649e-08	0.037037037037037	0.491090027111315	1	0	[34991659]
drug resistance neoplasm	JAK2	2.37669306457633e-09	2.23055336157649e-08	0.037037037037037	0.491090027111315	1	0	[34991659]
drug resistance neoplasm	SMAD3	2.37669306457633e-09	2.23055336157649e-08	0.037037037037037	0.491090027111315	1	0	[34991659]
drug resistance neoplasm	STAT3	2.37669306457633e-09	2.23055336157649e-08	0.037037037037037	0.491090027111315	1	0	[34991659]
drug resistance neoplasm	TGFB1	2.37669306457633e-09	2.23055336157649e-08	0.037037037037037	0.491090027111315	1	0	[34991659]
drug resistance neoplasm	triple negative breast neoplasms/drug therapy	2.37669306457633e-09	2.23055336157649e-08	0.037037037037037	0.491090027111315	1	0	[34991659]
drug resistance neoplasm	tumor-associated macrophages/drug effects	2.37669306457633e-09	2.23055336157649e-08	0.037037037037037	0.491090027111315	1	0	[34991659]
flavonolignans/pharmacology	glutathione peroxidase/metabolism	2.37669306457633e-09	2.23055336157649e-08	0.037037037037037	0.491090027111315	1	0	[33926261]
flavonolignans/pharmacology	jurkat cells	0.0001347174188101	0.000411242646894	0.074074074074074	0.491090027111315	1	0	[33926261]
flavonolignans/pharmacology	precursor cell lymphoblastic leukemia-lymphoma/metabolism	2.37669306457633e-09	2.23055336157649e-08	0.037037037037037	0.491090027111315	1	0	[33926261]
GGT1	HLF	2.37669306457633e-09	2.23055336157649e-08	0.037037037037037	0.491090027111315	1	0	[34991659]
GGT1	IL6	2.37669306457633e-09	2.23055336157649e-08	0.037037037037037	0.491090027111315	1	0	[34991659]
GGT1	JAK2	2.37669306457633e-09	2.23055336157649e-08	0.037037037037037	0.491090027111315	1	0	[34991659]
GGT1	SMAD3	2.37669306457633e-09	2.23055336157649e-08	0.037037037037037	0.491090027111315	1	0	[34991659]
GGT1	STAT3	2.37669306457633e-09	2.23055336157649e-08	0.037037037037037	0.491090027111315	1	0	[34991659]
GGT1	TGFB1	2.37669306457633e-09	2.23055336157649e-08	0.037037037037037	0.491090027111315	1	0	[34991659]
GGT1	triple negative breast neoplasms/drug therapy	2.37669306457633e-09	2.23055336157649e-08	0.037037037037037	0.491090027111315	1	0	[34991659]
GGT1	tumor-associated macrophages/drug effects	2.37669306457633e-09	2.23055336157649e-08	0.037037037037037	0.491090027111315	1	0	[34991659]
glutathione peroxidase/metabolism	jurkat cells	0.0001347174188101	0.000411242646894	0.074074074074074	0.491090027111315	1	0	[33926261]
glutathione peroxidase/metabolism	precursor cell lymphoblastic leukemia-lymphoma/metabolism	2.37669306457633e-09	2.23055336157649e-08	0.037037037037037	0.491090027111315	1	0	[33926261]
heme oxygenase-1/metabolism	HMOX1	2.48910234645905e-07	1.3318075285482e-06	0.037037037037037	0.491090027111315	1	0	[33547170]
heme oxygenase-1/metabolism	lymphocytes tumor-infiltrating/immunology	2.48910234645905e-07	1.3318075285482e-06	0.037037037037037	0.491090027111315	1	0	[33547170]
heme oxygenase-1/metabolism	membrane proteins/metabolism	2.48910234645905e-07	1.3318075285482e-06	0.037037037037037	0.491090027111315	1	0	[33547170]
heme oxygenase-1/metabolism	myeloid-derived suppressor cells/immunology	2.48910234645905e-07	1.3318075285482e-06	0.037037037037037	0.491090027111315	1	0	[33547170]
heme oxygenase-1/metabolism	neutral ceramidase/antagonists &amp; inhibitors	2.48910234645905e-07	1.3318075285482e-06	0.037037037037037	0.491090027111315	1	0	[33547170]
heme oxygenase-1/metabolism	t-lymphocytes/immunology	2.48910234645905e-07	1.3318075285482e-06	0.037037037037037	0.491090027111315	1	0	[33547170]
heme oxygenase-1/metabolism	TP53	0.0022568714518765	0.0047668807068041	0.111111111111111	0.491090027111315	1	0	[33547170]
heme oxygenase-1/metabolism	tumor suppressor protein p53/metabolism	0.0002443386631932	0.0007043559873365	0.074074074074074	0.491090027111315	1	0	[33547170]
HLF	IL6	2.37669306457633e-09	2.23055336157649e-08	0.037037037037037	0.491090027111315	1	0	[34991659]
HLF	JAK2	2.37669306457633e-09	2.23055336157649e-08	0.037037037037037	0.491090027111315	1	0	[34991659]
HLF	SMAD3	2.37669306457633e-09	2.23055336157649e-08	0.037037037037037	0.491090027111315	1	0	[34991659]
HLF	STAT3	2.37669306457633e-09	2.23055336157649e-08	0.037037037037037	0.491090027111315	1	0	[34991659]
HLF	TGFB1	2.37669306457633e-09	2.23055336157649e-08	0.037037037037037	0.491090027111315	1	0	[34991659]
HLF	triple negative breast neoplasms/drug therapy	2.37669306457633e-09	2.23055336157649e-08	0.037037037037037	0.491090027111315	1	0	[34991659]
HLF	tumor-associated macrophages/drug effects	2.37669306457633e-09	2.23055336157649e-08	0.037037037037037	0.491090027111315	1	0	[34991659]
HMOX1	lymphocytes tumor-infiltrating/immunology	2.48910234645905e-07	1.3318075285482e-06	0.037037037037037	0.491090027111315	1	0	[33547170]
HMOX1	membrane proteins/metabolism	2.48910234645905e-07	1.3318075285482e-06	0.037037037037037	0.491090027111315	1	0	[33547170]
HMOX1	myeloid-derived suppressor cells/immunology	2.48910234645905e-07	1.3318075285482e-06	0.037037037037037	0.491090027111315	1	0	[33547170]
HMOX1	neutral ceramidase/antagonists &amp; inhibitors	2.48910234645905e-07	1.3318075285482e-06	0.037037037037037	0.491090027111315	1	0	[33547170]
HMOX1	t-lymphocytes/immunology	2.48910234645905e-07	1.3318075285482e-06	0.037037037037037	0.491090027111315	1	0	[33547170]
HMOX1	TP53	0.0022568714518765	0.0047668807068041	0.111111111111111	0.491090027111315	1	0	[33547170]
HMOX1	tumor suppressor protein p53/metabolism	0.0002443386631932	0.0007043559873365	0.074074074074074	0.491090027111315	1	0	[33547170]
HMOX1	receptors transferrin/metabolism	1.39496016959839e-08	4.14894115956003e-08	0.0253164556962025	0.583915496397244	1	2	[39276841]
HMOX1	spiral ganglion/drug effects	1.39496016959839e-08	4.14894115956003e-08	0.0253164556962025	0.583915496397244	1	2	[39276841]
HMOX1	neurons/drug effects	0.0006980877093339	0.001259206870341	0.0749756572541382	0.583915496397244	1	2	[39276841]
HMOX1	organometallic compounds/toxicity	1.39496016959839e-08	4.14894115956003e-08	0.0253164556962025	0.583915496397244	1	2	[39276841]
HMOX1	TFRC	9.12648042614705e-05	0.0001843114152613	0.0503083414475819	0.583915496397244	1	2	[39276841]
IL6	JAK2	2.37669306457633e-09	2.23055336157649e-08	0.037037037037037	0.491090027111315	1	0	[34991659]
JAK2	SMAD3	2.37669306457633e-09	2.23055336157649e-08	0.037037037037037	0.491090027111315	1	0	[34991659]
JAK2	STAT3	2.37669306457633e-09	2.23055336157649e-08	0.037037037037037	0.491090027111315	1	0	[34991659]
JAK2	TGFB1	2.37669306457633e-09	2.23055336157649e-08	0.037037037037037	0.491090027111315	1	0	[34991659]
JAK2	triple negative breast neoplasms/drug therapy	2.37669306457633e-09	2.23055336157649e-08	0.037037037037037	0.491090027111315	1	0	[34991659]
JAK2	tumor-associated macrophages/drug effects	2.37669306457633e-09	2.23055336157649e-08	0.037037037037037	0.491090027111315	1	0	[34991659]
antioxidants/pharmacology	jurkat cells	0.0012969225227602	0.0028666732591499	0.074074074074074	0.491090027111315	1	0	[32778843]
biopterins/analogs &amp; derivatives	jurkat cells	0.0012969225227602	0.0028666732591499	0.074074074074074	0.491090027111315	1	0	[32778843]
carbolines/pharmacology	jurkat cells	6.85857748674579e-05	0.0001406852456997	0.0583845478489903	0.5011717509037	1	1	[32778843]
cell proliferation/drug effects	jurkat cells	0.0012969225227602	0.0028666732591499	0.074074074074074	0.491090027111315	1	0	[32778843]
cystine/antagonists &amp; inhibitors	jurkat cells	0.0012969225227602	0.0028666732591499	0.074074074074074	0.491090027111315	1	0	[32778843]
dose-response relationship drug	jurkat cells	0.0026163058647299	0.0041447975536073	0.0869183494293239	0.5011717509037	1	1	[32778843]
folic acid antagonists/pharmacology	jurkat cells	0.0012969225227602	0.0028666732591499	0.074074074074074	0.491090027111315	1	0	[32778843]
jurkat cells	methotrexate/pharmacology	0.0012969225227602	0.0028666732591499	0.074074074074074	0.491090027111315	1	0	[32778843]
jurkat cells	oxidative stress	2.61119059221659e-05	5.62839187200491e-05	0.0583845478489903	0.5011717509037	1	1	[32778843]
jurkat cells	phospholipid hydroperoxide glutathione peroxidase/antagonists &amp; inhibitors	0.0012969225227602	0.0028666732591499	0.074074074074074	0.491090027111315	1	0	[32778843]
jurkat cells	piperazines/pharmacology	2.61119059221659e-05	5.62839187200491e-05	0.0583845478489903	0.5011717509037	1	1	[32778843]
jurkat cells	precursor cell lymphoblastic leukemia-lymphoma/metabolism	0.0001347174188101	0.000411242646894	0.074074074074074	0.491090027111315	1	0	[33926261]
jurkat cells	tetrahydrofolate dehydrogenase/genetics	0.0012969225227602	0.0028666732591499	0.074074074074074	0.491090027111315	1	0	[32778843]
jurkat cells	vitamin e/pharmacology	0.0012969225227602	0.0028666732591499	0.074074074074074	0.491090027111315	1	0	[32778843]
lymphocytes tumor-infiltrating/immunology	membrane proteins/metabolism	2.48910234645905e-07	1.3318075285482e-06	0.037037037037037	0.491090027111315	1	0	[33547170]
lymphocytes tumor-infiltrating/immunology	myeloid-derived suppressor cells/immunology	2.48910234645905e-07	1.3318075285482e-06	0.037037037037037	0.491090027111315	1	0	[33547170]
lymphocytes tumor-infiltrating/immunology	neutral ceramidase/antagonists &amp; inhibitors	2.48910234645905e-07	1.3318075285482e-06	0.037037037037037	0.491090027111315	1	0	[33547170]
lymphocytes tumor-infiltrating/immunology	t-lymphocytes/immunology	2.48910234645905e-07	1.3318075285482e-06	0.037037037037037	0.491090027111315	1	0	[33547170]
lymphocytes tumor-infiltrating/immunology	TP53	0.0022568714518765	0.0047668807068041	0.111111111111111	0.491090027111315	1	0	[33547170]
lymphocytes tumor-infiltrating/immunology	tumor suppressor protein p53/metabolism	0.0002443386631932	0.0007043559873365	0.074074074074074	0.491090027111315	1	0	[33547170]
membrane proteins/metabolism	myeloid-derived suppressor cells/immunology	2.48910234645905e-07	1.3318075285482e-06	0.037037037037037	0.491090027111315	1	0	[33547170]
membrane proteins/metabolism	neutral ceramidase/antagonists &amp; inhibitors	2.48910234645905e-07	1.3318075285482e-06	0.037037037037037	0.491090027111315	1	0	[33547170]
membrane proteins/metabolism	t-lymphocytes/immunology	2.48910234645905e-07	1.3318075285482e-06	0.037037037037037	0.491090027111315	1	0	[33547170]
membrane proteins/metabolism	TP53	0.0022568714518765	0.0047668807068041	0.111111111111111	0.491090027111315	1	0	[33547170]
membrane proteins/metabolism	tumor suppressor protein p53/metabolism	0.0002443386631932	0.0007043559873365	0.074074074074074	0.491090027111315	1	0	[33547170]
myeloid-derived suppressor cells/immunology	neutral ceramidase/antagonists &amp; inhibitors	2.48910234645905e-07	1.3318075285482e-06	0.037037037037037	0.491090027111315	1	0	[33547170]
myeloid-derived suppressor cells/immunology	t-lymphocytes/immunology	2.48910234645905e-07	1.3318075285482e-06	0.037037037037037	0.491090027111315	1	0	[33547170]
myeloid-derived suppressor cells/immunology	TP53	0.0022568714518765	0.0047668807068041	0.111111111111111	0.491090027111315	1	0	[33547170]
myeloid-derived suppressor cells/immunology	tumor suppressor protein p53/metabolism	0.0002443386631932	0.0007043559873365	0.074074074074074	0.491090027111315	1	0	[33547170]
neutral ceramidase/antagonists &amp; inhibitors	t-lymphocytes/immunology	2.48910234645905e-07	1.3318075285482e-06	0.037037037037037	0.491090027111315	1	0	[33547170]
neutral ceramidase/antagonists &amp; inhibitors	TP53	0.0022568714518765	0.0047668807068041	0.111111111111111	0.491090027111315	1	0	[33547170]
neutral ceramidase/antagonists &amp; inhibitors	tumor suppressor protein p53/metabolism	0.0002443386631932	0.0007043559873365	0.074074074074074	0.491090027111315	1	0	[33547170]
IL6	SMAD3	2.37669306457633e-09	2.23055336157649e-08	0.037037037037037	0.491090027111315	1	0	[34991659]
SMAD3	STAT3	2.37669306457633e-09	2.23055336157649e-08	0.037037037037037	0.491090027111315	1	0	[34991659]
SMAD3	TGFB1	2.37669306457633e-09	2.23055336157649e-08	0.037037037037037	0.491090027111315	1	0	[34991659]
SMAD3	triple negative breast neoplasms/drug therapy	2.37669306457633e-09	2.23055336157649e-08	0.037037037037037	0.491090027111315	1	0	[34991659]
SMAD3	tumor-associated macrophages/drug effects	2.37669306457633e-09	2.23055336157649e-08	0.037037037037037	0.491090027111315	1	0	[34991659]
t-lymphocytes/immunology	TP53	0.0022568714518765	0.0047668807068041	0.111111111111111	0.491090027111315	1	0	[33547170]
t-lymphocytes/immunology	tumor suppressor protein p53/metabolism	0.0002443386631932	0.0007043559873365	0.074074074074074	0.491090027111315	1	0	[33547170]
IL6	triple negative breast neoplasms/drug therapy	2.37669306457633e-09	2.23055336157649e-08	0.037037037037037	0.491090027111315	1	0	[34991659]
STAT3	triple negative breast neoplasms/drug therapy	2.37669306457633e-09	2.23055336157649e-08	0.037037037037037	0.491090027111315	1	0	[34991659]
TGFB1	triple negative breast neoplasms/drug therapy	2.37669306457633e-09	2.23055336157649e-08	0.037037037037037	0.491090027111315	1	0	[34991659]
triple negative breast neoplasms/drug therapy	tumor-associated macrophages/drug effects	2.37669306457633e-09	2.23055336157649e-08	0.037037037037037	0.491090027111315	1	0	[34991659]
IL6	tumor-associated macrophages/drug effects	2.37669306457633e-09	2.23055336157649e-08	0.037037037037037	0.491090027111315	1	0	[34991659]
STAT3	tumor-associated macrophages/drug effects	2.37669306457633e-09	2.23055336157649e-08	0.037037037037037	0.491090027111315	1	0	[34991659]
TGFB1	tumor-associated macrophages/drug effects	2.37669306457633e-09	2.23055336157649e-08	0.037037037037037	0.491090027111315	1	0	[34991659]
antioxidants/pharmacology	biopterins/analogs &amp; derivatives	1.90229000622821e-05	6.33368658790105e-05	0.037037037037037	0.491090027111315	1	0	[32778843]
antioxidants/pharmacology	carbolines/pharmacology	0.0010636503730522	0.0023691137341409	0.074074074074074	0.491090027111315	1	0	[32778843]
antioxidants/pharmacology	cell proliferation/drug effects	1.90229000622821e-05	6.33368658790105e-05	0.037037037037037	0.491090027111315	1	0	[32778843]
antioxidants/pharmacology	cystine/antagonists &amp; inhibitors	1.90229000622821e-05	6.33368658790105e-05	0.037037037037037	0.491090027111315	1	0	[32778843]
antioxidants/pharmacology	dose-response relationship drug	0.0010636503730522	0.0023691137341409	0.074074074074074	0.491090027111315	1	0	[32778843]
antioxidants/pharmacology	folic acid antagonists/pharmacology	1.90229000622821e-05	6.33368658790105e-05	0.037037037037037	0.491090027111315	1	0	[32778843]
antioxidants/pharmacology	methotrexate/pharmacology	1.90229000622821e-05	6.33368658790105e-05	0.037037037037037	0.491090027111315	1	0	[32778843]
antioxidants/pharmacology	oxidative stress	0.0005390447313372	0.0013092376221759	0.074074074074074	0.491090027111315	1	0	[32778843]
antioxidants/pharmacology	phospholipid hydroperoxide glutathione peroxidase/antagonists &amp; inhibitors	1.90229000622821e-05	6.33368658790105e-05	0.037037037037037	0.491090027111315	1	0	[32778843]
antioxidants/pharmacology	piperazines/pharmacology	0.0005390447313372	0.0013092376221759	0.074074074074074	0.491090027111315	1	0	[32778843]
antioxidants/pharmacology	tetrahydrofolate dehydrogenase/genetics	1.90229000622821e-05	6.33368658790105e-05	0.037037037037037	0.491090027111315	1	0	[32778843]
antioxidants/pharmacology	vitamin e/pharmacology	1.90229000622821e-05	6.33368658790105e-05	0.037037037037037	0.491090027111315	1	0	[32778843]
biopterins/analogs &amp; derivatives	carbolines/pharmacology	0.0010636503730522	0.0023691137341409	0.074074074074074	0.491090027111315	1	0	[32778843]
biopterins/analogs &amp; derivatives	cell proliferation/drug effects	1.90229000622821e-05	6.33368658790105e-05	0.037037037037037	0.491090027111315	1	0	[32778843]
biopterins/analogs &amp; derivatives	cystine/antagonists &amp; inhibitors	1.90229000622821e-05	6.33368658790105e-05	0.037037037037037	0.491090027111315	1	0	[32778843]
biopterins/analogs &amp; derivatives	dose-response relationship drug	0.0010636503730522	0.0023691137341409	0.074074074074074	0.491090027111315	1	0	[32778843]
biopterins/analogs &amp; derivatives	folic acid antagonists/pharmacology	1.90229000622821e-05	6.33368658790105e-05	0.037037037037037	0.491090027111315	1	0	[32778843]
biopterins/analogs &amp; derivatives	methotrexate/pharmacology	1.90229000622821e-05	6.33368658790105e-05	0.037037037037037	0.491090027111315	1	0	[32778843]
biopterins/analogs &amp; derivatives	oxidative stress	0.0005390447313372	0.0013092376221759	0.074074074074074	0.491090027111315	1	0	[32778843]
biopterins/analogs &amp; derivatives	phospholipid hydroperoxide glutathione peroxidase/antagonists &amp; inhibitors	1.90229000622821e-05	6.33368658790105e-05	0.037037037037037	0.491090027111315	1	0	[32778843]
biopterins/analogs &amp; derivatives	piperazines/pharmacology	0.0005390447313372	0.0013092376221759	0.074074074074074	0.491090027111315	1	0	[32778843]
biopterins/analogs &amp; derivatives	tetrahydrofolate dehydrogenase/genetics	1.90229000622821e-05	6.33368658790105e-05	0.037037037037037	0.491090027111315	1	0	[32778843]
biopterins/analogs &amp; derivatives	vitamin e/pharmacology	1.90229000622821e-05	6.33368658790105e-05	0.037037037037037	0.491090027111315	1	0	[32778843]
carbolines/pharmacology	CCK	0.000493914442929	0.0008838663701553	0.0869183494293239	0.5011717509037	1	1	[34717678]
carbolines/pharmacology	cell proliferation/drug effects	0.0010636503730522	0.0023691137341409	0.074074074074074	0.491090027111315	1	0	[32778843]
carbolines/pharmacology	cystine/antagonists &amp; inhibitors	0.0010636503730522	0.0023691137341409	0.074074074074074	0.491090027111315	1	0	[32778843]
carbolines/pharmacology	dose-response relationship drug	6.63710797654815e-07	3.54468013480472e-06	0.0028490028490028	0.178864212567384	2	0	[32778843,34717678]
carbolines/pharmacology	folic acid antagonists/pharmacology	0.0010636503730522	0.0023691137341409	0.074074074074074	0.491090027111315	1	0	[32778843]
carbolines/pharmacology	gene expression	5.14974610709151e-05	0.0001657520944568	0.074074074074074	0.491090027111315	1	0	[34717678]
carbolines/pharmacology	inflammation mediators/antagonists &amp; inhibitors	5.14974610709151e-05	0.0001657520944568	0.074074074074074	0.491090027111315	1	0	[34717678]
carbolines/pharmacology	lipopolysaccharides/toxicity	5.14974610709151e-05	0.0001657520944568	0.074074074074074	0.491090027111315	1	0	[34717678]
carbolines/pharmacology	methotrexate/pharmacology	0.0010636503730522	0.0023691137341409	0.074074074074074	0.491090027111315	1	0	[32778843]
carbolines/pharmacology	microglia/drug effects	5.14974610709151e-05	0.0001657520944568	0.074074074074074	0.491090027111315	1	0	[34717678]
carbolines/pharmacology	nf-e2-related factor 2/biosynthesis	5.14974610709151e-05	0.0001657520944568	0.074074074074074	0.491090027111315	1	0	[34717678]
carbolines/pharmacology	oxidative stress	1.89453191614675e-05	4.17659496863234e-05	0.0583845478489903	0.5011717509037	1	1	[32778843]
carbolines/pharmacology	phospholipid hydroperoxide glutathione peroxidase/antagonists &amp; inhibitors	0.0010636503730522	0.0023691137341409	0.074074074074074	0.491090027111315	1	0	[32778843]
carbolines/pharmacology	piperazines/pharmacology	1.89453191614675e-05	4.17659496863234e-05	0.0583845478489903	0.5011717509037	1	1	[32778843]
carbolines/pharmacology	raw 264.7 cells	5.14974610709151e-05	0.0001657520944568	0.074074074074074	0.491090027111315	1	0	[34717678]
carbolines/pharmacology	tetrahydrofolate dehydrogenase/genetics	0.0010636503730522	0.0023691137341409	0.074074074074074	0.491090027111315	1	0	[32778843]
carbolines/pharmacology	vitamin e/pharmacology	0.0010636503730522	0.0023691137341409	0.074074074074074	0.491090027111315	1	0	[32778843]
cell proliferation/drug effects	cystine/antagonists &amp; inhibitors	1.90229000622821e-05	6.33368658790105e-05	0.037037037037037	0.491090027111315	1	0	[32778843]
cell proliferation/drug effects	dose-response relationship drug	0.0010636503730522	0.0023691137341409	0.074074074074074	0.491090027111315	1	0	[32778843,30420335]
cell proliferation/drug effects	folic acid antagonists/pharmacology	1.90229000622821e-05	6.33368658790105e-05	0.037037037037037	0.491090027111315	1	0	[32778843]
cell proliferation/drug effects	methotrexate/pharmacology	1.90229000622821e-05	6.33368658790105e-05	0.037037037037037	0.491090027111315	1	0	[32778843]
cell proliferation/drug effects	oxidative stress	0.0005390447313372	0.0013092376221759	0.074074074074074	0.491090027111315	1	0	[32778843]
cell proliferation/drug effects	phospholipid hydroperoxide glutathione peroxidase/antagonists &amp; inhibitors	1.90229000622821e-05	6.33368658790105e-05	0.037037037037037	0.491090027111315	1	0	[32778843]
cell proliferation/drug effects	piperazines/pharmacology	0.0005390447313372	0.0013092376221759	0.074074074074074	0.491090027111315	1	0	[32778843]
cell proliferation/drug effects	tetrahydrofolate dehydrogenase/genetics	1.90229000622821e-05	6.33368658790105e-05	0.037037037037037	0.491090027111315	1	0	[32778843]
cell proliferation/drug effects	vitamin e/pharmacology	1.90229000622821e-05	6.33368658790105e-05	0.037037037037037	0.491090027111315	1	0	[32778843]
cell proliferation/drug effects	IL17A	0.0060053206106562	0.0087908768007707	0.0869183494293239	0.5011717509037	1	1	[30420335]
cystine/antagonists &amp; inhibitors	dose-response relationship drug	0.0010636503730522	0.0023691137341409	0.074074074074074	0.491090027111315	1	0	[32778843]
cystine/antagonists &amp; inhibitors	folic acid antagonists/pharmacology	1.90229000622821e-05	6.33368658790105e-05	0.037037037037037	0.491090027111315	1	0	[32778843]
cystine/antagonists &amp; inhibitors	methotrexate/pharmacology	1.90229000622821e-05	6.33368658790105e-05	0.037037037037037	0.491090027111315	1	0	[32778843]
cystine/antagonists &amp; inhibitors	oxidative stress	0.0005390447313372	0.0013092376221759	0.074074074074074	0.491090027111315	1	0	[32778843]
cystine/antagonists &amp; inhibitors	phospholipid hydroperoxide glutathione peroxidase/antagonists &amp; inhibitors	1.90229000622821e-05	6.33368658790105e-05	0.037037037037037	0.491090027111315	1	0	[32778843]
cystine/antagonists &amp; inhibitors	piperazines/pharmacology	0.0005390447313372	0.0013092376221759	0.074074074074074	0.491090027111315	1	0	[32778843]
cystine/antagonists &amp; inhibitors	tetrahydrofolate dehydrogenase/genetics	1.90229000622821e-05	6.33368658790105e-05	0.037037037037037	0.491090027111315	1	0	[32778843]
cystine/antagonists &amp; inhibitors	vitamin e/pharmacology	1.90229000622821e-05	6.33368658790105e-05	0.037037037037037	0.491090027111315	1	0	[32778843]
dose-response relationship drug	folic acid antagonists/pharmacology	0.0010636503730522	0.0023691137341409	0.074074074074074	0.491090027111315	1	0	[32778843]
dose-response relationship drug	gene expression	5.14974610709151e-05	0.0001657520944568	0.074074074074074	0.491090027111315	1	0	[34717678]
dose-response relationship drug	inflammation mediators/antagonists &amp; inhibitors	5.14974610709151e-05	0.0001657520944568	0.074074074074074	0.491090027111315	1	0	[34717678]
dose-response relationship drug	lipopolysaccharides/toxicity	5.14974610709151e-05	0.0001657520944568	0.074074074074074	0.491090027111315	1	0	[34717678]
dose-response relationship drug	methotrexate/pharmacology	0.0010636503730522	0.0023691137341409	0.074074074074074	0.491090027111315	1	0	[32778843]
dose-response relationship drug	microglia/drug effects	5.14974610709151e-05	0.0001657520944568	0.074074074074074	0.491090027111315	1	0	[34717678]
dose-response relationship drug	nf-e2-related factor 2/biosynthesis	5.14974610709151e-05	0.0001657520944568	0.074074074074074	0.491090027111315	1	0	[34717678]
dose-response relationship drug	oxidative stress	0.0011968722590782	0.0020240640587102	0.0869183494293239	0.5011717509037	1	1	[32778843]
dose-response relationship drug	phospholipid hydroperoxide glutathione peroxidase/antagonists &amp; inhibitors	0.0010636503730522	0.0023691137341409	0.074074074074074	0.491090027111315	1	0	[32778843]
dose-response relationship drug	raw 264.7 cells	5.14974610709151e-05	0.0001657520944568	0.074074074074074	0.491090027111315	1	0	[34717678]
dose-response relationship drug	tetrahydrofolate dehydrogenase/genetics	0.0010636503730522	0.0023691137341409	0.074074074074074	0.491090027111315	1	0	[32778843]
dose-response relationship drug	vitamin e/pharmacology	0.0010636503730522	0.0023691137341409	0.074074074074074	0.491090027111315	1	0	[32778843]
dose-response relationship drug	piperazines/pharmacology	0.0011968722590782	0.0020240640587102	0.0869183494293239	0.5011717509037	1	1	[32778843]
CCK	dose-response relationship drug	0.0043931949900174	0.0067403472022652	0.111015566711769	0.583915496397244	1	2	[34717678]
folic acid antagonists/pharmacology	methotrexate/pharmacology	1.90229000622821e-05	6.33368658790105e-05	0.037037037037037	0.491090027111315	1	0	[32778843]
folic acid antagonists/pharmacology	oxidative stress	0.0005390447313372	0.0013092376221759	0.074074074074074	0.491090027111315	1	0	[32778843]
folic acid antagonists/pharmacology	phospholipid hydroperoxide glutathione peroxidase/antagonists &amp; inhibitors	1.90229000622821e-05	6.33368658790105e-05	0.037037037037037	0.491090027111315	1	0	[32778843]
folic acid antagonists/pharmacology	piperazines/pharmacology	0.0005390447313372	0.0013092376221759	0.074074074074074	0.491090027111315	1	0	[32778843]
folic acid antagonists/pharmacology	tetrahydrofolate dehydrogenase/genetics	1.90229000622821e-05	6.33368658790105e-05	0.037037037037037	0.491090027111315	1	0	[32778843]
folic acid antagonists/pharmacology	vitamin e/pharmacology	1.90229000622821e-05	6.33368658790105e-05	0.037037037037037	0.491090027111315	1	0	[32778843]
methotrexate/pharmacology	oxidative stress	0.0005390447313372	0.0013092376221759	0.074074074074074	0.491090027111315	1	0	[32778843]
methotrexate/pharmacology	phospholipid hydroperoxide glutathione peroxidase/antagonists &amp; inhibitors	1.90229000622821e-05	6.33368658790105e-05	0.037037037037037	0.491090027111315	1	0	[32778843]
methotrexate/pharmacology	piperazines/pharmacology	0.0005390447313372	0.0013092376221759	0.074074074074074	0.491090027111315	1	0	[32778843]
methotrexate/pharmacology	tetrahydrofolate dehydrogenase/genetics	1.90229000622821e-05	6.33368658790105e-05	0.037037037037037	0.491090027111315	1	0	[32778843]
methotrexate/pharmacology	vitamin e/pharmacology	1.90229000622821e-05	6.33368658790105e-05	0.037037037037037	0.491090027111315	1	0	[32778843]
ascorbic acid/pharmacology	oxidative stress	7.083931083951e-07	3.69485614090969e-06	0.074074074074074	0.491090027111315	1	0	[32686685]
CALR	oxidative stress	7.083931083951e-07	3.69485614090969e-06	0.074074074074074	0.491090027111315	1	0	[32686685]
calreticulin/metabolism	oxidative stress	7.083931083951e-07	3.69485614090969e-06	0.074074074074074	0.491090027111315	1	0	[32686685]
CYREN	oxidative stress	7.083931083951e-07	3.69485614090969e-06	0.074074074074074	0.491090027111315	1	0	[32686685]
neoplasms/diagnostic imaging	oxidative stress	7.083931083951e-07	3.69485614090969e-06	0.074074074074074	0.491090027111315	1	0	[32686685]
oxidative stress	phospholipid hydroperoxide glutathione peroxidase/antagonists &amp; inhibitors	0.0005390447313372	0.0013092376221759	0.074074074074074	0.491090027111315	1	0	[32778843]
oxidative stress	piperazines/pharmacology	6.29617067759991e-06	1.47514400936118e-05	0.0583845478489903	0.5011717509037	1	1	[32778843]
oxidative stress	t-lymphocytes cytotoxic/metabolism	7.083931083951e-07	3.69485614090969e-06	0.074074074074074	0.491090027111315	1	0	[32686685]
oxidative stress	tetrahydrofolate dehydrogenase/genetics	0.0005390447313372	0.0013092376221759	0.074074074074074	0.491090027111315	1	0	[32778843]
oxidative stress	vitamin e/pharmacology	0.0005390447313372	0.0013092376221759	0.074074074074074	0.491090027111315	1	0	[32778843]
phospholipid hydroperoxide glutathione peroxidase/antagonists &amp; inhibitors	piperazines/pharmacology	0.0005390447313372	0.0013092376221759	0.074074074074074	0.491090027111315	1	0	[32778843]
phospholipid hydroperoxide glutathione peroxidase/antagonists &amp; inhibitors	tetrahydrofolate dehydrogenase/genetics	1.90229000622821e-05	6.33368658790105e-05	0.037037037037037	0.491090027111315	1	0	[32778843]
phospholipid hydroperoxide glutathione peroxidase/antagonists &amp; inhibitors	vitamin e/pharmacology	1.90229000622821e-05	6.33368658790105e-05	0.037037037037037	0.491090027111315	1	0	[32778843]
glutathione	piperazines/pharmacology	7.083931083951e-07	3.69485614090969e-06	0.074074074074074	0.491090027111315	1	0	[34396451]
iron/blood	piperazines/pharmacology	7.083931083951e-07	3.69485614090969e-06	0.074074074074074	0.491090027111315	1	0	[34396451]
kidney	piperazines/pharmacology	7.083931083951e-07	3.69485614090969e-06	0.074074074074074	0.491090027111315	1	0	[34396451]
liver/pathology	piperazines/pharmacology	7.083931083951e-07	3.69485614090969e-06	0.074074074074074	0.491090027111315	1	0	[34396451]
malondialdehyde/blood	piperazines/pharmacology	7.083931083951e-07	3.69485614090969e-06	0.074074074074074	0.491090027111315	1	0	[34396451]
phospholipid hydroperoxide glutathione peroxidase	piperazines/pharmacology	7.083931083951e-07	3.69485614090969e-06	0.074074074074074	0.491090027111315	1	0	[34396451]
piperazines/pharmacology	spleen/pathology	7.083931083951e-07	3.69485614090969e-06	0.074074074074074	0.491090027111315	1	0	[34396451]
piperazines/pharmacology	tetrahydrofolate dehydrogenase/genetics	0.0005390447313372	0.0013092376221759	0.074074074074074	0.491090027111315	1	0	[32778843]
piperazines/pharmacology	vitamin e/pharmacology	0.0005390447313372	0.0013092376221759	0.074074074074074	0.491090027111315	1	0	[32778843]
tetrahydrofolate dehydrogenase/genetics	vitamin e/pharmacology	1.90229000622821e-05	6.33368658790105e-05	0.037037037037037	0.491090027111315	1	0	[32778843]
bone marrow/drug effects	drug interactions	0	0	0.037037037037037	0.491090027111315	1	0	[32134361]
bone marrow/drug effects	ileum/drug effects	0	0	0.037037037037037	0.491090027111315	1	0	[32134361]
bone marrow/drug effects	necroptosis/drug effects	0	0	0.037037037037037	0.491090027111315	1	0	[32134361]
bone marrow/drug effects	radiation-protective agents/pharmacology	0	0	0.037037037037037	0.491090027111315	1	0	[32134361]
bone marrow/drug effects	small molecule libraries/pharmacology	0	0	0.037037037037037	0.491090027111315	1	0	[32134361]
drug interactions	ileum/drug effects	0	0	0.037037037037037	0.491090027111315	1	0	[32134361]
drug interactions	necroptosis/drug effects	0	0	0.037037037037037	0.491090027111315	1	0	[32134361]
drug interactions	radiation-protective agents/pharmacology	0	0	0.037037037037037	0.491090027111315	1	0	[32134361]
drug interactions	small molecule libraries/pharmacology	0	0	0.037037037037037	0.491090027111315	1	0	[32134361]
ileum/drug effects	necroptosis/drug effects	0	0	0.037037037037037	0.491090027111315	1	0	[32134361]
ileum/drug effects	radiation-protective agents/pharmacology	0	0	0.037037037037037	0.491090027111315	1	0	[32134361]
ileum/drug effects	small molecule libraries/pharmacology	0	0	0.037037037037037	0.491090027111315	1	0	[32134361]
necroptosis/drug effects	radiation-protective agents/pharmacology	0	0	0.037037037037037	0.491090027111315	1	0	[32134361]
necroptosis/drug effects	small molecule libraries/pharmacology	0	0	0.037037037037037	0.491090027111315	1	0	[32134361]
radiation-protective agents/pharmacology	small molecule libraries/pharmacology	0	0	0.037037037037037	0.491090027111315	1	0	[32134361]
asparaginase	TP53	0.0015313968527381	0.0033542680309219	0.111111111111111	0.491090027111315	1	0	[35778693]
ASPG	TP53	0.0015313968527381	0.0033542680309219	0.111111111111111	0.491090027111315	1	0	[35778693]
cisplatin	TP53	0.0015313968527381	0.0033542680309219	0.111111111111111	0.491090027111315	1	0	[35778693]
diterpenes/pharmacology	TP53	0.0015313968527381	0.0033542680309219	0.111111111111111	0.491090027111315	1	0	[35778693]
ferritins/blood	TP53	0.0005854784028423	0.0014113776959625	0.111111111111111	0.491090027111315	1	0	[31980600]
genetic variation	TP53	0.0005854784028423	0.0014113776959625	0.111111111111111	0.491090027111315	1	0	[31980600]
hemeproteins/toxicity	TP53	0.0005854784028423	0.0014113776959625	0.111111111111111	0.491090027111315	1	0	[31980600]
killer cells natural/metabolism	TP53	0.0015313968527381	0.0033542680309219	0.111111111111111	0.491090027111315	1	0	[35778693]
listeriosis/etiology	TP53	0.0005854784028423	0.0014113776959625	0.111111111111111	0.491090027111315	1	0	[31980600]
liver x receptors/agonists	TP53	0.0005854784028423	0.0014113776959625	0.111111111111111	0.491090027111315	1	0	[31980600]
lymphoma t-cell	TP53	0.0015313968527381	0.0033542680309219	0.111111111111111	0.491090027111315	1	0	[35778693]
malaria/genetics	TP53	0.0005854784028423	0.0014113776959625	0.111111111111111	0.491090027111315	1	0	[31980600]
NLRP1	TP53	0.0015313968527381	0.0033542680309219	0.111111111111111	0.491090027111315	1	0	[35778693]
TF	TP53	0.0005854784028423	0.0014113776959625	0.111111111111111	0.491090027111315	1	0	[31980600]
TP53	transferrin/metabolism	0.0005854784028423	0.0014113776959625	0.111111111111111	0.491090027111315	1	0	[31980600]
TP53	tumor suppressor protein p53/genetics	0.0005854784028423	0.0014113776959625	0.111111111111111	0.491090027111315	1	0	[31980600]
TP53	tumor suppressor protein p53/metabolism	2.06541913160274e-05	6.82199940962181e-05	0.0085470085470085	0.178864212567384	2	0	[33547170,35778693,39321806]
TP53	XK	0.0015313968527381	0.0033542680309219	0.111111111111111	0.491090027111315	1	0	[35778693]
interleukins/metabolism	TP53	0.0003423603083223	0.0006229236683793	0.0735294117647058	0.5011717509037	1	1	[39321806]
TP53	tumor escape/immunology	0.0003423603083223	0.0006229236683793	0.0735294117647058	0.5011717509037	1	1	[39321806]
liver neoplasms/immunology	TP53	0.0003423603083223	0.0006229236683793	0.0735294117647058	0.5011717509037	1	1	[39321806]
cellular reprogramming/immunology	TP53	0.0003423603083223	0.0006229236683793	0.0735294117647058	0.5011717509037	1	1	[39321806]
neoplastic stem cells/immunology	TP53	0.0003423603083223	0.0006229236683793	0.0735294117647058	0.5011717509037	1	1	[39321806]
IL34	TP53	0.0003423603083223	0.0006229236683793	0.0735294117647058	0.5011717509037	1	1	[39321806]
asparaginase	tumor suppressor protein p53/metabolism	0.0001430031506204	0.0004284185297513	0.074074074074074	0.491090027111315	1	0	[35778693]
ASPG	tumor suppressor protein p53/metabolism	0.0001430031506204	0.0004284185297513	0.074074074074074	0.491090027111315	1	0	[35778693]
cisplatin	tumor suppressor protein p53/metabolism	0.0001430031506204	0.0004284185297513	0.074074074074074	0.491090027111315	1	0	[35778693]
diterpenes/pharmacology	tumor suppressor protein p53/metabolism	0.0001430031506204	0.0004284185297513	0.074074074074074	0.491090027111315	1	0	[35778693]
killer cells natural/metabolism	tumor suppressor protein p53/metabolism	0.0001430031506204	0.0004284185297513	0.074074074074074	0.491090027111315	1	0	[35778693]
lymphoma t-cell	tumor suppressor protein p53/metabolism	0.0001430031506204	0.0004284185297513	0.074074074074074	0.491090027111315	1	0	[35778693]
NLRP1	tumor suppressor protein p53/metabolism	0.0001430031506204	0.0004284185297513	0.074074074074074	0.491090027111315	1	0	[35778693]
tumor suppressor protein p53/metabolism	XK	0.0001430031506204	0.0004284185297513	0.074074074074074	0.491090027111315	1	0	[35778693]
interleukins/metabolism	tumor suppressor protein p53/metabolism	1.32765106688471e-05	2.99693706972053e-05	0.0441176470588235	0.5011717509037	1	1	[39321806]
tumor escape/immunology	tumor suppressor protein p53/metabolism	1.32765106688471e-05	2.99693706972053e-05	0.0441176470588235	0.5011717509037	1	1	[39321806]
liver neoplasms/immunology	tumor suppressor protein p53/metabolism	1.32765106688471e-05	2.99693706972053e-05	0.0441176470588235	0.5011717509037	1	1	[39321806]
cellular reprogramming/immunology	tumor suppressor protein p53/metabolism	1.32765106688471e-05	2.99693706972053e-05	0.0441176470588235	0.5011717509037	1	1	[39321806]
neoplastic stem cells/immunology	tumor suppressor protein p53/metabolism	1.32765106688471e-05	2.99693706972053e-05	0.0441176470588235	0.5011717509037	1	1	[39321806]
IL34	tumor suppressor protein p53/metabolism	1.32765106688471e-05	2.99693706972053e-05	0.0441176470588235	0.5011717509037	1	1	[39321806]
CCK	tumor suppressor protein p53/metabolism	0.005548883149006	0.0082217997785665	0.1284220608189	0.5011717509037	1	1	[35778693]
ascorbic acid/pharmacology	CALR	0	0	0.037037037037037	0.491090027111315	1	0	[32686685]
ascorbic acid/pharmacology	calreticulin/metabolism	0	0	0.037037037037037	0.491090027111315	1	0	[32686685]
ascorbic acid/pharmacology	CYREN	0	0	0.037037037037037	0.491090027111315	1	0	[32686685]
ascorbic acid/pharmacology	neoplasms/diagnostic imaging	0	0	0.037037037037037	0.491090027111315	1	0	[32686685]
ascorbic acid/pharmacology	t-lymphocytes cytotoxic/metabolism	0	0	0.037037037037037	0.491090027111315	1	0	[32686685]
CALR	calreticulin/metabolism	0	0	0.037037037037037	0.491090027111315	1	0	[32686685]
CALR	CYREN	0	0	0.037037037037037	0.491090027111315	1	0	[32686685]
CALR	neoplasms/diagnostic imaging	0	0	0.037037037037037	0.491090027111315	1	0	[32686685]
CALR	t-lymphocytes cytotoxic/metabolism	0	0	0.037037037037037	0.491090027111315	1	0	[32686685]
calreticulin/metabolism	CYREN	0	0	0.037037037037037	0.491090027111315	1	0	[32686685]
calreticulin/metabolism	neoplasms/diagnostic imaging	0	0	0.037037037037037	0.491090027111315	1	0	[32686685]
calreticulin/metabolism	t-lymphocytes cytotoxic/metabolism	0	0	0.037037037037037	0.491090027111315	1	0	[32686685]
CYREN	neoplasms/diagnostic imaging	0	0	0.037037037037037	0.491090027111315	1	0	[32686685]
CYREN	t-lymphocytes cytotoxic/metabolism	0	0	0.037037037037037	0.491090027111315	1	0	[32686685]
neoplasms/diagnostic imaging	t-lymphocytes cytotoxic/metabolism	0	0	0.037037037037037	0.491090027111315	1	0	[32686685]
asparaginase	ASPG	3.10419946414342e-08	1.77908664941026e-07	0.037037037037037	0.491090027111315	1	0	[35778693]
asparaginase	CCK	5.6844185756133e-05	0.0001786003669477	0.074074074074074	0.491090027111315	1	0	[35778693]
asparaginase	cisplatin	3.10419946414342e-08	1.77908664941026e-07	0.037037037037037	0.491090027111315	1	0	[35778693]
asparaginase	diterpenes/pharmacology	3.10419946414342e-08	1.77908664941026e-07	0.037037037037037	0.491090027111315	1	0	[35778693]
asparaginase	killer cells natural/metabolism	3.10419946414342e-08	1.77908664941026e-07	0.037037037037037	0.491090027111315	1	0	[35778693]
asparaginase	lymphoma t-cell	3.10419946414342e-08	1.77908664941026e-07	0.037037037037037	0.491090027111315	1	0	[35778693]
asparaginase	NLRP1	3.10419946414342e-08	1.77908664941026e-07	0.037037037037037	0.491090027111315	1	0	[35778693]
asparaginase	XK	3.10419946414342e-08	1.77908664941026e-07	0.037037037037037	0.491090027111315	1	0	[35778693]
ASPG	CCK	5.6844185756133e-05	0.0001786003669477	0.074074074074074	0.491090027111315	1	0	[35778693]
ASPG	cisplatin	3.10419946414342e-08	1.77908664941026e-07	0.037037037037037	0.491090027111315	1	0	[35778693]
ASPG	diterpenes/pharmacology	3.10419946414342e-08	1.77908664941026e-07	0.037037037037037	0.491090027111315	1	0	[35778693]
ASPG	killer cells natural/metabolism	3.10419946414342e-08	1.77908664941026e-07	0.037037037037037	0.491090027111315	1	0	[35778693]
ASPG	lymphoma t-cell	3.10419946414342e-08	1.77908664941026e-07	0.037037037037037	0.491090027111315	1	0	[35778693]
ASPG	NLRP1	3.10419946414342e-08	1.77908664941026e-07	0.037037037037037	0.491090027111315	1	0	[35778693]
ASPG	XK	3.10419946414342e-08	1.77908664941026e-07	0.037037037037037	0.491090027111315	1	0	[35778693]
CCK	cisplatin	5.6844185756133e-05	0.0001786003669477	0.074074074074074	0.491090027111315	1	0	[35778693]
CCK	diterpenes/pharmacology	5.6844185756133e-05	0.0001786003669477	0.074074074074074	0.491090027111315	1	0	[35778693]
CCK	gene expression	1.29861397354381e-05	5.27448252559809e-05	0.074074074074074	0.491090027111315	1	0	[34717678]
CCK	inflammation mediators/antagonists &amp; inhibitors	1.29861397354381e-05	5.27448252559809e-05	0.074074074074074	0.491090027111315	1	0	[34717678]
CCK	killer cells natural/metabolism	5.6844185756133e-05	0.0001786003669477	0.074074074074074	0.491090027111315	1	0	[35778693]
CCK	lipopolysaccharides/toxicity	1.29861397354381e-05	5.27448252559809e-05	0.074074074074074	0.491090027111315	1	0	[34717678]
CCK	lymphoma t-cell	5.6844185756133e-05	0.0001786003669477	0.074074074074074	0.491090027111315	1	0	[35778693]
CCK	microglia/drug effects	1.29861397354381e-05	5.27448252559809e-05	0.074074074074074	0.491090027111315	1	0	[34717678]
CCK	nf-e2-related factor 2/biosynthesis	1.29861397354381e-05	5.27448252559809e-05	0.074074074074074	0.491090027111315	1	0	[34717678]
CCK	NLRP1	5.6844185756133e-05	0.0001786003669477	0.074074074074074	0.491090027111315	1	0	[35778693]
CCK	raw 264.7 cells	1.29861397354381e-05	5.27448252559809e-05	0.074074074074074	0.491090027111315	1	0	[34717678]
CCK	XK	5.6844185756133e-05	0.0001786003669477	0.074074074074074	0.491090027111315	1	0	[35778693]
cisplatin	diterpenes/pharmacology	3.10419946414342e-08	1.77908664941026e-07	0.037037037037037	0.491090027111315	1	0	[35778693]
cisplatin	killer cells natural/metabolism	3.10419946414342e-08	1.77908664941026e-07	0.037037037037037	0.491090027111315	1	0	[35778693]
cisplatin	lymphoma t-cell	3.10419946414342e-08	1.77908664941026e-07	0.037037037037037	0.491090027111315	1	0	[35778693]
cisplatin	NLRP1	3.10419946414342e-08	1.77908664941026e-07	0.037037037037037	0.491090027111315	1	0	[35778693]
cisplatin	XK	3.10419946414342e-08	1.77908664941026e-07	0.037037037037037	0.491090027111315	1	0	[35778693]
diterpenes/pharmacology	killer cells natural/metabolism	3.10419946414342e-08	1.77908664941026e-07	0.037037037037037	0.491090027111315	1	0	[35778693]
diterpenes/pharmacology	lymphoma t-cell	3.10419946414342e-08	1.77908664941026e-07	0.037037037037037	0.491090027111315	1	0	[35778693]
diterpenes/pharmacology	NLRP1	3.10419946414342e-08	1.77908664941026e-07	0.037037037037037	0.491090027111315	1	0	[35778693]
diterpenes/pharmacology	XK	3.10419946414342e-08	1.77908664941026e-07	0.037037037037037	0.491090027111315	1	0	[35778693]
killer cells natural/metabolism	lymphoma t-cell	3.10419946414342e-08	1.77908664941026e-07	0.037037037037037	0.491090027111315	1	0	[35778693]
killer cells natural/metabolism	NLRP1	3.10419946414342e-08	1.77908664941026e-07	0.037037037037037	0.491090027111315	1	0	[35778693]
killer cells natural/metabolism	XK	3.10419946414342e-08	1.77908664941026e-07	0.037037037037037	0.491090027111315	1	0	[35778693]
lymphoma t-cell	NLRP1	3.10419946414342e-08	1.77908664941026e-07	0.037037037037037	0.491090027111315	1	0	[35778693]
lymphoma t-cell	XK	3.10419946414342e-08	1.77908664941026e-07	0.037037037037037	0.491090027111315	1	0	[35778693]
NLRP1	XK	3.10419946414342e-08	1.77908664941026e-07	0.037037037037037	0.491090027111315	1	0	[35778693]
b-lymphocytes/metabolism	BBS9	6.77236045021345e-15	2.3951030860511e-13	0.037037037037037	0.491090027111315	1	0	[31775041]
b-lymphocytes/metabolism	BDKRB2	6.77236045021345e-15	2.3951030860511e-13	0.037037037037037	0.491090027111315	1	0	[31775041]
b-lymphocytes/metabolism	cytoskeletal proteins/metabolism	6.77236045021345e-15	2.3951030860511e-13	0.037037037037037	0.491090027111315	1	0	[31775041]
b-lymphocytes/metabolism	glutathione peroxidase/therapeutic use	6.77236045021345e-15	2.3951030860511e-13	0.037037037037037	0.491090027111315	1	0	[31775041]
b-lymphocytes/metabolism	MS4A1	6.77236045021345e-15	2.3951030860511e-13	0.037037037037037	0.491090027111315	1	0	[31775041]
b-lymphocytes/metabolism	PLEKHM1	6.77236045021345e-15	2.3951030860511e-13	0.037037037037037	0.491090027111315	1	0	[31775041]
b-lymphocytes/metabolism	SPANXB1	6.77236045021345e-15	2.3951030860511e-13	0.037037037037037	0.491090027111315	1	0	[31775041]
BBS9	BDKRB2	6.77236045021345e-15	2.3951030860511e-13	0.037037037037037	0.491090027111315	1	0	[31775041]
BBS9	cytoskeletal proteins/metabolism	6.77236045021345e-15	2.3951030860511e-13	0.037037037037037	0.491090027111315	1	0	[31775041]
BBS9	glutathione peroxidase/therapeutic use	6.77236045021345e-15	2.3951030860511e-13	0.037037037037037	0.491090027111315	1	0	[31775041]
BBS9	MS4A1	6.77236045021345e-15	2.3951030860511e-13	0.037037037037037	0.491090027111315	1	0	[31775041]
BBS9	PLEKHM1	6.77236045021345e-15	2.3951030860511e-13	0.037037037037037	0.491090027111315	1	0	[31775041]
BBS9	SPANXB1	6.77236045021345e-15	2.3951030860511e-13	0.037037037037037	0.491090027111315	1	0	[31775041]
BDKRB2	cytoskeletal proteins/metabolism	6.77236045021345e-15	2.3951030860511e-13	0.037037037037037	0.491090027111315	1	0	[31775041]
BDKRB2	glutathione peroxidase/therapeutic use	6.77236045021345e-15	2.3951030860511e-13	0.037037037037037	0.491090027111315	1	0	[31775041]
BDKRB2	MS4A1	6.77236045021345e-15	2.3951030860511e-13	0.037037037037037	0.491090027111315	1	0	[31775041]
BDKRB2	PLEKHM1	6.77236045021345e-15	2.3951030860511e-13	0.037037037037037	0.491090027111315	1	0	[31775041]
BDKRB2	SPANXB1	6.77236045021345e-15	2.3951030860511e-13	0.037037037037037	0.491090027111315	1	0	[31775041]
cytoskeletal proteins/metabolism	glutathione peroxidase/therapeutic use	6.77236045021345e-15	2.3951030860511e-13	0.037037037037037	0.491090027111315	1	0	[31775041]
cytoskeletal proteins/metabolism	MS4A1	6.77236045021345e-15	2.3951030860511e-13	0.037037037037037	0.491090027111315	1	0	[31775041]
cytoskeletal proteins/metabolism	PLEKHM1	6.77236045021345e-15	2.3951030860511e-13	0.037037037037037	0.491090027111315	1	0	[31775041]
cytoskeletal proteins/metabolism	SPANXB1	6.77236045021345e-15	2.3951030860511e-13	0.037037037037037	0.491090027111315	1	0	[31775041]
glutathione peroxidase/therapeutic use	MS4A1	6.77236045021345e-15	2.3951030860511e-13	0.037037037037037	0.491090027111315	1	0	[31775041]
glutathione peroxidase/therapeutic use	PLEKHM1	6.77236045021345e-15	2.3951030860511e-13	0.037037037037037	0.491090027111315	1	0	[31775041]
glutathione peroxidase/therapeutic use	SPANXB1	6.77236045021345e-15	2.3951030860511e-13	0.037037037037037	0.491090027111315	1	0	[31775041]
MS4A1	PLEKHM1	6.77236045021345e-15	2.3951030860511e-13	0.037037037037037	0.491090027111315	1	0	[31775041]
MS4A1	SPANXB1	6.77236045021345e-15	2.3951030860511e-13	0.037037037037037	0.491090027111315	1	0	[31775041]
PLEKHM1	SPANXB1	6.77236045021345e-15	2.3951030860511e-13	0.037037037037037	0.491090027111315	1	0	[31775041]
bacterial toxins/metabolism	cells cultured	0.0038613323464813	0.0078913768885101	0.074074074074074	0.491090027111315	1	0	[35197507]
bacterial toxins/metabolism	endothelial cells/metabolism	0.0005241692955735	0.0012925943513292	0.037037037037037	0.491090027111315	1	0	[35197507]
bacterial toxins/metabolism	FTH1	0.0005241692955735	0.0012925943513292	0.037037037037037	0.491090027111315	1	0	[35197507]
bacterial toxins/metabolism	heart ventricles/diagnostic imaging	0.0005241692955735	0.0012925943513292	0.037037037037037	0.491090027111315	1	0	[35197507]
bacterial toxins/metabolism	hemodynamics/drug effects	0.0005241692955735	0.0012925943513292	0.037037037037037	0.491090027111315	1	0	[35197507]
bacterial toxins/metabolism	hmgb1 protein/metabolism	0.0005241692955735	0.0012925943513292	0.037037037037037	0.491090027111315	1	0	[35197507]
bacterial toxins/metabolism	hypertension pulmonary/chemically induced	0.0005241692955735	0.0012925943513292	0.037037037037037	0.491090027111315	1	0	[35197507]
bacterial toxins/metabolism	inflammasomes/metabolism	0.0005241692955735	0.0012925943513292	0.037037037037037	0.491090027111315	1	0	[35197507]
bacterial toxins/metabolism	inflammation/metabolism	0.0005241692955735	0.0012925943513292	0.037037037037037	0.491090027111315	1	0	[35197507]
bacterial toxins/metabolism	lung/blood supply	0.0005241692955735	0.0012925943513292	0.037037037037037	0.491090027111315	1	0	[35197507]
bacterial toxins/metabolism	macrophages/metabolism	0.0005241692955735	0.0012925943513292	0.037037037037037	0.491090027111315	1	0	[35197507]
bacterial toxins/metabolism	monocrotaline/toxicity	0.0005241692955735	0.0012925943513292	0.037037037037037	0.491090027111315	1	0	[35197507]
bacterial toxins/metabolism	nlr family pyrin domain-containing 3 protein/metabolism	0.0005241692955735	0.0012925943513292	0.037037037037037	0.491090027111315	1	0	[35197507]
bacterial toxins/metabolism	NLRP3	0.0005241692955735	0.0012925943513292	0.037037037037037	0.491090027111315	1	0	[35197507]
bacterial toxins/metabolism	NOX4	0.0005241692955735	0.0012925943513292	0.037037037037037	0.491090027111315	1	0	[35197507]
bacterial toxins/metabolism	toll-like receptor 4/metabolism	0.0005241692955735	0.0012925943513292	0.037037037037037	0.491090027111315	1	0	[35197507]
cells cultured	endothelial cells/metabolism	0.0038613323464813	0.0078913768885101	0.074074074074074	0.491090027111315	1	0	[35197507]
cells cultured	FTH1	0.0038613323464813	0.0078913768885101	0.074074074074074	0.491090027111315	1	0	[35197507]
cells cultured	heart ventricles/diagnostic imaging	0.0038613323464813	0.0078913768885101	0.074074074074074	0.491090027111315	1	0	[35197507]
cells cultured	hemodynamics/drug effects	0.0038613323464813	0.0078913768885101	0.074074074074074	0.491090027111315	1	0	[35197507]
cells cultured	hmgb1 protein/metabolism	0.0038613323464813	0.0078913768885101	0.074074074074074	0.491090027111315	1	0	[35197507]
cells cultured	host-pathogen interactions	3.85253685275533e-06	1.84058597578096e-05	0.074074074074074	0.491090027111315	1	0	[30787033]
cells cultured	hypertension pulmonary/chemically induced	0.0038613323464813	0.0078913768885101	0.074074074074074	0.491090027111315	1	0	[35197507]
cells cultured	inflammasomes/metabolism	0.0038613323464813	0.0078913768885101	0.074074074074074	0.491090027111315	1	0	[35197507]
cells cultured	inflammation/metabolism	0.0038613323464813	0.0078913768885101	0.074074074074074	0.491090027111315	1	0	[35197507]
cells cultured	iron chelating agents/pharmacology	3.85253685275533e-06	1.84058597578096e-05	0.074074074074074	0.491090027111315	1	0	[30787033]
cells cultured	lung/blood supply	0.0038613323464813	0.0078913768885101	0.074074074074074	0.491090027111315	1	0	[35197507]
cells cultured	macrophages/metabolism	0.0038613323464813	0.0078913768885101	0.074074074074074	0.491090027111315	1	0	[35197507,32359100]
cells cultured	monocrotaline/toxicity	0.0038613323464813	0.0078913768885101	0.074074074074074	0.491090027111315	1	0	[35197507]
cells cultured	nlr family pyrin domain-containing 3 protein/metabolism	0.0038613323464813	0.0078913768885101	0.074074074074074	0.491090027111315	1	0	[35197507]
cells cultured	NLRP3	0.0038613323464813	0.0078913768885101	0.074074074074074	0.491090027111315	1	0	[35197507]
cells cultured	NOX4	0.0038613323464813	0.0078913768885101	0.074074074074074	0.491090027111315	1	0	[35197507]
cells cultured	toll-like receptor 4/metabolism	0.0038613323464813	0.0078913768885101	0.074074074074074	0.491090027111315	1	0	[35197507]
cells cultured	tuberculosis/metabolism	3.85253685275533e-06	1.84058597578096e-05	0.074074074074074	0.491090027111315	1	0	[30787033]
cells cultured	tumor microenvironment/physiology	0.0026427423852313	0.0041792883219225	0.1284220608189	0.5011717509037	1	1	[32359100]
cells cultured	receptors transferrin/metabolism	0.0003409283625428	0.0006456625492638	0.0759493670886075	0.583915496397244	1	2	[39276841]
cells cultured	selenomethionine/pharmacology	2.37926076995798e-06	5.93969919123585e-06	0.0759493670886075	0.583915496397244	1	2	[39700767]
cells cultured	chondrocytes/drug effects	2.37926076995798e-06	5.93969919123585e-06	0.0759493670886075	0.583915496397244	1	2	[39700767]
cells cultured	spiral ganglion/drug effects	0.0003409283625428	0.0006456625492638	0.0759493670886075	0.583915496397244	1	2	[39276841]
cells cultured	neurons/drug effects	2.99760523174708e-05	6.7344030797187e-05	0.0140998242264065	0.260219474110676	2	2	[39276841,40570981]
cells cultured	selenium/chemistry	1.48402254929181e-08	4.39764804577451e-08	0.0759493670886075	0.583915496397244	1	2	[40570981]
cartilage articular/drug effects	cells cultured	2.37926076995798e-06	5.93969919123585e-06	0.0759493670886075	0.583915496397244	1	2	[39700767]
cells cultured	t-2 toxin/toxicity	2.37926076995798e-06	5.93969919123585e-06	0.0759493670886075	0.583915496397244	1	2	[39700767]
cells cultured	organometallic compounds/toxicity	0.0003409283625428	0.0006456625492638	0.0759493670886075	0.583915496397244	1	2	[39276841]
endothelial cells/metabolism	FTH1	0.0005241692955735	0.0012925943513292	0.037037037037037	0.491090027111315	1	0	[35197507]
endothelial cells/metabolism	heart ventricles/diagnostic imaging	0.0005241692955735	0.0012925943513292	0.037037037037037	0.491090027111315	1	0	[35197507]
endothelial cells/metabolism	hemodynamics/drug effects	0.0005241692955735	0.0012925943513292	0.037037037037037	0.491090027111315	1	0	[35197507]
endothelial cells/metabolism	hmgb1 protein/metabolism	0.0005241692955735	0.0012925943513292	0.037037037037037	0.491090027111315	1	0	[35197507]
endothelial cells/metabolism	hypertension pulmonary/chemically induced	0.0005241692955735	0.0012925943513292	0.037037037037037	0.491090027111315	1	0	[35197507]
endothelial cells/metabolism	inflammasomes/metabolism	0.0005241692955735	0.0012925943513292	0.037037037037037	0.491090027111315	1	0	[35197507]
endothelial cells/metabolism	inflammation/metabolism	0.0005241692955735	0.0012925943513292	0.037037037037037	0.491090027111315	1	0	[35197507]
endothelial cells/metabolism	lung/blood supply	0.0005241692955735	0.0012925943513292	0.037037037037037	0.491090027111315	1	0	[35197507]
endothelial cells/metabolism	macrophages/metabolism	0.0005241692955735	0.0012925943513292	0.037037037037037	0.491090027111315	1	0	[35197507]
endothelial cells/metabolism	monocrotaline/toxicity	0.0005241692955735	0.0012925943513292	0.037037037037037	0.491090027111315	1	0	[35197507]
endothelial cells/metabolism	nlr family pyrin domain-containing 3 protein/metabolism	0.0005241692955735	0.0012925943513292	0.037037037037037	0.491090027111315	1	0	[35197507]
endothelial cells/metabolism	NLRP3	0.0005241692955735	0.0012925943513292	0.037037037037037	0.491090027111315	1	0	[35197507]
endothelial cells/metabolism	NOX4	0.0005241692955735	0.0012925943513292	0.037037037037037	0.491090027111315	1	0	[35197507]
endothelial cells/metabolism	toll-like receptor 4/metabolism	0.0005241692955735	0.0012925943513292	0.037037037037037	0.491090027111315	1	0	[35197507]
FTH1	heart ventricles/diagnostic imaging	0.0005241692955735	0.0012925943513292	0.037037037037037	0.491090027111315	1	0	[35197507]
FTH1	hemodynamics/drug effects	0.0005241692955735	0.0012925943513292	0.037037037037037	0.491090027111315	1	0	[35197507]
FTH1	hmgb1 protein/metabolism	0.0005241692955735	0.0012925943513292	0.037037037037037	0.491090027111315	1	0	[35197507]
FTH1	hypertension pulmonary/chemically induced	0.0005241692955735	0.0012925943513292	0.037037037037037	0.491090027111315	1	0	[35197507]
FTH1	inflammasomes/metabolism	0.0005241692955735	0.0012925943513292	0.037037037037037	0.491090027111315	1	0	[35197507]
FTH1	inflammation/metabolism	0.0005241692955735	0.0012925943513292	0.037037037037037	0.491090027111315	1	0	[35197507]
FTH1	lung/blood supply	0.0005241692955735	0.0012925943513292	0.037037037037037	0.491090027111315	1	0	[35197507]
FTH1	macrophages/metabolism	0.0005241692955735	0.0012925943513292	0.037037037037037	0.491090027111315	1	0	[35197507]
FTH1	monocrotaline/toxicity	0.0005241692955735	0.0012925943513292	0.037037037037037	0.491090027111315	1	0	[35197507]
FTH1	nlr family pyrin domain-containing 3 protein/metabolism	0.0005241692955735	0.0012925943513292	0.037037037037037	0.491090027111315	1	0	[35197507]
FTH1	NLRP3	0.0005241692955735	0.0012925943513292	0.037037037037037	0.491090027111315	1	0	[35197507]
FTH1	NOX4	0.0005241692955735	0.0012925943513292	0.037037037037037	0.491090027111315	1	0	[35197507]
FTH1	toll-like receptor 4/metabolism	0.0005241692955735	0.0012925943513292	0.037037037037037	0.491090027111315	1	0	[35197507]
cyclohexylamines	FTH1	0.0008333945947497	0.0014817737558135	0.0632911392405063	0.583915496397244	1	2	[39212400]
FTH1	leydig cells/metabolism	0.0008333945947497	0.0014817737558135	0.0632911392405063	0.583915496397244	1	2	[39212400]
aging/metabolism	FTH1	0.00035789357283	0.0006718090504156	0.0632911392405063	0.583915496397244	1	2	[40724917]
FTH1	superoxide dismutase/metabolism	0.0008333945947497	0.0014817737558135	0.0632911392405063	0.583915496397244	1	2	[39212400]
antioxidants/metabolism	FTH1	0.00035789357283	0.0006718090504156	0.0632911392405063	0.583915496397244	1	2	[40724917]
FTH1	neurons/metabolism	0.00035789357283	0.0006718090504156	0.0632911392405063	0.583915496397244	1	2	[40724917]
folic acid/pharmacology	FTH1	0.00035789357283	0.0006718090504156	0.0632911392405063	0.583915496397244	1	2	[40724917]
chalcones/toxicity	FTH1	0.000119586480872	0.0002380828657125	0.0632911392405063	0.583915496397244	1	2	[38581191]
FTH1	testosterone	0.0008333945947497	0.0014817737558135	0.0632911392405063	0.583915496397244	1	2	[39212400]
FTH1	phenylenediamines	0.0008333945947497	0.0014817737558135	0.0632911392405063	0.583915496397244	1	2	[39212400]
embryo nonmammalian/drug effects	FTH1	0.000119586480872	0.0002380828657125	0.0632911392405063	0.583915496397244	1	2	[38581191]
cystine/metabolism	FTH1	0.00035789357283	0.0006718090504156	0.0632911392405063	0.583915496397244	1	2	[40724917]
drugs chinese herbal/pharmacology	FTH1	0.0008333945947497	0.0014817737558135	0.0632911392405063	0.583915496397244	1	2	[39212400]
FTH1	hydrogen peroxide	0.0008333945947497	0.0014817737558135	0.0632911392405063	0.583915496397244	1	2	[39212400]
FTH1	membrane potential mitochondrial/drug effects	0.000119586480872	0.0002380828657125	0.0632911392405063	0.583915496397244	1	2	[38581191]
chemical and drug induced liver injury/metabolism	FTH1	0.000119586480872	0.0002380828657125	0.0632911392405063	0.583915496397244	1	2	[38581191]
ATP8A2	FTH1	0.000119586480872	0.0002380828657125	0.0632911392405063	0.583915496397244	1	2	[38581191]
FTH1	TPM3	0.0008333945947497	0.0014817737558135	0.0632911392405063	0.583915496397244	1	2	[39212400]
heart ventricles/diagnostic imaging	hemodynamics/drug effects	0.0005241692955735	0.0012925943513292	0.037037037037037	0.491090027111315	1	0	[35197507]
heart ventricles/diagnostic imaging	hmgb1 protein/metabolism	0.0005241692955735	0.0012925943513292	0.037037037037037	0.491090027111315	1	0	[35197507]
heart ventricles/diagnostic imaging	hypertension pulmonary/chemically induced	0.0005241692955735	0.0012925943513292	0.037037037037037	0.491090027111315	1	0	[35197507]
heart ventricles/diagnostic imaging	inflammasomes/metabolism	0.0005241692955735	0.0012925943513292	0.037037037037037	0.491090027111315	1	0	[35197507]
heart ventricles/diagnostic imaging	inflammation/metabolism	0.0005241692955735	0.0012925943513292	0.037037037037037	0.491090027111315	1	0	[35197507]
heart ventricles/diagnostic imaging	lung/blood supply	0.0005241692955735	0.0012925943513292	0.037037037037037	0.491090027111315	1	0	[35197507]
heart ventricles/diagnostic imaging	macrophages/metabolism	0.0005241692955735	0.0012925943513292	0.037037037037037	0.491090027111315	1	0	[35197507]
heart ventricles/diagnostic imaging	monocrotaline/toxicity	0.0005241692955735	0.0012925943513292	0.037037037037037	0.491090027111315	1	0	[35197507]
heart ventricles/diagnostic imaging	nlr family pyrin domain-containing 3 protein/metabolism	0.0005241692955735	0.0012925943513292	0.037037037037037	0.491090027111315	1	0	[35197507]
heart ventricles/diagnostic imaging	NLRP3	0.0005241692955735	0.0012925943513292	0.037037037037037	0.491090027111315	1	0	[35197507]
heart ventricles/diagnostic imaging	NOX4	0.0005241692955735	0.0012925943513292	0.037037037037037	0.491090027111315	1	0	[35197507]
heart ventricles/diagnostic imaging	toll-like receptor 4/metabolism	0.0005241692955735	0.0012925943513292	0.037037037037037	0.491090027111315	1	0	[35197507]
hemodynamics/drug effects	hmgb1 protein/metabolism	0.0005241692955735	0.0012925943513292	0.037037037037037	0.491090027111315	1	0	[35197507]
hemodynamics/drug effects	hypertension pulmonary/chemically induced	0.0005241692955735	0.0012925943513292	0.037037037037037	0.491090027111315	1	0	[35197507]
hemodynamics/drug effects	inflammasomes/metabolism	0.0005241692955735	0.0012925943513292	0.037037037037037	0.491090027111315	1	0	[35197507]
hemodynamics/drug effects	inflammation/metabolism	0.0005241692955735	0.0012925943513292	0.037037037037037	0.491090027111315	1	0	[35197507]
hemodynamics/drug effects	lung/blood supply	0.0005241692955735	0.0012925943513292	0.037037037037037	0.491090027111315	1	0	[35197507]
hemodynamics/drug effects	macrophages/metabolism	0.0005241692955735	0.0012925943513292	0.037037037037037	0.491090027111315	1	0	[35197507]
hemodynamics/drug effects	monocrotaline/toxicity	0.0005241692955735	0.0012925943513292	0.037037037037037	0.491090027111315	1	0	[35197507]
hemodynamics/drug effects	nlr family pyrin domain-containing 3 protein/metabolism	0.0005241692955735	0.0012925943513292	0.037037037037037	0.491090027111315	1	0	[35197507]
hemodynamics/drug effects	NLRP3	0.0005241692955735	0.0012925943513292	0.037037037037037	0.491090027111315	1	0	[35197507]
hemodynamics/drug effects	NOX4	0.0005241692955735	0.0012925943513292	0.037037037037037	0.491090027111315	1	0	[35197507]
hemodynamics/drug effects	toll-like receptor 4/metabolism	0.0005241692955735	0.0012925943513292	0.037037037037037	0.491090027111315	1	0	[35197507]
hmgb1 protein/metabolism	hypertension pulmonary/chemically induced	0.0005241692955735	0.0012925943513292	0.037037037037037	0.491090027111315	1	0	[35197507]
hmgb1 protein/metabolism	inflammasomes/metabolism	0.0005241692955735	0.0012925943513292	0.037037037037037	0.491090027111315	1	0	[35197507]
hmgb1 protein/metabolism	inflammation/metabolism	0.0005241692955735	0.0012925943513292	0.037037037037037	0.491090027111315	1	0	[35197507]
hmgb1 protein/metabolism	lung/blood supply	0.0005241692955735	0.0012925943513292	0.037037037037037	0.491090027111315	1	0	[35197507]
hmgb1 protein/metabolism	macrophages/metabolism	0.0005241692955735	0.0012925943513292	0.037037037037037	0.491090027111315	1	0	[35197507]
hmgb1 protein/metabolism	monocrotaline/toxicity	0.0005241692955735	0.0012925943513292	0.037037037037037	0.491090027111315	1	0	[35197507]
hmgb1 protein/metabolism	nlr family pyrin domain-containing 3 protein/metabolism	0.0005241692955735	0.0012925943513292	0.037037037037037	0.491090027111315	1	0	[35197507]
hmgb1 protein/metabolism	NLRP3	0.0005241692955735	0.0012925943513292	0.037037037037037	0.491090027111315	1	0	[35197507]
hmgb1 protein/metabolism	NOX4	0.0005241692955735	0.0012925943513292	0.037037037037037	0.491090027111315	1	0	[35197507]
hmgb1 protein/metabolism	toll-like receptor 4/metabolism	0.0005241692955735	0.0012925943513292	0.037037037037037	0.491090027111315	1	0	[35197507]
hypertension pulmonary/chemically induced	inflammasomes/metabolism	0.0005241692955735	0.0012925943513292	0.037037037037037	0.491090027111315	1	0	[35197507]
hypertension pulmonary/chemically induced	inflammation/metabolism	0.0005241692955735	0.0012925943513292	0.037037037037037	0.491090027111315	1	0	[35197507]
hypertension pulmonary/chemically induced	lung/blood supply	0.0005241692955735	0.0012925943513292	0.037037037037037	0.491090027111315	1	0	[35197507]
hypertension pulmonary/chemically induced	macrophages/metabolism	0.0005241692955735	0.0012925943513292	0.037037037037037	0.491090027111315	1	0	[35197507]
hypertension pulmonary/chemically induced	monocrotaline/toxicity	0.0005241692955735	0.0012925943513292	0.037037037037037	0.491090027111315	1	0	[35197507]
hypertension pulmonary/chemically induced	nlr family pyrin domain-containing 3 protein/metabolism	0.0005241692955735	0.0012925943513292	0.037037037037037	0.491090027111315	1	0	[35197507]
hypertension pulmonary/chemically induced	NLRP3	0.0005241692955735	0.0012925943513292	0.037037037037037	0.491090027111315	1	0	[35197507]
hypertension pulmonary/chemically induced	NOX4	0.0005241692955735	0.0012925943513292	0.037037037037037	0.491090027111315	1	0	[35197507]
hypertension pulmonary/chemically induced	toll-like receptor 4/metabolism	0.0005241692955735	0.0012925943513292	0.037037037037037	0.491090027111315	1	0	[35197507]
inflammasomes/metabolism	inflammation/metabolism	0.0005241692955735	0.0012925943513292	0.037037037037037	0.491090027111315	1	0	[35197507]
inflammasomes/metabolism	lung/blood supply	0.0005241692955735	0.0012925943513292	0.037037037037037	0.491090027111315	1	0	[35197507]
inflammasomes/metabolism	macrophages/metabolism	0.0005241692955735	0.0012925943513292	0.037037037037037	0.491090027111315	1	0	[35197507]
inflammasomes/metabolism	monocrotaline/toxicity	0.0005241692955735	0.0012925943513292	0.037037037037037	0.491090027111315	1	0	[35197507]
inflammasomes/metabolism	nlr family pyrin domain-containing 3 protein/metabolism	0.0005241692955735	0.0012925943513292	0.037037037037037	0.491090027111315	1	0	[35197507]
inflammasomes/metabolism	NLRP3	0.0005241692955735	0.0012925943513292	0.037037037037037	0.491090027111315	1	0	[35197507]
inflammasomes/metabolism	NOX4	0.0005241692955735	0.0012925943513292	0.037037037037037	0.491090027111315	1	0	[35197507]
inflammasomes/metabolism	toll-like receptor 4/metabolism	0.0005241692955735	0.0012925943513292	0.037037037037037	0.491090027111315	1	0	[35197507]
inflammation/metabolism	lung/blood supply	0.0005241692955735	0.0012925943513292	0.037037037037037	0.491090027111315	1	0	[35197507]
inflammation/metabolism	macrophages/metabolism	0.0005241692955735	0.0012925943513292	0.037037037037037	0.491090027111315	1	0	[35197507]
inflammation/metabolism	monocrotaline/toxicity	0.0005241692955735	0.0012925943513292	0.037037037037037	0.491090027111315	1	0	[35197507]
inflammation/metabolism	nlr family pyrin domain-containing 3 protein/metabolism	0.0005241692955735	0.0012925943513292	0.037037037037037	0.491090027111315	1	0	[35197507]
inflammation/metabolism	NLRP3	0.0005241692955735	0.0012925943513292	0.037037037037037	0.491090027111315	1	0	[35197507]
inflammation/metabolism	NOX4	0.0005241692955735	0.0012925943513292	0.037037037037037	0.491090027111315	1	0	[35197507]
inflammation/metabolism	toll-like receptor 4/metabolism	0.0005241692955735	0.0012925943513292	0.037037037037037	0.491090027111315	1	0	[35197507]
lung/blood supply	macrophages/metabolism	0.0005241692955735	0.0012925943513292	0.037037037037037	0.491090027111315	1	0	[35197507]
lung/blood supply	monocrotaline/toxicity	0.0005241692955735	0.0012925943513292	0.037037037037037	0.491090027111315	1	0	[35197507]
lung/blood supply	nlr family pyrin domain-containing 3 protein/metabolism	0.0005241692955735	0.0012925943513292	0.037037037037037	0.491090027111315	1	0	[35197507]
lung/blood supply	NLRP3	0.0005241692955735	0.0012925943513292	0.037037037037037	0.491090027111315	1	0	[35197507]
lung/blood supply	NOX4	0.0005241692955735	0.0012925943513292	0.037037037037037	0.491090027111315	1	0	[35197507]
lung/blood supply	toll-like receptor 4/metabolism	0.0005241692955735	0.0012925943513292	0.037037037037037	0.491090027111315	1	0	[35197507]
colorectal neoplasms/metabolism	macrophages/metabolism	0.001413355149255	0.0023329148675058	0.102941176470588	0.5011717509037	1	1	[36160648]
hyperlipidemias	macrophages/metabolism	0.001413355149255	0.0023329148675058	0.102941176470588	0.5011717509037	1	1	[36160648]
lipoproteins ldl	macrophages/metabolism	0.001413355149255	0.0023329148675058	0.102941176470588	0.5011717509037	1	1	[36160648]
macrophages/metabolism	mannose receptor	0.001413355149255	0.0023329148675058	0.102941176470588	0.5011717509037	1	1	[36160648]
macrophages/metabolism	monocrotaline/toxicity	0.0005241692955735	0.0012925943513292	0.037037037037037	0.491090027111315	1	0	[35197507]
macrophages/metabolism	nitric oxide synthase type ii/metabolism	0.001413355149255	0.0023329148675058	0.102941176470588	0.5011717509037	1	1	[36160648]
macrophages/metabolism	nlr family pyrin domain-containing 3 protein/metabolism	0.0005241692955735	0.0012925943513292	0.037037037037037	0.491090027111315	1	0	[35197507]
macrophages/metabolism	NLRP3	0.0005241692955735	0.0012925943513292	0.037037037037037	0.491090027111315	1	0	[35197507]
macrophages/metabolism	NOX4	0.0005241692955735	0.0012925943513292	0.037037037037037	0.491090027111315	1	0	[35197507]
macrophages/metabolism	PROM1	0.001413355149255	0.0023329148675058	0.102941176470588	0.5011717509037	1	1	[36160648]
macrophages/metabolism	scavenger receptors class e/genetics	0.001413355149255	0.0023329148675058	0.102941176470588	0.5011717509037	1	1	[36160648]
macrophages/metabolism	toll-like receptor 4/metabolism	0.0005241692955735	0.0012925943513292	0.037037037037037	0.491090027111315	1	0	[35197507]
monocrotaline/toxicity	nlr family pyrin domain-containing 3 protein/metabolism	0.0005241692955735	0.0012925943513292	0.037037037037037	0.491090027111315	1	0	[35197507]
monocrotaline/toxicity	NLRP3	0.0005241692955735	0.0012925943513292	0.037037037037037	0.491090027111315	1	0	[35197507]
monocrotaline/toxicity	NOX4	0.0005241692955735	0.0012925943513292	0.037037037037037	0.491090027111315	1	0	[35197507]
monocrotaline/toxicity	toll-like receptor 4/metabolism	0.0005241692955735	0.0012925943513292	0.037037037037037	0.491090027111315	1	0	[35197507]
nlr family pyrin domain-containing 3 protein/metabolism	NLRP3	0.0005241692955735	0.0012925943513292	0.037037037037037	0.491090027111315	1	0	[35197507]
nlr family pyrin domain-containing 3 protein/metabolism	NOX4	0.0005241692955735	0.0012925943513292	0.037037037037037	0.491090027111315	1	0	[35197507]
nlr family pyrin domain-containing 3 protein/metabolism	toll-like receptor 4/metabolism	0.0005241692955735	0.0012925943513292	0.037037037037037	0.491090027111315	1	0	[35197507]
NLRP3	NOX4	0.0005241692955735	0.0012925943513292	0.037037037037037	0.491090027111315	1	0	[35197507]
NLRP3	toll-like receptor 4/metabolism	0.0005241692955735	0.0012925943513292	0.037037037037037	0.491090027111315	1	0	[35197507]
NOX4	toll-like receptor 4/metabolism	0.0005241692955735	0.0012925943513292	0.037037037037037	0.491090027111315	1	0	[35197507]
cd36 antigens/metabolism	toll-like receptor 4/metabolism	0.0015713298753543	0.0025664815899418	0.0262590789368664	0.186828306325089	2	1	[39166450,31257391]
endometrial neoplasms/immunology	toll-like receptor 4/metabolism	2.20399190009601e-08	7.5723921131295e-08	0.0441176470588235	0.5011717509037	1	1	[39166450]
heme/metabolism	toll-like receptor 4/metabolism	2.20399190009601e-08	7.5723921131295e-08	0.0441176470588235	0.5011717509037	1	1	[39166450]
interferon type i/metabolism	toll-like receptor 4/metabolism	0.000493914442929	0.0008838663701553	0.0869183494293239	0.5011717509037	1	1	[39166450]
phagocytosis	toll-like receptor 4/metabolism	2.20399190009601e-08	7.5723921131295e-08	0.0441176470588235	0.5011717509037	1	1	[39166450]
rna messenger/metabolism	toll-like receptor 4/metabolism	0.0012772609311888	0.0021328352967918	0.0869183494293239	0.5011717509037	1	1	[31257391]
gastrointestinal tract	toll-like receptor 4/metabolism	1.10090458721457e-05	2.50005804073727e-05	0.0441176470588235	0.5011717509037	1	1	[31257391]
protease inhibitors/pharmacology	toll-like receptor 4/metabolism	1.10090458721457e-05	2.50005804073727e-05	0.0441176470588235	0.5011717509037	1	1	[31257391]
carcinoma hepatocellular/drug therapy	toll-like receptor 4/metabolism	1.10090458721457e-05	2.50005804073727e-05	0.0441176470588235	0.5011717509037	1	1	[31257391]
stem cell factor/metabolism	toll-like receptor 4/metabolism	1.10090458721457e-05	2.50005804073727e-05	0.0441176470588235	0.5011717509037	1	1	[31257391]
macrophages/immunology	toll-like receptor 4/metabolism	2.65163990609274e-06	6.40522521299854e-06	0.0077420384707478	0.186828306325089	2	1	[39166450,31257391]
plant extracts/pharmacology	toll-like receptor 4/metabolism	1.10090458721457e-05	2.50005804073727e-05	0.0441176470588235	0.5011717509037	1	1	[31257391]
digestion	toll-like receptor 4/metabolism	1.10090458721457e-05	2.50005804073727e-05	0.0441176470588235	0.5011717509037	1	1	[31257391]
cancer-associated fibroblasts/pathology	IL6	0.0049036293627228	0.0073431491104543	0.132352941176471	0.5011717509037	1	1	[38301989]
FAM126A	IL6	0.0049036293627228	0.0073431491104543	0.132352941176471	0.5011717509037	1	1	[38301989]
FAP	IL6	0.0049036293627228	0.0073431491104543	0.132352941176471	0.5011717509037	1	1	[38301989]
IL6	metabolic reprogramming	0.0049036293627228	0.0073431491104543	0.132352941176471	0.5011717509037	1	1	[38301989]
IL6	STAT3	2.37669306457633e-09	2.23055336157649e-08	0.037037037037037	0.491090027111315	1	0	[34991659,30563531,32344015,37108378,32472095]
IL6	TGFB1	2.37669306457633e-09	2.23055336157649e-08	0.037037037037037	0.491090027111315	1	0	[34991659]
IL6	VIM	0.0049036293627228	0.0073431491104543	0.132352941176471	0.5011717509037	1	1	[38301989]
breast neoplasms/drug therapy	IL6	0.0059477066604105	0.0089387051372099	0.113924050632911	0.583915496397244	1	2	[27756885]
IL6	inflammation/immunology	0.0059477066604105	0.0089387051372099	0.113924050632911	0.583915496397244	1	2	[27756885]
IL6	macrophage colony-stimulating factor/antagonists &amp; inhibitors	0.0059477066604105	0.0089387051372099	0.113924050632911	0.583915496397244	1	2	[27756885]
IL6	mesenchymal stem cells/immunology	0.0059477066604105	0.0089387051372099	0.113924050632911	0.583915496397244	1	2	[27756885]
IL6	neoplasm invasiveness	0.0059477066604105	0.0089387051372099	0.113924050632911	0.583915496397244	1	2	[27756885]
EEF1A2	IL6	0.0059477066604105	0.0089387051372099	0.113924050632911	0.583915496397244	1	2	[27756885]
IL6	neoplasm recurrence local	0.0059477066604105	0.0089387051372099	0.113924050632911	0.583915496397244	1	2	[27756885]
hydroxymethylglutaryl-coa reductase inhibitors/pharmacology	IL6	0.0059477066604105	0.0089387051372099	0.113924050632911	0.583915496397244	1	2	[27756885]
STAT3	TGFB1	2.37669306457633e-09	2.23055336157649e-08	0.037037037037037	0.491090027111315	1	0	[34991659]
carcinoma hepatocellular/pathology	STAT3	0.0060478533588005	0.0090656099040005	0.147030185004869	0.583915496397244	1	2	[38351345]
NFKB1	STAT3	0.0050042996695874	0.0076431195671775	0.063354651362646	0.260219474110676	2	2	[38351345,32472095]
TGFB1	tumor microenvironment/physiology	2.17483020832354e-05	4.74345955662046e-05	0.0262590789368664	0.186828306325089	2	1	[32359100,25940439]
biomarkers tumor	carcinoma pancreatic ductal/metabolism	1.90229000622821e-05	6.33368658790105e-05	0.037037037037037	0.491090027111315	1	0	[33311482]
biomarkers tumor	cell transformation neoplastic/genetics	1.90229000622821e-05	6.33368658790105e-05	0.037037037037037	0.491090027111315	1	0	[33311482]
biomarkers tumor	diet	1.90229000622821e-05	6.33368658790105e-05	0.037037037037037	0.491090027111315	1	0	[33311482]
biomarkers tumor	dna	1.90229000622821e-05	6.33368658790105e-05	0.037037037037037	0.491090027111315	1	0	[33311482]
biomarkers tumor	KDM8	1.90229000622821e-05	6.33368658790105e-05	0.037037037037037	0.491090027111315	1	0	[33311482]
biomarkers tumor	macrophages	1.90229000622821e-05	6.33368658790105e-05	0.037037037037037	0.491090027111315	1	0	[33311482]
biomarkers tumor	membrane proteins/genetics	1.90229000622821e-05	6.33368658790105e-05	0.037037037037037	0.491090027111315	1	0	[33311482]
biomarkers tumor	pancreas/metabolism	1.90229000622821e-05	6.33368658790105e-05	0.037037037037037	0.491090027111315	1	0	[33311482]
biomarkers tumor	pancreatitis/genetics	1.90229000622821e-05	6.33368658790105e-05	0.037037037037037	0.491090027111315	1	0	[33311482]
biomarkers tumor	phospholipid hydroperoxide glutathione peroxidase/genetics	1.90229000622821e-05	6.33368658790105e-05	0.037037037037037	0.491090027111315	1	0	[33311482]
biomarkers tumor	proto-oncogene proteins p21(ras)/metabolism	1.90229000622821e-05	6.33368658790105e-05	0.037037037037037	0.491090027111315	1	0	[33311482]
biomarkers tumor	quinoxalines/pharmacology	1.90229000622821e-05	6.33368658790105e-05	0.037037037037037	0.491090027111315	1	0	[33311482]
biomarkers tumor	spiro compounds/pharmacology	1.90229000622821e-05	6.33368658790105e-05	0.037037037037037	0.491090027111315	1	0	[33311482]
biomarkers tumor	STING1	1.90229000622821e-05	6.33368658790105e-05	0.037037037037037	0.491090027111315	1	0	[33311482]
carcinoma pancreatic ductal/metabolism	cell transformation neoplastic/genetics	1.90229000622821e-05	6.33368658790105e-05	0.037037037037037	0.491090027111315	1	0	[33311482]
carcinoma pancreatic ductal/metabolism	diet	1.90229000622821e-05	6.33368658790105e-05	0.037037037037037	0.491090027111315	1	0	[33311482]
carcinoma pancreatic ductal/metabolism	dna	1.90229000622821e-05	6.33368658790105e-05	0.037037037037037	0.491090027111315	1	0	[33311482]
carcinoma pancreatic ductal/metabolism	KDM8	1.90229000622821e-05	6.33368658790105e-05	0.037037037037037	0.491090027111315	1	0	[33311482]
carcinoma pancreatic ductal/metabolism	macrophages	1.90229000622821e-05	6.33368658790105e-05	0.037037037037037	0.491090027111315	1	0	[33311482]
carcinoma pancreatic ductal/metabolism	membrane proteins/genetics	1.90229000622821e-05	6.33368658790105e-05	0.037037037037037	0.491090027111315	1	0	[33311482]
carcinoma pancreatic ductal/metabolism	pancreas/metabolism	1.90229000622821e-05	6.33368658790105e-05	0.037037037037037	0.491090027111315	1	0	[33311482]
carcinoma pancreatic ductal/metabolism	pancreatitis/genetics	1.90229000622821e-05	6.33368658790105e-05	0.037037037037037	0.491090027111315	1	0	[33311482]
carcinoma pancreatic ductal/metabolism	phospholipid hydroperoxide glutathione peroxidase/genetics	1.90229000622821e-05	6.33368658790105e-05	0.037037037037037	0.491090027111315	1	0	[33311482]
carcinoma pancreatic ductal/metabolism	proto-oncogene proteins p21(ras)/metabolism	1.90229000622821e-05	6.33368658790105e-05	0.037037037037037	0.491090027111315	1	0	[33311482]
carcinoma pancreatic ductal/metabolism	quinoxalines/pharmacology	1.90229000622821e-05	6.33368658790105e-05	0.037037037037037	0.491090027111315	1	0	[33311482]
carcinoma pancreatic ductal/metabolism	spiro compounds/pharmacology	1.90229000622821e-05	6.33368658790105e-05	0.037037037037037	0.491090027111315	1	0	[33311482]
carcinoma pancreatic ductal/metabolism	STING1	1.90229000622821e-05	6.33368658790105e-05	0.037037037037037	0.491090027111315	1	0	[33311482]
cell transformation neoplastic/genetics	diet	1.90229000622821e-05	6.33368658790105e-05	0.037037037037037	0.491090027111315	1	0	[33311482]
cell transformation neoplastic/genetics	dna	1.90229000622821e-05	6.33368658790105e-05	0.037037037037037	0.491090027111315	1	0	[33311482]
cell transformation neoplastic/genetics	KDM8	1.90229000622821e-05	6.33368658790105e-05	0.037037037037037	0.491090027111315	1	0	[33311482]
cell transformation neoplastic/genetics	macrophages	1.90229000622821e-05	6.33368658790105e-05	0.037037037037037	0.491090027111315	1	0	[33311482]
cell transformation neoplastic/genetics	membrane proteins/genetics	1.90229000622821e-05	6.33368658790105e-05	0.037037037037037	0.491090027111315	1	0	[33311482]
cell transformation neoplastic/genetics	pancreas/metabolism	1.90229000622821e-05	6.33368658790105e-05	0.037037037037037	0.491090027111315	1	0	[33311482]
cell transformation neoplastic/genetics	pancreatitis/genetics	1.90229000622821e-05	6.33368658790105e-05	0.037037037037037	0.491090027111315	1	0	[33311482]
cell transformation neoplastic/genetics	phospholipid hydroperoxide glutathione peroxidase/genetics	1.90229000622821e-05	6.33368658790105e-05	0.037037037037037	0.491090027111315	1	0	[33311482]
cell transformation neoplastic/genetics	proto-oncogene proteins p21(ras)/metabolism	1.90229000622821e-05	6.33368658790105e-05	0.037037037037037	0.491090027111315	1	0	[33311482]
cell transformation neoplastic/genetics	quinoxalines/pharmacology	1.90229000622821e-05	6.33368658790105e-05	0.037037037037037	0.491090027111315	1	0	[33311482]
cell transformation neoplastic/genetics	spiro compounds/pharmacology	1.90229000622821e-05	6.33368658790105e-05	0.037037037037037	0.491090027111315	1	0	[33311482]
cell transformation neoplastic/genetics	STING1	1.90229000622821e-05	6.33368658790105e-05	0.037037037037037	0.491090027111315	1	0	[33311482]
diet	dna	1.90229000622821e-05	6.33368658790105e-05	0.037037037037037	0.491090027111315	1	0	[33311482]
diet	KDM8	1.90229000622821e-05	6.33368658790105e-05	0.037037037037037	0.491090027111315	1	0	[33311482]
diet	macrophages	1.90229000622821e-05	6.33368658790105e-05	0.037037037037037	0.491090027111315	1	0	[33311482]
diet	membrane proteins/genetics	1.90229000622821e-05	6.33368658790105e-05	0.037037037037037	0.491090027111315	1	0	[33311482]
diet	pancreas/metabolism	1.90229000622821e-05	6.33368658790105e-05	0.037037037037037	0.491090027111315	1	0	[33311482]
diet	pancreatitis/genetics	1.90229000622821e-05	6.33368658790105e-05	0.037037037037037	0.491090027111315	1	0	[33311482]
diet	phospholipid hydroperoxide glutathione peroxidase/genetics	1.90229000622821e-05	6.33368658790105e-05	0.037037037037037	0.491090027111315	1	0	[33311482]
diet	proto-oncogene proteins p21(ras)/metabolism	1.90229000622821e-05	6.33368658790105e-05	0.037037037037037	0.491090027111315	1	0	[33311482]
diet	quinoxalines/pharmacology	1.90229000622821e-05	6.33368658790105e-05	0.037037037037037	0.491090027111315	1	0	[33311482]
diet	spiro compounds/pharmacology	1.90229000622821e-05	6.33368658790105e-05	0.037037037037037	0.491090027111315	1	0	[33311482]
diet	STING1	1.90229000622821e-05	6.33368658790105e-05	0.037037037037037	0.491090027111315	1	0	[33311482]
dna	KDM8	1.90229000622821e-05	6.33368658790105e-05	0.037037037037037	0.491090027111315	1	0	[33311482]
dna	macrophages	1.90229000622821e-05	6.33368658790105e-05	0.037037037037037	0.491090027111315	1	0	[33311482]
dna	membrane proteins/genetics	1.90229000622821e-05	6.33368658790105e-05	0.037037037037037	0.491090027111315	1	0	[33311482]
dna	pancreas/metabolism	1.90229000622821e-05	6.33368658790105e-05	0.037037037037037	0.491090027111315	1	0	[33311482]
dna	pancreatitis/genetics	1.90229000622821e-05	6.33368658790105e-05	0.037037037037037	0.491090027111315	1	0	[33311482]
dna	phospholipid hydroperoxide glutathione peroxidase/genetics	1.90229000622821e-05	6.33368658790105e-05	0.037037037037037	0.491090027111315	1	0	[33311482]
dna	proto-oncogene proteins p21(ras)/metabolism	1.90229000622821e-05	6.33368658790105e-05	0.037037037037037	0.491090027111315	1	0	[33311482]
dna	quinoxalines/pharmacology	1.90229000622821e-05	6.33368658790105e-05	0.037037037037037	0.491090027111315	1	0	[33311482]
dna	spiro compounds/pharmacology	1.90229000622821e-05	6.33368658790105e-05	0.037037037037037	0.491090027111315	1	0	[33311482]
dna	STING1	1.90229000622821e-05	6.33368658790105e-05	0.037037037037037	0.491090027111315	1	0	[33311482]
KDM8	macrophages	1.90229000622821e-05	6.33368658790105e-05	0.037037037037037	0.491090027111315	1	0	[33311482]
KDM8	membrane proteins/genetics	1.90229000622821e-05	6.33368658790105e-05	0.037037037037037	0.491090027111315	1	0	[33311482]
KDM8	pancreas/metabolism	1.90229000622821e-05	6.33368658790105e-05	0.037037037037037	0.491090027111315	1	0	[33311482]
KDM8	pancreatitis/genetics	1.90229000622821e-05	6.33368658790105e-05	0.037037037037037	0.491090027111315	1	0	[33311482]
KDM8	phospholipid hydroperoxide glutathione peroxidase/genetics	1.90229000622821e-05	6.33368658790105e-05	0.037037037037037	0.491090027111315	1	0	[33311482]
KDM8	proto-oncogene proteins p21(ras)/metabolism	1.90229000622821e-05	6.33368658790105e-05	0.037037037037037	0.491090027111315	1	0	[33311482]
KDM8	quinoxalines/pharmacology	1.90229000622821e-05	6.33368658790105e-05	0.037037037037037	0.491090027111315	1	0	[33311482]
KDM8	spiro compounds/pharmacology	1.90229000622821e-05	6.33368658790105e-05	0.037037037037037	0.491090027111315	1	0	[33311482]
KDM8	STING1	1.90229000622821e-05	6.33368658790105e-05	0.037037037037037	0.491090027111315	1	0	[33311482]
macrophages	membrane proteins/genetics	1.90229000622821e-05	6.33368658790105e-05	0.037037037037037	0.491090027111315	1	0	[33311482]
macrophages	pancreas/metabolism	1.90229000622821e-05	6.33368658790105e-05	0.037037037037037	0.491090027111315	1	0	[33311482]
macrophages	pancreatitis/genetics	1.90229000622821e-05	6.33368658790105e-05	0.037037037037037	0.491090027111315	1	0	[33311482]
macrophages	phospholipid hydroperoxide glutathione peroxidase/genetics	1.90229000622821e-05	6.33368658790105e-05	0.037037037037037	0.491090027111315	1	0	[33311482]
macrophages	proto-oncogene proteins p21(ras)/metabolism	1.90229000622821e-05	6.33368658790105e-05	0.037037037037037	0.491090027111315	1	0	[33311482]
macrophages	quinoxalines/pharmacology	1.90229000622821e-05	6.33368658790105e-05	0.037037037037037	0.491090027111315	1	0	[33311482]
macrophages	spiro compounds/pharmacology	1.90229000622821e-05	6.33368658790105e-05	0.037037037037037	0.491090027111315	1	0	[33311482]
macrophages	STING1	1.90229000622821e-05	6.33368658790105e-05	0.037037037037037	0.491090027111315	1	0	[33311482]
membrane proteins/genetics	pancreas/metabolism	1.90229000622821e-05	6.33368658790105e-05	0.037037037037037	0.491090027111315	1	0	[33311482]
membrane proteins/genetics	pancreatitis/genetics	1.90229000622821e-05	6.33368658790105e-05	0.037037037037037	0.491090027111315	1	0	[33311482]
membrane proteins/genetics	phospholipid hydroperoxide glutathione peroxidase/genetics	1.90229000622821e-05	6.33368658790105e-05	0.037037037037037	0.491090027111315	1	0	[33311482]
membrane proteins/genetics	proto-oncogene proteins p21(ras)/metabolism	1.90229000622821e-05	6.33368658790105e-05	0.037037037037037	0.491090027111315	1	0	[33311482]
membrane proteins/genetics	quinoxalines/pharmacology	1.90229000622821e-05	6.33368658790105e-05	0.037037037037037	0.491090027111315	1	0	[33311482]
membrane proteins/genetics	spiro compounds/pharmacology	1.90229000622821e-05	6.33368658790105e-05	0.037037037037037	0.491090027111315	1	0	[33311482]
membrane proteins/genetics	STING1	1.90229000622821e-05	6.33368658790105e-05	0.037037037037037	0.491090027111315	1	0	[33311482]
pancreas/metabolism	pancreatitis/genetics	1.90229000622821e-05	6.33368658790105e-05	0.037037037037037	0.491090027111315	1	0	[33311482]
pancreas/metabolism	phospholipid hydroperoxide glutathione peroxidase/genetics	1.90229000622821e-05	6.33368658790105e-05	0.037037037037037	0.491090027111315	1	0	[33311482]
pancreas/metabolism	proto-oncogene proteins p21(ras)/metabolism	1.90229000622821e-05	6.33368658790105e-05	0.037037037037037	0.491090027111315	1	0	[33311482]
pancreas/metabolism	quinoxalines/pharmacology	1.90229000622821e-05	6.33368658790105e-05	0.037037037037037	0.491090027111315	1	0	[33311482]
pancreas/metabolism	spiro compounds/pharmacology	1.90229000622821e-05	6.33368658790105e-05	0.037037037037037	0.491090027111315	1	0	[33311482]
pancreas/metabolism	STING1	1.90229000622821e-05	6.33368658790105e-05	0.037037037037037	0.491090027111315	1	0	[33311482]
pancreatitis/genetics	phospholipid hydroperoxide glutathione peroxidase/genetics	1.90229000622821e-05	6.33368658790105e-05	0.037037037037037	0.491090027111315	1	0	[33311482]
pancreatitis/genetics	proto-oncogene proteins p21(ras)/metabolism	1.90229000622821e-05	6.33368658790105e-05	0.037037037037037	0.491090027111315	1	0	[33311482]
pancreatitis/genetics	quinoxalines/pharmacology	1.90229000622821e-05	6.33368658790105e-05	0.037037037037037	0.491090027111315	1	0	[33311482]
pancreatitis/genetics	spiro compounds/pharmacology	1.90229000622821e-05	6.33368658790105e-05	0.037037037037037	0.491090027111315	1	0	[33311482]
pancreatitis/genetics	STING1	1.90229000622821e-05	6.33368658790105e-05	0.037037037037037	0.491090027111315	1	0	[33311482]
phospholipid hydroperoxide glutathione peroxidase/genetics	proto-oncogene proteins p21(ras)/metabolism	1.90229000622821e-05	6.33368658790105e-05	0.037037037037037	0.491090027111315	1	0	[33311482]
phospholipid hydroperoxide glutathione peroxidase/genetics	quinoxalines/pharmacology	1.90229000622821e-05	6.33368658790105e-05	0.037037037037037	0.491090027111315	1	0	[33311482]
phospholipid hydroperoxide glutathione peroxidase/genetics	spiro compounds/pharmacology	1.90229000622821e-05	6.33368658790105e-05	0.037037037037037	0.491090027111315	1	0	[33311482]
phospholipid hydroperoxide glutathione peroxidase/genetics	STING1	1.90229000622821e-05	6.33368658790105e-05	0.037037037037037	0.491090027111315	1	0	[33311482]
dna-(apurinic or apyrimidinic site) lyase/metabolism	phospholipid hydroperoxide glutathione peroxidase/genetics	0	0	0.0253164556962025	0.583915496397244	1	2	[40136245]
APEX1	phospholipid hydroperoxide glutathione peroxidase/genetics	0	0	0.0253164556962025	0.583915496397244	1	2	[40136245]
proto-oncogene proteins p21(ras)/metabolism	quinoxalines/pharmacology	1.90229000622821e-05	6.33368658790105e-05	0.037037037037037	0.491090027111315	1	0	[33311482]
proto-oncogene proteins p21(ras)/metabolism	spiro compounds/pharmacology	1.90229000622821e-05	6.33368658790105e-05	0.037037037037037	0.491090027111315	1	0	[33311482]
proto-oncogene proteins p21(ras)/metabolism	STING1	1.90229000622821e-05	6.33368658790105e-05	0.037037037037037	0.491090027111315	1	0	[33311482]
quinoxalines/pharmacology	spiro compounds/pharmacology	1.90229000622821e-05	6.33368658790105e-05	0.037037037037037	0.491090027111315	1	0	[33311482]
quinoxalines/pharmacology	STING1	1.90229000622821e-05	6.33368658790105e-05	0.037037037037037	0.491090027111315	1	0	[33311482]
spiro compounds/pharmacology	STING1	1.90229000622821e-05	6.33368658790105e-05	0.037037037037037	0.491090027111315	1	0	[33311482]
cancer-associated fibroblasts/pathology	FAM126A	0	0	0.0147058823529411	0.5011717509037	1	1	[38301989]
cancer-associated fibroblasts/pathology	FAP	0	0	0.0147058823529411	0.5011717509037	1	1	[38301989]
cancer-associated fibroblasts/pathology	metabolic reprogramming	0	0	0.0147058823529411	0.5011717509037	1	1	[38301989]
cancer-associated fibroblasts/pathology	VIM	0	0	0.0147058823529411	0.5011717509037	1	1	[38301989]
cancer-associated fibroblasts/pathology	carcinoma hepatocellular/pathology	1.18869469822869e-10	4.93304858263173e-10	0.0294117647058823	0.5011717509037	1	1	[38301989]
FAM126A	FAP	0	0	0.0147058823529411	0.5011717509037	1	1	[38301989]
FAM126A	metabolic reprogramming	0	0	0.0147058823529411	0.5011717509037	1	1	[38301989]
FAM126A	VIM	0	0	0.0147058823529411	0.5011717509037	1	1	[38301989]
carcinoma hepatocellular/pathology	FAM126A	1.18869469822869e-10	4.93304858263173e-10	0.0294117647058823	0.5011717509037	1	1	[38301989]
FAP	metabolic reprogramming	0	0	0.0147058823529411	0.5011717509037	1	1	[38301989]
FAP	VIM	0	0	0.0147058823529411	0.5011717509037	1	1	[38301989]
carcinoma hepatocellular/pathology	FAP	1.18869469822869e-10	4.93304858263173e-10	0.0294117647058823	0.5011717509037	1	1	[38301989]
metabolic reprogramming	VIM	0	0	0.0147058823529411	0.5011717509037	1	1	[38301989]
carcinoma hepatocellular/pathology	metabolic reprogramming	1.18869469822869e-10	4.93304858263173e-10	0.0294117647058823	0.5011717509037	1	1	[38301989]
carcinoma hepatocellular/pathology	VIM	1.18869469822869e-10	4.93304858263173e-10	0.0294117647058823	0.5011717509037	1	1	[38301989]
gene expression	inflammation mediators/antagonists &amp; inhibitors	9.44154754378701e-11	1.14562710782353e-09	0.037037037037037	0.491090027111315	1	0	[34717678]
gene expression	lipopolysaccharides/toxicity	9.44154754378701e-11	1.14562710782353e-09	0.037037037037037	0.491090027111315	1	0	[34717678]
gene expression	microglia/drug effects	9.44154754378701e-11	1.14562710782353e-09	0.037037037037037	0.491090027111315	1	0	[34717678]
gene expression	nf-e2-related factor 2/biosynthesis	9.44154754378701e-11	1.14562710782353e-09	0.037037037037037	0.491090027111315	1	0	[34717678]
gene expression	raw 264.7 cells	9.44154754378701e-11	1.14562710782353e-09	0.037037037037037	0.491090027111315	1	0	[34717678]
inflammation mediators/antagonists &amp; inhibitors	lipopolysaccharides/toxicity	9.44154754378701e-11	1.14562710782353e-09	0.037037037037037	0.491090027111315	1	0	[34717678]
inflammation mediators/antagonists &amp; inhibitors	microglia/drug effects	9.44154754378701e-11	1.14562710782353e-09	0.037037037037037	0.491090027111315	1	0	[34717678]
inflammation mediators/antagonists &amp; inhibitors	nf-e2-related factor 2/biosynthesis	9.44154754378701e-11	1.14562710782353e-09	0.037037037037037	0.491090027111315	1	0	[34717678]
inflammation mediators/antagonists &amp; inhibitors	raw 264.7 cells	9.44154754378701e-11	1.14562710782353e-09	0.037037037037037	0.491090027111315	1	0	[34717678]
lipopolysaccharides/toxicity	microglia/drug effects	9.44154754378701e-11	1.14562710782353e-09	0.037037037037037	0.491090027111315	1	0	[34717678]
lipopolysaccharides/toxicity	nf-e2-related factor 2/biosynthesis	9.44154754378701e-11	1.14562710782353e-09	0.037037037037037	0.491090027111315	1	0	[34717678]
lipopolysaccharides/toxicity	raw 264.7 cells	9.44154754378701e-11	1.14562710782353e-09	0.037037037037037	0.491090027111315	1	0	[34717678]
microglia/drug effects	nf-e2-related factor 2/biosynthesis	9.44154754378701e-11	1.14562710782353e-09	0.037037037037037	0.491090027111315	1	0	[34717678]
microglia/drug effects	raw 264.7 cells	9.44154754378701e-11	1.14562710782353e-09	0.037037037037037	0.491090027111315	1	0	[34717678]
nf-e2-related factor 2/biosynthesis	raw 264.7 cells	9.44154754378701e-11	1.14562710782353e-09	0.037037037037037	0.491090027111315	1	0	[34717678]
neoplasm recurrence local	raw 264.7 cells	3.40155225098115e-08	1.0400565265692e-07	0.0294117647058823	0.5011717509037	1	1	[27756885]
hydroxymethylglutaryl-coa reductase inhibitors/pharmacology	raw 264.7 cells	3.40155225098115e-08	1.0400565265692e-07	0.0294117647058823	0.5011717509037	1	1	[27756885]
breast neoplasms/drug therapy	raw 264.7 cells	3.40155225098115e-08	1.0400565265692e-07	0.0294117647058823	0.5011717509037	1	1	[27756885]
inflammation/immunology	raw 264.7 cells	3.40155225098115e-08	1.0400565265692e-07	0.0294117647058823	0.5011717509037	1	1	[27756885]
macrophage colony-stimulating factor/antagonists &amp; inhibitors	raw 264.7 cells	3.40155225098115e-08	1.0400565265692e-07	0.0294117647058823	0.5011717509037	1	1	[27756885]
mesenchymal stem cells/immunology	raw 264.7 cells	3.40155225098115e-08	1.0400565265692e-07	0.0294117647058823	0.5011717509037	1	1	[27756885]
neoplasm invasiveness	raw 264.7 cells	3.40155225098115e-08	1.0400565265692e-07	0.0294117647058823	0.5011717509037	1	1	[27756885]
EEF1A2	raw 264.7 cells	3.40155225098115e-08	1.0400565265692e-07	0.0294117647058823	0.5011717509037	1	1	[27756885]
cd36 antigens/metabolism	endometrial neoplasms/immunology	0.0001602058550113	0.0003067580451151	0.102941176470588	0.5011717509037	1	1	[39166450]
cd36 antigens/metabolism	heme/metabolism	0.0001602058550113	0.0003067580451151	0.102941176470588	0.5011717509037	1	1	[39166450]
cd36 antigens/metabolism	interferon type i/metabolism	3.92074621036187e-06	9.34485802782292e-06	0.0092186128182616	0.186828306325089	2	1	[39166450,39546763]
cd36 antigens/metabolism	phagocytosis	0.0001602058550113	0.0003067580451151	0.102941176470588	0.5011717509037	1	1	[39166450]
cd36 antigens/metabolism	interleukins/metabolism	0.0043897008244344	0.0066485599764838	0.102941176470588	0.5011717509037	1	1	[39321806]
cd36 antigens/metabolism	tumor escape/immunology	0.0043897008244344	0.0066485599764838	0.102941176470588	0.5011717509037	1	1	[39321806]
cd36 antigens/metabolism	liver neoplasms/immunology	0.0043897008244344	0.0066485599764838	0.102941176470588	0.5011717509037	1	1	[39321806]
cd36 antigens/metabolism	cellular reprogramming/immunology	0.0043897008244344	0.0066485599764838	0.102941176470588	0.5011717509037	1	1	[39321806]
cd36 antigens/metabolism	neoplastic stem cells/immunology	0.0043897008244344	0.0066485599764838	0.102941176470588	0.5011717509037	1	1	[39321806]
cd36 antigens/metabolism	IL34	0.0043897008244344	0.0066485599764838	0.102941176470588	0.5011717509037	1	1	[39321806]
cd36 antigens/metabolism	protease inhibitors/pharmacology	0.0032476334078848	0.0050239129363933	0.102941176470588	0.5011717509037	1	1	[31257391]
carcinoma hepatocellular/drug therapy	cd36 antigens/metabolism	0.0032476334078848	0.0050239129363933	0.102941176470588	0.5011717509037	1	1	[31257391]
cd36 antigens/metabolism	stem cell factor/metabolism	0.0032476334078848	0.0050239129363933	0.102941176470588	0.5011717509037	1	1	[31257391]
cd36 antigens/metabolism	plant extracts/pharmacology	0.0032476334078848	0.0050239129363933	0.102941176470588	0.5011717509037	1	1	[31257391]
cd36 antigens/metabolism	digestion	0.0032476334078848	0.0050239129363933	0.102941176470588	0.5011717509037	1	1	[31257391]
cd36 antigens/metabolism	gastrointestinal tract	0.0032476334078848	0.0050239129363933	0.102941176470588	0.5011717509037	1	1	[31257391]
cd36 antigens/metabolism	macrophages/immunology	3.66746763835746e-06	8.75282736067529e-06	0.002664587388029	0.054769758680606	3	1	[39166450,39178310,31257391]
endometrial neoplasms/immunology	heme/metabolism	0	0	0.0147058823529411	0.5011717509037	1	1	[39166450]
endometrial neoplasms/immunology	interferon type i/metabolism	6.66133814775094e-15	4.89659594922369e-14	0.0294117647058823	0.5011717509037	1	1	[39166450]
endometrial neoplasms/immunology	phagocytosis	0	0	0.0147058823529411	0.5011717509037	1	1	[39166450]
endometrial neoplasms/immunology	macrophages/immunology	7.82396636367366e-08	2.34522655493305e-07	0.0588235294117647	0.5011717509037	1	1	[39166450]
heme/metabolism	interferon type i/metabolism	6.66133814775094e-15	4.89659594922369e-14	0.0294117647058823	0.5011717509037	1	1	[39166450]
heme/metabolism	phagocytosis	0	0	0.0147058823529411	0.5011717509037	1	1	[39166450]
heme/metabolism	macrophages/immunology	7.82396636367366e-08	2.34522655493305e-07	0.0588235294117647	0.5011717509037	1	1	[39166450]
interferon type i/metabolism	phagocytosis	6.66133814775094e-15	4.89659594922369e-14	0.0294117647058823	0.5011717509037	1	1	[39166450]
interferon type i/metabolism	macrophages/immunology	0.0008380115353332	0.0014563600081797	0.115013169446883	0.5011717509037	1	1	[39166450]
macrophages/immunology	phagocytosis	7.82396636367366e-08	2.34522655493305e-07	0.0588235294117647	0.5011717509037	1	1	[39166450]
colorectal neoplasms/metabolism	hyperlipidemias	0	0	0.0147058823529411	0.5011717509037	1	1	[36160648]
colorectal neoplasms/metabolism	lipoproteins ldl	0	0	0.0147058823529411	0.5011717509037	1	1	[36160648]
colorectal neoplasms/metabolism	mannose receptor	0	0	0.0147058823529411	0.5011717509037	1	1	[36160648]
colorectal neoplasms/metabolism	nitric oxide synthase type ii/metabolism	0	0	0.0147058823529411	0.5011717509037	1	1	[36160648]
colorectal neoplasms/metabolism	PROM1	0	0	0.0147058823529411	0.5011717509037	1	1	[36160648]
colorectal neoplasms/metabolism	scavenger receptors class e/genetics	0	0	0.0147058823529411	0.5011717509037	1	1	[36160648]
hyperlipidemias	lipoproteins ldl	0	0	0.0147058823529411	0.5011717509037	1	1	[36160648]
hyperlipidemias	mannose receptor	0	0	0.0147058823529411	0.5011717509037	1	1	[36160648]
hyperlipidemias	nitric oxide synthase type ii/metabolism	0	0	0.0147058823529411	0.5011717509037	1	1	[36160648]
hyperlipidemias	PROM1	0	0	0.0147058823529411	0.5011717509037	1	1	[36160648]
hyperlipidemias	scavenger receptors class e/genetics	0	0	0.0147058823529411	0.5011717509037	1	1	[36160648]
lipoproteins ldl	mannose receptor	0	0	0.0147058823529411	0.5011717509037	1	1	[36160648]
lipoproteins ldl	nitric oxide synthase type ii/metabolism	0	0	0.0147058823529411	0.5011717509037	1	1	[36160648]
lipoproteins ldl	PROM1	0	0	0.0147058823529411	0.5011717509037	1	1	[36160648]
lipoproteins ldl	scavenger receptors class e/genetics	0	0	0.0147058823529411	0.5011717509037	1	1	[36160648]
mannose receptor	nitric oxide synthase type ii/metabolism	0	0	0.0147058823529411	0.5011717509037	1	1	[36160648]
mannose receptor	PROM1	0	0	0.0147058823529411	0.5011717509037	1	1	[36160648]
mannose receptor	scavenger receptors class e/genetics	0	0	0.0147058823529411	0.5011717509037	1	1	[36160648]
nitric oxide synthase type ii/metabolism	PROM1	0	0	0.0147058823529411	0.5011717509037	1	1	[36160648]
nitric oxide synthase type ii/metabolism	scavenger receptors class e/genetics	0	0	0.0147058823529411	0.5011717509037	1	1	[36160648]
PROM1	scavenger receptors class e/genetics	0	0	0.0147058823529411	0.5011717509037	1	1	[36160648]
nf-kappa b/metabolism	tumor microenvironment/physiology	0.0001348106896625	0.0002669028212187	0.0869183494293239	0.5011717509037	1	1	[32353824]
IL17A	tumor microenvironment/physiology	0.0041163028653422	0.0062649272957969	0.1284220608189	0.5011717509037	1	1	[32353824]
diet high-fat	tumor microenvironment/physiology	0.0015588727606166	0.0025467155403098	0.1284220608189	0.5011717509037	1	1	[32353824]
host-pathogen interactions	iron chelating agents/pharmacology	0	0	0.037037037037037	0.491090027111315	1	0	[30787033]
host-pathogen interactions	tuberculosis/metabolism	0	0	0.037037037037037	0.491090027111315	1	0	[30787033]
iron chelating agents/pharmacology	tuberculosis/metabolism	0	0	0.037037037037037	0.491090027111315	1	0	[30787033]
ferritins/blood	genetic variation	9.44154754378701e-11	1.14562710782353e-09	0.037037037037037	0.491090027111315	1	0	[31980600]
ferritins/blood	hemeproteins/toxicity	9.44154754378701e-11	1.14562710782353e-09	0.037037037037037	0.491090027111315	1	0	[31980600]
ferritins/blood	listeriosis/etiology	9.44154754378701e-11	1.14562710782353e-09	0.037037037037037	0.491090027111315	1	0	[31980600]
ferritins/blood	liver x receptors/agonists	9.44154754378701e-11	1.14562710782353e-09	0.037037037037037	0.491090027111315	1	0	[31980600]
ferritins/blood	malaria/genetics	9.44154754378701e-11	1.14562710782353e-09	0.037037037037037	0.491090027111315	1	0	[31980600]
ferritins/blood	TF	9.44154754378701e-11	1.14562710782353e-09	0.037037037037037	0.491090027111315	1	0	[31980600]
ferritins/blood	transferrin/metabolism	9.44154754378701e-11	1.14562710782353e-09	0.037037037037037	0.491090027111315	1	0	[31980600]
ferritins/blood	tumor suppressor protein p53/genetics	9.44154754378701e-11	1.14562710782353e-09	0.037037037037037	0.491090027111315	1	0	[31980600]
genetic variation	hemeproteins/toxicity	9.44154754378701e-11	1.14562710782353e-09	0.037037037037037	0.491090027111315	1	0	[31980600]
genetic variation	listeriosis/etiology	9.44154754378701e-11	1.14562710782353e-09	0.037037037037037	0.491090027111315	1	0	[31980600]
genetic variation	liver x receptors/agonists	9.44154754378701e-11	1.14562710782353e-09	0.037037037037037	0.491090027111315	1	0	[31980600]
genetic variation	malaria/genetics	9.44154754378701e-11	1.14562710782353e-09	0.037037037037037	0.491090027111315	1	0	[31980600]
genetic variation	TF	9.44154754378701e-11	1.14562710782353e-09	0.037037037037037	0.491090027111315	1	0	[31980600]
genetic variation	transferrin/metabolism	9.44154754378701e-11	1.14562710782353e-09	0.037037037037037	0.491090027111315	1	0	[31980600]
genetic variation	tumor suppressor protein p53/genetics	9.44154754378701e-11	1.14562710782353e-09	0.037037037037037	0.491090027111315	1	0	[31980600]
hemeproteins/toxicity	listeriosis/etiology	9.44154754378701e-11	1.14562710782353e-09	0.037037037037037	0.491090027111315	1	0	[31980600]
hemeproteins/toxicity	liver x receptors/agonists	9.44154754378701e-11	1.14562710782353e-09	0.037037037037037	0.491090027111315	1	0	[31980600]
hemeproteins/toxicity	malaria/genetics	9.44154754378701e-11	1.14562710782353e-09	0.037037037037037	0.491090027111315	1	0	[31980600]
hemeproteins/toxicity	TF	9.44154754378701e-11	1.14562710782353e-09	0.037037037037037	0.491090027111315	1	0	[31980600]
hemeproteins/toxicity	transferrin/metabolism	9.44154754378701e-11	1.14562710782353e-09	0.037037037037037	0.491090027111315	1	0	[31980600]
hemeproteins/toxicity	tumor suppressor protein p53/genetics	9.44154754378701e-11	1.14562710782353e-09	0.037037037037037	0.491090027111315	1	0	[31980600]
listeriosis/etiology	liver x receptors/agonists	9.44154754378701e-11	1.14562710782353e-09	0.037037037037037	0.491090027111315	1	0	[31980600]
listeriosis/etiology	malaria/genetics	9.44154754378701e-11	1.14562710782353e-09	0.037037037037037	0.491090027111315	1	0	[31980600]
listeriosis/etiology	TF	9.44154754378701e-11	1.14562710782353e-09	0.037037037037037	0.491090027111315	1	0	[31980600]
listeriosis/etiology	transferrin/metabolism	9.44154754378701e-11	1.14562710782353e-09	0.037037037037037	0.491090027111315	1	0	[31980600]
listeriosis/etiology	tumor suppressor protein p53/genetics	9.44154754378701e-11	1.14562710782353e-09	0.037037037037037	0.491090027111315	1	0	[31980600]
liver x receptors/agonists	malaria/genetics	9.44154754378701e-11	1.14562710782353e-09	0.037037037037037	0.491090027111315	1	0	[31980600]
liver x receptors/agonists	TF	9.44154754378701e-11	1.14562710782353e-09	0.037037037037037	0.491090027111315	1	0	[31980600]
liver x receptors/agonists	transferrin/metabolism	9.44154754378701e-11	1.14562710782353e-09	0.037037037037037	0.491090027111315	1	0	[31980600]
liver x receptors/agonists	tumor suppressor protein p53/genetics	9.44154754378701e-11	1.14562710782353e-09	0.037037037037037	0.491090027111315	1	0	[31980600]
malaria/genetics	TF	9.44154754378701e-11	1.14562710782353e-09	0.037037037037037	0.491090027111315	1	0	[31980600]
malaria/genetics	transferrin/metabolism	9.44154754378701e-11	1.14562710782353e-09	0.037037037037037	0.491090027111315	1	0	[31980600]
malaria/genetics	tumor suppressor protein p53/genetics	9.44154754378701e-11	1.14562710782353e-09	0.037037037037037	0.491090027111315	1	0	[31980600]
TF	transferrin/metabolism	9.44154754378701e-11	1.14562710782353e-09	0.037037037037037	0.491090027111315	1	0	[31980600]
TF	tumor suppressor protein p53/genetics	9.44154754378701e-11	1.14562710782353e-09	0.037037037037037	0.491090027111315	1	0	[31980600]
malondialdehyde/metabolism	TF	5.20281008627999e-05	0.0001094038727744	0.0503083414475819	0.583915496397244	1	2	[40451026]
TF	TFRC	5.20281008627999e-05	0.0001094038727744	0.0503083414475819	0.583915496397244	1	2	[40451026]
transferrin/metabolism	tumor suppressor protein p53/genetics	9.44154754378701e-11	1.14562710782353e-09	0.037037037037037	0.491090027111315	1	0	[31980600]
glutathione	iron/blood	0	0	0.037037037037037	0.491090027111315	1	0	[34396451]
glutathione	kidney	0	0	0.037037037037037	0.491090027111315	1	0	[34396451]
glutathione	liver/pathology	0	0	0.037037037037037	0.491090027111315	1	0	[34396451]
glutathione	malondialdehyde/blood	0	0	0.037037037037037	0.491090027111315	1	0	[34396451]
glutathione	phospholipid hydroperoxide glutathione peroxidase	0	0	0.037037037037037	0.491090027111315	1	0	[34396451]
glutathione	spleen/pathology	0	0	0.037037037037037	0.491090027111315	1	0	[34396451]
iron/blood	kidney	0	0	0.037037037037037	0.491090027111315	1	0	[34396451]
iron/blood	liver/pathology	0	0	0.037037037037037	0.491090027111315	1	0	[34396451]
iron/blood	malondialdehyde/blood	0	0	0.037037037037037	0.491090027111315	1	0	[34396451]
iron/blood	phospholipid hydroperoxide glutathione peroxidase	0	0	0.037037037037037	0.491090027111315	1	0	[34396451]
iron/blood	spleen/pathology	0	0	0.037037037037037	0.491090027111315	1	0	[34396451]
kidney	liver/pathology	0	0	0.037037037037037	0.491090027111315	1	0	[34396451]
kidney	malondialdehyde/blood	0	0	0.037037037037037	0.491090027111315	1	0	[34396451]
kidney	phospholipid hydroperoxide glutathione peroxidase	0	0	0.037037037037037	0.491090027111315	1	0	[34396451]
kidney	spleen/pathology	0	0	0.037037037037037	0.491090027111315	1	0	[34396451]
liver/pathology	malondialdehyde/blood	0	0	0.037037037037037	0.491090027111315	1	0	[34396451]
liver/pathology	phospholipid hydroperoxide glutathione peroxidase	0	0	0.037037037037037	0.491090027111315	1	0	[34396451]
liver/pathology	spleen/pathology	0	0	0.037037037037037	0.491090027111315	1	0	[34396451]
malondialdehyde/blood	phospholipid hydroperoxide glutathione peroxidase	0	0	0.037037037037037	0.491090027111315	1	0	[34396451]
malondialdehyde/blood	spleen/pathology	0	0	0.037037037037037	0.491090027111315	1	0	[34396451]
phospholipid hydroperoxide glutathione peroxidase	spleen/pathology	0	0	0.037037037037037	0.491090027111315	1	0	[34396451]
interleukins/metabolism	tumor escape/immunology	4.49973391880576e-13	2.34884144181216e-12	0.0147058823529411	0.5011717509037	1	1	[39321806]
interleukins/metabolism	liver neoplasms/immunology	4.49973391880576e-13	2.34884144181216e-12	0.0147058823529411	0.5011717509037	1	1	[39321806]
cellular reprogramming/immunology	interleukins/metabolism	4.49973391880576e-13	2.34884144181216e-12	0.0147058823529411	0.5011717509037	1	1	[39321806]
interleukins/metabolism	neoplastic stem cells/immunology	4.49973391880576e-13	2.34884144181216e-12	0.0147058823529411	0.5011717509037	1	1	[39321806]
IL34	interleukins/metabolism	4.49973391880576e-13	2.34884144181216e-12	0.0147058823529411	0.5011717509037	1	1	[39321806]
liver neoplasms/immunology	tumor escape/immunology	4.49973391880576e-13	2.34884144181216e-12	0.0147058823529411	0.5011717509037	1	1	[39321806]
cellular reprogramming/immunology	tumor escape/immunology	4.49973391880576e-13	2.34884144181216e-12	0.0147058823529411	0.5011717509037	1	1	[39321806]
neoplastic stem cells/immunology	tumor escape/immunology	4.49973391880576e-13	2.34884144181216e-12	0.0147058823529411	0.5011717509037	1	1	[39321806]
IL34	tumor escape/immunology	4.49973391880576e-13	2.34884144181216e-12	0.0147058823529411	0.5011717509037	1	1	[39321806]
cellular reprogramming/immunology	liver neoplasms/immunology	4.49973391880576e-13	2.34884144181216e-12	0.0147058823529411	0.5011717509037	1	1	[39321806]
liver neoplasms/immunology	neoplastic stem cells/immunology	4.49973391880576e-13	2.34884144181216e-12	0.0147058823529411	0.5011717509037	1	1	[39321806]
IL34	liver neoplasms/immunology	4.49973391880576e-13	2.34884144181216e-12	0.0147058823529411	0.5011717509037	1	1	[39321806]
cellular reprogramming/immunology	neoplastic stem cells/immunology	4.49973391880576e-13	2.34884144181216e-12	0.0147058823529411	0.5011717509037	1	1	[39321806]
cellular reprogramming/immunology	IL34	4.49973391880576e-13	2.34884144181216e-12	0.0147058823529411	0.5011717509037	1	1	[39321806]
IL34	neoplastic stem cells/immunology	4.49973391880576e-13	2.34884144181216e-12	0.0147058823529411	0.5011717509037	1	1	[39321806]
protease inhibitors/pharmacology	rna messenger/metabolism	1.25016555996282e-08	4.41593719480215e-08	0.0294117647058823	0.5011717509037	1	1	[31257391]
carcinoma hepatocellular/drug therapy	rna messenger/metabolism	1.25016555996282e-08	4.41593719480215e-08	0.0294117647058823	0.5011717509037	1	1	[31257391]
plant extracts/pharmacology	rna messenger/metabolism	1.25016555996282e-08	4.41593719480215e-08	0.0294117647058823	0.5011717509037	1	1	[31257391]
gastrointestinal tract	rna messenger/metabolism	1.25016555996282e-08	4.41593719480215e-08	0.0294117647058823	0.5011717509037	1	1	[31257391]
digestion	rna messenger/metabolism	1.25016555996282e-08	4.41593719480215e-08	0.0294117647058823	0.5011717509037	1	1	[31257391]
rna messenger/metabolism	stem cell factor/metabolism	1.25016555996282e-08	4.41593719480215e-08	0.0294117647058823	0.5011717509037	1	1	[31257391]
macrophages/immunology	rna messenger/metabolism	0.0020244530166931	0.0032641743016063	0.115013169446883	0.5011717509037	1	1	[31257391]
gastrointestinal tract	protease inhibitors/pharmacology	1.38777878078145e-14	8.84107601943166e-14	0.0147058823529411	0.5011717509037	1	1	[31257391]
carcinoma hepatocellular/drug therapy	protease inhibitors/pharmacology	1.38777878078145e-14	8.84107601943166e-14	0.0147058823529411	0.5011717509037	1	1	[31257391]
protease inhibitors/pharmacology	stem cell factor/metabolism	1.38777878078145e-14	8.84107601943166e-14	0.0147058823529411	0.5011717509037	1	1	[31257391]
macrophages/immunology	protease inhibitors/pharmacology	2.46434712076748e-05	5.33755690980374e-05	0.0588235294117647	0.5011717509037	1	1	[31257391]
plant extracts/pharmacology	protease inhibitors/pharmacology	1.38777878078145e-14	8.84107601943166e-14	0.0147058823529411	0.5011717509037	1	1	[31257391]
digestion	protease inhibitors/pharmacology	1.38777878078145e-14	8.84107601943166e-14	0.0147058823529411	0.5011717509037	1	1	[31257391]
carcinoma hepatocellular/drug therapy	gastrointestinal tract	1.38777878078145e-14	8.84107601943166e-14	0.0147058823529411	0.5011717509037	1	1	[31257391]
carcinoma hepatocellular/drug therapy	stem cell factor/metabolism	1.38777878078145e-14	8.84107601943166e-14	0.0147058823529411	0.5011717509037	1	1	[31257391]
carcinoma hepatocellular/drug therapy	macrophages/immunology	2.46434712076748e-05	5.33755690980374e-05	0.0588235294117647	0.5011717509037	1	1	[31257391]
carcinoma hepatocellular/drug therapy	plant extracts/pharmacology	1.38777878078145e-14	8.84107601943166e-14	0.0147058823529411	0.5011717509037	1	1	[31257391]
carcinoma hepatocellular/drug therapy	digestion	1.38777878078145e-14	8.84107601943166e-14	0.0147058823529411	0.5011717509037	1	1	[31257391]
gastrointestinal tract	stem cell factor/metabolism	1.38777878078145e-14	8.84107601943166e-14	0.0147058823529411	0.5011717509037	1	1	[31257391]
macrophages/immunology	stem cell factor/metabolism	2.46434712076748e-05	5.33755690980374e-05	0.0588235294117647	0.5011717509037	1	1	[31257391]
plant extracts/pharmacology	stem cell factor/metabolism	1.38777878078145e-14	8.84107601943166e-14	0.0147058823529411	0.5011717509037	1	1	[31257391]
digestion	stem cell factor/metabolism	1.38777878078145e-14	8.84107601943166e-14	0.0147058823529411	0.5011717509037	1	1	[31257391]
gastrointestinal tract	plant extracts/pharmacology	1.38777878078145e-14	8.84107601943166e-14	0.0147058823529411	0.5011717509037	1	1	[31257391]
macrophages/immunology	plant extracts/pharmacology	2.46434712076748e-05	5.33755690980374e-05	0.0588235294117647	0.5011717509037	1	1	[31257391]
digestion	plant extracts/pharmacology	1.38777878078145e-14	8.84107601943166e-14	0.0147058823529411	0.5011717509037	1	1	[31257391]
digestion	gastrointestinal tract	1.38777878078145e-14	8.84107601943166e-14	0.0147058823529411	0.5011717509037	1	1	[31257391]
digestion	macrophages/immunology	2.46434712076748e-05	5.33755690980374e-05	0.0588235294117647	0.5011717509037	1	1	[31257391]
gastrointestinal tract	macrophages/immunology	2.46434712076748e-05	5.33755690980374e-05	0.0588235294117647	0.5011717509037	1	1	[31257391]
nf-kappa b/metabolism	S100A8	6.48129357638805e-05	0.000132984343149	0.0583845478489903	0.5011717509037	1	1	[30755716]
diet high-fat	S100A8	0.0009228513294738	0.0015933691829292	0.0869183494293239	0.5011717509037	1	1	[30755716]
IL17A	nf-kappa b/metabolism	0.0010322885835759	0.0017615267329735	0.0869183494293239	0.5011717509037	1	1	[32353824]
diet high-fat	nf-kappa b/metabolism	5.08704189883247e-13	2.65348102539536e-12	0.001316944688323	0.186828306325089	2	1	[32353824,30755716]
nf-kappa b/metabolism	NFKB1	1.03385195671102e-06	2.56743484883849e-06	0.0065847234416154	0.186828306325089	2	1	[32353824,30755716]
diet high-fat	IL17A	0.0067295135150839	0.0097671979268138	0.1284220608189	0.5011717509037	1	1	[32353824]
diet high-fat	NFKB1	1.11330167307244e-09	4.33878906520402e-09	0.0003990741479766	0.054769758680606	3	1	[32353824,30755716,24156623]
hydroxymethylglutaryl-coa reductase inhibitors/pharmacology	neoplasm recurrence local	4.49973391880576e-13	2.34884144181216e-12	0.0147058823529411	0.5011717509037	1	1	[27756885]
breast neoplasms/drug therapy	neoplasm recurrence local	4.49973391880576e-13	2.34884144181216e-12	0.0147058823529411	0.5011717509037	1	1	[27756885]
inflammation/immunology	neoplasm recurrence local	4.49973391880576e-13	2.34884144181216e-12	0.0147058823529411	0.5011717509037	1	1	[27756885]
macrophage colony-stimulating factor/antagonists &amp; inhibitors	neoplasm recurrence local	4.49973391880576e-13	2.34884144181216e-12	0.0147058823529411	0.5011717509037	1	1	[27756885]
mesenchymal stem cells/immunology	neoplasm recurrence local	4.49973391880576e-13	2.34884144181216e-12	0.0147058823529411	0.5011717509037	1	1	[27756885]
neoplasm invasiveness	neoplasm recurrence local	4.49973391880576e-13	2.34884144181216e-12	0.0147058823529411	0.5011717509037	1	1	[27756885]
EEF1A2	neoplasm recurrence local	4.49973391880576e-13	2.34884144181216e-12	0.0147058823529411	0.5011717509037	1	1	[27756885]
breast neoplasms/drug therapy	hydroxymethylglutaryl-coa reductase inhibitors/pharmacology	4.49973391880576e-13	2.34884144181216e-12	0.0147058823529411	0.5011717509037	1	1	[27756885]
hydroxymethylglutaryl-coa reductase inhibitors/pharmacology	inflammation/immunology	4.49973391880576e-13	2.34884144181216e-12	0.0147058823529411	0.5011717509037	1	1	[27756885]
hydroxymethylglutaryl-coa reductase inhibitors/pharmacology	macrophage colony-stimulating factor/antagonists &amp; inhibitors	4.49973391880576e-13	2.34884144181216e-12	0.0147058823529411	0.5011717509037	1	1	[27756885]
hydroxymethylglutaryl-coa reductase inhibitors/pharmacology	mesenchymal stem cells/immunology	4.49973391880576e-13	2.34884144181216e-12	0.0147058823529411	0.5011717509037	1	1	[27756885]
hydroxymethylglutaryl-coa reductase inhibitors/pharmacology	neoplasm invasiveness	4.49973391880576e-13	2.34884144181216e-12	0.0147058823529411	0.5011717509037	1	1	[27756885]
EEF1A2	hydroxymethylglutaryl-coa reductase inhibitors/pharmacology	4.49973391880576e-13	2.34884144181216e-12	0.0147058823529411	0.5011717509037	1	1	[27756885]
breast neoplasms/drug therapy	inflammation/immunology	4.49973391880576e-13	2.34884144181216e-12	0.0147058823529411	0.5011717509037	1	1	[27756885]
breast neoplasms/drug therapy	macrophage colony-stimulating factor/antagonists &amp; inhibitors	4.49973391880576e-13	2.34884144181216e-12	0.0147058823529411	0.5011717509037	1	1	[27756885]
breast neoplasms/drug therapy	mesenchymal stem cells/immunology	4.49973391880576e-13	2.34884144181216e-12	0.0147058823529411	0.5011717509037	1	1	[27756885]
breast neoplasms/drug therapy	neoplasm invasiveness	4.49973391880576e-13	2.34884144181216e-12	0.0147058823529411	0.5011717509037	1	1	[27756885]
breast neoplasms/drug therapy	EEF1A2	4.49973391880576e-13	2.34884144181216e-12	0.0147058823529411	0.5011717509037	1	1	[27756885]
inflammation/immunology	macrophage colony-stimulating factor/antagonists &amp; inhibitors	4.49973391880576e-13	2.34884144181216e-12	0.0147058823529411	0.5011717509037	1	1	[27756885]
inflammation/immunology	mesenchymal stem cells/immunology	4.49973391880576e-13	2.34884144181216e-12	0.0147058823529411	0.5011717509037	1	1	[27756885]
inflammation/immunology	neoplasm invasiveness	4.49973391880576e-13	2.34884144181216e-12	0.0147058823529411	0.5011717509037	1	1	[27756885]
EEF1A2	inflammation/immunology	4.49973391880576e-13	2.34884144181216e-12	0.0147058823529411	0.5011717509037	1	1	[27756885]
macrophage colony-stimulating factor/antagonists &amp; inhibitors	mesenchymal stem cells/immunology	4.49973391880576e-13	2.34884144181216e-12	0.0147058823529411	0.5011717509037	1	1	[27756885]
macrophage colony-stimulating factor/antagonists &amp; inhibitors	neoplasm invasiveness	4.49973391880576e-13	2.34884144181216e-12	0.0147058823529411	0.5011717509037	1	1	[27756885]
EEF1A2	macrophage colony-stimulating factor/antagonists &amp; inhibitors	4.49973391880576e-13	2.34884144181216e-12	0.0147058823529411	0.5011717509037	1	1	[27756885]
mesenchymal stem cells/immunology	neoplasm invasiveness	4.49973391880576e-13	2.34884144181216e-12	0.0147058823529411	0.5011717509037	1	1	[27756885]
EEF1A2	mesenchymal stem cells/immunology	4.49973391880576e-13	2.34884144181216e-12	0.0147058823529411	0.5011717509037	1	1	[27756885]
EEF1A2	neoplasm invasiveness	4.49973391880576e-13	2.34884144181216e-12	0.0147058823529411	0.5011717509037	1	1	[27756885]
carcinoma hepatocellular/pathology	NFKB1	0.005725925897164	0.008653676299791	0.147030185004869	0.583915496397244	1	2	[38351345]
APEX1	dna-(apurinic or apyrimidinic site) lyase/metabolism	0	0	0.0126582278481012	0.583915496397244	1	2	[40136245]
receptors transferrin/metabolism	TFRC	5.94691543787107e-08	1.64804607865007e-07	0.0253164556962025	0.583915496397244	1	2	[39276841]
malondialdehyde/metabolism	TFRC	0.0001885399311764	0.0003714264221931	0.0503083414475819	0.583915496397244	1	2	[40451026]
spiral ganglion/drug effects	TFRC	5.94691543787107e-08	1.64804607865007e-07	0.0253164556962025	0.583915496397244	1	2	[39276841]
neurons/drug effects	TFRC	0.0012240410841209	0.0021276567005338	0.0749756572541382	0.583915496397244	1	2	[39276841]
organometallic compounds/toxicity	TFRC	5.94691543787107e-08	1.64804607865007e-07	0.0253164556962025	0.583915496397244	1	2	[39276841]
receptors transferrin/metabolism	spiral ganglion/drug effects	5.32907051820075e-15	3.01993119618375e-14	0.0126582278481012	0.583915496397244	1	2	[39276841]
neurons/drug effects	receptors transferrin/metabolism	2.45294843292942e-06	6.10479713166082e-06	0.0379746835443037	0.583915496397244	1	2	[39276841]
organometallic compounds/toxicity	receptors transferrin/metabolism	5.32907051820075e-15	3.01993119618375e-14	0.0126582278481012	0.583915496397244	1	2	[39276841]
cyclohexylamines	leydig cells/metabolism	5.32907051820075e-15	3.01993119618375e-14	0.0126582278481012	0.583915496397244	1	2	[39212400]
cyclohexylamines	malondialdehyde/metabolism	5.94691543787107e-08	1.64804607865007e-07	0.0253164556962025	0.583915496397244	1	2	[39212400]
cyclohexylamines	superoxide dismutase/metabolism	5.32907051820075e-15	3.01993119618375e-14	0.0126582278481012	0.583915496397244	1	2	[39212400]
cyclohexylamines	testosterone	5.32907051820075e-15	3.01993119618375e-14	0.0126582278481012	0.583915496397244	1	2	[39212400]
cyclohexylamines	phenylenediamines	5.32907051820075e-15	3.01993119618375e-14	0.0126582278481012	0.583915496397244	1	2	[39212400]
cyclohexylamines	drugs chinese herbal/pharmacology	5.32907051820075e-15	3.01993119618375e-14	0.0126582278481012	0.583915496397244	1	2	[39212400]
cyclohexylamines	hydrogen peroxide	5.32907051820075e-15	3.01993119618375e-14	0.0126582278481012	0.583915496397244	1	2	[39212400]
cyclohexylamines	TPM3	5.32907051820075e-15	3.01993119618375e-14	0.0126582278481012	0.583915496397244	1	2	[39212400]
kidney/drug effects	polysaccharides/pharmacology	0	0	0.0126582278481012	0.583915496397244	1	2	[40752796]
diabetic nephropathies/drug therapy	polysaccharides/pharmacology	0	0	0.0126582278481012	0.583915496397244	1	2	[40752796]
LPO	polysaccharides/pharmacology	0	0	0.0126582278481012	0.583915496397244	1	2	[40752796]
leydig cells/metabolism	malondialdehyde/metabolism	5.94691543787107e-08	1.64804607865007e-07	0.0253164556962025	0.583915496397244	1	2	[39212400]
leydig cells/metabolism	superoxide dismutase/metabolism	5.32907051820075e-15	3.01993119618375e-14	0.0126582278481012	0.583915496397244	1	2	[39212400]
leydig cells/metabolism	testosterone	5.32907051820075e-15	3.01993119618375e-14	0.0126582278481012	0.583915496397244	1	2	[39212400]
leydig cells/metabolism	phenylenediamines	5.32907051820075e-15	3.01993119618375e-14	0.0126582278481012	0.583915496397244	1	2	[39212400]
drugs chinese herbal/pharmacology	leydig cells/metabolism	5.32907051820075e-15	3.01993119618375e-14	0.0126582278481012	0.583915496397244	1	2	[39212400]
hydrogen peroxide	leydig cells/metabolism	5.32907051820075e-15	3.01993119618375e-14	0.0126582278481012	0.583915496397244	1	2	[39212400]
leydig cells/metabolism	TPM3	5.32907051820075e-15	3.01993119618375e-14	0.0126582278481012	0.583915496397244	1	2	[39212400]
malondialdehyde/metabolism	superoxide dismutase/metabolism	5.94691543787107e-08	1.64804607865007e-07	0.0253164556962025	0.583915496397244	1	2	[39212400]
malondialdehyde/metabolism	testosterone	5.94691543787107e-08	1.64804607865007e-07	0.0253164556962025	0.583915496397244	1	2	[39212400]
malondialdehyde/metabolism	phenylenediamines	5.94691543787107e-08	1.64804607865007e-07	0.0253164556962025	0.583915496397244	1	2	[39212400]
drugs chinese herbal/pharmacology	malondialdehyde/metabolism	5.94691543787107e-08	1.64804607865007e-07	0.0253164556962025	0.583915496397244	1	2	[39212400]
hydrogen peroxide	malondialdehyde/metabolism	5.94691543787107e-08	1.64804607865007e-07	0.0253164556962025	0.583915496397244	1	2	[39212400]
malondialdehyde/metabolism	TPM3	5.94691543787107e-08	1.64804607865007e-07	0.0253164556962025	0.583915496397244	1	2	[39212400]
aging/metabolism	antioxidants/metabolism	0	0	0.0126582278481012	0.583915496397244	1	2	[40724917]
aging/metabolism	neurons/metabolism	0	0	0.0126582278481012	0.583915496397244	1	2	[40724917]
aging/metabolism	folic acid/pharmacology	0	0	0.0126582278481012	0.583915496397244	1	2	[40724917]
aging/metabolism	cystine/metabolism	0	0	0.0126582278481012	0.583915496397244	1	2	[40724917]
superoxide dismutase/metabolism	testosterone	5.32907051820075e-15	3.01993119618375e-14	0.0126582278481012	0.583915496397244	1	2	[39212400]
phenylenediamines	superoxide dismutase/metabolism	5.32907051820075e-15	3.01993119618375e-14	0.0126582278481012	0.583915496397244	1	2	[39212400]
drugs chinese herbal/pharmacology	superoxide dismutase/metabolism	5.32907051820075e-15	3.01993119618375e-14	0.0126582278481012	0.583915496397244	1	2	[39212400]
hydrogen peroxide	superoxide dismutase/metabolism	5.32907051820075e-15	3.01993119618375e-14	0.0126582278481012	0.583915496397244	1	2	[39212400]
superoxide dismutase/metabolism	TPM3	5.32907051820075e-15	3.01993119618375e-14	0.0126582278481012	0.583915496397244	1	2	[39212400]
antioxidants/metabolism	neurons/metabolism	0	0	0.0126582278481012	0.583915496397244	1	2	[40724917]
antioxidants/metabolism	folic acid/pharmacology	0	0	0.0126582278481012	0.583915496397244	1	2	[40724917]
antioxidants/metabolism	cystine/metabolism	0	0	0.0126582278481012	0.583915496397244	1	2	[40724917]
folic acid/pharmacology	neurons/metabolism	0	0	0.0126582278481012	0.583915496397244	1	2	[40724917]
cystine/metabolism	neurons/metabolism	0	0	0.0126582278481012	0.583915496397244	1	2	[40724917]
cystine/metabolism	folic acid/pharmacology	0	0	0.0126582278481012	0.583915496397244	1	2	[40724917]
neurons/drug effects	spiral ganglion/drug effects	2.45294843292942e-06	6.10479713166082e-06	0.0379746835443037	0.583915496397244	1	2	[39276841]
organometallic compounds/toxicity	spiral ganglion/drug effects	5.32907051820075e-15	3.01993119618375e-14	0.0126582278481012	0.583915496397244	1	2	[39276841]
phenylenediamines	testosterone	5.32907051820075e-15	3.01993119618375e-14	0.0126582278481012	0.583915496397244	1	2	[39212400]
drugs chinese herbal/pharmacology	testosterone	5.32907051820075e-15	3.01993119618375e-14	0.0126582278481012	0.583915496397244	1	2	[39212400]
hydrogen peroxide	testosterone	5.32907051820075e-15	3.01993119618375e-14	0.0126582278481012	0.583915496397244	1	2	[39212400]
testosterone	TPM3	5.32907051820075e-15	3.01993119618375e-14	0.0126582278481012	0.583915496397244	1	2	[39212400]
drugs chinese herbal/pharmacology	phenylenediamines	5.32907051820075e-15	3.01993119618375e-14	0.0126582278481012	0.583915496397244	1	2	[39212400]
hydrogen peroxide	phenylenediamines	5.32907051820075e-15	3.01993119618375e-14	0.0126582278481012	0.583915496397244	1	2	[39212400]
phenylenediamines	TPM3	5.32907051820075e-15	3.01993119618375e-14	0.0126582278481012	0.583915496397244	1	2	[39212400]
diabetic nephropathies/drug therapy	kidney/drug effects	0	0	0.0126582278481012	0.583915496397244	1	2	[40752796]
kidney/drug effects	LPO	0	0	0.0126582278481012	0.583915496397244	1	2	[40752796]
drugs chinese herbal/pharmacology	hydrogen peroxide	5.32907051820075e-15	3.01993119618375e-14	0.0126582278481012	0.583915496397244	1	2	[39212400]
drugs chinese herbal/pharmacology	TPM3	5.32907051820075e-15	3.01993119618375e-14	0.0126582278481012	0.583915496397244	1	2	[39212400]
hydrogen peroxide	TPM3	5.32907051820075e-15	3.01993119618375e-14	0.0126582278481012	0.583915496397244	1	2	[39212400]
diabetic nephropathies/drug therapy	LPO	0	0	0.0126582278481012	0.583915496397244	1	2	[40752796]
neurons/drug effects	organometallic compounds/toxicity	2.45294843292942e-06	6.10479713166082e-06	0.0379746835443037	0.583915496397244	1	2	[39276841]
chondrocytes/drug effects	selenomethionine/pharmacology	0	0	0.0126582278481012	0.583915496397244	1	2	[39700767]
cartilage articular/drug effects	selenomethionine/pharmacology	0	0	0.0126582278481012	0.583915496397244	1	2	[39700767]
selenomethionine/pharmacology	t-2 toxin/toxicity	0	0	0.0126582278481012	0.583915496397244	1	2	[39700767]
cartilage articular/drug effects	chondrocytes/drug effects	0	0	0.0126582278481012	0.583915496397244	1	2	[39700767]
chondrocytes/drug effects	t-2 toxin/toxicity	0	0	0.0126582278481012	0.583915496397244	1	2	[39700767]
chalcones/toxicity	embryo nonmammalian/drug effects	0	0	0.0126582278481012	0.583915496397244	1	2	[38581191]
chalcones/toxicity	membrane potential mitochondrial/drug effects	0	0	0.0126582278481012	0.583915496397244	1	2	[38581191]
chalcones/toxicity	chemical and drug induced liver injury/metabolism	0	0	0.0126582278481012	0.583915496397244	1	2	[38581191]
ATP8A2	chalcones/toxicity	0	0	0.0126582278481012	0.583915496397244	1	2	[38581191]
neurons/drug effects	selenium/chemistry	1.31783473023006e-13	6.93773449836425e-13	0.0379746835443037	0.583915496397244	1	2	[40570981]
embryo nonmammalian/drug effects	membrane potential mitochondrial/drug effects	0	0	0.0126582278481012	0.583915496397244	1	2	[38581191]
chemical and drug induced liver injury/metabolism	embryo nonmammalian/drug effects	0	0	0.0126582278481012	0.583915496397244	1	2	[38581191]
ATP8A2	embryo nonmammalian/drug effects	0	0	0.0126582278481012	0.583915496397244	1	2	[38581191]
chemical and drug induced liver injury/metabolism	membrane potential mitochondrial/drug effects	0	0	0.0126582278481012	0.583915496397244	1	2	[38581191]
ATP8A2	membrane potential mitochondrial/drug effects	0	0	0.0126582278481012	0.583915496397244	1	2	[38581191]
cartilage articular/drug effects	t-2 toxin/toxicity	0	0	0.0126582278481012	0.583915496397244	1	2	[39700767]
ATP8A2	chemical and drug induced liver injury/metabolism	0	0	0.0126582278481012	0.583915496397244	1	2	[38581191]
