entity	category	node_weight	occurrence	btw_cnt	cls_cnt	strength	qscore	Knode	ranking	repGM	repGT
drug resistance neoplasm	MESH	0.037037037037037	1	0.0	2.02467225457843	5.06092900844234	1.0	0.0	7	3.7037037037037033	3.7037037037037033
triple negative breast neoplasms/drug therapy	MESH	0.037037037037037	1	0.0	2.02467225457843	5.06092900844234	1.0	0.0	10	3.7037037037037033	3.7037037037037033
tumor-associated macrophages/drug effects	MESH	0.037037037037037	1	0.0	2.02467225457843	5.06092900844234	1.0	0.0	3	3.7037037037037033	3.7037037037037033
basic-leucine zipper transcription factors/analysis	MESH	0.037037037037037	1	0.0	2.02467225457843	5.06092900844234	1.0	0.0	6	3.7037037037037033	3.7037037037037033
