kw1	kw2	pg	crit_p	edge_weight	inv_edge_weight	R1C1	iteration
drug resistance neoplasm	basic-leucine zipper transcription factors/analysis	4.50449207933801e-08	2.84818917781398e-07	0.037037037037037	0.493907099155766	1	0
drug resistance neoplasm	triple negative breast neoplasms/drug therapy	4.50449207933801e-08	2.84818917781398e-07	0.037037037037037	0.493907099155766	1	0
drug resistance neoplasm	tumor-associated macrophages/drug effects	4.50449207933801e-08	2.84818917781398e-07	0.037037037037037	0.493907099155766	1	0
triple negative breast neoplasms/drug therapy	basic-leucine zipper transcription factors/analysis	4.50449207933801e-08	2.84818917781398e-07	0.037037037037037	0.493907099155766	1	0
triple negative breast neoplasms/drug therapy	tumor-associated macrophages/drug effects	4.50449207933801e-08	2.84818917781398e-07	0.037037037037037	0.493907099155766	1	0
tumor-associated macrophages/drug effects	basic-leucine zipper transcription factors/analysis	4.50449207933801e-08	2.84818917781398e-07	0.037037037037037	0.493907099155766	1	0
