entity	category	node_weight	occurrence	btw_cnt	cls_cnt	strength	qscore	Knode	ranking	repGM	repGT
FTH1	GENE	0.037037037037037	1	0.0	2.02319851034623	8.09173004122967	1.0	0.0	7	3.7037037037037033	3.7037037037037033
NOX4	GENE	0.037037037037037	1	0.0	2.02319851034623	8.09173004122967	1.0	0.0	1	3.7037037037037033	3.7037037037037033
NLRP3	GENE	0.037037037037037	1	0.0	2.02319851034623	8.09173004122967	1.0	0.0	15	3.7037037037037033	3.7037037037037033
HMGB1	GENE	0.037037037037037	1	0.0	2.02319851034623	8.09173004122967	1.0	0.0	10	3.7037037037037033	3.7037037037037033
