entity	category	node_weight	occurrence	btw_cnt	cls_cnt	strength	qscore	Knode	ranking	repGM	repGT
HIF1A	GENE	0.037037037037037	1	0.0	0.257335681833081	5.5630644033454	0.288942107455227	0.323108165805498	52	3.7037037037037033	3.7037037037037033
FN1	GENE	0.037037037037037	1	0.0	0.257335681833081	5.5630644033454	0.288942107455227	0.323108165805498	53	3.7037037037037033	3.7037037037037033
MMRN1	GENE	0.037037037037037	1	0.0	0.257335681833081	5.5630644033454	0.288942107455227	0.323108165805498	51	3.7037037037037033	3.7037037037037033
