entity	category	node_weight	occurrence	btw_cnt	cls_cnt	strength	qscore	Knode	ranking	repGM	repGT
JAK2	GENE	0.037037037037037	1	0.0	2.04251629356671	4.59367040138323	1.0	0.0	3	3.7037037037037033	3.7037037037037033
STAT3	GENE	0.037037037037037	1	0.0	2.04251629356671	4.59367040138323	1.0	0.0	10	3.7037037037037033	3.7037037037037033
IL6	GENE	0.037037037037037	1	0.0	2.04251629356671	4.59367040138323	1.0	0.0	7	3.7037037037037033	3.7037037037037033
HLF	GENE	0.037037037037037	1	0.0	2.04251629356671	4.59367040138323	1.0	0.0	8	3.7037037037037033	3.7037037037037033
GGT1	GENE	0.037037037037037	1	0.0	2.04251629356671	4.59367040138323	1.0	0.0	1	3.7037037037037033	3.7037037037037033
TGFB1	GENE	0.037037037037037	1	0.0	2.04251629356671	4.59367040138323	1.0	0.0	2	3.7037037037037033	3.7037037037037033
