entity	category	node_weight	occurrence	btw_cnt	cls_cnt	strength	qscore	Knode	ranking	repGM	repGT
AIFM2	GENE	0.037037037037037	1	0.0	0.312235088628082	3.54013189303798	0.107871720116618	0.0756859915350836	158	3.7037037037037033	3.7037037037037033
ATL1	GENE	0.037037037037037	1	0.0	0.312235088628082	3.54013189303798	0.107871720116618	0.0756859915350836	157	3.7037037037037033	3.7037037037037033
S100A4	GENE	0.037037037037037	1	0.0	0.312235088628082	3.54013189303798	0.107871720116618	0.0756859915350836	161	3.7037037037037033	3.7037037037037033
ACSL4	GENE	0.037037037037037	1	0.0	0.312235088628082	3.54013189303798	0.107871720116618	0.0756859915350836	162	3.7037037037037033	3.7037037037037033
