kw1	kw2	pg	crit_p	edge_weight	inv_edge_weight	R1C1	iteration
AIFM2	ATL1	3.22580329115141e-09	2.68890589406251e-08	0.037037037037037	0.494266872423146	1	0
AIFM2	ACSL4	3.22580329115141e-09	2.68890589406251e-08	0.037037037037037	0.494266872423146	1	0
AIFM2	S100A4	3.22580329115141e-09	2.68890589406251e-08	0.037037037037037	0.494266872423146	1	0
ATL1	ACSL4	3.22580329115141e-09	2.68890589406251e-08	0.037037037037037	0.494266872423146	1	0
ATL1	S100A4	3.22580329115141e-09	2.68890589406251e-08	0.037037037037037	0.494266872423146	1	0
S100A4	ACSL4	3.22580329115141e-09	2.68890589406251e-08	0.037037037037037	0.494266872423146	1	0
