entity	category	node_weight	occurrence	btw_cnt	cls_cnt	strength	qscore	Knode	ranking	repGM	repGT
TICAM1	GENE	0.037037037037037	1	0.0	2.02467225457843	6.07311481013081	0.769230769230769	-0.0081929904415112	9	4.444444444444445	7.4074074074074066
TLR4	GENE	0.074074074074074	2	0.0	2.2636345116958	6.69879084366397	1.0	0.0546199362767409	3	4.444444444444445	7.4074074074074066
TRIM69	GENE	0.037037037037037	1	0.0	2.02467225457843	6.07311481013081	0.769230769230769	-0.0081929904415112	13	4.444444444444445	7.4074074074074066
