kw1	kw2	pg	crit_p	edge_weight	inv_edge_weight	R1C1	iteration
S100A4	ACSL4	2.9402169587911e-09	2.91283842030843e-08	0.037037037037037	0.493907099155766	1	0
S100A4	AIFM2	2.9402169587911e-09	2.91283842030843e-08	0.037037037037037	0.493907099155766	1	0
S100A4	ATL1	2.9402169587911e-09	2.91283842030843e-08	0.037037037037037	0.493907099155766	1	0
ACSL4	AIFM2	2.9402169587911e-09	2.91283842030843e-08	0.037037037037037	0.493907099155766	1	0
ACSL4	ATL1	2.9402169587911e-09	2.91283842030843e-08	0.037037037037037	0.493907099155766	1	0
ATL1	AIFM2	2.9402169587911e-09	2.91283842030843e-08	0.037037037037037	0.493907099155766	1	0
