kw1	kw2	pg	crit_p	edge_weight	inv_edge_weight	R1C1	iteration
SLC7A11	ATM	0.005235410449821	0.0098850689588827	0.148148148148148	0.493907099155766	1	0
SLC7A11	SLC9A1	0.0002916196428681	0.0008063200746874	0.017094017094017	0.181069082389183	2	0
ATM	SLC9A1	6.62882899437056e-05	0.0002234262334603	0.074074074074074	0.493907099155766	1	0
SLC3A2	SLC9A1	0.0002324533812879	0.0006553150046217	0.074074074074074	0.493907099155766	1	0
CD8A	SLC9A1	0.0041518916602728	0.0080632372164187	0.0284900284900284	0.181069082389183	2	0
