entity	category	node_weight	occurrence	btw_cnt	cls_cnt	strength	qscore	Knode	ranking	repGM	repGT
TF	GENE	0.037037037037037	1	488.754137115839	0.419346308782366	5.06092900844234	0.440962099125364	0.669564824310506	66	4.444444444444445	11.11111111111111
ASAH2	GENE	0.037037037037037	1	144.8	0.34147528053859	5.56702190928657	0.446897126197418	0.761718418651835	18	4.444444444444445	11.11111111111111
TP53	GENE	0.111111111111111	3	5061.88723404255	0.395301841942048	12.4590676370282	0.98469387755102	0.740544379670482	28	4.444444444444445	11.11111111111111
HMOX1	GENE	0.037037037037037	1	144.8	0.34147528053859	5.56702190928657	0.446897126197418	0.761718418651835	25	4.444444444444445	11.11111111111111
