entity	category	node_weight	occurrence	btw_cnt	cls_cnt	strength	qscore	Knode	ranking	repGM	repGT
KDM8	GENE	0.037037037037037	1	0.0	0.261829353332983	7.59139351266351	0.295189504373178	-0.0662584843019708	185	3.7037037037037033	3.7037037037037033
STING1	GENE	0.037037037037037	1	0.0	0.261829353332983	7.59139351266351	0.295189504373178	-0.0662584843019708	183	3.7037037037037033	3.7037037037037033
