entity	category	node_weight	occurrence	btw_cnt	cls_cnt	strength	qscore	Knode	ranking	repGM	repGT
GSK3B	GENE	0.037037037037037	1	0.0	2.04251629356671	6.12489386851098	1.0	0.0	7	3.7037037037037033	3.7037037037037033
CTLA4	GENE	0.037037037037037	1	0.0	2.04251629356671	6.12489386851098	1.0	0.0	10	3.7037037037037033	3.7037037037037033
MTOR	GENE	0.037037037037037	1	0.0	2.04251629356671	6.12489386851098	1.0	0.0	13	3.7037037037037033	3.7037037037037033
PRKAA2	GENE	0.037037037037037	1	0.0	2.04251629356671	6.12489386851098	1.0	0.0	5	3.7037037037037033	3.7037037037037033
BTRC	GENE	0.037037037037037	1	0.0	2.04251629356671	6.12489386851098	1.0	0.0	1	3.7037037037037033	3.7037037037037033
GABPA	GENE	0.037037037037037	1	0.0	2.04251629356671	6.12489386851098	1.0	0.0	2	3.7037037037037033	3.7037037037037033
