kw1	kw2	pg	crit_p	edge_weight	inv_edge_weight	R1C1	iteration
FTH1	NOX4	0.001586223378875	0.0032636244329516	0.037037037037037	0.494266872423146	1	0
FTH1	NLRP3	0.001586223378875	0.0032636244329516	0.037037037037037	0.494266872423146	1	0
FTH1	HMGB1	0.001586223378875	0.0032636244329516	0.037037037037037	0.494266872423146	1	0
NOX4	HMGB1	0.001586223378875	0.0032636244329516	0.037037037037037	0.494266872423146	1	0
NOX4	NLRP3	0.001586223378875	0.0032636244329516	0.037037037037037	0.494266872423146	1	0
NLRP3	HMGB1	0.001586223378875	0.0032636244329516	0.037037037037037	0.494266872423146	1	0
