entity	category	node_weight	occurrence	btw_cnt	cls_cnt	strength	qscore	Knode	ranking	repGM	repGT
HIF1A	GENE	0.037037037037037	1	0.0	0.295166868165669	5.56702190928657	0.242711370262391	0.717767571654903	46	3.7037037037037033	3.7037037037037033
MMRN1	GENE	0.037037037037037	1	0.0	0.295166868165669	5.56702190928657	0.242711370262391	0.717767571654903	49	3.7037037037037033	3.7037037037037033
FN1	GENE	0.037037037037037	1	0.0	0.295166868165669	5.56702190928657	0.242711370262391	0.717767571654903	51	3.7037037037037033	3.7037037037037033
