entity	category	node_weight	occurrence	btw_cnt	cls_cnt	strength	qscore	Knode	ranking	repGM	repGT
KDM8	GENE	0.037037037037037	1	0.0	0.225114481681264	7.58599691365281	0.348656809662641	0.103898397522734	139	3.7037037037037033	3.7037037037037033
STING1	GENE	0.037037037037037	1	0.0	0.225114481681264	7.58599691365281	0.348656809662641	0.103898397522734	137	3.7037037037037033	3.7037037037037033
