kw1	kw2	pg	crit_p	edge_weight	inv_edge_weight	R1C1	iteration
HIF1A	FN1	2.45797683440241e-06	1.03328421674188e-05	0.037037037037037	0.494266872423146	1	0
HIF1A	MMRN1	2.45797683440241e-06	1.03328421674188e-05	0.037037037037037	0.494266872423146	1	0
FN1	MMRN1	2.45797683440241e-06	1.03328421674188e-05	0.037037037037037	0.494266872423146	1	0
