entity	category	node_weight	occurrence	btw_cnt	cls_cnt	strength	qscore	Knode	ranking	repGM	repGT
CD36	GENE	0.037037037037037	1	160.707246376812	0.308014254171374	4.04874320675387	0.204966680549771	-0.0311019049866136	176	5.555555555555555	11.11111111111111
PDCD1	GENE	0.111111111111111	3	0.0	0.307407451850925	3.34939542183199	0.0245991253644315	0.0040769139570062	159	5.555555555555555	11.11111111111111
