entity	category	node_weight	occurrence	btw_cnt	cls_cnt	strength	qscore	Knode	ranking	repGM	repGT
HIF1A	GENE	0.037037037037037	1	0.0	0.395670365480527	5.61448604613506	0.21895724926028	0.432828058748662	51	3.7037037037037033	3.7037037037037033
MMRN1	GENE	0.037037037037037	1	0.0	0.395670365480527	5.61448604613506	0.21895724926028	0.432828058748662	54	3.7037037037037033	3.7037037037037033
FN1	GENE	0.037037037037037	1	0.0	0.395670365480527	5.61448604613506	0.21895724926028	0.432828058748662	52	3.7037037037037033	3.7037037037037033
