kw1	kw2	pg	crit_p	edge_weight	inv_edge_weight	R1C1	iteration
HMGB1	FTH1	0.0016539894148043	0.0034004901019621	0.037037037037037	0.489592177624085	1	0
HMGB1	NLRP3	0.0016539894148043	0.0034004901019621	0.037037037037037	0.489592177624085	1	0
HMGB1	NOX4	0.0016539894148043	0.0034004901019621	0.037037037037037	0.489592177624085	1	0
FTH1	NLRP3	0.0016539894148043	0.0034004901019621	0.037037037037037	0.489592177624085	1	0
FTH1	NOX4	0.0016539894148043	0.0034004901019621	0.037037037037037	0.489592177624085	1	0
NLRP3	NOX4	0.0016539894148043	0.0034004901019621	0.037037037037037	0.489592177624085	1	0
