entity	category	node_weight	occurrence	btw_cnt	cls_cnt	strength	qscore	Knode	ranking	repGM	repGT
S100A4	GENE	0.037037037037037	1	0.0	0.387350225333711	3.54265030590964	0.0705174927113703	0.216804099948553	129	3.7037037037037033	3.7037037037037033
ACSL4	GENE	0.037037037037037	1	0.0	0.387350225333711	3.54265030590964	0.0705174927113703	0.216804099948553	130	3.7037037037037033	3.7037037037037033
ATL1	GENE	0.037037037037037	1	0.0	0.387350225333711	3.54265030590964	0.0705174927113703	0.216804099948553	133	3.7037037037037033	3.7037037037037033
AIFM2	GENE	0.037037037037037	1	0.0	0.387350225333711	3.54265030590964	0.0705174927113703	0.216804099948553	132	3.7037037037037033	3.7037037037037033
