entity	category	node_weight	occurrence	btw_cnt	cls_cnt	strength	qscore	Knode	ranking	repGM	repGT
TF	GENE	0.037037037037037	1	0.0	0.224730652306335	4.55159814819169	0.179144106622241	0.316861828659603	68	4.444444444444445	11.11111111111111
HMOX1	GENE	0.037037037037037	1	22.7777777777778	0.228448251634321	5.5630644033454	0.324083715118701	0.406690421344328	20	4.444444444444445	11.11111111111111
ASAH2	GENE	0.037037037037037	1	22.7777777777778	0.228448251634321	5.5630644033454	0.324083715118701	0.406690421344328	22	4.444444444444445	11.11111111111111
TP53	GENE	0.111111111111111	3	2411.5	0.251362591727278	12.4505101234331	0.933673469387755	0.323677910510259	46	4.444444444444445	11.11111111111111
