kw1	kw2	pg	crit_p	edge_weight	inv_edge_weight	R1C1	iteration
HIF1A	MMRN1	2.67934523456859e-06	1.12458331125664e-05	0.037037037037037	0.489592177624085	1	0
HIF1A	FN1	2.67934523456859e-06	1.12458331125664e-05	0.037037037037037	0.489592177624085	1	0
MMRN1	FN1	2.67934523456859e-06	1.12458331125664e-05	0.037037037037037	0.489592177624085	1	0
