entity	category	node_weight	occurrence	btw_cnt	cls_cnt	strength	qscore	Knode	ranking	repGM	repGT
HSPB1	GENE	0.037037037037037	1	0.0	0.29830600313649	5.05733127576854	0.215743440233236	0.269240774882115	93	3.7037037037037033	3.7037037037037033
CD44	GENE	0.037037037037037	1	0.0	0.29830600313649	5.05733127576854	0.215743440233236	0.269240774882115	89	3.7037037037037033	3.7037037037037033
SLC40A1	GENE	0.037037037037037	1	0.0	0.29830600313649	5.05733127576854	0.215743440233236	0.269240774882115	94	3.7037037037037033	3.7037037037037033
