entity	category	node_weight	occurrence	btw_cnt	cls_cnt	strength	qscore	Knode	ranking	repGM	repGT
MMRN1	GENE	0.037037037037037	1	0.0	0.395670365480527	5.61448604613506	0.21895724926028	0.432877079095934	57	3.7037037037037033	3.7037037037037033
FN1	GENE	0.037037037037037	1	0.0	0.395670365480527	5.61448604613506	0.21895724926028	0.432877079095934	54	3.7037037037037033	3.7037037037037033
HIF1A	GENE	0.037037037037037	1	0.0	0.395670365480527	5.61448604613506	0.21895724926028	0.432877079095934	56	3.7037037037037033	3.7037037037037033
