entity	category	node_weight	occurrence	btw_cnt	cls_cnt	strength	qscore	Knode	ranking	repGM	repGT
HMGB1	GENE	0.037037037037037	1	0.0	2.02467225457843	8.09748641350774	1.0	0.0	7	3.7037037037037033	3.7037037037037033
FTH1	GENE	0.037037037037037	1	0.0	2.02467225457843	8.09748641350774	1.0	0.0	2	3.7037037037037033	3.7037037037037033
NLRP3	GENE	0.037037037037037	1	0.0	2.02467225457843	8.09748641350774	1.0	0.0	16	3.7037037037037033	3.7037037037037033
NOX4	GENE	0.037037037037037	1	0.0	2.02467225457843	8.09748641350774	1.0	0.0	14	3.7037037037037033	3.7037037037037033
