kw1	kw2	pg	crit_p	edge_weight	inv_edge_weight	R1C1	iteration
TF	TP53	0.0009886483071779	0.0024449141622973	0.111111111111111	0.489592177624085	1	0
TP53	ASAH2	0.0034561842403619	0.0064947350636081	0.111111111111111	0.489592177624085	1	0
TP53	HMOX1	0.0034561842403619	0.0064947350636081	0.111111111111111	0.489592177624085	1	0
ASAH2	HMOX1	2.67934523456859e-06	1.12458331125664e-05	0.037037037037037	0.489592177624085	1	0
