entity	category	node_weight	occurrence	btw_cnt	cls_cnt	strength	qscore	Knode	ranking	repGM	repGT
SLC40A1	GENE	0.037037037037037	1	0.0	0.314740179841647	5.06092900844234	0.180393586005831	0.362412412414585	107	3.7037037037037033	3.7037037037037033
HSPB1	GENE	0.037037037037037	1	0.0	0.314740179841647	5.06092900844234	0.180393586005831	0.362412412414585	109	3.7037037037037033	3.7037037037037033
CD44	GENE	0.037037037037037	1	0.0	0.314740179841647	5.06092900844234	0.180393586005831	0.362412412414585	106	3.7037037037037033	3.7037037037037033
