entity	category	node_weight	occurrence	btw_cnt	cls_cnt	strength	qscore	Knode	ranking	repGM	repGT
SLC40A1	GENE	0.037037037037037	1	0.0	0.31902714198182	5.10407822375915	0.162738496071829	0.208336875405101	126	3.7037037037037033	3.7037037037037033
CD44	GENE	0.037037037037037	1	0.0	0.31902714198182	5.10407822375915	0.162738496071829	0.208336875405101	130	3.7037037037037033	3.7037037037037033
HSPB1	GENE	0.037037037037037	1	0.0	0.31902714198182	5.10407822375915	0.162738496071829	0.208336875405101	128	3.7037037037037033	3.7037037037037033
