kw1	kw2	pg	crit_p	edge_weight	inv_edge_weight	R1C1	iteration
TICAM1	TLR4	0.0011488805723164	0.0027568588214042	0.074074074074074	0.489592177624085	1	0
TICAM1	TRIM69	5.46352921793059e-08	3.5157882977983e-07	0.037037037037037	0.489592177624085	1	0
TLR4	TRIM69	0.0011488805723164	0.0027568588214042	0.074074074074074	0.489592177624085	1	0
