entity	category	node_weight	occurrence	btw_cnt	cls_cnt	strength	qscore	Knode	ranking	repGM	repGT
TLR4	GENE	0.074074074074074	2	0.0	2.2618582104369	6.69462765409947	1.0	0.0464269458352297	1	4.444444444444445	7.4074074074074066
TRIM69	GENE	0.037037037037037	1	0.0	2.02319851034623	6.06879753092225	0.769230769230769	-0.0063723258989532	10	4.444444444444445	7.4074074074074066
TICAM1	GENE	0.037037037037037	1	0.0	2.02319851034623	6.06879753092225	0.769230769230769	-0.0063723258989532	4	4.444444444444445	7.4074074074074066
