entity	category	node_weight	occurrence	btw_cnt	cls_cnt	strength	qscore	Knode	ranking	repGM	repGT
HLF	GENE	0.037037037037037	1	0.0	2.02319851034623	4.55159814819169	1.0	0.0	9	3.7037037037037033	3.7037037037037033
TGFB1	GENE	0.037037037037037	1	0.0	2.02319851034623	4.55159814819169	1.0	0.0	1	3.7037037037037033	3.7037037037037033
JAK2	GENE	0.037037037037037	1	0.0	2.02319851034623	4.55159814819169	1.0	0.0	2	3.7037037037037033	3.7037037037037033
IL6	GENE	0.037037037037037	1	0.0	2.02319851034623	4.55159814819169	1.0	0.0	7	3.7037037037037033	3.7037037037037033
STAT3	GENE	0.037037037037037	1	0.0	2.02319851034623	4.55159814819169	1.0	0.0	5	3.7037037037037033	3.7037037037037033
GGT1	GENE	0.037037037037037	1	0.0	2.02319851034623	4.55159814819169	1.0	0.0	4	3.7037037037037033	3.7037037037037033
