kw1	kw2	pg	crit_p	edge_weight	inv_edge_weight	R1C1	iteration
TF	TP53	0.0009154369930571	0.0022423166386495	0.111111111111111	0.493907099155766	1	0
ASAH2	HMOX1	2.31441648346209e-06	9.61524131584335e-06	0.037037037037037	0.493907099155766	1	0
ASAH2	TP53	0.0032464075114544	0.0063450153199113	0.111111111111111	0.493907099155766	1	0
TP53	HMOX1	0.0032464075114544	0.0063450153199113	0.111111111111111	0.493907099155766	1	0
