entity	category	node_weight	occurrence	btw_cnt	cls_cnt	strength	qscore	Knode	ranking	repGM	repGT
SLC7A11	GENE	0.148148148148148	4	3477.98723404255	0.35770696516973	7.20488374450821	0.810417534360683	0.776237583103478	11	6.2774639045825475	25.925925925925924
ATM	GENE	0.037037037037037	1	401.797872340425	0.346831196884778	4.55483610759811	0.258121615993336	0.725717383961954	41	6.2774639045825475	25.925925925925924
SLC3A2	GENE	0.037037037037037	1	146.8	0.306881926688672	4.04874320675387	0.196897126197418	0.730065775064267	34	6.2774639045825475	25.925925925925924
CD8A	GENE	0.185185185185185	5	0.0	0.332156992066518	1.76678101793979	0.0065597667638484	0.769825131431252	14	6.2774639045825475	25.925925925925924
SLC9A1	GENE	0.074074074074074	2	1584.8	0.347660535834383	8.52990756296326	0.86182840483132	0.772748965283019	13	6.2774639045825475	25.925925925925924
