entity	category	node_weight	occurrence	btw_cnt	cls_cnt	strength	qscore	Knode	ranking	repGM	repGT
ATM	GENE	0.037037037037037	1	1300.0	0.33295558940147	3.54013189303798	0.236151603498542	0.333741198308482	44	6.2774639045825475	25.925925925925924
SLC7A11	GENE	0.148148148148148	4	5544.0	0.303664457130112	4.1659620162152	0.358548521449396	0.292385130005995	75	6.2774639045825475	25.925925925925924
CD8A	GENE	0.185185185185185	5	0.0	0.297424547896333	1.76637082547812	0.0115576842982091	0.29691418920509	73	6.2774639045825475	25.925925925925924
SLC9A1	GENE	0.074074074074074	2	8197.0	0.314132765124549	8.52474209841864	0.949213869221158	0.30650051859443	70	6.2774639045825475	25.925925925925924
SLC3A2	GENE	0.037037037037037	1	329.833333333333	0.280439342443358	4.04586502061483	0.24963556851312	0.370169474274775	34	6.2774639045825475	25.925925925925924
