entity	category	node_weight	occurrence	btw_cnt	cls_cnt	strength	qscore	Knode	ranking	repGM	repGT
TICAM1	GENE	0.037037037037037	1	0.0	2.04251629356671	6.12489386851098	0.769230769230769	-0.0054619936276741	8	4.444444444444445	7.4074074074074066
TLR4	GENE	0.074074074074074	2	0.0	2.28514043396864	6.74868160327486	0.923076923076923	0.0364132908511606	2	4.444444444444445	7.4074074074074066
TRIM69	GENE	0.037037037037037	1	0.0	2.04251629356671	6.12489386851098	0.769230769230769	-0.0054619936276741	5	4.444444444444445	7.4074074074074066
