kw1	kw2	pg	crit_p	edge_weight	inv_edge_weight	R1C1	iteration
CD36	PDCD1	0.005235410449821	0.0098850689588827	0.111111111111111	0.493907099155766	1	0
