kw1	kw2	pg	crit_p	edge_weight	inv_edge_weight	R1C1	iteration
ATM	SLC9A1	6.92732447635791e-05	0.0002354903320594	0.074074074074074	0.494266872423146	1	0
SLC7A11	SLC9A1	0.0003039500006819	0.0008455020590398	0.017094017094017	0.181351810834537	2	0
CD8A	SLC9A1	0.0042729217176281	0.0083202331685655	0.0284900284900284	0.181351810834537	2	0
SLC9A1	SLC3A2	0.000241475428057	0.0006850246991735	0.074074074074074	0.494266872423146	1	0
