KW1	KW2	P.value	adj.P.value	FisherP.value	ztPois.cdf	Raw.CO.Occurrence	Expansion	PMIDlist
acetaminophen/pharmacology	brain neoplasms/genetics	1.51878509768721e-12	3.21494655714812e-11	0.037037037037037	0.491090027111315	1	0	[34062295]
acetaminophen/pharmacology	cation transport proteins/genetics	1.51878509768721e-12	3.21494655714812e-11	0.037037037037037	0.491090027111315	1	0	[34062295]
acetaminophen/pharmacology	gene expression regulation neoplastic	1.62808224802857e-05	6.33368658790105e-05	0.074074074074074	0.491090027111315	1	0	[34062295]
acetaminophen/pharmacology	glioblastoma/genetics	1.51878509768721e-12	3.21494655714812e-11	0.037037037037037	0.491090027111315	1	0	[34062295]
acetaminophen/pharmacology	heat-shock proteins/genetics	1.51878509768721e-12	3.21494655714812e-11	0.037037037037037	0.491090027111315	1	0	[34062295]
acetaminophen/pharmacology	hyaluronan receptors/genetics	1.51878509768721e-12	3.21494655714812e-11	0.037037037037037	0.491090027111315	1	0	[34062295]
acetaminophen/pharmacology	t-lymphocytes cytotoxic/immunology	1.51878509768721e-12	3.21494655714812e-11	0.037037037037037	0.491090027111315	1	0	[34062295]
actins/metabolism	amino acid transport system y+/metabolism	0.0009142822313443	0.0021059717799036	0.074074074074074	0.491090027111315	1	0	[34811833]
actins/metabolism	cell line	5.72955623634464e-06	2.46890239010393e-05	0.037037037037037	0.491090027111315	1	0	[34811833]
actins/metabolism	collagen type i/metabolism	5.72955623634464e-06	2.46890239010393e-05	0.037037037037037	0.491090027111315	1	0	[34811833]
actins/metabolism	hepatic stellate cells/drug effects	5.72955623634464e-06	2.46890239010393e-05	0.037037037037037	0.491090027111315	1	0	[34811833]
actins/metabolism	hepatocytes/drug effects	5.72955623634464e-06	2.46890239010393e-05	0.037037037037037	0.491090027111315	1	0	[34811833]
actins/metabolism	hypoxia-inducible factor 1 alpha subunit/metabolism	5.72955623634464e-06	2.46890239010393e-05	0.037037037037037	0.491090027111315	1	0	[34811833]
actins/metabolism	liver cirrhosis/drug therapy	5.72955623634464e-06	2.46890239010393e-05	0.037037037037037	0.491090027111315	1	0	[34811833]
actins/metabolism	macrophages/drug effects	0.0019364221367503	0.0031229382209923	0.0735294117647058	0.5011717509037	1	1	[34811833]
actins/metabolism	sorafenib/pharmacology	5.72955623634464e-06	2.46890239010393e-05	0.037037037037037	0.491090027111315	1	0	[34811833]
adaptor proteins vesicular transport/genetics	cyclohexylamines/pharmacology	0.0006867567885109	0.001610019956897	0.074074074074074	0.491090027111315	1	0	[30830879]
adaptor proteins vesicular transport/genetics	inflammation/drug therapy	3.10419946414342e-08	1.77908664941026e-07	0.037037037037037	0.491090027111315	1	0	[30830879]
adaptor proteins vesicular transport/genetics	myocardial reperfusion injury/drug therapy	3.10419946414342e-08	1.77908664941026e-07	0.037037037037037	0.491090027111315	1	0	[30830879]
adaptor proteins vesicular transport/genetics	myocardium/immunology	3.10419946414342e-08	1.77908664941026e-07	0.037037037037037	0.491090027111315	1	0	[30830879]
adaptor proteins vesicular transport/genetics	neutrophil infiltration	3.10419946414342e-08	1.77908664941026e-07	0.037037037037037	0.491090027111315	1	0	[30830879]
adaptor proteins vesicular transport/genetics	neutrophils/immunology	3.10419946414342e-08	1.77908664941026e-07	0.037037037037037	0.491090027111315	1	0	[30830879]
adaptor proteins vesicular transport/genetics	phenylenediamines/pharmacology	0.0006867567885109	0.001610019956897	0.074074074074074	0.491090027111315	1	0	[30830879]
adaptor proteins vesicular transport/genetics	toll-like receptor 4/genetics	3.10419946414342e-08	1.77908664941026e-07	0.037037037037037	0.491090027111315	1	0	[30830879]
adaptor proteins vesicular transport/genetics	ventricular function left/drug effects	3.10419946414342e-08	1.77908664941026e-07	0.037037037037037	0.491090027111315	1	0	[30830879]
adjuvants immunologic/chemistry	dextrans/chemistry	1.51878509768721e-12	3.21494655714812e-11	0.037037037037037	0.491090027111315	1	0	[33236624]
adjuvants immunologic/chemistry	ferric compounds/chemistry	0.0001168032959434	0.0003588236845719	0.111111111111111	0.491090027111315	1	0	[33236624]
adjuvants immunologic/chemistry	gels/chemistry	1.51878509768721e-12	3.21494655714812e-11	0.037037037037037	0.491090027111315	1	0	[33236624]
adjuvants immunologic/chemistry	gold/chemistry	1.51878509768721e-12	3.21494655714812e-11	0.037037037037037	0.491090027111315	1	0	[33236624]
adjuvants immunologic/chemistry	macrophages/cytology	3.26106776693535e-06	1.56574445763452e-05	0.074074074074074	0.491090027111315	1	0	[33236624]
adjuvants immunologic/chemistry	reactive oxygen species/metabolism	0.000246122170292	0.0004560386748922	0.102941176470588	0.5011717509037	1	1	[33236624]
adjuvants immunologic/chemistry	urinary bladder neoplasms/pathology	1.51878509768721e-12	3.21494655714812e-11	0.037037037037037	0.491090027111315	1	0	[33236624]
amino acid transport system y+/genetics	antineoplastic agents immunological/administration &amp; dosage	9.44154754378701e-11	1.14562710782353e-09	0.037037037037037	0.491090027111315	1	0	[31554642]
amino acid transport system y+/genetics	cd8-positive t-lymphocytes/immunology	0.0042660683096238	0.0086454214520678	0.111111111111111	0.491090027111315	1	0	[31554642]
amino acid transport system y+/genetics	cell survival/drug effects	0.0035872302582571	0.0074200911190768	0.111111111111111	0.491090027111315	1	0	[31554642]
amino acid transport system y+/genetics	gene expression regulation neoplastic/drug effects	9.44154754378701e-11	1.14562710782353e-09	0.037037037037037	0.491090027111315	1	0	[31554642]
amino acid transport system y+/genetics	lipid metabolism/drug effects	9.44154754378701e-11	1.14562710782353e-09	0.037037037037037	0.491090027111315	1	0	[31554642]
amino acid transport system y+/genetics	sulfasalazine/administration &amp; dosage	9.44154754378701e-11	1.14562710782353e-09	0.037037037037037	0.491090027111315	1	0	[31554642]
amino acid transport system y+/metabolism	b7-h1 antigen/antagonists &amp; inhibitors	3.68445434104636e-05	7.80564122443963e-05	0.0583845478489903	0.5011717509037	1	1	[31043744]
amino acid transport system y+/metabolism	cell line	0.0009142822313443	0.0021059717799036	0.074074074074074	0.491090027111315	1	0	[34811833]
amino acid transport system y+/metabolism	collagen type i/metabolism	0.0009142822313443	0.0021059717799036	0.074074074074074	0.491090027111315	1	0	[34811833]
amino acid transport system y+/metabolism	cysteine/metabolism	0.0002401445231134	0.0007043559873365	0.074074074074074	0.491090027111315	1	0	[31043744]
amino acid transport system y+/metabolism	fusion regulatory protein 1 heavy chain/metabolism	0.0002401445231134	0.0007043559873365	0.074074074074074	0.491090027111315	1	0	[31043744]
amino acid transport system y+/metabolism	hepatic stellate cells/drug effects	0.0009142822313443	0.0021059717799036	0.074074074074074	0.491090027111315	1	0	[34811833]
amino acid transport system y+/metabolism	hepatocytes/drug effects	0.0009142822313443	0.0021059717799036	0.074074074074074	0.491090027111315	1	0	[34811833]
amino acid transport system y+/metabolism	hypoxia-inducible factor 1 alpha subunit/metabolism	0.0009142822313443	0.0021059717799036	0.074074074074074	0.491090027111315	1	0	[34811833]
amino acid transport system y+/metabolism	interferon-gamma/immunology	0.0002401445231134	0.0007043559873365	0.074074074074074	0.491090027111315	1	0	[31043744]
amino acid transport system y+/metabolism	liver cirrhosis/drug therapy	0.0009142822313443	0.0021059717799036	0.074074074074074	0.491090027111315	1	0	[34811833]
amino acid transport system y+/metabolism	melanoma/genetics	0.0002401445231134	0.0007043559873365	0.074074074074074	0.491090027111315	1	0	[31043744]
amino acid transport system y+/metabolism	nivolumab/therapeutic use	0.0002401445231134	0.0007043559873365	0.074074074074074	0.491090027111315	1	0	[31043744]
amino acid transport system y+/metabolism	sorafenib/pharmacology	0.0009142822313443	0.0021059717799036	0.074074074074074	0.491090027111315	1	0	[34811833]
amp-activated protein kinase kinases	cell survival/drug effects	0.0049036293627228	0.0073431491104543	0.0441176470588235	0.5011717509037	1	1	[34093872]
amp-activated protein kinase kinases	glycogen synthase kinase 3/metabolism	0.0001529490570294	0.0002932546526832	0.0147058823529411	0.5011717509037	1	1	[34093872]
amp-activated protein kinase kinases	iron/chemistry	0.0001529490570294	0.0002932546526832	0.0147058823529411	0.5011717509037	1	1	[34093872]
amp-activated protein kinase kinases	lung neoplasms/drug therapy	0.0001529490570294	0.0002932546526832	0.0147058823529411	0.5011717509037	1	1	[34093872]
amp-activated protein kinase kinases	mitochondria/drug effects	0.0017679797262968	0.0028758762365795	0.0294117647058823	0.5011717509037	1	1	[34093872]
amp-activated protein kinase kinases	nf-e2-related factor 2/genetics	0.0001529490570294	0.0002932546526832	0.0147058823529411	0.5011717509037	1	1	[34093872]
amp-activated protein kinase kinases	oxidative stress/drug effects	0.0013669559477371	0.0022615358442826	0.0294117647058823	0.5011717509037	1	1	[34093872]
amp-activated protein kinase kinases	tor serine-threonine kinases/metabolism	0.0001529490570294	0.0002932546526832	0.0147058823529411	0.5011717509037	1	1	[34093872]
aniline compounds/chemistry	b7-h1 antigen/metabolism	1.37805787725487e-06	6.67173262777816e-06	0.037037037037037	0.491090027111315	1	0	[34985903]
aniline compounds/chemistry	benzylidene compounds/chemistry	1.37805787725487e-06	6.67173262777816e-06	0.037037037037037	0.491090027111315	1	0	[34985903]
aniline compounds/chemistry	cd8-positive t-lymphocytes/cytology	0.0004953033165658	0.0012925943513292	0.074074074074074	0.491090027111315	1	0	[34985903]
aniline compounds/chemistry	exosomes/metabolism	1.37805787725487e-06	6.67173262777816e-06	0.037037037037037	0.491090027111315	1	0	[34985903]
aniline compounds/chemistry	ferric compounds/chemistry	0.0015625643362536	0.0033615998331867	0.111111111111111	0.491090027111315	1	0	[34985903]
aniline compounds/chemistry	immunogenic cell death/drug effects	1.37805787725487e-06	6.67173262777816e-06	0.037037037037037	0.491090027111315	1	0	[34985903]
aniline compounds/chemistry	interferon-gamma/metabolism	1.37805787725487e-06	6.67173262777816e-06	0.037037037037037	0.491090027111315	1	0	[34985903]
aniline compounds/chemistry	metal-organic frameworks/chemistry	1.37805787725487e-06	6.67173262777816e-06	0.037037037037037	0.491090027111315	1	0	[34985903]
aniline compounds/chemistry	phenol/chemistry	1.37805787725487e-06	6.67173262777816e-06	0.037037037037037	0.491090027111315	1	0	[34985903]
aniline compounds/chemistry	programmed cell death 1 receptor/metabolism	1.37805787725487e-06	6.67173262777816e-06	0.037037037037037	0.491090027111315	1	0	[34985903]
aniline compounds/pharmacology	b7-h1 antigen/antagonists &amp; inhibitors	0.0001074183449439	0.0003317499471113	0.074074074074074	0.491090027111315	1	0	[34593794]
aniline compounds/pharmacology	benzylidene compounds/pharmacology	3.10419946414342e-08	1.77908664941026e-07	0.037037037037037	0.491090027111315	1	0	[34593794]
aniline compounds/pharmacology	cell line tumor/transplantation	0.0001430031506204	0.0004284185297513	0.074074074074074	0.491090027111315	1	0	[34593794]
aniline compounds/pharmacology	drug resistance neoplasm/drug effects	3.10419946414342e-08	1.77908664941026e-07	0.037037037037037	0.491090027111315	1	0	[34593794]
aniline compounds/pharmacology	exosomes/drug effects	3.10419946414342e-08	1.77908664941026e-07	0.037037037037037	0.491090027111315	1	0	[34593794]
aniline compounds/pharmacology	hyaluronic acid/chemistry	3.10419946414342e-08	1.77908664941026e-07	0.037037037037037	0.491090027111315	1	0	[34593794]
aniline compounds/pharmacology	immune checkpoint inhibitors/pharmacology	3.10419946414342e-08	1.77908664941026e-07	0.037037037037037	0.491090027111315	1	0	[34593794]
aniline compounds/pharmacology	immunologic memory	3.10419946414342e-08	1.77908664941026e-07	0.037037037037037	0.491090027111315	1	0	[34593794]
aniline compounds/pharmacology	skin neoplasms/drug therapy	3.10419946414342e-08	1.77908664941026e-07	0.037037037037037	0.491090027111315	1	0	[34593794]
aniline compounds/pharmacology	t-lymphocytes cytotoxic/drug effects	3.10419946414342e-08	1.77908664941026e-07	0.037037037037037	0.491090027111315	1	0	[34593794]
aniline compounds/pharmacology	tumor escape/drug effects	3.10419946414342e-08	1.77908664941026e-07	0.037037037037037	0.491090027111315	1	0	[34593794]
aniline compounds/pharmacology	tumor microenvironment/drug effects	0.0056610184889931	0.008358574270831	0.117647058823529	0.5011717509037	1	1	[34593794]
anti-inflammatory agents/pharmacology	calgranulin a/metabolism	8.3473228329467e-12	3.63900624961855e-11	0.0147058823529411	0.5011717509037	1	1	[30755716]
anti-inflammatory agents/pharmacology	colon/metabolism	8.3473228329467e-12	3.63900624961855e-11	0.0147058823529411	0.5011717509037	1	1	[30755716]
anti-inflammatory agents/pharmacology	glycyrrhizic acid/pharmacology	8.3473228329467e-12	3.63900624961855e-11	0.0147058823529411	0.5011717509037	1	1	[30755716]
anti-inflammatory agents/pharmacology	macrophages/drug effects	0.0026427423852313	0.0041792883219225	0.0735294117647058	0.5011717509037	1	1	[30755716]
anti-inflammatory agents/pharmacology	phenotype	4.12690011752925e-06	9.71665346331543e-06	0.0294117647058823	0.5011717509037	1	1	[30755716]
antibodies monoclonal humanized/pharmacology	cd36 antigens/antagonists &amp; inhibitors	3.10419946414342e-08	1.77908664941026e-07	0.037037037037037	0.491090027111315	1	0	[33691090]
antibodies monoclonal humanized/pharmacology	cd8-positive t-lymphocytes/cytology	0.0001868757657405	0.0005524360047374	0.074074074074074	0.491090027111315	1	0	[33691090]
antibodies monoclonal humanized/pharmacology	cytokines/metabolism	1.13608141667498e-05	4.7336725694791e-05	0.074074074074074	0.491090027111315	1	0	[33691090]
antibodies monoclonal humanized/pharmacology	fatty acids/metabolism	3.10419946414342e-08	1.77908664941026e-07	0.037037037037037	0.491090027111315	1	0	[33691090]
antibodies monoclonal humanized/pharmacology	multiple myeloma/drug therapy	3.10419946414342e-08	1.77908664941026e-07	0.037037037037037	0.491090027111315	1	0	[33691090]
antibodies monoclonal humanized/pharmacology	reactive oxygen species/metabolism	0.0012446795696657	0.0020789136508493	0.102941176470588	0.5011717509037	1	1	[33691090]
antibodies monoclonal humanized/pharmacology	tumor microenvironment	0.0003039350520657	0.0008666781229012	0.074074074074074	0.491090027111315	1	0	[33691090]
antineoplastic agents immunological/administration &amp; dosage	cd8-positive t-lymphocytes/immunology	0.0042660683096238	0.0086454214520678	0.111111111111111	0.491090027111315	1	0	[31554642]
antineoplastic agents immunological/administration &amp; dosage	cell survival/drug effects	0.0035872302582571	0.0074200911190768	0.111111111111111	0.491090027111315	1	0	[31554642]
antineoplastic agents immunological/administration &amp; dosage	gene expression regulation neoplastic/drug effects	9.44154754378701e-11	1.14562710782353e-09	0.037037037037037	0.491090027111315	1	0	[31554642]
antineoplastic agents immunological/administration &amp; dosage	lipid metabolism/drug effects	9.44154754378701e-11	1.14562710782353e-09	0.037037037037037	0.491090027111315	1	0	[31554642]
antineoplastic agents immunological/administration &amp; dosage	sulfasalazine/administration &amp; dosage	9.44154754378701e-11	1.14562710782353e-09	0.037037037037037	0.491090027111315	1	0	[31554642]
antineoplastic agents/chemistry	apoptosis/drug effects	1.13608141667498e-05	4.7336725694791e-05	0.074074074074074	0.491090027111315	1	0	[31509699]
antineoplastic agents/chemistry	biological products/chemistry	3.10419946414342e-08	1.77908664941026e-07	0.037037037037037	0.491090027111315	1	0	[31509699]
antineoplastic agents/chemistry	dichloroacetic acid/chemistry	3.10419946414342e-08	1.77908664941026e-07	0.037037037037037	0.491090027111315	1	0	[31509699]
antineoplastic agents/chemistry	drug synergism	3.10419946414342e-08	1.77908664941026e-07	0.037037037037037	0.491090027111315	1	0	[31509699]
antineoplastic agents/chemistry	energy metabolism/drug effects	3.10419946414342e-08	1.77908664941026e-07	0.037037037037037	0.491090027111315	1	0	[31509699]
antineoplastic agents/chemistry	macrophages/cytology	3.98433250663466e-05	0.000130412689269	0.074074074074074	0.491090027111315	1	0	[31509699]
antineoplastic agents/chemistry	mitochondria/drug effects	0.0028851458065133	0.0060410995226632	0.074074074074074	0.491090027111315	1	0	[31509699]
antineoplastic agents/chemistry	neoplasms/drug therapy	5.6844185756133e-05	0.0001786003669477	0.074074074074074	0.491090027111315	1	0	[31509699]
antineoplastic agents/chemistry	protein kinase inhibitors/chemistry	3.10419946414342e-08	1.77908664941026e-07	0.037037037037037	0.491090027111315	1	0	[31509699]
antineoplastic agents/chemistry	pyruvate dehydrogenase acetyl-transferring kinase/antagonists &amp; inhibitors	3.10419946414342e-08	1.77908664941026e-07	0.037037037037037	0.491090027111315	1	0	[31509699]
antineoplastic agents/chemistry	saponins/chemistry	3.10419946414342e-08	1.77908664941026e-07	0.037037037037037	0.491090027111315	1	0	[31509699]
antineoplastic agents/pharmacology	autophagy-related proteins/genetics	0.0024359773054146	0.0038788378911146	0.102941176470588	0.5011717509037	1	1	[33926261]
antineoplastic agents/pharmacology	autophagy/drug effects	2.27004838070366e-05	4.94963089276031e-05	0.0092186128182616	0.186828306325089	2	1	[33277233,33926261]
antineoplastic agents/pharmacology	basic-leucine zipper transcription factors/analysis	0.0024359773054146	0.0038788378911146	0.102941176470588	0.5011717509037	1	1	[34991659]
antineoplastic agents/pharmacology	cd8-positive t-lymphocytes/drug effects	0.0015588727606166	0.0025467155403098	0.102941176470588	0.5011717509037	1	1	[33277233]
antineoplastic agents/pharmacology	cell cycle/drug effects	0.0024359773054146	0.0038788378911146	0.102941176470588	0.5011717509037	1	1	[33926261]
antineoplastic agents/pharmacology	colonic neoplasms/drug therapy	0.0050078979304749	0.0074820939061317	0.102941176470588	0.5011717509037	1	1	[33547170]
antineoplastic agents/pharmacology	drug resistance neoplasm	0.0024359773054146	0.0038788378911146	0.102941176470588	0.5011717509037	1	1	[34991659]
antineoplastic agents/pharmacology	endoplasmic reticulum/drug effects	0.0015588727606166	0.0025467155403098	0.102941176470588	0.5011717509037	1	1	[33277233]
antineoplastic agents/pharmacology	flavonolignans/pharmacology	0.0024359773054146	0.0038788378911146	0.102941176470588	0.5011717509037	1	1	[33926261]
antineoplastic agents/pharmacology	glutathione peroxidase/metabolism	0.0024359773054146	0.0038788378911146	0.102941176470588	0.5011717509037	1	1	[33926261]
antineoplastic agents/pharmacology	heme oxygenase-1/metabolism	0.0050078979304749	0.0074820939061317	0.102941176470588	0.5011717509037	1	1	[33547170]
antineoplastic agents/pharmacology	jurkat cells	0.0001806054803238	0.0003441636472961	0.0092186128182616	0.186828306325089	2	1	[32778843,33926261]
antineoplastic agents/pharmacology	lymphocytes tumor-infiltrating/immunology	0.0050078979304749	0.0074820939061317	0.102941176470588	0.5011717509037	1	1	[33547170]
antineoplastic agents/pharmacology	membrane proteins/metabolism	0.0050078979304749	0.0074820939061317	0.102941176470588	0.5011717509037	1	1	[33547170]
antineoplastic agents/pharmacology	myeloid-derived suppressor cells/immunology	0.0050078979304749	0.0074820939061317	0.102941176470588	0.5011717509037	1	1	[33547170]
antineoplastic agents/pharmacology	neutral ceramidase/antagonists &amp; inhibitors	0.0050078979304749	0.0074820939061317	0.102941176470588	0.5011717509037	1	1	[33547170]
antineoplastic agents/pharmacology	precursor cell lymphoblastic leukemia-lymphoma/metabolism	0.0024359773054146	0.0038788378911146	0.102941176470588	0.5011717509037	1	1	[33926261]
antineoplastic agents/pharmacology	reactive oxygen species/metabolism	0.0057497382773835	0.0084878216753878	0.0201800567513806	0.054769758680606	3	1	[33547170,32778843,33926261]
antineoplastic agents/pharmacology	t-lymphocytes/immunology	0.0050078979304749	0.0074820939061317	0.102941176470588	0.5011717509037	1	1	[33547170]
antineoplastic agents/pharmacology	triple negative breast neoplasms/drug therapy	0.0024359773054146	0.0038788378911146	0.102941176470588	0.5011717509037	1	1	[34991659]
antineoplastic agents/pharmacology	tumor-associated macrophages/drug effects	0.0024359773054146	0.0038788378911146	0.102941176470588	0.5011717509037	1	1	[34991659]
antioxidants/pharmacology	biopterins/analogs &amp; derivatives	1.90229000622821e-05	6.33368658790105e-05	0.037037037037037	0.491090027111315	1	0	[32778843]
antioxidants/pharmacology	carbolines/pharmacology	0.0010636503730522	0.0023691137341409	0.074074074074074	0.491090027111315	1	0	[32778843]
antioxidants/pharmacology	cell proliferation/drug effects	1.90229000622821e-05	6.33368658790105e-05	0.037037037037037	0.491090027111315	1	0	[32778843]
antioxidants/pharmacology	cystine/antagonists &amp; inhibitors	1.90229000622821e-05	6.33368658790105e-05	0.037037037037037	0.491090027111315	1	0	[32778843]
antioxidants/pharmacology	dose-response relationship drug	0.0010636503730522	0.0023691137341409	0.074074074074074	0.491090027111315	1	0	[32778843]
antioxidants/pharmacology	folic acid antagonists/pharmacology	1.90229000622821e-05	6.33368658790105e-05	0.037037037037037	0.491090027111315	1	0	[32778843]
antioxidants/pharmacology	gene expression regulation neoplastic	0.000860920973641	0.0020021417991653	0.074074074074074	0.491090027111315	1	0	[32778843]
antioxidants/pharmacology	jurkat cells	0.0012969225227602	0.0028666732591499	0.074074074074074	0.491090027111315	1	0	[32778843]
antioxidants/pharmacology	methotrexate/pharmacology	1.90229000622821e-05	6.33368658790105e-05	0.037037037037037	0.491090027111315	1	0	[32778843]
antioxidants/pharmacology	oxidative stress	0.0005390447313372	0.0013092376221759	0.074074074074074	0.491090027111315	1	0	[32778843]
antioxidants/pharmacology	phospholipid hydroperoxide glutathione peroxidase/antagonists &amp; inhibitors	1.90229000622821e-05	6.33368658790105e-05	0.037037037037037	0.491090027111315	1	0	[32778843]
antioxidants/pharmacology	piperazines/pharmacology	0.0005390447313372	0.0013092376221759	0.074074074074074	0.491090027111315	1	0	[32778843]
antioxidants/pharmacology	reactive oxygen species/metabolism	0.0047751294388702	0.0071792222967029	0.102941176470588	0.5011717509037	1	1	[32778843]
antioxidants/pharmacology	tetrahydrofolate dehydrogenase/genetics	1.90229000622821e-05	6.33368658790105e-05	0.037037037037037	0.491090027111315	1	0	[32778843]
antioxidants/pharmacology	vitamin e/pharmacology	1.90229000622821e-05	6.33368658790105e-05	0.037037037037037	0.491090027111315	1	0	[32778843]
apoptosis/drug effects	biological products/chemistry	1.13608141667498e-05	4.7336725694791e-05	0.074074074074074	0.491090027111315	1	0	[31509699]
apoptosis/drug effects	bone marrow/drug effects	4.98566787854315e-09	4.50418593388634e-08	0.074074074074074	0.491090027111315	1	0	[32134361]
apoptosis/drug effects	cell proliferation/drug effects	0.0035478824308358	0.0054647911845691	0.0869183494293239	0.5011717509037	1	1	[30420335]
apoptosis/drug effects	cytokines/metabolism	0.0005241692955735	0.0012925943513292	0.145299145299145	0.491090027111315	1	0	[32134361,30420335]
apoptosis/drug effects	dichloroacetic acid/chemistry	1.13608141667498e-05	4.7336725694791e-05	0.074074074074074	0.491090027111315	1	0	[31509699]
apoptosis/drug effects	drug interactions	4.98566787854315e-09	4.50418593388634e-08	0.074074074074074	0.491090027111315	1	0	[32134361]
apoptosis/drug effects	drug synergism	1.13608141667498e-05	4.7336725694791e-05	0.074074074074074	0.491090027111315	1	0	[31509699]
apoptosis/drug effects	energy metabolism/drug effects	1.13608141667498e-05	4.7336725694791e-05	0.074074074074074	0.491090027111315	1	0	[31509699]
apoptosis/drug effects	ileum/drug effects	4.98566787854315e-09	4.50418593388634e-08	0.074074074074074	0.491090027111315	1	0	[32134361]
apoptosis/drug effects	macrophages/cytology	0.0011893547260051	0.0026470673103721	0.145299145299145	0.491090027111315	1	0	[31509699]
apoptosis/drug effects	necroptosis/drug effects	4.98566787854315e-09	4.50418593388634e-08	0.074074074074074	0.491090027111315	1	0	[32134361]
apoptosis/drug effects	neoplasms/drug therapy	0.0015006475463213	0.0033068980883982	0.145299145299145	0.491090027111315	1	0	[31509699]
apoptosis/drug effects	phenotype	0.0035478824308358	0.0054647911845691	0.0869183494293239	0.5011717509037	1	1	[30420335]
apoptosis/drug effects	protein kinase inhibitors/chemistry	1.13608141667498e-05	4.7336725694791e-05	0.074074074074074	0.491090027111315	1	0	[31509699]
apoptosis/drug effects	pyruvate dehydrogenase acetyl-transferring kinase/antagonists &amp; inhibitors	1.13608141667498e-05	4.7336725694791e-05	0.074074074074074	0.491090027111315	1	0	[31509699]
apoptosis/drug effects	radiation-protective agents/pharmacology	4.98566787854315e-09	4.50418593388634e-08	0.074074074074074	0.491090027111315	1	0	[32134361]
apoptosis/drug effects	saponins/chemistry	1.13608141667498e-05	4.7336725694791e-05	0.074074074074074	0.491090027111315	1	0	[31509699]
apoptosis/drug effects	small molecule libraries/pharmacology	4.98566787854315e-09	4.50418593388634e-08	0.074074074074074	0.491090027111315	1	0	[32134361]
ascorbic acid/pharmacology	calreticulin/metabolism	0	0	0.037037037037037	0.491090027111315	1	0	[32686685]
ascorbic acid/pharmacology	ferric compounds/chemistry	1.90229000622821e-05	6.33368658790105e-05	0.111111111111111	0.491090027111315	1	0	[32686685]
ascorbic acid/pharmacology	neoplasms/diagnostic imaging	0	0	0.037037037037037	0.491090027111315	1	0	[32686685]
ascorbic acid/pharmacology	oxidative stress	7.083931083951e-07	3.69485614090969e-06	0.074074074074074	0.491090027111315	1	0	[32686685]
ascorbic acid/pharmacology	t-lymphocytes cytotoxic/metabolism	0	0	0.037037037037037	0.491090027111315	1	0	[32686685]
asparaginase	cisplatin	3.10419946414342e-08	1.77908664941026e-07	0.037037037037037	0.491090027111315	1	0	[35778693]
asparaginase	diterpenes/pharmacology	3.10419946414342e-08	1.77908664941026e-07	0.037037037037037	0.491090027111315	1	0	[35778693]
asparaginase	killer cells natural/metabolism	3.10419946414342e-08	1.77908664941026e-07	0.037037037037037	0.491090027111315	1	0	[35778693]
asparaginase	lymphoma t-cell	3.10419946414342e-08	1.77908664941026e-07	0.037037037037037	0.491090027111315	1	0	[35778693]
asparaginase	reactive oxygen species/metabolism	0.0012446795696657	0.0020789136508493	0.102941176470588	0.5011717509037	1	1	[35778693]
asparaginase	tumor suppressor protein p53/metabolism	0.0001430031506204	0.0004284185297513	0.074074074074074	0.491090027111315	1	0	[35778693]
autophagy-related proteins/genetics	autophagy/drug effects	1.96134005804316e-05	6.48561706764557e-05	0.074074074074074	0.491090027111315	1	0	[33926261]
autophagy-related proteins/genetics	cell cycle/drug effects	2.37669306457633e-09	2.23055336157649e-08	0.037037037037037	0.491090027111315	1	0	[33926261]
autophagy-related proteins/genetics	flavonolignans/pharmacology	2.37669306457633e-09	2.23055336157649e-08	0.037037037037037	0.491090027111315	1	0	[33926261]
autophagy-related proteins/genetics	glutathione peroxidase/metabolism	2.37669306457633e-09	2.23055336157649e-08	0.037037037037037	0.491090027111315	1	0	[33926261]
autophagy-related proteins/genetics	glutathione/metabolism	0.0002752353370022	0.000788717862951	0.111111111111111	0.491090027111315	1	0	[33926261]
autophagy-related proteins/genetics	jurkat cells	0.0001347174188101	0.000411242646894	0.074074074074074	0.491090027111315	1	0	[33926261]
autophagy-related proteins/genetics	precursor cell lymphoblastic leukemia-lymphoma/metabolism	2.37669306457633e-09	2.23055336157649e-08	0.037037037037037	0.491090027111315	1	0	[33926261]
autophagy-related proteins/genetics	reactive oxygen species/metabolism	0.0007858745973121	0.0013687395477366	0.102941176470588	0.5011717509037	1	1	[33926261]
autophagy/drug effects	cd8-positive t-lymphocytes/drug effects	8.60452407625001e-06	3.66957644428309e-05	0.074074074074074	0.491090027111315	1	0	[33277233]
autophagy/drug effects	cell cycle/drug effects	1.96134005804316e-05	6.48561706764557e-05	0.074074074074074	0.491090027111315	1	0	[33926261]
autophagy/drug effects	endoplasmic reticulum/drug effects	8.60452407625001e-06	3.66957644428309e-05	0.074074074074074	0.491090027111315	1	0	[33277233]
autophagy/drug effects	flavonolignans/pharmacology	1.96134005804316e-05	6.48561706764557e-05	0.074074074074074	0.491090027111315	1	0	[33926261]
autophagy/drug effects	glutathione peroxidase/metabolism	1.96134005804316e-05	6.48561706764557e-05	0.074074074074074	0.491090027111315	1	0	[33926261]
autophagy/drug effects	glutathione/metabolism	3.02581601189233e-05	6.44266885241603e-05	0.0869183494293239	0.5011717509037	1	1	[33926261]
autophagy/drug effects	jurkat cells	1.20997385167909e-05	2.74687443616853e-05	0.0583845478489903	0.5011717509037	1	1	[33926261]
autophagy/drug effects	neoplasms/drug therapy	0.0030275730352965	0.006325620895072	0.145299145299145	0.491090027111315	1	0	[33277233]
autophagy/drug effects	precursor cell lymphoblastic leukemia-lymphoma/metabolism	1.96134005804316e-05	6.48561706764557e-05	0.074074074074074	0.491090027111315	1	0	[33926261]
b-lymphocytes/metabolism	cytoskeletal proteins/metabolism	6.77236045021345e-15	2.3951030860511e-13	0.037037037037037	0.491090027111315	1	0	[31775041]
b-lymphocytes/metabolism	glutathione peroxidase/therapeutic use	6.77236045021345e-15	2.3951030860511e-13	0.037037037037037	0.491090027111315	1	0	[31775041]
b7-h1 antigen/antagonists &amp; inhibitors	benzylidene compounds/pharmacology	0.0001074183449439	0.0003317499471113	0.074074074074074	0.491090027111315	1	0	[34593794]
b7-h1 antigen/antagonists &amp; inhibitors	cell line tumor/transplantation	1.94148241021708e-05	4.27746831663873e-05	0.0583845478489903	0.5011717509037	1	1	[34593794]
b7-h1 antigen/antagonists &amp; inhibitors	cysteine/metabolism	0.0001074183449439	0.0003317499471113	0.074074074074074	0.491090027111315	1	0	[31043744]
b7-h1 antigen/antagonists &amp; inhibitors	drug resistance neoplasm/drug effects	0.0001074183449439	0.0003317499471113	0.074074074074074	0.491090027111315	1	0	[34593794]
b7-h1 antigen/antagonists &amp; inhibitors	exosomes/drug effects	0.0001074183449439	0.0003317499471113	0.074074074074074	0.491090027111315	1	0	[34593794]
b7-h1 antigen/antagonists &amp; inhibitors	fusion regulatory protein 1 heavy chain/metabolism	0.0001074183449439	0.0003317499471113	0.074074074074074	0.491090027111315	1	0	[31043744]
b7-h1 antigen/antagonists &amp; inhibitors	hyaluronic acid/chemistry	0.0001074183449439	0.0003317499471113	0.074074074074074	0.491090027111315	1	0	[34593794]
b7-h1 antigen/antagonists &amp; inhibitors	immune checkpoint inhibitors/pharmacology	0.0001074183449439	0.0003317499471113	0.074074074074074	0.491090027111315	1	0	[34593794]
b7-h1 antigen/antagonists &amp; inhibitors	immunologic memory	0.0001074183449439	0.0003317499471113	0.074074074074074	0.491090027111315	1	0	[34593794]
b7-h1 antigen/antagonists &amp; inhibitors	interferon-gamma/immunology	0.0001074183449439	0.0003317499471113	0.074074074074074	0.491090027111315	1	0	[31043744]
b7-h1 antigen/antagonists &amp; inhibitors	melanoma/genetics	0.0001074183449439	0.0003317499471113	0.074074074074074	0.491090027111315	1	0	[31043744]
b7-h1 antigen/antagonists &amp; inhibitors	nivolumab/therapeutic use	0.0001074183449439	0.0003317499471113	0.074074074074074	0.491090027111315	1	0	[31043744]
b7-h1 antigen/antagonists &amp; inhibitors	skin neoplasms/drug therapy	0.0001074183449439	0.0003317499471113	0.074074074074074	0.491090027111315	1	0	[34593794]
b7-h1 antigen/antagonists &amp; inhibitors	t-lymphocytes cytotoxic/drug effects	0.0001074183449439	0.0003317499471113	0.074074074074074	0.491090027111315	1	0	[34593794]
b7-h1 antigen/antagonists &amp; inhibitors	tumor escape/drug effects	0.0001074183449439	0.0003317499471113	0.074074074074074	0.491090027111315	1	0	[34593794]
b7-h1 antigen/metabolism	benzylidene compounds/chemistry	1.37805787725487e-06	6.67173262777816e-06	0.037037037037037	0.491090027111315	1	0	[34985903]
b7-h1 antigen/metabolism	cd8-positive t-lymphocytes/cytology	0.0004953033165658	0.0012925943513292	0.074074074074074	0.491090027111315	1	0	[34985903]
b7-h1 antigen/metabolism	exosomes/metabolism	1.37805787725487e-06	6.67173262777816e-06	0.037037037037037	0.491090027111315	1	0	[34985903]
b7-h1 antigen/metabolism	ferric compounds/chemistry	0.0015625643362536	0.0033615998331867	0.111111111111111	0.491090027111315	1	0	[34985903]
b7-h1 antigen/metabolism	immunogenic cell death/drug effects	1.37805787725487e-06	6.67173262777816e-06	0.037037037037037	0.491090027111315	1	0	[34985903]
b7-h1 antigen/metabolism	interferon-gamma/metabolism	1.37805787725487e-06	6.67173262777816e-06	0.037037037037037	0.491090027111315	1	0	[34985903]
b7-h1 antigen/metabolism	metal-organic frameworks/chemistry	1.37805787725487e-06	6.67173262777816e-06	0.037037037037037	0.491090027111315	1	0	[34985903]
b7-h1 antigen/metabolism	phenol/chemistry	1.37805787725487e-06	6.67173262777816e-06	0.037037037037037	0.491090027111315	1	0	[34985903]
b7-h1 antigen/metabolism	programmed cell death 1 receptor/metabolism	1.37805787725487e-06	6.67173262777816e-06	0.037037037037037	0.491090027111315	1	0	[34985903]
bacterial toxins/metabolism	cells cultured	0.0038613323464813	0.0078913768885101	0.074074074074074	0.491090027111315	1	0	[35197507]
bacterial toxins/metabolism	endothelial cells/metabolism	0.0005241692955735	0.0012925943513292	0.037037037037037	0.491090027111315	1	0	[35197507]
bacterial toxins/metabolism	heart ventricles/diagnostic imaging	0.0005241692955735	0.0012925943513292	0.037037037037037	0.491090027111315	1	0	[35197507]
bacterial toxins/metabolism	hemodynamics/drug effects	0.0005241692955735	0.0012925943513292	0.037037037037037	0.491090027111315	1	0	[35197507]
bacterial toxins/metabolism	hmgb1 protein/metabolism	0.0005241692955735	0.0012925943513292	0.037037037037037	0.491090027111315	1	0	[35197507]
bacterial toxins/metabolism	hypertension pulmonary/chemically induced	0.0005241692955735	0.0012925943513292	0.037037037037037	0.491090027111315	1	0	[35197507]
bacterial toxins/metabolism	inflammasomes/metabolism	0.0005241692955735	0.0012925943513292	0.037037037037037	0.491090027111315	1	0	[35197507]
bacterial toxins/metabolism	inflammation/metabolism	0.0005241692955735	0.0012925943513292	0.037037037037037	0.491090027111315	1	0	[35197507]
bacterial toxins/metabolism	lung/blood supply	0.0005241692955735	0.0012925943513292	0.037037037037037	0.491090027111315	1	0	[35197507]
bacterial toxins/metabolism	macrophages/metabolism	0.0005241692955735	0.0012925943513292	0.037037037037037	0.491090027111315	1	0	[35197507]
bacterial toxins/metabolism	monocrotaline/toxicity	0.0005241692955735	0.0012925943513292	0.037037037037037	0.491090027111315	1	0	[35197507]
bacterial toxins/metabolism	nlr family pyrin domain-containing 3 protein/metabolism	0.0005241692955735	0.0012925943513292	0.037037037037037	0.491090027111315	1	0	[35197507]
bacterial toxins/metabolism	toll-like receptor 4/metabolism	0.0005241692955735	0.0012925943513292	0.037037037037037	0.491090027111315	1	0	[35197507]
basic-leucine zipper transcription factors/analysis	drug resistance neoplasm	2.37669306457633e-09	2.23055336157649e-08	0.037037037037037	0.491090027111315	1	0	[34991659]
basic-leucine zipper transcription factors/analysis	triple negative breast neoplasms/drug therapy	2.37669306457633e-09	2.23055336157649e-08	0.037037037037037	0.491090027111315	1	0	[34991659]
basic-leucine zipper transcription factors/analysis	tumor microenvironment/drug effects	0.0039778851868	0.006085272814044	0.117647058823529	0.5011717509037	1	1	[34991659]
basic-leucine zipper transcription factors/analysis	tumor-associated macrophages/drug effects	2.37669306457633e-09	2.23055336157649e-08	0.037037037037037	0.491090027111315	1	0	[34991659]
benzylidene compounds/chemistry	cd8-positive t-lymphocytes/cytology	0.0004953033165658	0.0012925943513292	0.074074074074074	0.491090027111315	1	0	[34985903]
benzylidene compounds/chemistry	exosomes/metabolism	1.37805787725487e-06	6.67173262777816e-06	0.037037037037037	0.491090027111315	1	0	[34985903]
benzylidene compounds/chemistry	ferric compounds/chemistry	0.0015625643362536	0.0033615998331867	0.111111111111111	0.491090027111315	1	0	[34985903]
benzylidene compounds/chemistry	immunogenic cell death/drug effects	1.37805787725487e-06	6.67173262777816e-06	0.037037037037037	0.491090027111315	1	0	[34985903]
benzylidene compounds/chemistry	interferon-gamma/metabolism	1.37805787725487e-06	6.67173262777816e-06	0.037037037037037	0.491090027111315	1	0	[34985903]
benzylidene compounds/chemistry	metal-organic frameworks/chemistry	1.37805787725487e-06	6.67173262777816e-06	0.037037037037037	0.491090027111315	1	0	[34985903]
benzylidene compounds/chemistry	phenol/chemistry	1.37805787725487e-06	6.67173262777816e-06	0.037037037037037	0.491090027111315	1	0	[34985903]
benzylidene compounds/chemistry	programmed cell death 1 receptor/metabolism	1.37805787725487e-06	6.67173262777816e-06	0.037037037037037	0.491090027111315	1	0	[34985903]
benzylidene compounds/pharmacology	cell line tumor/transplantation	0.0001430031506204	0.0004284185297513	0.074074074074074	0.491090027111315	1	0	[34593794]
benzylidene compounds/pharmacology	drug resistance neoplasm/drug effects	3.10419946414342e-08	1.77908664941026e-07	0.037037037037037	0.491090027111315	1	0	[34593794]
benzylidene compounds/pharmacology	exosomes/drug effects	3.10419946414342e-08	1.77908664941026e-07	0.037037037037037	0.491090027111315	1	0	[34593794]
benzylidene compounds/pharmacology	hyaluronic acid/chemistry	3.10419946414342e-08	1.77908664941026e-07	0.037037037037037	0.491090027111315	1	0	[34593794]
benzylidene compounds/pharmacology	immune checkpoint inhibitors/pharmacology	3.10419946414342e-08	1.77908664941026e-07	0.037037037037037	0.491090027111315	1	0	[34593794]
benzylidene compounds/pharmacology	immunologic memory	3.10419946414342e-08	1.77908664941026e-07	0.037037037037037	0.491090027111315	1	0	[34593794]
benzylidene compounds/pharmacology	skin neoplasms/drug therapy	3.10419946414342e-08	1.77908664941026e-07	0.037037037037037	0.491090027111315	1	0	[34593794]
benzylidene compounds/pharmacology	t-lymphocytes cytotoxic/drug effects	3.10419946414342e-08	1.77908664941026e-07	0.037037037037037	0.491090027111315	1	0	[34593794]
benzylidene compounds/pharmacology	tumor escape/drug effects	3.10419946414342e-08	1.77908664941026e-07	0.037037037037037	0.491090027111315	1	0	[34593794]
benzylidene compounds/pharmacology	tumor microenvironment/drug effects	0.0056610184889931	0.008358574270831	0.117647058823529	0.5011717509037	1	1	[34593794]
biological products/chemistry	dichloroacetic acid/chemistry	3.10419946414342e-08	1.77908664941026e-07	0.037037037037037	0.491090027111315	1	0	[31509699]
biological products/chemistry	drug synergism	3.10419946414342e-08	1.77908664941026e-07	0.037037037037037	0.491090027111315	1	0	[31509699]
biological products/chemistry	energy metabolism/drug effects	3.10419946414342e-08	1.77908664941026e-07	0.037037037037037	0.491090027111315	1	0	[31509699]
biological products/chemistry	macrophages/cytology	3.98433250663466e-05	0.000130412689269	0.074074074074074	0.491090027111315	1	0	[31509699]
biological products/chemistry	mitochondria/drug effects	0.0028851458065133	0.0060410995226632	0.074074074074074	0.491090027111315	1	0	[31509699]
biological products/chemistry	neoplasms/drug therapy	5.6844185756133e-05	0.0001786003669477	0.074074074074074	0.491090027111315	1	0	[31509699]
biological products/chemistry	protein kinase inhibitors/chemistry	3.10419946414342e-08	1.77908664941026e-07	0.037037037037037	0.491090027111315	1	0	[31509699]
biological products/chemistry	pyruvate dehydrogenase acetyl-transferring kinase/antagonists &amp; inhibitors	3.10419946414342e-08	1.77908664941026e-07	0.037037037037037	0.491090027111315	1	0	[31509699]
biological products/chemistry	saponins/chemistry	3.10419946414342e-08	1.77908664941026e-07	0.037037037037037	0.491090027111315	1	0	[31509699]
biomarkers tumor	carcinoma pancreatic ductal/metabolism	1.90229000622821e-05	6.33368658790105e-05	0.037037037037037	0.491090027111315	1	0	[33311482]
biomarkers tumor	cell transformation neoplastic/genetics	1.90229000622821e-05	6.33368658790105e-05	0.037037037037037	0.491090027111315	1	0	[33311482]
biomarkers tumor	diet	1.90229000622821e-05	6.33368658790105e-05	0.037037037037037	0.491090027111315	1	0	[33311482]
biomarkers tumor	dna	1.90229000622821e-05	6.33368658790105e-05	0.037037037037037	0.491090027111315	1	0	[33311482]
biomarkers tumor	macrophages	1.90229000622821e-05	6.33368658790105e-05	0.037037037037037	0.491090027111315	1	0	[33311482]
biomarkers tumor	membrane proteins/genetics	1.90229000622821e-05	6.33368658790105e-05	0.037037037037037	0.491090027111315	1	0	[33311482]
biomarkers tumor	pancreas/metabolism	1.90229000622821e-05	6.33368658790105e-05	0.037037037037037	0.491090027111315	1	0	[33311482]
biomarkers tumor	pancreatitis/genetics	1.90229000622821e-05	6.33368658790105e-05	0.037037037037037	0.491090027111315	1	0	[33311482]
biomarkers tumor	phospholipid hydroperoxide glutathione peroxidase/genetics	1.90229000622821e-05	6.33368658790105e-05	0.037037037037037	0.491090027111315	1	0	[33311482]
biomarkers tumor	proto-oncogene proteins p21(ras)/metabolism	1.90229000622821e-05	6.33368658790105e-05	0.037037037037037	0.491090027111315	1	0	[33311482]
biomarkers tumor	quinoxalines/pharmacology	1.90229000622821e-05	6.33368658790105e-05	0.037037037037037	0.491090027111315	1	0	[33311482]
biomarkers tumor	spiro compounds/pharmacology	1.90229000622821e-05	6.33368658790105e-05	0.037037037037037	0.491090027111315	1	0	[33311482]
biomarkers tumor	tumor microenvironment	0.0015625643362536	0.0033615998331867	0.074074074074074	0.491090027111315	1	0	[33311482]
biopterins/analogs &amp; derivatives	carbolines/pharmacology	0.0010636503730522	0.0023691137341409	0.074074074074074	0.491090027111315	1	0	[32778843]
biopterins/analogs &amp; derivatives	cell proliferation/drug effects	1.90229000622821e-05	6.33368658790105e-05	0.037037037037037	0.491090027111315	1	0	[32778843]
biopterins/analogs &amp; derivatives	cystine/antagonists &amp; inhibitors	1.90229000622821e-05	6.33368658790105e-05	0.037037037037037	0.491090027111315	1	0	[32778843]
biopterins/analogs &amp; derivatives	dose-response relationship drug	0.0010636503730522	0.0023691137341409	0.074074074074074	0.491090027111315	1	0	[32778843]
biopterins/analogs &amp; derivatives	folic acid antagonists/pharmacology	1.90229000622821e-05	6.33368658790105e-05	0.037037037037037	0.491090027111315	1	0	[32778843]
biopterins/analogs &amp; derivatives	gene expression regulation neoplastic	0.000860920973641	0.0020021417991653	0.074074074074074	0.491090027111315	1	0	[32778843]
biopterins/analogs &amp; derivatives	jurkat cells	0.0012969225227602	0.0028666732591499	0.074074074074074	0.491090027111315	1	0	[32778843]
biopterins/analogs &amp; derivatives	methotrexate/pharmacology	1.90229000622821e-05	6.33368658790105e-05	0.037037037037037	0.491090027111315	1	0	[32778843]
biopterins/analogs &amp; derivatives	oxidative stress	0.0005390447313372	0.0013092376221759	0.074074074074074	0.491090027111315	1	0	[32778843]
biopterins/analogs &amp; derivatives	phospholipid hydroperoxide glutathione peroxidase/antagonists &amp; inhibitors	1.90229000622821e-05	6.33368658790105e-05	0.037037037037037	0.491090027111315	1	0	[32778843]
biopterins/analogs &amp; derivatives	piperazines/pharmacology	0.0005390447313372	0.0013092376221759	0.074074074074074	0.491090027111315	1	0	[32778843]
biopterins/analogs &amp; derivatives	reactive oxygen species/metabolism	0.0047751294388702	0.0071792222967029	0.102941176470588	0.5011717509037	1	1	[32778843]
biopterins/analogs &amp; derivatives	tetrahydrofolate dehydrogenase/genetics	1.90229000622821e-05	6.33368658790105e-05	0.037037037037037	0.491090027111315	1	0	[32778843]
biopterins/analogs &amp; derivatives	vitamin e/pharmacology	1.90229000622821e-05	6.33368658790105e-05	0.037037037037037	0.491090027111315	1	0	[32778843]
bone marrow/drug effects	cytokines/metabolism	4.98566787854315e-09	4.50418593388634e-08	0.074074074074074	0.491090027111315	1	0	[32134361]
bone marrow/drug effects	drug interactions	0	0	0.037037037037037	0.491090027111315	1	0	[32134361]
bone marrow/drug effects	ileum/drug effects	0	0	0.037037037037037	0.491090027111315	1	0	[32134361]
bone marrow/drug effects	necroptosis/drug effects	0	0	0.037037037037037	0.491090027111315	1	0	[32134361]
bone marrow/drug effects	radiation-protective agents/pharmacology	0	0	0.037037037037037	0.491090027111315	1	0	[32134361]
bone marrow/drug effects	small molecule libraries/pharmacology	0	0	0.037037037037037	0.491090027111315	1	0	[32134361]
brain neoplasms/genetics	cation transport proteins/genetics	1.51878509768721e-12	3.21494655714812e-11	0.037037037037037	0.491090027111315	1	0	[34062295]
brain neoplasms/genetics	gene expression regulation neoplastic	1.62808224802857e-05	6.33368658790105e-05	0.074074074074074	0.491090027111315	1	0	[34062295]
brain neoplasms/genetics	glioblastoma/genetics	1.51878509768721e-12	3.21494655714812e-11	0.037037037037037	0.491090027111315	1	0	[34062295]
brain neoplasms/genetics	heat-shock proteins/genetics	1.51878509768721e-12	3.21494655714812e-11	0.037037037037037	0.491090027111315	1	0	[34062295]
brain neoplasms/genetics	hyaluronan receptors/genetics	1.51878509768721e-12	3.21494655714812e-11	0.037037037037037	0.491090027111315	1	0	[34062295]
brain neoplasms/genetics	t-lymphocytes cytotoxic/immunology	1.51878509768721e-12	3.21494655714812e-11	0.037037037037037	0.491090027111315	1	0	[34062295]
calgranulin a/metabolism	colon/metabolism	8.3473228329467e-12	3.63900624961855e-11	0.0147058823529411	0.5011717509037	1	1	[30755716]
calgranulin a/metabolism	glycyrrhizic acid/pharmacology	8.3473228329467e-12	3.63900624961855e-11	0.0147058823529411	0.5011717509037	1	1	[30755716]
calgranulin a/metabolism	macrophages/drug effects	0.0026427423852313	0.0041792883219225	0.0735294117647058	0.5011717509037	1	1	[30755716]
calgranulin a/metabolism	phenotype	4.12690011752925e-06	9.71665346331543e-06	0.0294117647058823	0.5011717509037	1	1	[30755716]
calreticulin/metabolism	ferric compounds/chemistry	1.90229000622821e-05	6.33368658790105e-05	0.111111111111111	0.491090027111315	1	0	[32686685]
calreticulin/metabolism	neoplasms/diagnostic imaging	0	0	0.037037037037037	0.491090027111315	1	0	[32686685]
calreticulin/metabolism	oxidative stress	7.083931083951e-07	3.69485614090969e-06	0.074074074074074	0.491090027111315	1	0	[32686685]
calreticulin/metabolism	t-lymphocytes cytotoxic/metabolism	0	0	0.037037037037037	0.491090027111315	1	0	[32686685]
cancer-associated fibroblasts/pathology	cytokines/metabolism	0.0058604211555792	0.0086263377330122	0.147058823529412	0.5011717509037	1	1	[38301989]
cancer-associated fibroblasts/pathology	metabolic reprogramming	0	0	0.0147058823529411	0.5011717509037	1	1	[38301989]
carbolines/pharmacology	cell proliferation/drug effects	0.0010636503730522	0.0023691137341409	0.074074074074074	0.491090027111315	1	0	[32778843]
carbolines/pharmacology	cell survival/drug effects	0.0035798874138834	0.0054954767874054	0.0869183494293239	0.5011717509037	1	1	[34717678]
carbolines/pharmacology	cystine/antagonists &amp; inhibitors	0.0010636503730522	0.0023691137341409	0.074074074074074	0.491090027111315	1	0	[32778843]
carbolines/pharmacology	dose-response relationship drug	6.63710797654815e-07	3.54468013480472e-06	0.0028490028490028	0.178864212567384	2	0	[32778843,34717678]
carbolines/pharmacology	folic acid antagonists/pharmacology	0.0010636503730522	0.0023691137341409	0.074074074074074	0.491090027111315	1	0	[32778843]
carbolines/pharmacology	gene expression	5.14974610709151e-05	0.0001657520944568	0.074074074074074	0.491090027111315	1	0	[34717678]
carbolines/pharmacology	gene expression regulation neoplastic	0.0062713289823422	0.009135490816351	0.142669007901668	0.5011717509037	1	1	[32778843]
carbolines/pharmacology	inflammation mediators/antagonists &amp; inhibitors	5.14974610709151e-05	0.0001657520944568	0.074074074074074	0.491090027111315	1	0	[34717678]
carbolines/pharmacology	jurkat cells	6.85857748674579e-05	0.0001406852456997	0.0583845478489903	0.5011717509037	1	1	[32778843]
carbolines/pharmacology	lipopolysaccharides/toxicity	5.14974610709151e-05	0.0001657520944568	0.074074074074074	0.491090027111315	1	0	[34717678]
carbolines/pharmacology	methotrexate/pharmacology	0.0010636503730522	0.0023691137341409	0.074074074074074	0.491090027111315	1	0	[32778843]
carbolines/pharmacology	microglia/drug effects	5.14974610709151e-05	0.0001657520944568	0.074074074074074	0.491090027111315	1	0	[34717678]
carbolines/pharmacology	nf-e2-related factor 2/biosynthesis	5.14974610709151e-05	0.0001657520944568	0.074074074074074	0.491090027111315	1	0	[34717678]
carbolines/pharmacology	oxidative stress	1.89453191614675e-05	4.17659496863234e-05	0.0583845478489903	0.5011717509037	1	1	[32778843]
carbolines/pharmacology	phospholipid hydroperoxide glutathione peroxidase/antagonists &amp; inhibitors	0.0010636503730522	0.0023691137341409	0.074074074074074	0.491090027111315	1	0	[32778843]
carbolines/pharmacology	piperazines/pharmacology	1.89453191614675e-05	4.17659496863234e-05	0.0583845478489903	0.5011717509037	1	1	[32778843]
carbolines/pharmacology	raw 264.7 cells	5.14974610709151e-05	0.0001657520944568	0.074074074074074	0.491090027111315	1	0	[34717678]
carbolines/pharmacology	tetrahydrofolate dehydrogenase/genetics	0.0010636503730522	0.0023691137341409	0.074074074074074	0.491090027111315	1	0	[32778843]
carbolines/pharmacology	vitamin e/pharmacology	0.0010636503730522	0.0023691137341409	0.074074074074074	0.491090027111315	1	0	[32778843]
carcinoma pancreatic ductal/metabolism	cell transformation neoplastic/genetics	1.90229000622821e-05	6.33368658790105e-05	0.037037037037037	0.491090027111315	1	0	[33311482]
carcinoma pancreatic ductal/metabolism	diet	1.90229000622821e-05	6.33368658790105e-05	0.037037037037037	0.491090027111315	1	0	[33311482]
carcinoma pancreatic ductal/metabolism	dna	1.90229000622821e-05	6.33368658790105e-05	0.037037037037037	0.491090027111315	1	0	[33311482]
carcinoma pancreatic ductal/metabolism	macrophages	1.90229000622821e-05	6.33368658790105e-05	0.037037037037037	0.491090027111315	1	0	[33311482]
carcinoma pancreatic ductal/metabolism	membrane proteins/genetics	1.90229000622821e-05	6.33368658790105e-05	0.037037037037037	0.491090027111315	1	0	[33311482]
carcinoma pancreatic ductal/metabolism	pancreas/metabolism	1.90229000622821e-05	6.33368658790105e-05	0.037037037037037	0.491090027111315	1	0	[33311482]
carcinoma pancreatic ductal/metabolism	pancreatitis/genetics	1.90229000622821e-05	6.33368658790105e-05	0.037037037037037	0.491090027111315	1	0	[33311482]
carcinoma pancreatic ductal/metabolism	phospholipid hydroperoxide glutathione peroxidase/genetics	1.90229000622821e-05	6.33368658790105e-05	0.037037037037037	0.491090027111315	1	0	[33311482]
carcinoma pancreatic ductal/metabolism	proto-oncogene proteins p21(ras)/metabolism	1.90229000622821e-05	6.33368658790105e-05	0.037037037037037	0.491090027111315	1	0	[33311482]
carcinoma pancreatic ductal/metabolism	quinoxalines/pharmacology	1.90229000622821e-05	6.33368658790105e-05	0.037037037037037	0.491090027111315	1	0	[33311482]
carcinoma pancreatic ductal/metabolism	spiro compounds/pharmacology	1.90229000622821e-05	6.33368658790105e-05	0.037037037037037	0.491090027111315	1	0	[33311482]
carcinoma pancreatic ductal/metabolism	tumor microenvironment	0.0015625643362536	0.0033615998331867	0.074074074074074	0.491090027111315	1	0	[33311482]
cation transport proteins/genetics	gene expression regulation neoplastic	1.62808224802857e-05	6.33368658790105e-05	0.074074074074074	0.491090027111315	1	0	[34062295]
cation transport proteins/genetics	glioblastoma/genetics	1.51878509768721e-12	3.21494655714812e-11	0.037037037037037	0.491090027111315	1	0	[34062295]
cation transport proteins/genetics	heat-shock proteins/genetics	1.51878509768721e-12	3.21494655714812e-11	0.037037037037037	0.491090027111315	1	0	[34062295]
cation transport proteins/genetics	hyaluronan receptors/genetics	1.51878509768721e-12	3.21494655714812e-11	0.037037037037037	0.491090027111315	1	0	[34062295]
cation transport proteins/genetics	t-lymphocytes cytotoxic/immunology	1.51878509768721e-12	3.21494655714812e-11	0.037037037037037	0.491090027111315	1	0	[34062295]
cd36 antigens/antagonists &amp; inhibitors	cd8-positive t-lymphocytes/cytology	0.0001868757657405	0.0005524360047374	0.074074074074074	0.491090027111315	1	0	[33691090]
cd36 antigens/antagonists &amp; inhibitors	cytokines/metabolism	1.13608141667498e-05	4.7336725694791e-05	0.074074074074074	0.491090027111315	1	0	[33691090]
cd36 antigens/antagonists &amp; inhibitors	fatty acids/metabolism	3.10419946414342e-08	1.77908664941026e-07	0.037037037037037	0.491090027111315	1	0	[33691090]
cd36 antigens/antagonists &amp; inhibitors	multiple myeloma/drug therapy	3.10419946414342e-08	1.77908664941026e-07	0.037037037037037	0.491090027111315	1	0	[33691090]
cd36 antigens/antagonists &amp; inhibitors	reactive oxygen species/metabolism	0.0012446795696657	0.0020789136508493	0.102941176470588	0.5011717509037	1	1	[33691090]
cd36 antigens/antagonists &amp; inhibitors	tumor microenvironment	0.0003039350520657	0.0008666781229012	0.074074074074074	0.491090027111315	1	0	[33691090]
cd36 antigens/metabolism	endometrial neoplasms/immunology	0.0001602058550113	0.0003067580451151	0.102941176470588	0.5011717509037	1	1	[39166450]
cd36 antigens/metabolism	heme/metabolism	0.0001602058550113	0.0003067580451151	0.102941176470588	0.5011717509037	1	1	[39166450]
cd36 antigens/metabolism	interferon type i/metabolism	3.92074621036187e-06	9.34485802782292e-06	0.0092186128182616	0.186828306325089	2	1	[39166450,39546763]
cd36 antigens/metabolism	phagocytosis	0.0001602058550113	0.0003067580451151	0.102941176470588	0.5011717509037	1	1	[39166450]
cd36 antigens/metabolism	toll-like receptor 4/metabolism	0.0015713298753543	0.0025664815899418	0.0262590789368664	0.186828306325089	2	1	[39166450,31257391]
cd8-positive t-lymphocytes/cytology	cytokines/metabolism	0.0032746267628741	0.0068319551167878	0.145299145299145	0.491090027111315	1	0	[33691090]
cd8-positive t-lymphocytes/cytology	exosomes/metabolism	0.0004953033165658	0.0012925943513292	0.074074074074074	0.491090027111315	1	0	[34985903]
cd8-positive t-lymphocytes/cytology	fatty acids/metabolism	0.0001868757657405	0.0005524360047374	0.074074074074074	0.491090027111315	1	0	[33691090]
cd8-positive t-lymphocytes/cytology	ferric compounds/chemistry	0.0002311983189888	0.000429163002381	0.0869183494293239	0.5011717509037	1	1	[34985903]
cd8-positive t-lymphocytes/cytology	immunogenic cell death/drug effects	0.0004953033165658	0.0012925943513292	0.074074074074074	0.491090027111315	1	0	[34985903]
cd8-positive t-lymphocytes/cytology	interferon-gamma/metabolism	0.0004953033165658	0.0012925943513292	0.074074074074074	0.491090027111315	1	0	[34985903]
cd8-positive t-lymphocytes/cytology	metal-organic frameworks/chemistry	0.0004953033165658	0.0012925943513292	0.074074074074074	0.491090027111315	1	0	[34985903]
cd8-positive t-lymphocytes/cytology	multiple myeloma/drug therapy	0.0001868757657405	0.0005524360047374	0.074074074074074	0.491090027111315	1	0	[33691090]
cd8-positive t-lymphocytes/cytology	phenol/chemistry	0.0004953033165658	0.0012925943513292	0.074074074074074	0.491090027111315	1	0	[34985903]
cd8-positive t-lymphocytes/cytology	programmed cell death 1 receptor/metabolism	0.0004953033165658	0.0012925943513292	0.074074074074074	0.491090027111315	1	0	[34985903]
cd8-positive t-lymphocytes/drug effects	endoplasmic reticulum/drug effects	9.44154754378701e-11	1.14562710782353e-09	0.037037037037037	0.491090027111315	1	0	[33277233]
cd8-positive t-lymphocytes/drug effects	neoplasms/drug therapy	1.29861397354381e-05	5.27448252559809e-05	0.074074074074074	0.491090027111315	1	0	[33277233]
cd8-positive t-lymphocytes/immunology	cysteine/metabolism	0.0001862810580269	0.0003543196239064	0.0588235294117647	0.5011717509037	1	1	[31043744]
cd8-positive t-lymphocytes/immunology	fusion regulatory protein 1 heavy chain/metabolism	0.0001862810580269	0.0003543196239064	0.0588235294117647	0.5011717509037	1	1	[31043744]
cd8-positive t-lymphocytes/immunology	gene expression regulation neoplastic/drug effects	0.0042660683096238	0.0086454214520678	0.111111111111111	0.491090027111315	1	0	[31554642]
cd8-positive t-lymphocytes/immunology	interferon-gamma/immunology	0.0001862810580269	0.0003543196239064	0.0588235294117647	0.5011717509037	1	1	[31043744]
cd8-positive t-lymphocytes/immunology	lipid metabolism/drug effects	0.0042660683096238	0.0086454214520678	0.111111111111111	0.491090027111315	1	0	[31554642]
cd8-positive t-lymphocytes/immunology	melanoma/genetics	0.0001862810580269	0.0003543196239064	0.0588235294117647	0.5011717509037	1	1	[31043744]
cd8-positive t-lymphocytes/immunology	nivolumab/therapeutic use	0.0001862810580269	0.0003543196239064	0.0588235294117647	0.5011717509037	1	1	[31043744]
cd8-positive t-lymphocytes/immunology	sulfasalazine/administration &amp; dosage	0.0042660683096238	0.0086454214520678	0.111111111111111	0.491090027111315	1	0	[31554642]
cell cycle/drug effects	flavonolignans/pharmacology	2.37669306457633e-09	2.23055336157649e-08	0.037037037037037	0.491090027111315	1	0	[33926261]
cell cycle/drug effects	glutathione peroxidase/metabolism	2.37669306457633e-09	2.23055336157649e-08	0.037037037037037	0.491090027111315	1	0	[33926261]
cell cycle/drug effects	glutathione/metabolism	0.0002752353370022	0.000788717862951	0.111111111111111	0.491090027111315	1	0	[33926261]
cell cycle/drug effects	jurkat cells	0.0001347174188101	0.000411242646894	0.074074074074074	0.491090027111315	1	0	[33926261]
cell cycle/drug effects	precursor cell lymphoblastic leukemia-lymphoma/metabolism	2.37669306457633e-09	2.23055336157649e-08	0.037037037037037	0.491090027111315	1	0	[33926261]
cell cycle/drug effects	reactive oxygen species/metabolism	0.0007858745973121	0.0013687395477366	0.102941176470588	0.5011717509037	1	1	[33926261]
cell line	collagen type i/metabolism	5.72955623634464e-06	2.46890239010393e-05	0.037037037037037	0.491090027111315	1	0	[34811833]
cell line	hepatic stellate cells/drug effects	5.72955623634464e-06	2.46890239010393e-05	0.037037037037037	0.491090027111315	1	0	[34811833]
cell line	hepatocytes/drug effects	5.72955623634464e-06	2.46890239010393e-05	0.037037037037037	0.491090027111315	1	0	[34811833]
cell line	hypoxia-inducible factor 1 alpha subunit/metabolism	5.72955623634464e-06	2.46890239010393e-05	0.037037037037037	0.491090027111315	1	0	[34811833]
cell line	liver cirrhosis/drug therapy	5.72955623634464e-06	2.46890239010393e-05	0.037037037037037	0.491090027111315	1	0	[34811833]
cell line	sorafenib/pharmacology	5.72955623634464e-06	2.46890239010393e-05	0.037037037037037	0.491090027111315	1	0	[34811833]
cell line	tumor microenvironment/physiology	0.0023366179028878	0.003734732495539	0.1284220608189	0.5011717509037	1	1	[25940439]
cell line tumor/transplantation	colonic neoplasms/drug therapy	0.0002443386631932	0.0007043559873365	0.074074074074074	0.491090027111315	1	0	[33547170]
cell line tumor/transplantation	drug resistance neoplasm/drug effects	0.0001430031506204	0.0004284185297513	0.074074074074074	0.491090027111315	1	0	[34593794]
cell line tumor/transplantation	exosomes/drug effects	0.0001430031506204	0.0004284185297513	0.074074074074074	0.491090027111315	1	0	[34593794]
cell line tumor/transplantation	heme oxygenase-1/metabolism	0.0002443386631932	0.0007043559873365	0.074074074074074	0.491090027111315	1	0	[33547170]
cell line tumor/transplantation	hyaluronic acid/chemistry	0.0001430031506204	0.0004284185297513	0.074074074074074	0.491090027111315	1	0	[34593794]
cell line tumor/transplantation	immune checkpoint inhibitors/pharmacology	0.0001430031506204	0.0004284185297513	0.074074074074074	0.491090027111315	1	0	[34593794]
cell line tumor/transplantation	immunologic memory	0.0001430031506204	0.0004284185297513	0.074074074074074	0.491090027111315	1	0	[34593794]
cell line tumor/transplantation	lymphocytes tumor-infiltrating/immunology	0.0002443386631932	0.0007043559873365	0.074074074074074	0.491090027111315	1	0	[33547170]
cell line tumor/transplantation	membrane proteins/metabolism	0.0002443386631932	0.0007043559873365	0.074074074074074	0.491090027111315	1	0	[33547170]
cell line tumor/transplantation	myeloid-derived suppressor cells/immunology	0.0002443386631932	0.0007043559873365	0.074074074074074	0.491090027111315	1	0	[33547170]
cell line tumor/transplantation	neutral ceramidase/antagonists &amp; inhibitors	0.0002443386631932	0.0007043559873365	0.074074074074074	0.491090027111315	1	0	[33547170]
cell line tumor/transplantation	skin neoplasms/drug therapy	0.0001430031506204	0.0004284185297513	0.074074074074074	0.491090027111315	1	0	[34593794]
cell line tumor/transplantation	t-lymphocytes cytotoxic/drug effects	0.0001430031506204	0.0004284185297513	0.074074074074074	0.491090027111315	1	0	[34593794]
cell line tumor/transplantation	t-lymphocytes/immunology	0.0002443386631932	0.0007043559873365	0.074074074074074	0.491090027111315	1	0	[33547170]
cell line tumor/transplantation	tumor escape/drug effects	0.0001430031506204	0.0004284185297513	0.074074074074074	0.491090027111315	1	0	[34593794]
cell line tumor/transplantation	tumor microenvironment/drug effects	0.0026517634703525	0.0055846870472203	0.017094017094017	0.178864212567384	2	0	[33547170,34593794]
cell proliferation/drug effects	cystine/antagonists &amp; inhibitors	1.90229000622821e-05	6.33368658790105e-05	0.037037037037037	0.491090027111315	1	0	[32778843]
cell proliferation/drug effects	dose-response relationship drug	0.0010636503730522	0.0023691137341409	0.074074074074074	0.491090027111315	1	0	[32778843,30420335]
cell proliferation/drug effects	folic acid antagonists/pharmacology	1.90229000622821e-05	6.33368658790105e-05	0.037037037037037	0.491090027111315	1	0	[32778843]
cell proliferation/drug effects	gene expression regulation neoplastic	0.000860920973641	0.0020021417991653	0.074074074074074	0.491090027111315	1	0	[32778843]
cell proliferation/drug effects	jurkat cells	0.0012969225227602	0.0028666732591499	0.074074074074074	0.491090027111315	1	0	[32778843]
cell proliferation/drug effects	methotrexate/pharmacology	1.90229000622821e-05	6.33368658790105e-05	0.037037037037037	0.491090027111315	1	0	[32778843]
cell proliferation/drug effects	oxidative stress	0.0005390447313372	0.0013092376221759	0.074074074074074	0.491090027111315	1	0	[32778843]
cell proliferation/drug effects	phenotype	0.0021227254844603	0.003419549010368	0.0583845478489903	0.5011717509037	1	1	[30420335]
cell proliferation/drug effects	phospholipid hydroperoxide glutathione peroxidase/antagonists &amp; inhibitors	1.90229000622821e-05	6.33368658790105e-05	0.037037037037037	0.491090027111315	1	0	[32778843]
cell proliferation/drug effects	piperazines/pharmacology	0.0005390447313372	0.0013092376221759	0.074074074074074	0.491090027111315	1	0	[32778843]
cell proliferation/drug effects	tetrahydrofolate dehydrogenase/genetics	1.90229000622821e-05	6.33368658790105e-05	0.037037037037037	0.491090027111315	1	0	[32778843]
cell proliferation/drug effects	vitamin e/pharmacology	1.90229000622821e-05	6.33368658790105e-05	0.037037037037037	0.491090027111315	1	0	[32778843]
cell survival	coenzyme a ligases/metabolism	9.44154754378701e-11	1.14562710782353e-09	0.037037037037037	0.491090027111315	1	0	[32814895]
cell survival	glutathione/metabolism	0.0001487376673323	0.0004423992156552	0.111111111111111	0.491090027111315	1	0	[32814895]
cell survival	iron/metabolism	0.0021974525656576	0.0046720032554304	0.148148148148148	0.491090027111315	1	0	[32814895]
cell survival	lymph/metabolism	9.44154754378701e-11	1.14562710782353e-09	0.037037037037037	0.491090027111315	1	0	[32814895]
cell survival	melanoma/blood	9.44154754378701e-11	1.14562710782353e-09	0.037037037037037	0.491090027111315	1	0	[32814895]
cell survival	neoplasm metastasis/drug therapy	9.44154754378701e-11	1.14562710782353e-09	0.037037037037037	0.491090027111315	1	0	[32814895]
cell survival	oleic acid/metabolism	9.44154754378701e-11	1.14562710782353e-09	0.037037037037037	0.491090027111315	1	0	[32814895]
cell survival	oxidative stress/drug effects	0.0009252229168602	0.0021093918702002	0.074074074074074	0.491090027111315	1	0	[32814895]
cell survival	phospholipid hydroperoxide glutathione peroxidase/metabolism	1.13100478793537e-06	5.82577954709163e-06	0.074074074074074	0.491090027111315	1	0	[32814895]
cell survival/drug effects	gene expression	0.0035872302582571	0.0074200911190768	0.111111111111111	0.491090027111315	1	0	[34717678]
cell survival/drug effects	gene expression regulation neoplastic/drug effects	0.0035872302582571	0.0074200911190768	0.111111111111111	0.491090027111315	1	0	[31554642]
cell survival/drug effects	glycogen synthase kinase 3/metabolism	0.0049036293627228	0.0073431491104543	0.0441176470588235	0.5011717509037	1	1	[34093872]
cell survival/drug effects	inflammation mediators/antagonists &amp; inhibitors	0.0035872302582571	0.0074200911190768	0.111111111111111	0.491090027111315	1	0	[34717678]
cell survival/drug effects	iron/chemistry	0.0049036293627228	0.0073431491104543	0.0441176470588235	0.5011717509037	1	1	[34093872]
cell survival/drug effects	lipid metabolism/drug effects	0.0035872302582571	0.0074200911190768	0.111111111111111	0.491090027111315	1	0	[31554642]
cell survival/drug effects	lipopolysaccharides/toxicity	0.0035872302582571	0.0074200911190768	0.111111111111111	0.491090027111315	1	0	[34717678]
cell survival/drug effects	lung neoplasms/drug therapy	0.0049036293627228	0.0073431491104543	0.0441176470588235	0.5011717509037	1	1	[34093872]
cell survival/drug effects	microglia/drug effects	0.0035872302582571	0.0074200911190768	0.111111111111111	0.491090027111315	1	0	[34717678]
cell survival/drug effects	nf-e2-related factor 2/biosynthesis	0.0035872302582571	0.0074200911190768	0.111111111111111	0.491090027111315	1	0	[34717678]
cell survival/drug effects	nf-e2-related factor 2/genetics	0.0049036293627228	0.0073431491104543	0.0441176470588235	0.5011717509037	1	1	[34093872]
cell survival/drug effects	raw 264.7 cells	0.0035872302582571	0.0074200911190768	0.111111111111111	0.491090027111315	1	0	[34717678]
cell survival/drug effects	sulfasalazine/administration &amp; dosage	0.0035872302582571	0.0074200911190768	0.111111111111111	0.491090027111315	1	0	[31554642]
cell survival/drug effects	tor serine-threonine kinases/metabolism	0.0049036293627228	0.0073431491104543	0.0441176470588235	0.5011717509037	1	1	[34093872]
cell transformation neoplastic/genetics	diet	1.90229000622821e-05	6.33368658790105e-05	0.037037037037037	0.491090027111315	1	0	[33311482]
cell transformation neoplastic/genetics	dna	1.90229000622821e-05	6.33368658790105e-05	0.037037037037037	0.491090027111315	1	0	[33311482]
cell transformation neoplastic/genetics	macrophages	1.90229000622821e-05	6.33368658790105e-05	0.037037037037037	0.491090027111315	1	0	[33311482]
cell transformation neoplastic/genetics	membrane proteins/genetics	1.90229000622821e-05	6.33368658790105e-05	0.037037037037037	0.491090027111315	1	0	[33311482]
cell transformation neoplastic/genetics	pancreas/metabolism	1.90229000622821e-05	6.33368658790105e-05	0.037037037037037	0.491090027111315	1	0	[33311482]
cell transformation neoplastic/genetics	pancreatitis/genetics	1.90229000622821e-05	6.33368658790105e-05	0.037037037037037	0.491090027111315	1	0	[33311482]
cell transformation neoplastic/genetics	phospholipid hydroperoxide glutathione peroxidase/genetics	1.90229000622821e-05	6.33368658790105e-05	0.037037037037037	0.491090027111315	1	0	[33311482]
cell transformation neoplastic/genetics	proto-oncogene proteins p21(ras)/metabolism	1.90229000622821e-05	6.33368658790105e-05	0.037037037037037	0.491090027111315	1	0	[33311482]
cell transformation neoplastic/genetics	quinoxalines/pharmacology	1.90229000622821e-05	6.33368658790105e-05	0.037037037037037	0.491090027111315	1	0	[33311482]
cell transformation neoplastic/genetics	spiro compounds/pharmacology	1.90229000622821e-05	6.33368658790105e-05	0.037037037037037	0.491090027111315	1	0	[33311482]
cell transformation neoplastic/genetics	tumor microenvironment	0.0015625643362536	0.0033615998331867	0.074074074074074	0.491090027111315	1	0	[33311482]
cells cultured	cyclohexylamines/pharmacology	0.0026427423852313	0.0041792883219225	0.0869183494293239	0.5011717509037	1	1	[35197507]
cells cultured	endothelial cells/metabolism	0.0038613323464813	0.0078913768885101	0.074074074074074	0.491090027111315	1	0	[35197507]
cells cultured	glutathione/metabolism	0.0019364221367503	0.0031229382209923	0.1284220608189	0.5011717509037	1	1	[30787033]
cells cultured	heart ventricles/diagnostic imaging	0.0038613323464813	0.0078913768885101	0.074074074074074	0.491090027111315	1	0	[35197507]
cells cultured	hemodynamics/drug effects	0.0038613323464813	0.0078913768885101	0.074074074074074	0.491090027111315	1	0	[35197507]
cells cultured	hmgb1 protein/metabolism	0.0038613323464813	0.0078913768885101	0.074074074074074	0.491090027111315	1	0	[35197507]
cells cultured	host-pathogen interactions	3.85253685275533e-06	1.84058597578096e-05	0.074074074074074	0.491090027111315	1	0	[30787033]
cells cultured	hypertension pulmonary/chemically induced	0.0038613323464813	0.0078913768885101	0.074074074074074	0.491090027111315	1	0	[35197507]
cells cultured	inflammasomes/metabolism	0.0038613323464813	0.0078913768885101	0.074074074074074	0.491090027111315	1	0	[35197507]
cells cultured	inflammation/metabolism	0.0038613323464813	0.0078913768885101	0.074074074074074	0.491090027111315	1	0	[35197507]
cells cultured	iron chelating agents/pharmacology	3.85253685275533e-06	1.84058597578096e-05	0.074074074074074	0.491090027111315	1	0	[30787033]
cells cultured	lung/blood supply	0.0038613323464813	0.0078913768885101	0.074074074074074	0.491090027111315	1	0	[35197507]
cells cultured	macrophages/metabolism	0.0038613323464813	0.0078913768885101	0.074074074074074	0.491090027111315	1	0	[35197507,32359100]
cells cultured	monocrotaline/toxicity	0.0038613323464813	0.0078913768885101	0.074074074074074	0.491090027111315	1	0	[35197507]
cells cultured	nlr family pyrin domain-containing 3 protein/metabolism	0.0038613323464813	0.0078913768885101	0.074074074074074	0.491090027111315	1	0	[35197507]
cells cultured	phenylenediamines/pharmacology	0.0026427423852313	0.0041792883219225	0.0869183494293239	0.5011717509037	1	1	[35197507]
cells cultured	phospholipid hydroperoxide glutathione peroxidase/metabolism	0.0030517326101732	0.0063715079694041	0.145299145299145	0.491090027111315	1	0	[30787033]
cells cultured	toll-like receptor 4/metabolism	0.0038613323464813	0.0078913768885101	0.074074074074074	0.491090027111315	1	0	[35197507]
cells cultured	tuberculosis/metabolism	3.85253685275533e-06	1.84058597578096e-05	0.074074074074074	0.491090027111315	1	0	[30787033]
cells cultured	tumor microenvironment/physiology	0.0026427423852313	0.0041792883219225	0.1284220608189	0.5011717509037	1	1	[32359100]
cisplatin	diterpenes/pharmacology	3.10419946414342e-08	1.77908664941026e-07	0.037037037037037	0.491090027111315	1	0	[35778693]
cisplatin	killer cells natural/metabolism	3.10419946414342e-08	1.77908664941026e-07	0.037037037037037	0.491090027111315	1	0	[35778693]
cisplatin	lymphoma t-cell	3.10419946414342e-08	1.77908664941026e-07	0.037037037037037	0.491090027111315	1	0	[35778693]
cisplatin	reactive oxygen species/metabolism	0.0012446795696657	0.0020789136508493	0.102941176470588	0.5011717509037	1	1	[35778693]
cisplatin	tumor suppressor protein p53/metabolism	0.0001430031506204	0.0004284185297513	0.074074074074074	0.491090027111315	1	0	[35778693]
coenzyme a ligases/metabolism	glutathione/metabolism	0.0001487376673323	0.0004423992156552	0.111111111111111	0.491090027111315	1	0	[32814895]
coenzyme a ligases/metabolism	iron/metabolism	0.0021974525656576	0.0046720032554304	0.148148148148148	0.491090027111315	1	0	[32814895]
coenzyme a ligases/metabolism	lymph/metabolism	9.44154754378701e-11	1.14562710782353e-09	0.037037037037037	0.491090027111315	1	0	[32814895]
coenzyme a ligases/metabolism	melanoma/blood	9.44154754378701e-11	1.14562710782353e-09	0.037037037037037	0.491090027111315	1	0	[32814895]
coenzyme a ligases/metabolism	neoplasm metastasis/drug therapy	9.44154754378701e-11	1.14562710782353e-09	0.037037037037037	0.491090027111315	1	0	[32814895]
coenzyme a ligases/metabolism	oleic acid/metabolism	9.44154754378701e-11	1.14562710782353e-09	0.037037037037037	0.491090027111315	1	0	[32814895]
coenzyme a ligases/metabolism	oxidative stress/drug effects	0.0009252229168602	0.0021093918702002	0.074074074074074	0.491090027111315	1	0	[32814895]
coenzyme a ligases/metabolism	phospholipid hydroperoxide glutathione peroxidase/metabolism	1.13100478793537e-06	5.82577954709163e-06	0.074074074074074	0.491090027111315	1	0	[32814895]
collagen type i/metabolism	hepatic stellate cells/drug effects	5.72955623634464e-06	2.46890239010393e-05	0.037037037037037	0.491090027111315	1	0	[34811833]
collagen type i/metabolism	hepatocytes/drug effects	5.72955623634464e-06	2.46890239010393e-05	0.037037037037037	0.491090027111315	1	0	[34811833]
collagen type i/metabolism	hypoxia-inducible factor 1 alpha subunit/metabolism	5.72955623634464e-06	2.46890239010393e-05	0.037037037037037	0.491090027111315	1	0	[34811833]
collagen type i/metabolism	liver cirrhosis/drug therapy	5.72955623634464e-06	2.46890239010393e-05	0.037037037037037	0.491090027111315	1	0	[34811833]
collagen type i/metabolism	macrophages/drug effects	0.0019364221367503	0.0031229382209923	0.0735294117647058	0.5011717509037	1	1	[34811833]
collagen type i/metabolism	sorafenib/pharmacology	5.72955623634464e-06	2.46890239010393e-05	0.037037037037037	0.491090027111315	1	0	[34811833]
colon/metabolism	glycyrrhizic acid/pharmacology	8.3473228329467e-12	3.63900624961855e-11	0.0147058823529411	0.5011717509037	1	1	[30755716]
colon/metabolism	macrophages/drug effects	0.0026427423852313	0.0041792883219225	0.0735294117647058	0.5011717509037	1	1	[30755716]
colon/metabolism	phenotype	4.12690011752925e-06	9.71665346331543e-06	0.0294117647058823	0.5011717509037	1	1	[30755716]
colonic neoplasms/drug therapy	heme oxygenase-1/metabolism	2.48910234645905e-07	1.3318075285482e-06	0.037037037037037	0.491090027111315	1	0	[33547170]
colonic neoplasms/drug therapy	lymphocytes tumor-infiltrating/immunology	2.48910234645905e-07	1.3318075285482e-06	0.037037037037037	0.491090027111315	1	0	[33547170]
colonic neoplasms/drug therapy	membrane proteins/metabolism	2.48910234645905e-07	1.3318075285482e-06	0.037037037037037	0.491090027111315	1	0	[33547170]
colonic neoplasms/drug therapy	myeloid-derived suppressor cells/immunology	2.48910234645905e-07	1.3318075285482e-06	0.037037037037037	0.491090027111315	1	0	[33547170]
colonic neoplasms/drug therapy	neutral ceramidase/antagonists &amp; inhibitors	2.48910234645905e-07	1.3318075285482e-06	0.037037037037037	0.491090027111315	1	0	[33547170]
colonic neoplasms/drug therapy	reactive oxygen species/metabolism	0.0018579666779763	0.003012680357705	0.102941176470588	0.5011717509037	1	1	[33547170]
colonic neoplasms/drug therapy	t-lymphocytes/immunology	2.48910234645905e-07	1.3318075285482e-06	0.037037037037037	0.491090027111315	1	0	[33547170]
colonic neoplasms/drug therapy	tumor suppressor protein p53/metabolism	0.0002443386631932	0.0007043559873365	0.074074074074074	0.491090027111315	1	0	[33547170]
colorectal neoplasms/metabolism	cytokines/metabolism	0.0027501892023392	0.0043310494425764	0.147058823529412	0.5011717509037	1	1	[36160648]
colorectal neoplasms/metabolism	hyperlipidemias	0	0	0.0147058823529411	0.5011717509037	1	1	[36160648]
colorectal neoplasms/metabolism	lipoproteins ldl	0	0	0.0147058823529411	0.5011717509037	1	1	[36160648]
colorectal neoplasms/metabolism	macrophages/metabolism	0.001413355149255	0.0023329148675058	0.102941176470588	0.5011717509037	1	1	[36160648]
colorectal neoplasms/metabolism	mannose receptor	0	0	0.0147058823529411	0.5011717509037	1	1	[36160648]
colorectal neoplasms/metabolism	nitric oxide synthase type ii/metabolism	0	0	0.0147058823529411	0.5011717509037	1	1	[36160648]
colorectal neoplasms/metabolism	scavenger receptors class e/genetics	0	0	0.0147058823529411	0.5011717509037	1	1	[36160648]
cyclohexylamines/pharmacology	inflammation/drug therapy	0.0006867567885109	0.001610019956897	0.074074074074074	0.491090027111315	1	0	[30830879]
cyclohexylamines/pharmacology	myocardial reperfusion injury/drug therapy	0.0006867567885109	0.001610019956897	0.074074074074074	0.491090027111315	1	0	[30830879]
cyclohexylamines/pharmacology	myocardium/immunology	0.0006867567885109	0.001610019956897	0.074074074074074	0.491090027111315	1	0	[30830879]
cyclohexylamines/pharmacology	neutrophil infiltration	0.0006867567885109	0.001610019956897	0.074074074074074	0.491090027111315	1	0	[30830879]
cyclohexylamines/pharmacology	neutrophils/immunology	0.0006867567885109	0.001610019956897	0.074074074074074	0.491090027111315	1	0	[30830879]
cyclohexylamines/pharmacology	phenylenediamines/pharmacology	5.02924301564178e-05	0.000164058546067	0.0028490028490028	0.178864212567384	2	0	[35197507,30830879]
cyclohexylamines/pharmacology	toll-like receptor 4/genetics	0.0006867567885109	0.001610019956897	0.074074074074074	0.491090027111315	1	0	[30830879]
cyclohexylamines/pharmacology	ventricular function left/drug effects	0.0006867567885109	0.001610019956897	0.074074074074074	0.491090027111315	1	0	[30830879]
cysteine/metabolism	fusion regulatory protein 1 heavy chain/metabolism	3.10419946414342e-08	1.77908664941026e-07	0.037037037037037	0.491090027111315	1	0	[31043744]
cysteine/metabolism	interferon-gamma/immunology	3.10419946414342e-08	1.77908664941026e-07	0.037037037037037	0.491090027111315	1	0	[31043744]
cysteine/metabolism	melanoma/genetics	3.10419946414342e-08	1.77908664941026e-07	0.037037037037037	0.491090027111315	1	0	[31043744]
cysteine/metabolism	nivolumab/therapeutic use	3.10419946414342e-08	1.77908664941026e-07	0.037037037037037	0.491090027111315	1	0	[31043744]
cysteine/metabolism	reactive oxygen species/metabolism	0.0012446795696657	0.0020789136508493	0.102941176470588	0.5011717509037	1	1	[31043744]
cystine/antagonists &amp; inhibitors	dose-response relationship drug	0.0010636503730522	0.0023691137341409	0.074074074074074	0.491090027111315	1	0	[32778843]
cystine/antagonists &amp; inhibitors	folic acid antagonists/pharmacology	1.90229000622821e-05	6.33368658790105e-05	0.037037037037037	0.491090027111315	1	0	[32778843]
cystine/antagonists &amp; inhibitors	gene expression regulation neoplastic	0.000860920973641	0.0020021417991653	0.074074074074074	0.491090027111315	1	0	[32778843]
cystine/antagonists &amp; inhibitors	jurkat cells	0.0012969225227602	0.0028666732591499	0.074074074074074	0.491090027111315	1	0	[32778843]
cystine/antagonists &amp; inhibitors	methotrexate/pharmacology	1.90229000622821e-05	6.33368658790105e-05	0.037037037037037	0.491090027111315	1	0	[32778843]
cystine/antagonists &amp; inhibitors	oxidative stress	0.0005390447313372	0.0013092376221759	0.074074074074074	0.491090027111315	1	0	[32778843]
cystine/antagonists &amp; inhibitors	phospholipid hydroperoxide glutathione peroxidase/antagonists &amp; inhibitors	1.90229000622821e-05	6.33368658790105e-05	0.037037037037037	0.491090027111315	1	0	[32778843]
cystine/antagonists &amp; inhibitors	piperazines/pharmacology	0.0005390447313372	0.0013092376221759	0.074074074074074	0.491090027111315	1	0	[32778843]
cystine/antagonists &amp; inhibitors	reactive oxygen species/metabolism	0.0047751294388702	0.0071792222967029	0.102941176470588	0.5011717509037	1	1	[32778843]
cystine/antagonists &amp; inhibitors	tetrahydrofolate dehydrogenase/genetics	1.90229000622821e-05	6.33368658790105e-05	0.037037037037037	0.491090027111315	1	0	[32778843]
cystine/antagonists &amp; inhibitors	vitamin e/pharmacology	1.90229000622821e-05	6.33368658790105e-05	0.037037037037037	0.491090027111315	1	0	[32778843]
cytokines/metabolism	drug interactions	4.98566787854315e-09	4.50418593388634e-08	0.074074074074074	0.491090027111315	1	0	[32134361]
cytokines/metabolism	fatty acids/metabolism	1.13608141667498e-05	4.7336725694791e-05	0.074074074074074	0.491090027111315	1	0	[33691090]
cytokines/metabolism	hyperlipidemias	0.0027501892023392	0.0043310494425764	0.147058823529412	0.5011717509037	1	1	[36160648]
cytokines/metabolism	ileum/drug effects	4.98566787854315e-09	4.50418593388634e-08	0.074074074074074	0.491090027111315	1	0	[32134361]
cytokines/metabolism	lipoproteins ldl	0.0027501892023392	0.0043310494425764	0.147058823529412	0.5011717509037	1	1	[36160648]
cytokines/metabolism	mannose receptor	0.0027501892023392	0.0043310494425764	0.147058823529412	0.5011717509037	1	1	[36160648]
cytokines/metabolism	metabolic reprogramming	0.0058604211555792	0.0086263377330122	0.147058823529412	0.5011717509037	1	1	[38301989]
cytokines/metabolism	multiple myeloma/drug therapy	1.13608141667498e-05	4.7336725694791e-05	0.074074074074074	0.491090027111315	1	0	[33691090]
cytokines/metabolism	necroptosis/drug effects	4.98566787854315e-09	4.50418593388634e-08	0.074074074074074	0.491090027111315	1	0	[32134361]
cytokines/metabolism	nitric oxide synthase type ii/metabolism	0.0027501892023392	0.0043310494425764	0.147058823529412	0.5011717509037	1	1	[36160648]
cytokines/metabolism	phenotype	0.0021439631343553	0.0034529851199831	0.0197541703248463	0.186828306325089	2	1	[30755716,30420335]
cytokines/metabolism	radiation-protective agents/pharmacology	4.98566787854315e-09	4.50418593388634e-08	0.074074074074074	0.491090027111315	1	0	[32134361]
cytokines/metabolism	scavenger receptors class e/genetics	0.0027501892023392	0.0043310494425764	0.147058823529412	0.5011717509037	1	1	[36160648]
cytokines/metabolism	small molecule libraries/pharmacology	4.98566787854315e-09	4.50418593388634e-08	0.074074074074074	0.491090027111315	1	0	[32134361]
cytokines/metabolism	tumor microenvironment	0.0045084315169171	0.0090921080661055	0.145299145299145	0.491090027111315	1	0	[38301989,34919143,36160648,24156623,30420335,33691090]
cytoskeletal proteins/metabolism	glutathione peroxidase/therapeutic use	6.77236045021345e-15	2.3951030860511e-13	0.037037037037037	0.491090027111315	1	0	[31775041]
dextrans/chemistry	ferric compounds/chemistry	0.0001168032959434	0.0003588236845719	0.111111111111111	0.491090027111315	1	0	[33236624]
dextrans/chemistry	gels/chemistry	1.51878509768721e-12	3.21494655714812e-11	0.037037037037037	0.491090027111315	1	0	[33236624]
dextrans/chemistry	gold/chemistry	1.51878509768721e-12	3.21494655714812e-11	0.037037037037037	0.491090027111315	1	0	[33236624]
dextrans/chemistry	macrophages/cytology	3.26106776693535e-06	1.56574445763452e-05	0.074074074074074	0.491090027111315	1	0	[33236624]
dextrans/chemistry	reactive oxygen species/metabolism	0.000246122170292	0.0004560386748922	0.102941176470588	0.5011717509037	1	1	[33236624]
dextrans/chemistry	urinary bladder neoplasms/pathology	1.51878509768721e-12	3.21494655714812e-11	0.037037037037037	0.491090027111315	1	0	[33236624]
dichloroacetic acid/chemistry	drug synergism	3.10419946414342e-08	1.77908664941026e-07	0.037037037037037	0.491090027111315	1	0	[31509699]
dichloroacetic acid/chemistry	energy metabolism/drug effects	3.10419946414342e-08	1.77908664941026e-07	0.037037037037037	0.491090027111315	1	0	[31509699]
dichloroacetic acid/chemistry	macrophages/cytology	3.98433250663466e-05	0.000130412689269	0.074074074074074	0.491090027111315	1	0	[31509699]
dichloroacetic acid/chemistry	mitochondria/drug effects	0.0028851458065133	0.0060410995226632	0.074074074074074	0.491090027111315	1	0	[31509699]
dichloroacetic acid/chemistry	neoplasms/drug therapy	5.6844185756133e-05	0.0001786003669477	0.074074074074074	0.491090027111315	1	0	[31509699]
dichloroacetic acid/chemistry	protein kinase inhibitors/chemistry	3.10419946414342e-08	1.77908664941026e-07	0.037037037037037	0.491090027111315	1	0	[31509699]
dichloroacetic acid/chemistry	pyruvate dehydrogenase acetyl-transferring kinase/antagonists &amp; inhibitors	3.10419946414342e-08	1.77908664941026e-07	0.037037037037037	0.491090027111315	1	0	[31509699]
dichloroacetic acid/chemistry	saponins/chemistry	3.10419946414342e-08	1.77908664941026e-07	0.037037037037037	0.491090027111315	1	0	[31509699]
diet	dna	1.90229000622821e-05	6.33368658790105e-05	0.037037037037037	0.491090027111315	1	0	[33311482]
diet	macrophages	1.90229000622821e-05	6.33368658790105e-05	0.037037037037037	0.491090027111315	1	0	[33311482]
diet	membrane proteins/genetics	1.90229000622821e-05	6.33368658790105e-05	0.037037037037037	0.491090027111315	1	0	[33311482]
diet	pancreas/metabolism	1.90229000622821e-05	6.33368658790105e-05	0.037037037037037	0.491090027111315	1	0	[33311482]
diet	pancreatitis/genetics	1.90229000622821e-05	6.33368658790105e-05	0.037037037037037	0.491090027111315	1	0	[33311482]
diet	phospholipid hydroperoxide glutathione peroxidase/genetics	1.90229000622821e-05	6.33368658790105e-05	0.037037037037037	0.491090027111315	1	0	[33311482]
diet	proto-oncogene proteins p21(ras)/metabolism	1.90229000622821e-05	6.33368658790105e-05	0.037037037037037	0.491090027111315	1	0	[33311482]
diet	quinoxalines/pharmacology	1.90229000622821e-05	6.33368658790105e-05	0.037037037037037	0.491090027111315	1	0	[33311482]
diet	spiro compounds/pharmacology	1.90229000622821e-05	6.33368658790105e-05	0.037037037037037	0.491090027111315	1	0	[33311482]
diet	tumor microenvironment	0.0015625643362536	0.0033615998331867	0.074074074074074	0.491090027111315	1	0	[33311482]
diterpenes/pharmacology	killer cells natural/metabolism	3.10419946414342e-08	1.77908664941026e-07	0.037037037037037	0.491090027111315	1	0	[35778693]
diterpenes/pharmacology	lymphoma t-cell	3.10419946414342e-08	1.77908664941026e-07	0.037037037037037	0.491090027111315	1	0	[35778693]
diterpenes/pharmacology	reactive oxygen species/metabolism	0.0012446795696657	0.0020789136508493	0.102941176470588	0.5011717509037	1	1	[35778693]
diterpenes/pharmacology	tumor suppressor protein p53/metabolism	0.0001430031506204	0.0004284185297513	0.074074074074074	0.491090027111315	1	0	[35778693]
dna	macrophages	1.90229000622821e-05	6.33368658790105e-05	0.037037037037037	0.491090027111315	1	0	[33311482]
dna	membrane proteins/genetics	1.90229000622821e-05	6.33368658790105e-05	0.037037037037037	0.491090027111315	1	0	[33311482]
dna	pancreas/metabolism	1.90229000622821e-05	6.33368658790105e-05	0.037037037037037	0.491090027111315	1	0	[33311482]
dna	pancreatitis/genetics	1.90229000622821e-05	6.33368658790105e-05	0.037037037037037	0.491090027111315	1	0	[33311482]
dna	phospholipid hydroperoxide glutathione peroxidase/genetics	1.90229000622821e-05	6.33368658790105e-05	0.037037037037037	0.491090027111315	1	0	[33311482]
dna	proto-oncogene proteins p21(ras)/metabolism	1.90229000622821e-05	6.33368658790105e-05	0.037037037037037	0.491090027111315	1	0	[33311482]
dna	quinoxalines/pharmacology	1.90229000622821e-05	6.33368658790105e-05	0.037037037037037	0.491090027111315	1	0	[33311482]
dna	spiro compounds/pharmacology	1.90229000622821e-05	6.33368658790105e-05	0.037037037037037	0.491090027111315	1	0	[33311482]
dna	tumor microenvironment	0.0015625643362536	0.0033615998331867	0.074074074074074	0.491090027111315	1	0	[33311482]
dose-response relationship drug	folic acid antagonists/pharmacology	0.0010636503730522	0.0023691137341409	0.074074074074074	0.491090027111315	1	0	[32778843]
dose-response relationship drug	gene expression	5.14974610709151e-05	0.0001657520944568	0.074074074074074	0.491090027111315	1	0	[34717678]
dose-response relationship drug	inflammation mediators/antagonists &amp; inhibitors	5.14974610709151e-05	0.0001657520944568	0.074074074074074	0.491090027111315	1	0	[34717678]
dose-response relationship drug	jurkat cells	0.0026163058647299	0.0041447975536073	0.0869183494293239	0.5011717509037	1	1	[32778843]
dose-response relationship drug	lipopolysaccharides/toxicity	5.14974610709151e-05	0.0001657520944568	0.074074074074074	0.491090027111315	1	0	[34717678]
dose-response relationship drug	methotrexate/pharmacology	0.0010636503730522	0.0023691137341409	0.074074074074074	0.491090027111315	1	0	[32778843]
dose-response relationship drug	microglia/drug effects	5.14974610709151e-05	0.0001657520944568	0.074074074074074	0.491090027111315	1	0	[34717678]
dose-response relationship drug	nf-e2-related factor 2/biosynthesis	5.14974610709151e-05	0.0001657520944568	0.074074074074074	0.491090027111315	1	0	[34717678]
dose-response relationship drug	oxidative stress	0.0011968722590782	0.0020240640587102	0.0869183494293239	0.5011717509037	1	1	[32778843]
dose-response relationship drug	phospholipid hydroperoxide glutathione peroxidase/antagonists &amp; inhibitors	0.0010636503730522	0.0023691137341409	0.074074074074074	0.491090027111315	1	0	[32778843]
dose-response relationship drug	raw 264.7 cells	5.14974610709151e-05	0.0001657520944568	0.074074074074074	0.491090027111315	1	0	[34717678]
dose-response relationship drug	tetrahydrofolate dehydrogenase/genetics	0.0010636503730522	0.0023691137341409	0.074074074074074	0.491090027111315	1	0	[32778843]
dose-response relationship drug	vitamin e/pharmacology	0.0010636503730522	0.0023691137341409	0.074074074074074	0.491090027111315	1	0	[32778843]
drug interactions	ileum/drug effects	0	0	0.037037037037037	0.491090027111315	1	0	[32134361]
drug interactions	necroptosis/drug effects	0	0	0.037037037037037	0.491090027111315	1	0	[32134361]
drug interactions	radiation-protective agents/pharmacology	0	0	0.037037037037037	0.491090027111315	1	0	[32134361]
drug interactions	small molecule libraries/pharmacology	0	0	0.037037037037037	0.491090027111315	1	0	[32134361]
drug resistance neoplasm	triple negative breast neoplasms/drug therapy	2.37669306457633e-09	2.23055336157649e-08	0.037037037037037	0.491090027111315	1	0	[34991659]
drug resistance neoplasm	tumor microenvironment/drug effects	0.0039778851868	0.006085272814044	0.117647058823529	0.5011717509037	1	1	[34991659]
drug resistance neoplasm	tumor-associated macrophages/drug effects	2.37669306457633e-09	2.23055336157649e-08	0.037037037037037	0.491090027111315	1	0	[34991659]
drug resistance neoplasm/drug effects	exosomes/drug effects	3.10419946414342e-08	1.77908664941026e-07	0.037037037037037	0.491090027111315	1	0	[34593794]
drug resistance neoplasm/drug effects	hyaluronic acid/chemistry	3.10419946414342e-08	1.77908664941026e-07	0.037037037037037	0.491090027111315	1	0	[34593794]
drug resistance neoplasm/drug effects	immune checkpoint inhibitors/pharmacology	3.10419946414342e-08	1.77908664941026e-07	0.037037037037037	0.491090027111315	1	0	[34593794]
drug resistance neoplasm/drug effects	immunologic memory	3.10419946414342e-08	1.77908664941026e-07	0.037037037037037	0.491090027111315	1	0	[34593794]
drug resistance neoplasm/drug effects	skin neoplasms/drug therapy	3.10419946414342e-08	1.77908664941026e-07	0.037037037037037	0.491090027111315	1	0	[34593794]
drug resistance neoplasm/drug effects	t-lymphocytes cytotoxic/drug effects	3.10419946414342e-08	1.77908664941026e-07	0.037037037037037	0.491090027111315	1	0	[34593794]
drug resistance neoplasm/drug effects	tumor escape/drug effects	3.10419946414342e-08	1.77908664941026e-07	0.037037037037037	0.491090027111315	1	0	[34593794]
drug resistance neoplasm/drug effects	tumor microenvironment/drug effects	0.0056610184889931	0.008358574270831	0.117647058823529	0.5011717509037	1	1	[34593794]
drug synergism	energy metabolism/drug effects	3.10419946414342e-08	1.77908664941026e-07	0.037037037037037	0.491090027111315	1	0	[31509699]
drug synergism	macrophages/cytology	3.98433250663466e-05	0.000130412689269	0.074074074074074	0.491090027111315	1	0	[31509699]
drug synergism	mitochondria/drug effects	0.0028851458065133	0.0060410995226632	0.074074074074074	0.491090027111315	1	0	[31509699]
drug synergism	neoplasms/drug therapy	5.6844185756133e-05	0.0001786003669477	0.074074074074074	0.491090027111315	1	0	[31509699]
drug synergism	protein kinase inhibitors/chemistry	3.10419946414342e-08	1.77908664941026e-07	0.037037037037037	0.491090027111315	1	0	[31509699]
drug synergism	pyruvate dehydrogenase acetyl-transferring kinase/antagonists &amp; inhibitors	3.10419946414342e-08	1.77908664941026e-07	0.037037037037037	0.491090027111315	1	0	[31509699]
drug synergism	saponins/chemistry	3.10419946414342e-08	1.77908664941026e-07	0.037037037037037	0.491090027111315	1	0	[31509699]
endometrial neoplasms/immunology	heme/metabolism	0	0	0.0147058823529411	0.5011717509037	1	1	[39166450]
endometrial neoplasms/immunology	interferon type i/metabolism	6.66133814775094e-15	4.89659594922369e-14	0.0294117647058823	0.5011717509037	1	1	[39166450]
endometrial neoplasms/immunology	phagocytosis	0	0	0.0147058823529411	0.5011717509037	1	1	[39166450]
endometrial neoplasms/immunology	toll-like receptor 4/metabolism	2.20399190009601e-08	7.5723921131295e-08	0.0441176470588235	0.5011717509037	1	1	[39166450]
endoplasmic reticulum/drug effects	neoplasms/drug therapy	1.29861397354381e-05	5.27448252559809e-05	0.074074074074074	0.491090027111315	1	0	[33277233]
endothelial cells/metabolism	heart ventricles/diagnostic imaging	0.0005241692955735	0.0012925943513292	0.037037037037037	0.491090027111315	1	0	[35197507]
endothelial cells/metabolism	hemodynamics/drug effects	0.0005241692955735	0.0012925943513292	0.037037037037037	0.491090027111315	1	0	[35197507]
endothelial cells/metabolism	hmgb1 protein/metabolism	0.0005241692955735	0.0012925943513292	0.037037037037037	0.491090027111315	1	0	[35197507]
endothelial cells/metabolism	hypertension pulmonary/chemically induced	0.0005241692955735	0.0012925943513292	0.037037037037037	0.491090027111315	1	0	[35197507]
endothelial cells/metabolism	inflammasomes/metabolism	0.0005241692955735	0.0012925943513292	0.037037037037037	0.491090027111315	1	0	[35197507]
endothelial cells/metabolism	inflammation/metabolism	0.0005241692955735	0.0012925943513292	0.037037037037037	0.491090027111315	1	0	[35197507]
endothelial cells/metabolism	lung/blood supply	0.0005241692955735	0.0012925943513292	0.037037037037037	0.491090027111315	1	0	[35197507]
endothelial cells/metabolism	macrophages/metabolism	0.0005241692955735	0.0012925943513292	0.037037037037037	0.491090027111315	1	0	[35197507]
endothelial cells/metabolism	monocrotaline/toxicity	0.0005241692955735	0.0012925943513292	0.037037037037037	0.491090027111315	1	0	[35197507]
endothelial cells/metabolism	nlr family pyrin domain-containing 3 protein/metabolism	0.0005241692955735	0.0012925943513292	0.037037037037037	0.491090027111315	1	0	[35197507]
endothelial cells/metabolism	toll-like receptor 4/metabolism	0.0005241692955735	0.0012925943513292	0.037037037037037	0.491090027111315	1	0	[35197507]
energy metabolism/drug effects	macrophages/cytology	3.98433250663466e-05	0.000130412689269	0.074074074074074	0.491090027111315	1	0	[31509699]
energy metabolism/drug effects	mitochondria/drug effects	0.0028851458065133	0.0060410995226632	0.074074074074074	0.491090027111315	1	0	[31509699]
energy metabolism/drug effects	neoplasms/drug therapy	5.6844185756133e-05	0.0001786003669477	0.074074074074074	0.491090027111315	1	0	[31509699]
energy metabolism/drug effects	protein kinase inhibitors/chemistry	3.10419946414342e-08	1.77908664941026e-07	0.037037037037037	0.491090027111315	1	0	[31509699]
energy metabolism/drug effects	pyruvate dehydrogenase acetyl-transferring kinase/antagonists &amp; inhibitors	3.10419946414342e-08	1.77908664941026e-07	0.037037037037037	0.491090027111315	1	0	[31509699]
energy metabolism/drug effects	saponins/chemistry	3.10419946414342e-08	1.77908664941026e-07	0.037037037037037	0.491090027111315	1	0	[31509699]
exosomes/drug effects	hyaluronic acid/chemistry	3.10419946414342e-08	1.77908664941026e-07	0.037037037037037	0.491090027111315	1	0	[34593794]
exosomes/drug effects	immune checkpoint inhibitors/pharmacology	3.10419946414342e-08	1.77908664941026e-07	0.037037037037037	0.491090027111315	1	0	[34593794]
exosomes/drug effects	immunologic memory	3.10419946414342e-08	1.77908664941026e-07	0.037037037037037	0.491090027111315	1	0	[34593794]
exosomes/drug effects	skin neoplasms/drug therapy	3.10419946414342e-08	1.77908664941026e-07	0.037037037037037	0.491090027111315	1	0	[34593794]
exosomes/drug effects	t-lymphocytes cytotoxic/drug effects	3.10419946414342e-08	1.77908664941026e-07	0.037037037037037	0.491090027111315	1	0	[34593794]
exosomes/drug effects	tumor escape/drug effects	3.10419946414342e-08	1.77908664941026e-07	0.037037037037037	0.491090027111315	1	0	[34593794]
exosomes/drug effects	tumor microenvironment/drug effects	0.0056610184889931	0.008358574270831	0.117647058823529	0.5011717509037	1	1	[34593794]
exosomes/metabolism	ferric compounds/chemistry	0.0015625643362536	0.0033615998331867	0.111111111111111	0.491090027111315	1	0	[34985903]
exosomes/metabolism	immunogenic cell death/drug effects	1.37805787725487e-06	6.67173262777816e-06	0.037037037037037	0.491090027111315	1	0	[34985903]
exosomes/metabolism	interferon-gamma/metabolism	1.37805787725487e-06	6.67173262777816e-06	0.037037037037037	0.491090027111315	1	0	[34985903]
exosomes/metabolism	metal-organic frameworks/chemistry	1.37805787725487e-06	6.67173262777816e-06	0.037037037037037	0.491090027111315	1	0	[34985903]
exosomes/metabolism	phenol/chemistry	1.37805787725487e-06	6.67173262777816e-06	0.037037037037037	0.491090027111315	1	0	[34985903]
exosomes/metabolism	programmed cell death 1 receptor/metabolism	1.37805787725487e-06	6.67173262777816e-06	0.037037037037037	0.491090027111315	1	0	[34985903]
fatty acids/metabolism	multiple myeloma/drug therapy	3.10419946414342e-08	1.77908664941026e-07	0.037037037037037	0.491090027111315	1	0	[33691090]
fatty acids/metabolism	reactive oxygen species/metabolism	0.0012446795696657	0.0020789136508493	0.102941176470588	0.5011717509037	1	1	[33691090]
fatty acids/metabolism	tumor microenvironment	0.0003039350520657	0.0008666781229012	0.074074074074074	0.491090027111315	1	0	[33691090]
ferric compounds/chemistry	gels/chemistry	0.0001168032959434	0.0003588236845719	0.111111111111111	0.491090027111315	1	0	[33236624]
ferric compounds/chemistry	gold/chemistry	0.0001168032959434	0.0003588236845719	0.111111111111111	0.491090027111315	1	0	[33236624]
ferric compounds/chemistry	immunogenic cell death/drug effects	0.0015625643362536	0.0033615998331867	0.111111111111111	0.491090027111315	1	0	[34985903]
ferric compounds/chemistry	interferon-gamma/metabolism	0.0015625643362536	0.0033615998331867	0.111111111111111	0.491090027111315	1	0	[34985903]
ferric compounds/chemistry	macrophages/cytology	5.13076182133698e-05	0.000107238757578	0.0869183494293239	0.5011717509037	1	1	[33236624]
ferric compounds/chemistry	metal-organic frameworks/chemistry	0.0015625643362536	0.0033615998331867	0.111111111111111	0.491090027111315	1	0	[34985903]
ferric compounds/chemistry	neoplasms/diagnostic imaging	1.90229000622821e-05	6.33368658790105e-05	0.111111111111111	0.491090027111315	1	0	[32686685]
ferric compounds/chemistry	oxidative stress	9.99914752405351e-05	0.0002019839072854	0.0869183494293239	0.5011717509037	1	1	[32686685]
ferric compounds/chemistry	phenol/chemistry	0.0015625643362536	0.0033615998331867	0.111111111111111	0.491090027111315	1	0	[34985903]
ferric compounds/chemistry	programmed cell death 1 receptor/metabolism	0.0015625643362536	0.0033615998331867	0.111111111111111	0.491090027111315	1	0	[34985903]
ferric compounds/chemistry	t-lymphocytes cytotoxic/metabolism	1.90229000622821e-05	6.33368658790105e-05	0.111111111111111	0.491090027111315	1	0	[32686685]
ferric compounds/chemistry	urinary bladder neoplasms/pathology	0.0001168032959434	0.0003588236845719	0.111111111111111	0.491090027111315	1	0	[33236624]
ferritins/blood	genetic variation	9.44154754378701e-11	1.14562710782353e-09	0.037037037037037	0.491090027111315	1	0	[31980600]
ferritins/blood	hemeproteins/toxicity	9.44154754378701e-11	1.14562710782353e-09	0.037037037037037	0.491090027111315	1	0	[31980600]
ferritins/blood	iron/metabolism	0.0021974525656576	0.0046720032554304	0.148148148148148	0.491090027111315	1	0	[31980600]
ferritins/blood	listeriosis/etiology	9.44154754378701e-11	1.14562710782353e-09	0.037037037037037	0.491090027111315	1	0	[31980600]
ferritins/blood	liver x receptors/agonists	9.44154754378701e-11	1.14562710782353e-09	0.037037037037037	0.491090027111315	1	0	[31980600]
ferritins/blood	malaria/genetics	9.44154754378701e-11	1.14562710782353e-09	0.037037037037037	0.491090027111315	1	0	[31980600]
ferritins/blood	transferrin/metabolism	9.44154754378701e-11	1.14562710782353e-09	0.037037037037037	0.491090027111315	1	0	[31980600]
ferritins/blood	tumor suppressor protein p53/genetics	9.44154754378701e-11	1.14562710782353e-09	0.037037037037037	0.491090027111315	1	0	[31980600]
flavonolignans/pharmacology	glutathione peroxidase/metabolism	2.37669306457633e-09	2.23055336157649e-08	0.037037037037037	0.491090027111315	1	0	[33926261]
flavonolignans/pharmacology	glutathione/metabolism	0.0002752353370022	0.000788717862951	0.111111111111111	0.491090027111315	1	0	[33926261]
flavonolignans/pharmacology	jurkat cells	0.0001347174188101	0.000411242646894	0.074074074074074	0.491090027111315	1	0	[33926261]
flavonolignans/pharmacology	precursor cell lymphoblastic leukemia-lymphoma/metabolism	2.37669306457633e-09	2.23055336157649e-08	0.037037037037037	0.491090027111315	1	0	[33926261]
flavonolignans/pharmacology	reactive oxygen species/metabolism	0.0007858745973121	0.0013687395477366	0.102941176470588	0.5011717509037	1	1	[33926261]
folic acid antagonists/pharmacology	gene expression regulation neoplastic	0.000860920973641	0.0020021417991653	0.074074074074074	0.491090027111315	1	0	[32778843]
folic acid antagonists/pharmacology	jurkat cells	0.0012969225227602	0.0028666732591499	0.074074074074074	0.491090027111315	1	0	[32778843]
folic acid antagonists/pharmacology	methotrexate/pharmacology	1.90229000622821e-05	6.33368658790105e-05	0.037037037037037	0.491090027111315	1	0	[32778843]
folic acid antagonists/pharmacology	oxidative stress	0.0005390447313372	0.0013092376221759	0.074074074074074	0.491090027111315	1	0	[32778843]
folic acid antagonists/pharmacology	phospholipid hydroperoxide glutathione peroxidase/antagonists &amp; inhibitors	1.90229000622821e-05	6.33368658790105e-05	0.037037037037037	0.491090027111315	1	0	[32778843]
folic acid antagonists/pharmacology	piperazines/pharmacology	0.0005390447313372	0.0013092376221759	0.074074074074074	0.491090027111315	1	0	[32778843]
folic acid antagonists/pharmacology	reactive oxygen species/metabolism	0.0047751294388702	0.0071792222967029	0.102941176470588	0.5011717509037	1	1	[32778843]
folic acid antagonists/pharmacology	tetrahydrofolate dehydrogenase/genetics	1.90229000622821e-05	6.33368658790105e-05	0.037037037037037	0.491090027111315	1	0	[32778843]
folic acid antagonists/pharmacology	vitamin e/pharmacology	1.90229000622821e-05	6.33368658790105e-05	0.037037037037037	0.491090027111315	1	0	[32778843]
fusion regulatory protein 1 heavy chain/metabolism	interferon-gamma/immunology	3.10419946414342e-08	1.77908664941026e-07	0.037037037037037	0.491090027111315	1	0	[31043744]
fusion regulatory protein 1 heavy chain/metabolism	melanoma/genetics	3.10419946414342e-08	1.77908664941026e-07	0.037037037037037	0.491090027111315	1	0	[31043744]
fusion regulatory protein 1 heavy chain/metabolism	nivolumab/therapeutic use	3.10419946414342e-08	1.77908664941026e-07	0.037037037037037	0.491090027111315	1	0	[31043744]
fusion regulatory protein 1 heavy chain/metabolism	reactive oxygen species/metabolism	0.0012446795696657	0.0020789136508493	0.102941176470588	0.5011717509037	1	1	[31043744]
gels/chemistry	gold/chemistry	1.51878509768721e-12	3.21494655714812e-11	0.037037037037037	0.491090027111315	1	0	[33236624]
gels/chemistry	macrophages/cytology	3.26106776693535e-06	1.56574445763452e-05	0.074074074074074	0.491090027111315	1	0	[33236624]
gels/chemistry	reactive oxygen species/metabolism	0.000246122170292	0.0004560386748922	0.102941176470588	0.5011717509037	1	1	[33236624]
gels/chemistry	urinary bladder neoplasms/pathology	1.51878509768721e-12	3.21494655714812e-11	0.037037037037037	0.491090027111315	1	0	[33236624]
gene expression	inflammation mediators/antagonists &amp; inhibitors	9.44154754378701e-11	1.14562710782353e-09	0.037037037037037	0.491090027111315	1	0	[34717678]
gene expression	lipopolysaccharides/toxicity	9.44154754378701e-11	1.14562710782353e-09	0.037037037037037	0.491090027111315	1	0	[34717678]
gene expression	microglia/drug effects	9.44154754378701e-11	1.14562710782353e-09	0.037037037037037	0.491090027111315	1	0	[34717678]
gene expression	nf-e2-related factor 2/biosynthesis	9.44154754378701e-11	1.14562710782353e-09	0.037037037037037	0.491090027111315	1	0	[34717678]
gene expression	raw 264.7 cells	9.44154754378701e-11	1.14562710782353e-09	0.037037037037037	0.491090027111315	1	0	[34717678]
gene expression regulation neoplastic	glioblastoma/genetics	1.62808224802857e-05	6.33368658790105e-05	0.074074074074074	0.491090027111315	1	0	[34062295]
gene expression regulation neoplastic	heat-shock proteins/genetics	1.62808224802857e-05	6.33368658790105e-05	0.074074074074074	0.491090027111315	1	0	[34062295]
gene expression regulation neoplastic	hyaluronan receptors/genetics	1.62808224802857e-05	6.33368658790105e-05	0.074074074074074	0.491090027111315	1	0	[34062295]
gene expression regulation neoplastic	methotrexate/pharmacology	0.000860920973641	0.0020021417991653	0.074074074074074	0.491090027111315	1	0	[32778843]
gene expression regulation neoplastic	oxidative stress	0.0038089167063769	0.0058405019329489	0.142669007901668	0.5011717509037	1	1	[32778843]
gene expression regulation neoplastic	phospholipid hydroperoxide glutathione peroxidase/antagonists &amp; inhibitors	0.000860920973641	0.0020021417991653	0.074074074074074	0.491090027111315	1	0	[32778843]
gene expression regulation neoplastic	t-lymphocytes cytotoxic/immunology	1.62808224802857e-05	6.33368658790105e-05	0.074074074074074	0.491090027111315	1	0	[34062295]
gene expression regulation neoplastic	tetrahydrofolate dehydrogenase/genetics	0.000860920973641	0.0020021417991653	0.074074074074074	0.491090027111315	1	0	[32778843]
gene expression regulation neoplastic	vitamin e/pharmacology	0.000860920973641	0.0020021417991653	0.074074074074074	0.491090027111315	1	0	[32778843]
gene expression regulation neoplastic/drug effects	lipid metabolism/drug effects	9.44154754378701e-11	1.14562710782353e-09	0.037037037037037	0.491090027111315	1	0	[31554642]
gene expression regulation neoplastic/drug effects	sulfasalazine/administration &amp; dosage	9.44154754378701e-11	1.14562710782353e-09	0.037037037037037	0.491090027111315	1	0	[31554642]
genetic variation	hemeproteins/toxicity	9.44154754378701e-11	1.14562710782353e-09	0.037037037037037	0.491090027111315	1	0	[31980600]
genetic variation	iron/metabolism	0.0021974525656576	0.0046720032554304	0.148148148148148	0.491090027111315	1	0	[31980600]
genetic variation	listeriosis/etiology	9.44154754378701e-11	1.14562710782353e-09	0.037037037037037	0.491090027111315	1	0	[31980600]
genetic variation	liver x receptors/agonists	9.44154754378701e-11	1.14562710782353e-09	0.037037037037037	0.491090027111315	1	0	[31980600]
genetic variation	malaria/genetics	9.44154754378701e-11	1.14562710782353e-09	0.037037037037037	0.491090027111315	1	0	[31980600]
genetic variation	transferrin/metabolism	9.44154754378701e-11	1.14562710782353e-09	0.037037037037037	0.491090027111315	1	0	[31980600]
genetic variation	tumor suppressor protein p53/genetics	9.44154754378701e-11	1.14562710782353e-09	0.037037037037037	0.491090027111315	1	0	[31980600]
glioblastoma/genetics	heat-shock proteins/genetics	1.51878509768721e-12	3.21494655714812e-11	0.037037037037037	0.491090027111315	1	0	[34062295]
glioblastoma/genetics	hyaluronan receptors/genetics	1.51878509768721e-12	3.21494655714812e-11	0.037037037037037	0.491090027111315	1	0	[34062295]
glioblastoma/genetics	t-lymphocytes cytotoxic/immunology	1.51878509768721e-12	3.21494655714812e-11	0.037037037037037	0.491090027111315	1	0	[34062295]
glutathione	iron/blood	0	0	0.037037037037037	0.491090027111315	1	0	[34396451]
glutathione	kidney	0	0	0.037037037037037	0.491090027111315	1	0	[34396451]
glutathione	liver/pathology	0	0	0.037037037037037	0.491090027111315	1	0	[34396451]
glutathione	malondialdehyde/blood	0	0	0.037037037037037	0.491090027111315	1	0	[34396451]
glutathione	phospholipid hydroperoxide glutathione peroxidase	0	0	0.037037037037037	0.491090027111315	1	0	[34396451]
glutathione	piperazines/pharmacology	7.083931083951e-07	3.69485614090969e-06	0.074074074074074	0.491090027111315	1	0	[34396451]
glutathione	spleen/pathology	0	0	0.037037037037037	0.491090027111315	1	0	[34396451]
glutathione peroxidase/metabolism	glutathione/metabolism	0.0002752353370022	0.000788717862951	0.111111111111111	0.491090027111315	1	0	[33926261]
glutathione peroxidase/metabolism	jurkat cells	0.0001347174188101	0.000411242646894	0.074074074074074	0.491090027111315	1	0	[33926261]
glutathione peroxidase/metabolism	precursor cell lymphoblastic leukemia-lymphoma/metabolism	2.37669306457633e-09	2.23055336157649e-08	0.037037037037037	0.491090027111315	1	0	[33926261]
glutathione peroxidase/metabolism	reactive oxygen species/metabolism	0.0007858745973121	0.0013687395477366	0.102941176470588	0.5011717509037	1	1	[33926261]
glutathione/metabolism	host-pathogen interactions	1.06124954789566e-05	4.50603761185566e-05	0.111111111111111	0.491090027111315	1	0	[30787033]
glutathione/metabolism	iron chelating agents/pharmacology	1.06124954789566e-05	4.50603761185566e-05	0.111111111111111	0.491090027111315	1	0	[30787033]
glutathione/metabolism	iron/metabolism	0.000623406723278	0.0015015610444405	0.0485470085470085	0.178864212567384	2	0	[30787033,32814895]
glutathione/metabolism	jurkat cells	0.0001918567172121	0.0003646346041525	0.0869183494293239	0.5011717509037	1	1	[33926261]
glutathione/metabolism	lymph/metabolism	0.0001487376673323	0.0004423992156552	0.111111111111111	0.491090027111315	1	0	[32814895]
glutathione/metabolism	melanoma/blood	0.0001487376673323	0.0004423992156552	0.111111111111111	0.491090027111315	1	0	[32814895]
glutathione/metabolism	neoplasm metastasis/drug therapy	0.0001487376673323	0.0004423992156552	0.111111111111111	0.491090027111315	1	0	[32814895]
glutathione/metabolism	oleic acid/metabolism	0.0001487376673323	0.0004423992156552	0.111111111111111	0.491090027111315	1	0	[32814895]
glutathione/metabolism	oxidative stress/drug effects	0.0019364221367503	0.0031229382209923	0.0869183494293239	0.5011717509037	1	1	[32814895]
glutathione/metabolism	phospholipid hydroperoxide glutathione peroxidase/metabolism	1.7149710207498e-08	1.53028183389982e-07	0.0085470085470085	0.178864212567384	2	0	[30787033,32814895]
glutathione/metabolism	precursor cell lymphoblastic leukemia-lymphoma/metabolism	0.0002752353370022	0.000788717862951	0.111111111111111	0.491090027111315	1	0	[33926261]
glutathione/metabolism	tuberculosis/metabolism	1.06124954789566e-05	4.50603761185566e-05	0.111111111111111	0.491090027111315	1	0	[30787033]
glycogen synthase kinase 3/metabolism	iron/chemistry	0.0001529490570294	0.0002932546526832	0.0147058823529411	0.5011717509037	1	1	[34093872]
glycogen synthase kinase 3/metabolism	lung neoplasms/drug therapy	0.0001529490570294	0.0002932546526832	0.0147058823529411	0.5011717509037	1	1	[34093872]
glycogen synthase kinase 3/metabolism	mitochondria/drug effects	0.0017679797262968	0.0028758762365795	0.0294117647058823	0.5011717509037	1	1	[34093872]
glycogen synthase kinase 3/metabolism	nf-e2-related factor 2/genetics	0.0001529490570294	0.0002932546526832	0.0147058823529411	0.5011717509037	1	1	[34093872]
glycogen synthase kinase 3/metabolism	oxidative stress/drug effects	0.0013669559477371	0.0022615358442826	0.0294117647058823	0.5011717509037	1	1	[34093872]
glycogen synthase kinase 3/metabolism	tor serine-threonine kinases/metabolism	0.0001529490570294	0.0002932546526832	0.0147058823529411	0.5011717509037	1	1	[34093872]
glycyrrhizic acid/pharmacology	macrophages/drug effects	0.0026427423852313	0.0041792883219225	0.0735294117647058	0.5011717509037	1	1	[30755716]
glycyrrhizic acid/pharmacology	phenotype	4.12690011752925e-06	9.71665346331543e-06	0.0294117647058823	0.5011717509037	1	1	[30755716]
gold/chemistry	macrophages/cytology	3.26106776693535e-06	1.56574445763452e-05	0.074074074074074	0.491090027111315	1	0	[33236624]
gold/chemistry	reactive oxygen species/metabolism	0.000246122170292	0.0004560386748922	0.102941176470588	0.5011717509037	1	1	[33236624]
gold/chemistry	urinary bladder neoplasms/pathology	1.51878509768721e-12	3.21494655714812e-11	0.037037037037037	0.491090027111315	1	0	[33236624]
heart ventricles/diagnostic imaging	hemodynamics/drug effects	0.0005241692955735	0.0012925943513292	0.037037037037037	0.491090027111315	1	0	[35197507]
heart ventricles/diagnostic imaging	hmgb1 protein/metabolism	0.0005241692955735	0.0012925943513292	0.037037037037037	0.491090027111315	1	0	[35197507]
heart ventricles/diagnostic imaging	hypertension pulmonary/chemically induced	0.0005241692955735	0.0012925943513292	0.037037037037037	0.491090027111315	1	0	[35197507]
heart ventricles/diagnostic imaging	inflammasomes/metabolism	0.0005241692955735	0.0012925943513292	0.037037037037037	0.491090027111315	1	0	[35197507]
heart ventricles/diagnostic imaging	inflammation/metabolism	0.0005241692955735	0.0012925943513292	0.037037037037037	0.491090027111315	1	0	[35197507]
heart ventricles/diagnostic imaging	lung/blood supply	0.0005241692955735	0.0012925943513292	0.037037037037037	0.491090027111315	1	0	[35197507]
heart ventricles/diagnostic imaging	macrophages/metabolism	0.0005241692955735	0.0012925943513292	0.037037037037037	0.491090027111315	1	0	[35197507]
heart ventricles/diagnostic imaging	monocrotaline/toxicity	0.0005241692955735	0.0012925943513292	0.037037037037037	0.491090027111315	1	0	[35197507]
heart ventricles/diagnostic imaging	nlr family pyrin domain-containing 3 protein/metabolism	0.0005241692955735	0.0012925943513292	0.037037037037037	0.491090027111315	1	0	[35197507]
heart ventricles/diagnostic imaging	toll-like receptor 4/metabolism	0.0005241692955735	0.0012925943513292	0.037037037037037	0.491090027111315	1	0	[35197507]
heat-shock proteins/genetics	hyaluronan receptors/genetics	1.51878509768721e-12	3.21494655714812e-11	0.037037037037037	0.491090027111315	1	0	[34062295]
heat-shock proteins/genetics	t-lymphocytes cytotoxic/immunology	1.51878509768721e-12	3.21494655714812e-11	0.037037037037037	0.491090027111315	1	0	[34062295]
heme oxygenase-1/metabolism	lymphocytes tumor-infiltrating/immunology	2.48910234645905e-07	1.3318075285482e-06	0.037037037037037	0.491090027111315	1	0	[33547170]
heme oxygenase-1/metabolism	membrane proteins/metabolism	2.48910234645905e-07	1.3318075285482e-06	0.037037037037037	0.491090027111315	1	0	[33547170]
heme oxygenase-1/metabolism	myeloid-derived suppressor cells/immunology	2.48910234645905e-07	1.3318075285482e-06	0.037037037037037	0.491090027111315	1	0	[33547170]
heme oxygenase-1/metabolism	neutral ceramidase/antagonists &amp; inhibitors	2.48910234645905e-07	1.3318075285482e-06	0.037037037037037	0.491090027111315	1	0	[33547170]
heme oxygenase-1/metabolism	reactive oxygen species/metabolism	0.0018579666779763	0.003012680357705	0.102941176470588	0.5011717509037	1	1	[33547170]
heme oxygenase-1/metabolism	t-lymphocytes/immunology	2.48910234645905e-07	1.3318075285482e-06	0.037037037037037	0.491090027111315	1	0	[33547170]
heme oxygenase-1/metabolism	tumor suppressor protein p53/metabolism	0.0002443386631932	0.0007043559873365	0.074074074074074	0.491090027111315	1	0	[33547170]
heme/metabolism	interferon type i/metabolism	6.66133814775094e-15	4.89659594922369e-14	0.0294117647058823	0.5011717509037	1	1	[39166450]
heme/metabolism	phagocytosis	0	0	0.0147058823529411	0.5011717509037	1	1	[39166450]
heme/metabolism	toll-like receptor 4/metabolism	2.20399190009601e-08	7.5723921131295e-08	0.0441176470588235	0.5011717509037	1	1	[39166450]
hemeproteins/toxicity	iron/metabolism	0.0021974525656576	0.0046720032554304	0.148148148148148	0.491090027111315	1	0	[31980600]
hemeproteins/toxicity	listeriosis/etiology	9.44154754378701e-11	1.14562710782353e-09	0.037037037037037	0.491090027111315	1	0	[31980600]
hemeproteins/toxicity	liver x receptors/agonists	9.44154754378701e-11	1.14562710782353e-09	0.037037037037037	0.491090027111315	1	0	[31980600]
hemeproteins/toxicity	malaria/genetics	9.44154754378701e-11	1.14562710782353e-09	0.037037037037037	0.491090027111315	1	0	[31980600]
hemeproteins/toxicity	transferrin/metabolism	9.44154754378701e-11	1.14562710782353e-09	0.037037037037037	0.491090027111315	1	0	[31980600]
hemeproteins/toxicity	tumor suppressor protein p53/genetics	9.44154754378701e-11	1.14562710782353e-09	0.037037037037037	0.491090027111315	1	0	[31980600]
hemodynamics/drug effects	hmgb1 protein/metabolism	0.0005241692955735	0.0012925943513292	0.037037037037037	0.491090027111315	1	0	[35197507]
hemodynamics/drug effects	hypertension pulmonary/chemically induced	0.0005241692955735	0.0012925943513292	0.037037037037037	0.491090027111315	1	0	[35197507]
hemodynamics/drug effects	inflammasomes/metabolism	0.0005241692955735	0.0012925943513292	0.037037037037037	0.491090027111315	1	0	[35197507]
hemodynamics/drug effects	inflammation/metabolism	0.0005241692955735	0.0012925943513292	0.037037037037037	0.491090027111315	1	0	[35197507]
hemodynamics/drug effects	lung/blood supply	0.0005241692955735	0.0012925943513292	0.037037037037037	0.491090027111315	1	0	[35197507]
hemodynamics/drug effects	macrophages/metabolism	0.0005241692955735	0.0012925943513292	0.037037037037037	0.491090027111315	1	0	[35197507]
hemodynamics/drug effects	monocrotaline/toxicity	0.0005241692955735	0.0012925943513292	0.037037037037037	0.491090027111315	1	0	[35197507]
hemodynamics/drug effects	nlr family pyrin domain-containing 3 protein/metabolism	0.0005241692955735	0.0012925943513292	0.037037037037037	0.491090027111315	1	0	[35197507]
hemodynamics/drug effects	toll-like receptor 4/metabolism	0.0005241692955735	0.0012925943513292	0.037037037037037	0.491090027111315	1	0	[35197507]
hepatic stellate cells/drug effects	hepatocytes/drug effects	5.72955623634464e-06	2.46890239010393e-05	0.037037037037037	0.491090027111315	1	0	[34811833]
hepatic stellate cells/drug effects	hypoxia-inducible factor 1 alpha subunit/metabolism	5.72955623634464e-06	2.46890239010393e-05	0.037037037037037	0.491090027111315	1	0	[34811833]
hepatic stellate cells/drug effects	liver cirrhosis/drug therapy	5.72955623634464e-06	2.46890239010393e-05	0.037037037037037	0.491090027111315	1	0	[34811833]
hepatic stellate cells/drug effects	macrophages/drug effects	0.0019364221367503	0.0031229382209923	0.0735294117647058	0.5011717509037	1	1	[34811833]
hepatic stellate cells/drug effects	sorafenib/pharmacology	5.72955623634464e-06	2.46890239010393e-05	0.037037037037037	0.491090027111315	1	0	[34811833]
hepatocytes/drug effects	hypoxia-inducible factor 1 alpha subunit/metabolism	5.72955623634464e-06	2.46890239010393e-05	0.037037037037037	0.491090027111315	1	0	[34811833]
hepatocytes/drug effects	liver cirrhosis/drug therapy	5.72955623634464e-06	2.46890239010393e-05	0.037037037037037	0.491090027111315	1	0	[34811833]
hepatocytes/drug effects	macrophages/drug effects	0.0019364221367503	0.0031229382209923	0.0735294117647058	0.5011717509037	1	1	[34811833]
hepatocytes/drug effects	sorafenib/pharmacology	5.72955623634464e-06	2.46890239010393e-05	0.037037037037037	0.491090027111315	1	0	[34811833]
hmgb1 protein/metabolism	hypertension pulmonary/chemically induced	0.0005241692955735	0.0012925943513292	0.037037037037037	0.491090027111315	1	0	[35197507]
hmgb1 protein/metabolism	inflammasomes/metabolism	0.0005241692955735	0.0012925943513292	0.037037037037037	0.491090027111315	1	0	[35197507]
hmgb1 protein/metabolism	inflammation/metabolism	0.0005241692955735	0.0012925943513292	0.037037037037037	0.491090027111315	1	0	[35197507]
hmgb1 protein/metabolism	lung/blood supply	0.0005241692955735	0.0012925943513292	0.037037037037037	0.491090027111315	1	0	[35197507]
hmgb1 protein/metabolism	macrophages/metabolism	0.0005241692955735	0.0012925943513292	0.037037037037037	0.491090027111315	1	0	[35197507]
hmgb1 protein/metabolism	monocrotaline/toxicity	0.0005241692955735	0.0012925943513292	0.037037037037037	0.491090027111315	1	0	[35197507]
hmgb1 protein/metabolism	nlr family pyrin domain-containing 3 protein/metabolism	0.0005241692955735	0.0012925943513292	0.037037037037037	0.491090027111315	1	0	[35197507]
hmgb1 protein/metabolism	toll-like receptor 4/metabolism	0.0005241692955735	0.0012925943513292	0.037037037037037	0.491090027111315	1	0	[35197507]
host-pathogen interactions	iron chelating agents/pharmacology	0	0	0.037037037037037	0.491090027111315	1	0	[30787033]
host-pathogen interactions	iron/metabolism	0.0003621740428354	0.0010297105139439	0.148148148148148	0.491090027111315	1	0	[30787033]
host-pathogen interactions	macrophages/drug effects	0.0025695249368861	0.0054154231954721	0.148148148148148	0.491090027111315	1	0	[30787033]
host-pathogen interactions	phospholipid hydroperoxide glutathione peroxidase/metabolism	1.70932890064535e-08	1.52995488020725e-07	0.074074074074074	0.491090027111315	1	0	[30787033]
host-pathogen interactions	tuberculosis/metabolism	0	0	0.037037037037037	0.491090027111315	1	0	[30787033]
hyaluronan receptors/genetics	t-lymphocytes cytotoxic/immunology	1.51878509768721e-12	3.21494655714812e-11	0.037037037037037	0.491090027111315	1	0	[34062295]
hyaluronic acid/chemistry	immune checkpoint inhibitors/pharmacology	3.10419946414342e-08	1.77908664941026e-07	0.037037037037037	0.491090027111315	1	0	[34593794]
hyaluronic acid/chemistry	immunologic memory	3.10419946414342e-08	1.77908664941026e-07	0.037037037037037	0.491090027111315	1	0	[34593794]
hyaluronic acid/chemistry	skin neoplasms/drug therapy	3.10419946414342e-08	1.77908664941026e-07	0.037037037037037	0.491090027111315	1	0	[34593794]
hyaluronic acid/chemistry	t-lymphocytes cytotoxic/drug effects	3.10419946414342e-08	1.77908664941026e-07	0.037037037037037	0.491090027111315	1	0	[34593794]
hyaluronic acid/chemistry	tumor escape/drug effects	3.10419946414342e-08	1.77908664941026e-07	0.037037037037037	0.491090027111315	1	0	[34593794]
hyaluronic acid/chemistry	tumor microenvironment/drug effects	0.0056610184889931	0.008358574270831	0.117647058823529	0.5011717509037	1	1	[34593794]
hyperlipidemias	lipoproteins ldl	0	0	0.0147058823529411	0.5011717509037	1	1	[36160648]
hyperlipidemias	macrophages/metabolism	0.001413355149255	0.0023329148675058	0.102941176470588	0.5011717509037	1	1	[36160648]
hyperlipidemias	mannose receptor	0	0	0.0147058823529411	0.5011717509037	1	1	[36160648]
hyperlipidemias	nitric oxide synthase type ii/metabolism	0	0	0.0147058823529411	0.5011717509037	1	1	[36160648]
hyperlipidemias	scavenger receptors class e/genetics	0	0	0.0147058823529411	0.5011717509037	1	1	[36160648]
hypertension pulmonary/chemically induced	inflammasomes/metabolism	0.0005241692955735	0.0012925943513292	0.037037037037037	0.491090027111315	1	0	[35197507]
hypertension pulmonary/chemically induced	inflammation/metabolism	0.0005241692955735	0.0012925943513292	0.037037037037037	0.491090027111315	1	0	[35197507]
hypertension pulmonary/chemically induced	lung/blood supply	0.0005241692955735	0.0012925943513292	0.037037037037037	0.491090027111315	1	0	[35197507]
hypertension pulmonary/chemically induced	macrophages/metabolism	0.0005241692955735	0.0012925943513292	0.037037037037037	0.491090027111315	1	0	[35197507]
hypertension pulmonary/chemically induced	monocrotaline/toxicity	0.0005241692955735	0.0012925943513292	0.037037037037037	0.491090027111315	1	0	[35197507]
hypertension pulmonary/chemically induced	nlr family pyrin domain-containing 3 protein/metabolism	0.0005241692955735	0.0012925943513292	0.037037037037037	0.491090027111315	1	0	[35197507]
hypertension pulmonary/chemically induced	toll-like receptor 4/metabolism	0.0005241692955735	0.0012925943513292	0.037037037037037	0.491090027111315	1	0	[35197507]
hypoxia-inducible factor 1 alpha subunit/metabolism	liver cirrhosis/drug therapy	5.72955623634464e-06	2.46890239010393e-05	0.037037037037037	0.491090027111315	1	0	[34811833]
hypoxia-inducible factor 1 alpha subunit/metabolism	macrophages/drug effects	0.0019364221367503	0.0031229382209923	0.0735294117647058	0.5011717509037	1	1	[34811833]
hypoxia-inducible factor 1 alpha subunit/metabolism	sorafenib/pharmacology	5.72955623634464e-06	2.46890239010393e-05	0.037037037037037	0.491090027111315	1	0	[34811833]
ileum/drug effects	necroptosis/drug effects	0	0	0.037037037037037	0.491090027111315	1	0	[32134361]
ileum/drug effects	radiation-protective agents/pharmacology	0	0	0.037037037037037	0.491090027111315	1	0	[32134361]
ileum/drug effects	small molecule libraries/pharmacology	0	0	0.037037037037037	0.491090027111315	1	0	[32134361]
immune checkpoint inhibitors/pharmacology	immunologic memory	3.10419946414342e-08	1.77908664941026e-07	0.037037037037037	0.491090027111315	1	0	[34593794]
immune checkpoint inhibitors/pharmacology	skin neoplasms/drug therapy	3.10419946414342e-08	1.77908664941026e-07	0.037037037037037	0.491090027111315	1	0	[34593794]
immune checkpoint inhibitors/pharmacology	t-lymphocytes cytotoxic/drug effects	3.10419946414342e-08	1.77908664941026e-07	0.037037037037037	0.491090027111315	1	0	[34593794]
immune checkpoint inhibitors/pharmacology	tumor escape/drug effects	3.10419946414342e-08	1.77908664941026e-07	0.037037037037037	0.491090027111315	1	0	[34593794]
immune checkpoint inhibitors/pharmacology	tumor microenvironment/drug effects	0.0056610184889931	0.008358574270831	0.117647058823529	0.5011717509037	1	1	[34593794]
immunogenic cell death/drug effects	interferon-gamma/metabolism	1.37805787725487e-06	6.67173262777816e-06	0.037037037037037	0.491090027111315	1	0	[34985903]
immunogenic cell death/drug effects	metal-organic frameworks/chemistry	1.37805787725487e-06	6.67173262777816e-06	0.037037037037037	0.491090027111315	1	0	[34985903]
immunogenic cell death/drug effects	phenol/chemistry	1.37805787725487e-06	6.67173262777816e-06	0.037037037037037	0.491090027111315	1	0	[34985903]
immunogenic cell death/drug effects	programmed cell death 1 receptor/metabolism	1.37805787725487e-06	6.67173262777816e-06	0.037037037037037	0.491090027111315	1	0	[34985903]
immunologic memory	skin neoplasms/drug therapy	3.10419946414342e-08	1.77908664941026e-07	0.037037037037037	0.491090027111315	1	0	[34593794]
immunologic memory	t-lymphocytes cytotoxic/drug effects	3.10419946414342e-08	1.77908664941026e-07	0.037037037037037	0.491090027111315	1	0	[34593794]
immunologic memory	tumor escape/drug effects	3.10419946414342e-08	1.77908664941026e-07	0.037037037037037	0.491090027111315	1	0	[34593794]
immunologic memory	tumor microenvironment/drug effects	0.0056610184889931	0.008358574270831	0.117647058823529	0.5011717509037	1	1	[34593794]
inflammasomes/metabolism	inflammation/metabolism	0.0005241692955735	0.0012925943513292	0.037037037037037	0.491090027111315	1	0	[35197507]
inflammasomes/metabolism	lung/blood supply	0.0005241692955735	0.0012925943513292	0.037037037037037	0.491090027111315	1	0	[35197507]
inflammasomes/metabolism	macrophages/metabolism	0.0005241692955735	0.0012925943513292	0.037037037037037	0.491090027111315	1	0	[35197507]
inflammasomes/metabolism	monocrotaline/toxicity	0.0005241692955735	0.0012925943513292	0.037037037037037	0.491090027111315	1	0	[35197507]
inflammasomes/metabolism	nlr family pyrin domain-containing 3 protein/metabolism	0.0005241692955735	0.0012925943513292	0.037037037037037	0.491090027111315	1	0	[35197507]
inflammasomes/metabolism	toll-like receptor 4/metabolism	0.0005241692955735	0.0012925943513292	0.037037037037037	0.491090027111315	1	0	[35197507]
inflammation mediators/antagonists &amp; inhibitors	lipopolysaccharides/toxicity	9.44154754378701e-11	1.14562710782353e-09	0.037037037037037	0.491090027111315	1	0	[34717678]
inflammation mediators/antagonists &amp; inhibitors	microglia/drug effects	9.44154754378701e-11	1.14562710782353e-09	0.037037037037037	0.491090027111315	1	0	[34717678]
inflammation mediators/antagonists &amp; inhibitors	nf-e2-related factor 2/biosynthesis	9.44154754378701e-11	1.14562710782353e-09	0.037037037037037	0.491090027111315	1	0	[34717678]
inflammation mediators/antagonists &amp; inhibitors	raw 264.7 cells	9.44154754378701e-11	1.14562710782353e-09	0.037037037037037	0.491090027111315	1	0	[34717678]
inflammation/drug therapy	myocardial reperfusion injury/drug therapy	3.10419946414342e-08	1.77908664941026e-07	0.037037037037037	0.491090027111315	1	0	[30830879]
inflammation/drug therapy	myocardium/immunology	3.10419946414342e-08	1.77908664941026e-07	0.037037037037037	0.491090027111315	1	0	[30830879]
inflammation/drug therapy	neutrophil infiltration	3.10419946414342e-08	1.77908664941026e-07	0.037037037037037	0.491090027111315	1	0	[30830879]
inflammation/drug therapy	neutrophils/immunology	3.10419946414342e-08	1.77908664941026e-07	0.037037037037037	0.491090027111315	1	0	[30830879]
inflammation/drug therapy	phenylenediamines/pharmacology	0.0006867567885109	0.001610019956897	0.074074074074074	0.491090027111315	1	0	[30830879]
inflammation/drug therapy	toll-like receptor 4/genetics	3.10419946414342e-08	1.77908664941026e-07	0.037037037037037	0.491090027111315	1	0	[30830879]
inflammation/drug therapy	ventricular function left/drug effects	3.10419946414342e-08	1.77908664941026e-07	0.037037037037037	0.491090027111315	1	0	[30830879]
inflammation/metabolism	lung/blood supply	0.0005241692955735	0.0012925943513292	0.037037037037037	0.491090027111315	1	0	[35197507]
inflammation/metabolism	macrophages/metabolism	0.0005241692955735	0.0012925943513292	0.037037037037037	0.491090027111315	1	0	[35197507]
inflammation/metabolism	monocrotaline/toxicity	0.0005241692955735	0.0012925943513292	0.037037037037037	0.491090027111315	1	0	[35197507]
inflammation/metabolism	nlr family pyrin domain-containing 3 protein/metabolism	0.0005241692955735	0.0012925943513292	0.037037037037037	0.491090027111315	1	0	[35197507]
inflammation/metabolism	toll-like receptor 4/metabolism	0.0005241692955735	0.0012925943513292	0.037037037037037	0.491090027111315	1	0	[35197507]
interferon type i/metabolism	phagocytosis	6.66133814775094e-15	4.89659594922369e-14	0.0294117647058823	0.5011717509037	1	1	[39166450]
interferon type i/metabolism	toll-like receptor 4/metabolism	0.000493914442929	0.0008838663701553	0.0869183494293239	0.5011717509037	1	1	[39166450]
interferon-gamma/immunology	melanoma/genetics	3.10419946414342e-08	1.77908664941026e-07	0.037037037037037	0.491090027111315	1	0	[31043744]
interferon-gamma/immunology	nivolumab/therapeutic use	3.10419946414342e-08	1.77908664941026e-07	0.037037037037037	0.491090027111315	1	0	[31043744]
interferon-gamma/immunology	reactive oxygen species/metabolism	0.0012446795696657	0.0020789136508493	0.102941176470588	0.5011717509037	1	1	[31043744]
interferon-gamma/metabolism	metal-organic frameworks/chemistry	1.37805787725487e-06	6.67173262777816e-06	0.037037037037037	0.491090027111315	1	0	[34985903]
interferon-gamma/metabolism	phenol/chemistry	1.37805787725487e-06	6.67173262777816e-06	0.037037037037037	0.491090027111315	1	0	[34985903]
interferon-gamma/metabolism	programmed cell death 1 receptor/metabolism	1.37805787725487e-06	6.67173262777816e-06	0.037037037037037	0.491090027111315	1	0	[34985903]
iron chelating agents/pharmacology	iron/metabolism	0.0003621740428354	0.0010297105139439	0.148148148148148	0.491090027111315	1	0	[30787033]
iron chelating agents/pharmacology	macrophages/drug effects	0.0025695249368861	0.0054154231954721	0.148148148148148	0.491090027111315	1	0	[30787033]
iron chelating agents/pharmacology	phospholipid hydroperoxide glutathione peroxidase/metabolism	1.70932890064535e-08	1.52995488020725e-07	0.074074074074074	0.491090027111315	1	0	[30787033]
iron chelating agents/pharmacology	tuberculosis/metabolism	0	0	0.037037037037037	0.491090027111315	1	0	[30787033]
iron/blood	kidney	0	0	0.037037037037037	0.491090027111315	1	0	[34396451]
iron/blood	liver/pathology	0	0	0.037037037037037	0.491090027111315	1	0	[34396451]
iron/blood	malondialdehyde/blood	0	0	0.037037037037037	0.491090027111315	1	0	[34396451]
iron/blood	phospholipid hydroperoxide glutathione peroxidase	0	0	0.037037037037037	0.491090027111315	1	0	[34396451]
iron/blood	piperazines/pharmacology	7.083931083951e-07	3.69485614090969e-06	0.074074074074074	0.491090027111315	1	0	[34396451]
iron/blood	spleen/pathology	0	0	0.037037037037037	0.491090027111315	1	0	[34396451]
iron/chemistry	lung neoplasms/drug therapy	0.0001529490570294	0.0002932546526832	0.0147058823529411	0.5011717509037	1	1	[34093872]
iron/chemistry	mitochondria/drug effects	0.0017679797262968	0.0028758762365795	0.0294117647058823	0.5011717509037	1	1	[34093872]
iron/chemistry	nf-e2-related factor 2/genetics	0.0001529490570294	0.0002932546526832	0.0147058823529411	0.5011717509037	1	1	[34093872]
iron/chemistry	oxidative stress/drug effects	0.0013669559477371	0.0022615358442826	0.0294117647058823	0.5011717509037	1	1	[34093872]
iron/chemistry	tor serine-threonine kinases/metabolism	0.0001529490570294	0.0002932546526832	0.0147058823529411	0.5011717509037	1	1	[34093872]
iron/metabolism	listeriosis/etiology	0.0021974525656576	0.0046720032554304	0.148148148148148	0.491090027111315	1	0	[31980600]
iron/metabolism	liver x receptors/agonists	0.0021974525656576	0.0046720032554304	0.148148148148148	0.491090027111315	1	0	[31980600]
iron/metabolism	lymph/metabolism	0.0021974525656576	0.0046720032554304	0.148148148148148	0.491090027111315	1	0	[32814895]
iron/metabolism	malaria/genetics	0.0021974525656576	0.0046720032554304	0.148148148148148	0.491090027111315	1	0	[31980600]
iron/metabolism	melanoma/blood	0.0021974525656576	0.0046720032554304	0.148148148148148	0.491090027111315	1	0	[32814895]
iron/metabolism	neoplasm metastasis/drug therapy	0.0021974525656576	0.0046720032554304	0.148148148148148	0.491090027111315	1	0	[32814895]
iron/metabolism	oleic acid/metabolism	0.0021974525656576	0.0046720032554304	0.148148148148148	0.491090027111315	1	0	[32814895]
iron/metabolism	phospholipid hydroperoxide glutathione peroxidase/metabolism	6.32554567225885e-06	2.72167395393927e-05	0.017094017094017	0.178864212567384	2	0	[30787033,32814895]
iron/metabolism	transferrin/metabolism	0.0021974525656576	0.0046720032554304	0.148148148148148	0.491090027111315	1	0	[31980600]
iron/metabolism	tuberculosis/metabolism	0.0003621740428354	0.0010297105139439	0.148148148148148	0.491090027111315	1	0	[30787033]
iron/metabolism	tumor suppressor protein p53/genetics	0.0021974525656576	0.0046720032554304	0.148148148148148	0.491090027111315	1	0	[31980600]
jurkat cells	methotrexate/pharmacology	0.0012969225227602	0.0028666732591499	0.074074074074074	0.491090027111315	1	0	[32778843]
jurkat cells	oxidative stress	2.61119059221659e-05	5.62839187200491e-05	0.0583845478489903	0.5011717509037	1	1	[32778843]
jurkat cells	phospholipid hydroperoxide glutathione peroxidase/antagonists &amp; inhibitors	0.0012969225227602	0.0028666732591499	0.074074074074074	0.491090027111315	1	0	[32778843]
jurkat cells	piperazines/pharmacology	2.61119059221659e-05	5.62839187200491e-05	0.0583845478489903	0.5011717509037	1	1	[32778843]
jurkat cells	precursor cell lymphoblastic leukemia-lymphoma/metabolism	0.0001347174188101	0.000411242646894	0.074074074074074	0.491090027111315	1	0	[33926261]
jurkat cells	reactive oxygen species/metabolism	2.88582746705845e-05	6.20730055714524e-05	0.0092186128182616	0.186828306325089	2	1	[32778843,33926261]
jurkat cells	tetrahydrofolate dehydrogenase/genetics	0.0012969225227602	0.0028666732591499	0.074074074074074	0.491090027111315	1	0	[32778843]
jurkat cells	vitamin e/pharmacology	0.0012969225227602	0.0028666732591499	0.074074074074074	0.491090027111315	1	0	[32778843]
kidney	liver/pathology	0	0	0.037037037037037	0.491090027111315	1	0	[34396451]
kidney	malondialdehyde/blood	0	0	0.037037037037037	0.491090027111315	1	0	[34396451]
kidney	phospholipid hydroperoxide glutathione peroxidase	0	0	0.037037037037037	0.491090027111315	1	0	[34396451]
kidney	piperazines/pharmacology	7.083931083951e-07	3.69485614090969e-06	0.074074074074074	0.491090027111315	1	0	[34396451]
kidney	spleen/pathology	0	0	0.037037037037037	0.491090027111315	1	0	[34396451]
killer cells natural/metabolism	lymphoma t-cell	3.10419946414342e-08	1.77908664941026e-07	0.037037037037037	0.491090027111315	1	0	[35778693]
killer cells natural/metabolism	reactive oxygen species/metabolism	0.0012446795696657	0.0020789136508493	0.102941176470588	0.5011717509037	1	1	[35778693]
killer cells natural/metabolism	tumor suppressor protein p53/metabolism	0.0001430031506204	0.0004284185297513	0.074074074074074	0.491090027111315	1	0	[35778693]
lipid metabolism/drug effects	sulfasalazine/administration &amp; dosage	9.44154754378701e-11	1.14562710782353e-09	0.037037037037037	0.491090027111315	1	0	[31554642]
lipopolysaccharides/toxicity	microglia/drug effects	9.44154754378701e-11	1.14562710782353e-09	0.037037037037037	0.491090027111315	1	0	[34717678]
lipopolysaccharides/toxicity	nf-e2-related factor 2/biosynthesis	9.44154754378701e-11	1.14562710782353e-09	0.037037037037037	0.491090027111315	1	0	[34717678]
lipopolysaccharides/toxicity	raw 264.7 cells	9.44154754378701e-11	1.14562710782353e-09	0.037037037037037	0.491090027111315	1	0	[34717678]
lipoproteins ldl	macrophages/metabolism	0.001413355149255	0.0023329148675058	0.102941176470588	0.5011717509037	1	1	[36160648]
lipoproteins ldl	mannose receptor	0	0	0.0147058823529411	0.5011717509037	1	1	[36160648]
lipoproteins ldl	nitric oxide synthase type ii/metabolism	0	0	0.0147058823529411	0.5011717509037	1	1	[36160648]
lipoproteins ldl	scavenger receptors class e/genetics	0	0	0.0147058823529411	0.5011717509037	1	1	[36160648]
listeriosis/etiology	liver x receptors/agonists	9.44154754378701e-11	1.14562710782353e-09	0.037037037037037	0.491090027111315	1	0	[31980600]
listeriosis/etiology	malaria/genetics	9.44154754378701e-11	1.14562710782353e-09	0.037037037037037	0.491090027111315	1	0	[31980600]
listeriosis/etiology	transferrin/metabolism	9.44154754378701e-11	1.14562710782353e-09	0.037037037037037	0.491090027111315	1	0	[31980600]
listeriosis/etiology	tumor suppressor protein p53/genetics	9.44154754378701e-11	1.14562710782353e-09	0.037037037037037	0.491090027111315	1	0	[31980600]
liver cirrhosis/drug therapy	macrophages/drug effects	0.0019364221367503	0.0031229382209923	0.0735294117647058	0.5011717509037	1	1	[34811833]
liver cirrhosis/drug therapy	sorafenib/pharmacology	5.72955623634464e-06	2.46890239010393e-05	0.037037037037037	0.491090027111315	1	0	[34811833]
liver x receptors/agonists	malaria/genetics	9.44154754378701e-11	1.14562710782353e-09	0.037037037037037	0.491090027111315	1	0	[31980600]
liver x receptors/agonists	transferrin/metabolism	9.44154754378701e-11	1.14562710782353e-09	0.037037037037037	0.491090027111315	1	0	[31980600]
liver x receptors/agonists	tumor suppressor protein p53/genetics	9.44154754378701e-11	1.14562710782353e-09	0.037037037037037	0.491090027111315	1	0	[31980600]
liver/pathology	malondialdehyde/blood	0	0	0.037037037037037	0.491090027111315	1	0	[34396451]
liver/pathology	phospholipid hydroperoxide glutathione peroxidase	0	0	0.037037037037037	0.491090027111315	1	0	[34396451]
liver/pathology	piperazines/pharmacology	7.083931083951e-07	3.69485614090969e-06	0.074074074074074	0.491090027111315	1	0	[34396451]
liver/pathology	spleen/pathology	0	0	0.037037037037037	0.491090027111315	1	0	[34396451]
lung neoplasms/drug therapy	mitochondria/drug effects	0.0017679797262968	0.0028758762365795	0.0294117647058823	0.5011717509037	1	1	[34093872]
lung neoplasms/drug therapy	nf-e2-related factor 2/genetics	0.0001529490570294	0.0002932546526832	0.0147058823529411	0.5011717509037	1	1	[34093872]
lung neoplasms/drug therapy	oxidative stress/drug effects	0.0013669559477371	0.0022615358442826	0.0294117647058823	0.5011717509037	1	1	[34093872]
lung neoplasms/drug therapy	tor serine-threonine kinases/metabolism	0.0001529490570294	0.0002932546526832	0.0147058823529411	0.5011717509037	1	1	[34093872]
lung/blood supply	macrophages/metabolism	0.0005241692955735	0.0012925943513292	0.037037037037037	0.491090027111315	1	0	[35197507]
lung/blood supply	monocrotaline/toxicity	0.0005241692955735	0.0012925943513292	0.037037037037037	0.491090027111315	1	0	[35197507]
lung/blood supply	nlr family pyrin domain-containing 3 protein/metabolism	0.0005241692955735	0.0012925943513292	0.037037037037037	0.491090027111315	1	0	[35197507]
lung/blood supply	toll-like receptor 4/metabolism	0.0005241692955735	0.0012925943513292	0.037037037037037	0.491090027111315	1	0	[35197507]
lymph/metabolism	melanoma/blood	9.44154754378701e-11	1.14562710782353e-09	0.037037037037037	0.491090027111315	1	0	[32814895]
lymph/metabolism	neoplasm metastasis/drug therapy	9.44154754378701e-11	1.14562710782353e-09	0.037037037037037	0.491090027111315	1	0	[32814895]
lymph/metabolism	oleic acid/metabolism	9.44154754378701e-11	1.14562710782353e-09	0.037037037037037	0.491090027111315	1	0	[32814895]
lymph/metabolism	oxidative stress/drug effects	0.0009252229168602	0.0021093918702002	0.074074074074074	0.491090027111315	1	0	[32814895]
lymph/metabolism	phospholipid hydroperoxide glutathione peroxidase/metabolism	1.13100478793537e-06	5.82577954709163e-06	0.074074074074074	0.491090027111315	1	0	[32814895]
lymphocytes tumor-infiltrating/immunology	membrane proteins/metabolism	2.48910234645905e-07	1.3318075285482e-06	0.037037037037037	0.491090027111315	1	0	[33547170]
lymphocytes tumor-infiltrating/immunology	myeloid-derived suppressor cells/immunology	2.48910234645905e-07	1.3318075285482e-06	0.037037037037037	0.491090027111315	1	0	[33547170]
lymphocytes tumor-infiltrating/immunology	neutral ceramidase/antagonists &amp; inhibitors	2.48910234645905e-07	1.3318075285482e-06	0.037037037037037	0.491090027111315	1	0	[33547170]
lymphocytes tumor-infiltrating/immunology	reactive oxygen species/metabolism	0.0018579666779763	0.003012680357705	0.102941176470588	0.5011717509037	1	1	[33547170]
lymphocytes tumor-infiltrating/immunology	t-lymphocytes/immunology	2.48910234645905e-07	1.3318075285482e-06	0.037037037037037	0.491090027111315	1	0	[33547170]
lymphocytes tumor-infiltrating/immunology	tumor suppressor protein p53/metabolism	0.0002443386631932	0.0007043559873365	0.074074074074074	0.491090027111315	1	0	[33547170]
lymphoma t-cell	reactive oxygen species/metabolism	0.0012446795696657	0.0020789136508493	0.102941176470588	0.5011717509037	1	1	[35778693]
lymphoma t-cell	tumor suppressor protein p53/metabolism	0.0001430031506204	0.0004284185297513	0.074074074074074	0.491090027111315	1	0	[35778693]
macrophages	membrane proteins/genetics	1.90229000622821e-05	6.33368658790105e-05	0.037037037037037	0.491090027111315	1	0	[33311482]
macrophages	pancreas/metabolism	1.90229000622821e-05	6.33368658790105e-05	0.037037037037037	0.491090027111315	1	0	[33311482]
macrophages	pancreatitis/genetics	1.90229000622821e-05	6.33368658790105e-05	0.037037037037037	0.491090027111315	1	0	[33311482]
macrophages	phospholipid hydroperoxide glutathione peroxidase/genetics	1.90229000622821e-05	6.33368658790105e-05	0.037037037037037	0.491090027111315	1	0	[33311482]
macrophages	proto-oncogene proteins p21(ras)/metabolism	1.90229000622821e-05	6.33368658790105e-05	0.037037037037037	0.491090027111315	1	0	[33311482]
macrophages	quinoxalines/pharmacology	1.90229000622821e-05	6.33368658790105e-05	0.037037037037037	0.491090027111315	1	0	[33311482]
macrophages	spiro compounds/pharmacology	1.90229000622821e-05	6.33368658790105e-05	0.037037037037037	0.491090027111315	1	0	[33311482]
macrophages	tumor microenvironment	0.0015625643362536	0.0033615998331867	0.074074074074074	0.491090027111315	1	0	[33311482]
macrophages/cytology	mitochondria/drug effects	0.0003667702795712	0.0006634635521673	0.0583845478489903	0.5011717509037	1	1	[31509699]
macrophages/cytology	neoplasms/drug therapy	0.0030275730352965	0.006325620895072	0.145299145299145	0.491090027111315	1	0	[31509699]
macrophages/cytology	protein kinase inhibitors/chemistry	3.98433250663466e-05	0.000130412689269	0.074074074074074	0.491090027111315	1	0	[31509699]
macrophages/cytology	pyruvate dehydrogenase acetyl-transferring kinase/antagonists &amp; inhibitors	3.98433250663466e-05	0.000130412689269	0.074074074074074	0.491090027111315	1	0	[31509699]
macrophages/cytology	saponins/chemistry	3.98433250663466e-05	0.000130412689269	0.074074074074074	0.491090027111315	1	0	[31509699]
macrophages/cytology	urinary bladder neoplasms/pathology	3.26106776693535e-06	1.56574445763452e-05	0.074074074074074	0.491090027111315	1	0	[33236624]
macrophages/drug effects	sorafenib/pharmacology	0.0019364221367503	0.0031229382209923	0.0735294117647058	0.5011717509037	1	1	[34811833]
macrophages/drug effects	tuberculosis/metabolism	0.0025695249368861	0.0054154231954721	0.148148148148148	0.491090027111315	1	0	[30787033]
macrophages/metabolism	mannose receptor	0.001413355149255	0.0023329148675058	0.102941176470588	0.5011717509037	1	1	[36160648]
macrophages/metabolism	monocrotaline/toxicity	0.0005241692955735	0.0012925943513292	0.037037037037037	0.491090027111315	1	0	[35197507]
macrophages/metabolism	nitric oxide synthase type ii/metabolism	0.001413355149255	0.0023329148675058	0.102941176470588	0.5011717509037	1	1	[36160648]
macrophages/metabolism	nlr family pyrin domain-containing 3 protein/metabolism	0.0005241692955735	0.0012925943513292	0.037037037037037	0.491090027111315	1	0	[35197507]
macrophages/metabolism	scavenger receptors class e/genetics	0.001413355149255	0.0023329148675058	0.102941176470588	0.5011717509037	1	1	[36160648]
macrophages/metabolism	toll-like receptor 4/metabolism	0.0005241692955735	0.0012925943513292	0.037037037037037	0.491090027111315	1	0	[35197507]
malaria/genetics	transferrin/metabolism	9.44154754378701e-11	1.14562710782353e-09	0.037037037037037	0.491090027111315	1	0	[31980600]
malaria/genetics	tumor suppressor protein p53/genetics	9.44154754378701e-11	1.14562710782353e-09	0.037037037037037	0.491090027111315	1	0	[31980600]
malondialdehyde/blood	phospholipid hydroperoxide glutathione peroxidase	0	0	0.037037037037037	0.491090027111315	1	0	[34396451]
malondialdehyde/blood	piperazines/pharmacology	7.083931083951e-07	3.69485614090969e-06	0.074074074074074	0.491090027111315	1	0	[34396451]
malondialdehyde/blood	spleen/pathology	0	0	0.037037037037037	0.491090027111315	1	0	[34396451]
mannose receptor	nitric oxide synthase type ii/metabolism	0	0	0.0147058823529411	0.5011717509037	1	1	[36160648]
mannose receptor	scavenger receptors class e/genetics	0	0	0.0147058823529411	0.5011717509037	1	1	[36160648]
melanoma/blood	neoplasm metastasis/drug therapy	9.44154754378701e-11	1.14562710782353e-09	0.037037037037037	0.491090027111315	1	0	[32814895]
melanoma/blood	oleic acid/metabolism	9.44154754378701e-11	1.14562710782353e-09	0.037037037037037	0.491090027111315	1	0	[32814895]
melanoma/blood	oxidative stress/drug effects	0.0009252229168602	0.0021093918702002	0.074074074074074	0.491090027111315	1	0	[32814895]
melanoma/blood	phospholipid hydroperoxide glutathione peroxidase/metabolism	1.13100478793537e-06	5.82577954709163e-06	0.074074074074074	0.491090027111315	1	0	[32814895]
melanoma/genetics	nivolumab/therapeutic use	3.10419946414342e-08	1.77908664941026e-07	0.037037037037037	0.491090027111315	1	0	[31043744]
melanoma/genetics	reactive oxygen species/metabolism	0.0012446795696657	0.0020789136508493	0.102941176470588	0.5011717509037	1	1	[31043744]
membrane proteins/genetics	pancreas/metabolism	1.90229000622821e-05	6.33368658790105e-05	0.037037037037037	0.491090027111315	1	0	[33311482]
membrane proteins/genetics	pancreatitis/genetics	1.90229000622821e-05	6.33368658790105e-05	0.037037037037037	0.491090027111315	1	0	[33311482]
membrane proteins/genetics	phospholipid hydroperoxide glutathione peroxidase/genetics	1.90229000622821e-05	6.33368658790105e-05	0.037037037037037	0.491090027111315	1	0	[33311482]
membrane proteins/genetics	proto-oncogene proteins p21(ras)/metabolism	1.90229000622821e-05	6.33368658790105e-05	0.037037037037037	0.491090027111315	1	0	[33311482]
membrane proteins/genetics	quinoxalines/pharmacology	1.90229000622821e-05	6.33368658790105e-05	0.037037037037037	0.491090027111315	1	0	[33311482]
membrane proteins/genetics	spiro compounds/pharmacology	1.90229000622821e-05	6.33368658790105e-05	0.037037037037037	0.491090027111315	1	0	[33311482]
membrane proteins/genetics	tumor microenvironment	0.0015625643362536	0.0033615998331867	0.074074074074074	0.491090027111315	1	0	[33311482]
membrane proteins/metabolism	myeloid-derived suppressor cells/immunology	2.48910234645905e-07	1.3318075285482e-06	0.037037037037037	0.491090027111315	1	0	[33547170]
membrane proteins/metabolism	neutral ceramidase/antagonists &amp; inhibitors	2.48910234645905e-07	1.3318075285482e-06	0.037037037037037	0.491090027111315	1	0	[33547170]
membrane proteins/metabolism	reactive oxygen species/metabolism	0.0018579666779763	0.003012680357705	0.102941176470588	0.5011717509037	1	1	[33547170]
membrane proteins/metabolism	t-lymphocytes/immunology	2.48910234645905e-07	1.3318075285482e-06	0.037037037037037	0.491090027111315	1	0	[33547170]
membrane proteins/metabolism	tumor suppressor protein p53/metabolism	0.0002443386631932	0.0007043559873365	0.074074074074074	0.491090027111315	1	0	[33547170]
metal-organic frameworks/chemistry	phenol/chemistry	1.37805787725487e-06	6.67173262777816e-06	0.037037037037037	0.491090027111315	1	0	[34985903]
metal-organic frameworks/chemistry	programmed cell death 1 receptor/metabolism	1.37805787725487e-06	6.67173262777816e-06	0.037037037037037	0.491090027111315	1	0	[34985903]
methotrexate/pharmacology	oxidative stress	0.0005390447313372	0.0013092376221759	0.074074074074074	0.491090027111315	1	0	[32778843]
methotrexate/pharmacology	phospholipid hydroperoxide glutathione peroxidase/antagonists &amp; inhibitors	1.90229000622821e-05	6.33368658790105e-05	0.037037037037037	0.491090027111315	1	0	[32778843]
methotrexate/pharmacology	piperazines/pharmacology	0.0005390447313372	0.0013092376221759	0.074074074074074	0.491090027111315	1	0	[32778843]
methotrexate/pharmacology	reactive oxygen species/metabolism	0.0047751294388702	0.0071792222967029	0.102941176470588	0.5011717509037	1	1	[32778843]
methotrexate/pharmacology	tetrahydrofolate dehydrogenase/genetics	1.90229000622821e-05	6.33368658790105e-05	0.037037037037037	0.491090027111315	1	0	[32778843]
methotrexate/pharmacology	vitamin e/pharmacology	1.90229000622821e-05	6.33368658790105e-05	0.037037037037037	0.491090027111315	1	0	[32778843]
microglia/drug effects	nf-e2-related factor 2/biosynthesis	9.44154754378701e-11	1.14562710782353e-09	0.037037037037037	0.491090027111315	1	0	[34717678]
microglia/drug effects	raw 264.7 cells	9.44154754378701e-11	1.14562710782353e-09	0.037037037037037	0.491090027111315	1	0	[34717678]
mitochondria/drug effects	nf-e2-related factor 2/genetics	0.0017679797262968	0.0028758762365795	0.0294117647058823	0.5011717509037	1	1	[34093872]
mitochondria/drug effects	protein kinase inhibitors/chemistry	0.0028851458065133	0.0060410995226632	0.074074074074074	0.491090027111315	1	0	[31509699]
mitochondria/drug effects	pyruvate dehydrogenase acetyl-transferring kinase/antagonists &amp; inhibitors	0.0028851458065133	0.0060410995226632	0.074074074074074	0.491090027111315	1	0	[31509699]
mitochondria/drug effects	saponins/chemistry	0.0028851458065133	0.0060410995226632	0.074074074074074	0.491090027111315	1	0	[31509699]
mitochondria/drug effects	tor serine-threonine kinases/metabolism	0.0017679797262968	0.0028758762365795	0.0294117647058823	0.5011717509037	1	1	[34093872]
monocrotaline/toxicity	nlr family pyrin domain-containing 3 protein/metabolism	0.0005241692955735	0.0012925943513292	0.037037037037037	0.491090027111315	1	0	[35197507]
monocrotaline/toxicity	toll-like receptor 4/metabolism	0.0005241692955735	0.0012925943513292	0.037037037037037	0.491090027111315	1	0	[35197507]
multiple myeloma/drug therapy	reactive oxygen species/metabolism	0.0012446795696657	0.0020789136508493	0.102941176470588	0.5011717509037	1	1	[33691090]
multiple myeloma/drug therapy	tumor microenvironment	0.0003039350520657	0.0008666781229012	0.074074074074074	0.491090027111315	1	0	[33691090]
myeloid-derived suppressor cells/immunology	neutral ceramidase/antagonists &amp; inhibitors	2.48910234645905e-07	1.3318075285482e-06	0.037037037037037	0.491090027111315	1	0	[33547170]
myeloid-derived suppressor cells/immunology	reactive oxygen species/metabolism	0.0018579666779763	0.003012680357705	0.102941176470588	0.5011717509037	1	1	[33547170]
myeloid-derived suppressor cells/immunology	t-lymphocytes/immunology	2.48910234645905e-07	1.3318075285482e-06	0.037037037037037	0.491090027111315	1	0	[33547170]
myeloid-derived suppressor cells/immunology	tumor suppressor protein p53/metabolism	0.0002443386631932	0.0007043559873365	0.074074074074074	0.491090027111315	1	0	[33547170]
myocardial reperfusion injury/drug therapy	myocardium/immunology	3.10419946414342e-08	1.77908664941026e-07	0.037037037037037	0.491090027111315	1	0	[30830879]
myocardial reperfusion injury/drug therapy	neutrophil infiltration	3.10419946414342e-08	1.77908664941026e-07	0.037037037037037	0.491090027111315	1	0	[30830879]
myocardial reperfusion injury/drug therapy	neutrophils/immunology	3.10419946414342e-08	1.77908664941026e-07	0.037037037037037	0.491090027111315	1	0	[30830879]
myocardial reperfusion injury/drug therapy	phenylenediamines/pharmacology	0.0006867567885109	0.001610019956897	0.074074074074074	0.491090027111315	1	0	[30830879]
myocardial reperfusion injury/drug therapy	toll-like receptor 4/genetics	3.10419946414342e-08	1.77908664941026e-07	0.037037037037037	0.491090027111315	1	0	[30830879]
myocardial reperfusion injury/drug therapy	ventricular function left/drug effects	3.10419946414342e-08	1.77908664941026e-07	0.037037037037037	0.491090027111315	1	0	[30830879]
myocardium/immunology	neutrophil infiltration	3.10419946414342e-08	1.77908664941026e-07	0.037037037037037	0.491090027111315	1	0	[30830879]
myocardium/immunology	neutrophils/immunology	3.10419946414342e-08	1.77908664941026e-07	0.037037037037037	0.491090027111315	1	0	[30830879]
myocardium/immunology	phenylenediamines/pharmacology	0.0006867567885109	0.001610019956897	0.074074074074074	0.491090027111315	1	0	[30830879]
myocardium/immunology	toll-like receptor 4/genetics	3.10419946414342e-08	1.77908664941026e-07	0.037037037037037	0.491090027111315	1	0	[30830879]
myocardium/immunology	ventricular function left/drug effects	3.10419946414342e-08	1.77908664941026e-07	0.037037037037037	0.491090027111315	1	0	[30830879]
necroptosis/drug effects	radiation-protective agents/pharmacology	0	0	0.037037037037037	0.491090027111315	1	0	[32134361]
necroptosis/drug effects	small molecule libraries/pharmacology	0	0	0.037037037037037	0.491090027111315	1	0	[32134361]
neoplasm metastasis/drug therapy	oleic acid/metabolism	9.44154754378701e-11	1.14562710782353e-09	0.037037037037037	0.491090027111315	1	0	[32814895]
neoplasm metastasis/drug therapy	oxidative stress/drug effects	0.0009252229168602	0.0021093918702002	0.074074074074074	0.491090027111315	1	0	[32814895]
neoplasm metastasis/drug therapy	phospholipid hydroperoxide glutathione peroxidase/metabolism	1.13100478793537e-06	5.82577954709163e-06	0.074074074074074	0.491090027111315	1	0	[32814895]
neoplasms/diagnostic imaging	oxidative stress	7.083931083951e-07	3.69485614090969e-06	0.074074074074074	0.491090027111315	1	0	[32686685]
neoplasms/diagnostic imaging	t-lymphocytes cytotoxic/metabolism	0	0	0.037037037037037	0.491090027111315	1	0	[32686685]
neoplasms/drug therapy	protein kinase inhibitors/chemistry	5.6844185756133e-05	0.0001786003669477	0.074074074074074	0.491090027111315	1	0	[31509699]
neoplasms/drug therapy	pyruvate dehydrogenase acetyl-transferring kinase/antagonists &amp; inhibitors	5.6844185756133e-05	0.0001786003669477	0.074074074074074	0.491090027111315	1	0	[31509699]
neoplasms/drug therapy	saponins/chemistry	5.6844185756133e-05	0.0001786003669477	0.074074074074074	0.491090027111315	1	0	[31509699]
neutral ceramidase/antagonists &amp; inhibitors	reactive oxygen species/metabolism	0.0018579666779763	0.003012680357705	0.102941176470588	0.5011717509037	1	1	[33547170]
neutral ceramidase/antagonists &amp; inhibitors	t-lymphocytes/immunology	2.48910234645905e-07	1.3318075285482e-06	0.037037037037037	0.491090027111315	1	0	[33547170]
neutral ceramidase/antagonists &amp; inhibitors	tumor suppressor protein p53/metabolism	0.0002443386631932	0.0007043559873365	0.074074074074074	0.491090027111315	1	0	[33547170]
neutrophil infiltration	neutrophils/immunology	3.10419946414342e-08	1.77908664941026e-07	0.037037037037037	0.491090027111315	1	0	[30830879]
neutrophil infiltration	phenylenediamines/pharmacology	0.0006867567885109	0.001610019956897	0.074074074074074	0.491090027111315	1	0	[30830879]
neutrophil infiltration	toll-like receptor 4/genetics	3.10419946414342e-08	1.77908664941026e-07	0.037037037037037	0.491090027111315	1	0	[30830879]
neutrophil infiltration	ventricular function left/drug effects	3.10419946414342e-08	1.77908664941026e-07	0.037037037037037	0.491090027111315	1	0	[30830879]
neutrophils/immunology	phenylenediamines/pharmacology	0.0006867567885109	0.001610019956897	0.074074074074074	0.491090027111315	1	0	[30830879]
neutrophils/immunology	toll-like receptor 4/genetics	3.10419946414342e-08	1.77908664941026e-07	0.037037037037037	0.491090027111315	1	0	[30830879]
neutrophils/immunology	ventricular function left/drug effects	3.10419946414342e-08	1.77908664941026e-07	0.037037037037037	0.491090027111315	1	0	[30830879]
nf-e2-related factor 2/biosynthesis	raw 264.7 cells	9.44154754378701e-11	1.14562710782353e-09	0.037037037037037	0.491090027111315	1	0	[34717678]
nf-e2-related factor 2/genetics	oxidative stress/drug effects	0.0013669559477371	0.0022615358442826	0.0294117647058823	0.5011717509037	1	1	[34093872]
nf-e2-related factor 2/genetics	tor serine-threonine kinases/metabolism	0.0001529490570294	0.0002932546526832	0.0147058823529411	0.5011717509037	1	1	[34093872]
nitric oxide synthase type ii/metabolism	scavenger receptors class e/genetics	0	0	0.0147058823529411	0.5011717509037	1	1	[36160648]
nivolumab/therapeutic use	reactive oxygen species/metabolism	0.0012446795696657	0.0020789136508493	0.102941176470588	0.5011717509037	1	1	[31043744]
nlr family pyrin domain-containing 3 protein/metabolism	toll-like receptor 4/metabolism	0.0005241692955735	0.0012925943513292	0.037037037037037	0.491090027111315	1	0	[35197507]
oleic acid/metabolism	oxidative stress/drug effects	0.0009252229168602	0.0021093918702002	0.074074074074074	0.491090027111315	1	0	[32814895]
oleic acid/metabolism	phospholipid hydroperoxide glutathione peroxidase/metabolism	1.13100478793537e-06	5.82577954709163e-06	0.074074074074074	0.491090027111315	1	0	[32814895]
oxidative stress	phospholipid hydroperoxide glutathione peroxidase/antagonists &amp; inhibitors	0.0005390447313372	0.0013092376221759	0.074074074074074	0.491090027111315	1	0	[32778843]
oxidative stress	piperazines/pharmacology	6.29617067759991e-06	1.47514400936118e-05	0.0583845478489903	0.5011717509037	1	1	[32778843]
oxidative stress	t-lymphocytes cytotoxic/metabolism	7.083931083951e-07	3.69485614090969e-06	0.074074074074074	0.491090027111315	1	0	[32686685]
oxidative stress	tetrahydrofolate dehydrogenase/genetics	0.0005390447313372	0.0013092376221759	0.074074074074074	0.491090027111315	1	0	[32778843]
oxidative stress	vitamin e/pharmacology	0.0005390447313372	0.0013092376221759	0.074074074074074	0.491090027111315	1	0	[32778843]
oxidative stress/drug effects	tor serine-threonine kinases/metabolism	0.0013669559477371	0.0022615358442826	0.0294117647058823	0.5011717509037	1	1	[34093872]
pancreas/metabolism	pancreatitis/genetics	1.90229000622821e-05	6.33368658790105e-05	0.037037037037037	0.491090027111315	1	0	[33311482]
pancreas/metabolism	phospholipid hydroperoxide glutathione peroxidase/genetics	1.90229000622821e-05	6.33368658790105e-05	0.037037037037037	0.491090027111315	1	0	[33311482]
pancreas/metabolism	proto-oncogene proteins p21(ras)/metabolism	1.90229000622821e-05	6.33368658790105e-05	0.037037037037037	0.491090027111315	1	0	[33311482]
pancreas/metabolism	quinoxalines/pharmacology	1.90229000622821e-05	6.33368658790105e-05	0.037037037037037	0.491090027111315	1	0	[33311482]
pancreas/metabolism	spiro compounds/pharmacology	1.90229000622821e-05	6.33368658790105e-05	0.037037037037037	0.491090027111315	1	0	[33311482]
pancreas/metabolism	tumor microenvironment	0.0015625643362536	0.0033615998331867	0.074074074074074	0.491090027111315	1	0	[33311482]
pancreatitis/genetics	phospholipid hydroperoxide glutathione peroxidase/genetics	1.90229000622821e-05	6.33368658790105e-05	0.037037037037037	0.491090027111315	1	0	[33311482]
pancreatitis/genetics	proto-oncogene proteins p21(ras)/metabolism	1.90229000622821e-05	6.33368658790105e-05	0.037037037037037	0.491090027111315	1	0	[33311482]
pancreatitis/genetics	quinoxalines/pharmacology	1.90229000622821e-05	6.33368658790105e-05	0.037037037037037	0.491090027111315	1	0	[33311482]
pancreatitis/genetics	spiro compounds/pharmacology	1.90229000622821e-05	6.33368658790105e-05	0.037037037037037	0.491090027111315	1	0	[33311482]
pancreatitis/genetics	tumor microenvironment	0.0015625643362536	0.0033615998331867	0.074074074074074	0.491090027111315	1	0	[33311482]
phagocytosis	toll-like receptor 4/metabolism	2.20399190009601e-08	7.5723921131295e-08	0.0441176470588235	0.5011717509037	1	1	[39166450]
phenol/chemistry	programmed cell death 1 receptor/metabolism	1.37805787725487e-06	6.67173262777816e-06	0.037037037037037	0.491090027111315	1	0	[34985903]
phenylenediamines/pharmacology	toll-like receptor 4/genetics	0.0006867567885109	0.001610019956897	0.074074074074074	0.491090027111315	1	0	[30830879]
phenylenediamines/pharmacology	ventricular function left/drug effects	0.0006867567885109	0.001610019956897	0.074074074074074	0.491090027111315	1	0	[30830879]
phospholipid hydroperoxide glutathione peroxidase	piperazines/pharmacology	7.083931083951e-07	3.69485614090969e-06	0.074074074074074	0.491090027111315	1	0	[34396451]
phospholipid hydroperoxide glutathione peroxidase	spleen/pathology	0	0	0.037037037037037	0.491090027111315	1	0	[34396451]
phospholipid hydroperoxide glutathione peroxidase/antagonists &amp; inhibitors	piperazines/pharmacology	0.0005390447313372	0.0013092376221759	0.074074074074074	0.491090027111315	1	0	[32778843]
phospholipid hydroperoxide glutathione peroxidase/antagonists &amp; inhibitors	reactive oxygen species/metabolism	0.0047751294388702	0.0071792222967029	0.102941176470588	0.5011717509037	1	1	[32778843]
phospholipid hydroperoxide glutathione peroxidase/antagonists &amp; inhibitors	tetrahydrofolate dehydrogenase/genetics	1.90229000622821e-05	6.33368658790105e-05	0.037037037037037	0.491090027111315	1	0	[32778843]
phospholipid hydroperoxide glutathione peroxidase/antagonists &amp; inhibitors	vitamin e/pharmacology	1.90229000622821e-05	6.33368658790105e-05	0.037037037037037	0.491090027111315	1	0	[32778843]
phospholipid hydroperoxide glutathione peroxidase/genetics	proto-oncogene proteins p21(ras)/metabolism	1.90229000622821e-05	6.33368658790105e-05	0.037037037037037	0.491090027111315	1	0	[33311482]
phospholipid hydroperoxide glutathione peroxidase/genetics	quinoxalines/pharmacology	1.90229000622821e-05	6.33368658790105e-05	0.037037037037037	0.491090027111315	1	0	[33311482]
phospholipid hydroperoxide glutathione peroxidase/genetics	spiro compounds/pharmacology	1.90229000622821e-05	6.33368658790105e-05	0.037037037037037	0.491090027111315	1	0	[33311482]
phospholipid hydroperoxide glutathione peroxidase/genetics	tumor microenvironment	0.0015625643362536	0.0033615998331867	0.074074074074074	0.491090027111315	1	0	[33311482]
phospholipid hydroperoxide glutathione peroxidase/metabolism	tuberculosis/metabolism	1.70932890064535e-08	1.52995488020725e-07	0.074074074074074	0.491090027111315	1	0	[30787033]
piperazines/pharmacology	spleen/pathology	7.083931083951e-07	3.69485614090969e-06	0.074074074074074	0.491090027111315	1	0	[34396451]
piperazines/pharmacology	tetrahydrofolate dehydrogenase/genetics	0.0005390447313372	0.0013092376221759	0.074074074074074	0.491090027111315	1	0	[32778843]
piperazines/pharmacology	vitamin e/pharmacology	0.0005390447313372	0.0013092376221759	0.074074074074074	0.491090027111315	1	0	[32778843]
precursor cell lymphoblastic leukemia-lymphoma/metabolism	reactive oxygen species/metabolism	0.0007858745973121	0.0013687395477366	0.102941176470588	0.5011717509037	1	1	[33926261]
protein kinase inhibitors/chemistry	pyruvate dehydrogenase acetyl-transferring kinase/antagonists &amp; inhibitors	3.10419946414342e-08	1.77908664941026e-07	0.037037037037037	0.491090027111315	1	0	[31509699]
protein kinase inhibitors/chemistry	saponins/chemistry	3.10419946414342e-08	1.77908664941026e-07	0.037037037037037	0.491090027111315	1	0	[31509699]
proto-oncogene proteins p21(ras)/metabolism	quinoxalines/pharmacology	1.90229000622821e-05	6.33368658790105e-05	0.037037037037037	0.491090027111315	1	0	[33311482]
proto-oncogene proteins p21(ras)/metabolism	spiro compounds/pharmacology	1.90229000622821e-05	6.33368658790105e-05	0.037037037037037	0.491090027111315	1	0	[33311482]
proto-oncogene proteins p21(ras)/metabolism	tumor microenvironment	0.0015625643362536	0.0033615998331867	0.074074074074074	0.491090027111315	1	0	[33311482]
pyruvate dehydrogenase acetyl-transferring kinase/antagonists &amp; inhibitors	saponins/chemistry	3.10419946414342e-08	1.77908664941026e-07	0.037037037037037	0.491090027111315	1	0	[31509699]
quinoxalines/pharmacology	spiro compounds/pharmacology	1.90229000622821e-05	6.33368658790105e-05	0.037037037037037	0.491090027111315	1	0	[33311482]
quinoxalines/pharmacology	tumor microenvironment	0.0015625643362536	0.0033615998331867	0.074074074074074	0.491090027111315	1	0	[33311482]
radiation-protective agents/pharmacology	small molecule libraries/pharmacology	0	0	0.037037037037037	0.491090027111315	1	0	[32134361]
reactive oxygen species/metabolism	t-lymphocytes/immunology	0.0018579666779763	0.003012680357705	0.102941176470588	0.5011717509037	1	1	[33547170]
reactive oxygen species/metabolism	tetrahydrofolate dehydrogenase/genetics	0.0047751294388702	0.0071792222967029	0.102941176470588	0.5011717509037	1	1	[32778843]
reactive oxygen species/metabolism	tumor suppressor protein p53/metabolism	0.0008921307204657	0.0015433021659614	0.0262590789368664	0.186828306325089	2	1	[33547170,35778693]
reactive oxygen species/metabolism	urinary bladder neoplasms/pathology	0.000246122170292	0.0004560386748922	0.102941176470588	0.5011717509037	1	1	[33236624]
reactive oxygen species/metabolism	vitamin e/pharmacology	0.0047751294388702	0.0071792222967029	0.102941176470588	0.5011717509037	1	1	[32778843]
skin neoplasms/drug therapy	t-lymphocytes cytotoxic/drug effects	3.10419946414342e-08	1.77908664941026e-07	0.037037037037037	0.491090027111315	1	0	[34593794]
skin neoplasms/drug therapy	tumor escape/drug effects	3.10419946414342e-08	1.77908664941026e-07	0.037037037037037	0.491090027111315	1	0	[34593794]
skin neoplasms/drug therapy	tumor microenvironment/drug effects	0.0056610184889931	0.008358574270831	0.117647058823529	0.5011717509037	1	1	[34593794]
spiro compounds/pharmacology	tumor microenvironment	0.0015625643362536	0.0033615998331867	0.074074074074074	0.491090027111315	1	0	[33311482]
t-lymphocytes cytotoxic/drug effects	tumor escape/drug effects	3.10419946414342e-08	1.77908664941026e-07	0.037037037037037	0.491090027111315	1	0	[34593794]
t-lymphocytes cytotoxic/drug effects	tumor microenvironment/drug effects	0.0056610184889931	0.008358574270831	0.117647058823529	0.5011717509037	1	1	[34593794]
t-lymphocytes/immunology	tumor suppressor protein p53/metabolism	0.0002443386631932	0.0007043559873365	0.074074074074074	0.491090027111315	1	0	[33547170]
tetrahydrofolate dehydrogenase/genetics	vitamin e/pharmacology	1.90229000622821e-05	6.33368658790105e-05	0.037037037037037	0.491090027111315	1	0	[32778843]
toll-like receptor 4/genetics	ventricular function left/drug effects	3.10419946414342e-08	1.77908664941026e-07	0.037037037037037	0.491090027111315	1	0	[30830879]
transferrin/metabolism	tumor suppressor protein p53/genetics	9.44154754378701e-11	1.14562710782353e-09	0.037037037037037	0.491090027111315	1	0	[31980600]
triple negative breast neoplasms/drug therapy	tumor microenvironment/drug effects	0.0039778851868	0.006085272814044	0.117647058823529	0.5011717509037	1	1	[34991659]
triple negative breast neoplasms/drug therapy	tumor-associated macrophages/drug effects	2.37669306457633e-09	2.23055336157649e-08	0.037037037037037	0.491090027111315	1	0	[34991659]
tumor escape/drug effects	tumor microenvironment/drug effects	0.0056610184889931	0.008358574270831	0.117647058823529	0.5011717509037	1	1	[34593794]
tumor microenvironment/drug effects	tumor-associated macrophages/drug effects	0.0039778851868	0.006085272814044	0.117647058823529	0.5011717509037	1	1	[34991659]
