coenzyme a ligases/metabolism	oleic acid/metabolism	0.014705882352941178	32814895
coenzyme a ligases/metabolism	iron/metabolism	0.05882352941176471	32814895
actins/metabolism	hepatocytes/drug effects	0.014705882352941178	34811833
aniline compounds/chemistry	b7-h1 antigen/metabolism	0.014705882352941178	34985903
melanoma/blood	lymph/metabolism	0.014705882352941178	32814895
coenzyme a ligases/metabolism	phospholipid hydroperoxide glutathione peroxidase/metabolism	0.02941176470588235	32814895
actins/metabolism	ferroptosis/drug effects	0.39705882352941163	34811833
inflammation/drug therapy	cyclohexylamines/pharmacology	0.02941176470588235	30830879
aniline compounds/chemistry	immunogenic cell death/drug effects	0.014705882352941178	34985903
tumor suppressor protein p53/metabolism	PDCD1	0.24535078617607156	39321806
actins/metabolism	macrophages/drug effects	0.07352941176470588	34811833
immunologic memory	hyaluronic acid/chemistry	0.014705882352941178	34593794
coenzyme a ligases/metabolism	glutathione/metabolism	0.04411764705882353	32814895
aniline compounds/chemistry	metal-organic frameworks/chemistry	0.014705882352941178	34985903
melanoma/blood	coenzyme a ligases/metabolism	0.014705882352941178	32814895
immunologic memory	benzylidene compounds/pharmacology	0.014705882352941178	34593794
aniline compounds/chemistry	programmed cell death 1 receptor/metabolism	0.02941176470588235	34985903
tumor suppressor protein p53/metabolism	GPX4	0.41615452151009663	35778693
immunologic memory	cell line tumor/transplantation	0.02941176470588235	34593794
coenzyme a ligases/metabolism	neoplasm metastasis/drug therapy	0.014705882352941178	32814895
aniline compounds/chemistry	benzylidene compounds/chemistry	0.014705882352941178	34985903
macrophages/cytology	reactive oxygen species/metabolism	0.19666374012291488	33236624
phospholipid hydroperoxide glutathione peroxidase	iron/blood	0.014705882352941178	34396451
phospholipid hydroperoxide glutathione peroxidase	liver/pathology	0.014705882352941178	34396451
tumor suppressor protein p53/metabolism	XK	0.044117647058823525	35778693
aniline compounds/chemistry	phenol/chemistry	0.014705882352941178	34985903
macrophages/cytology	gold/chemistry	0.029411764705882353	33236624
actins/metabolism	cell line	0.04411764705882353	34811833
macrophages/cytology	cell line tumor	0.17822651448639157	33236624
macrophages/cytology	cell line tumor	0.17822651448639157	31509699
tumor suppressor protein p53/metabolism	ASAH2	0.044117647058823525	33547170
phospholipid hydroperoxide glutathione peroxidase	cell line tumor	0.4264705882352941	34396451
aniline compounds/chemistry	cd8-positive t-lymphocytes/cytology	0.02941176470588235	34985903
melanoma/blood	oxidative stress/drug effects	0.02941176470588235	32814895
tumor suppressor protein p53/metabolism	CD8A	0.3171841328118765	39321806
inflammation/drug therapy	phenylenediamines/pharmacology	0.02941176470588235	30830879
aniline compounds/chemistry	ferroptosis/drug effects	0.39705882352941163	34985903
actins/metabolism	SLC7A11	0.05882352941176471	34811833
inflammation/drug therapy	ventricular function left/drug effects	0.014705882352941178	30830879
actins/metabolism	FUT1	0.014705882352941178	34811833
tumor suppressor protein p53/metabolism	ASPG	0.044117647058823525	35778693
tumor suppressor protein p53/metabolism	NLRP1	0.044117647058823525	35778693
inflammation/drug therapy	neutrophils/immunology	0.02941176470588235	30830879
tumor suppressor protein p53/metabolism	RPL17-C18orf32	0.24535078617607156	39321806
macrophages/cytology	CHRM1	0.11501316944688324	33236624
actins/metabolism	GPX4	0.16176470588235295	34811833
coenzyme a ligases/metabolism	ferroptosis/drug effects	0.39705882352941163	32814895
tumor suppressor protein p53/metabolism	RPL17	0.24535078617607156	39321806
actins/metabolism	FN1	0.014705882352941178	34811833
immunologic memory	ferroptosis/drug effects	0.39705882352941163	34593794
actins/metabolism	ROS1	0.05882352941176471	34811833
aniline compounds/chemistry	cell line tumor	0.4264705882352941	34985903
immunologic memory	skin neoplasms/drug therapy	0.014705882352941178	34593794
aniline compounds/chemistry	exosomes/metabolism	0.014705882352941178	34985903
macrophages/cytology	ROS1	0.11501316944688324	31509699
actins/metabolism	MMRN1	0.014705882352941178	34811833
coenzyme a ligases/metabolism	cell survival	0.02941176470588235	32814895
inflammation/drug therapy	myocardium/immunology	0.014705882352941178	30830879
immunologic memory	tumor microenvironment/drug effects	0.11764705882352942	34593794
aniline compounds/chemistry	PDCD1	0.08823529411764705	34985903
immunologic memory	tumor escape/drug effects	0.014705882352941178	34593794
actins/metabolism	HIF1A	0.014705882352941178	34811833
immunologic memory	immune checkpoint inhibitors/pharmacology	0.014705882352941178	34593794
malaria/genetics	genetic variation	0.014705882352941178	31980600
malaria/genetics	iron/metabolism	0.05882352941176471	31980600
aniline compounds/chemistry	CD274	0.05882352941176471	34985903
malaria/genetics	hemeproteins/toxicity	0.014705882352941178	31980600
b7-h1 antigen/antagonists &amp; inhibitors	immunologic memory	0.029411764705882353	34593794
macrophages/cytology	MRLN	0.11501316944688324	33236624
tumor suppressor protein p53/metabolism	interleukins/metabolism	0.044117647058823525	39321806
inflammation/drug therapy	adaptor proteins vesicular transport/genetics	0.014705882352941178	30830879
aniline compounds/chemistry	RPL17-C18orf32	0.08823529411764705	34985903
aniline compounds/chemistry	RPL17	0.08823529411764705	34985903
b7-h1 antigen/antagonists &amp; inhibitors	fusion regulatory protein 1 heavy chain/metabolism	0.029411764705882353	31043744
melanoma/blood	oleic acid/metabolism	0.014705882352941178	32814895
immunologic memory	drug resistance neoplasm/drug effects	0.014705882352941178	34593794
b7-h1 antigen/antagonists &amp; inhibitors	exosomes/drug effects	0.029411764705882353	34593794
malaria/genetics	liver x receptors/agonists	0.014705882352941178	31980600
malaria/genetics	transferrin/metabolism	0.014705882352941178	31980600
inflammation/drug therapy	myocardial reperfusion injury/drug therapy	0.014705882352941178	30830879
melanoma/blood	iron/metabolism	0.05882352941176471	32814895
b7-h1 antigen/antagonists &amp; inhibitors	t-lymphocytes cytotoxic/drug effects	0.029411764705882353	34593794
malaria/genetics	tumor suppressor protein p53/genetics	0.014705882352941178	31980600
metal-organic frameworks/chemistry	programmed cell death 1 receptor/metabolism	0.02941176470588235	34985903
melanoma/blood	phospholipid hydroperoxide glutathione peroxidase/metabolism	0.02941176470588235	32814895
malaria/genetics	ferroptosis/drug effects	0.39705882352941163	31980600
malaria/genetics	ferritins/blood	0.014705882352941178	31980600
b7-h1 antigen/antagonists &amp; inhibitors	amino acid transport system y+/metabolism	0.058384547848990345	31043744
malaria/genetics	macrophages/drug effects	0.07352941176470588	31980600
b7-h1 antigen/antagonists &amp; inhibitors	hyaluronic acid/chemistry	0.029411764705882353	34593794
melanoma/blood	glutathione/metabolism	0.04411764705882353	32814895
b7-h1 antigen/antagonists &amp; inhibitors	benzylidene compounds/pharmacology	0.029411764705882353	34593794
tumor suppressor protein p53/metabolism	tumor escape/immunology	0.044117647058823525	39321806
immunologic memory	CD274	0.05882352941176471	34593794
malaria/genetics	listeriosis/etiology	0.014705882352941178	31980600
metal-organic frameworks/chemistry	benzylidene compounds/chemistry	0.014705882352941178	34985903
b7-h1 antigen/antagonists &amp; inhibitors	cell line tumor/transplantation	0.058384547848990345	34593794
malaria/genetics	TP53	0.07352941176470588	31980600
coenzyme a ligases/metabolism	GPX4	0.16176470588235295	32814895
melanoma/blood	neoplasm metastasis/drug therapy	0.014705882352941178	32814895
metal-organic frameworks/chemistry	phenol/chemistry	0.014705882352941178	34985903
tumor suppressor protein p53/metabolism	liver neoplasms/immunology	0.044117647058823525	39321806
b7-h1 antigen/antagonists &amp; inhibitors	melanoma/genetics	0.029411764705882353	31043744
coenzyme a ligases/metabolism	ACSL3	0.014705882352941178	32814895
metal-organic frameworks/chemistry	cd8-positive t-lymphocytes/cytology	0.02941176470588235	34985903
malaria/genetics	TF	0.014705882352941178	31980600
tumor suppressor protein p53/metabolism	tumor-associated macrophages/immunology	0.08691834942932399	39321806
t-lymphocytes cytotoxic/drug effects	hyaluronic acid/chemistry	0.014705882352941178	34593794
inflammation/drug therapy	ferroptosis/drug effects	0.39705882352941163	30830879
t-lymphocytes cytotoxic/drug effects	benzylidene compounds/pharmacology	0.014705882352941178	34593794
metal-organic frameworks/chemistry	ferroptosis/drug effects	0.39705882352941163	34985903
b7-h1 antigen/antagonists &amp; inhibitors	cysteine/metabolism	0.029411764705882353	31043744
melanoma/blood	ferroptosis/drug effects	0.39705882352941163	32814895
t-lymphocytes cytotoxic/drug effects	cell line tumor/transplantation	0.02941176470588235	34593794
b7-h1 antigen/antagonists &amp; inhibitors	ferroptosis/drug effects	0.15408252853380155	31043744
b7-h1 antigen/antagonists &amp; inhibitors	ferroptosis/drug effects	0.15408252853380155	34593794
glutathione peroxidase/therapeutic use	b-lymphocytes/metabolism	0.014705882352941178	31775041
inflammation/drug therapy	neutrophil infiltration	0.014705882352941178	30830879
b7-h1 antigen/antagonists &amp; inhibitors	skin neoplasms/drug therapy	0.029411764705882353	34593794
glutathione peroxidase/therapeutic use	ferroptosis/drug effects	0.39705882352941163	31775041
melanoma/blood	cell survival	0.02941176470588235	32814895
b7-h1 antigen/antagonists &amp; inhibitors	tumor microenvironment/drug effects	0.2230026338893767	34593794
glutathione peroxidase/therapeutic use	cytoskeletal proteins/metabolism	0.014705882352941178	31775041
sorafenib/pharmacology	hypoxia-inducible factor 1 alpha subunit/metabolism	0.014705882352941178	34811833
metal-organic frameworks/chemistry	cell line tumor	0.4264705882352941	34985903
inflammation/drug therapy	toll-like receptor 4/genetics	0.014705882352941178	30830879
b7-h1 antigen/antagonists &amp; inhibitors	tumor escape/drug effects	0.029411764705882353	34593794
b7-h1 antigen/antagonists &amp; inhibitors	immune checkpoint inhibitors/pharmacology	0.029411764705882353	34593794
metal-organic frameworks/chemistry	exosomes/metabolism	0.014705882352941178	34985903
tumor suppressor protein p53/metabolism	cellular reprogramming/immunology	0.044117647058823525	39321806
b7-h1 antigen/antagonists &amp; inhibitors	reactive oxygen species/metabolism	0.19666374012291488	31043744
b7-h1 antigen/antagonists &amp; inhibitors	interferon-gamma/immunology	0.029411764705882353	31043744
glutathione peroxidase/therapeutic use	BDKRB2	0.014705882352941178	31775041
inflammasomes/metabolism	hemodynamics/drug effects	0.014705882352941178	35197507
sorafenib/pharmacology	amino acid transport system y+/metabolism	0.02941176470588235	34811833
glutathione peroxidase/therapeutic use	BBS9	0.014705882352941178	31775041
b7-h1 antigen/antagonists &amp; inhibitors	cell line tumor	0.6747146619841966	31043744
tumor suppressor protein p53/metabolism	tumor microenvironment/immunology	0.281866070715939	39321806
b7-h1 antigen/antagonists &amp; inhibitors	drug resistance neoplasm/drug effects	0.029411764705882353	34593794
glutathione peroxidase/therapeutic use	MS4A1	0.014705882352941178	31775041
metal-organic frameworks/chemistry	PDCD1	0.08823529411764705	34985903
t-lymphocytes cytotoxic/drug effects	ferroptosis/drug effects	0.39705882352941163	34593794
glutathione peroxidase/therapeutic use	GPX4	0.16176470588235295	31775041
inflammasomes/metabolism	lung/blood supply	0.014705882352941178	35197507
inflammasomes/metabolism	heart ventricles/diagnostic imaging	0.014705882352941178	35197507
inflammation/drug therapy	TICAM1	0.014705882352941178	30830879
glutathione peroxidase/therapeutic use	ROS1	0.05882352941176471	31775041
t-lymphocytes cytotoxic/drug effects	skin neoplasms/drug therapy	0.014705882352941178	34593794
inflammasomes/metabolism	toll-like receptor 4/metabolism	0.04411764705882353	35197507
b7-h1 antigen/antagonists &amp; inhibitors	SLC9A1	0.058384547848990345	31043744
inflammasomes/metabolism	hypertension pulmonary/chemically induced	0.014705882352941178	35197507
glutathione peroxidase/therapeutic use	PLEKHM1	0.014705882352941178	31775041
b7-h1 antigen/antagonists &amp; inhibitors	SLC7A11	0.11501316944688324	31043744
glutathione peroxidase/therapeutic use	SPANXB1	0.014705882352941178	31775041
cisplatin	tumor suppressor protein p53/metabolism	0.04411764705882353	35778693
inflammation/drug therapy	IFNA1	0.04411764705882353	30830879
metal-organic frameworks/chemistry	CD274	0.05882352941176471	34985903
t-lymphocytes cytotoxic/drug effects	tumor microenvironment/drug effects	0.11764705882352942	34593794
inflammasomes/metabolism	nlr family pyrin domain-containing 3 protein/metabolism	0.014705882352941178	35197507
t-lymphocytes cytotoxic/drug effects	tumor escape/drug effects	0.014705882352941178	34593794
t-lymphocytes cytotoxic/drug effects	immune checkpoint inhibitors/pharmacology	0.014705882352941178	34593794
inflammasomes/metabolism	ferroptosis/drug effects	0.39705882352941163	35197507
metal-organic frameworks/chemistry	RPL17-C18orf32	0.08823529411764705	34985903
metal-organic frameworks/chemistry	RPL17	0.08823529411764705	34985903
b7-h1 antigen/antagonists &amp; inhibitors	SLC3A2	0.029411764705882353	31043744
sorafenib/pharmacology	hepatic stellate cells/drug effects	0.014705882352941178	34811833
b7-h1 antigen/antagonists &amp; inhibitors	CD274	0.11501316944688324	34593794
inflammasomes/metabolism	macrophages/metabolism	0.10294117647058823	35197507
cisplatin	diterpenes/pharmacology	0.014705882352941178	35778693
t-lymphocytes cytotoxic/drug effects	drug resistance neoplasm/drug effects	0.014705882352941178	34593794
melanoma/blood	GPX4	0.16176470588235295	32814895
tumor suppressor protein p53/metabolism	neoplastic stem cells/immunology	0.044117647058823525	39321806
b7-h1 antigen/antagonists &amp; inhibitors	CD8A	0.2230026338893767	31043744
nf-e2-related factor 2/biosynthesis	gene expression	0.014705882352941178	34717678
inflammation/drug therapy	TLR4	0.04411764705882353	30830879
melanoma/blood	ACSL3	0.014705882352941178	32814895
inflammasomes/metabolism	hmgb1 protein/metabolism	0.014705882352941178	35197507
nf-e2-related factor 2/biosynthesis	cell survival/drug effects	0.04411764705882353	34717678
inflammasomes/metabolism	inflammation/metabolism	0.02941176470588235	35197507
cisplatin	lymphoma t-cell	0.014705882352941178	35778693
nf-e2-related factor 2/biosynthesis	lipopolysaccharides/toxicity	0.014705882352941178	34717678
inflammasomes/metabolism	NOX4	0.014705882352941178	35197507
sorafenib/pharmacology	hepatocytes/drug effects	0.014705882352941178	34811833
inflammasomes/metabolism	FTH1	0.014705882352941178	35197507
sorafenib/pharmacology	ferroptosis/drug effects	0.39705882352941163	34811833
inflammasomes/metabolism	NLRP3	0.014705882352941178	35197507
inflammasomes/metabolism	HMGB1	0.02941176470588235	35197507
inflammasomes/metabolism	GPX4	0.16176470588235295	35197507
nf-e2-related factor 2/biosynthesis	dose-response relationship drug	0.04411764705882353	34717678
inflammation/drug therapy	TRIM69	0.014705882352941178	30830879
sorafenib/pharmacology	macrophages/drug effects	0.07352941176470588	34811833
inflammasomes/metabolism	TLR4	0.04411764705882353	35197507
nf-e2-related factor 2/biosynthesis	inflammation mediators/antagonists &amp; inhibitors	0.014705882352941178	34717678
cisplatin	ferroptosis/drug effects	0.39705882352941163	35778693
t-lymphocytes cytotoxic/drug effects	CD274	0.05882352941176471	34593794
phenylenediamines/pharmacology	ventricular function left/drug effects	0.029411764705882353	30830879
cisplatin	killer cells natural/metabolism	0.014705882352941178	35778693
phenylenediamines/pharmacology	inflammasomes/metabolism	0.029411764705882353	35197507
phenylenediamines/pharmacology	neutrophils/immunology	0.058384547848990345	30830879
tumor suppressor protein p53/metabolism	cd36 antigens/metabolism	0.281866070715939	39321806
phenylenediamines/pharmacology	myocardium/immunology	0.029411764705882353	30830879
cisplatin	reactive oxygen species/metabolism	0.10294117647058823	35778693
cisplatin	asparaginase	0.014705882352941178	35778693
phenylenediamines/pharmacology	hemodynamics/drug effects	0.029411764705882353	35197507
phenylenediamines/pharmacology	adaptor proteins vesicular transport/genetics	0.029411764705882353	30830879
nf-e2-related factor 2/biosynthesis	ferroptosis/drug effects	0.39705882352941163	34717678
sorafenib/pharmacology	cell line	0.04411764705882353	34811833
cisplatin	CCK	0.04411764705882353	35778693
phenylenediamines/pharmacology	myocardial reperfusion injury/drug therapy	0.029411764705882353	30830879
cisplatin	TP53	0.07352941176470588	35778693
cisplatin	SLC7A11	0.05882352941176471	35778693
phenylenediamines/pharmacology	lung/blood supply	0.029411764705882353	35197507
phenylenediamines/pharmacology	heart ventricles/diagnostic imaging	0.029411764705882353	35197507
cisplatin	GPX4	0.16176470588235295	35778693
sorafenib/pharmacology	SLC7A11	0.05882352941176471	34811833
phenylenediamines/pharmacology	toll-like receptor 4/metabolism	0.08691834942932399	35197507
sorafenib/pharmacology	FUT1	0.014705882352941178	34811833
cisplatin	XK	0.014705882352941178	35778693
phenylenediamines/pharmacology	hypertension pulmonary/chemically induced	0.029411764705882353	35197507
sorafenib/pharmacology	GPX4	0.16176470588235295	34811833
cisplatin	ASPG	0.014705882352941178	35778693
sorafenib/pharmacology	FN1	0.014705882352941178	34811833
cisplatin	NLRP1	0.014705882352941178	35778693
phenylenediamines/pharmacology	nlr family pyrin domain-containing 3 protein/metabolism	0.029411764705882353	35197507
sorafenib/pharmacology	ROS1	0.05882352941176471	34811833
phenylenediamines/pharmacology	ferroptosis/drug effects	0.15408252853380155	35197507
phenylenediamines/pharmacology	ferroptosis/drug effects	0.15408252853380155	30830879
nf-e2-related factor 2/biosynthesis	CCK	0.04411764705882353	34717678
sorafenib/pharmacology	MMRN1	0.014705882352941178	34811833
phenylenediamines/pharmacology	neutrophil infiltration	0.029411764705882353	30830879
bone marrow/drug effects	necroptosis/drug effects	0.014705882352941178	32134361
phenylenediamines/pharmacology	macrophages/metabolism	0.19666374012291488	35197507
bone marrow/drug effects	small molecule libraries/pharmacology	0.014705882352941178	32134361
sorafenib/pharmacology	HIF1A	0.014705882352941178	34811833
phenylenediamines/pharmacology	toll-like receptor 4/genetics	0.029411764705882353	30830879
phenylenediamines/pharmacology	hmgb1 protein/metabolism	0.029411764705882353	35197507
phenylenediamines/pharmacology	inflammation/metabolism	0.058384547848990345	35197507
nf-e2-related factor 2/biosynthesis	GPX4	0.16176470588235295	34717678
phenylenediamines/pharmacology	TICAM1	0.029411764705882353	30830879
phenylenediamines/pharmacology	NOX4	0.029411764705882353	35197507
cd8-positive t-lymphocytes/drug effects	antineoplastic agents/pharmacology	0.10294117647058823	33277233
phenylenediamines/pharmacology	FTH1	0.029411764705882353	35197507
phenylenediamines/pharmacology	IFNA1	0.08691834942932399	30830879
cd8-positive t-lymphocytes/drug effects	autophagy/drug effects	0.02941176470588235	33277233
phenylenediamines/pharmacology	NLRP3	0.029411764705882353	35197507
phenylenediamines/pharmacology	HMGB1	0.058384547848990345	35197507
phenylenediamines/pharmacology	GPX4	0.29938542581211586	35197507
exosomes/drug effects	t-lymphocytes cytotoxic/drug effects	0.014705882352941178	34593794
nf-e2-related factor 2/biosynthesis	NFE2L2	0.02941176470588235	34717678
phenylenediamines/pharmacology	TLR4	0.0013169446883230904	35197507
phenylenediamines/pharmacology	TLR4	0.0013169446883230904	30830879
exosomes/drug effects	hyaluronic acid/chemistry	0.014705882352941178	34593794
bone marrow/drug effects	ileum/drug effects	0.014705882352941178	32134361
exosomes/drug effects	benzylidene compounds/pharmacology	0.014705882352941178	34593794
phenylenediamines/pharmacology	TRIM69	0.029411764705882353	30830879
exosomes/drug effects	cell line tumor/transplantation	0.02941176470588235	34593794
tumor suppressor protein p53/metabolism	IL34	0.044117647058823525	39321806
bone marrow/drug effects	drug interactions	0.014705882352941178	32134361
bone marrow/drug effects	ferroptosis/drug effects	0.39705882352941163	32134361
phospholipid hydroperoxide glutathione peroxidase/antagonists &amp; inhibitors	antineoplastic agents/pharmacology	0.10294117647058823	32778843
phospholipid hydroperoxide glutathione peroxidase/antagonists &amp; inhibitors	gene expression regulation neoplastic	0.07352941176470588	32778843
exosomes/drug effects	ferroptosis/drug effects	0.39705882352941163	34593794
exosomes/drug effects	skin neoplasms/drug therapy	0.014705882352941178	34593794
cd8-positive t-lymphocytes/drug effects	endoplasmic reticulum/drug effects	0.014705882352941178	33277233
exosomes/drug effects	tumor microenvironment/drug effects	0.11764705882352942	34593794
phospholipid hydroperoxide glutathione peroxidase/antagonists &amp; inhibitors	cell proliferation/drug effects	0.02941176470588235	32778843
exosomes/drug effects	tumor escape/drug effects	0.014705882352941178	34593794
exosomes/drug effects	immune checkpoint inhibitors/pharmacology	0.014705882352941178	34593794
precursor cell lymphoblastic leukemia-lymphoma/metabolism	antineoplastic agents/pharmacology	0.10294117647058823	33926261
precursor cell lymphoblastic leukemia-lymphoma/metabolism	autophagy/drug effects	0.02941176470588235	33926261
exosomes/drug effects	drug resistance neoplasm/drug effects	0.014705882352941178	34593794
phospholipid hydroperoxide glutathione peroxidase/antagonists &amp; inhibitors	folic acid antagonists/pharmacology	0.014705882352941178	32778843
phospholipid hydroperoxide glutathione peroxidase/antagonists &amp; inhibitors	tetrahydrofolate dehydrogenase/genetics	0.014705882352941178	32778843
cd8-positive t-lymphocytes/drug effects	ferroptosis/drug effects	0.39705882352941163	33277233
bone marrow/drug effects	radiation-protective agents/pharmacology	0.014705882352941178	32134361
cd8-positive t-lymphocytes/drug effects	neoplasms/drug therapy	0.02941176470588235	33277233
precursor cell lymphoblastic leukemia-lymphoma/metabolism	glutathione/metabolism	0.04411764705882353	33926261
phospholipid hydroperoxide glutathione peroxidase/antagonists &amp; inhibitors	vitamin e/pharmacology	0.014705882352941178	32778843
exosomes/drug effects	CD274	0.05882352941176471	34593794
cells cultured	bacterial toxins/metabolism	0.044117647058823525	35197507
phospholipid hydroperoxide glutathione peroxidase/antagonists &amp; inhibitors	dose-response relationship drug	0.04411764705882353	32778843
phospholipid hydroperoxide glutathione peroxidase/antagonists &amp; inhibitors	antioxidants/pharmacology	0.014705882352941178	32778843
cells cultured	phenylenediamines/pharmacology	0.08691834942932399	35197507
precursor cell lymphoblastic leukemia-lymphoma/metabolism	autophagy-related proteins/genetics	0.014705882352941178	33926261
cells cultured	inflammasomes/metabolism	0.044117647058823525	35197507
cd8-positive t-lymphocytes/drug effects	cell line tumor	0.4264705882352941	33277233
precursor cell lymphoblastic leukemia-lymphoma/metabolism	ferroptosis/drug effects	0.39705882352941163	33926261
precursor cell lymphoblastic leukemia-lymphoma/metabolism	jurkat cells	0.02941176470588235	33926261
cd8-positive t-lymphocytes/immunology	nivolumab/therapeutic use	0.058823529411764705	31043744
precursor cell lymphoblastic leukemia-lymphoma/metabolism	glutathione peroxidase/metabolism	0.014705882352941178	33926261
precursor cell lymphoblastic leukemia-lymphoma/metabolism	flavonolignans/pharmacology	0.014705882352941178	33926261
cd8-positive t-lymphocytes/immunology	tumor suppressor protein p53/metabolism	0.16864873493495094	39321806
cd8-positive t-lymphocytes/immunology	allografts	0.11501316944688324	34093872
cd8-positive t-lymphocytes/immunology	b7-h1 antigen/antagonists &amp; inhibitors	0.11501316944688324	31043744
cd8-positive t-lymphocytes/immunology	oxidative stress/drug effects	0.11501316944688324	34093872
precursor cell lymphoblastic leukemia-lymphoma/metabolism	reactive oxygen species/metabolism	0.10294117647058823	33926261
cd8-positive t-lymphocytes/immunology	gene expression regulation neoplastic/drug effects	0.058823529411764705	31554642
phospholipid hydroperoxide glutathione peroxidase/antagonists &amp; inhibitors	ferroptosis/drug effects	0.39705882352941163	32778843
cd8-positive t-lymphocytes/immunology	fusion regulatory protein 1 heavy chain/metabolism	0.058823529411764705	31043744
phospholipid hydroperoxide glutathione peroxidase/antagonists &amp; inhibitors	jurkat cells	0.02941176470588235	32778843
phospholipid hydroperoxide glutathione peroxidase/antagonists &amp; inhibitors	methotrexate/pharmacology	0.014705882352941178	32778843
cd8-positive t-lymphocytes/drug effects	ACSL4	0.014705882352941178	33277233
cd8-positive t-lymphocytes/immunology	amino acid transport system y+/genetics	0.058823529411764705	31554642
phospholipid hydroperoxide glutathione peroxidase/antagonists &amp; inhibitors	biopterins/analogs &amp; derivatives	0.014705882352941178	32778843
cd8-positive t-lymphocytes/immunology	antineoplastic agents/pharmacology	0.3592035707926841	34093872
cd8-positive t-lymphocytes/drug effects	GPX4	0.16176470588235295	33277233
cells cultured	hemodynamics/drug effects	0.044117647058823525	35197507
cd8-positive t-lymphocytes/drug effects	ATL1	0.014705882352941178	33277233
cd8-positive t-lymphocytes/immunology	amino acid transport system y+/metabolism	0.11501316944688324	31043744
precursor cell lymphoblastic leukemia-lymphoma/metabolism	GPX4	0.16176470588235295	33926261
cd8-positive t-lymphocytes/drug effects	S100A4	0.014705882352941178	33277233
cd8-positive t-lymphocytes/immunology	cell movement/drug effects	0.16864873493495094	34093872
precursor cell lymphoblastic leukemia-lymphoma/metabolism	ROS1	0.05882352941176471	33926261
precursor cell lymphoblastic leukemia-lymphoma/metabolism	ATG5	0.014705882352941178	33926261
phospholipid hydroperoxide glutathione peroxidase/antagonists &amp; inhibitors	cystine/antagonists &amp; inhibitors	0.014705882352941178	32778843
cd8-positive t-lymphocytes/immunology	iron/chemistry	0.058823529411764705	34093872
cells cultured	iron/metabolism	0.16864873493495092	30787033
phospholipid hydroperoxide glutathione peroxidase/antagonists &amp; inhibitors	reactive oxygen species/metabolism	0.10294117647058823	32778843
cd8-positive t-lymphocytes/immunology	cell survival/drug effects	0.007742038470747867	34093872
cd8-positive t-lymphocytes/immunology	cell survival/drug effects	0.007742038470747867	31554642
cd8-positive t-lymphocytes/immunology	lipid metabolism/drug effects	0.058823529411764705	31554642
cd8-positive t-lymphocytes/drug effects	CD8A	0.11764705882352942	33277233
cd8-positive t-lymphocytes/immunology	melanoma/genetics	0.058823529411764705	31043744
cells cultured	phospholipid hydroperoxide glutathione peroxidase/metabolism	0.08691834942932399	30787033
cd8-positive t-lymphocytes/immunology	tor serine-threonine kinases/metabolism	0.058823529411764705	34093872
cd8-positive t-lymphocytes/immunology	amp-activated protein kinase kinases	0.058823529411764705	34093872
cd8-positive t-lymphocytes/immunology	lung neoplasms/drug therapy	0.058823529411764705	34093872
cd8-positive t-lymphocytes/drug effects	AIFM2	0.014705882352941178	33277233
amino acid transport system y+/metabolism	melanoma/genetics	0.029411764705882353	31043744
cells cultured	lung/blood supply	0.044117647058823525	35197507
cells cultured	heart ventricles/diagnostic imaging	0.044117647058823525	35197507
cells cultured	glutathione/metabolism	0.12842206081890017	30787033
neutral ceramidase/antagonists &amp; inhibitors	antineoplastic agents/pharmacology	0.10294117647058823	33547170
cd8-positive t-lymphocytes/immunology	cysteine/metabolism	0.058823529411764705	31043744
raw 264.7 cells	antineoplastic agents/pharmacology	0.19666374012291488	27756885
cells cultured	toll-like receptor 4/metabolism	0.12842206081890017	35197507
cd8-positive t-lymphocytes/immunology	sulfasalazine/administration &amp; dosage	0.058823529411764705	31554642
cyclohexylamines/pharmacology	monocrotaline/toxicity	0.029411764705882353	35197507
cd8-positive t-lymphocytes/immunology	ferroptosis/drug effects	0.1688083645941416	34093872
cd8-positive t-lymphocytes/immunology	ferroptosis/drug effects	0.1688083645941416	31554642
cd8-positive t-lymphocytes/immunology	ferroptosis/drug effects	0.1688083645941416	31043744
amino acid transport system y+/metabolism	hepatic stellate cells/drug effects	0.029411764705882353	34811833
cd8-positive t-lymphocytes/immunology	macrophages/drug effects	0.2685707619860386	34093872
neutral ceramidase/antagonists &amp; inhibitors	lymphocytes tumor-infiltrating/immunology	0.014705882352941178	33547170
phospholipid hydroperoxide glutathione peroxidase/antagonists &amp; inhibitors	GPX4	0.16176470588235295	32778843
neutral ceramidase/antagonists &amp; inhibitors	cell line tumor/transplantation	0.02941176470588235	33547170
cd8-positive t-lymphocytes/immunology	tumor microenvironment/drug effects	0.4012230087734917	34093872
raw 264.7 cells	nf-e2-related factor 2/biosynthesis	0.029411764705882353	34717678
cyclohexylamines/pharmacology	cells cultured	0.08691834942932399	35197507
cd8-positive t-lymphocytes/immunology	mitochondria/drug effects	0.11501316944688324	34093872
cells cultured	hypertension pulmonary/chemically induced	0.044117647058823525	35197507
raw 264.7 cells	cell movement/drug effects	0.08691834942932399	27756885
cd8-positive t-lymphocytes/immunology	nf-e2-related factor 2/genetics	0.058823529411764705	34093872
cd8-positive t-lymphocytes/immunology	reactive oxygen species/metabolism	0.3592035707926841	31043744
cd8-positive t-lymphocytes/immunology	interferon-gamma/immunology	0.058823529411764705	31043744
cd8-positive t-lymphocytes/immunology	antineoplastic agents immunological/administration &amp; dosage	0.058823529411764705	31554642
amino acid transport system y+/metabolism	cysteine/metabolism	0.029411764705882353	31043744
cd8-positive t-lymphocytes/immunology	cell line tumor	0.029164338734136805	34093872
cd8-positive t-lymphocytes/immunology	cell line tumor	0.029164338734136805	31554642
cd8-positive t-lymphocytes/immunology	cell line tumor	0.029164338734136805	39321806
cd8-positive t-lymphocytes/immunology	cell line tumor	0.029164338734136805	31043744
cd8-positive t-lymphocytes/immunology	glycogen synthase kinase 3/metabolism	0.058823529411764705	34093872
amino acid transport system y+/metabolism	hepatocytes/drug effects	0.029411764705882353	34811833
membrane proteins/genetics	quinoxalines/pharmacology	0.014705882352941178	33311482
cells cultured	host-pathogen interactions	0.044117647058823525	30787033
raw 264.7 cells	gene expression	0.029411764705882353	34717678
neutral ceramidase/antagonists &amp; inhibitors	t-lymphocytes/immunology	0.014705882352941178	33547170
cd8-positive t-lymphocytes/immunology	CD36	0.5149591409468495	39321806
amino acid transport system y+/metabolism	ferroptosis/drug effects	0.15408252853380155	31043744
amino acid transport system y+/metabolism	ferroptosis/drug effects	0.15408252853380155	34811833
cd8-positive t-lymphocytes/immunology	SLC9A1	0.0026338893766461808	31043744
cd8-positive t-lymphocytes/immunology	SLC9A1	0.0026338893766461808	31554642
raw 264.7 cells	cell survival/drug effects	0.08691834942932399	34717678
cd8-positive t-lymphocytes/immunology	TP53	0.2685707619860386	39321806
cells cultured	nlr family pyrin domain-containing 3 protein/metabolism	0.044117647058823525	35197507
cd8-positive t-lymphocytes/immunology	ATM	0.058823529411764705	31554642
cd8-positive t-lymphocytes/immunology	SLC7A11	0.015168501384480313	31043744
cd8-positive t-lymphocytes/immunology	SLC7A11	0.015168501384480313	31554642
cd8-positive t-lymphocytes/immunology	CHRM1	0.21980881278510775	34093872
raw 264.7 cells	lipopolysaccharides/toxicity	0.029411764705882353	34717678
neutral ceramidase/antagonists &amp; inhibitors	ferroptosis/drug effects	0.39705882352941163	33547170
cyclohexylamines/pharmacology	bacterial toxins/metabolism	0.029411764705882353	35197507
cd8-positive t-lymphocytes/immunology	GSK3B	0.058823529411764705	34093872
amino acid transport system y+/metabolism	macrophages/drug effects	0.14266900790166812	34811833
cd8-positive t-lymphocytes/immunology	PDCD1	0.03637100388636825	34093872
cd8-positive t-lymphocytes/immunology	PDCD1	0.03637100388636825	39321806
cd8-positive t-lymphocytes/immunology	PRKAA1	0.058823529411764705	34093872
cd8-positive t-lymphocytes/immunology	GABPA	0.058823529411764705	34093872
cyclohexylamines/pharmacology	phenylenediamines/pharmacology	0.0004389815627743635	35197507
cyclohexylamines/pharmacology	phenylenediamines/pharmacology	0.0004389815627743635	30830879
neutral ceramidase/antagonists &amp; inhibitors	membrane proteins/metabolism	0.014705882352941178	33547170
cd8-positive t-lymphocytes/immunology	MTOR	0.058823529411764705	34093872
neutral ceramidase/antagonists &amp; inhibitors	tumor microenvironment/drug effects	0.11764705882352942	33547170
membrane proteins/genetics	iron/metabolism	0.05882352941176471	33311482
cd8-positive t-lymphocytes/immunology	BTRC	0.058823529411764705	34093872
cyclohexylamines/pharmacology	ventricular function left/drug effects	0.029411764705882353	30830879
cd8-positive t-lymphocytes/immunology	PRKAA2	0.058823529411764705	34093872
raw 264.7 cells	dose-response relationship drug	0.08691834942932399	34717678
membrane proteins/genetics	biomarkers tumor	0.014705882352941178	33311482
cd8-positive t-lymphocytes/immunology	SLC3A2	0.058823529411764705	31043744
cells cultured	ferroptosis/drug effects	0.34551839731822176	30787033
cells cultured	ferroptosis/drug effects	0.34551839731822176	35197507
cd8-positive t-lymphocytes/immunology	CD274	0.21980881278510775	34093872
cyclohexylamines/pharmacology	inflammasomes/metabolism	0.029411764705882353	35197507
cd8-positive t-lymphocytes/immunology	NFE2L2	0.11501316944688324	34093872
neutral ceramidase/antagonists &amp; inhibitors	colonic neoplasms/drug therapy	0.014705882352941178	33547170
cyclohexylamines/pharmacology	neutrophils/immunology	0.058384547848990345	30830879
cd8-positive t-lymphocytes/immunology	CD8A	8.595443187190334e-05	34093872
cd8-positive t-lymphocytes/immunology	CD8A	8.595443187190334e-05	31554642
cd8-positive t-lymphocytes/immunology	CD8A	8.595443187190334e-05	39321806
cd8-positive t-lymphocytes/immunology	CD8A	8.595443187190334e-05	31043744
neutral ceramidase/antagonists &amp; inhibitors	heme oxygenase-1/metabolism	0.014705882352941178	33547170
raw 264.7 cells	inflammation mediators/antagonists &amp; inhibitors	0.029411764705882353	34717678
amino acid transport system y+/metabolism	reactive oxygen species/metabolism	0.19666374012291488	31043744
neutral ceramidase/antagonists &amp; inhibitors	reactive oxygen species/metabolism	0.10294117647058823	33547170
cd8-positive t-lymphocytes/immunology	PRKAB1	0.058823529411764705	34093872
cells cultured	macrophages/drug effects	0.20761832548487508	30787033
amino acid transport system y+/metabolism	interferon-gamma/immunology	0.029411764705882353	31043744
cd8-positive t-lymphocytes/immunology	RPL17-C18orf32	0.03637100388636825	34093872
cd8-positive t-lymphocytes/immunology	RPL17-C18orf32	0.03637100388636825	39321806
cd8-positive t-lymphocytes/immunology	RPL17	0.03637100388636825	34093872
cd8-positive t-lymphocytes/immunology	RPL17	0.03637100388636825	39321806
cd8-positive t-lymphocytes/immunology	MRLN	0.21980881278510775	34093872
cd8-positive t-lymphocytes/immunology	CTLA4	0.058823529411764705	34093872
amino acid transport system y+/metabolism	cell line tumor	0.6747146619841966	31043744
membrane proteins/genetics	cell transformation neoplastic/genetics	0.014705882352941178	33311482
cells cultured	macrophages/metabolism	0.026259078936866475	35197507
cells cultured	macrophages/metabolism	0.026259078936866475	32359100
bacterial toxins/metabolism	phenylenediamines/pharmacology	0.02941176470588235	35197507
membrane proteins/genetics	carcinoma pancreatic ductal/metabolism	0.014705882352941178	33311482
amino acid transport system y+/metabolism	cell line	0.08691834942932399	34811833
membrane proteins/genetics	diet	0.014705882352941178	33311482
bacterial toxins/metabolism	inflammasomes/metabolism	0.014705882352941178	35197507
neutral ceramidase/antagonists &amp; inhibitors	HMOX1	0.014705882352941178	33547170
membrane proteins/genetics	spiro compounds/pharmacology	0.014705882352941178	33311482
cd8-positive t-lymphocytes/immunology	interleukins/metabolism	0.058823529411764705	39321806
cyclohexylamines/pharmacology	myocardium/immunology	0.029411764705882353	30830879
membrane proteins/genetics	proto-oncogene proteins p21(ras)/metabolism	0.014705882352941178	33311482
membrane proteins/genetics	ferroptosis/drug effects	0.39705882352941163	33311482
raw 264.7 cells	ferroptosis/drug effects	0.6400351185250219	34717678
membrane proteins/genetics	pancreatitis/genetics	0.014705882352941178	33311482
amino acid transport system y+/metabolism	SLC9A1	0.058384547848990345	31043744
membrane proteins/genetics	pancreas/metabolism	0.014705882352941178	33311482
neutral ceramidase/antagonists &amp; inhibitors	TP53	0.07352941176470588	33547170
cells cultured	hmgb1 protein/metabolism	0.044117647058823525	35197507
cyclohexylamines/pharmacology	hemodynamics/drug effects	0.029411764705882353	35197507
bacterial toxins/metabolism	hemodynamics/drug effects	0.014705882352941178	35197507
amino acid transport system y+/metabolism	SLC7A11	0.0026338893766461808	31043744
amino acid transport system y+/metabolism	SLC7A11	0.0026338893766461808	34811833
membrane proteins/genetics	phospholipid hydroperoxide glutathione peroxidase/genetics	0.014705882352941178	33311482
cells cultured	inflammation/metabolism	0.08691834942932399	35197507
amino acid transport system y+/metabolism	FUT1	0.029411764705882353	34811833
cells cultured	TGFB1	0.281866070715939	32359100
cyclohexylamines/pharmacology	adaptor proteins vesicular transport/genetics	0.029411764705882353	30830879
amino acid transport system y+/metabolism	GPX4	0.29938542581211586	34811833
bacterial toxins/metabolism	lung/blood supply	0.014705882352941178	35197507
amino acid transport system y+/metabolism	FN1	0.029411764705882353	34811833
bacterial toxins/metabolism	heart ventricles/diagnostic imaging	0.014705882352941178	35197507
cells cultured	NOX4	0.044117647058823525	35197507
bacterial toxins/metabolism	toll-like receptor 4/metabolism	0.04411764705882353	35197507
amino acid transport system y+/metabolism	ROS1	0.11501316944688324	34811833
cd8-positive t-lymphocytes/immunology	tumor escape/immunology	0.058823529411764705	39321806
cyclohexylamines/pharmacology	myocardial reperfusion injury/drug therapy	0.029411764705882353	30830879
cells cultured	FTH1	0.044117647058823525	35197507
bacterial toxins/metabolism	hypertension pulmonary/chemically induced	0.014705882352941178	35197507
amino acid transport system y+/metabolism	SLC3A2	0.029411764705882353	31043744
neutral ceramidase/antagonists &amp; inhibitors	ASAH2	0.014705882352941178	33547170
raw 264.7 cells	cell line tumor	0.6747146619841966	27756885
amino acid transport system y+/metabolism	MMRN1	0.029411764705882353	34811833
cd8-positive t-lymphocytes/immunology	liver neoplasms/immunology	0.058823529411764705	39321806
membrane proteins/genetics	GPX4	0.16176470588235295	33311482
cells cultured	NLRP3	0.044117647058823525	35197507
bacterial toxins/metabolism	nlr family pyrin domain-containing 3 protein/metabolism	0.014705882352941178	35197507
cells cultured	HMGB1	0.08691834942932399	35197507
cyclohexylamines/pharmacology	lung/blood supply	0.029411764705882353	35197507
amino acid transport system y+/metabolism	CD8A	0.2230026338893767	31043744
cells cultured	GPX4	0.06584723441615453	30787033
cells cultured	GPX4	0.06584723441615453	35197507
cyclohexylamines/pharmacology	heart ventricles/diagnostic imaging	0.029411764705882353	35197507
myeloid-derived suppressor cells/immunology	neutral ceramidase/antagonists &amp; inhibitors	0.014705882352941178	33547170
raw 264.7 cells	CCK	0.08691834942932399	34717678
cd8-positive t-lymphocytes/immunology	tumor-associated macrophages/immunology	0.11501316944688324	39321806
bacterial toxins/metabolism	ferroptosis/drug effects	0.39705882352941163	35197507
amino acid transport system y+/metabolism	HIF1A	0.029411764705882353	34811833
interferon-gamma/metabolism	ferric compounds/chemistry	0.04411764705882353	34985903
membrane proteins/genetics	KDM8	0.014705882352941178	33311482
cells cultured	TLR4	0.12842206081890017	35197507
cyclohexylamines/pharmacology	toll-like receptor 4/metabolism	0.08691834942932399	35197507
bacterial toxins/metabolism	macrophages/metabolism	0.10294117647058823	35197507
membrane proteins/genetics	STING1	0.014705882352941178	33311482
interferon-gamma/metabolism	aniline compounds/chemistry	0.014705882352941178	34985903
myeloid-derived suppressor cells/immunology	antineoplastic agents/pharmacology	0.10294117647058823	33547170
neutrophils/immunology	myocardium/immunology	0.029411764705882353	30830879
t-lymphocytes cytotoxic/metabolism	calreticulin/metabolism	0.014705882352941178	32686685
bacterial toxins/metabolism	hmgb1 protein/metabolism	0.014705882352941178	35197507
raw 264.7 cells	GPX4	0.29938542581211586	34717678
bacterial toxins/metabolism	inflammation/metabolism	0.02941176470588235	35197507
cyclohexylamines/pharmacology	hypertension pulmonary/chemically induced	0.029411764705882353	35197507
neutrophils/immunology	adaptor proteins vesicular transport/genetics	0.029411764705882353	30830879
endothelial cells/metabolism	cyclohexylamines/pharmacology	0.02941176470588235	35197507
neutrophils/immunology	myocardial reperfusion injury/drug therapy	0.029411764705882353	30830879
endothelial cells/metabolism	monocrotaline/toxicity	0.014705882352941178	35197507
bacterial toxins/metabolism	NOX4	0.014705882352941178	35197507
bacterial toxins/metabolism	FTH1	0.014705882352941178	35197507
gene expression regulation neoplastic	cell proliferation/drug effects	0.14266900790166812	32778843
gene expression regulation neoplastic	t-lymphocytes cytotoxic/immunology	0.07352941176470588	34062295
bacterial toxins/metabolism	NLRP3	0.014705882352941178	35197507
cells cultured	obesity/metabolism	0.08691834942932399	32359100
bacterial toxins/metabolism	HMGB1	0.02941176470588235	35197507
raw 264.7 cells	NFE2L2	0.058384547848990345	34717678
gene expression regulation neoplastic	folic acid antagonists/pharmacology	0.07352941176470588	32778843
bacterial toxins/metabolism	GPX4	0.16176470588235295	35197507
raw 264.7 cells	IL6	0.24890254609306411	27756885
cells cultured	mammary glands animal/metabolism	0.044117647058823525	32359100
gene expression regulation neoplastic	tetrahydrofolate dehydrogenase/genetics	0.07352941176470588	32778843
endothelial cells/metabolism	cells cultured	0.04411764705882353	35197507
cyclohexylamines/pharmacology	nlr family pyrin domain-containing 3 protein/metabolism	0.029411764705882353	35197507
cd8-positive t-lymphocytes/immunology	cellular reprogramming/immunology	0.058823529411764705	39321806
bacterial toxins/metabolism	TLR4	0.04411764705882353	35197507
myeloid-derived suppressor cells/immunology	lymphocytes tumor-infiltrating/immunology	0.014705882352941178	33547170
cd8-positive t-lymphocytes/immunology	tumor microenvironment/immunology	0.3592035707926841	39321806
gene expression regulation neoplastic	vitamin e/pharmacology	0.07352941176470588	32778843
t-lymphocytes cytotoxic/metabolism	ascorbic acid/pharmacology	0.014705882352941178	32686685
gene expression regulation neoplastic	dose-response relationship drug	0.20761832548487505	32778843
myeloid-derived suppressor cells/immunology	cell line tumor/transplantation	0.02941176470588235	33547170
gene expression regulation neoplastic	antioxidants/pharmacology	0.07352941176470588	32778843
neutrophils/immunology	ferroptosis/drug effects	0.6400351185250219	30830879
gene expression regulation neoplastic	glioblastoma/genetics	0.07352941176470588	34062295
cyclohexylamines/pharmacology	ferroptosis/drug effects	0.15408252853380155	35197507
cyclohexylamines/pharmacology	ferroptosis/drug effects	0.15408252853380155	30830879
interferon-gamma/metabolism	b7-h1 antigen/metabolism	0.014705882352941178	34985903
t-lymphocytes cytotoxic/metabolism	ferroptosis/drug effects	0.39705882352941163	32686685
gene expression regulation neoplastic	heat-shock proteins/genetics	0.07352941176470588	34062295
neutrophils/immunology	neutrophil infiltration	0.029411764705882353	30830879
gene expression regulation neoplastic	brain neoplasms/genetics	0.07352941176470588	34062295
endothelial cells/metabolism	bacterial toxins/metabolism	0.014705882352941178	35197507
neutrophils/immunology	toll-like receptor 4/genetics	0.029411764705882353	30830879
gene expression regulation neoplastic	acetaminophen/pharmacology	0.07352941176470588	34062295
interferon-gamma/metabolism	immunogenic cell death/drug effects	0.014705882352941178	34985903
endothelial cells/metabolism	phenylenediamines/pharmacology	0.02941176470588235	35197507
gene expression regulation neoplastic	ferroptosis/drug effects	0.6658053316306171	32778843
gene expression regulation neoplastic	ferroptosis/drug effects	0.6658053316306171	34062295
cells cultured	breast neoplasms/metabolism	0.12842206081890017	32359100
gene expression regulation neoplastic	jurkat cells	0.14266900790166812	32778843
gene expression regulation neoplastic	methotrexate/pharmacology	0.07352941176470588	32778843
cyclohexylamines/pharmacology	neutrophil infiltration	0.029411764705882353	30830879
gene expression regulation neoplastic	biopterins/analogs &amp; derivatives	0.07352941176470588	32778843
endothelial cells/metabolism	inflammasomes/metabolism	0.014705882352941178	35197507
neutrophils/immunology	TICAM1	0.029411764705882353	30830879
cd8-positive t-lymphocytes/immunology	neoplastic stem cells/immunology	0.058823529411764705	39321806
raw 264.7 cells	neoplasm recurrence local	0.029411764705882353	27756885
gene expression regulation neoplastic	macrophages/metabolism	0.4292906802372344	27044818
cyclohexylamines/pharmacology	macrophages/metabolism	0.19666374012291488	35197507
neutrophils/immunology	IFNA1	0.08691834942932399	30830879
gene expression regulation neoplastic	cystine/antagonists &amp; inhibitors	0.07352941176470588	32778843
cells cultured	extracellular matrix/metabolism	0.044117647058823525	32359100
interferon-gamma/metabolism	metal-organic frameworks/chemistry	0.014705882352941178	34985903
raw 264.7 cells	hydroxymethylglutaryl-coa reductase inhibitors/pharmacology	0.029411764705882353	27756885
gene expression regulation neoplastic	reactive oxygen species/metabolism	0.4292906802372344	32778843
gene expression regulation neoplastic	hyaluronan receptors/genetics	0.07352941176470588	34062295
interferon-gamma/metabolism	programmed cell death 1 receptor/metabolism	0.02941176470588235	34985903
t-lymphocytes cytotoxic/metabolism	cell line tumor	0.4264705882352941	32686685
cyclohexylamines/pharmacology	toll-like receptor 4/genetics	0.029411764705882353	30830879
neutrophils/immunology	TLR4	0.08691834942932399	30830879
gene expression regulation neoplastic	HSPB1	0.07352941176470588	34062295
gene expression regulation neoplastic	SLC40A1	0.07352941176470588	34062295
gene expression regulation neoplastic	CD36	0.5983255385966098	27044818
gene expression regulation neoplastic	TP53	0.32571367120587935	29777149
neutrophils/immunology	TRIM69	0.029411764705882353	30830879
cyclohexylamines/pharmacology	hmgb1 protein/metabolism	0.029411764705882353	35197507
myeloid-derived suppressor cells/immunology	t-lymphocytes/immunology	0.014705882352941178	33547170
cd8-positive t-lymphocytes/immunology	cd36 antigens/metabolism	0.3592035707926841	39321806
gene expression regulation neoplastic	GPX4	0.5983255385966098	32778843
endothelial cells/metabolism	hemodynamics/drug effects	0.014705882352941178	35197507
cyclohexylamines/pharmacology	inflammation/metabolism	0.058384547848990345	35197507
t-lymphocytes cytotoxic/metabolism	CALR	0.014705882352941178	32686685
neutrophils/immunology	chemokine cxcl13/metabolism	0.029411764705882353	39753138
cells cultured	epithelial cells/metabolism	0.044117647058823525	32359100
cells cultured	stem cells/metabolism	0.044117647058823525	32359100
gene expression regulation neoplastic	CD44	0.14266900790166812	34062295
raw 264.7 cells	breast neoplasms/drug therapy	0.029411764705882353	27756885
cyclohexylamines/pharmacology	TICAM1	0.029411764705882353	30830879
neutrophils/immunology	interleukin-10/metabolism	0.029411764705882353	39753138
raw 264.7 cells	interleukin-6/metabolism	0.08691834942932399	27756885
myeloid-derived suppressor cells/immunology	ferroptosis/drug effects	0.39705882352941163	33547170
gene expression regulation neoplastic	cytokines/analysis	0.07352941176470588	29777149
interferon-gamma/metabolism	benzylidene compounds/chemistry	0.014705882352941178	34985903
cyclohexylamines/pharmacology	NOX4	0.029411764705882353	35197507
raw 264.7 cells	stat3 transcription factor/metabolism	0.14266900790166812	27756885
gene expression regulation neoplastic	carcinoma pancreatic ductal/genetics	0.14266900790166812	28249896
raw 264.7 cells	inflammation/immunology	0.029411764705882353	27756885
neutrophils/immunology	t-lymphocytes regulatory/immunology	0.029411764705882353	39753138
t-lymphocytes cytotoxic/metabolism	CYREN	0.014705882352941178	32686685
cyclohexylamines/pharmacology	FTH1	0.029411764705882353	35197507
cyclohexylamines/pharmacology	IFNA1	0.08691834942932399	30830879
cells cultured	transforming growth factor beta1/metabolism	0.16864873493495092	32359100
gene expression regulation neoplastic	endostatins/genetics	0.07352941176470588	27044818
endothelial cells/metabolism	lung/blood supply	0.014705882352941178	35197507
neutrophils/immunology	immunity innate	0.058384547848990345	39753138
interferon-gamma/metabolism	phenol/chemistry	0.014705882352941178	34985903
endothelial cells/metabolism	heart ventricles/diagnostic imaging	0.014705882352941178	35197507
raw 264.7 cells	macrophage colony-stimulating factor/antagonists &amp; inhibitors	0.029411764705882353	27756885
neutrophils/immunology	b-lymphocytes/immunology	0.029411764705882353	39753138
myeloid-derived suppressor cells/immunology	membrane proteins/metabolism	0.014705882352941178	33547170
cyclohexylamines/pharmacology	NLRP3	0.029411764705882353	35197507
gene expression regulation neoplastic	pten phosphohydrolase/deficiency	0.07352941176470588	29777149
myeloid-derived suppressor cells/immunology	tumor microenvironment/drug effects	0.11764705882352942	33547170
gene expression regulation neoplastic	breast neoplasms/metabolism	0.20761832548487505	29777149
endothelial cells/metabolism	toll-like receptor 4/metabolism	0.04411764705882353	35197507
cyclohexylamines/pharmacology	HMGB1	0.058384547848990345	35197507
gene expression regulation neoplastic	lipocalin-2/genetics	0.07352941176470588	28249896
cyclohexylamines/pharmacology	GPX4	0.29938542581211586	35197507
neutrophils/immunology	extracellular traps/immunology	0.029411764705882353	39753138
gene expression regulation neoplastic	carcinoma renal cell/blood	0.07352941176470588	27044818
interferon-gamma/metabolism	cd8-positive t-lymphocytes/cytology	0.02941176470588235	34985903
cells cultured	mammary glands human/metabolism	0.044117647058823525	32359100
gene expression regulation neoplastic	inflammation mediators/blood	0.07352941176470588	28249896
antineoplastic agents/pharmacology	gene expression regulation neoplastic	0.4292906802372343	32778843
antineoplastic agents/pharmacology	autophagy/drug effects	0.009218612818261633	33277233
antineoplastic agents/pharmacology	autophagy/drug effects	0.009218612818261633	33926261
myeloid-derived suppressor cells/immunology	colonic neoplasms/drug therapy	0.014705882352941178	33547170
myeloid-derived suppressor cells/immunology	heme oxygenase-1/metabolism	0.014705882352941178	33547170
gene expression regulation neoplastic	cytokines/blood	0.012770372735254209	28249896
gene expression regulation neoplastic	cytokines/blood	0.012770372735254209	27044818
endothelial cells/metabolism	hypertension pulmonary/chemically induced	0.014705882352941178	35197507
cyclohexylamines/pharmacology	TLR4	0.0013169446883230904	35197507
cyclohexylamines/pharmacology	TLR4	0.0013169446883230904	30830879
myeloid-derived suppressor cells/immunology	reactive oxygen species/metabolism	0.10294117647058823	33547170
antineoplastic agents/pharmacology	cell movement/drug effects	0.026259078936866475	34093872
antineoplastic agents/pharmacology	cell movement/drug effects	0.026259078936866475	27756885
adjuvants immunologic/chemistry	dextrans/chemistry	0.014705882352941178	33236624
raw 264.7 cells	mesenchymal stem cells/immunology	0.029411764705882353	27756885
antineoplastic agents/pharmacology	cell proliferation/drug effects	0.19666374012291485	32778843
neutrophils/immunology	ovarian neoplasms/pathology	0.029411764705882353	39753138
cells cultured	diet high-fat/adverse effects	0.12842206081890017	32359100
antineoplastic agents/pharmacology	iron/chemistry	0.10294117647058823	34093872
antineoplastic agents/pharmacology	lymphocytes tumor-infiltrating/immunology	0.10294117647058823	33547170
antineoplastic agents/pharmacology	folic acid antagonists/pharmacology	0.10294117647058823	32778843
antineoplastic agents/pharmacology	cell line tumor/transplantation	0.19666374012291485	33547170
antineoplastic agents/pharmacology	tetrahydrofolate dehydrogenase/genetics	0.10294117647058823	32778843
endothelial cells/metabolism	nlr family pyrin domain-containing 3 protein/metabolism	0.014705882352941178	35197507
gene expression regulation neoplastic	docosahexaenoic acids/analysis	0.07352941176470588	29777149
interferon-gamma/metabolism	ferroptosis/drug effects	0.39705882352941163	34985903
myeloid-derived suppressor cells/immunology	HMOX1	0.014705882352941178	33547170
antineoplastic agents/pharmacology	cell survival/drug effects	0.28186607071593905	34093872
cyclohexylamines/pharmacology	TRIM69	0.029411764705882353	30830879
cd8-positive t-lymphocytes/immunology	IL34	0.058823529411764705	39321806
cells cultured	tumor microenvironment/physiology	0.12842206081890017	32359100
antineoplastic agents/pharmacology	tor serine-threonine kinases/metabolism	0.10294117647058823	34093872
antineoplastic agents/pharmacology	amp-activated protein kinase kinases	0.10294117647058823	34093872
antineoplastic agents/pharmacology	glutathione/metabolism	0.28186607071593905	33926261
antineoplastic agents/pharmacology	lung neoplasms/drug therapy	0.10294117647058823	34093872
antineoplastic agents/pharmacology	vitamin e/pharmacology	0.10294117647058823	32778843
gene expression regulation neoplastic	tumor suppressor protein p53/deficiency	0.07352941176470588	29777149
antineoplastic agents/pharmacology	dose-response relationship drug	0.28186607071593905	32778843
gene expression regulation neoplastic/drug effects	amino acid transport system y+/genetics	0.014705882352941178	31554642
gene expression regulation neoplastic	disease progression	0.37922845920541265	29777149
antineoplastic agents/pharmacology	antioxidants/pharmacology	0.10294117647058823	32778843
neutrophils/immunology	peritoneal neoplasms/secondary	0.029411764705882353	39753138
adjuvants immunologic/chemistry	macrophages/cytology	0.02941176470588235	33236624
endothelial cells/metabolism	ferroptosis/drug effects	0.39705882352941163	35197507
gene expression regulation neoplastic	nih 3t3 cells	0.07352941176470588	27044818
myeloid-derived suppressor cells/immunology	TP53	0.07352941176470588	33547170
gene expression regulation neoplastic	angiogenesis inducing agents/metabolism	0.07352941176470588	27044818
dna	membrane proteins/genetics	0.014705882352941178	33311482
gene expression regulation neoplastic	rna small interfering/genetics	0.07352941176470588	28249896
antineoplastic agents/pharmacology	endoplasmic reticulum/drug effects	0.10294117647058823	33277233
raw 264.7 cells	neoplasm invasiveness	0.029411764705882353	27756885
antineoplastic agents/pharmacology	t-lymphocytes/immunology	0.10294117647058823	33547170
dna	quinoxalines/pharmacology	0.014705882352941178	33311482
gene expression regulation neoplastic	anti-inflammatory agents/metabolism	0.07352941176470588	27044818
neutrophils/immunology	protein tyrosine phosphatase non-receptor type 6/metabolism	0.029411764705882353	39753138
antineoplastic agents/pharmacology	triple negative breast neoplasms/drug therapy	0.10294117647058823	34991659
antineoplastic agents/pharmacology	autophagy-related proteins/genetics	0.10294117647058823	33926261
cells cultured	DCN	0.044117647058823525	32359100
neutrophils/immunology	omentum/immunology	0.029411764705882353	39753138
antineoplastic agents/pharmacology	ferroptosis/drug effects	0.013434959925231528	33547170
antineoplastic agents/pharmacology	ferroptosis/drug effects	0.013434959925231528	34991659
antineoplastic agents/pharmacology	ferroptosis/drug effects	0.013434959925231528	34093872
antineoplastic agents/pharmacology	ferroptosis/drug effects	0.013434959925231528	33277233
antineoplastic agents/pharmacology	ferroptosis/drug effects	0.013434959925231528	33926261
antineoplastic agents/pharmacology	ferroptosis/drug effects	0.013434959925231528	32778843
gene expression regulation neoplastic	cell polarity	0.07352941176470588	27044818
antineoplastic agents/pharmacology	jurkat cells	0.009218612818261633	32778843
antineoplastic agents/pharmacology	jurkat cells	0.009218612818261633	33926261
gene expression regulation neoplastic	neoplasm metastasis	0.32571367120587935	27044818
antineoplastic agents/pharmacology	neoplasms/drug therapy	0.19666374012291485	33277233
dna	iron/metabolism	0.05882352941176471	33311482
dna	biomarkers tumor	0.014705882352941178	33311482
antineoplastic agents/pharmacology	methotrexate/pharmacology	0.10294117647058823	32778843
antineoplastic agents/pharmacology	biopterins/analogs &amp; derivatives	0.10294117647058823	32778843
endothelial cells/metabolism	macrophages/metabolism	0.10294117647058823	35197507
antineoplastic agents/pharmacology	macrophages/drug effects	0.4292906802372343	34093872
antineoplastic agents/pharmacology	glutathione peroxidase/metabolism	0.10294117647058823	33926261
antineoplastic agents/pharmacology	flavonolignans/pharmacology	0.10294117647058823	33926261
nivolumab/therapeutic use	b7-h1 antigen/antagonists &amp; inhibitors	0.02941176470588235	31043744
raw 264.7 cells	paracrine communication	0.058384547848990345	27756885
antineoplastic agents/pharmacology	membrane proteins/metabolism	0.10294117647058823	33547170
antineoplastic agents/pharmacology	tumor microenvironment/drug effects	0.03074315891515472	34093872
antineoplastic agents/pharmacology	tumor microenvironment/drug effects	0.03074315891515472	33547170
antineoplastic agents/pharmacology	tumor microenvironment/drug effects	0.03074315891515472	34991659
interferon-gamma/metabolism	cell line tumor	0.4264705882352941	34985903
antineoplastic agents/pharmacology	mitochondria/drug effects	0.19666374012291485	34093872
gene expression regulation neoplastic/drug effects	cell survival/drug effects	0.04411764705882353	31554642
neutrophils/immunology	CXCL13	0.029411764705882353	39753138
antineoplastic agents/pharmacology	cystine/antagonists &amp; inhibitors	0.10294117647058823	32778843
gene expression regulation neoplastic/drug effects	lipid metabolism/drug effects	0.014705882352941178	31554642
nivolumab/therapeutic use	fusion regulatory protein 1 heavy chain/metabolism	0.014705882352941178	31043744
antineoplastic agents/pharmacology	nf-e2-related factor 2/genetics	0.10294117647058823	34093872
antineoplastic agents/pharmacology	colonic neoplasms/drug therapy	0.10294117647058823	33547170
antineoplastic agents/pharmacology	heme oxygenase-1/metabolism	0.10294117647058823	33547170
adjuvants immunologic/chemistry	gels/chemistry	0.014705882352941178	33236624
antineoplastic agents/pharmacology	reactive oxygen species/metabolism	0.020180056751380637	33547170
antineoplastic agents/pharmacology	reactive oxygen species/metabolism	0.020180056751380637	32778843
antineoplastic agents/pharmacology	reactive oxygen species/metabolism	0.020180056751380637	33926261
myeloid-derived suppressor cells/immunology	ASAH2	0.014705882352941178	33547170
antineoplastic agents/pharmacology	basic-leucine zipper transcription factors/analysis	0.10294117647058823	34991659
interferon-gamma/metabolism	exosomes/metabolism	0.014705882352941178	34985903
raw 264.7 cells	EEF1A2	0.029411764705882353	27756885
dna	cell transformation neoplastic/genetics	0.014705882352941178	33311482
antineoplastic agents/pharmacology	tumor-associated macrophages/drug effects	0.10294117647058823	34991659
gene expression regulation neoplastic	IL4	0.07352941176470588	27044818
dna	carcinoma pancreatic ductal/metabolism	0.014705882352941178	33311482
antineoplastic agents/pharmacology	cell line tumor	0.6454107921235637	34093872
antineoplastic agents/pharmacology	cell line tumor	0.6454107921235637	33277233
antineoplastic agents/pharmacology	cell line tumor	0.6454107921235637	27756885
dna	diet	0.014705882352941178	33311482
adjuvants immunologic/chemistry	urinary bladder neoplasms/pathology	0.014705882352941178	33236624
antineoplastic agents/pharmacology	glycogen synthase kinase 3/metabolism	0.10294117647058823	34093872
endothelial cells/metabolism	hmgb1 protein/metabolism	0.014705882352941178	35197507
dna	spiro compounds/pharmacology	0.014705882352941178	33311482
antineoplastic agents/pharmacology	HMOX1	0.10294117647058823	33547170
antineoplastic agents/pharmacology	TGFB1	0.549978314165561	34991659
dna	proto-oncogene proteins p21(ras)/metabolism	0.014705882352941178	33311482
antineoplastic agents/pharmacology	HLF	0.10294117647058823	34991659
gene expression regulation neoplastic	ARG1	0.07352941176470588	27044818
dna	ferroptosis/drug effects	0.39705882352941163	33311482
endothelial cells/metabolism	inflammation/metabolism	0.02941176470588235	35197507
dna	pancreatitis/genetics	0.014705882352941178	33311482
antineoplastic agents/pharmacology	STAT3	0.4927028268775416	34991659
antineoplastic agents/pharmacology	TP53	0.4292906802372343	33547170
dna	pancreas/metabolism	0.014705882352941178	33311482
nivolumab/therapeutic use	amino acid transport system y+/metabolism	0.02941176470588235	31043744
gene expression regulation neoplastic	IL13	0.07352941176470588	27044818
antineoplastic agents/pharmacology	CHRM1	0.3592035707926841	34093872
neutrophils/immunology	PTPN6	0.029411764705882353	39753138
antineoplastic agents/pharmacology	GSK3B	0.10294117647058823	34093872
antineoplastic agents/pharmacology	SMAD3	0.10294117647058823	34991659
dna	phospholipid hydroperoxide glutathione peroxidase/genetics	0.014705882352941178	33311482
antineoplastic agents/pharmacology	PDCD1	0.4927028268775416	34093872
gene expression regulation neoplastic	CD209	0.07352941176470588	27044818
antineoplastic agents/pharmacology	ACSL4	0.10294117647058823	33277233
neutrophils/immunology	IL10	0.11501316944688324	39753138
antineoplastic agents/pharmacology	GPX4	0.07797920610783478	33277233
antineoplastic agents/pharmacology	GPX4	0.07797920610783478	32778843
antineoplastic agents/pharmacology	GPX4	0.07797920610783478	33926261
antineoplastic agents/pharmacology	PRKAA1	0.10294117647058823	34093872
interferon-gamma/metabolism	PDCD1	0.08823529411764705	34985903
antineoplastic agents/pharmacology	GABPA	0.10294117647058823	34093872
endothelial cells/metabolism	NOX4	0.014705882352941178	35197507
antineoplastic agents/pharmacology	ATL1	0.10294117647058823	33277233
gene expression regulation neoplastic	PTEN	0.07352941176470588	29777149
antineoplastic agents/pharmacology	MTOR	0.10294117647058823	34093872
adjuvants immunologic/chemistry	ferroptosis/drug effects	0.39705882352941163	33236624
antineoplastic agents/pharmacology	ROS1	0.3592035707926841	33926261
gene expression regulation neoplastic	LCN2	0.07352941176470588	28249896
antineoplastic agents/pharmacology	S100A4	0.10294117647058823	33277233
antineoplastic agents/pharmacology	ATG5	0.10294117647058823	33926261
antineoplastic agents/pharmacology	BTRC	0.10294117647058823	34093872
endothelial cells/metabolism	FTH1	0.014705882352941178	35197507
antineoplastic agents/pharmacology	PRKAA2	0.10294117647058823	34093872
gene expression regulation neoplastic/drug effects	sulfasalazine/administration &amp; dosage	0.014705882352941178	31554642
gene expression regulation neoplastic	SLC22A17	0.07352941176470588	28249896
gene expression regulation neoplastic/drug effects	ferroptosis/drug effects	0.39705882352941163	31554642
antineoplastic agents/pharmacology	CD274	0.3592035707926841	34093872
antineoplastic agents/pharmacology	JAK2	0.10294117647058823	34991659
immunogenic cell death/drug effects	metal-organic frameworks/chemistry	0.014705882352941178	34985903
antineoplastic agents/pharmacology	ASAH2	0.10294117647058823	33547170
raw 264.7 cells	CSF1	0.08691834942932399	27756885
antineoplastic agents/pharmacology	NFE2L2	0.19666374012291485	34093872
nivolumab/therapeutic use	melanoma/genetics	0.014705882352941178	31043744
immunogenic cell death/drug effects	programmed cell death 1 receptor/metabolism	0.02941176470588235	34985903
antineoplastic agents/pharmacology	IL6	0.22979895080138646	34991659
antineoplastic agents/pharmacology	IL6	0.22979895080138646	27756885
gene expression regulation neoplastic	IL10	0.2685707619860386	27044818
antineoplastic agents/pharmacology	CD8A	0.18848548456084777	34093872
antineoplastic agents/pharmacology	CD8A	0.18848548456084777	33277233
hypoxia-inducible factor 1 alpha subunit/metabolism	amino acid transport system y+/metabolism	0.02941176470588235	34811833
dna	GPX4	0.16176470588235295	33311482
antineoplastic agents/pharmacology	PRKAB1	0.10294117647058823	34093872
endothelial cells/metabolism	NLRP3	0.014705882352941178	35197507
antineoplastic agents/pharmacology	RPL17-C18orf32	0.4927028268775416	34093872
gene expression regulation neoplastic	MRC1	0.14266900790166812	27044818
antineoplastic agents/pharmacology	RPL17	0.4927028268775416	34093872
interferon-gamma/metabolism	CD274	0.05882352941176471	34985903
antineoplastic agents/pharmacology	AIFM2	0.10294117647058823	33277233
antineoplastic agents/pharmacology	MRLN	0.3592035707926841	34093872
endothelial cells/metabolism	HMGB1	0.02941176470588235	35197507
antineoplastic agents/pharmacology	CTLA4	0.10294117647058823	34093872
endothelial cells/metabolism	GPX4	0.16176470588235295	35197507
antineoplastic agents/pharmacology	GGT1	0.10294117647058823	34991659
diterpenes/pharmacology	lymphoma t-cell	0.014705882352941178	35778693
immunogenic cell death/drug effects	benzylidene compounds/chemistry	0.014705882352941178	34985903
adjuvants immunologic/chemistry	reactive oxygen species/metabolism	0.10294117647058823	33236624
dna	KDM8	0.014705882352941178	33311482
biological products/chemistry	protein kinase inhibitors/chemistry	0.014705882352941178	31509699
adjuvants immunologic/chemistry	gold/chemistry	0.014705882352941178	33236624
immunogenic cell death/drug effects	phenol/chemistry	0.014705882352941178	34985903
dna	STING1	0.014705882352941178	33311482
adjuvants immunologic/chemistry	cell line tumor	0.4264705882352941	33236624
gene expression regulation neoplastic/drug effects	antineoplastic agents immunological/administration &amp; dosage	0.014705882352941178	31554642
endothelial cells/metabolism	TLR4	0.04411764705882353	35197507
antineoplastic agents/pharmacology	neoplasm recurrence local	0.10294117647058823	27756885
immunogenic cell death/drug effects	cd8-positive t-lymphocytes/cytology	0.02941176470588235	34985903
gene expression regulation neoplastic/drug effects	cell line tumor	0.4264705882352941	31554642
interferon-gamma/metabolism	RPL17-C18orf32	0.08823529411764705	34985903
interferon-gamma/metabolism	RPL17	0.08823529411764705	34985903
biological products/chemistry	drug synergism	0.014705882352941178	31509699
antineoplastic agents/pharmacology	hydroxymethylglutaryl-coa reductase inhibitors/pharmacology	0.10294117647058823	27756885
biological products/chemistry	saponins/chemistry	0.014705882352941178	31509699
nivolumab/therapeutic use	cysteine/metabolism	0.014705882352941178	31043744
biological products/chemistry	antineoplastic agents/chemistry	0.014705882352941178	31509699
macrophages	dna	0.014705882352941178	33311482
biological products/chemistry	energy metabolism/drug effects	0.014705882352941178	31509699
immunogenic cell death/drug effects	ferroptosis/drug effects	0.39705882352941163	34985903
nivolumab/therapeutic use	ferroptosis/drug effects	0.39705882352941163	31043744
gene expression regulation neoplastic/drug effects	SLC9A1	0.02941176470588235	31554642
adjuvants immunologic/chemistry	CHRM1	0.05882352941176471	33236624
hypoxia-inducible factor 1 alpha subunit/metabolism	hepatic stellate cells/drug effects	0.014705882352941178	34811833
macrophages	membrane proteins/genetics	0.014705882352941178	33311482
gene expression regulation neoplastic/drug effects	ATM	0.014705882352941178	31554642
gene expression regulation neoplastic/drug effects	SLC7A11	0.05882352941176471	31554642
antineoplastic agents/pharmacology	breast neoplasms/drug therapy	0.10294117647058823	27756885
biological products/chemistry	ferroptosis/drug effects	0.39705882352941163	31509699
biological products/chemistry	neoplasms/drug therapy	0.02941176470588235	31509699
antineoplastic agents/pharmacology	interleukin-6/metabolism	0.28186607071593905	27756885
macrophages	quinoxalines/pharmacology	0.014705882352941178	33311482
antineoplastic agents/pharmacology	stat3 transcription factor/metabolism	0.4292906802372343	27756885
diterpenes/pharmacology	ferroptosis/drug effects	0.39705882352941163	35778693
antineoplastic agents/pharmacology	inflammation/immunology	0.10294117647058823	27756885
biological products/chemistry	mitochondria/drug effects	0.02941176470588235	31509699
immunogenic cell death/drug effects	cell line tumor	0.4264705882352941	34985903
biological products/chemistry	pyruvate dehydrogenase acetyl-transferring kinase/antagonists &amp; inhibitors	0.014705882352941178	31509699
diterpenes/pharmacology	killer cells natural/metabolism	0.014705882352941178	35778693
oxidative stress/drug effects	antineoplastic agents/pharmacology	0.19666374012291488	34093872
antineoplastic agents/pharmacology	macrophage colony-stimulating factor/antagonists &amp; inhibitors	0.10294117647058823	27756885
immunogenic cell death/drug effects	exosomes/metabolism	0.014705882352941178	34985903
hypoxia-inducible factor 1 alpha subunit/metabolism	hepatocytes/drug effects	0.014705882352941178	34811833
nivolumab/therapeutic use	reactive oxygen species/metabolism	0.10294117647058823	31043744
nivolumab/therapeutic use	interferon-gamma/immunology	0.014705882352941178	31043744
biological products/chemistry	cell line tumor	0.4264705882352941	31509699
hypoxia-inducible factor 1 alpha subunit/metabolism	ferroptosis/drug effects	0.39705882352941163	34811833
macrophages	iron/metabolism	0.05882352941176471	33311482
nivolumab/therapeutic use	cell line tumor	0.4264705882352941	31043744
immunogenic cell death/drug effects	PDCD1	0.08823529411764705	34985903
gene expression regulation neoplastic/drug effects	CD8A	0.11764705882352942	31554642
oxidative stress/drug effects	cell movement/drug effects	0.08691834942932399	34093872
macrophages	biomarkers tumor	0.014705882352941178	33311482
adjuvants immunologic/chemistry	MRLN	0.05882352941176471	33236624
hypoxia-inducible factor 1 alpha subunit/metabolism	macrophages/drug effects	0.07352941176470588	34811833
antineoplastic agents/pharmacology	mesenchymal stem cells/immunology	0.10294117647058823	27756885
diterpenes/pharmacology	reactive oxygen species/metabolism	0.10294117647058823	35778693
diterpenes/pharmacology	asparaginase	0.014705882352941178	35778693
oxidative stress/drug effects	iron/chemistry	0.029411764705882353	34093872
immunogenic cell death/drug effects	CD274	0.05882352941176471	34985903
oxidative stress/drug effects	oleic acid/metabolism	0.029411764705882353	32814895
biological products/chemistry	ROS1	0.05882352941176471	31509699
oxidative stress/drug effects	iron/metabolism	0.11501316944688324	32814895
nivolumab/therapeutic use	SLC9A1	0.02941176470588235	31043744
immunogenic cell death/drug effects	RPL17-C18orf32	0.08823529411764705	34985903
immunogenic cell death/drug effects	RPL17	0.08823529411764705	34985903
oxidative stress/drug effects	phospholipid hydroperoxide glutathione peroxidase/metabolism	0.058384547848990345	32814895
nivolumab/therapeutic use	SLC7A11	0.05882352941176471	31043744
oxidative stress/drug effects	cell survival/drug effects	0.08691834942932399	34093872
diterpenes/pharmacology	CCK	0.04411764705882353	35778693
antineoplastic agents/pharmacology	neoplasm invasiveness	0.10294117647058823	27756885
oxidative stress/drug effects	tor serine-threonine kinases/metabolism	0.029411764705882353	34093872
oxidative stress/drug effects	amp-activated protein kinase kinases	0.029411764705882353	34093872
diterpenes/pharmacology	TP53	0.07352941176470588	35778693
hypoxia-inducible factor 1 alpha subunit/metabolism	cell line	0.04411764705882353	34811833
oxidative stress/drug effects	glutathione/metabolism	0.08691834942932399	32814895
macrophages	cell transformation neoplastic/genetics	0.014705882352941178	33311482
oxidative stress/drug effects	lung neoplasms/drug therapy	0.029411764705882353	34093872
diterpenes/pharmacology	SLC7A11	0.05882352941176471	35778693
antineoplastic agents/pharmacology	paracrine communication	0.19666374012291485	27756885
macrophages	carcinoma pancreatic ductal/metabolism	0.014705882352941178	33311482
nivolumab/therapeutic use	SLC3A2	0.014705882352941178	31043744
macrophages	diet	0.014705882352941178	33311482
oxidative stress/drug effects	neoplasm metastasis/drug therapy	0.029411764705882353	32814895
diterpenes/pharmacology	GPX4	0.16176470588235295	35778693
antineoplastic agents/pharmacology	EEF1A2	0.10294117647058823	27756885
macrophages	spiro compounds/pharmacology	0.014705882352941178	33311482
nivolumab/therapeutic use	CD8A	0.11764705882352942	31043744
hypoxia-inducible factor 1 alpha subunit/metabolism	SLC7A11	0.05882352941176471	34811833
macrophages	proto-oncogene proteins p21(ras)/metabolism	0.014705882352941178	33311482
hypoxia-inducible factor 1 alpha subunit/metabolism	FUT1	0.014705882352941178	34811833
macrophages	ferroptosis/drug effects	0.39705882352941163	33311482
diterpenes/pharmacology	XK	0.014705882352941178	35778693
macrophages	pancreatitis/genetics	0.014705882352941178	33311482
hypoxia-inducible factor 1 alpha subunit/metabolism	GPX4	0.16176470588235295	34811833
hypoxia-inducible factor 1 alpha subunit/metabolism	FN1	0.014705882352941178	34811833
macrophages	pancreas/metabolism	0.014705882352941178	33311482
hypoxia-inducible factor 1 alpha subunit/metabolism	ROS1	0.05882352941176471	34811833
antineoplastic agents/pharmacology	CSF1	0.28186607071593905	27756885
diterpenes/pharmacology	ASPG	0.014705882352941178	35778693
macrophages	phospholipid hydroperoxide glutathione peroxidase/genetics	0.014705882352941178	33311482
cell movement/drug effects	iron/chemistry	0.044117647058823525	34093872
oxidative stress/drug effects	ferroptosis/drug effects	0.15408252853380155	34093872
oxidative stress/drug effects	ferroptosis/drug effects	0.15408252853380155	32814895
diterpenes/pharmacology	NLRP1	0.014705882352941178	35778693
hypoxia-inducible factor 1 alpha subunit/metabolism	MMRN1	0.014705882352941178	34811833
oxidative stress/drug effects	macrophages/drug effects	0.14266900790166812	34093872
hypoxia-inducible factor 1 alpha subunit/metabolism	HIF1A	0.014705882352941178	34811833
cell movement/drug effects	cell survival/drug effects	0.12842206081890017	34093872
oxidative stress/drug effects	cell survival	0.058384547848990345	32814895
oxidative stress/drug effects	tumor microenvironment/drug effects	0.2230026338893767	34093872
oxidative stress/drug effects	mitochondria/drug effects	0.058384547848990345	34093872
cell movement/drug effects	tor serine-threonine kinases/metabolism	0.044117647058823525	34093872
cell movement/drug effects	amp-activated protein kinase kinases	0.044117647058823525	34093872
cell movement/drug effects	lung neoplasms/drug therapy	0.044117647058823525	34093872
oxidative stress/drug effects	nf-e2-related factor 2/genetics	0.029411764705882353	34093872
b7-h1 antigen/metabolism	immunogenic cell death/drug effects	0.014705882352941178	34985903
glutathione	kidney	0.014705882352941178	34396451
b7-h1 antigen/metabolism	metal-organic frameworks/chemistry	0.014705882352941178	34985903
oxidative stress/drug effects	cell line tumor	0.6747146619841966	34093872
b7-h1 antigen/metabolism	programmed cell death 1 receptor/metabolism	0.02941176470588235	34985903
oxidative stress/drug effects	glycogen synthase kinase 3/metabolism	0.029411764705882353	34093872
macrophages	GPX4	0.16176470588235295	33311482
b7-h1 antigen/metabolism	benzylidene compounds/chemistry	0.014705882352941178	34985903
oxidative stress/drug effects	CHRM1	0.11501316944688324	34093872
b7-h1 antigen/metabolism	phenol/chemistry	0.014705882352941178	34985903
oxidative stress/drug effects	GSK3B	0.029411764705882353	34093872
cell movement/drug effects	ferroptosis/drug effects	0.7872934791284221	34093872
glutathione	malondialdehyde/blood	0.014705882352941178	34396451
oxidative stress/drug effects	PDCD1	0.16988586479367865	34093872
macrophages	KDM8	0.014705882352941178	33311482
glutathione	spleen/pathology	0.014705882352941178	34396451
b7-h1 antigen/metabolism	cd8-positive t-lymphocytes/cytology	0.02941176470588235	34985903
glutathione	ferroptosis/drug effects	0.39705882352941163	34396451
oxidative stress/drug effects	GPX4	0.29938542581211586	32814895
cell movement/drug effects	macrophages/drug effects	0.20761832548487508	34093872
oxidative stress/drug effects	PRKAA1	0.029411764705882353	34093872
oxidative stress/drug effects	GABPA	0.029411764705882353	34093872
macrophages	STING1	0.014705882352941178	33311482
oxidative stress/drug effects	ACSL3	0.029411764705882353	32814895
cell movement/drug effects	tumor microenvironment/drug effects	0.034639636044377045	34093872
cell movement/drug effects	tumor microenvironment/drug effects	0.034639636044377045	28609459
oxidative stress/drug effects	MTOR	0.029411764705882353	34093872
b7-h1 antigen/metabolism	ferroptosis/drug effects	0.39705882352941163	34985903
cell movement/drug effects	mitochondria/drug effects	0.08691834942932399	34093872
glutathione	iron/blood	0.014705882352941178	34396451
oxidative stress/drug effects	BTRC	0.029411764705882353	34093872
cell movement/drug effects	nf-e2-related factor 2/genetics	0.044117647058823525	34093872
oxidative stress/drug effects	PRKAA2	0.029411764705882353	34093872
glutathione	liver/pathology	0.014705882352941178	34396451
oxidative stress/drug effects	CD274	0.11501316944688324	34093872
cell movement/drug effects	cell line tumor	0.07291084683534202	34093872
cell movement/drug effects	cell line tumor	0.07291084683534202	28609459
cell movement/drug effects	cell line tumor	0.07291084683534202	27756885
b7-h1 antigen/metabolism	cell line tumor	0.4264705882352941	34985903
oxidative stress/drug effects	NFE2L2	0.058384547848990345	34093872
cell movement/drug effects	glycogen synthase kinase 3/metabolism	0.044117647058823525	34093872
glutathione	cell line tumor	0.4264705882352941	34396451
b7-h1 antigen/metabolism	exosomes/metabolism	0.014705882352941178	34985903
oxidative stress/drug effects	CD8A	0.2230026338893767	34093872
oxidative stress/drug effects	PRKAB1	0.029411764705882353	34093872
b7-h1 antigen/metabolism	PDCD1	0.08823529411764705	34985903
oxidative stress/drug effects	RPL17-C18orf32	0.16988586479367865	34093872
oxidative stress/drug effects	RPL17	0.16988586479367865	34093872
cell movement/drug effects	CHRM1	0.16864873493495092	34093872
amino acid transport system y+/genetics	cell survival/drug effects	0.04411764705882353	31554642
oxidative stress/drug effects	MRLN	0.11501316944688324	34093872
b7-h1 antigen/metabolism	CD274	0.05882352941176471	34985903
cell movement/drug effects	GSK3B	0.044117647058823525	34093872
amino acid transport system y+/genetics	lipid metabolism/drug effects	0.014705882352941178	31554642
oxidative stress/drug effects	CTLA4	0.029411764705882353	34093872
cell movement/drug effects	PDCD1	0.24535078617607156	34093872
autophagy/drug effects	glutathione/metabolism	0.08691834942932399	33926261
cell movement/drug effects	PRKAA1	0.044117647058823525	34093872
b7-h1 antigen/metabolism	RPL17-C18orf32	0.08823529411764705	34985903
b7-h1 antigen/metabolism	RPL17	0.08823529411764705	34985903
cell movement/drug effects	GABPA	0.044117647058823525	34093872
cell movement/drug effects	MTOR	0.044117647058823525	34093872
autophagy/drug effects	endoplasmic reticulum/drug effects	0.029411764705882353	33277233
cell movement/drug effects	BTRC	0.044117647058823525	34093872
cell movement/drug effects	PRKAA2	0.044117647058823525	34093872
cell movement/drug effects	CD274	0.16864873493495092	34093872
autophagy/drug effects	autophagy-related proteins/genetics	0.029411764705882353	33926261
amino acid transport system y+/genetics	sulfasalazine/administration &amp; dosage	0.014705882352941178	31554642
amino acid transport system y+/genetics	ferroptosis/drug effects	0.39705882352941163	31554642
autophagy/drug effects	ferroptosis/drug effects	0.15408252853380155	33277233
autophagy/drug effects	ferroptosis/drug effects	0.15408252853380155	33926261
cell movement/drug effects	NFE2L2	0.08691834942932399	34093872
autophagy/drug effects	jurkat cells	0.058384547848990345	33926261
cell movement/drug effects	IL6	0.35132492617128264	27756885
autophagy/drug effects	neoplasms/drug therapy	0.058384547848990345	33277233
cell movement/drug effects	CD8A	0.3171841328118765	34093872
autophagy/drug effects	glutathione peroxidase/metabolism	0.029411764705882353	33926261
autophagy/drug effects	flavonolignans/pharmacology	0.029411764705882353	33926261
cell movement/drug effects	PRKAB1	0.044117647058823525	34093872
cell movement/drug effects	RPL17-C18orf32	0.24535078617607156	34093872
cell movement/drug effects	RPL17	0.24535078617607156	34093872
autophagy/drug effects	reactive oxygen species/metabolism	0.19666374012291488	33926261
amino acid transport system y+/genetics	antineoplastic agents immunological/administration &amp; dosage	0.014705882352941178	31554642
cell movement/drug effects	MRLN	0.16864873493495092	34093872
monocrotaline/toxicity	cells cultured	0.04411764705882353	35197507
amino acid transport system y+/genetics	cell line tumor	0.4264705882352941	31554642
cell movement/drug effects	CTLA4	0.044117647058823525	34093872
autophagy/drug effects	cell line tumor	0.6747146619841966	33277233
cell movement/drug effects	mitogen-activated protein kinases/metabolism	0.044117647058823525	28609459
amino acid transport system y+/genetics	SLC9A1	0.02941176470588235	31554642
amino acid transport system y+/genetics	ATM	0.014705882352941178	31554642
amino acid transport system y+/genetics	SLC7A11	0.05882352941176471	31554642
autophagy/drug effects	ACSL4	0.029411764705882353	33277233
cell movement/drug effects	amidines/administration &amp; dosage	0.044117647058823525	28609459
autophagy/drug effects	GPX4	0.024143985952589993	33277233
autophagy/drug effects	GPX4	0.024143985952589993	33926261
apoptosis/drug effects	cytokines/metabolism	0.05447362119881874	32134361
apoptosis/drug effects	cytokines/metabolism	0.05447362119881874	30420335
autophagy/drug effects	ATL1	0.029411764705882353	33277233
autophagy/drug effects	ROS1	0.11501316944688324	33926261
autophagy/drug effects	S100A4	0.029411764705882353	33277233
apoptosis/drug effects	dichloroacetic acid/chemistry	0.044117647058823525	31509699
autophagy/drug effects	ATG5	0.029411764705882353	33926261
monocrotaline/toxicity	bacterial toxins/metabolism	0.014705882352941178	35197507
amino acid transport system y+/genetics	CD8A	0.11764705882352942	31554642
programmed cell death 1 receptor/metabolism	benzylidene compounds/chemistry	0.029411764705882353	34985903
autophagy/drug effects	CD8A	0.2230026338893767	33277233
monocrotaline/toxicity	phenylenediamines/pharmacology	0.02941176470588235	35197507
cell movement/drug effects	neoplasm recurrence local	0.044117647058823525	27756885
programmed cell death 1 receptor/metabolism	phenol/chemistry	0.029411764705882353	34985903
autophagy/drug effects	AIFM2	0.029411764705882353	33277233
monocrotaline/toxicity	inflammasomes/metabolism	0.014705882352941178	35197507
cell movement/drug effects	inflammation mediators/metabolism	0.12842206081890017	28609459
microglia/drug effects	carbolines/pharmacology	0.02941176470588235	34717678
cell movement/drug effects	hydroxymethylglutaryl-coa reductase inhibitors/pharmacology	0.044117647058823525	27756885
apoptosis/drug effects	macrophages/cytology	0.08691834942932399	31509699
programmed cell death 1 receptor/metabolism	cd8-positive t-lymphocytes/cytology	0.058384547848990345	34985903
apoptosis/drug effects	bone marrow/drug effects	0.044117647058823525	32134361
apoptosis/drug effects	biological products/chemistry	0.044117647058823525	31509699
microglia/drug effects	raw 264.7 cells	0.02941176470588235	34717678
programmed cell death 1 receptor/metabolism	ferroptosis/drug effects	0.6400351185250219	34985903
apoptosis/drug effects	necroptosis/drug effects	0.044117647058823525	32134361
apoptosis/drug effects	cell proliferation/drug effects	0.08691834942932399	30420335
apoptosis/drug effects	protein kinase inhibitors/chemistry	0.044117647058823525	31509699
apoptosis/drug effects	small molecule libraries/pharmacology	0.044117647058823525	32134361
dichloroacetic acid/chemistry	macrophages/cytology	0.02941176470588235	31509699
cell proliferation/drug effects	macrophages/metabolism	0.19666374012291488	30420335
monocrotaline/toxicity	hemodynamics/drug effects	0.014705882352941178	35197507
dichloroacetic acid/chemistry	biological products/chemistry	0.014705882352941178	31509699
cell proliferation/drug effects	cystine/antagonists &amp; inhibitors	0.029411764705882353	32778843
cell movement/drug effects	cadherins/metabolism	0.044117647058823525	28609459
programmed cell death 1 receptor/metabolism	cell line tumor	0.6747146619841966	34985903
cell proliferation/drug effects	reactive oxygen species/metabolism	0.19666374012291488	32778843
cell movement/drug effects	breast neoplasms/drug therapy	0.044117647058823525	27756885
programmed cell death 1 receptor/metabolism	exosomes/metabolism	0.029411764705882353	34985903
cell proliferation/drug effects	cell line tumor	0.6747146619841966	30420335
cell movement/drug effects	interleukin-6/metabolism	0.12842206081890017	27756885
microglia/drug effects	nf-e2-related factor 2/biosynthesis	0.014705882352941178	34717678
dichloroacetic acid/chemistry	protein kinase inhibitors/chemistry	0.014705882352941178	31509699
cell movement/drug effects	stat3 transcription factor/metabolism	0.20761832548487508	27756885
programmed cell death 1 receptor/metabolism	PDCD1	0.006584723441615452	35238098
programmed cell death 1 receptor/metabolism	PDCD1	0.006584723441615452	34985903
apoptosis/drug effects	drug synergism	0.044117647058823525	31509699
cell movement/drug effects	inflammation/immunology	0.044117647058823525	27756885
apoptosis/drug effects	saponins/chemistry	0.044117647058823525	31509699
apoptosis/drug effects	dose-response relationship drug	0.12842206081890017	30420335
apoptosis/drug effects	antineoplastic agents/chemistry	0.044117647058823525	31509699
cell proliferation/drug effects	GPX4	0.29938542581211586	32778843
programmed cell death 1 receptor/metabolism	CD274	0.11501316944688324	34985903
tuberculosis/metabolism	iron chelating agents/pharmacology	0.014705882352941178	30787033
monocrotaline/toxicity	lung/blood supply	0.014705882352941178	35197507
cell movement/drug effects	macrophage colony-stimulating factor/antagonists &amp; inhibitors	0.044117647058823525	27756885
monocrotaline/toxicity	heart ventricles/diagnostic imaging	0.014705882352941178	35197507
programmed cell death 1 receptor/metabolism	CD8A	0.2230026338893767	35238098
microglia/drug effects	gene expression	0.014705882352941178	34717678
tuberculosis/metabolism	cells cultured	0.04411764705882353	30787033
apoptosis/drug effects	ileum/drug effects	0.044117647058823525	32134361
microglia/drug effects	cell survival/drug effects	0.04411764705882353	34717678
cell movement/drug effects	lung neoplasms/metabolism	0.08691834942932399	28609459
programmed cell death 1 receptor/metabolism	RPL17-C18orf32	0.006584723441615452	35238098
programmed cell death 1 receptor/metabolism	RPL17-C18orf32	0.006584723441615452	34985903
apoptosis/drug effects	energy metabolism/drug effects	0.044117647058823525	31509699
programmed cell death 1 receptor/metabolism	RPL17	0.006584723441615452	35238098
programmed cell death 1 receptor/metabolism	RPL17	0.006584723441615452	34985903
microglia/drug effects	lipopolysaccharides/toxicity	0.014705882352941178	34717678
monocrotaline/toxicity	toll-like receptor 4/metabolism	0.04411764705882353	35197507
dichloroacetic acid/chemistry	drug synergism	0.014705882352941178	31509699
programmed cell death 1 receptor/metabolism	obesity/metabolism	0.058384547848990345	35238098
dichloroacetic acid/chemistry	saponins/chemistry	0.014705882352941178	31509699
dichloroacetic acid/chemistry	antineoplastic agents/chemistry	0.014705882352941178	31509699
microglia/drug effects	dose-response relationship drug	0.04411764705882353	34717678
cell proliferation/drug effects	phenotype	0.058384547848990345	30420335
monocrotaline/toxicity	hypertension pulmonary/chemically induced	0.014705882352941178	35197507
apoptosis/drug effects	drug interactions	0.044117647058823525	32134361
cell proliferation/drug effects	receptors cell surface/metabolism	0.029411764705882353	30420335
ventricular function left/drug effects	neutrophils/immunology	0.02941176470588235	30830879
apoptosis/drug effects	ferroptosis/drug effects	0.34551839731822176	32134361
apoptosis/drug effects	ferroptosis/drug effects	0.34551839731822176	31509699
dichloroacetic acid/chemistry	energy metabolism/drug effects	0.014705882352941178	31509699
cell proliferation/drug effects	antigens differentiation myelomonocytic/metabolism	0.029411764705882353	30420335
microglia/drug effects	inflammation mediators/antagonists &amp; inhibitors	0.014705882352941178	34717678
apoptosis/drug effects	neoplasms/drug therapy	0.08691834942932399	31509699
cell movement/drug effects	mesenchymal stem cells/immunology	0.044117647058823525	27756885
cell proliferation/drug effects	cell communication/drug effects	0.029411764705882353	30420335
oleic acid/metabolism	iron/metabolism	0.05882352941176471	32814895
oleic acid/metabolism	phospholipid hydroperoxide glutathione peroxidase/metabolism	0.02941176470588235	32814895
ventricular function left/drug effects	myocardium/immunology	0.014705882352941178	30830879
monocrotaline/toxicity	nlr family pyrin domain-containing 3 protein/metabolism	0.014705882352941178	35197507
apoptosis/drug effects	macrophages/metabolism	0.281866070715939	30420335
oleic acid/metabolism	glutathione/metabolism	0.04411764705882353	32814895
cell proliferation/drug effects	tumor necrosis factor alpha-induced protein 3/metabolism	0.029411764705882353	30420335
apoptosis/drug effects	mitochondria/drug effects	0.08691834942932399	31509699
dichloroacetic acid/chemistry	ferroptosis/drug effects	0.39705882352941163	31509699
apoptosis/drug effects	pyruvate dehydrogenase acetyl-transferring kinase/antagonists &amp; inhibitors	0.044117647058823525	31509699
cell proliferation/drug effects	endometrial neoplasms/genetics	0.029411764705882353	30420335
dichloroacetic acid/chemistry	neoplasms/drug therapy	0.02941176470588235	31509699
oleic acid/metabolism	neoplasm metastasis/drug therapy	0.014705882352941178	32814895
aniline compounds/pharmacology	b7-h1 antigen/antagonists &amp; inhibitors	0.02941176470588235	34593794
programmed cell death 1 receptor/metabolism	drugs chinese herbal	0.029411764705882353	35238098
microglia/drug effects	ferroptosis/drug effects	0.39705882352941163	34717678
ventricular function left/drug effects	adaptor proteins vesicular transport/genetics	0.014705882352941178	30830879
tuberculosis/metabolism	iron/metabolism	0.05882352941176471	30787033
aniline compounds/pharmacology	immunologic memory	0.014705882352941178	34593794
monocrotaline/toxicity	ferroptosis/drug effects	0.39705882352941163	35197507
ventricular function left/drug effects	myocardial reperfusion injury/drug therapy	0.014705882352941178	30830879
programmed cell death 1 receptor/metabolism	diterpenes	0.029411764705882353	35238098
apoptosis/drug effects	cell line tumor	0.3888578497884907	31509699
apoptosis/drug effects	cell line tumor	0.3888578497884907	30420335
tumor microenvironment	macrophages	0.4117647058823529	33311482
tuberculosis/metabolism	phospholipid hydroperoxide glutathione peroxidase/metabolism	0.02941176470588235	30787033
apoptosis/drug effects	radiation-protective agents/pharmacology	0.044117647058823525	32134361
dichloroacetic acid/chemistry	mitochondria/drug effects	0.02941176470588235	31509699
oleic acid/metabolism	ferroptosis/drug effects	0.39705882352941163	32814895
cell proliferation/drug effects	antigens cd/metabolism	0.029411764705882353	30420335
aniline compounds/pharmacology	exosomes/drug effects	0.014705882352941178	34593794
dichloroacetic acid/chemistry	pyruvate dehydrogenase acetyl-transferring kinase/antagonists &amp; inhibitors	0.014705882352941178	31509699
cell proliferation/drug effects	estradiol/pharmacology	0.029411764705882353	30420335
cell movement/drug effects	neoplasm invasiveness	0.044117647058823525	27756885
programmed cell death 1 receptor/metabolism	hepatitis a virus cellular receptor 2/metabolism	0.029411764705882353	35238098
tumor microenvironment	apoptosis/drug effects	0.8028573708995131	30420335
tumor microenvironment	allografts	0.6575943810359965	24844408
cell movement/drug effects	immunocompetence	0.044117647058823525	28609459
oleic acid/metabolism	cell survival	0.02941176470588235	32814895
tuberculosis/metabolism	glutathione/metabolism	0.04411764705882353	30787033
tumor microenvironment	fatty acids/metabolism	0.4117647058823529	33691090
tumor microenvironment	raw 264.7 cells	0.6575943810359965	27756885
programmed cell death 1 receptor/metabolism	colorectal neoplasms/drug therapy	0.029411764705882353	35238098
dichloroacetic acid/chemistry	cell line tumor	0.4264705882352941	31509699
tumor microenvironment	cytokines/metabolism	0.16798591331605014	38301989
tumor microenvironment	cytokines/metabolism	0.16798591331605014	34919143
tumor microenvironment	cytokines/metabolism	0.16798591331605014	36160648
tumor microenvironment	cytokines/metabolism	0.16798591331605014	24156623
tumor microenvironment	cytokines/metabolism	0.16798591331605014	30420335
tumor microenvironment	cytokines/metabolism	0.16798591331605014	33691090
monocrotaline/toxicity	macrophages/metabolism	0.10294117647058823	35197507
liver cirrhosis/drug therapy	sorafenib/pharmacology	0.014705882352941178	34811833
aniline compounds/pharmacology	t-lymphocytes cytotoxic/drug effects	0.014705882352941178	34593794
cell movement/drug effects	paracrine communication	0.08691834942932399	27756885
microglia/drug effects	CCK	0.04411764705882353	34717678
tumor microenvironment	dna	0.4117647058823529	33311482
tuberculosis/metabolism	host-pathogen interactions	0.014705882352941178	30787033
apoptosis/drug effects	ROS1	0.16864873493495092	31509699
quinoxalines/pharmacology	iron/metabolism	0.05882352941176471	33311482
programmed cell death 1 receptor/metabolism	tumor necrosis factor-alpha/metabolism	0.08691834942932399	35238098
quinoxalines/pharmacology	biomarkers tumor	0.014705882352941178	33311482
oleic acid/metabolism	GPX4	0.16176470588235295	32814895
liver cirrhosis/drug therapy	hypoxia-inducible factor 1 alpha subunit/metabolism	0.014705882352941178	34811833
oleic acid/metabolism	ACSL3	0.014705882352941178	32814895
programmed cell death 1 receptor/metabolism	cell differentiation	0.08691834942932399	35238098
cell movement/drug effects	EEF1A2	0.044117647058823525	27756885
monocrotaline/toxicity	hmgb1 protein/metabolism	0.014705882352941178	35197507
ventricular function left/drug effects	ferroptosis/drug effects	0.39705882352941163	30830879
tumor microenvironment	neutrophils/immunology	0.6575943810359965	39753138
aniline compounds/pharmacology	hyaluronic acid/chemistry	0.014705882352941178	34593794
cell proliferation/drug effects	estrogen receptor alpha/genetics	0.029411764705882353	30420335
tuberculosis/metabolism	ferroptosis/drug effects	0.39705882352941163	30787033
monocrotaline/toxicity	inflammation/metabolism	0.02941176470588235	35197507
microglia/drug effects	GPX4	0.16176470588235295	34717678
programmed cell death 1 receptor/metabolism	cd8-positive t-lymphocytes	0.029411764705882353	35238098
tumor microenvironment	membrane proteins/genetics	0.4117647058823529	33311482
aniline compounds/pharmacology	benzylidene compounds/pharmacology	0.014705882352941178	34593794
dichloroacetic acid/chemistry	ROS1	0.05882352941176471	31509699
tumor microenvironment	antineoplastic agents/pharmacology	0.9807688099093973	27756885
cell proliferation/drug effects	hek293 cells	0.029411764705882353	30420335
programmed cell death 1 receptor/metabolism	ARHGEF5	0.029411764705882353	35238098
quinoxalines/pharmacology	cell transformation neoplastic/genetics	0.014705882352941178	33311482
liver cirrhosis/drug therapy	amino acid transport system y+/metabolism	0.02941176470588235	34811833
tuberculosis/metabolism	macrophages/drug effects	0.07352941176470588	30787033
quinoxalines/pharmacology	carcinoma pancreatic ductal/metabolism	0.014705882352941178	33311482
ventricular function left/drug effects	neutrophil infiltration	0.014705882352941178	30830879
quinoxalines/pharmacology	diet	0.014705882352941178	33311482
programmed cell death 1 receptor/metabolism	CCL2	0.14266900790166812	35238098
tumor microenvironment	gene expression regulation neoplastic	0.3331271450235454	28249896
tumor microenvironment	gene expression regulation neoplastic	0.3331271450235454	27044818
tumor microenvironment	gene expression regulation neoplastic	0.3331271450235454	29777149
programmed cell death 1 receptor/metabolism	TPI1	0.029411764705882353	35238098
quinoxalines/pharmacology	spiro compounds/pharmacology	0.014705882352941178	33311482
cell movement/drug effects	PIK3CA	0.08691834942932399	28609459
tumor microenvironment	quinoxalines/pharmacology	0.4117647058823529	33311482
quinoxalines/pharmacology	proto-oncogene proteins p21(ras)/metabolism	0.014705882352941178	33311482
aniline compounds/pharmacology	cell line tumor/transplantation	0.02941176470588235	34593794
microglia/drug effects	NFE2L2	0.02941176470588235	34717678
monocrotaline/toxicity	NOX4	0.014705882352941178	35197507
quinoxalines/pharmacology	ferroptosis/drug effects	0.39705882352941163	33311482
quinoxalines/pharmacology	pancreatitis/genetics	0.014705882352941178	33311482
quinoxalines/pharmacology	pancreas/metabolism	0.014705882352941178	33311482
tumor microenvironment	programmed cell death 1 receptor/metabolism	0.6575943810359965	35238098
ventricular function left/drug effects	toll-like receptor 4/genetics	0.014705882352941178	30830879
monocrotaline/toxicity	FTH1	0.014705882352941178	35197507
programmed cell death 1 receptor/metabolism	CCR2	0.058384547848990345	35238098
apoptosis/drug effects	phenotype	0.08691834942932399	30420335
quinoxalines/pharmacology	phospholipid hydroperoxide glutathione peroxidase/genetics	0.014705882352941178	33311482
tumor microenvironment	cell movement/drug effects	0.8028573708995131	27756885
programmed cell death 1 receptor/metabolism	HAVCR2	0.029411764705882353	35238098
programmed cell death 1 receptor/metabolism	HNF4A	0.029411764705882353	35238098
apoptosis/drug effects	receptors cell surface/metabolism	0.044117647058823525	30420335
tumor microenvironment	cell proliferation/drug effects	0.6575943810359965	30420335
programmed cell death 1 receptor/metabolism	TCF7	0.029411764705882353	35238098
apoptosis/drug effects	antigens differentiation myelomonocytic/metabolism	0.044117647058823525	30420335
monocrotaline/toxicity	NLRP3	0.014705882352941178	35197507
cell movement/drug effects	CSF1	0.12842206081890017	27756885
cell proliferation/drug effects	CD163	0.058384547848990345	30420335
monocrotaline/toxicity	HMGB1	0.02941176470588235	35197507
ventricular function left/drug effects	TICAM1	0.014705882352941178	30830879
monocrotaline/toxicity	GPX4	0.16176470588235295	35197507
tumor microenvironment	iron/metabolism	0.8877803495889536	33311482
programmed cell death 1 receptor/metabolism	TNF	0.16988586479367865	35238098
cell proliferation/drug effects	TNF	0.16988586479367865	30420335
apoptosis/drug effects	cell communication/drug effects	0.044117647058823525	30420335
ventricular function left/drug effects	IFNA1	0.04411764705882353	30830879
cell proliferation/drug effects	ESR1	0.029411764705882353	30420335
cell movement/drug effects	PIK3CD	0.08691834942932399	28609459
liver cirrhosis/drug therapy	hepatic stellate cells/drug effects	0.014705882352941178	34811833
tumor microenvironment	biomarkers tumor	0.4117647058823529	33311482
quinoxalines/pharmacology	GPX4	0.16176470588235295	33311482
programmed cell death 1 receptor/metabolism	HNF1A	0.029411764705882353	35238098
cation transport proteins/genetics	gene expression regulation neoplastic	0.07352941176470588	34062295
monocrotaline/toxicity	TLR4	0.04411764705882353	35197507
programmed cell death 1 receptor/metabolism	TIMELESS	0.029411764705882353	35238098
programmed cell death 1 receptor/metabolism	HAVCR1	0.029411764705882353	35238098
cell proliferation/drug effects	TNFAIP3	0.029411764705882353	30420335
tuberculosis/metabolism	GPX4	0.16176470588235295	30787033
cell proliferation/drug effects	IL17A	0.08691834942932399	30420335
quinoxalines/pharmacology	KDM8	0.014705882352941178	33311482
myocardium/immunology	adaptor proteins vesicular transport/genetics	0.014705882352941178	30830879
apoptosis/drug effects	tumor necrosis factor alpha-induced protein 3/metabolism	0.044117647058823525	30420335
ventricular function left/drug effects	TLR4	0.04411764705882353	30830879
cell movement/drug effects	PIK3CG	0.08691834942932399	28609459
quinoxalines/pharmacology	STING1	0.014705882352941178	33311482
myocardium/immunology	myocardial reperfusion injury/drug therapy	0.014705882352941178	30830879
liver cirrhosis/drug therapy	hepatocytes/drug effects	0.014705882352941178	34811833
cation transport proteins/genetics	t-lymphocytes cytotoxic/immunology	0.014705882352941178	34062295
apoptosis/drug effects	endometrial neoplasms/genetics	0.044117647058823525	30420335
protein kinase inhibitors/chemistry	drug synergism	0.014705882352941178	31509699
liver cirrhosis/drug therapy	ferroptosis/drug effects	0.39705882352941163	34811833
protein kinase inhibitors/chemistry	saponins/chemistry	0.014705882352941178	31509699
cell movement/drug effects	AKT1	0.08691834942932399	28609459
tumor microenvironment	dose-response relationship drug	0.8028573708995131	30420335
protein kinase inhibitors/chemistry	antineoplastic agents/chemistry	0.014705882352941178	31509699
ventricular function left/drug effects	TRIM69	0.014705882352941178	30830879
liver cirrhosis/drug therapy	macrophages/drug effects	0.07352941176470588	34811833
cell movement/drug effects	PIK3CB	0.08691834942932399	28609459
protein kinase inhibitors/chemistry	energy metabolism/drug effects	0.014705882352941178	31509699
aniline compounds/pharmacology	ferroptosis/drug effects	0.39705882352941163	34593794
necroptosis/drug effects	small molecule libraries/pharmacology	0.014705882352941178	32134361
tumor microenvironment	cd8-positive t-lymphocytes/cytology	0.6575943810359965	33691090
tumor microenvironment	antibodies monoclonal humanized/pharmacology	0.4117647058823529	33691090
aniline compounds/pharmacology	skin neoplasms/drug therapy	0.014705882352941178	34593794
myocardium/immunology	ferroptosis/drug effects	0.39705882352941163	30830879
tumor microenvironment	cd36 antigens/antagonists &amp; inhibitors	0.4117647058823529	33691090
cation transport proteins/genetics	glioblastoma/genetics	0.014705882352941178	34062295
tumor microenvironment	cell transformation neoplastic/genetics	0.4117647058823529	33311482
protein kinase inhibitors/chemistry	ferroptosis/drug effects	0.39705882352941163	31509699
apoptosis/drug effects	antigens cd/metabolism	0.044117647058823525	30420335
protein kinase inhibitors/chemistry	neoplasms/drug therapy	0.02941176470588235	31509699
myocardium/immunology	neutrophil infiltration	0.014705882352941178	30830879
cation transport proteins/genetics	heat-shock proteins/genetics	0.014705882352941178	34062295
apoptosis/drug effects	estradiol/pharmacology	0.044117647058823525	30420335
tumor microenvironment	carcinoma pancreatic ductal/metabolism	0.4117647058823529	33311482
tumor microenvironment	diet	0.4117647058823529	33311482
liver cirrhosis/drug therapy	cell line	0.04411764705882353	34811833
cation transport proteins/genetics	brain neoplasms/genetics	0.014705882352941178	34062295
aniline compounds/pharmacology	tumor microenvironment/drug effects	0.11764705882352942	34593794
myocardium/immunology	toll-like receptor 4/genetics	0.014705882352941178	30830879
aniline compounds/pharmacology	tumor escape/drug effects	0.014705882352941178	34593794
tumor microenvironment	spiro compounds/pharmacology	0.4117647058823529	33311482
protein kinase inhibitors/chemistry	mitochondria/drug effects	0.02941176470588235	31509699
protein kinase inhibitors/chemistry	pyruvate dehydrogenase acetyl-transferring kinase/antagonists &amp; inhibitors	0.014705882352941178	31509699
aniline compounds/pharmacology	immune checkpoint inhibitors/pharmacology	0.014705882352941178	34593794
myocardium/immunology	TICAM1	0.014705882352941178	30830879
necroptosis/drug effects	ileum/drug effects	0.014705882352941178	32134361
tumor microenvironment	proto-oncogene proteins p21(ras)/metabolism	0.4117647058823529	33311482
cation transport proteins/genetics	acetaminophen/pharmacology	0.014705882352941178	34062295
liver cirrhosis/drug therapy	SLC7A11	0.05882352941176471	34811833
cation transport proteins/genetics	ferroptosis/drug effects	0.39705882352941163	34062295
myocardium/immunology	IFNA1	0.04411764705882353	30830879
liver cirrhosis/drug therapy	FUT1	0.014705882352941178	34811833
protein kinase inhibitors/chemistry	cell line tumor	0.4264705882352941	31509699
tumor microenvironment	ferroptosis/drug effects	0.9999999027927938	33691090
tumor microenvironment	ferroptosis/drug effects	0.9999999027927938	33311482
tumor microenvironment	pancreatitis/genetics	0.4117647058823529	33311482
liver cirrhosis/drug therapy	GPX4	0.16176470588235295	34811833
necroptosis/drug effects	drug interactions	0.014705882352941178	32134361
liver cirrhosis/drug therapy	FN1	0.014705882352941178	34811833
tumor microenvironment	pancreas/metabolism	0.4117647058823529	33311482
necroptosis/drug effects	ferroptosis/drug effects	0.39705882352941163	32134361
myocardium/immunology	TLR4	0.04411764705882353	30830879
aniline compounds/pharmacology	drug resistance neoplasm/drug effects	0.014705882352941178	34593794
liver cirrhosis/drug therapy	ROS1	0.05882352941176471	34811833
myocardium/immunology	TRIM69	0.014705882352941178	30830879
protein kinase inhibitors/chemistry	ROS1	0.05882352941176471	31509699
tumor microenvironment	multiple myeloma/drug therapy	0.4117647058823529	33691090
liver cirrhosis/drug therapy	MMRN1	0.014705882352941178	34811833
tumor microenvironment	cell survival	0.6575943810359965	26208571
cation transport proteins/genetics	hyaluronan receptors/genetics	0.014705882352941178	34062295
tumor microenvironment	phospholipid hydroperoxide glutathione peroxidase/genetics	0.4117647058823529	33311482
necroptosis/drug effects	radiation-protective agents/pharmacology	0.014705882352941178	32134361
tumor microenvironment	macrophages/metabolism	0.09584055314251581	36160648
tumor microenvironment	macrophages/metabolism	0.09584055314251581	30420335
tumor microenvironment	macrophages/metabolism	0.09584055314251581	27044818
tumor microenvironment	macrophages/metabolism	0.09584055314251581	40287444
tumor microenvironment	macrophages/metabolism	0.09584055314251581	24844408
liver cirrhosis/drug therapy	HIF1A	0.014705882352941178	34811833
cation transport proteins/genetics	HSPB1	0.014705882352941178	34062295
t-lymphocytes cytotoxic/immunology	glioblastoma/genetics	0.014705882352941178	34062295
cation transport proteins/genetics	SLC40A1	0.014705882352941178	34062295
tumor microenvironment	reactive oxygen species/metabolism	0.9807688099093973	33691090
t-lymphocytes cytotoxic/immunology	heat-shock proteins/genetics	0.014705882352941178	34062295
t-lymphocytes cytotoxic/immunology	brain neoplasms/genetics	0.014705882352941178	34062295
cytokines/metabolism	bone marrow/drug effects	0.14705882352941174	32134361
apoptosis/drug effects	estrogen receptor alpha/genetics	0.044117647058823525	30420335
tumor microenvironment	cell line tumor	0.3897265234309234	35720420
tumor microenvironment	cell line tumor	0.3897265234309234	38301989
tumor microenvironment	cell line tumor	0.3897265234309234	30563531
tumor microenvironment	cell line tumor	0.3897265234309234	34958892
tumor microenvironment	cell line tumor	0.3897265234309234	21566463
tumor microenvironment	cell line tumor	0.3897265234309234	30420335
tumor microenvironment	cell line tumor	0.3897265234309234	33691090
tumor microenvironment	cell line tumor	0.3897265234309234	40287444
tumor microenvironment	cell line tumor	0.3897265234309234	27756885
tumor microenvironment	cell line tumor	0.3897265234309234	25802102
tumor microenvironment	cell line tumor	0.3897265234309234	38221626
tumor microenvironment	cell line tumor	0.3897265234309234	26208571
tumor microenvironment	cell line tumor	0.3897265234309234	32472095
t-lymphocytes cytotoxic/immunology	acetaminophen/pharmacology	0.014705882352941178	34062295
t-lymphocytes cytotoxic/immunology	ferroptosis/drug effects	0.39705882352941163	34062295
tumor microenvironment	inflammation/metabolism	0.6575943810359965	21566463
cytokines/metabolism	cell movement/drug effects	0.38430840450155646	28609459
cytokines/metabolism	necroptosis/drug effects	0.14705882352941174	32134361
tumor microenvironment	cell line	0.8028573708995131	31637575
apoptosis/drug effects	hek293 cells	0.044117647058823525	30420335
cytokines/metabolism	cell proliferation/drug effects	0.27436347673397715	30420335
aniline compounds/pharmacology	CD274	0.05882352941176471	34593794
cytokines/metabolism	small molecule libraries/pharmacology	0.14705882352941174	32134361
tumor microenvironment	CCK	0.8028573708995131	38221626
tumor microenvironment	TGFB1	0.30450966660573275	37946098
tumor microenvironment	TGFB1	0.30450966660573275	26208571
tumor microenvironment	TGFB1	0.30450966660573275	35720420
tumor microenvironment	TGFB1	0.30450966660573275	34958892
t-lymphocytes cytotoxic/immunology	hyaluronan receptors/genetics	0.014705882352941178	34062295
cation transport proteins/genetics	CD44	0.02941176470588235	34062295
tumor microenvironment	CD36	0.7512514630885996	27044818
tumor microenvironment	CD36	0.7512514630885996	33691090
tumor microenvironment	CD36	0.7512514630885996	34958892
tumor microenvironment	CD36	0.7512514630885996	38301989
tumor microenvironment	STAT3	0.4809841168489105	37108378
tumor microenvironment	STAT3	0.4809841168489105	30563531
tumor microenvironment	STAT3	0.4809841168489105	32472095
t-lymphocytes cytotoxic/immunology	HSPB1	0.014705882352941178	34062295
tumor microenvironment	TP53	0.9368764466437864	29777149
t-lymphocytes cytotoxic/immunology	SLC40A1	0.014705882352941178	34062295
cytokines/metabolism	dose-response relationship drug	0.38430840450155646	30420335
tumor microenvironment	PDCD1	0.4809841168489105	35238098
tumor microenvironment	PDCD1	0.4809841168489105	33691090
tumor microenvironment	PDCD1	0.4809841168489105	38301989
tumor microenvironment	GPX4	0.9984920326556085	33311482
cytokines/metabolism	ileum/drug effects	0.14705882352941174	32134361
t-lymphocytes cytotoxic/immunology	CD44	0.02941176470588235	34062295
folic acid antagonists/pharmacology	tetrahydrofolate dehydrogenase/genetics	0.014705882352941178	32778843
cytokines/metabolism	cd8-positive t-lymphocytes/cytology	0.27436347673397715	33691090
cytokines/metabolism	antibodies monoclonal humanized/pharmacology	0.14705882352941174	33691090
cytokines/metabolism	cd36 antigens/antagonists &amp; inhibitors	0.14705882352941174	33691090
folic acid antagonists/pharmacology	vitamin e/pharmacology	0.014705882352941178	32778843
folic acid antagonists/pharmacology	dose-response relationship drug	0.04411764705882353	32778843
apoptosis/drug effects	CD163	0.08691834942932399	30420335
folic acid antagonists/pharmacology	antioxidants/pharmacology	0.014705882352941178	32778843
tumor microenvironment	CD274	0.8877803495889536	35720420
cytokines/metabolism	drug interactions	0.14705882352941174	32134361
tumor microenvironment	IL6	0.09693521078691303	38301989
tumor microenvironment	IL6	0.09693521078691303	30563531
tumor microenvironment	IL6	0.09693521078691303	27756885
tumor microenvironment	IL6	0.09693521078691303	37108378
tumor microenvironment	IL6	0.09693521078691303	21566463
tumor microenvironment	IL6	0.09693521078691303	32472095
cytokines/metabolism	ferroptosis/drug effects	0.9636103563111938	32134361
cytokines/metabolism	ferroptosis/drug effects	0.9636103563111938	33691090
tumor microenvironment	CD8A	0.9189767892904116	35238098
tumor microenvironment	CD8A	0.9189767892904116	33691090
folic acid antagonists/pharmacology	ferroptosis/drug effects	0.39705882352941163	32778843
folic acid antagonists/pharmacology	jurkat cells	0.02941176470588235	32778843
tumor microenvironment	KDM8	0.4117647058823529	33311482
cytokines/metabolism	macrophages/drug effects	0.5604317214830824	30755716
tumor microenvironment	CD44	0.6575943810359965	36160648
apoptosis/drug effects	TNF	0.24535078617607156	30420335
folic acid antagonists/pharmacology	methotrexate/pharmacology	0.014705882352941178	32778843
folic acid antagonists/pharmacology	biopterins/analogs &amp; derivatives	0.014705882352941178	32778843
apoptosis/drug effects	ESR1	0.044117647058823525	30420335
cytokines/metabolism	multiple myeloma/drug therapy	0.14705882352941174	33691090
cytokines/metabolism	tumor microenvironment/drug effects	0.33393781318931826	28609459
cytokines/metabolism	tumor microenvironment/drug effects	0.33393781318931826	30755716
tumor microenvironment	RPL17-C18orf32	0.4809841168489105	35238098
tumor microenvironment	RPL17-C18orf32	0.4809841168489105	33691090
tumor microenvironment	RPL17-C18orf32	0.4809841168489105	38301989
cytokines/metabolism	macrophages/metabolism	0.272337816464314	36160648
cytokines/metabolism	macrophages/metabolism	0.272337816464314	30420335
folic acid antagonists/pharmacology	cystine/antagonists &amp; inhibitors	0.014705882352941178	32778843
tumor microenvironment	RPL17	0.4809841168489105	35238098
tumor microenvironment	RPL17	0.4809841168489105	33691090
tumor microenvironment	RPL17	0.4809841168489105	38301989
folic acid antagonists/pharmacology	reactive oxygen species/metabolism	0.10294117647058823	32778843
tumor microenvironment	STING1	0.4117647058823529	33311482
apoptosis/drug effects	TNFAIP3	0.044117647058823525	30420335
cytokines/metabolism	reactive oxygen species/metabolism	0.6898489053782322	33691090
tumor microenvironment	glioma/pathology	0.4117647058823529	40287444
apoptosis/drug effects	IL17A	0.12842206081890017	30420335
tumor microenvironment	cytokines/analysis	0.4117647058823529	29777149
tumor microenvironment	neovascularization pathologic/genetics	0.4117647058823529	24156623
allografts	oxidative stress/drug effects	0.058384547848990345	34093872
cytokines/metabolism	cell line tumor	0.6974681052070982	33691090
cytokines/metabolism	cell line tumor	0.6974681052070982	28609459
cytokines/metabolism	cell line tumor	0.6974681052070982	38301989
cytokines/metabolism	cell line tumor	0.6974681052070982	30420335
tumor microenvironment	janus kinases/metabolism	0.4117647058823529	30563531
cytokines/metabolism	radiation-protective agents/pharmacology	0.14705882352941174	32134361
tumor microenvironment	non-alcoholic fatty liver disease/genetics	0.16593503072870938	37108378
tumor microenvironment	non-alcoholic fatty liver disease/genetics	0.16593503072870938	33346004
folic acid antagonists/pharmacology	GPX4	0.16176470588235295	32778843
tumor microenvironment	lipid metabolism	0.4117647058823529	34919143
tumor microenvironment	prostatic neoplasms/immunology	0.4117647058823529	34919143
carbolines/pharmacology	raw 264.7 cells	0.058384547848990345	34717678
tumor microenvironment	obesity/metabolism	0.6575943810359965	35238098
tumor microenvironment	carcinoma pancreatic ductal/genetics	0.16593503072870938	28249896
tumor microenvironment	carcinoma pancreatic ductal/genetics	0.16593503072870938	34958892
cytokines/metabolism	CD36	0.5111162802939833	33691090
cytokines/metabolism	CD36	0.5111162802939833	38301989
carbolines/pharmacology	phospholipid hydroperoxide glutathione peroxidase/antagonists &amp; inhibitors	0.029411764705882353	32778843
tumor microenvironment	lipoproteins ldl	0.4117647058823529	36160648
allografts	antineoplastic agents/pharmacology	0.19666374012291488	34093872
tumor microenvironment	chemokine cxcl13/metabolism	0.4117647058823529	39753138
cytokines/metabolism	CHRM1	0.479030188424394	30755716
tumor microenvironment	phenotype	0.6575943810359965	30420335
hemodynamics/drug effects	lung/blood supply	0.014705882352941178	35197507
hemodynamics/drug effects	heart ventricles/diagnostic imaging	0.014705882352941178	35197507
cytokines/metabolism	PDCD1	0.21156800837441747	33691090
cytokines/metabolism	PDCD1	0.21156800837441747	38301989
tumor microenvironment	mesenchymal stem cells	0.4117647058823529	31637575
tumor microenvironment	obesity/chemically induced	0.4117647058823529	32472095
hemodynamics/drug effects	toll-like receptor 4/metabolism	0.04411764705882353	35197507
cytokines/metabolism	HMGB1	0.27436347673397715	30755716
tumor microenvironment	osteogenesis/physiology	0.4117647058823529	25802102
carbolines/pharmacology	antineoplastic agents/pharmacology	0.19666374012291488	32778843
tumor microenvironment	heterografts	0.4117647058823529	34919143
hemodynamics/drug effects	hypertension pulmonary/chemically induced	0.014705882352941178	35197507
tumor microenvironment	receptors cell surface/metabolism	0.4117647058823529	30420335
carbolines/pharmacology	gene expression regulation neoplastic	0.14266900790166812	32778843
tumor microenvironment	bone and bones/pathology	0.4117647058823529	25802102
tumor microenvironment	endostatins/genetics	0.4117647058823529	27044818
hyaluronic acid/chemistry	benzylidene compounds/pharmacology	0.014705882352941178	34593794
tumor microenvironment	antigens differentiation myelomonocytic/metabolism	0.4117647058823529	30420335
hemodynamics/drug effects	nlr family pyrin domain-containing 3 protein/metabolism	0.014705882352941178	35197507
carbolines/pharmacology	nf-e2-related factor 2/biosynthesis	0.029411764705882353	34717678
tumor microenvironment	osteoclasts/cytology	0.4117647058823529	25802102
cytokines/metabolism	IL6	0.783911122599588	38301989
hyaluronic acid/chemistry	cell line tumor/transplantation	0.02941176470588235	34593794
tumor microenvironment	capillary permeability	0.4117647058823529	26208571
allografts	cell movement/drug effects	0.08691834942932399	34093872
cytokines/metabolism	CD8A	0.7406933471195056	33691090
carbolines/pharmacology	cell proliferation/drug effects	0.058384547848990345	32778843
tumor microenvironment	cathepsin k/metabolism	0.4117647058823529	25802102
hemodynamics/drug effects	ferroptosis/drug effects	0.39705882352941163	35197507
cytokines/metabolism	CD44	0.27436347673397715	36160648
tumor microenvironment	hep g2 cells	0.4117647058823529	33346004
tumor microenvironment	neoplasm recurrence local	0.4117647058823529	27756885
tumor microenvironment	interleukin-10/metabolism	0.4117647058823529	39753138
tumor microenvironment	chemokines/metabolism	0.4117647058823529	24844408
cytokines/metabolism	RPL17-C18orf32	0.21156800837441747	33691090
cytokines/metabolism	RPL17-C18orf32	0.21156800837441747	38301989
allografts	iron/chemistry	0.029411764705882353	34093872
tumor microenvironment	autophagy	0.16593503072870938	33346004
tumor microenvironment	autophagy	0.16593503072870938	21566463
cytokines/metabolism	RPL17	0.21156800837441747	33691090
cytokines/metabolism	RPL17	0.21156800837441747	38301989
tumor microenvironment	nitric oxide synthase type ii/metabolism	0.4117647058823529	36160648
carbolines/pharmacology	folic acid antagonists/pharmacology	0.029411764705882353	32778843
hemodynamics/drug effects	macrophages/metabolism	0.10294117647058823	35197507
cytokines/metabolism	MRLN	0.479030188424394	30755716
tumor microenvironment	inflammation mediators/metabolism	0.36706840130896323	26208571
tumor microenvironment	inflammation mediators/metabolism	0.36706840130896323	24156623
carbolines/pharmacology	tetrahydrofolate dehydrogenase/genetics	0.029411764705882353	32778843
tumor microenvironment	lymphangiogenesis	0.4117647058823529	24844408
phospholipid hydroperoxide glutathione peroxidase	glutathione	0.014705882352941178	34396451
tumor microenvironment	hydroxymethylglutaryl-coa reductase inhibitors/pharmacology	0.4117647058823529	27756885
carbolines/pharmacology	gene expression	0.029411764705882353	34717678
tumor microenvironment	cell communication/drug effects	0.4117647058823529	30420335
cytokines/metabolism	neovascularization pathologic/genetics	0.14705882352941174	24156623
tumor microenvironment	leptin/physiology	0.4117647058823529	24844408
carbolines/pharmacology	cell survival/drug effects	0.08691834942932399	34717678
hemodynamics/drug effects	hmgb1 protein/metabolism	0.014705882352941178	35197507
cytokines/metabolism	mitogen-activated protein kinases/metabolism	0.14705882352941174	28609459
tumor microenvironment	biomarkers/blood	0.4117647058823529	32472095
hemodynamics/drug effects	inflammation/metabolism	0.02941176470588235	35197507
cytokines/metabolism	lipid metabolism	0.14705882352941174	34919143
carbolines/pharmacology	lipopolysaccharides/toxicity	0.029411764705882353	34717678
cytokines/metabolism	prostatic neoplasms/immunology	0.14705882352941174	34919143
coenzyme a ligases/metabolism	oxidative stress/drug effects	0.02941176470588235	32814895
tumor microenvironment	vascular endothelial growth factor a/genetics	0.4117647058823529	26208571
phospholipid hydroperoxide glutathione peroxidase	kidney	0.014705882352941178	34396451
hyaluronic acid/chemistry	ferroptosis/drug effects	0.39705882352941163	34593794
allografts	cell survival/drug effects	0.08691834942932399	34093872
tumor microenvironment	pten phosphohydrolase/deficiency	0.4117647058823529	29777149
cytokines/metabolism	lipoproteins ldl	0.14705882352941174	36160648
hemodynamics/drug effects	NOX4	0.014705882352941178	35197507
tumor microenvironment	integrin alphavbeta3/metabolism	0.4117647058823529	34958892
hyaluronic acid/chemistry	skin neoplasms/drug therapy	0.014705882352941178	34593794
tumor microenvironment	breast neoplasms/metabolism	0.36706840130896323	29777149
tumor microenvironment	breast neoplasms/metabolism	0.36706840130896323	32472095
hemodynamics/drug effects	FTH1	0.014705882352941178	35197507
tumor microenvironment	lipocalin-2/genetics	0.4117647058823529	28249896
cytokines/metabolism	amidines/administration &amp; dosage	0.14705882352941174	28609459
carbolines/pharmacology	vitamin e/pharmacology	0.029411764705882353	32778843
tumor microenvironment	t-lymphocytes regulatory/immunology	0.4117647058823529	39753138
cytokines/metabolism	phenotype	0.019754170324846356	30755716
cytokines/metabolism	phenotype	0.019754170324846356	30420335
tumor microenvironment	inflammation/genetics	0.4117647058823529	24156623
hyaluronic acid/chemistry	tumor microenvironment/drug effects	0.11764705882352942	34593794
carbolines/pharmacology	dose-response relationship drug	0.0013169446883230904	32778843
carbolines/pharmacology	dose-response relationship drug	0.0013169446883230904	34717678
hemodynamics/drug effects	NLRP3	0.014705882352941178	35197507
tumor microenvironment	nanog homeobox protein/genetics	0.4117647058823529	31637575
hyaluronic acid/chemistry	tumor escape/drug effects	0.014705882352941178	34593794
allografts	tor serine-threonine kinases/metabolism	0.029411764705882353	34093872
hemodynamics/drug effects	HMGB1	0.02941176470588235	35197507
carbolines/pharmacology	antioxidants/pharmacology	0.029411764705882353	32778843
cytokines/metabolism	heterografts	0.14705882352941174	34919143
tumor microenvironment	proto-oncogene proteins c-akt/metabolism	0.4117647058823529	30563531
hemodynamics/drug effects	GPX4	0.16176470588235295	35197507
hyaluronic acid/chemistry	immune checkpoint inhibitors/pharmacology	0.014705882352941178	34593794
allografts	amp-activated protein kinase kinases	0.029411764705882353	34093872
cytokines/metabolism	receptors cell surface/metabolism	0.14705882352941174	30420335
tumor microenvironment	neoplasms/metabolism	0.4117647058823529	21566463
allografts	lung neoplasms/drug therapy	0.029411764705882353	34093872
cytokines/metabolism	antigens differentiation myelomonocytic/metabolism	0.14705882352941174	30420335
tumor microenvironment	carcinoma renal cell/blood	0.4117647058823529	27044818
carbolines/pharmacology	inflammation mediators/antagonists &amp; inhibitors	0.029411764705882353	34717678
hemodynamics/drug effects	TLR4	0.04411764705882353	35197507
tumor microenvironment	growth differentiation factor 15/genetics	0.4117647058823529	33346004
hyaluronic acid/chemistry	drug resistance neoplasm/drug effects	0.014705882352941178	34593794
cytokines/metabolism	glycyrrhizic acid/pharmacology	0.14705882352941174	30755716
tumor microenvironment	inflammation mediators/blood	0.4117647058823529	28249896
tumor microenvironment	tumor necrosis factor alpha-induced protein 3/metabolism	0.4117647058823529	30420335
drug resistance neoplasm	antineoplastic agents/pharmacology	0.10294117647058823	34991659
tumor microenvironment	calgranulin a/genetics	0.4117647058823529	26208571
tumor microenvironment	immunity innate	0.6575943810359965	39753138
cytokines/metabolism	nitric oxide synthase type ii/metabolism	0.14705882352941174	36160648
tumor microenvironment	hepatic stellate cells/metabolism	0.16593503072870938	35749514
tumor microenvironment	hepatic stellate cells/metabolism	0.16593503072870938	33346004
cytokines/metabolism	inflammation mediators/metabolism	0.054473621198818746	28609459
cytokines/metabolism	inflammation mediators/metabolism	0.054473621198818746	24156623
tumor microenvironment	endometrial neoplasms/genetics	0.4117647058823529	30420335
tumor microenvironment	bone neoplasms/pathology	0.4117647058823529	38221626
cytokines/metabolism	cell communication/drug effects	0.14705882352941174	30420335
tumor microenvironment	lipid metabolism/physiology	0.4117647058823529	37108378
tumor microenvironment	rna messenger/genetics	0.4117647058823529	24844408
tumor microenvironment	adiponectin/blood	0.4117647058823529	32472095
tumor microenvironment	mesenchymal stem cells/metabolism	0.4117647058823529	40287444
tumor microenvironment	tumor-associated macrophages/immunology	0.6575943810359965	34919143
tumor microenvironment	cytokines/blood	0.36706840130896323	28249896
tumor microenvironment	cytokines/blood	0.36706840130896323	27044818
carbolines/pharmacology	ferroptosis/drug effects	0.15408252853380155	32778843
carbolines/pharmacology	ferroptosis/drug effects	0.15408252853380155	34717678
hyaluronic acid/chemistry	CD274	0.05882352941176471	34593794
carbolines/pharmacology	jurkat cells	0.058384547848990345	32778843
cytokines/metabolism	inflammation/genetics	0.14705882352941174	24156623
tumor microenvironment	carcinoma hepatocellular/metabolism	0.4117647058823529	35749514
macrophages/cytology	biological products/chemistry	0.029411764705882353	31509699
tumor microenvironment	breast neoplasms/drug therapy	0.4117647058823529	27756885
tumor microenvironment	b-lymphocytes/immunology	0.4117647058823529	39753138
cytokines/metabolism	nf-kappa b/metabolism	0.019754170324846356	32353824
cytokines/metabolism	nf-kappa b/metabolism	0.019754170324846356	30755716
carbolines/pharmacology	methotrexate/pharmacology	0.029411764705882353	32778843
tumor microenvironment	bone marrow/metabolism	0.4117647058823529	25802102
carbolines/pharmacology	biopterins/analogs &amp; derivatives	0.029411764705882353	32778843
tumor microenvironment	lipids/chemistry	0.4117647058823529	34919143
macrophages/cytology	protein kinase inhibitors/chemistry	0.029411764705882353	31509699
tumor microenvironment	interleukin-6/metabolism	0.36706840130896323	30563531
tumor microenvironment	interleukin-6/metabolism	0.36706840130896323	27756885
cytokines/metabolism	tumor necrosis factor alpha-induced protein 3/metabolism	0.14705882352941174	30420335
tumor microenvironment	stat3 transcription factor/metabolism	0.3331271450235454	37108378
tumor microenvironment	stat3 transcription factor/metabolism	0.3331271450235454	30563531
tumor microenvironment	stat3 transcription factor/metabolism	0.3331271450235454	27756885
tumor microenvironment	pore forming cytotoxic proteins/metabolism	0.4117647058823529	35749514
phospholipid hydroperoxide glutathione peroxidase	malondialdehyde/blood	0.014705882352941178	34396451
cytokines/metabolism	endometrial neoplasms/genetics	0.14705882352941174	30420335
lymphocytes tumor-infiltrating/immunology	cell line tumor/transplantation	0.02941176470588235	33547170
tumor microenvironment	liver cirrhosis/chemically induced	0.4117647058823529	37946098
phospholipid hydroperoxide glutathione peroxidase	spleen/pathology	0.014705882352941178	34396451
tumor microenvironment	drugs chinese herbal	0.4117647058823529	35238098
tumor microenvironment	inflammation/immunology	0.4117647058823529	27756885
carbolines/pharmacology	cystine/antagonists &amp; inhibitors	0.029411764705882353	32778843
cytokines/metabolism	tumor-associated macrophages/immunology	0.27436347673397715	34919143
tumor microenvironment	obesity/pathology	0.4117647058823529	38221626
cytokines/metabolism	calgranulin a/metabolism	0.14705882352941174	30755716
phospholipid hydroperoxide glutathione peroxidase	ferroptosis/drug effects	0.39705882352941163	34396451
macrophages/cytology	gels/chemistry	0.029411764705882353	33236624
macrophages/cytology	drug synergism	0.029411764705882353	31509699
cytokines/metabolism	cadherins/metabolism	0.14705882352941174	28609459
tumor microenvironment	extracellular traps/immunology	0.4117647058823529	39753138
allografts	ferroptosis/drug effects	0.6400351185250219	34093872
macrophages/cytology	saponins/chemistry	0.029411764705882353	31509699
tumor microenvironment	perilipin-5/genetics	0.4117647058823529	37108378
carbolines/pharmacology	reactive oxygen species/metabolism	0.19666374012291488	32778843
macrophages/cytology	antineoplastic agents/chemistry	0.029411764705882353	31509699
tumor microenvironment	cell proliferation	0.006827602584953725	38301989
tumor microenvironment	cell proliferation	0.006827602584953725	31637575
tumor microenvironment	cell proliferation	0.006827602584953725	34958892
tumor microenvironment	cell proliferation	0.006827602584953725	24156623
tumor microenvironment	cell proliferation	0.006827602584953725	33346004
tumor microenvironment	cell proliferation	0.006827602584953725	24844408
tumor microenvironment	cell proliferation	0.006827602584953725	26208571
macrophages/cytology	urinary bladder neoplasms/pathology	0.029411764705882353	33236624
tumor microenvironment	metabolic networks and pathways	0.4117647058823529	34919143
cytokines/metabolism	lipids/chemistry	0.14705882352941174	34919143
tumor microenvironment	carcinoma hepatocellular/genetics	0.16593503072870938	37108378
tumor microenvironment	carcinoma hepatocellular/genetics	0.16593503072870938	33346004
cytokines/metabolism	caco-2 cells	0.14705882352941174	32353824
tumor microenvironment	macrophage colony-stimulating factor/antagonists &amp; inhibitors	0.4117647058823529	27756885
macrophages/cytology	energy metabolism/drug effects	0.029411764705882353	31509699
cytokines/metabolism	colonic neoplasms/microbiology	0.14705882352941174	32353824
tumor microenvironment	mannose receptor	0.4117647058823529	36160648
tumor microenvironment	chemokine cxcl1/metabolism	0.4117647058823529	25802102
allografts	macrophages/drug effects	0.14266900790166812	34093872
tumor microenvironment	antigens cd/metabolism	0.4117647058823529	30420335
tumor microenvironment	diterpenes	0.4117647058823529	35238098
tumor microenvironment	estradiol/pharmacology	0.4117647058823529	30420335
carbolines/pharmacology	CCK	0.08691834942932399	34717678
tumor microenvironment	lung neoplasms/metabolism	0.6575943810359965	26208571
tumor microenvironment	interleukin-6/genetics	0.4117647058823529	37108378
macrophages/cytology	ferroptosis/drug effects	0.15408252853380155	33236624
macrophages/cytology	ferroptosis/drug effects	0.15408252853380155	31509699
cytokines/metabolism	cell proliferation	0.33393781318931826	38301989
cytokines/metabolism	cell proliferation	0.33393781318931826	24156623
tumor microenvironment	prostatic neoplasms/pathology	0.36706840130896323	38221626
tumor microenvironment	prostatic neoplasms/pathology	0.36706840130896323	25802102
macrophages/cytology	neoplasms/drug therapy	0.058384547848990345	31509699
cytokines/metabolism	metabolic networks and pathways	0.14705882352941174	34919143
tumor microenvironment	hormones/blood	0.4117647058823529	24156623
tumor microenvironment	neovascularization pathologic	0.4117647058823529	24844408
allografts	tumor microenvironment/drug effects	0.2230026338893767	34093872
dextrans/chemistry	macrophages/cytology	0.02941176470588235	33236624
tumor microenvironment	calgranulin b/genetics	0.4117647058823529	26208571
allografts	macrophages/metabolism	0.19666374012291488	24844408
tumor microenvironment	docosahexaenoic acids/analysis	0.4117647058823529	29777149
cytokines/metabolism	mannose receptor	0.14705882352941174	36160648
tumor microenvironment	sexual maturation	0.4117647058823529	24156623
cytokines/metabolism	antigens cd/metabolism	0.14705882352941174	30420335
lymphocytes tumor-infiltrating/immunology	t-lymphocytes/immunology	0.014705882352941178	33547170
allografts	mitochondria/drug effects	0.058384547848990345	34093872
macrophages/cytology	mitochondria/drug effects	0.058384547848990345	31509699
tumor microenvironment	leptin/metabolism	0.4117647058823529	30563531
cytokines/metabolism	estradiol/pharmacology	0.14705882352941174	30420335
macrophages/cytology	pyruvate dehydrogenase acetyl-transferring kinase/antagonists &amp; inhibitors	0.029411764705882353	31509699
cytokines/metabolism	lung neoplasms/metabolism	0.27436347673397715	28609459
tumor microenvironment	phosphate-binding proteins/metabolism	0.4117647058823529	35749514
tumor microenvironment	procollagen-lysine 2-oxoglutarate 5-dioxygenase/deficiency	0.4117647058823529	30563531
cytokines/metabolism	hormones/blood	0.14705882352941174	24156623
tumor microenvironment	cellular senescence	0.4117647058823529	35749514
allografts	nf-e2-related factor 2/genetics	0.029411764705882353	34093872
carbolines/pharmacology	GPX4	0.024143985952589993	32778843
carbolines/pharmacology	GPX4	0.024143985952589993	34717678
piperazines/pharmacology	carbolines/pharmacology	0.058384547848990345	32778843
tumor microenvironment	hepatitis a virus cellular receptor 2/metabolism	0.4117647058823529	35238098
cytokines/metabolism	sexual maturation	0.14705882352941174	24156623
tumor microenvironment	adenosine/analogs &amp; derivatives	0.4117647058823529	40287444
kidney	malondialdehyde/blood	0.014705882352941178	34396451
cytokines/metabolism	colon/metabolism	0.14705882352941174	30755716
tumor microenvironment	transforming growth factor beta1/metabolism	0.5480884348311916	35720420
tumor microenvironment	transforming growth factor beta1/metabolism	0.5480884348311916	34958892
lymphocytes tumor-infiltrating/immunology	ferroptosis/drug effects	0.39705882352941163	33547170
kidney	spleen/pathology	0.014705882352941178	34396451
tumor microenvironment	alpha-ketoglutarate-dependent dioxygenase fto/metabolism	0.16593503072870938	40287444
tumor microenvironment	alpha-ketoglutarate-dependent dioxygenase fto/metabolism	0.16593503072870938	31637575
tumor microenvironment	colorectal neoplasms/metabolism	0.4117647058823529	36160648
tumor microenvironment	lipids	0.4117647058823529	37108378
tumor microenvironment	ovarian neoplasms/pathology	0.4117647058823529	39753138
kidney	ferroptosis/drug effects	0.39705882352941163	34396451
cell line tumor/transplantation	t-lymphocytes/immunology	0.029411764705882353	33547170
tumor microenvironment	diet high-fat	0.8028573708995131	24156623
tumor microenvironment	cadherins/genetics	0.4117647058823529	35720420
drug resistance neoplasm	triple negative breast neoplasms/drug therapy	0.014705882352941178	34991659
cytokines/metabolism	colorectal neoplasms/metabolism	0.14705882352941174	36160648
allografts	cell line tumor	0.6747146619841966	34093872
tumor microenvironment	breast neoplasms/pathology	0.4117647058823529	30563531
carbolines/pharmacology	NFE2L2	0.058384547848990345	34717678
tumor microenvironment	glioblastoma/pathology	0.4117647058823529	35720420
cytokines/metabolism	diet high-fat	0.0023944448878601646	32353824
cytokines/metabolism	diet high-fat	0.0023944448878601646	30755716
cytokines/metabolism	diet high-fat	0.0023944448878601646	24156623
allografts	glycogen synthase kinase 3/metabolism	0.029411764705882353	34093872
tumor microenvironment	tumor suppressor protein p53/deficiency	0.4117647058823529	29777149
cell line tumor/transplantation	ferroptosis/drug effects	0.15408252853380155	33547170
cell line tumor/transplantation	ferroptosis/drug effects	0.15408252853380155	34593794
lymphocytes tumor-infiltrating/immunology	membrane proteins/metabolism	0.014705882352941178	33547170
tumor microenvironment	mesenchymal stem cells/immunology	0.4117647058823529	27756885
piperazines/pharmacology	phospholipid hydroperoxide glutathione peroxidase/antagonists &amp; inhibitors	0.029411764705882353	32778843
lymphocytes tumor-infiltrating/immunology	tumor microenvironment/drug effects	0.11764705882352942	33547170
tumor microenvironment	fibroblasts/metabolism	0.4117647058823529	21566463
cell line tumor/transplantation	skin neoplasms/drug therapy	0.029411764705882353	34593794
tumor microenvironment	obesity/etiology	0.4117647058823529	24844408
tumor microenvironment	disease progression	0.4809841168489105	34958892
tumor microenvironment	disease progression	0.4809841168489105	29777149
tumor microenvironment	disease progression	0.4809841168489105	34919143
cytokines/metabolism	disease progression	0.6302044641048152	34919143
dextrans/chemistry	gels/chemistry	0.014705882352941178	33236624
drug resistance neoplasm	ferroptosis/drug effects	0.39705882352941163	34991659
tumor microenvironment	hepatocyte growth factor/blood	0.4117647058823529	32472095
cell line tumor/transplantation	membrane proteins/metabolism	0.029411764705882353	33547170
kidney	iron/blood	0.014705882352941178	34396451
tumor microenvironment	angiopoietin-2/genetics	0.4117647058823529	26208571
cell line tumor/transplantation	tumor microenvironment/drug effects	0.01229148375768218	33547170
cell line tumor/transplantation	tumor microenvironment/drug effects	0.01229148375768218	34593794
lymphocytes tumor-infiltrating/immunology	colonic neoplasms/drug therapy	0.014705882352941178	33547170
tumor microenvironment	nih 3t3 cells	0.4117647058823529	27044818
cell line tumor/transplantation	tumor escape/drug effects	0.029411764705882353	34593794
lymphocytes tumor-infiltrating/immunology	heme oxygenase-1/metabolism	0.014705882352941178	33547170
tumor microenvironment	colorectal neoplasms/drug therapy	0.4117647058823529	35238098
kidney	liver/pathology	0.014705882352941178	34396451
cell line tumor/transplantation	immune checkpoint inhibitors/pharmacology	0.029411764705882353	34593794
lymphocytes tumor-infiltrating/immunology	reactive oxygen species/metabolism	0.10294117647058823	33547170
dextrans/chemistry	urinary bladder neoplasms/pathology	0.014705882352941178	33236624
tumor microenvironment	angiogenesis inducing agents/metabolism	0.4117647058823529	27044818
cell line tumor/transplantation	colonic neoplasms/drug therapy	0.029411764705882353	33547170
tumor microenvironment	bone marrow/pathology	0.4117647058823529	38221626
cell line tumor/transplantation	heme oxygenase-1/metabolism	0.029411764705882353	33547170
cytokines/metabolism	hyperlipidemias	0.14705882352941174	36160648
cell line tumor/transplantation	reactive oxygen species/metabolism	0.19666374012291488	33547170
tumor microenvironment	adipocytes/metabolism	0.02514167132253173	24844408
tumor microenvironment	adipocytes/metabolism	0.02514167132253173	38221626
tumor microenvironment	adipocytes/metabolism	0.02514167132253173	30563531
tumor microenvironment	adipocytes/metabolism	0.02514167132253173	25802102
piperazines/pharmacology	phospholipid hydroperoxide glutathione peroxidase	0.029411764705882353	34396451
tumor microenvironment	obesity/complications	0.4117647058823529	35749514
cytokines/metabolism	breast neoplasms/etiology	0.14705882352941174	24156623
tumor microenvironment	hyperlipidemias	0.4117647058823529	36160648
cell line tumor/transplantation	drug resistance neoplasm/drug effects	0.029411764705882353	34593794
tumor microenvironment	rna small interfering/genetics	0.4117647058823529	28249896
cytokines/metabolism	ht29 cells	0.14705882352941174	32353824
tumor microenvironment	carcinoma hepatocellular/chemically induced	0.4117647058823529	37946098
kidney	cell line tumor	0.4264705882352941	34396451
cell line tumor/transplantation	HMOX1	0.029411764705882353	33547170
tumor microenvironment	breast neoplasms/etiology	0.4117647058823529	24156623
tumor microenvironment	3t3-l1 cells	0.4117647058823529	30563531
allografts	CHRM1	0.11501316944688324	34093872
lymphocytes tumor-infiltrating/immunology	HMOX1	0.014705882352941178	33547170
drug resistance neoplasm	tumor microenvironment/drug effects	0.11764705882352942	34991659
piperazines/pharmacology	antineoplastic agents/pharmacology	0.19666374012291488	32778843
tumor microenvironment	cytokines/biosynthesis	0.4117647058823529	21566463
tumor microenvironment	obesity	0.4117647058823529	25802102
piperazines/pharmacology	glutathione	0.029411764705882353	34396451
cell line tumor/transplantation	TP53	0.14266900790166812	33547170
allografts	GSK3B	0.029411764705882353	34093872
cytokines/metabolism	diet high-fat/adverse effects	0.38430840450155646	36160648
tumor microenvironment	anti-inflammatory agents/metabolism	0.4117647058823529	27044818
tumor microenvironment	hypoxia	0.4117647058823529	21566463
cytokines/metabolism	metabolic reprogramming	0.14705882352941174	38301989
allografts	PDCD1	0.16988586479367865	34093872
piperazines/pharmacology	gene expression regulation neoplastic	0.14266900790166812	32778843
tumor microenvironment	transforming growth factor beta/metabolism	0.16593503072870938	37946098
tumor microenvironment	transforming growth factor beta/metabolism	0.16593503072870938	26208571
cytokines/metabolism	carcinoma hepatocellular/pathology	0.27436347673397715	38301989
lymphocytes tumor-infiltrating/immunology	TP53	0.07352941176470588	33547170
tumor microenvironment	cell communication	0.4117647058823529	21566463
allografts	PRKAA1	0.029411764705882353	34093872
cytokines/metabolism	neoplasm metastasis	0.5604317214830824	30755716
dextrans/chemistry	ferroptosis/drug effects	0.39705882352941163	33236624
tumor microenvironment	diet high-fat/adverse effects	0.36706840130896323	36160648
tumor microenvironment	diet high-fat/adverse effects	0.36706840130896323	24844408
cell line tumor/transplantation	CD274	0.11501316944688324	34593794
tumor microenvironment	chemokine cxcl2/metabolism	0.4117647058823529	25802102
allografts	GABPA	0.029411764705882353	34093872
drug resistance neoplasm	basic-leucine zipper transcription factors/analysis	0.014705882352941178	34991659
tumor microenvironment	metabolic reprogramming	0.4117647058823529	38301989
cell line tumor/transplantation	ASAH2	0.029411764705882353	33547170
piperazines/pharmacology	kidney	0.029411764705882353	34396451
tumor microenvironment	carcinoma hepatocellular/pathology	0.6575943810359965	38301989
tumor microenvironment	macrophage colony-stimulating factor/metabolism	0.4117647058823529	40287444
cytokines/metabolism	immunocompetence	0.14705882352941174	28609459
allografts	MTOR	0.029411764705882353	34093872
tumor microenvironment	sweat glands/cytology	0.4117647058823529	31637575
cytokines/metabolism	tumor microenvironment/physiology	0.38430840450155646	32353824
drug resistance neoplasm	tumor-associated macrophages/drug effects	0.014705882352941178	34991659
tumor microenvironment	cell movement	0.4117647058823529	30563531
phospholipid hydroperoxide glutathione peroxidase/metabolism	glutathione/metabolism	0.0013169446883230904	30787033
phospholipid hydroperoxide glutathione peroxidase/metabolism	glutathione/metabolism	0.0013169446883230904	32814895
cytokines/metabolism	cell plasticity/genetics	0.14705882352941174	34919143
tumor microenvironment	caveolin 1/deficiency	0.4117647058823529	21566463
tumor microenvironment	cell polarity	0.4117647058823529	27044818
piperazines/pharmacology	cell proliferation/drug effects	0.058384547848990345	32778843
allografts	BTRC	0.029411764705882353	34093872
tumor microenvironment	neoplasm metastasis	0.6913959613696226	27044818
tumor microenvironment	neoplasm metastasis	0.6913959613696226	30563531
allografts	PRKAA2	0.029411764705882353	34093872
cytokines/metabolism	scavenger receptors class e/genetics	0.14705882352941174	36160648
tumor microenvironment	tumor cells cultured	0.4117647058823529	24844408
cytokines/metabolism	anti-inflammatory agents/pharmacology	0.14705882352941174	30755716
tumor microenvironment	tumor necrosis factor-alpha/metabolism	0.36706840130896323	35238098
tumor microenvironment	tumor necrosis factor-alpha/metabolism	0.36706840130896323	31637575
tumor microenvironment	neoplasm invasiveness	0.4117647058823529	27756885
cytokines/metabolism	estrogen receptor alpha/genetics	0.14705882352941174	30420335
allografts	CD274	0.11501316944688324	34093872
phospholipid hydroperoxide glutathione peroxidase/metabolism	neoplasm metastasis/drug therapy	0.029411764705882353	32814895
amp-activated protein kinase kinases	lung neoplasms/drug therapy	0.014705882352941178	34093872
tumor microenvironment	peritoneal neoplasms/secondary	0.4117647058823529	39753138
tumor microenvironment	chemokine ccl2/genetics	0.4117647058823529	38221626
benzylidene compounds/pharmacology	cell line tumor/transplantation	0.02941176470588235	34593794
lymphocytes tumor-infiltrating/immunology	ASAH2	0.014705882352941178	33547170
tumor microenvironment	bone marrow cells/metabolism	0.4117647058823529	25802102
dextrans/chemistry	reactive oxygen species/metabolism	0.10294117647058823	33236624
cytokines/metabolism	cancer-associated fibroblasts/pathology	0.14705882352941174	38301989
drug resistance neoplasm	TGFB1	0.10294117647058823	34991659
allografts	NFE2L2	0.058384547848990345	34093872
piperazines/pharmacology	folic acid antagonists/pharmacology	0.029411764705882353	32778843
tumor microenvironment	kruppel-like transcription factors/genetics	0.16593503072870938	38221626
tumor microenvironment	kruppel-like transcription factors/genetics	0.16593503072870938	37946098
drug resistance neoplasm	HLF	0.014705882352941178	34991659
tumor microenvironment	cell plasticity/genetics	0.4117647058823529	34919143
dextrans/chemistry	gold/chemistry	0.014705882352941178	33236624
tumor microenvironment	interleukin-33/metabolism	0.4117647058823529	35749514
piperazines/pharmacology	tetrahydrofolate dehydrogenase/genetics	0.029411764705882353	32778843
allografts	CD8A	0.2230026338893767	34093872
tumor microenvironment	bone neoplasms/secondary	0.4117647058823529	25802102
cytokines/metabolism	hek293 cells	0.14705882352941174	30420335
tumor microenvironment	palmitic acid/pharmacology	0.4117647058823529	38221626
dextrans/chemistry	cell line tumor	0.4264705882352941	33236624
phospholipid hydroperoxide glutathione peroxidase/metabolism	host-pathogen interactions	0.029411764705882353	30787033
tumor microenvironment	cell differentiation	0.0653683454385825	35238098
tumor microenvironment	cell differentiation	0.0653683454385825	25802102
tumor microenvironment	cell differentiation	0.0653683454385825	31637575
tumor microenvironment	scavenger receptors class e/genetics	0.4117647058823529	36160648
drug resistance neoplasm	STAT3	0.08823529411764705	34991659
tumor microenvironment	brain neoplasms/pathology	0.4117647058823529	40287444
cell proliferation/drug effects	folic acid antagonists/pharmacology	0.029411764705882353	32778843
allografts	PRKAB1	0.029411764705882353	34093872
cytokines/metabolism	FAP	0.14705882352941174	38301989
tumor microenvironment	estrogen receptor alpha/genetics	0.4117647058823529	30420335
cell proliferation/drug effects	tetrahydrofolate dehydrogenase/genetics	0.029411764705882353	32778843
amp-activated protein kinase kinases	ferroptosis/drug effects	0.39705882352941163	34093872
tumor microenvironment	autophagy-related protein 7/genetics	0.4117647058823529	33346004
allografts	RPL17-C18orf32	0.16988586479367865	34093872
cytokines/metabolism	HGF	0.27436347673397715	24156623
tumor microenvironment	rna messenger/metabolism	0.6575943810359965	31637575
allografts	RPL17	0.16988586479367865	34093872
tumor microenvironment	receptor melanocortin type 4/physiology	0.4117647058823529	24844408
amp-activated protein kinase kinases	macrophages/drug effects	0.07352941176470588	34093872
cytokines/metabolism	CCL2	0.5604317214830824	30755716
phospholipid hydroperoxide glutathione peroxidase/metabolism	ferroptosis/drug effects	0.15408252853380155	30787033
phospholipid hydroperoxide glutathione peroxidase/metabolism	ferroptosis/drug effects	0.15408252853380155	32814895
tumor microenvironment	cancer-associated fibroblasts/pathology	0.4117647058823529	38301989
allografts	MRLN	0.11501316944688324	34093872
cytokines/metabolism	NFKB1	0.03713615182008509	32353824
cytokines/metabolism	NFKB1	0.03713615182008509	30755716
cytokines/metabolism	NFKB1	0.03713615182008509	24156623
cell proliferation/drug effects	vitamin e/pharmacology	0.029411764705882353	32778843
tumor microenvironment	osteolysis/pathology	0.4117647058823529	25802102
amp-activated protein kinase kinases	tumor microenvironment/drug effects	0.11764705882352942	34093872
drug resistance neoplasm	SMAD3	0.014705882352941178	34991659
allografts	CTLA4	0.029411764705882353	34093872
tumor microenvironment	paracrine communication	0.16593503072870938	33346004
tumor microenvironment	paracrine communication	0.16593503072870938	27756885
cell proliferation/drug effects	dose-response relationship drug	0.0013169446883230904	32778843
cell proliferation/drug effects	dose-response relationship drug	0.0013169446883230904	30420335
benzylidene compounds/pharmacology	ferroptosis/drug effects	0.39705882352941163	34593794
amp-activated protein kinase kinases	mitochondria/drug effects	0.02941176470588235	34093872
cell proliferation/drug effects	antioxidants/pharmacology	0.029411764705882353	32778843
dextrans/chemistry	CHRM1	0.05882352941176471	33236624
tumor microenvironment	gene expression regulation	0.4117647058823529	31637575
cytokines/metabolism	APC	0.14705882352941174	32353824
piperazines/pharmacology	vitamin e/pharmacology	0.029411764705882353	32778843
amp-activated protein kinase kinases	nf-e2-related factor 2/genetics	0.014705882352941178	34093872
phospholipid hydroperoxide glutathione peroxidase/metabolism	macrophages/drug effects	0.14266900790166812	30787033
tumor microenvironment	apoptosis	0.4117647058823529	24844408
piperazines/pharmacology	dose-response relationship drug	0.08691834942932399	32778843
tumor microenvironment	protein tyrosine phosphatase non-receptor type 6/metabolism	0.4117647058823529	39753138
benzylidene compounds/pharmacology	skin neoplasms/drug therapy	0.014705882352941178	34593794
phospholipid hydroperoxide glutathione peroxidase/metabolism	cell survival	0.058384547848990345	32814895
tumor microenvironment	cd8-positive t-lymphocytes	0.4117647058823529	35238098
amp-activated protein kinase kinases	cell line tumor	0.4264705882352941	34093872
piperazines/pharmacology	antioxidants/pharmacology	0.029411764705882353	32778843
cytokines/metabolism	IL1B	0.27436347673397715	34919143
amp-activated protein kinase kinases	glycogen synthase kinase 3/metabolism	0.014705882352941178	34093872
cytokines/metabolism	PIK3CA	0.27436347673397715	28609459
tumor microenvironment	hek293 cells	0.4117647058823529	30420335
tumor microenvironment	lymphatic metastasis	0.4117647058823529	24844408
cell proliferation/drug effects	ferroptosis/drug effects	0.6400351185250219	32778843
cell proliferation/drug effects	jurkat cells	0.058384547848990345	32778843
drug resistance neoplasm	JAK2	0.014705882352941178	34991659
benzylidene compounds/pharmacology	tumor microenvironment/drug effects	0.11764705882352942	34593794
tumor microenvironment	omentum/immunology	0.4117647058823529	39753138
cell proliferation/drug effects	methotrexate/pharmacology	0.029411764705882353	32778843
tumor microenvironment	SNAI2	0.4117647058823529	37946098
amp-activated protein kinase kinases	CHRM1	0.05882352941176471	34093872
cell proliferation/drug effects	biopterins/analogs &amp; derivatives	0.029411764705882353	32778843
benzylidene compounds/pharmacology	tumor escape/drug effects	0.014705882352941178	34593794
drug resistance neoplasm	IL6	0.1323529411764706	34991659
oxidative stress	ferric compounds/chemistry	0.08691834942932399	32686685
amp-activated protein kinase kinases	GSK3B	0.014705882352941178	34093872
amp-activated protein kinase kinases	PDCD1	0.08823529411764705	34093872
tumor microenvironment	ARHGEF5	0.4117647058823529	35238098
benzylidene compounds/pharmacology	immune checkpoint inhibitors/pharmacology	0.014705882352941178	34593794
tumor microenvironment	FAP	0.4117647058823529	38301989
amp-activated protein kinase kinases	PRKAA1	0.014705882352941178	34093872
amp-activated protein kinase kinases	GABPA	0.014705882352941178	34093872
amp-activated protein kinase kinases	MTOR	0.014705882352941178	34093872
tumor microenvironment	EEF1A2	0.4117647058823529	27756885
amp-activated protein kinase kinases	BTRC	0.014705882352941178	34093872
toll-like receptor 4/metabolism	cd36 antigens/metabolism	0.026259078936866475	39166450
toll-like receptor 4/metabolism	cd36 antigens/metabolism	0.026259078936866475	31257391
amp-activated protein kinase kinases	PRKAA2	0.014705882352941178	34093872
tumor microenvironment	SULT2A1	0.4117647058823529	35749514
toll-like receptor 4/metabolism	rna messenger/metabolism	0.08691834942932399	31257391
amp-activated protein kinase kinases	CD274	0.05882352941176471	34093872
dextrans/chemistry	MRLN	0.05882352941176471	33236624
tumor microenvironment	HGF	0.16593503072870938	32472095
tumor microenvironment	HGF	0.16593503072870938	24156623
drug resistance neoplasm	GGT1	0.014705882352941178	34991659
benzylidene compounds/pharmacology	drug resistance neoplasm/drug effects	0.014705882352941178	34593794
amp-activated protein kinase kinases	NFE2L2	0.02941176470588235	34093872
oxidative stress	piperazines/pharmacology	0.058384547848990345	32778843
cytokines/metabolism	CD163	0.27436347673397715	30420335
amp-activated protein kinase kinases	CD8A	0.11764705882352942	34093872
tumor microenvironment	SERPINE1	0.4117647058823529	35720420
toll-like receptor 4/metabolism	gastrointestinal tract	0.044117647058823525	31257391
cytokines/metabolism	IRF6	0.14705882352941174	30755716
piperazines/pharmacology	malondialdehyde/blood	0.029411764705882353	34396451
amp-activated protein kinase kinases	PRKAB1	0.014705882352941178	34093872
tumor microenvironment	CCL2	0.3331271450235454	24844408
tumor microenvironment	CCL2	0.3331271450235454	35238098
tumor microenvironment	CCL2	0.3331271450235454	38221626
cytokines/metabolism	S100A8	0.27436347673397715	30755716
allografts	chemokines/metabolism	0.029411764705882353	24844408
amp-activated protein kinase kinases	RPL17-C18orf32	0.08823529411764705	34093872
tumor microenvironment	NFKB1	0.4809841168489105	21566463
tumor microenvironment	NFKB1	0.4809841168489105	32472095
tumor microenvironment	NFKB1	0.4809841168489105	24156623
amp-activated protein kinase kinases	RPL17	0.08823529411764705	34093872
piperazines/pharmacology	spleen/pathology	0.029411764705882353	34396451
oxidative stress	carbolines/pharmacology	0.058384547848990345	32778843
amp-activated protein kinase kinases	MRLN	0.05882352941176471	34093872
tumor microenvironment	TPI1	0.4117647058823529	35238098
amp-activated protein kinase kinases	CTLA4	0.014705882352941178	34093872
cytokines/metabolism	PIK3CD	0.27436347673397715	28609459
tumor microenvironment	NANOG	0.4117647058823529	31637575
calreticulin/metabolism	ascorbic acid/pharmacology	0.014705882352941178	32686685
allografts	lymphangiogenesis	0.029411764705882353	24844408
tumor microenvironment	IL4	0.4117647058823529	27044818
piperazines/pharmacology	ferroptosis/drug effects	0.15408252853380155	32778843
piperazines/pharmacology	ferroptosis/drug effects	0.15408252853380155	34396451
oxidative stress	neoplasms/diagnostic imaging	0.029411764705882353	32686685
tumor microenvironment	IL1RL1	0.4117647058823529	35749514
allografts	leptin/physiology	0.029411764705882353	24844408
piperazines/pharmacology	jurkat cells	0.058384547848990345	32778843
phospholipid hydroperoxide glutathione peroxidase/metabolism	GPX4	0.024143985952589993	30787033
phospholipid hydroperoxide glutathione peroxidase/metabolism	GPX4	0.024143985952589993	32814895
tumor microenvironment	FFAR1	0.4117647058823529	38221626
cytokines/metabolism	TNFSF11	0.14705882352941174	24156623
tumor microenvironment	CCR7	0.4117647058823529	24844408
phospholipid hydroperoxide glutathione peroxidase/metabolism	ACSL3	0.029411764705882353	32814895
calreticulin/metabolism	ferroptosis/drug effects	0.39705882352941163	32686685
cytokines/metabolism	TNF	0.21156800837441747	30755716
cytokines/metabolism	TNF	0.21156800837441747	30420335
tumor microenvironment	GDF15	0.4117647058823529	33346004
cytokines/metabolism	FAM126A	0.14705882352941174	38301989
piperazines/pharmacology	methotrexate/pharmacology	0.029411764705882353	32778843
cytokines/metabolism	ESR1	0.14705882352941174	30420335
tumor microenvironment	CCL21	0.4117647058823529	24844408
piperazines/pharmacology	biopterins/analogs &amp; derivatives	0.029411764705882353	32778843
tumor microenvironment	FLT4	0.4117647058823529	24844408
oxidative stress	phospholipid hydroperoxide glutathione peroxidase/antagonists &amp; inhibitors	0.029411764705882353	32778843
cytokines/metabolism	PIK3CG	0.27436347673397715	28609459
tumor microenvironment	SMAD2	0.4117647058823529	37946098
cytokines/metabolism	PROM1	0.14705882352941174	36160648
tumor microenvironment	IL1B	0.16593503072870938	35749514
tumor microenvironment	IL1B	0.16593503072870938	34919143
cytokines/metabolism	IL22	0.14705882352941174	32353824
tumor microenvironment	KDR	0.4117647058823529	24844408
benzylidene compounds/pharmacology	CD274	0.05882352941176471	34593794
tumor microenvironment	PIK3CA	0.6575943810359965	30563531
cytokines/metabolism	VIM	0.14705882352941174	38301989
tumor microenvironment	EGF	0.4117647058823529	32472095
cytokines/metabolism	AKT1	0.27436347673397715	28609459
piperazines/pharmacology	iron/blood	0.029411764705882353	34396451
tumor microenvironment	CDH2	0.4117647058823529	37946098
toll-like receptor 4/metabolism	TNF	0.24535078617607156	31257391
cytokines/metabolism	MRC1	0.27436347673397715	36160648
tumor microenvironment	CBX8	0.4117647058823529	25802102
cytokines/metabolism	TNFAIP3	0.14705882352941174	30420335
tumor microenvironment	ARG1	0.4117647058823529	27044818
piperazines/pharmacology	cystine/antagonists &amp; inhibitors	0.029411764705882353	32778843
tumor microenvironment	PLOD2	0.4117647058823529	30563531
cytokines/metabolism	IL17A	0.054473621198818746	32353824
cytokines/metabolism	IL17A	0.054473621198818746	30420335
piperazines/pharmacology	liver/pathology	0.029411764705882353	34396451
cytokines/metabolism	PIK3CB	0.27436347673397715	28609459
tumor microenvironment	KLF10	0.4117647058823529	37946098
tumor microenvironment	CXCL13	0.4117647058823529	39753138
calreticulin/metabolism	cell line tumor	0.4264705882352941	32686685
allografts	rna messenger/genetics	0.029411764705882353	24844408
tumor microenvironment	ACTR1B	0.4117647058823529	25802102
vitamin e/pharmacology	dose-response relationship drug	0.04411764705882353	32778843
oxidative stress	antineoplastic agents/pharmacology	0.19666374012291488	32778843
piperazines/pharmacology	reactive oxygen species/metabolism	0.19666374012291488	32778843
vitamin e/pharmacology	antioxidants/pharmacology	0.014705882352941178	32778843
tumor microenvironment	BTG2	0.4117647058823529	25802102
tumor microenvironment	CCR2	0.6575943810359965	35238098
tumor microenvironment	CSF2	0.4117647058823529	21566463
oxidative stress	gene expression regulation neoplastic	0.14266900790166812	32778843
tumor microenvironment	PLIN1	0.4117647058823529	37108378
cell cycle/drug effects	precursor cell lymphoblastic leukemia-lymphoma/metabolism	0.014705882352941178	33926261
urinary bladder neoplasms/pathology	ferroptosis/drug effects	0.39705882352941163	33236624
tumor microenvironment	IL13	0.4117647058823529	27044818
piperazines/pharmacology	cell line tumor	0.6747146619841966	34396451
tumor microenvironment	CXCL8	0.6575943810359965	21566463
tumor microenvironment	PCSK1	0.4117647058823529	25802102
cell cycle/drug effects	antineoplastic agents/pharmacology	0.10294117647058823	33926261
tumor microenvironment	CCL19	0.4117647058823529	24844408
vitamin e/pharmacology	ferroptosis/drug effects	0.39705882352941163	32778843
vitamin e/pharmacology	jurkat cells	0.02941176470588235	32778843
calreticulin/metabolism	CALR	0.014705882352941178	32686685
oxidative stress	t-lymphocytes cytotoxic/metabolism	0.029411764705882353	32686685
cell cycle/drug effects	autophagy/drug effects	0.02941176470588235	33926261
tumor microenvironment	KLF7	0.4117647058823529	38221626
vitamin e/pharmacology	methotrexate/pharmacology	0.014705882352941178	32778843
tumor microenvironment	HAVCR2	0.4117647058823529	35238098
vitamin e/pharmacology	biopterins/analogs &amp; derivatives	0.014705882352941178	32778843
tetrahydrofolate dehydrogenase/genetics	vitamin e/pharmacology	0.014705882352941178	32778843
tumor microenvironment	LEP	0.16593503072870938	30563531
tumor microenvironment	LEP	0.16593503072870938	32472095
tetrahydrofolate dehydrogenase/genetics	dose-response relationship drug	0.04411764705882353	32778843
tetrahydrofolate dehydrogenase/genetics	antioxidants/pharmacology	0.014705882352941178	32778843
oxidative stress	cell proliferation/drug effects	0.058384547848990345	32778843
tumor microenvironment	HNF4A	0.4117647058823529	35238098
tumor microenvironment	ANGPT2	0.4117647058823529	26208571
vitamin e/pharmacology	cystine/antagonists &amp; inhibitors	0.014705882352941178	32778843
allografts	cell proliferation	0.2230026338893767	24844408
tumor microenvironment	CD209	0.4117647058823529	27044818
urinary bladder neoplasms/pathology	reactive oxygen species/metabolism	0.10294117647058823	33236624
vitamin e/pharmacology	reactive oxygen species/metabolism	0.10294117647058823	32778843
tumor microenvironment	CXCR2	0.4117647058823529	25802102
calreticulin/metabolism	CYREN	0.014705882352941178	32686685
tumor microenvironment	CSF1	0.0653683454385825	24844408
tumor microenvironment	CSF1	0.0653683454385825	40287444
tumor microenvironment	CSF1	0.0653683454385825	27756885
urinary bladder neoplasms/pathology	gold/chemistry	0.014705882352941178	33236624
tumor microenvironment	CAV1	0.4117647058823529	21566463
urinary bladder neoplasms/pathology	cell line tumor	0.4264705882352941	33236624
oxidative stress	folic acid antagonists/pharmacology	0.029411764705882353	32778843
tetrahydrofolate dehydrogenase/genetics	ferroptosis/drug effects	0.39705882352941163	32778843
tumor microenvironment	TCF7	0.4117647058823529	35238098
tetrahydrofolate dehydrogenase/genetics	jurkat cells	0.02941176470588235	32778843
tumor microenvironment	ATG7	0.4117647058823529	33346004
oxidative stress	tetrahydrofolate dehydrogenase/genetics	0.029411764705882353	32778843
tetrahydrofolate dehydrogenase/genetics	methotrexate/pharmacology	0.014705882352941178	32778843
adaptor proteins vesicular transport/genetics	myocardial reperfusion injury/drug therapy	0.014705882352941178	30830879
tetrahydrofolate dehydrogenase/genetics	biopterins/analogs &amp; derivatives	0.014705882352941178	32778843
tumor microenvironment	CD163	0.6575943810359965	30420335
allografts	neovascularization pathologic	0.029411764705882353	24844408
tumor microenvironment	THBS2	0.4117647058823529	34958892
piperazines/pharmacology	GPX4	0.29938542581211586	32778843
cell cycle/drug effects	glutathione/metabolism	0.04411764705882353	33926261
vitamin e/pharmacology	GPX4	0.16176470588235295	32778843
tumor microenvironment	IL6R	0.4117647058823529	37108378
tetrahydrofolate dehydrogenase/genetics	cystine/antagonists &amp; inhibitors	0.014705882352941178	32778843
tumor microenvironment	S100A8	0.6575943810359965	26208571
tumor microenvironment	S100A9	0.4117647058823529	26208571
oxidative stress	calreticulin/metabolism	0.029411764705882353	32686685
tetrahydrofolate dehydrogenase/genetics	reactive oxygen species/metabolism	0.10294117647058823	32778843
tumor microenvironment	JUN	0.4117647058823529	32472095
tumor microenvironment	PTEN	0.4117647058823529	29777149
urinary bladder neoplasms/pathology	CHRM1	0.05882352941176471	33236624
tumor microenvironment	LCN2	0.4117647058823529	28249896
tumor microenvironment	PIK3CD	0.6575943810359965	30563531
tumor microenvironment	KRT6A	0.4117647058823529	25802102
oxidative stress	vitamin e/pharmacology	0.029411764705882353	32778843
tumor microenvironment	IL33	0.4117647058823529	35749514
adaptor proteins vesicular transport/genetics	ferroptosis/drug effects	0.39705882352941163	30830879
tumor microenvironment	SDCBP2	0.4117647058823529	35749514
tumor microenvironment	PLIN5	0.4117647058823529	37108378
oxidative stress	dose-response relationship drug	0.08691834942932399	32778843
tetrahydrofolate dehydrogenase/genetics	GPX4	0.16176470588235295	32778843
tumor microenvironment	MAPK8	0.16593503072870938	34958892
tumor microenvironment	MAPK8	0.16593503072870938	32472095
oxidative stress	antioxidants/pharmacology	0.029411764705882353	32778843
tumor microenvironment	CXCL1	0.4117647058823529	25802102
adaptor proteins vesicular transport/genetics	neutrophil infiltration	0.014705882352941178	30830879
tumor microenvironment	SLC22A17	0.4117647058823529	28249896
cell cycle/drug effects	autophagy-related proteins/genetics	0.014705882352941178	33926261
tumor microenvironment	PDCD1LG2	0.4117647058823529	35720420
allografts	obesity/etiology	0.029411764705882353	24844408
tumor microenvironment	MAP2K7	0.4117647058823529	34958892
adaptor proteins vesicular transport/genetics	toll-like receptor 4/genetics	0.014705882352941178	30830879
tumor microenvironment	TNFSF11	0.4117647058823529	24156623
cell cycle/drug effects	ferroptosis/drug effects	0.39705882352941163	33926261
tumor microenvironment	ADIPOQ	0.4117647058823529	32472095
cell cycle/drug effects	jurkat cells	0.02941176470588235	33926261
tumor microenvironment	PTPN6	0.4117647058823529	39753138
tumor suppressor protein p53/metabolism	myeloid-derived suppressor cells/immunology	0.044117647058823525	33547170
tumor microenvironment	TNF	0.18527017319818023	35238098
tumor microenvironment	TNF	0.18527017319818023	30420335
tumor microenvironment	TNF	0.18527017319818023	37108378
tumor microenvironment	TNF	0.18527017319818023	31637575
urinary bladder neoplasms/pathology	MRLN	0.05882352941176471	33236624
tumor microenvironment	FAM126A	0.4117647058823529	38301989
allografts	adipocytes/metabolism	0.11501316944688324	24844408
adaptor proteins vesicular transport/genetics	TICAM1	0.014705882352941178	30830879
tumor microenvironment	ESR1	0.4117647058823529	30420335
cell cycle/drug effects	glutathione peroxidase/metabolism	0.014705882352941178	33926261
cell cycle/drug effects	flavonolignans/pharmacology	0.014705882352941178	33926261
tumor microenvironment	FAT1	0.4117647058823529	35720420
adaptor proteins vesicular transport/genetics	IFNA1	0.04411764705882353	30830879
glutathione/metabolism	neoplasm metastasis/drug therapy	0.044117647058823525	32814895
tumor microenvironment	IL10	0.18604836778673478	39753138
tumor microenvironment	IL10	0.18604836778673478	27044818
tumor microenvironment	IL10	0.18604836778673478	21566463
tumor microenvironment	FTO	0.16593503072870938	40287444
tumor microenvironment	FTO	0.16593503072870938	31637575
oxidative stress	ascorbic acid/pharmacology	0.029411764705882353	32686685
tumor microenvironment	MSMP	0.4117647058823529	38221626
tumor suppressor protein p53/metabolism	neutral ceramidase/antagonists &amp; inhibitors	0.044117647058823525	33547170
tumor microenvironment	PIK3CG	0.6575943810359965	30563531
glutathione/metabolism	host-pathogen interactions	0.044117647058823525	30787033
tumor microenvironment	PROM1	0.4117647058823529	36160648
adaptor proteins vesicular transport/genetics	TLR4	0.04411764705882353	30830879
tumor microenvironment	CXCL2	0.4117647058823529	25802102
glutathione/metabolism	autophagy-related proteins/genetics	0.044117647058823525	33926261
cell cycle/drug effects	reactive oxygen species/metabolism	0.10294117647058823	33926261
tumor suppressor protein p53/metabolism	antineoplastic agents/pharmacology	0.281866070715939	33547170
glutathione/metabolism	ferroptosis/drug effects	0.058364594141591515	30787033
glutathione/metabolism	ferroptosis/drug effects	0.058364594141591515	33926261
glutathione/metabolism	ferroptosis/drug effects	0.058364594141591515	32814895
glutathione/metabolism	jurkat cells	0.08691834942932399	33926261
allografts	diet high-fat/adverse effects	0.08691834942932399	24844408
adaptor proteins vesicular transport/genetics	TRIM69	0.014705882352941178	30830879
oxidative stress	ferroptosis/drug effects	0.15408252853380155	32778843
oxidative stress	ferroptosis/drug effects	0.15408252853380155	32686685
oxidative stress	jurkat cells	0.058384547848990345	32778843
glutathione/metabolism	macrophages/drug effects	0.20761832548487508	30787033
glutathione/metabolism	glutathione peroxidase/metabolism	0.044117647058823525	33926261
glutathione/metabolism	flavonolignans/pharmacology	0.044117647058823525	33926261
tumor suppressor protein p53/metabolism	diterpenes/pharmacology	0.044117647058823525	35778693
glutathione/metabolism	cell survival	0.08691834942932399	32814895
oxidative stress	methotrexate/pharmacology	0.029411764705882353	32778843
allografts	tumor cells cultured	0.029411764705882353	24844408
oxidative stress	biopterins/analogs &amp; derivatives	0.029411764705882353	32778843
glutathione/metabolism	reactive oxygen species/metabolism	0.281866070715939	33926261
tumor suppressor protein p53/metabolism	lymphocytes tumor-infiltrating/immunology	0.044117647058823525	33547170
tumor suppressor protein p53/metabolism	cell line tumor/transplantation	0.08691834942932399	33547170
tumor microenvironment	GSDMD	0.4117647058823529	35749514
tumor microenvironment	HNF1A	0.4117647058823529	35238098
tumor microenvironment	YTHDF2	0.4117647058823529	40287444
tumor suppressor protein p53/metabolism	lymphoma t-cell	0.044117647058823525	35778693
tumor microenvironment	VIM	0.4117647058823529	38301989
oxidative stress	cystine/antagonists &amp; inhibitors	0.029411764705882353	32778843
glutathione/metabolism	GPX4	0.0032923617208077266	30787033
glutathione/metabolism	GPX4	0.0032923617208077266	33926261
glutathione/metabolism	GPX4	0.0032923617208077266	32814895
tumor microenvironment	TIMELESS	0.4117647058823529	35238098
tumor microenvironment	AKT1	0.6575943810359965	30563531
glutathione/metabolism	ACSL3	0.044117647058823525	32814895
tumor microenvironment	MRC1	0.16593503072870938	36160648
tumor microenvironment	MRC1	0.16593503072870938	27044818
glutathione/metabolism	ROS1	0.16864873493495092	33926261
tumor microenvironment	CCL5	0.4117647058823529	21566463
glutathione/metabolism	ATG5	0.044117647058823525	33926261
tumor microenvironment	TNFAIP3	0.4117647058823529	30420335
oxidative stress	reactive oxygen species/metabolism	0.19666374012291488	32778843
allografts	receptor melanocortin type 4/physiology	0.029411764705882353	24844408
tumor microenvironment	HAVCR1	0.4117647058823529	35238098
tumor microenvironment	IL17A	0.8028573708995131	30420335
cell cycle/drug effects	GPX4	0.16176470588235295	33926261
tumor microenvironment	PIK3CB	0.6575943810359965	30563531
allografts	apoptosis	0.029411764705882353	24844408
oxidative stress	cell line tumor	0.6747146619841966	32686685
lymph/metabolism	coenzyme a ligases/metabolism	0.014705882352941178	32814895
cell cycle/drug effects	ROS1	0.05882352941176471	33926261
allografts	lymphatic metastasis	0.029411764705882353	24844408
cell cycle/drug effects	ATG5	0.014705882352941178	33926261
tumor suppressor protein p53/metabolism	t-lymphocytes/immunology	0.044117647058823525	33547170
lymph/metabolism	oxidative stress/drug effects	0.02941176470588235	32814895
allografts	CCL2	0.14266900790166812	24844408
tumor suppressor protein p53/metabolism	ferroptosis/drug effects	0.34551839731822176	33547170
tumor suppressor protein p53/metabolism	ferroptosis/drug effects	0.34551839731822176	35778693
tumor suppressor protein p53/metabolism	killer cells natural/metabolism	0.044117647058823525	35778693
oxidative stress	CALR	0.029411764705882353	32686685
allografts	CCR7	0.029411764705882353	24844408
tumor suppressor protein p53/metabolism	membrane proteins/metabolism	0.044117647058823525	33547170
allografts	CCL21	0.029411764705882353	24844408
tumor suppressor protein p53/metabolism	tumor microenvironment/drug effects	0.3171841328118765	33547170
oxidative stress	GPX4	0.29938542581211586	32778843
allografts	FLT4	0.029411764705882353	24844408
allografts	KDR	0.029411764705882353	24844408
tumor suppressor protein p53/metabolism	colonic neoplasms/drug therapy	0.044117647058823525	33547170
phenol/chemistry	cd8-positive t-lymphocytes/cytology	0.02941176470588235	34985903
tumor suppressor protein p53/metabolism	heme oxygenase-1/metabolism	0.044117647058823525	33547170
tumor suppressor protein p53/metabolism	reactive oxygen species/metabolism	0.026259078936866475	33547170
tumor suppressor protein p53/metabolism	reactive oxygen species/metabolism	0.026259078936866475	35778693
tumor suppressor protein p53/metabolism	asparaginase	0.044117647058823525	35778693
fusion regulatory protein 1 heavy chain/metabolism	amino acid transport system y+/metabolism	0.02941176470588235	31043744
lymph/metabolism	oleic acid/metabolism	0.014705882352941178	32814895
oxidative stress	CYREN	0.029411764705882353	32686685
tumor suppressor protein p53/metabolism	cell line tumor	0.8176430680820497	39321806
phenol/chemistry	ferroptosis/drug effects	0.39705882352941163	34985903
lymph/metabolism	iron/metabolism	0.05882352941176471	32814895
tumor suppressor protein p53/metabolism	HMOX1	0.044117647058823525	33547170
allografts	CCL19	0.029411764705882353	24844408
lymph/metabolism	phospholipid hydroperoxide glutathione peroxidase/metabolism	0.02941176470588235	32814895
tumor suppressor protein p53/metabolism	CCK	0.12842206081890017	35778693
neoplasms/diagnostic imaging	t-lymphocytes cytotoxic/metabolism	0.014705882352941178	32686685
tumor suppressor protein p53/metabolism	CD36	0.41615452151009663	39321806
phenol/chemistry	cell line tumor	0.4264705882352941	34985903
tumor suppressor protein p53/metabolism	TP53	0.0001995370739883471	33547170
tumor suppressor protein p53/metabolism	TP53	0.0001995370739883471	35778693
tumor suppressor protein p53/metabolism	TP53	0.0001995370739883471	39321806
lymph/metabolism	glutathione/metabolism	0.04411764705882353	32814895
allografts	CSF1	0.08691834942932399	24844408
liver x receptors/agonists	transferrin/metabolism	0.014705882352941178	31980600
biomarkers tumor	cell transformation neoplastic/genetics	0.014705882352941178	33311482
fusion regulatory protein 1 heavy chain/metabolism	melanoma/genetics	0.014705882352941178	31043744
phenol/chemistry	exosomes/metabolism	0.014705882352941178	34985903
tumor suppressor protein p53/metabolism	SLC7A11	0.16864873493495092	35778693
biomarkers tumor	carcinoma pancreatic ductal/metabolism	0.014705882352941178	33311482
biomarkers tumor	diet	0.014705882352941178	33311482
liver x receptors/agonists	tumor suppressor protein p53/genetics	0.014705882352941178	31980600
biomarkers tumor	spiro compounds/pharmacology	0.014705882352941178	33311482
lymph/metabolism	neoplasm metastasis/drug therapy	0.014705882352941178	32814895
biomarkers tumor	proto-oncogene proteins p21(ras)/metabolism	0.014705882352941178	33311482
neoplasms/diagnostic imaging	calreticulin/metabolism	0.014705882352941178	32686685
biomarkers tumor	ferroptosis/drug effects	0.39705882352941163	33311482
liver x receptors/agonists	ferroptosis/drug effects	0.39705882352941163	31980600
phenol/chemistry	PDCD1	0.08823529411764705	34985903
biomarkers tumor	pancreatitis/genetics	0.014705882352941178	33311482
liver x receptors/agonists	ferritins/blood	0.014705882352941178	31980600
biomarkers tumor	pancreas/metabolism	0.014705882352941178	33311482
liver x receptors/agonists	macrophages/drug effects	0.07352941176470588	31980600
inflammation mediators/antagonists &amp; inhibitors	CCK	0.04411764705882353	34717678
hemeproteins/toxicity	liver x receptors/agonists	0.014705882352941178	31980600
biomarkers tumor	phospholipid hydroperoxide glutathione peroxidase/genetics	0.014705882352941178	33311482
phenol/chemistry	CD274	0.05882352941176471	34985903
hemeproteins/toxicity	transferrin/metabolism	0.014705882352941178	31980600
phenol/chemistry	RPL17-C18orf32	0.08823529411764705	34985903
phenol/chemistry	RPL17	0.08823529411764705	34985903
liver x receptors/agonists	listeriosis/etiology	0.014705882352941178	31980600
fusion regulatory protein 1 heavy chain/metabolism	cysteine/metabolism	0.014705882352941178	31043744
lymph/metabolism	ferroptosis/drug effects	0.39705882352941163	32814895
inflammation mediators/antagonists &amp; inhibitors	GPX4	0.16176470588235295	34717678
hemeproteins/toxicity	tumor suppressor protein p53/genetics	0.014705882352941178	31980600
liver x receptors/agonists	TP53	0.07352941176470588	31980600
fusion regulatory protein 1 heavy chain/metabolism	ferroptosis/drug effects	0.39705882352941163	31043744
neoplasms/diagnostic imaging	ascorbic acid/pharmacology	0.014705882352941178	32686685
biomarkers tumor	GPX4	0.16176470588235295	33311482
small molecule libraries/pharmacology	ileum/drug effects	0.014705882352941178	32134361
lymph/metabolism	cell survival	0.02941176470588235	32814895
hemeproteins/toxicity	ferroptosis/drug effects	0.39705882352941163	31980600
hemeproteins/toxicity	ferritins/blood	0.014705882352941178	31980600
neoplasms/diagnostic imaging	ferroptosis/drug effects	0.39705882352941163	32686685
inflammation mediators/antagonists &amp; inhibitors	NFE2L2	0.02941176470588235	34717678
liver x receptors/agonists	TF	0.014705882352941178	31980600
biomarkers tumor	KDM8	0.014705882352941178	33311482
hemeproteins/toxicity	macrophages/drug effects	0.07352941176470588	31980600
biomarkers tumor	STING1	0.014705882352941178	33311482
small molecule libraries/pharmacology	drug interactions	0.014705882352941178	32134361
fatty acids/metabolism	cytokines/metabolism	0.14705882352941174	33691090
fusion regulatory protein 1 heavy chain/metabolism	reactive oxygen species/metabolism	0.10294117647058823	31043744
small molecule libraries/pharmacology	ferroptosis/drug effects	0.39705882352941163	32134361
fusion regulatory protein 1 heavy chain/metabolism	interferon-gamma/immunology	0.014705882352941178	31043744
lipopolysaccharides/toxicity	dose-response relationship drug	0.04411764705882353	34717678
fusion regulatory protein 1 heavy chain/metabolism	cell line tumor	0.4264705882352941	31043744
lung neoplasms/drug therapy	ferroptosis/drug effects	0.39705882352941163	34093872
lipopolysaccharides/toxicity	inflammation mediators/antagonists &amp; inhibitors	0.014705882352941178	34717678
neoplasms/diagnostic imaging	cell line tumor	0.4264705882352941	32686685
hemeproteins/toxicity	listeriosis/etiology	0.014705882352941178	31980600
lung neoplasms/drug therapy	macrophages/drug effects	0.07352941176470588	34093872
lung neoplasms/drug therapy	tumor microenvironment/drug effects	0.11764705882352942	34093872
fusion regulatory protein 1 heavy chain/metabolism	SLC9A1	0.02941176470588235	31043744
lung neoplasms/drug therapy	mitochondria/drug effects	0.02941176470588235	34093872
lymph/metabolism	GPX4	0.16176470588235295	32814895
lung neoplasms/drug therapy	nf-e2-related factor 2/genetics	0.014705882352941178	34093872
fusion regulatory protein 1 heavy chain/metabolism	SLC7A11	0.05882352941176471	31043744
hemeproteins/toxicity	TP53	0.07352941176470588	31980600
lymph/metabolism	ACSL3	0.014705882352941178	32814895
lung neoplasms/drug therapy	cell line tumor	0.4264705882352941	34093872
lung neoplasms/drug therapy	glycogen synthase kinase 3/metabolism	0.014705882352941178	34093872
small molecule libraries/pharmacology	radiation-protective agents/pharmacology	0.014705882352941178	32134361
lipopolysaccharides/toxicity	ferroptosis/drug effects	0.39705882352941163	34717678
neoplasms/diagnostic imaging	CALR	0.014705882352941178	32686685
lung neoplasms/drug therapy	CHRM1	0.05882352941176471	34093872
lung neoplasms/drug therapy	GSK3B	0.014705882352941178	34093872
fusion regulatory protein 1 heavy chain/metabolism	SLC3A2	0.014705882352941178	31043744
lung neoplasms/drug therapy	PDCD1	0.08823529411764705	34093872
lung neoplasms/drug therapy	PRKAA1	0.014705882352941178	34093872
lung neoplasms/drug therapy	GABPA	0.014705882352941178	34093872
lung neoplasms/drug therapy	MTOR	0.014705882352941178	34093872
genetic variation	iron/metabolism	0.05882352941176471	31980600
fusion regulatory protein 1 heavy chain/metabolism	CD8A	0.11764705882352942	31043744
lung neoplasms/drug therapy	BTRC	0.014705882352941178	34093872
lung neoplasms/drug therapy	PRKAA2	0.014705882352941178	34093872
lung neoplasms/drug therapy	CD274	0.05882352941176471	34093872
neoplasms/diagnostic imaging	CYREN	0.014705882352941178	32686685
hemeproteins/toxicity	TF	0.014705882352941178	31980600
lung neoplasms/drug therapy	NFE2L2	0.02941176470588235	34093872
genetic variation	hemeproteins/toxicity	0.014705882352941178	31980600
lung neoplasms/drug therapy	CD8A	0.11764705882352942	34093872
lung neoplasms/drug therapy	PRKAB1	0.014705882352941178	34093872
lung neoplasms/drug therapy	RPL17-C18orf32	0.08823529411764705	34093872
lung neoplasms/drug therapy	RPL17	0.08823529411764705	34093872
lung neoplasms/drug therapy	MRLN	0.05882352941176471	34093872
lung neoplasms/drug therapy	CTLA4	0.014705882352941178	34093872
lipopolysaccharides/toxicity	CCK	0.04411764705882353	34717678
genetic variation	liver x receptors/agonists	0.014705882352941178	31980600
genetic variation	transferrin/metabolism	0.014705882352941178	31980600
lipopolysaccharides/toxicity	GPX4	0.16176470588235295	34717678
genetic variation	tumor suppressor protein p53/genetics	0.014705882352941178	31980600
fatty acids/metabolism	cd8-positive t-lymphocytes/cytology	0.02941176470588235	33691090
fatty acids/metabolism	antibodies monoclonal humanized/pharmacology	0.014705882352941178	33691090
genetic variation	ferroptosis/drug effects	0.39705882352941163	31980600
fatty acids/metabolism	cd36 antigens/antagonists &amp; inhibitors	0.014705882352941178	33691090
lipopolysaccharides/toxicity	NFE2L2	0.02941176470588235	34717678
genetic variation	ferritins/blood	0.014705882352941178	31980600
saponins/chemistry	antineoplastic agents/chemistry	0.014705882352941178	31509699
genetic variation	macrophages/drug effects	0.07352941176470588	31980600
saponins/chemistry	energy metabolism/drug effects	0.014705882352941178	31509699
saponins/chemistry	ferroptosis/drug effects	0.39705882352941163	31509699
saponins/chemistry	neoplasms/drug therapy	0.02941176470588235	31509699
fatty acids/metabolism	ferroptosis/drug effects	0.39705882352941163	33691090
saponins/chemistry	mitochondria/drug effects	0.02941176470588235	31509699
genetic variation	listeriosis/etiology	0.014705882352941178	31980600
saponins/chemistry	pyruvate dehydrogenase acetyl-transferring kinase/antagonists &amp; inhibitors	0.014705882352941178	31509699
fatty acids/metabolism	multiple myeloma/drug therapy	0.014705882352941178	33691090
saponins/chemistry	cell line tumor	0.4264705882352941	31509699
neoplasm metastasis/drug therapy	ferroptosis/drug effects	0.39705882352941163	32814895
genetic variation	TP53	0.07352941176470588	31980600
iron chelating agents/pharmacology	cells cultured	0.04411764705882353	30787033
neoplasm metastasis/drug therapy	cell survival	0.02941176470588235	32814895
myocardial reperfusion injury/drug therapy	ferroptosis/drug effects	0.39705882352941163	30830879
myocardial reperfusion injury/drug therapy	neutrophil infiltration	0.014705882352941178	30830879
saponins/chemistry	ROS1	0.05882352941176471	31509699
fatty acids/metabolism	reactive oxygen species/metabolism	0.10294117647058823	33691090
myocardial reperfusion injury/drug therapy	toll-like receptor 4/genetics	0.014705882352941178	30830879
fatty acids/metabolism	cell line tumor	0.4264705882352941	33691090
genetic variation	TF	0.014705882352941178	31980600
neoplasm metastasis/drug therapy	GPX4	0.16176470588235295	32814895
myocardial reperfusion injury/drug therapy	TICAM1	0.014705882352941178	30830879
neoplasm metastasis/drug therapy	ACSL3	0.014705882352941178	32814895
myocardial reperfusion injury/drug therapy	IFNA1	0.04411764705882353	30830879
t-lymphocytes/immunology	ferroptosis/drug effects	0.39705882352941163	33547170
myocardial reperfusion injury/drug therapy	TLR4	0.04411764705882353	30830879
fatty acids/metabolism	CD36	0.16176470588235295	33691090
myocardial reperfusion injury/drug therapy	TRIM69	0.014705882352941178	30830879
t-lymphocytes/immunology	membrane proteins/metabolism	0.014705882352941178	33547170
t-lymphocytes/immunology	tumor microenvironment/drug effects	0.11764705882352942	33547170
gels/chemistry	urinary bladder neoplasms/pathology	0.014705882352941178	33236624
fatty acids/metabolism	PDCD1	0.08823529411764705	33691090
t-lymphocytes/immunology	colonic neoplasms/drug therapy	0.014705882352941178	33547170
t-lymphocytes/immunology	heme oxygenase-1/metabolism	0.014705882352941178	33547170
t-lymphocytes/immunology	reactive oxygen species/metabolism	0.10294117647058823	33547170
iron chelating agents/pharmacology	iron/metabolism	0.05882352941176471	30787033
gels/chemistry	ferroptosis/drug effects	0.39705882352941163	33236624
t-lymphocytes/immunology	HMOX1	0.014705882352941178	33547170
iron chelating agents/pharmacology	phospholipid hydroperoxide glutathione peroxidase/metabolism	0.02941176470588235	30787033
t-lymphocytes/immunology	TP53	0.07352941176470588	33547170
fatty acids/metabolism	CD8A	0.11764705882352942	33691090
gels/chemistry	reactive oxygen species/metabolism	0.10294117647058823	33236624
gels/chemistry	gold/chemistry	0.014705882352941178	33236624
gels/chemistry	cell line tumor	0.4264705882352941	33236624
iron chelating agents/pharmacology	glutathione/metabolism	0.04411764705882353	30787033
fatty acids/metabolism	RPL17-C18orf32	0.08823529411764705	33691090
fatty acids/metabolism	RPL17	0.08823529411764705	33691090
gels/chemistry	CHRM1	0.05882352941176471	33236624
immunologic memory	exosomes/drug effects	0.014705882352941178	34593794
t-lymphocytes/immunology	ASAH2	0.014705882352941178	33547170
transferrin/metabolism	tumor suppressor protein p53/genetics	0.014705882352941178	31980600
gels/chemistry	MRLN	0.05882352941176471	33236624
cd36 antigens/antagonists &amp; inhibitors	ferroptosis/drug effects	0.39705882352941163	33691090
transferrin/metabolism	ferroptosis/drug effects	0.39705882352941163	31980600
iron chelating agents/pharmacology	host-pathogen interactions	0.014705882352941178	30787033
immunologic memory	t-lymphocytes cytotoxic/drug effects	0.014705882352941178	34593794
transferrin/metabolism	ferritins/blood	0.014705882352941178	31980600
transferrin/metabolism	macrophages/drug effects	0.07352941176470588	31980600
cd36 antigens/antagonists &amp; inhibitors	multiple myeloma/drug therapy	0.014705882352941178	33691090
iron chelating agents/pharmacology	ferroptosis/drug effects	0.39705882352941163	30787033
cd36 antigens/antagonists &amp; inhibitors	reactive oxygen species/metabolism	0.10294117647058823	33691090
ferric compounds/chemistry	aniline compounds/chemistry	0.044117647058823525	34985903
cd36 antigens/antagonists &amp; inhibitors	cell line tumor	0.4264705882352941	33691090
iron chelating agents/pharmacology	macrophages/drug effects	0.07352941176470588	30787033
transferrin/metabolism	listeriosis/etiology	0.014705882352941178	31980600
collagen type i/metabolism	actins/metabolism	0.014705882352941178	34811833
ferric compounds/chemistry	adjuvants immunologic/chemistry	0.044117647058823525	33236624
cd36 antigens/antagonists &amp; inhibitors	CD36	0.16176470588235295	33691090
dose-response relationship drug	antioxidants/pharmacology	0.044117647058823525	32778843
collagen type i/metabolism	liver cirrhosis/drug therapy	0.014705882352941178	34811833
transferrin/metabolism	TP53	0.07352941176470588	31980600
cell survival/drug effects	lipid metabolism/drug effects	0.044117647058823525	31554642
collagen type i/metabolism	sorafenib/pharmacology	0.014705882352941178	34811833
dose-response relationship drug	inflammation mediators/antagonists &amp; inhibitors	0.044117647058823525	34717678
cell survival/drug effects	lipopolysaccharides/toxicity	0.044117647058823525	34717678
ferric compounds/chemistry	dextrans/chemistry	0.044117647058823525	33236624
ferric compounds/chemistry	neoplasms/diagnostic imaging	0.044117647058823525	32686685
cell survival/drug effects	tor serine-threonine kinases/metabolism	0.044117647058823525	34093872
cd36 antigens/antagonists &amp; inhibitors	PDCD1	0.08823529411764705	33691090
cell survival/drug effects	amp-activated protein kinase kinases	0.044117647058823525	34093872
cell survival/drug effects	lung neoplasms/drug therapy	0.044117647058823525	34093872
dose-response relationship drug	ferroptosis/drug effects	0.34551839731822176	32778843
dose-response relationship drug	ferroptosis/drug effects	0.34551839731822176	34717678
dose-response relationship drug	jurkat cells	0.08691834942932399	32778843
cell survival/drug effects	dose-response relationship drug	0.12842206081890017	34717678
glioblastoma/genetics	heat-shock proteins/genetics	0.014705882352941178	34062295
dose-response relationship drug	methotrexate/pharmacology	0.044117647058823525	32778843
dose-response relationship drug	biopterins/analogs &amp; derivatives	0.044117647058823525	32778843
glioblastoma/genetics	brain neoplasms/genetics	0.014705882352941178	34062295
collagen type i/metabolism	hypoxia-inducible factor 1 alpha subunit/metabolism	0.014705882352941178	34811833
cell survival/drug effects	inflammation mediators/antagonists &amp; inhibitors	0.044117647058823525	34717678
dose-response relationship drug	macrophages/metabolism	0.281866070715939	30420335
iron/chemistry	cell survival/drug effects	0.04411764705882353	34093872
glioblastoma/genetics	acetaminophen/pharmacology	0.014705882352941178	34062295
dose-response relationship drug	cystine/antagonists &amp; inhibitors	0.044117647058823525	32778843
gene expression	cell survival/drug effects	0.04411764705882353	34717678
transferrin/metabolism	TF	0.014705882352941178	31980600
glioblastoma/genetics	ferroptosis/drug effects	0.39705882352941163	34062295
cd36 antigens/antagonists &amp; inhibitors	CD8A	0.11764705882352942	33691090
ferric compounds/chemistry	b7-h1 antigen/metabolism	0.044117647058823525	34985903
gene expression	lipopolysaccharides/toxicity	0.014705882352941178	34717678
dose-response relationship drug	reactive oxygen species/metabolism	0.281866070715939	32778843
iron/chemistry	tor serine-threonine kinases/metabolism	0.014705882352941178	34093872
dose-response relationship drug	cell line tumor	0.8176430680820497	30420335
collagen type i/metabolism	amino acid transport system y+/metabolism	0.02941176470588235	34811833
iron/chemistry	amp-activated protein kinase kinases	0.014705882352941178	34093872
gene expression	dose-response relationship drug	0.04411764705882353	34717678
cd36 antigens/antagonists &amp; inhibitors	RPL17-C18orf32	0.08823529411764705	33691090
iron/chemistry	lung neoplasms/drug therapy	0.014705882352941178	34093872
cd36 antigens/antagonists &amp; inhibitors	RPL17	0.08823529411764705	33691090
dose-response relationship drug	CCK	0.12842206081890017	34717678
gene expression	inflammation mediators/antagonists &amp; inhibitors	0.014705882352941178	34717678
ferric compounds/chemistry	immunogenic cell death/drug effects	0.044117647058823525	34985903
glioblastoma/genetics	hyaluronan receptors/genetics	0.014705882352941178	34062295
cell survival/drug effects	sulfasalazine/administration &amp; dosage	0.044117647058823525	31554642
cell survival/drug effects	ferroptosis/drug effects	0.058364594141591515	34093872
cell survival/drug effects	ferroptosis/drug effects	0.058364594141591515	31554642
cell survival/drug effects	ferroptosis/drug effects	0.058364594141591515	34717678
ferric compounds/chemistry	macrophages/cytology	0.08691834942932399	33236624
dose-response relationship drug	GPX4	0.06584723441615453	32778843
dose-response relationship drug	GPX4	0.06584723441615453	34717678
glioblastoma/genetics	HSPB1	0.014705882352941178	34062295
glioblastoma/genetics	SLC40A1	0.014705882352941178	34062295
gene expression	ferroptosis/drug effects	0.39705882352941163	34717678
cell survival/drug effects	macrophages/drug effects	0.20761832548487508	34093872
iron chelating agents/pharmacology	GPX4	0.16176470588235295	30787033
ferric compounds/chemistry	metal-organic frameworks/chemistry	0.044117647058823525	34985903
benzylidene compounds/chemistry	phenol/chemistry	0.014705882352941178	34985903
dose-response relationship drug	NFE2L2	0.08691834942932399	34717678
ferric compounds/chemistry	programmed cell death 1 receptor/metabolism	0.08691834942932399	34985903
cell survival/drug effects	tumor microenvironment/drug effects	0.3171841328118765	34093872
cell survival/drug effects	mitochondria/drug effects	0.08691834942932399	34093872
ferric compounds/chemistry	t-lymphocytes cytotoxic/metabolism	0.044117647058823525	32686685
benzylidene compounds/chemistry	cd8-positive t-lymphocytes/cytology	0.02941176470588235	34985903
cell survival/drug effects	nf-e2-related factor 2/genetics	0.044117647058823525	34093872
glioblastoma/genetics	CD44	0.02941176470588235	34062295
iron/chemistry	ferroptosis/drug effects	0.39705882352941163	34093872
gene expression	CCK	0.04411764705882353	34717678
dose-response relationship drug	phenotype	0.08691834942932399	30420335
collagen type i/metabolism	hepatic stellate cells/drug effects	0.014705882352941178	34811833
cell survival/drug effects	antineoplastic agents immunological/administration &amp; dosage	0.044117647058823525	31554642
dose-response relationship drug	receptors cell surface/metabolism	0.044117647058823525	30420335
iron/chemistry	macrophages/drug effects	0.07352941176470588	34093872
dose-response relationship drug	antigens differentiation myelomonocytic/metabolism	0.044117647058823525	30420335
cell survival/drug effects	cell line tumor	0.3888578497884907	34093872
cell survival/drug effects	cell line tumor	0.3888578497884907	31554642
cell survival/drug effects	glycogen synthase kinase 3/metabolism	0.044117647058823525	34093872
gene expression	GPX4	0.16176470588235295	34717678
iron/chemistry	tumor microenvironment/drug effects	0.11764705882352942	34093872
dose-response relationship drug	cell communication/drug effects	0.044117647058823525	30420335
cell survival/drug effects	CCK	0.12842206081890017	34717678
benzylidene compounds/chemistry	ferroptosis/drug effects	0.39705882352941163	34985903
iron/chemistry	mitochondria/drug effects	0.02941176470588235	34093872
gene expression	NFE2L2	0.02941176470588235	34717678
iron/chemistry	nf-e2-related factor 2/genetics	0.014705882352941178	34093872
drug synergism	saponins/chemistry	0.014705882352941178	31509699
ferric compounds/chemistry	calreticulin/metabolism	0.044117647058823525	32686685
cell survival/drug effects	SLC9A1	0.08691834942932399	31554642
drug synergism	antineoplastic agents/chemistry	0.014705882352941178	31509699
collagen type i/metabolism	hepatocytes/drug effects	0.014705882352941178	34811833
dose-response relationship drug	tumor necrosis factor alpha-induced protein 3/metabolism	0.044117647058823525	30420335
ferric compounds/chemistry	benzylidene compounds/chemistry	0.044117647058823525	34985903
dose-response relationship drug	endometrial neoplasms/genetics	0.044117647058823525	30420335
cell survival/drug effects	ATM	0.044117647058823525	31554642
collagen type i/metabolism	ferroptosis/drug effects	0.39705882352941163	34811833
cell survival/drug effects	SLC7A11	0.16864873493495092	31554642
drug synergism	energy metabolism/drug effects	0.014705882352941178	31509699
cell survival/drug effects	CHRM1	0.16864873493495092	34093872
iron/chemistry	cell line tumor	0.4264705882352941	34093872
cell survival/drug effects	GSK3B	0.044117647058823525	34093872
iron/chemistry	glycogen synthase kinase 3/metabolism	0.014705882352941178	34093872
ferric compounds/chemistry	gels/chemistry	0.044117647058823525	33236624
cell survival/drug effects	PDCD1	0.24535078617607156	34093872
collagen type i/metabolism	macrophages/drug effects	0.07352941176470588	34811833
ferric compounds/chemistry	phenol/chemistry	0.044117647058823525	34985903
cell survival/drug effects	GPX4	0.41615452151009663	34717678
drug synergism	ferroptosis/drug effects	0.39705882352941163	31509699
cell survival/drug effects	PRKAA1	0.044117647058823525	34093872
drug synergism	neoplasms/drug therapy	0.02941176470588235	31509699
cell survival/drug effects	GABPA	0.044117647058823525	34093872
dose-response relationship drug	antigens cd/metabolism	0.044117647058823525	30420335
ferric compounds/chemistry	urinary bladder neoplasms/pathology	0.044117647058823525	33236624
cell survival/drug effects	MTOR	0.044117647058823525	34093872
benzylidene compounds/chemistry	cell line tumor	0.4264705882352941	34985903
dose-response relationship drug	estradiol/pharmacology	0.044117647058823525	30420335
cell survival/drug effects	BTRC	0.044117647058823525	34093872
drug synergism	mitochondria/drug effects	0.02941176470588235	31509699
cell survival/drug effects	PRKAA2	0.044117647058823525	34093872
drug synergism	pyruvate dehydrogenase acetyl-transferring kinase/antagonists &amp; inhibitors	0.014705882352941178	31509699
iron/metabolism	biomarkers tumor	0.058823529411764705	33311482
benzylidene compounds/chemistry	exosomes/metabolism	0.014705882352941178	34985903
iron/chemistry	CHRM1	0.05882352941176471	34093872
cell survival/drug effects	CD274	0.16864873493495092	34093872
iron/metabolism	phospholipid hydroperoxide glutathione peroxidase/metabolism	0.0026338893766461808	30787033
iron/metabolism	phospholipid hydroperoxide glutathione peroxidase/metabolism	0.0026338893766461808	32814895
iron/chemistry	GSK3B	0.014705882352941178	34093872
ferric compounds/chemistry	cd8-positive t-lymphocytes/cytology	0.08691834942932399	34985903
iron/metabolism	hemeproteins/toxicity	0.058823529411764705	31980600
iron/chemistry	PDCD1	0.08823529411764705	34093872
cell survival/drug effects	NFE2L2	0.0013169446883230904	34093872
cell survival/drug effects	NFE2L2	0.0013169446883230904	34717678
drug synergism	cell line tumor	0.4264705882352941	31509699
cell survival/drug effects	CD8A	0.034639636044377045	34093872
cell survival/drug effects	CD8A	0.034639636044377045	31554642
iron/chemistry	PRKAA1	0.014705882352941178	34093872
collagen type i/metabolism	cell line	0.04411764705882353	34811833
iron/metabolism	glutathione/metabolism	0.007742038470747867	30787033
iron/metabolism	glutathione/metabolism	0.007742038470747867	32814895
iron/chemistry	GABPA	0.014705882352941178	34093872
cell survival/drug effects	PRKAB1	0.044117647058823525	34093872
iron/chemistry	MTOR	0.014705882352941178	34093872
cell survival/drug effects	RPL17-C18orf32	0.24535078617607156	34093872
benzylidene compounds/chemistry	PDCD1	0.08823529411764705	34985903
cell survival/drug effects	RPL17	0.24535078617607156	34093872
ferric compounds/chemistry	ascorbic acid/pharmacology	0.044117647058823525	32686685
iron/chemistry	BTRC	0.014705882352941178	34093872
cell survival/drug effects	MRLN	0.16864873493495092	34093872
iron/chemistry	PRKAA2	0.014705882352941178	34093872
cell survival/drug effects	CTLA4	0.044117647058823525	34093872
iron/metabolism	liver x receptors/agonists	0.058823529411764705	31980600
drug synergism	ROS1	0.05882352941176471	31509699
iron/metabolism	neoplasm metastasis/drug therapy	0.058823529411764705	32814895
iron/chemistry	CD274	0.05882352941176471	34093872
iron/metabolism	transferrin/metabolism	0.058823529411764705	31980600
collagen type i/metabolism	SLC7A11	0.05882352941176471	34811833
iron/chemistry	NFE2L2	0.02941176470588235	34093872
collagen type i/metabolism	FUT1	0.014705882352941178	34811833
iron/chemistry	CD8A	0.11764705882352942	34093872
benzylidene compounds/chemistry	CD274	0.05882352941176471	34985903
dose-response relationship drug	estrogen receptor alpha/genetics	0.044117647058823525	30420335
collagen type i/metabolism	GPX4	0.16176470588235295	34811833
ferric compounds/chemistry	ferroptosis/drug effects	0.058364594141591515	33236624
ferric compounds/chemistry	ferroptosis/drug effects	0.058364594141591515	32686685
ferric compounds/chemistry	ferroptosis/drug effects	0.058364594141591515	34985903
collagen type i/metabolism	FN1	0.014705882352941178	34811833
iron/metabolism	cell transformation neoplastic/genetics	0.058823529411764705	33311482
iron/chemistry	PRKAB1	0.014705882352941178	34093872
collagen type i/metabolism	ROS1	0.05882352941176471	34811833
iron/metabolism	host-pathogen interactions	0.058823529411764705	30787033
iron/chemistry	RPL17-C18orf32	0.08823529411764705	34093872
dose-response relationship drug	hek293 cells	0.044117647058823525	30420335
iron/chemistry	RPL17	0.08823529411764705	34093872
iron/chemistry	MRLN	0.05882352941176471	34093872
iron/metabolism	carcinoma pancreatic ductal/metabolism	0.058823529411764705	33311482
iron/chemistry	CTLA4	0.014705882352941178	34093872
iron/metabolism	diet	0.058823529411764705	33311482
benzylidene compounds/chemistry	RPL17-C18orf32	0.08823529411764705	34985903
collagen type i/metabolism	MMRN1	0.014705882352941178	34811833
benzylidene compounds/chemistry	RPL17	0.08823529411764705	34985903
iron/metabolism	tumor suppressor protein p53/genetics	0.058823529411764705	31980600
iron/metabolism	spiro compounds/pharmacology	0.058823529411764705	33311482
collagen type i/metabolism	HIF1A	0.014705882352941178	34811833
iron/metabolism	proto-oncogene proteins p21(ras)/metabolism	0.058823529411764705	33311482
iron/metabolism	ferroptosis/drug effects	0.02155000399074148	31980600
iron/metabolism	ferroptosis/drug effects	0.02155000399074148	30787033
iron/metabolism	ferroptosis/drug effects	0.02155000399074148	33311482
iron/metabolism	ferroptosis/drug effects	0.02155000399074148	32814895
ferric compounds/chemistry	reactive oxygen species/metabolism	0.281866070715939	33236624
iron/metabolism	pancreatitis/genetics	0.058823529411764705	33311482
iron/metabolism	ferritins/blood	0.058823529411764705	31980600
dose-response relationship drug	CD163	0.08691834942932399	30420335
iron/metabolism	pancreas/metabolism	0.058823529411764705	33311482
ferric compounds/chemistry	gold/chemistry	0.044117647058823525	33236624
ferric compounds/chemistry	cell line tumor	0.07291084683534202	33236624
ferric compounds/chemistry	cell line tumor	0.07291084683534202	32686685
ferric compounds/chemistry	cell line tumor	0.07291084683534202	34985903
iron/metabolism	macrophages/drug effects	0.024761015981384724	31980600
iron/metabolism	macrophages/drug effects	0.024761015981384724	30787033
dose-response relationship drug	TNF	0.24535078617607156	30420335
dose-response relationship drug	ESR1	0.044117647058823525	30420335
proto-oncogene proteins p21(ras)/metabolism	ferroptosis/drug effects	0.39705882352941163	33311482
iron/metabolism	cell survival	0.11501316944688324	32814895
carcinoma pancreatic ductal/metabolism	diet	0.014705882352941178	33311482
ferric compounds/chemistry	exosomes/metabolism	0.044117647058823525	34985903
proto-oncogene proteins p21(ras)/metabolism	pancreatitis/genetics	0.014705882352941178	33311482
iron/metabolism	phospholipid hydroperoxide glutathione peroxidase/genetics	0.058823529411764705	33311482
carcinoma pancreatic ductal/metabolism	spiro compounds/pharmacology	0.014705882352941178	33311482
proto-oncogene proteins p21(ras)/metabolism	pancreas/metabolism	0.014705882352941178	33311482
dose-response relationship drug	TNFAIP3	0.044117647058823525	30420335
dose-response relationship drug	IL17A	0.12842206081890017	30420335
carcinoma pancreatic ductal/metabolism	proto-oncogene proteins p21(ras)/metabolism	0.014705882352941178	33311482
hepatic stellate cells/drug effects	hepatocytes/drug effects	0.014705882352941178	34811833
carcinoma pancreatic ductal/metabolism	ferroptosis/drug effects	0.39705882352941163	33311482
antineoplastic agents/chemistry	energy metabolism/drug effects	0.014705882352941178	31509699
hepatic stellate cells/drug effects	ferroptosis/drug effects	0.39705882352941163	34811833
carcinoma pancreatic ductal/metabolism	pancreatitis/genetics	0.014705882352941178	33311482
carcinoma pancreatic ductal/metabolism	pancreas/metabolism	0.014705882352941178	33311482
hepatic stellate cells/drug effects	macrophages/drug effects	0.07352941176470588	34811833
proto-oncogene proteins p21(ras)/metabolism	phospholipid hydroperoxide glutathione peroxidase/genetics	0.014705882352941178	33311482
ferric compounds/chemistry	CHRM1	0.16864873493495092	33236624
antineoplastic agents/chemistry	ferroptosis/drug effects	0.39705882352941163	31509699
triple negative breast neoplasms/drug therapy	ferroptosis/drug effects	0.39705882352941163	34991659
ferric compounds/chemistry	CALR	0.044117647058823525	32686685
antineoplastic agents/chemistry	neoplasms/drug therapy	0.02941176470588235	31509699
carcinoma pancreatic ductal/metabolism	phospholipid hydroperoxide glutathione peroxidase/genetics	0.014705882352941178	33311482
ferric compounds/chemistry	PDCD1	0.24535078617607156	34985903
pancreatitis/genetics	pancreas/metabolism	0.014705882352941178	33311482
triple negative breast neoplasms/drug therapy	tumor microenvironment/drug effects	0.11764705882352942	34991659
hepatic stellate cells/drug effects	cell line	0.04411764705882353	34811833
antineoplastic agents/chemistry	mitochondria/drug effects	0.02941176470588235	31509699
antineoplastic agents/chemistry	pyruvate dehydrogenase acetyl-transferring kinase/antagonists &amp; inhibitors	0.014705882352941178	31509699
pancreatitis/genetics	phospholipid hydroperoxide glutathione peroxidase/genetics	0.014705882352941178	33311482
triple negative breast neoplasms/drug therapy	basic-leucine zipper transcription factors/analysis	0.014705882352941178	34991659
hepatic stellate cells/drug effects	SLC7A11	0.05882352941176471	34811833
triple negative breast neoplasms/drug therapy	tumor-associated macrophages/drug effects	0.014705882352941178	34991659
antineoplastic agents/chemistry	cell line tumor	0.4264705882352941	31509699
hepatic stellate cells/drug effects	FUT1	0.014705882352941178	34811833
hepatic stellate cells/drug effects	GPX4	0.16176470588235295	34811833
triple negative breast neoplasms/drug therapy	TGFB1	0.10294117647058823	34991659
hepatic stellate cells/drug effects	FN1	0.014705882352941178	34811833
triple negative breast neoplasms/drug therapy	HLF	0.014705882352941178	34991659
hepatic stellate cells/drug effects	ROS1	0.05882352941176471	34811833
ferric compounds/chemistry	CD274	0.16864873493495092	34985903
triple negative breast neoplasms/drug therapy	STAT3	0.08823529411764705	34991659
ferric compounds/chemistry	CYREN	0.044117647058823525	32686685
hepatic stellate cells/drug effects	MMRN1	0.014705882352941178	34811833
triple negative breast neoplasms/drug therapy	SMAD3	0.014705882352941178	34991659
hepatic stellate cells/drug effects	HIF1A	0.014705882352941178	34811833
antineoplastic agents/chemistry	ROS1	0.05882352941176471	31509699
pancreatitis/genetics	GPX4	0.16176470588235295	33311482
triple negative breast neoplasms/drug therapy	JAK2	0.014705882352941178	34991659
triple negative breast neoplasms/drug therapy	IL6	0.1323529411764706	34991659
iron/metabolism	listeriosis/etiology	0.058823529411764705	31980600
carcinoma pancreatic ductal/metabolism	GPX4	0.16176470588235295	33311482
ferric compounds/chemistry	RPL17-C18orf32	0.24535078617607156	34985903
pancreatitis/genetics	KDM8	0.014705882352941178	33311482
ferric compounds/chemistry	RPL17	0.24535078617607156	34985903
triple negative breast neoplasms/drug therapy	GGT1	0.014705882352941178	34991659
ferric compounds/chemistry	MRLN	0.16864873493495092	33236624
pancreatitis/genetics	STING1	0.014705882352941178	33311482
proto-oncogene proteins p21(ras)/metabolism	GPX4	0.16176470588235295	33311482
carcinoma pancreatic ductal/metabolism	KDM8	0.014705882352941178	33311482
cell transformation neoplastic/genetics	carcinoma pancreatic ductal/metabolism	0.014705882352941178	33311482
cell transformation neoplastic/genetics	diet	0.014705882352941178	33311482
cell transformation neoplastic/genetics	spiro compounds/pharmacology	0.014705882352941178	33311482
carcinoma pancreatic ductal/metabolism	STING1	0.014705882352941178	33311482
toll-like receptor 4/metabolism	hypertension pulmonary/chemically induced	0.044117647058823525	35197507
ileum/drug effects	drug interactions	0.014705882352941178	32134361
cell transformation neoplastic/genetics	proto-oncogene proteins p21(ras)/metabolism	0.014705882352941178	33311482
ileum/drug effects	ferroptosis/drug effects	0.39705882352941163	32134361
cell transformation neoplastic/genetics	ferroptosis/drug effects	0.39705882352941163	33311482
toll-like receptor 4/metabolism	nlr family pyrin domain-containing 3 protein/metabolism	0.044117647058823525	35197507
cell transformation neoplastic/genetics	pancreatitis/genetics	0.014705882352941178	33311482
proto-oncogene proteins p21(ras)/metabolism	KDM8	0.014705882352941178	33311482
cell transformation neoplastic/genetics	pancreas/metabolism	0.014705882352941178	33311482
toll-like receptor 4/metabolism	ferroptosis/drug effects	0.7872934791284221	35197507
iron/metabolism	TP53	0.2685707619860386	31980600
toll-like receptor 4/metabolism	tumor microenvironment/drug effects	0.3171841328118765	31257391
cell transformation neoplastic/genetics	phospholipid hydroperoxide glutathione peroxidase/genetics	0.014705882352941178	33311482
toll-like receptor 4/metabolism	macrophages/metabolism	0.281866070715939	35197507
proto-oncogene proteins p21(ras)/metabolism	STING1	0.014705882352941178	33311482
toll-like receptor 4/metabolism	hmgb1 protein/metabolism	0.044117647058823525	35197507
iron/metabolism	GPX4	0.011953805632471127	30787033
iron/metabolism	GPX4	0.011953805632471127	33311482
iron/metabolism	GPX4	0.011953805632471127	32814895
toll-like receptor 4/metabolism	inflammation/metabolism	0.08691834942932399	35197507
iron/metabolism	ACSL3	0.058823529411764705	32814895
ileum/drug effects	radiation-protective agents/pharmacology	0.014705882352941178	32134361
toll-like receptor 4/metabolism	CD36	0.06584723441615453	39166450
toll-like receptor 4/metabolism	CD36	0.06584723441615453	31257391
toll-like receptor 4/metabolism	NOX4	0.044117647058823525	35197507
toll-like receptor 4/metabolism	FTH1	0.044117647058823525	35197507
toll-like receptor 4/metabolism	IFNA1	0.12842206081890017	39166450
toll-like receptor 4/metabolism	CHRM1	0.16864873493495092	31257391
toll-like receptor 4/metabolism	NLRP3	0.044117647058823525	35197507
toll-like receptor 4/metabolism	HMGB1	0.08691834942932399	35197507
toll-like receptor 4/metabolism	GPX4	0.41615452151009663	35197507
toll-like receptor 4/metabolism	TLR4	0.0039109266501716035	39166450
toll-like receptor 4/metabolism	TLR4	0.0039109266501716035	35197507
toll-like receptor 4/metabolism	MRLN	0.16864873493495092	31257391
cell transformation neoplastic/genetics	GPX4	0.16176470588235295	33311482
toll-like receptor 4/metabolism	protease inhibitors/pharmacology	0.044117647058823525	31257391
toll-like receptor 4/metabolism	carcinoma hepatocellular/drug therapy	0.044117647058823525	31257391
toll-like receptor 4/metabolism	phagocytosis	0.044117647058823525	39166450
cell transformation neoplastic/genetics	KDM8	0.014705882352941178	33311482
cell transformation neoplastic/genetics	STING1	0.014705882352941178	33311482
toll-like receptor 4/metabolism	immunity innate	0.08691834942932399	31257391
toll-like receptor 4/metabolism	stem cell factor/metabolism	0.044117647058823525	31257391
hypertension pulmonary/chemically induced	nlr family pyrin domain-containing 3 protein/metabolism	0.014705882352941178	35197507
toll-like receptor 4/metabolism	endometrial neoplasms/immunology	0.044117647058823525	39166450
hypertension pulmonary/chemically induced	ferroptosis/drug effects	0.39705882352941163	35197507
spiro compounds/pharmacology	proto-oncogene proteins p21(ras)/metabolism	0.014705882352941178	33311482
spiro compounds/pharmacology	ferroptosis/drug effects	0.39705882352941163	33311482
iron/metabolism	TF	0.058823529411764705	31980600
lung/blood supply	heart ventricles/diagnostic imaging	0.014705882352941178	35197507
spiro compounds/pharmacology	pancreatitis/genetics	0.014705882352941178	33311482
toll-like receptor 4/metabolism	interferon type i/metabolism	0.08691834942932399	39166450
spiro compounds/pharmacology	pancreas/metabolism	0.014705882352941178	33311482
hypertension pulmonary/chemically induced	macrophages/metabolism	0.10294117647058823	35197507
iron/metabolism	KDM8	0.058823529411764705	33311482
lung/blood supply	toll-like receptor 4/metabolism	0.04411764705882353	35197507
toll-like receptor 4/metabolism	tumor microenvironment/immunology	0.281866070715939	39166450
ferritins/blood	macrophages/drug effects	0.07352941176470588	31980600
spiro compounds/pharmacology	phospholipid hydroperoxide glutathione peroxidase/genetics	0.014705882352941178	33311482
hypertension pulmonary/chemically induced	hmgb1 protein/metabolism	0.014705882352941178	35197507
toll-like receptor 4/metabolism	heme/metabolism	0.044117647058823525	39166450
lymphoma t-cell	ferroptosis/drug effects	0.39705882352941163	35778693
hypertension pulmonary/chemically induced	inflammation/metabolism	0.02941176470588235	35197507
lung/blood supply	hypertension pulmonary/chemically induced	0.014705882352941178	35197507
toll-like receptor 4/metabolism	macrophages/immunology	0.007742038470747866	39166450
toll-like receptor 4/metabolism	macrophages/immunology	0.007742038470747866	31257391
iron/metabolism	STING1	0.058823529411764705	33311482
lymphoma t-cell	killer cells natural/metabolism	0.014705882352941178	35778693
hypertension pulmonary/chemically induced	NOX4	0.014705882352941178	35197507
ferritins/blood	listeriosis/etiology	0.014705882352941178	31980600
hypertension pulmonary/chemically induced	FTH1	0.014705882352941178	35197507
toll-like receptor 4/metabolism	plant extracts/pharmacology	0.044117647058823525	31257391
hypertension pulmonary/chemically induced	NLRP3	0.014705882352941178	35197507
lung/blood supply	nlr family pyrin domain-containing 3 protein/metabolism	0.014705882352941178	35197507
hypertension pulmonary/chemically induced	HMGB1	0.02941176470588235	35197507
ferritins/blood	TP53	0.07352941176470588	31980600
hypertension pulmonary/chemically induced	GPX4	0.16176470588235295	35197507
spiro compounds/pharmacology	GPX4	0.16176470588235295	33311482
toll-like receptor 4/metabolism	tumor necrosis factor-alpha/metabolism	0.12842206081890017	31257391
toll-like receptor 4/metabolism	digestion	0.044117647058823525	31257391
hypertension pulmonary/chemically induced	TLR4	0.04411764705882353	35197507
lymphoma t-cell	reactive oxygen species/metabolism	0.10294117647058823	35778693
lung/blood supply	ferroptosis/drug effects	0.39705882352941163	35197507
lymphoma t-cell	asparaginase	0.014705882352941178	35778693
spiro compounds/pharmacology	KDM8	0.014705882352941178	33311482
actins/metabolism	liver cirrhosis/drug therapy	0.014705882352941178	34811833
ferritins/blood	TF	0.014705882352941178	31980600
actins/metabolism	sorafenib/pharmacology	0.014705882352941178	34811833
spiro compounds/pharmacology	STING1	0.014705882352941178	33311482
lymphoma t-cell	CCK	0.04411764705882353	35778693
lung/blood supply	macrophages/metabolism	0.10294117647058823	35197507
lymphoma t-cell	TP53	0.07352941176470588	35778693
lymphoma t-cell	SLC7A11	0.05882352941176471	35778693
lung/blood supply	hmgb1 protein/metabolism	0.014705882352941178	35197507
actins/metabolism	hypoxia-inducible factor 1 alpha subunit/metabolism	0.014705882352941178	34811833
lung/blood supply	inflammation/metabolism	0.02941176470588235	35197507
lymphoma t-cell	GPX4	0.16176470588235295	35778693
lung/blood supply	NOX4	0.014705882352941178	35197507
lymphoma t-cell	XK	0.014705882352941178	35778693
lung/blood supply	FTH1	0.014705882352941178	35197507
antioxidants/pharmacology	ferroptosis/drug effects	0.39705882352941163	32778843
antioxidants/pharmacology	jurkat cells	0.02941176470588235	32778843
lung/blood supply	NLRP3	0.014705882352941178	35197507
lymphoma t-cell	ASPG	0.014705882352941178	35778693
lung/blood supply	HMGB1	0.02941176470588235	35197507
lymphoma t-cell	NLRP1	0.014705882352941178	35778693
antioxidants/pharmacology	methotrexate/pharmacology	0.014705882352941178	32778843
lung/blood supply	GPX4	0.16176470588235295	35197507
antioxidants/pharmacology	biopterins/analogs &amp; derivatives	0.014705882352941178	32778843
lung/blood supply	TLR4	0.04411764705882353	35197507
actins/metabolism	amino acid transport system y+/metabolism	0.02941176470588235	34811833
antioxidants/pharmacology	cystine/antagonists &amp; inhibitors	0.014705882352941178	32778843
antioxidants/pharmacology	reactive oxygen species/metabolism	0.10294117647058823	32778843
diet	spiro compounds/pharmacology	0.014705882352941178	33311482
diet	proto-oncogene proteins p21(ras)/metabolism	0.014705882352941178	33311482
diet	ferroptosis/drug effects	0.39705882352941163	33311482
diet	pancreatitis/genetics	0.014705882352941178	33311482
diet	pancreas/metabolism	0.014705882352941178	33311482
antioxidants/pharmacology	GPX4	0.16176470588235295	32778843
diet	phospholipid hydroperoxide glutathione peroxidase/genetics	0.014705882352941178	33311482
membrane proteins/metabolism	tumor microenvironment/drug effects	0.11764705882352942	33547170
membrane proteins/metabolism	colonic neoplasms/drug therapy	0.014705882352941178	33547170
membrane proteins/metabolism	heme oxygenase-1/metabolism	0.014705882352941178	33547170
actins/metabolism	hepatic stellate cells/drug effects	0.014705882352941178	34811833
membrane proteins/metabolism	reactive oxygen species/metabolism	0.10294117647058823	33547170
macrophages/drug effects	tumor microenvironment/drug effects	0.10183451316023748	34093872
macrophages/drug effects	tumor microenvironment/drug effects	0.10183451316023748	30755716
membrane proteins/metabolism	HMOX1	0.014705882352941178	33547170
macrophages/drug effects	mitochondria/drug effects	0.14266900790166812	34093872
inflammation mediators/antagonists &amp; inhibitors	ferroptosis/drug effects	0.39705882352941163	34717678
membrane proteins/metabolism	TP53	0.07352941176470588	33547170
macrophages/drug effects	nf-e2-related factor 2/genetics	0.07352941176470588	34093872
diet	GPX4	0.16176470588235295	33311482
malondialdehyde/blood	spleen/pathology	0.014705882352941178	34396451
macrophages/drug effects	cell line tumor	0.9447668908133131	34093872
malondialdehyde/blood	ferroptosis/drug effects	0.39705882352941163	34396451
macrophages/drug effects	glycogen synthase kinase 3/metabolism	0.07352941176470588	34093872
membrane proteins/metabolism	ASAH2	0.014705882352941178	33547170
macrophages/drug effects	listeriosis/etiology	0.07352941176470588	31980600
macrophages/drug effects	cell line	0.20761832548487505	34811833
diet	KDM8	0.014705882352941178	33311482
cd8-positive t-lymphocytes/cytology	antibodies monoclonal humanized/pharmacology	0.029411764705882353	33691090
malondialdehyde/blood	iron/blood	0.014705882352941178	34396451
cd8-positive t-lymphocytes/cytology	cd36 antigens/antagonists &amp; inhibitors	0.029411764705882353	33691090
macrophages/drug effects	TP53	0.32571367120587935	31980600
malondialdehyde/blood	liver/pathology	0.014705882352941178	34396451
diet	STING1	0.014705882352941178	33311482
macrophages/drug effects	SLC7A11	0.2685707619860386	34811833
macrophages/drug effects	CHRM1	0.024761015981384724	34093872
macrophages/drug effects	CHRM1	0.024761015981384724	30755716
macrophages/drug effects	FUT1	0.07352941176470588	34811833
macrophages/drug effects	GSK3B	0.07352941176470588	34093872
macrophages/drug effects	PDCD1	0.37922845920541265	34093872
malondialdehyde/blood	cell line tumor	0.4264705882352941	34396451
macrophages/drug effects	HMGB1	0.14266900790166812	30755716
endoplasmic reticulum/drug effects	ferroptosis/drug effects	0.39705882352941163	33277233
macrophages/drug effects	GPX4	0.18149355034780845	30787033
macrophages/drug effects	GPX4	0.18149355034780845	34811833
cd8-positive t-lymphocytes/cytology	ferroptosis/drug effects	0.15408252853380155	33691090
cd8-positive t-lymphocytes/cytology	ferroptosis/drug effects	0.15408252853380155	34985903
macrophages/drug effects	PRKAA1	0.07352941176470588	34093872
endoplasmic reticulum/drug effects	neoplasms/drug therapy	0.02941176470588235	33277233
macrophages/drug effects	FN1	0.07352941176470588	34811833
macrophages/drug effects	GABPA	0.07352941176470588	34093872
macrophages/drug effects	MTOR	0.07352941176470588	34093872
macrophages/drug effects	ROS1	0.2685707619860386	34811833
macrophages/drug effects	BTRC	0.07352941176470588	34093872
cd8-positive t-lymphocytes/cytology	multiple myeloma/drug therapy	0.029411764705882353	33691090
macrophages/drug effects	PRKAA2	0.07352941176470588	34093872
macrophages/drug effects	CD274	0.2685707619860386	34093872
macrophages/drug effects	MMRN1	0.07352941176470588	34811833
macrophages/drug effects	NFE2L2	0.14266900790166812	34093872
macrophages/drug effects	TF	0.07352941176470588	31980600
macrophages/drug effects	CD8A	0.47607013267680504	34093872
cd8-positive t-lymphocytes/cytology	reactive oxygen species/metabolism	0.19666374012291488	33691090
macrophages/drug effects	HIF1A	0.07352941176470588	34811833
macrophages/drug effects	PRKAB1	0.07352941176470588	34093872
endoplasmic reticulum/drug effects	cell line tumor	0.4264705882352941	33277233
cd8-positive t-lymphocytes/cytology	cell line tumor	0.17822651448639157	33691090
cd8-positive t-lymphocytes/cytology	cell line tumor	0.17822651448639157	34985903
macrophages/drug effects	RPL17-C18orf32	0.37922845920541265	34093872
macrophages/drug effects	RPL17	0.37922845920541265	34093872
macrophages/drug effects	MRLN	0.024761015981384724	34093872
macrophages/drug effects	MRLN	0.024761015981384724	30755716
macrophages/drug effects	CTLA4	0.07352941176470588	34093872
drug interactions	ferroptosis/drug effects	0.39705882352941163	32134361
cd8-positive t-lymphocytes/cytology	exosomes/metabolism	0.029411764705882353	34985903
TGFB1	inflammation mediators/metabolism	0.28186607071593905	26208571
cd8-positive t-lymphocytes/cytology	CD36	0.29938542581211586	33691090
TGFB1	micrornas/metabolism	0.10294117647058823	25940439
macrophages/drug effects	phenotype	0.14266900790166812	30755716
TGFB1	vascular endothelial growth factor a/genetics	0.10294117647058823	26208571
endoplasmic reticulum/drug effects	ACSL4	0.014705882352941178	33277233
TGFB1	integrin alphavbeta3/metabolism	0.10294117647058823	34958892
cd8-positive t-lymphocytes/cytology	PDCD1	0.006584723441615452	33691090
cd8-positive t-lymphocytes/cytology	PDCD1	0.006584723441615452	34985903
endoplasmic reticulum/drug effects	GPX4	0.16176470588235295	33277233
TGFB1	breast neoplasms/metabolism	0.28186607071593905	32359100
endoplasmic reticulum/drug effects	ATL1	0.014705882352941178	33277233
macrophages/drug effects	glycyrrhizic acid/pharmacology	0.07352941176470588	30755716
endoplasmic reticulum/drug effects	S100A4	0.014705882352941178	33277233
pancreas/metabolism	phospholipid hydroperoxide glutathione peroxidase/genetics	0.014705882352941178	33311482
cd8-positive t-lymphocytes/cytology	CD274	0.11501316944688324	34985903
TGFB1	calgranulin a/genetics	0.10294117647058823	26208571
endoplasmic reticulum/drug effects	CD8A	0.11764705882352942	33277233
tumor-associated macrophages/drug effects	TGFB1	0.10294117647058823	34991659
tumor-associated macrophages/drug effects	HLF	0.014705882352941178	34991659
TGFB1	extracellular matrix/metabolism	0.10294117647058823	32359100
cd8-positive t-lymphocytes/cytology	CD8A	0.2230026338893767	33691090
tumor-associated macrophages/drug effects	STAT3	0.08823529411764705	34991659
drug interactions	radiation-protective agents/pharmacology	0.014705882352941178	32134361
endoplasmic reticulum/drug effects	AIFM2	0.014705882352941178	33277233
tumor-associated macrophages/drug effects	SMAD3	0.014705882352941178	34991659
cd8-positive t-lymphocytes/cytology	RPL17-C18orf32	0.006584723441615452	33691090
cd8-positive t-lymphocytes/cytology	RPL17-C18orf32	0.006584723441615452	34985903
macrophages/drug effects	nf-kappa b/metabolism	0.14266900790166812	30755716
cd8-positive t-lymphocytes/cytology	RPL17	0.006584723441615452	33691090
cd8-positive t-lymphocytes/cytology	RPL17	0.006584723441615452	34985903
inflammation/metabolism	NOX4	0.029411764705882353	35197507
SLC9A1	ATM	0.029411764705882353	31554642
SLC9A1	SLC7A11	0.0026338893766461808	31043744
SLC9A1	SLC7A11	0.0026338893766461808	31554642
inflammation/metabolism	FTH1	0.029411764705882353	35197507
tumor-associated macrophages/drug effects	JAK2	0.014705882352941178	34991659
tumor-associated macrophages/drug effects	IL6	0.1323529411764706	34991659
macrophages/drug effects	calgranulin a/metabolism	0.07352941176470588	30755716
SLC9A1	SLC3A2	0.029411764705882353	31043744
tumor-associated macrophages/drug effects	GGT1	0.014705882352941178	34991659
inflammation/metabolism	NLRP3	0.029411764705882353	35197507
TGFB1	liver cirrhosis/chemically induced	0.10294117647058823	37946098
SLC9A1	CD8A	0.01229148375768218	31043744
SLC9A1	CD8A	0.01229148375768218	31554642
inflammation/metabolism	HMGB1	0.058384547848990345	35197507
inflammation/metabolism	GPX4	0.29938542581211586	35197507
pancreas/metabolism	GPX4	0.16176470588235295	33311482
TGFB1	cell proliferation	0.18848548456084777	26208571
TGFB1	cell proliferation	0.18848548456084777	34958892
TGFB1	epithelial cells/metabolism	0.10294117647058823	32359100
inflammation/metabolism	TLR4	0.08691834942932399	35197507
TGFB1	stem cells/metabolism	0.10294117647058823	32359100
pancreas/metabolism	KDM8	0.014705882352941178	33311482
TGFB1	lung neoplasms/metabolism	0.19666374012291485	26208571
inflammation/metabolism	IL6	0.24890254609306411	21566463
macrophages/drug effects	colon/metabolism	0.07352941176470588	30755716
TGFB1	prostatic neoplasms/pathology	0.28186607071593905	25940439
phospholipid hydroperoxide glutathione peroxidase/genetics	GPX4	0.16176470588235295	33311482
TGFB1	calgranulin b/genetics	0.10294117647058823	26208571
pancreas/metabolism	STING1	0.014705882352941178	33311482
heart ventricles/diagnostic imaging	toll-like receptor 4/metabolism	0.04411764705882353	35197507
macrophages/drug effects	diet high-fat	0.20761832548487505	30755716
heart ventricles/diagnostic imaging	hypertension pulmonary/chemically induced	0.014705882352941178	35197507
phospholipid hydroperoxide glutathione peroxidase/genetics	KDM8	0.014705882352941178	33311482
lipid metabolism/drug effects	sulfasalazine/administration &amp; dosage	0.014705882352941178	31554642
lipid metabolism/drug effects	ferroptosis/drug effects	0.39705882352941163	31554642
TGFB1	transforming growth factor beta1/metabolism	4.297721593595168e-05	32359100
TGFB1	transforming growth factor beta1/metabolism	4.297721593595168e-05	35720420
TGFB1	transforming growth factor beta1/metabolism	4.297721593595168e-05	34958892
TGFB1	transforming growth factor beta1/metabolism	4.297721593595168e-05	25940439
phospholipid hydroperoxide glutathione peroxidase/genetics	STING1	0.014705882352941178	33311482
heart ventricles/diagnostic imaging	nlr family pyrin domain-containing 3 protein/metabolism	0.014705882352941178	35197507
TGFB1	cadherins/genetics	0.10294117647058823	35720420
TGFB1	glioblastoma/pathology	0.10294117647058823	35720420
TGFB1	neoplasm invasiveness/pathology	0.10294117647058823	25940439
heart ventricles/diagnostic imaging	ferroptosis/drug effects	0.39705882352941163	35197507
TGFB1	disease progression	0.4927028268775416	34958892
TGFB1	angiopoietin-2/genetics	0.10294117647058823	26208571
lipid metabolism/drug effects	antineoplastic agents immunological/administration &amp; dosage	0.014705882352941178	31554642
macrophages/drug effects	neoplasm metastasis	0.32571367120587935	30755716
lipid metabolism/drug effects	cell line tumor	0.4264705882352941	31554642
TGFB1	mammary glands human/metabolism	0.10294117647058823	32359100
heart ventricles/diagnostic imaging	macrophages/metabolism	0.10294117647058823	35197507
inflammation/metabolism	autophagy	0.058384547848990345	21566463
TGFB1	carcinoma hepatocellular/chemically induced	0.10294117647058823	37946098
macrophages/drug effects	anti-inflammatory agents/pharmacology	0.07352941176470588	30755716
lipid metabolism/drug effects	SLC9A1	0.02941176470588235	31554642
TGFB1	matrix metalloproteinase 9/metabolism	0.10294117647058823	25940439
lipid metabolism/drug effects	ATM	0.014705882352941178	31554642
toll-like receptor 4/genetics	TICAM1	0.014705882352941178	30830879
heart ventricles/diagnostic imaging	hmgb1 protein/metabolism	0.014705882352941178	35197507
lipid metabolism/drug effects	SLC7A11	0.05882352941176471	31554642
TGFB1	transforming growth factor beta/metabolism	0.009218612818261633	37946098
TGFB1	transforming growth factor beta/metabolism	0.009218612818261633	26208571
autophagy-related proteins/genetics	ferroptosis/drug effects	0.39705882352941163	33926261
autophagy-related proteins/genetics	jurkat cells	0.02941176470588235	33926261
heart ventricles/diagnostic imaging	inflammation/metabolism	0.02941176470588235	35197507
toll-like receptor 4/genetics	IFNA1	0.04411764705882353	30830879
TGFB1	adipocytes/pathology	0.10294117647058823	25940439
autophagy-related proteins/genetics	glutathione peroxidase/metabolism	0.014705882352941178	33926261
autophagy-related proteins/genetics	flavonolignans/pharmacology	0.014705882352941178	33926261
TGFB1	smad proteins/metabolism	0.10294117647058823	25940439
TGFB1	diet high-fat/adverse effects	0.28186607071593905	32359100
heart ventricles/diagnostic imaging	NOX4	0.014705882352941178	35197507
inflammation/metabolism	neoplasms/metabolism	0.029411764705882353	21566463
autophagy-related proteins/genetics	reactive oxygen species/metabolism	0.10294117647058823	33926261
heart ventricles/diagnostic imaging	FTH1	0.014705882352941178	35197507
macrophages/drug effects	CCL2	0.32571367120587935	30755716
macrophages/drug effects	NFKB1	0.37922845920541265	30755716
TGFB1	neoplasm metastasis	0.4292906802372343	25940439
lipid metabolism/drug effects	CD8A	0.11764705882352942	31554642
toll-like receptor 4/genetics	TLR4	0.04411764705882353	30830879
heart ventricles/diagnostic imaging	NLRP3	0.014705882352941178	35197507
heart ventricles/diagnostic imaging	HMGB1	0.02941176470588235	35197507
heart ventricles/diagnostic imaging	GPX4	0.16176470588235295	35197507
TGFB1	tumor microenvironment/physiology	0.026259078936866475	32359100
TGFB1	tumor microenvironment/physiology	0.026259078936866475	25940439
autophagy-related proteins/genetics	GPX4	0.16176470588235295	33926261
TGFB1	kruppel-like transcription factors/genetics	0.19666374012291485	37946098
autophagy-related proteins/genetics	ROS1	0.05882352941176471	33926261
heart ventricles/diagnostic imaging	TLR4	0.04411764705882353	35197507
toll-like receptor 4/genetics	TRIM69	0.014705882352941178	30830879
autophagy-related proteins/genetics	ATG5	0.014705882352941178	33926261
nlr family pyrin domain-containing 3 protein/metabolism	ferroptosis/drug effects	0.39705882352941163	35197507
TGFB1	stem cells/pathology	0.10294117647058823	25940439
macrophages/drug effects	IRF6	0.07352941176470588	30755716
macrophages/drug effects	S100A8	0.14266900790166812	30755716
nlr family pyrin domain-containing 3 protein/metabolism	macrophages/metabolism	0.10294117647058823	35197507
TGFB1	receptors androgen/metabolism	0.10294117647058823	25940439
TGFB1	SNAI2	0.10294117647058823	37946098
antineoplastic agents immunological/administration &amp; dosage	cell line tumor	0.4264705882352941	31554642
TGFB1	DCN	0.10294117647058823	32359100
macrophages/drug effects	TNF	0.37922845920541265	30755716
nlr family pyrin domain-containing 3 protein/metabolism	hmgb1 protein/metabolism	0.014705882352941178	35197507
antineoplastic agents immunological/administration &amp; dosage	SLC9A1	0.02941176470588235	31554642
nlr family pyrin domain-containing 3 protein/metabolism	inflammation/metabolism	0.02941176470588235	35197507
antineoplastic agents immunological/administration &amp; dosage	ATM	0.014705882352941178	31554642
TGFB1	SERPINE1	0.10294117647058823	35720420
antineoplastic agents immunological/administration &amp; dosage	SLC7A11	0.05882352941176471	31554642
nlr family pyrin domain-containing 3 protein/metabolism	NOX4	0.014705882352941178	35197507
nlr family pyrin domain-containing 3 protein/metabolism	FTH1	0.014705882352941178	35197507
glutathione peroxidase/metabolism	flavonolignans/pharmacology	0.014705882352941178	33926261
antineoplastic agents immunological/administration &amp; dosage	CD8A	0.11764705882352942	31554642
TGFB1	SMAD2	0.10294117647058823	37946098
STAT3	SMAD3	0.08823529411764705	34991659
nlr family pyrin domain-containing 3 protein/metabolism	NLRP3	0.014705882352941178	35197507
nlr family pyrin domain-containing 3 protein/metabolism	HMGB1	0.02941176470588235	35197507
nlr family pyrin domain-containing 3 protein/metabolism	GPX4	0.16176470588235295	35197507
TGFB1	CDH2	0.10294117647058823	37946098
inflammation/metabolism	fibroblasts/metabolism	0.029411764705882353	21566463
glutathione peroxidase/metabolism	reactive oxygen species/metabolism	0.10294117647058823	33926261
TGFB1	KLF10	0.10294117647058823	37946098
nlr family pyrin domain-containing 3 protein/metabolism	TLR4	0.04411764705882353	35197507
STAT3	JAK2	0.08823529411764705	34991659
STAT3	IL6	6.868680046906561e-05	34991659
STAT3	IL6	6.868680046906561e-05	30563531
STAT3	IL6	6.868680046906561e-05	32344015
STAT3	IL6	6.868680046906561e-05	37108378
STAT3	IL6	6.868680046906561e-05	32472095
tumor microenvironment/drug effects	mitochondria/drug effects	0.22300263388937666	34093872
tumor microenvironment/drug effects	tumor escape/drug effects	0.1176470588235294	34593794
tumor microenvironment/drug effects	immune checkpoint inhibitors/pharmacology	0.1176470588235294	34593794
tumor microenvironment/drug effects	nf-e2-related factor 2/genetics	0.1176470588235294	34093872
tumor microenvironment/drug effects	colonic neoplasms/drug therapy	0.1176470588235294	33547170
tumor microenvironment/drug effects	heme oxygenase-1/metabolism	0.1176470588235294	33547170
tumor microenvironment/drug effects	reactive oxygen species/metabolism	0.6016201469662343	33547170
tumor microenvironment/drug effects	basic-leucine zipper transcription factors/analysis	0.1176470588235294	34991659
inflammation/metabolism	cytokines/biosynthesis	0.029411764705882353	21566463
STAT3	GGT1	0.08823529411764705	34991659
tumor microenvironment/drug effects	tumor-associated macrophages/drug effects	0.1176470588235294	34991659
tumor microenvironment/drug effects	cell line tumor	0.7521383336191501	34093872
tumor microenvironment/drug effects	cell line tumor	0.7521383336191501	28609459
tumor microenvironment/drug effects	cell line tumor	0.7521383336191501	32344015
TGFB1	ANGPT2	0.10294117647058823	26208571
tumor microenvironment/drug effects	drug resistance neoplasm/drug effects	0.1176470588235294	34593794
tumor microenvironment/drug effects	glycogen synthase kinase 3/metabolism	0.1176470588235294	34093872
STAT3	janus kinases/metabolism	0.08823529411764705	30563531
STAT3	non-alcoholic fatty liver disease/genetics	0.16988586479367868	37108378
tumor microenvironment/drug effects	HMOX1	0.1176470588235294	33547170
inflammation/metabolism	hypoxia	0.029411764705882353	21566463
pyruvate dehydrogenase acetyl-transferring kinase/antagonists &amp; inhibitors	cell line tumor	0.4264705882352941	31509699
tumor microenvironment/drug effects	TGFB1	0.6016201469662343	34991659
tumor microenvironment/drug effects	HLF	0.1176470588235294	34991659
antibodies monoclonal humanized/pharmacology	cd36 antigens/antagonists &amp; inhibitors	0.014705882352941178	33691090
STAT3	obesity/chemically induced	0.08823529411764705	32472095
tumor microenvironment/drug effects	CD36	0.7764597819995738	31257391
inflammation/metabolism	cell communication	0.029411764705882353	21566463
tumor microenvironment/drug effects	STAT3	0.14341624866207833	34991659
tumor microenvironment/drug effects	STAT3	0.14341624866207833	32344015
tumor microenvironment/drug effects	TP53	0.4760701326768051	33547170
glutathione peroxidase/metabolism	GPX4	0.16176470588235295	33926261
TGFB1	THBS2	0.10294117647058823	34958892
STAT3	tumor microenvironment/genetics	0.08823529411764705	38351345
tumor microenvironment/drug effects	CHRM1	0.004211767161723264	34093872
tumor microenvironment/drug effects	CHRM1	0.004211767161723264	30755716
tumor microenvironment/drug effects	CHRM1	0.004211767161723264	31257391
tumor microenvironment/drug effects	GSK3B	0.1176470588235294	34093872
TGFB1	S100A8	0.19666374012291485	26208571
tumor microenvironment/drug effects	SMAD3	0.1176470588235294	34991659
b-lymphocytes/metabolism	ferroptosis/drug effects	0.39705882352941163	31775041
tumor microenvironment/drug effects	PDCD1	0.5426009094797505	34093872
glutathione peroxidase/metabolism	ROS1	0.05882352941176471	33926261
TGFB1	S100A9	0.10294117647058823	26208571
tumor microenvironment/drug effects	HMGB1	0.22300263388937666	30755716
glutathione peroxidase/metabolism	ATG5	0.014705882352941178	33926261
tumor microenvironment/drug effects	PRKAA1	0.1176470588235294	34093872
STAT3	biomarkers/blood	0.08823529411764705	32472095
inflammation/metabolism	caveolin 1/deficiency	0.029411764705882353	21566463
tumor microenvironment/drug effects	GABPA	0.1176470588235294	34093872
TGFB1	MMP9	0.10294117647058823	25940439
tumor microenvironment/drug effects	MTOR	0.1176470588235294	34093872
STAT3	breast neoplasms/metabolism	0.24535078617607156	32472095
antibodies monoclonal humanized/pharmacology	ferroptosis/drug effects	0.39705882352941163	33691090
tumor microenvironment/drug effects	BTRC	0.1176470588235294	34093872
tumor microenvironment/drug effects	PRKAA2	0.1176470588235294	34093872
STAT3	proto-oncogene proteins c-akt/metabolism	0.08823529411764705	30563531
b-lymphocytes/metabolism	cytoskeletal proteins/metabolism	0.014705882352941178	31775041
tumor microenvironment/drug effects	CD274	0.06506750492703083	34093872
tumor microenvironment/drug effects	CD274	0.06506750492703083	34593794
tumor microenvironment/drug effects	JAK2	0.1176470588235294	34991659
tumor microenvironment/drug effects	ASAH2	0.1176470588235294	33547170
TGFB1	MAPK8	0.19666374012291485	34958892
tumor microenvironment/drug effects	NFE2L2	0.22300263388937666	34093872
TGFB1	PDCD1LG2	0.10294117647058823	35720420
antibodies monoclonal humanized/pharmacology	multiple myeloma/drug therapy	0.014705882352941178	33691090
tumor microenvironment/drug effects	IL6	0.2846578158093149	34991659
tumor microenvironment/drug effects	IL6	0.2846578158093149	32344015
STAT3	lipid metabolism/physiology	0.08823529411764705	37108378
TGFB1	MAP2K7	0.10294117647058823	34958892
STAT3	adiponectin/blood	0.08823529411764705	32472095
tumor microenvironment/drug effects	CD8A	0.6538666850690233	34093872
STAT3	cytokines/blood	0.24535078617607156	32344015
TGFB1	FAT1	0.10294117647058823	35720420
STAT3	pancreatic neoplasms/immunology	0.08823529411764705	32344015
tumor microenvironment/drug effects	PRKAB1	0.1176470588235294	34093872
pyruvate dehydrogenase acetyl-transferring kinase/antagonists &amp; inhibitors	ROS1	0.05882352941176471	31509699
STAT3	interleukin-6/metabolism	0.24535078617607156	30563531
antibodies monoclonal humanized/pharmacology	reactive oxygen species/metabolism	0.10294117647058823	33691090
tumor microenvironment/drug effects	RPL17-C18orf32	0.5426009094797505	34093872
STAT3	cachexia/immunology	0.08823529411764705	32344015
skin neoplasms/drug therapy	tumor microenvironment/drug effects	0.11764705882352942	34593794
tumor microenvironment/drug effects	RPL17	0.5426009094797505	34093872
STAT3	stat3 transcription factor/metabolism	0.058139731208212336	37108378
STAT3	stat3 transcription factor/metabolism	0.058139731208212336	30563531
skin neoplasms/drug therapy	tumor escape/drug effects	0.014705882352941178	34593794
b-lymphocytes/metabolism	BDKRB2	0.014705882352941178	31775041
HLF	STAT3	0.08823529411764705	34991659
tumor microenvironment/drug effects	MRLN	0.004211767161723264	34093872
tumor microenvironment/drug effects	MRLN	0.004211767161723264	30755716
tumor microenvironment/drug effects	MRLN	0.004211767161723264	31257391
antibodies monoclonal humanized/pharmacology	cell line tumor	0.4264705882352941	33691090
skin neoplasms/drug therapy	immune checkpoint inhibitors/pharmacology	0.014705882352941178	34593794
tumor microenvironment/drug effects	CTLA4	0.1176470588235294	34093872
b-lymphocytes/metabolism	BBS9	0.014705882352941178	31775041
HLF	SMAD3	0.014705882352941178	34991659
tumor microenvironment/drug effects	GGT1	0.1176470588235294	34991659
STAT3	perilipin-5/genetics	0.08823529411764705	37108378
skin neoplasms/drug therapy	drug resistance neoplasm/drug effects	0.014705882352941178	34593794
STAT3	carcinoma hepatocellular/genetics	0.16988586479367868	37108378
tumor microenvironment/drug effects	mitogen-activated protein kinases/metabolism	0.1176470588235294	28609459
b-lymphocytes/metabolism	MS4A1	0.014705882352941178	31775041
antibodies monoclonal humanized/pharmacology	CD36	0.16176470588235295	33691090
HLF	JAK2	0.014705882352941178	34991659
HLF	IL6	0.1323529411764706	34991659
STAT3	interleukin-6/genetics	0.08823529411764705	37108378
b-lymphocytes/metabolism	GPX4	0.16176470588235295	31775041
tumor microenvironment/drug effects	protease inhibitors/pharmacology	0.1176470588235294	31257391
tumor microenvironment/drug effects	carcinoma hepatocellular/drug therapy	0.1176470588235294	31257391
antibodies monoclonal humanized/pharmacology	PDCD1	0.08823529411764705	33691090
STAT3	leptin/metabolism	0.08823529411764705	30563531
HLF	GGT1	0.014705882352941178	34991659
b-lymphocytes/metabolism	ROS1	0.05882352941176471	31775041
STAT3	procollagen-lysine 2-oxoglutarate 5-dioxygenase/deficiency	0.08823529411764705	30563531
tumor microenvironment/drug effects	amidines/administration &amp; dosage	0.1176470588235294	28609459
inflammation/metabolism	NFKB1	0.16988586479367865	21566463
STAT3	chemokine ccl2/metabolism	0.08823529411764705	38351345
tumor microenvironment/drug effects	phenotype	0.22300263388937666	30755716
STAT3	lipids	0.08823529411764705	37108378
skin neoplasms/drug therapy	CD274	0.05882352941176471	34593794
STAT3	stat3 transcription factor/immunology	0.08823529411764705	32344015
STAT3	breast neoplasms/pathology	0.08823529411764705	30563531
STAT3	hepatocyte growth factor/blood	0.08823529411764705	32472095
b-lymphocytes/metabolism	PLEKHM1	0.014705882352941178	31775041
STAT3	adipocytes/metabolism	0.3150107136059726	30563531
b-lymphocytes/metabolism	SPANXB1	0.014705882352941178	31775041
STAT3	macrophages/immunology	0.3150107136059726	32344015
antibodies monoclonal humanized/pharmacology	CD8A	0.11764705882352942	33691090
tumor microenvironment/drug effects	glycyrrhizic acid/pharmacology	0.1176470588235294	30755716
STAT3	3t3-l1 cells	0.08823529411764705	30563531
spleen/pathology	ferroptosis/drug effects	0.39705882352941163	34396451
antibodies monoclonal humanized/pharmacology	RPL17-C18orf32	0.08823529411764705	33691090
STAT3	carcinoma hepatocellular/pathology	0.16988586479367868	38351345
antibodies monoclonal humanized/pharmacology	RPL17	0.08823529411764705	33691090
STAT3	cell movement	0.08823529411764705	30563531
tumor microenvironment/drug effects	inflammation mediators/metabolism	0.3171841328118765	28609459
STAT3	neoplasm metastasis	0.3792284592054127	30563531
STAT3	muscle fibers skeletal/drug effects	0.08823529411764705	32344015
inflammation/metabolism	CSF2	0.029411764705882353	21566463
spleen/pathology	iron/blood	0.014705882352941178	34396451
STAT3	periostin	0.08823529411764705	38351345
inflammation/metabolism	CXCL8	0.058384547848990345	21566463
spleen/pathology	liver/pathology	0.014705882352941178	34396451
STAT3	cd36 antigens/metabolism	0.4927028268775416	38351345
STAT3	endothelial progenitor cells/metabolism	0.08823529411764705	38351345
spleen/pathology	cell line tumor	0.4264705882352941	34396451
tumor microenvironment/drug effects	nf-kappa b/metabolism	0.22300263388937666	30755716
STAT3	HGF	0.16988586479367868	32472095
inflammation/metabolism	CAV1	0.029411764705882353	21566463
STAT3	CCL2	0.3792284592054127	38351345
STAT3	NFKB1	0.08362296358894257	38351345
STAT3	NFKB1	0.08362296358894257	32472095
STAT3	PIK3CA	0.16988586479367868	30563531
tumor microenvironment/drug effects	immunity innate	0.22300263388937666	31257391
STAT3	EGF	0.08823529411764705	32472095
STAT3	PLOD2	0.08823529411764705	30563531
STAT3	CCR2	0.16988586479367868	38351345
STAT3	PLIN1	0.08823529411764705	37108378
STAT3	CXCL8	0.16988586479367868	38351345
tumor microenvironment/drug effects	calgranulin a/metabolism	0.1176470588235294	30755716
STAT3	LEP	0.006584723441615452	30563531
STAT3	LEP	0.006584723441615452	32472095
tumor microenvironment/drug effects	cytokines/blood	0.3171841328118765	32344015
tumor microenvironment/drug effects	cadherins/metabolism	0.1176470588235294	28609459
tumor microenvironment/drug effects	stem cell factor/metabolism	0.1176470588235294	31257391
STAT3	CD163	0.16988586479367868	32344015
tumor microenvironment/drug effects	pancreatic neoplasms/immunology	0.1176470588235294	32344015
STAT3	IL6R	0.08823529411764705	37108378
inflammation/metabolism	IL10	0.11501316944688324	21566463
STAT3	JUN	0.08823529411764705	32472095
tumor microenvironment/drug effects	cachexia/immunology	0.1176470588235294	32344015
STAT3	PIK3CD	0.16988586479367868	30563531
tor serine-threonine kinases/metabolism	amp-activated protein kinase kinases	0.014705882352941178	34093872
STAT3	POSTN	0.08823529411764705	38351345
tor serine-threonine kinases/metabolism	lung neoplasms/drug therapy	0.014705882352941178	34093872
STAT3	PLIN5	0.08823529411764705	37108378
STAT3	MAPK8	0.16988586479367868	32472095
melanoma/genetics	cysteine/metabolism	0.014705882352941178	31043744
STAT3	ADIPOQ	0.08823529411764705	32472095
inflammation/metabolism	CCL5	0.029411764705882353	21566463
STAT3	TNF	0.43834955832870687	37108378
hmgb1 protein/metabolism	inflammation/metabolism	0.02941176470588235	35197507
acetaminophen/pharmacology	ferroptosis/drug effects	0.39705882352941163	34062295
melanoma/genetics	ferroptosis/drug effects	0.39705882352941163	31043744
STAT3	PIK3CG	0.16988586479367868	30563531
tumor microenvironment/drug effects	lung neoplasms/metabolism	0.22300263388937666	28609459
STAT3	AKT1	0.16988586479367868	30563531
hmgb1 protein/metabolism	NOX4	0.014705882352941178	35197507
STAT3	PIK3CB	0.16988586479367868	30563531
hmgb1 protein/metabolism	FTH1	0.014705882352941178	35197507
TP53	SLC7A11	0.2685707619860386	35778693
tumor microenvironment/drug effects	colon/metabolism	0.1176470588235294	30755716
TP53	PDCD1	0.37922845920541265	39321806
tor serine-threonine kinases/metabolism	ferroptosis/drug effects	0.39705882352941163	34093872
listeriosis/etiology	TP53	0.07352941176470588	31980600
TP53	GPX4	0.5983255385966098	35778693
melanoma/genetics	reactive oxygen species/metabolism	0.10294117647058823	31043744
hmgb1 protein/metabolism	NLRP3	0.014705882352941178	35197507
TP53	XK	0.07352941176470588	35778693
tor serine-threonine kinases/metabolism	macrophages/drug effects	0.07352941176470588	34093872
melanoma/genetics	interferon-gamma/immunology	0.014705882352941178	31043744
hmgb1 protein/metabolism	HMGB1	0.02941176470588235	35197507
hmgb1 protein/metabolism	GPX4	0.16176470588235295	35197507
TP53	ASAH2	0.07352941176470588	33547170
reactive oxygen species/metabolism	asparaginase	0.10294117647058823	35778693
TP53	TF	0.07352941176470588	31980600
TP53	CD8A	0.47607013267680504	39321806
melanoma/genetics	cell line tumor	0.4264705882352941	31043744
reactive oxygen species/metabolism	interferon-gamma/immunology	0.10294117647058823	31043744
tumor microenvironment/drug effects	diet high-fat	0.3171841328118765	30755716
tor serine-threonine kinases/metabolism	tumor microenvironment/drug effects	0.11764705882352942	34093872
TP53	ASPG	0.07352941176470588	35778693
TP53	NLRP1	0.07352941176470588	35778693
reactive oxygen species/metabolism	gold/chemistry	0.10294117647058823	33236624
tor serine-threonine kinases/metabolism	mitochondria/drug effects	0.02941176470588235	34093872
TP53	RPL17-C18orf32	0.37922845920541265	39321806
tumor microenvironment/drug effects	stat3 transcription factor/immunology	0.1176470588235294	32344015
TP53	RPL17	0.37922845920541265	39321806
acetaminophen/pharmacology	hyaluronan receptors/genetics	0.014705882352941178	34062295
hmgb1 protein/metabolism	TLR4	0.04411764705882353	35197507
TP53	cytokines/analysis	0.07352941176470588	29777149
tor serine-threonine kinases/metabolism	nf-e2-related factor 2/genetics	0.014705882352941178	34093872
reactive oxygen species/metabolism	cell line tumor	0.6454107921235637	31043744
reactive oxygen species/metabolism	cell line tumor	0.6454107921235637	33691090
reactive oxygen species/metabolism	cell line tumor	0.6454107921235637	33236624
melanoma/genetics	SLC9A1	0.02941176470588235	31043744
TP53	interleukins/metabolism	0.07352941176470588	39321806
reactive oxygen species/metabolism	HMOX1	0.10294117647058823	33547170
tor serine-threonine kinases/metabolism	cell line tumor	0.4264705882352941	34093872
melanoma/genetics	SLC7A11	0.05882352941176471	31043744
tor serine-threonine kinases/metabolism	glycogen synthase kinase 3/metabolism	0.014705882352941178	34093872
reactive oxygen species/metabolism	CCK	0.28186607071593905	35778693
BBS9	MS4A1	0.014705882352941178	31775041
killer cells natural/metabolism	reactive oxygen species/metabolism	0.10294117647058823	35778693
killer cells natural/metabolism	asparaginase	0.014705882352941178	35778693
tumor microenvironment/drug effects	macrophages/immunology	0.06506750492703083	31257391
tumor microenvironment/drug effects	macrophages/immunology	0.06506750492703083	32344015
listeriosis/etiology	TF	0.014705882352941178	31980600
BBS9	GPX4	0.16176470588235295	31775041
acetaminophen/pharmacology	HSPB1	0.014705882352941178	34062295
reactive oxygen species/metabolism	CD36	0.7272809340394799	33691090
TP53	pten phosphohydrolase/deficiency	0.07352941176470588	29777149
acetaminophen/pharmacology	SLC40A1	0.014705882352941178	34062295
BBS9	ROS1	0.05882352941176471	31775041
TP53	breast neoplasms/metabolism	0.20761832548487505	29777149
killer cells natural/metabolism	CCK	0.04411764705882353	35778693
reactive oxygen species/metabolism	SLC9A1	0.19666374012291485	31043744
TP53	tumor escape/immunology	0.07352941176470588	39321806
reactive oxygen species/metabolism	TP53	0.07885513301448333	33547170
reactive oxygen species/metabolism	TP53	0.07885513301448333	35778693
killer cells natural/metabolism	TP53	0.07352941176470588	35778693
melanoma/genetics	SLC3A2	0.014705882352941178	31043744
BBS9	PLEKHM1	0.014705882352941178	31775041
ascorbic acid/pharmacology	ferroptosis/drug effects	0.39705882352941163	32686685
killer cells natural/metabolism	SLC7A11	0.05882352941176471	35778693
TP53	liver neoplasms/immunology	0.07352941176470588	39321806
tor serine-threonine kinases/metabolism	CHRM1	0.05882352941176471	34093872
BBS9	SPANXB1	0.014705882352941178	31775041
reactive oxygen species/metabolism	SLC7A11	0.04985357048570394	31043744
reactive oxygen species/metabolism	SLC7A11	0.04985357048570394	35778693
tor serine-threonine kinases/metabolism	GSK3B	0.014705882352941178	34093872
TP53	tumor-associated macrophages/immunology	0.14266900790166812	39321806
killer cells natural/metabolism	GPX4	0.16176470588235295	35778693
tumor microenvironment/drug effects	plant extracts/pharmacology	0.1176470588235294	31257391
tor serine-threonine kinases/metabolism	PDCD1	0.08823529411764705	34093872
melanoma/genetics	CD8A	0.11764705882352942	31043744
reactive oxygen species/metabolism	CHRM1	0.3592035707926841	33236624
tor serine-threonine kinases/metabolism	PRKAA1	0.014705882352941178	34093872
tor serine-threonine kinases/metabolism	GABPA	0.014705882352941178	34093872
killer cells natural/metabolism	XK	0.014705882352941178	35778693
reactive oxygen species/metabolism	PDCD1	0.4927028268775416	33691090
tor serine-threonine kinases/metabolism	MTOR	0.014705882352941178	34093872
reactive oxygen species/metabolism	GPX4	0.07797920610783478	33926261
reactive oxygen species/metabolism	GPX4	0.07797920610783478	32778843
reactive oxygen species/metabolism	GPX4	0.07797920610783478	35778693
tor serine-threonine kinases/metabolism	BTRC	0.014705882352941178	34093872
tor serine-threonine kinases/metabolism	PRKAA2	0.014705882352941178	34093872
tumor microenvironment/drug effects	neoplasm metastasis	0.4760701326768051	30755716
tor serine-threonine kinases/metabolism	CD274	0.05882352941176471	34093872
reactive oxygen species/metabolism	ROS1	0.3592035707926841	33926261
tumor microenvironment/drug effects	muscle fibers skeletal/drug effects	0.1176470588235294	32344015
TP53	docosahexaenoic acids/analysis	0.07352941176470588	29777149
reactive oxygen species/metabolism	ATG5	0.10294117647058823	33926261
killer cells natural/metabolism	ASPG	0.014705882352941178	35778693
tumor microenvironment/drug effects	tumor necrosis factor-alpha/metabolism	0.3171841328118765	31257391
tor serine-threonine kinases/metabolism	NFE2L2	0.02941176470588235	34093872
killer cells natural/metabolism	NLRP1	0.014705882352941178	35778693
TP53	cellular reprogramming/immunology	0.07352941176470588	39321806
reactive oxygen species/metabolism	SLC3A2	0.10294117647058823	31043744
tor serine-threonine kinases/metabolism	CD8A	0.11764705882352942	34093872
ascorbic acid/pharmacology	cell line tumor	0.4264705882352941	32686685
tumor microenvironment/drug effects	digestion	0.1176470588235294	31257391
reactive oxygen species/metabolism	XK	0.10294117647058823	35778693
TP53	tumor microenvironment/immunology	0.4292906802372344	39321806
tor serine-threonine kinases/metabolism	PRKAB1	0.014705882352941178	34093872
tumor microenvironment/drug effects	immunocompetence	0.1176470588235294	28609459
reactive oxygen species/metabolism	ASAH2	0.10294117647058823	33547170
TP53	tumor suppressor protein p53/deficiency	0.07352941176470588	29777149
tor serine-threonine kinases/metabolism	RPL17-C18orf32	0.08823529411764705	34093872
reactive oxygen species/metabolism	CD8A	0.18848548456084777	31043744
reactive oxygen species/metabolism	CD8A	0.18848548456084777	33691090
TP53	disease progression	0.37922845920541265	29777149
tor serine-threonine kinases/metabolism	RPL17	0.08823529411764705	34093872
acetaminophen/pharmacology	CD44	0.02941176470588235	34062295
tor serine-threonine kinases/metabolism	MRLN	0.05882352941176471	34093872
tor serine-threonine kinases/metabolism	CTLA4	0.014705882352941178	34093872
flavonolignans/pharmacology	reactive oxygen species/metabolism	0.10294117647058823	33926261
reactive oxygen species/metabolism	ASPG	0.10294117647058823	35778693
tumor microenvironment/drug effects	anti-inflammatory agents/pharmacology	0.1176470588235294	30755716
reactive oxygen species/metabolism	NLRP1	0.10294117647058823	35778693
reactive oxygen species/metabolism	RPL17-C18orf32	0.4927028268775416	33691090
reactive oxygen species/metabolism	RPL17	0.4927028268775416	33691090
TP53	neoplastic stem cells/immunology	0.07352941176470588	39321806
ascorbic acid/pharmacology	CALR	0.014705882352941178	32686685
reactive oxygen species/metabolism	MRLN	0.3592035707926841	33236624
tumor microenvironment/drug effects	cd36 antigens/metabolism	0.6016201469662343	31257391
tumor microenvironment/drug effects	rna messenger/metabolism	0.22300263388937666	31257391
TP53	cd36 antigens/metabolism	0.4292906802372344	39321806
tumor microenvironment/drug effects	gastrointestinal tract	0.1176470588235294	31257391
ascorbic acid/pharmacology	CYREN	0.014705882352941178	32686685
flavonolignans/pharmacology	GPX4	0.16176470588235295	33926261
flavonolignans/pharmacology	ROS1	0.05882352941176471	33926261
flavonolignans/pharmacology	ATG5	0.014705882352941178	33926261
tumor microenvironment/drug effects	CCL2	0.4760701326768051	30755716
tumor microenvironment/drug effects	NFKB1	0.5426009094797505	30755716
cystine/antagonists &amp; inhibitors	reactive oxygen species/metabolism	0.10294117647058823	32778843
TP53	PTEN	0.07352941176470588	29777149
brain neoplasms/genetics	acetaminophen/pharmacology	0.014705882352941178	34062295
brain neoplasms/genetics	ferroptosis/drug effects	0.39705882352941163	34062295
tumor microenvironment/drug effects	PIK3CA	0.22300263388937666	28609459
TP53	IL34	0.07352941176470588	39321806
hepatocytes/drug effects	ferroptosis/drug effects	0.39705882352941163	34811833
energy metabolism/drug effects	ferroptosis/drug effects	0.39705882352941163	31509699
hepatocytes/drug effects	macrophages/drug effects	0.07352941176470588	34811833
energy metabolism/drug effects	neoplasms/drug therapy	0.02941176470588235	31509699
FTH1	NLRP3	0.014705882352941178	35197507
FTH1	HMGB1	0.02941176470588235	35197507
FTH1	GPX4	0.16176470588235295	35197507
FTH1	TLR4	0.04411764705882353	35197507
brain neoplasms/genetics	hyaluronan receptors/genetics	0.014705882352941178	34062295
cystine/antagonists &amp; inhibitors	GPX4	0.16176470588235295	32778843
energy metabolism/drug effects	mitochondria/drug effects	0.02941176470588235	31509699
energy metabolism/drug effects	pyruvate dehydrogenase acetyl-transferring kinase/antagonists &amp; inhibitors	0.014705882352941178	31509699
hepatocytes/drug effects	cell line	0.04411764705882353	34811833
tumor microenvironment/drug effects	CD163	0.22300263388937666	32344015
tumor microenvironment/drug effects	IRF6	0.1176470588235294	30755716
brain neoplasms/genetics	HSPB1	0.014705882352941178	34062295
tumor microenvironment/drug effects	S100A8	0.22300263388937666	30755716
brain neoplasms/genetics	SLC40A1	0.014705882352941178	34062295
energy metabolism/drug effects	cell line tumor	0.4264705882352941	31509699
TICAM1	IFNA1	0.04411764705882353	30830879
tumor microenvironment/drug effects	PIK3CD	0.22300263388937666	28609459
hepatocytes/drug effects	SLC7A11	0.05882352941176471	34811833
hepatocytes/drug effects	FUT1	0.014705882352941178	34811833
cell line tumor	glycogen synthase kinase 3/metabolism	0.4264705882352941	34093872
TICAM1	TLR4	0.04411764705882353	30830879
cell line tumor	inflammation/metabolism	0.6747146619841966	21566463
hepatocytes/drug effects	GPX4	0.16176470588235295	34811833
cell line tumor	exosomes/metabolism	0.4264705882352941	34985903
hepatocytes/drug effects	FN1	0.014705882352941178	34811833
cell line tumor	CCK	0.8176430680820496	38221626
cell line tumor	TGFB1	0.6454107921235637	26208571
cell line tumor	TGFB1	0.6454107921235637	35720420
cell line tumor	TGFB1	0.6454107921235637	34958892
tumor microenvironment/drug effects	TNF	0.14341624866207833	30755716
tumor microenvironment/drug effects	TNF	0.14341624866207833	31257391
hepatocytes/drug effects	ROS1	0.05882352941176471	34811833
cell line tumor	CD36	0.11469788641919731	38301989
cell line tumor	CD36	0.11469788641919731	39178310
cell line tumor	CD36	0.11469788641919731	31802182
cell line tumor	CD36	0.11469788641919731	39546763
cell line tumor	CD36	0.11469788641919731	34958892
cell line tumor	CD36	0.11469788641919731	39321806
cell line tumor	CD36	0.11469788641919731	33691090
cell line tumor	SLC9A1	0.17822651448639157	31043744
cell line tumor	SLC9A1	0.17822651448639157	31554642
TICAM1	TRIM69	0.014705882352941178	30830879
cell line tumor	STAT3	0.5125458935270174	30563531
cell line tumor	STAT3	0.5125458935270174	32472095
cell line tumor	STAT3	0.5125458935270174	32344015
cell line tumor	TP53	0.9447668908133131	39321806
hepatocytes/drug effects	MMRN1	0.014705882352941178	34811833
cell line tumor	IFNA1	0.8176430680820496	39546763
cell line tumor	ATM	0.4264705882352941	31554642
tumor microenvironment/drug effects	PIK3CG	0.22300263388937666	28609459
cell line tumor	SLC7A11	0.5735653284380238	31043744
cell line tumor	SLC7A11	0.5735653284380238	31554642
hepatocytes/drug effects	HIF1A	0.014705882352941178	34811833
brain neoplasms/genetics	CD44	0.02941176470588235	34062295
energy metabolism/drug effects	ROS1	0.05882352941176471	31509699
cell line tumor	CHRM1	0.5735653284380238	34093872
cell line tumor	CHRM1	0.5735653284380238	33236624
cell line tumor	CALR	0.4264705882352941	32686685
cell line tumor	GSK3B	0.4264705882352941	34093872
cell line tumor	PDCD1	0.046654262111900394	38301989
cell line tumor	PDCD1	0.046654262111900394	39321806
cell line tumor	PDCD1	0.046654262111900394	34985903
cell line tumor	PDCD1	0.046654262111900394	34093872
cell line tumor	PDCD1	0.046654262111900394	33691090
cell line tumor	ACSL4	0.4264705882352941	33277233
tumor microenvironment/drug effects	AKT1	0.22300263388937666	28609459
cell line tumor	GPX4	0.9989067236753161	33277233
cell line tumor	PRKAA1	0.4264705882352941	34093872
cell line tumor	GABPA	0.4264705882352941	34093872
cell line tumor	ATL1	0.4264705882352941	33277233
tumor microenvironment/drug effects	PIK3CB	0.22300263388937666	28609459
cell line tumor	MTOR	0.4264705882352941	34093872
cell line tumor	ROS1	0.8990023146300583	31509699
cell line tumor	S100A4	0.4264705882352941	33277233
cell line tumor	BTRC	0.4264705882352941	34093872
cell line tumor	PRKAA2	0.4264705882352941	34093872
cell line tumor	SLC3A2	0.4264705882352941	31043744
cell line tumor	CD274	0.20415037113895762	34093872
cell line tumor	CD274	0.20415037113895762	35720420
cell line tumor	CD274	0.20415037113895762	34985903
cell line tumor	CYREN	0.4264705882352941	32686685
cell line tumor	NFE2L2	0.6747146619841966	34093872
macrophages/metabolism	hmgb1 protein/metabolism	0.10294117647058823	35197507
cell line tumor	IL6	0.027068686633261493	24021059
cell line tumor	IL6	0.027068686633261493	38301989
cell line tumor	IL6	0.027068686633261493	30563531
cell line tumor	IL6	0.027068686633261493	32344015
cell line tumor	IL6	0.027068686633261493	27756885
cell line tumor	IL6	0.027068686633261493	21566463
cell line tumor	IL6	0.027068686633261493	32472095
macrophages/metabolism	cell line tumor	0.8865359784654441	40287444
macrophages/metabolism	cell line tumor	0.8865359784654441	30420335
cell line tumor	CD8A	0.056432877944216475	31043744
cell line tumor	CD8A	0.056432877944216475	39321806
cell line tumor	CD8A	0.056432877944216475	34093872
cell line tumor	CD8A	0.056432877944216475	33277233
cell line tumor	CD8A	0.056432877944216475	33691090
cell line tumor	CD8A	0.056432877944216475	31554642
cell line tumor	PRKAB1	0.4264705882352941	34093872
macrophages/metabolism	inflammation/metabolism	0.19666374012291485	35197507
cell line tumor	RPL17-C18orf32	0.046654262111900394	38301989
cell line tumor	RPL17-C18orf32	0.046654262111900394	39321806
cell line tumor	RPL17-C18orf32	0.046654262111900394	34985903
cell line tumor	RPL17-C18orf32	0.046654262111900394	34093872
cell line tumor	RPL17-C18orf32	0.046654262111900394	33691090
cell line tumor	RPL17	0.046654262111900394	38301989
cell line tumor	RPL17	0.046654262111900394	39321806
cell line tumor	RPL17	0.046654262111900394	34985903
cell line tumor	RPL17	0.046654262111900394	34093872
cell line tumor	RPL17	0.046654262111900394	33691090
cell line tumor	AIFM2	0.4264705882352941	33277233
cell line tumor	MRLN	0.5735653284380238	34093872
cell line tumor	MRLN	0.5735653284380238	33236624
cell line tumor	CTLA4	0.4264705882352941	34093872
cell line tumor	glioma/pathology	0.4264705882352941	40287444
cell line tumor	ovarian neoplasms/immunology	0.4264705882352941	31802182
macrophages/metabolism	TGFB1	0.549978314165561	32359100
cell line tumor	palmitic acid/metabolism	0.4264705882352941	31802182
cell line tumor	mitogen-activated protein kinases/metabolism	0.4264705882352941	28609459
cell line tumor	janus kinases/metabolism	0.4264705882352941	30563531
cell line tumor	carcinoma pancreatic ductal/genetics	0.6747146619841966	34958892
macrophages/metabolism	CD36	0.7272809340394799	27044818
cell line tumor	amidines/administration &amp; dosage	0.4264705882352941	28609459
macrophages/metabolism	NOX4	0.10294117647058823	35197507
cell line tumor	phenotype	0.6747146619841966	30420335
cell line tumor	interleukin-17/genetics	0.4264705882352941	31802182
cell line tumor	obesity/chemically induced	0.4264705882352941	32472095
macrophages/metabolism	FTH1	0.10294117647058823	35197507
cell line tumor	osteogenesis/physiology	0.4264705882352941	25802102
cell line tumor	interleukins/metabolism	0.4264705882352941	39321806
cell line tumor	receptors cell surface/metabolism	0.4264705882352941	30420335
cell line tumor	bone and bones/pathology	0.4264705882352941	25802102
cell line tumor	antigens differentiation myelomonocytic/metabolism	0.4264705882352941	30420335
cell line tumor	osteoclasts/cytology	0.4264705882352941	25802102
cell line tumor	capillary permeability	0.4264705882352941	26208571
cell line tumor	cathepsin k/metabolism	0.4264705882352941	25802102
cell line tumor	neoplasm recurrence local	0.4264705882352941	27756885
cell line tumor	autophagy	0.6747146619841966	21566463
macrophages/metabolism	NLRP3	0.10294117647058823	35197507
cell line tumor	inflammation mediators/metabolism	0.3888578497884908	26208571
cell line tumor	inflammation mediators/metabolism	0.3888578497884908	28609459
cell line tumor	hydroxymethylglutaryl-coa reductase inhibitors/pharmacology	0.4264705882352941	27756885
CHRM1	GSK3B	0.058823529411764705	34093872
macrophages/metabolism	HMGB1	0.19666374012291485	35197507
cell line tumor	cell communication/drug effects	0.4264705882352941	30420335
cell line tumor	interleukin-6 receptor alpha subunit/blood	0.4264705882352941	24021059
macrophages/metabolism	GPX4	0.7272809340394799	35197507
CHRM1	PDCD1	0.31501071360597266	34093872
cell line tumor	biomarkers/blood	0.4264705882352941	32472095
cell line tumor	recombinant proteins/metabolism	0.4264705882352941	31802182
cell line tumor	fatty acid-binding proteins/metabolism	0.4264705882352941	31802182
CHRM1	HMGB1	0.11501316944688324	30755716
cell line tumor	vascular endothelial growth factor a/genetics	0.4264705882352941	26208571
cell line tumor	integrin alphavbeta3/metabolism	0.4264705882352941	34958892
CHRM1	PRKAA1	0.058823529411764705	34093872
cell line tumor	breast neoplasms/metabolism	0.8176430680820496	32472095
CHRM1	GABPA	0.058823529411764705	34093872
cell line tumor	tumor escape/immunology	0.4264705882352941	39321806
cell line tumor	proto-oncogene proteins c-akt/metabolism	0.4264705882352941	30563531
cell line tumor	neoplasms/metabolism	0.4264705882352941	21566463
CHRM1	MTOR	0.058823529411764705	34093872
cell line tumor	thyroid cancer papillary/immunology	0.4264705882352941	39178310
cell line tumor	tumor-associated macrophages/metabolism	0.4264705882352941	39546763
cell line tumor	tumor necrosis factor alpha-induced protein 3/metabolism	0.4264705882352941	30420335
macrophages/metabolism	TLR4	0.28186607071593905	35197507
CHRM1	BTRC	0.058823529411764705	34093872
cell line tumor	calgranulin a/genetics	0.4264705882352941	26208571
CHRM1	PRKAA2	0.058823529411764705	34093872
cell line tumor	liver neoplasms/immunology	0.4264705882352941	39321806
methotrexate/pharmacology	biopterins/analogs &amp; derivatives	0.014705882352941178	32778843
cell line tumor	endometrial neoplasms/genetics	0.4264705882352941	30420335
CHRM1	CD274	0.21980881278510775	34093872
cell line tumor	bone neoplasms/pathology	0.4264705882352941	38221626
cell line tumor	adiponectin/blood	0.4264705882352941	32472095
CHRM1	NFE2L2	0.11501316944688324	34093872
cell line tumor	mesenchymal stem cells/metabolism	0.4264705882352941	40287444
cell line tumor	tumor-associated macrophages/immunology	0.6747146619841966	39321806
CHRM1	CD8A	0.4012230087734917	34093872
IFNA1	TLR4	0.0039109266501716035	39166450
IFNA1	TLR4	0.0039109266501716035	30830879
cell line tumor	cytokines/blood	0.8176430680820496	32344015
methotrexate/pharmacology	cystine/antagonists &amp; inhibitors	0.014705882352941178	32778843
macrophages/metabolism	CD44	0.19666374012291485	36160648
cell line tumor	cadherins/metabolism	0.4264705882352941	28609459
CHRM1	PRKAB1	0.058823529411764705	34093872
cell line tumor	neoplasms/pathology	0.4264705882352941	39546763
methotrexate/pharmacology	reactive oxygen species/metabolism	0.10294117647058823	32778843
cell line tumor	breast neoplasms/drug therapy	0.4264705882352941	27756885
CHRM1	RPL17-C18orf32	0.31501071360597266	34093872
IFNA1	TRIM69	0.044117647058823525	30830879
CHRM1	RPL17	0.31501071360597266	34093872
cell line tumor	pancreatic neoplasms/immunology	0.4264705882352941	32344015
CHRM1	MRLN	1.2279204553129049e-06	34093872
CHRM1	MRLN	1.2279204553129049e-06	30755716
CHRM1	MRLN	1.2279204553129049e-06	33236624
CHRM1	MRLN	1.2279204553129049e-06	31257391
cell line tumor	bone marrow/metabolism	0.4264705882352941	25802102
CHRM1	CTLA4	0.058823529411764705	34093872
cell line tumor	interleukin-6/metabolism	0.07291084683534202	24021059
cell line tumor	interleukin-6/metabolism	0.07291084683534202	27756885
cell line tumor	interleukin-6/metabolism	0.07291084683534202	30563531
macrophages/metabolism	glioma/pathology	0.10294117647058823	40287444
cell line tumor	cachexia/immunology	0.4264705882352941	32344015
cell line tumor	stat3 transcription factor/metabolism	0.10025241439859527	24021059
cell line tumor	stat3 transcription factor/metabolism	0.10025241439859527	27756885
cell line tumor	stat3 transcription factor/metabolism	0.10025241439859527	30563531
cell line tumor	stat3 transcription factor/metabolism	0.10025241439859527	31802182
asparaginase	CCK	0.04411764705882353	35778693
cell line tumor	inflammation/immunology	0.4264705882352941	27756885
CHRM1	protease inhibitors/pharmacology	0.058823529411764705	31257391
HSPB1	SLC40A1	0.014705882352941178	34062295
cell line tumor	obesity/pathology	0.4264705882352941	38221626
CHRM1	carcinoma hepatocellular/drug therapy	0.058823529411764705	31257391
macrophages/metabolism	obesity/metabolism	0.19666374012291485	32359100
cell line tumor	myeloid cells/immunology	0.4264705882352941	24021059
CHRM1	phenotype	0.11501316944688324	30755716
asparaginase	TP53	0.07352941176470588	35778693
macrophages/metabolism	mammary glands animal/metabolism	0.10294117647058823	32359100
cell line tumor	osteopontin/metabolism	0.4264705882352941	39178310
macrophages/metabolism	lipoproteins ldl	0.10294117647058823	36160648
cell line tumor	cell proliferation	0.46753155629758625	26208571
cell line tumor	cell proliferation	0.46753155629758625	34958892
cell line tumor	cell proliferation	0.46753155629758625	38301989
cell line tumor	cell proliferation	0.46753155629758625	31802182
asparaginase	SLC7A11	0.05882352941176471	35778693
HMGB1	GPX4	0.29938542581211586	35197507
cell line tumor	adipocytes/immunology	0.4264705882352941	31802182
cell line tumor	macrophage colony-stimulating factor/antagonists &amp; inhibitors	0.4264705882352941	27756885
macrophages/metabolism	phenotype	0.19666374012291485	30420335
methotrexate/pharmacology	GPX4	0.16176470588235295	32778843
cell line tumor	chemokine cxcl1/metabolism	0.4264705882352941	25802102
IFNA1	phagocytosis	0.044117647058823525	39166450
cell line tumor	antigens cd/metabolism	0.4264705882352941	30420335
CHRM1	glycyrrhizic acid/pharmacology	0.058823529411764705	30755716
cell line tumor	estradiol/pharmacology	0.4264705882352941	30420335
asparaginase	GPX4	0.16176470588235295	35778693
cell line tumor	lung neoplasms/metabolism	0.17822651448639157	26208571
cell line tumor	lung neoplasms/metabolism	0.17822651448639157	28609459
cell line tumor	prostatic neoplasms/pathology	0.3888578497884908	38221626
cell line tumor	prostatic neoplasms/pathology	0.3888578497884908	25802102
HSPB1	CD44	0.02941176470588235	34062295
cell line tumor	calgranulin b/genetics	0.4264705882352941	26208571
HMGB1	TLR4	0.08691834942932399	35197507
macrophages/metabolism	receptors cell surface/metabolism	0.10294117647058823	30420335
tumor suppressor protein p53/genetics	ferroptosis/drug effects	0.39705882352941163	31980600
cell line tumor	interferon type i/metabolism	0.6747146619841966	39546763
cell line tumor	leptin/metabolism	0.4264705882352941	30563531
cell line tumor	ovary/pathology	0.4264705882352941	31802182
macrophages/metabolism	endostatins/genetics	0.10294117647058823	27044818
cell line tumor	procollagen-lysine 2-oxoglutarate 5-dioxygenase/deficiency	0.4264705882352941	30563531
tumor suppressor protein p53/genetics	ferritins/blood	0.014705882352941178	31980600
cell line tumor	cellular reprogramming/immunology	0.4264705882352941	39321806
macrophages/metabolism	antigens differentiation myelomonocytic/metabolism	0.10294117647058823	30420335
cell line tumor	adenosine/analogs &amp; derivatives	0.4264705882352941	40287444
asparaginase	XK	0.014705882352941178	35778693
cell line tumor	transforming growth factor beta1/metabolism	0.5735653284380238	35720420
cell line tumor	transforming growth factor beta1/metabolism	0.5735653284380238	34958892
cell line tumor	alpha-ketoglutarate-dependent dioxygenase fto/metabolism	0.6747146619841966	40287444
tumor suppressor protein p53/genetics	macrophages/drug effects	0.07352941176470588	31980600
cell line tumor	tumor microenvironment/immunology	0.11149073665225709	24021059
cell line tumor	tumor microenvironment/immunology	0.11149073665225709	39178310
cell line tumor	tumor microenvironment/immunology	0.11149073665225709	31802182
cell line tumor	tumor microenvironment/immunology	0.11149073665225709	39546763
cell line tumor	tumor microenvironment/immunology	0.11149073665225709	39321806
IFNA1	tumor-associated macrophages/metabolism	0.044117647058823525	39546763
cell line tumor	cadherins/genetics	0.4264705882352941	35720420
cell line tumor	stat3 transcription factor/immunology	0.4264705882352941	32344015
cell line tumor	breast neoplasms/pathology	0.4264705882352941	30563531
cell line tumor	glioblastoma/pathology	0.4264705882352941	35720420
macrophages/metabolism	chemokines/metabolism	0.10294117647058823	24844408
cell line tumor	mesenchymal stem cells/immunology	0.4264705882352941	27756885
cell line tumor	fibroblasts/metabolism	0.4264705882352941	21566463
CHRM1	nf-kappa b/metabolism	0.11501316944688324	30755716
cell line tumor	disease progression	0.20744871897198497	31802182
cell line tumor	disease progression	0.20744871897198497	39546763
cell line tumor	disease progression	0.20744871897198497	34958892
cell line tumor	disease progression	0.20744871897198497	39178310
HMGB1	MRLN	0.11501316944688324	30755716
macrophages/metabolism	nitric oxide synthase type ii/metabolism	0.10294117647058823	36160648
cell line tumor	hepatocyte growth factor/blood	0.4264705882352941	32472095
asparaginase	ASPG	0.014705882352941178	35778693
cell line tumor	angiopoietin-2/genetics	0.4264705882352941	26208571
asparaginase	NLRP1	0.014705882352941178	35778693
cell line tumor	breast neoplasms/immunology	0.4264705882352941	24021059
macrophages/metabolism	lymphangiogenesis	0.10294117647058823	24844408
cell line tumor	bone marrow/pathology	0.4264705882352941	38221626
IFNA1	neoplasms/pathology	0.044117647058823525	39546763
cell line tumor	adipocytes/metabolism	0.20415037113895762	38221626
cell line tumor	adipocytes/metabolism	0.20415037113895762	30563531
cell line tumor	adipocytes/metabolism	0.20415037113895762	25802102
macrophages/metabolism	cell communication/drug effects	0.10294117647058823	30420335
CHRM1	immunity innate	0.11501316944688324	31257391
cell line tumor	macrophages/immunology	0.5735653284380238	39178310
cell line tumor	macrophages/immunology	0.5735653284380238	32344015
macrophages/metabolism	leptin/physiology	0.10294117647058823	24844408
multiple myeloma/drug therapy	reactive oxygen species/metabolism	0.10294117647058823	33691090
cell line tumor	3t3-l1 cells	0.4264705882352941	30563531
cell line tumor	cytokines/biosynthesis	0.4264705882352941	21566463
CHRM1	calgranulin a/metabolism	0.058823529411764705	30755716
cell line tumor	obesity	0.4264705882352941	25802102
HMGB1	phenotype	0.058384547848990345	30755716
cell line	TGFB1	0.281866070715939	25940439
cell line tumor	hypoxia	0.4264705882352941	21566463
tumor suppressor protein p53/genetics	listeriosis/etiology	0.014705882352941178	31980600
CHRM1	stem cell factor/metabolism	0.058823529411764705	31257391
multiple myeloma/drug therapy	cell line tumor	0.4264705882352941	33691090
cell line tumor	transforming growth factor beta/metabolism	0.6747146619841966	26208571
IFNA1	endometrial neoplasms/immunology	0.044117647058823525	39166450
cell line tumor	neoplastic stem cells/immunology	0.4264705882352941	39321806
cell line tumor	cell communication	0.4264705882352941	21566463
macrophages/metabolism	breast neoplasms/metabolism	0.28186607071593905	32359100
cell line tumor	neoplasm recurrence local/immunology	0.4264705882352941	39178310
cell line tumor	chemokine cxcl2/metabolism	0.4264705882352941	25802102
cell line tumor	metabolic reprogramming	0.4264705882352941	38301989
cell line tumor	carcinoma hepatocellular/pathology	0.6747146619841966	38301989
cell line tumor	macrophage colony-stimulating factor/metabolism	0.4264705882352941	40287444
HMGB1	glycyrrhizic acid/pharmacology	0.029411764705882353	30755716
cell line tumor	cell movement	0.4264705882352941	30563531
cell line tumor	caveolin 1/deficiency	0.4264705882352941	21566463
cell line tumor	neoplasm metastasis	0.7159440098970389	24021059
cell line tumor	neoplasm metastasis	0.7159440098970389	30563531
tumor suppressor protein p53/genetics	TP53	0.07352941176470588	31980600
cell line tumor	muscle fibers skeletal/drug effects	0.4264705882352941	32344015
multiple myeloma/drug therapy	CD36	0.16176470588235295	33691090
cell line tumor	neoplasm invasiveness	0.4264705882352941	27756885
macrophages/metabolism	carcinoma renal cell/blood	0.10294117647058823	27044818
cell line	SLC7A11	0.16864873493495092	34811833
cell line tumor	chemokine ccl2/genetics	0.4264705882352941	38221626
cell line tumor	bone marrow cells/metabolism	0.4264705882352941	25802102
cell line tumor	immunocompetence	0.4264705882352941	28609459
IFNA1	interferon type i/metabolism	0.0013169446883230904	39166450
IFNA1	interferon type i/metabolism	0.0013169446883230904	39546763
cell line tumor	kruppel-like transcription factors/genetics	0.6747146619841966	38221626
cell line	FUT1	0.044117647058823525	34811833
cell line tumor	bone neoplasms/secondary	0.4264705882352941	25802102
macrophages/metabolism	tumor necrosis factor alpha-induced protein 3/metabolism	0.10294117647058823	30420335
cell line tumor	palmitic acid/pharmacology	0.4264705882352941	38221626
cell line tumor	cell differentiation	0.8176430680820496	25802102
macrophages/metabolism	extracellular matrix/metabolism	0.10294117647058823	32359100
cell line tumor	brain neoplasms/pathology	0.4264705882352941	40287444
cell line tumor	estrogen receptor alpha/genetics	0.4264705882352941	30420335
multiple myeloma/drug therapy	PDCD1	0.08823529411764705	33691090
cell line tumor	receptors interleukin-17/metabolism	0.4264705882352941	31802182
cell line tumor	cd36 antigens/metabolism	0.33539269539828886	39178310
cell line tumor	cd36 antigens/metabolism	0.33539269539828886	39546763
cell line tumor	cd36 antigens/metabolism	0.33539269539828886	39321806
cell line tumor	cd36 antigens/metabolism	0.33539269539828886	31802182
IFNA1	tumor microenvironment/immunology	0.026259078936866475	39166450
IFNA1	tumor microenvironment/immunology	0.026259078936866475	39546763
cell line	GPX4	0.41615452151009663	34811833
cell line tumor	cancer-associated fibroblasts/pathology	0.4264705882352941	38301989
cell line tumor	osteolysis/pathology	0.4264705882352941	25802102
cell line tumor	paracrine communication	0.6747146619841966	27756885
HMGB1	nf-kappa b/metabolism	0.058384547848990345	30755716
CHRM1	colon/metabolism	0.058823529411764705	30755716
macrophages/metabolism	endometrial neoplasms/genetics	0.10294117647058823	30420335
cell line tumor	hek293 cells	0.4264705882352941	30420335
IFNA1	disease progression	0.24535078617607156	39546763
cell line	FN1	0.044117647058823525	34811833
macrophages/metabolism	rna messenger/genetics	0.10294117647058823	24844408
IFNA1	heme/metabolism	0.044117647058823525	39166450
tumor suppressor protein p53/genetics	TF	0.014705882352941178	31980600
cell line tumor	FAP	0.4264705882352941	38301989
macrophages/metabolism	mesenchymal stem cells/metabolism	0.10294117647058823	40287444
cell line tumor	MAPK1	0.4264705882352941	39546763
cell line tumor	AHSA1	0.4264705882352941	39546763
cell line	ROS1	0.16864873493495092	34811833
CHRM1	diet high-fat	0.16864873493495094	30755716
sulfasalazine/administration &amp; dosage	ferroptosis/drug effects	0.39705882352941163	31554642
cell line tumor	EEF1A2	0.4264705882352941	27756885
multiple myeloma/drug therapy	CD8A	0.11764705882352942	33691090
IFNA1	macrophages/immunology	0.16864873493495092	39166450
macrophages/metabolism	cytokines/blood	0.28186607071593905	27044818
HMGB1	calgranulin a/metabolism	0.029411764705882353	30755716
cell line tumor	F9	0.4264705882352941	39178310
cell line tumor	HGF	0.6747146619841966	32472095
cell line tumor	AIMP2	0.4264705882352941	39546763
multiple myeloma/drug therapy	RPL17-C18orf32	0.08823529411764705	33691090
cell line tumor	SERPINE1	0.4264705882352941	35720420
multiple myeloma/drug therapy	RPL17	0.08823529411764705	33691090
cell line tumor	CCL2	0.9447668908133131	38221626
cell line	MMRN1	0.044117647058823525	34811833
cell line tumor	NFKB1	0.8176430680820497	32472095
cell line tumor	NFKB1	0.8176430680820497	21566463
CHRM1	macrophages/immunology	0.21980881278510775	31257391
cell line tumor	MAPK14	0.4264705882352941	39546763
ROS1	ATG5	0.058823529411764705	33926261
cell line tumor	FFAR1	0.4264705882352941	38221626
ROS1	MMRN1	0.058823529411764705	34811833
cell line	HIF1A	0.044117647058823525	34811833
cell line tumor	SPP1	0.4264705882352941	39178310
ROS1	PLEKHM1	0.058823529411764705	31775041
CHRM1	plant extracts/pharmacology	0.058823529411764705	31257391
cell line tumor	FABP4	0.4264705882352941	31802182
ROS1	SPANXB1	0.058823529411764705	31775041
ROS1	HIF1A	0.058823529411764705	34811833
macrophages/metabolism	cell proliferation	0.6016201469662343	24844408
cell line tumor	CCDC6	0.4264705882352941	39178310
macrophages/metabolism	epithelial cells/metabolism	0.10294117647058823	32359100
IFNA1	cd36 antigens/metabolism	0.026259078936866475	39166450
IFNA1	cd36 antigens/metabolism	0.026259078936866475	39546763
cell line tumor	PIK3CA	0.17822651448639157	30563531
cell line tumor	PIK3CA	0.17822651448639157	28609459
host-pathogen interactions	ferroptosis/drug effects	0.39705882352941163	30787033
cell line tumor	EGF	0.4264705882352941	32472095
HMGB1	colon/metabolism	0.029411764705882353	30755716
macrophages/metabolism	stem cells/metabolism	0.10294117647058823	32359100
CHRM1	neoplasm metastasis	0.2685707619860386	30755716
cell line tumor	CBX8	0.4264705882352941	25802102
macrophages/metabolism	mannose receptor	0.10294117647058823	36160648
cell line tumor	PLOD2	0.4264705882352941	30563531
CHRM1	tumor necrosis factor-alpha/metabolism	0.16864873493495094	31257391
cell line tumor	DUSP2	0.4264705882352941	39178310
sulfasalazine/administration &amp; dosage	antineoplastic agents immunological/administration &amp; dosage	0.014705882352941178	31554642
heat-shock proteins/genetics	brain neoplasms/genetics	0.014705882352941178	34062295
cell line tumor	ACTR1B	0.4264705882352941	25802102
macrophages/metabolism	antigens cd/metabolism	0.10294117647058823	30420335
CHRM1	digestion	0.058823529411764705	31257391
cell line tumor	BTG2	0.4264705882352941	25802102
host-pathogen interactions	macrophages/drug effects	0.07352941176470588	30787033
cell line tumor	CSF2	0.4264705882352941	21566463
sulfasalazine/administration &amp; dosage	cell line tumor	0.4264705882352941	31554642
macrophages/metabolism	estradiol/pharmacology	0.10294117647058823	30420335
cell line tumor	CRK	0.4264705882352941	39546763
cell line tumor	CXCL8	0.6747146619841966	21566463
cell line tumor	PCSK1	0.4264705882352941	25802102
HMGB1	diet high-fat	0.08691834942932399	30755716
cell line tumor	ZCCHC12	0.4264705882352941	39178310
IFNA1	MAPK1	0.044117647058823525	39546763
cell line tumor	KLF7	0.4264705882352941	38221626
IFNA1	AHSA1	0.044117647058823525	39546763
cell line tumor	LEP	0.17822651448639157	30563531
cell line tumor	LEP	0.17822651448639157	32472095
macrophages/metabolism	neovascularization pathologic	0.10294117647058823	24844408
cell line tumor	ANGPT2	0.4264705882352941	26208571
cell line tumor	CXCR2	0.4264705882352941	25802102
CHRM1	anti-inflammatory agents/pharmacology	0.058823529411764705	30755716
cell line tumor	IL17RA	0.4264705882352941	31802182
IFNA1	AIMP2	0.044117647058823525	39546763
cell line tumor	CSF1	0.3888578497884908	40287444
cell line tumor	CSF1	0.3888578497884908	27756885
heat-shock proteins/genetics	acetaminophen/pharmacology	0.014705882352941178	34062295
cell line tumor	PTCH1	0.4264705882352941	39178310
cell line tumor	CAV1	0.4264705882352941	21566463
heat-shock proteins/genetics	ferroptosis/drug effects	0.39705882352941163	34062295
cell line	mesenchymal stem cells	0.044117647058823525	31637575
CHRM1	cd36 antigens/metabolism	0.3592035707926841	31257391
cell line tumor	RET	0.4264705882352941	39178310
IFNA1	MAPK14	0.044117647058823525	39546763
CHRM1	rna messenger/metabolism	0.11501316944688324	31257391
cell line tumor	CD163	0.17822651448639157	32344015
cell line tumor	CD163	0.17822651448639157	30420335
cell line tumor	THBS2	0.4264705882352941	34958892
cell line tumor	S100A8	0.6747146619841966	26208571
cell line tumor	S100A9	0.4264705882352941	26208571
sulfasalazine/administration &amp; dosage	SLC9A1	0.02941176470588235	31554642
macrophages/metabolism	adenosine/analogs &amp; derivatives	0.10294117647058823	40287444
cell line tumor	JUN	0.4264705882352941	32472095
cell line tumor	PIK3CD	0.17822651448639157	30563531
cell line tumor	PIK3CD	0.17822651448639157	28609459
macrophages/metabolism	transforming growth factor beta1/metabolism	0.3592035707926841	32359100
CHRM1	gastrointestinal tract	0.058823529411764705	31257391
cell line tumor	KRT6A	0.4264705882352941	25802102
macrophages/metabolism	alpha-ketoglutarate-dependent dioxygenase fto/metabolism	0.19666374012291485	40287444
cell line tumor	MAPK8	0.17822651448639157	34958892
cell line tumor	MAPK8	0.17822651448639157	32472095
sulfasalazine/administration &amp; dosage	ATM	0.014705882352941178	31554642
IFNA1	CRK	0.044117647058823525	39546763
cell line tumor	CXCL1	0.4264705882352941	25802102
cell line tumor	PDCD1LG2	0.4264705882352941	35720420
macrophages/metabolism	colorectal neoplasms/metabolism	0.10294117647058823	36160648
cell line tumor	MAP2K7	0.4264705882352941	34958892
sulfasalazine/administration &amp; dosage	SLC7A11	0.05882352941176471	31554642
cell line tumor	ADIPOQ	0.4264705882352941	32472095
cell line tumor	IL34	0.4264705882352941	39321806
cell line tumor	TNF	0.9701916553595658	30420335
cell line tumor	FAM126A	0.4264705882352941	38301989
cell line tumor	ESR1	0.4264705882352941	30420335
cell line tumor	FAT1	0.4264705882352941	35720420
cell line tumor	IL10	0.8990023146300583	21566463
cell line tumor	FTO	0.6747146619841966	40287444
CHRM1	CCL2	0.2685707619860386	30755716
cell line tumor	MSMP	0.4264705882352941	38221626
cell line tumor	PIK3CG	0.17822651448639157	30563531
cell line tumor	PIK3CG	0.17822651448639157	28609459
CHRM1	NFKB1	0.31501071360597266	30755716
heat-shock proteins/genetics	hyaluronan receptors/genetics	0.014705882352941178	34062295
cell line tumor	CXCL2	0.4264705882352941	25802102
HMGB1	neoplasm metastasis	0.14266900790166812	30755716
cell line tumor	RNF19A	0.4264705882352941	39546763
cell line	micrornas/metabolism	0.044117647058823525	25940439
cell line tumor	YTHDF2	0.4264705882352941	40287444
macrophages/metabolism	obesity/etiology	0.10294117647058823	24844408
cell line tumor	VIM	0.4264705882352941	38301989
cell line tumor	TAS2R38	0.4264705882352941	39178310
cell line tumor	AKT1	0.17822651448639157	30563531
cell line tumor	AKT1	0.17822651448639157	28609459
cell line tumor	CCL5	0.4264705882352941	21566463
cell line tumor	POLDIP2	0.4264705882352941	39546763
cell line tumor	TNFAIP3	0.4264705882352941	30420335
host-pathogen interactions	GPX4	0.16176470588235295	30787033
macrophages/metabolism	nih 3t3 cells	0.10294117647058823	27044818
cell line tumor	ITGAM	0.4264705882352941	24021059
IFNA1	RNF19A	0.044117647058823525	39546763
cell line tumor	IL17A	0.3888578497884908	31802182
cell line tumor	IL17A	0.3888578497884908	30420335
cell line tumor	PIK3CB	0.17822651448639157	30563531
cell line tumor	PIK3CB	0.17822651448639157	28609459
macrophages/metabolism	angiogenesis inducing agents/metabolism	0.10294117647058823	27044818
heat-shock proteins/genetics	HSPB1	0.014705882352941178	34062295
HMGB1	anti-inflammatory agents/pharmacology	0.029411764705882353	30755716
IFNA1	POLDIP2	0.044117647058823525	39546763
cell line	nanog homeobox protein/genetics	0.044117647058823525	31637575
macrophages/metabolism	mammary glands human/metabolism	0.10294117647058823	32359100
heat-shock proteins/genetics	SLC40A1	0.014705882352941178	34062295
macrophages/metabolism	adipocytes/metabolism	0.3592035707926841	24844408
ATM	SLC7A11	0.05882352941176471	31554642
macrophages/metabolism	hyperlipidemias	0.10294117647058823	36160648
SLC40A1	CD44	0.02941176470588235	34062295
sulfasalazine/administration &amp; dosage	CD8A	0.11764705882352942	31554642
liver/pathology	cell line tumor	0.4264705882352941	34396451
macrophages/metabolism	anti-inflammatory agents/metabolism	0.10294117647058823	27044818
drug resistance neoplasm/drug effects	CD274	0.05882352941176471	34593794
CHRM1	IRF6	0.058823529411764705	30755716
ATM	CD8A	0.11764705882352942	31554642
CHRM1	S100A8	0.11501316944688324	30755716
HMGB1	CCL2	0.14266900790166812	30755716
macrophages/metabolism	diet high-fat/adverse effects	0.0006983797589592148	36160648
macrophages/metabolism	diet high-fat/adverse effects	0.0006983797589592148	24844408
macrophages/metabolism	diet high-fat/adverse effects	0.0006983797589592148	32359100
HMGB1	NFKB1	0.16988586479367865	30755716
macrophages/metabolism	macrophage colony-stimulating factor/metabolism	0.10294117647058823	40287444
heat-shock proteins/genetics	CD44	0.02941176470588235	34062295
biopterins/analogs &amp; derivatives	cystine/antagonists &amp; inhibitors	0.014705882352941178	32778843
macrophages/metabolism	cell polarity	0.10294117647058823	27044818
macrophages/metabolism	neoplasm metastasis	0.4292906802372343	27044818
biopterins/analogs &amp; derivatives	reactive oxygen species/metabolism	0.10294117647058823	32778843
macrophages/metabolism	tumor cells cultured	0.10294117647058823	24844408
CHRM1	TNF	0.03637100388636825	30755716
CHRM1	TNF	0.03637100388636825	31257391
macrophages/metabolism	tumor microenvironment/physiology	0.28186607071593905	32359100
cell line	cell proliferation	0.3171841328118765	31637575
biopterins/analogs &amp; derivatives	GPX4	0.16176470588235295	32778843
macrophages/metabolism	scavenger receptors class e/genetics	0.10294117647058823	36160648
macrophages/metabolism	brain neoplasms/pathology	0.10294117647058823	40287444
macrophages/metabolism	estrogen receptor alpha/genetics	0.10294117647058823	30420335
HMGB1	IRF6	0.029411764705882353	30755716
FUT1	GPX4	0.16176470588235295	34811833
cell line	prostatic neoplasms/pathology	0.12842206081890017	25940439
HMGB1	S100A8	0.058384547848990345	30755716
FUT1	FN1	0.014705882352941178	34811833
macrophages/metabolism	receptor melanocortin type 4/physiology	0.10294117647058823	24844408
FUT1	ROS1	0.05882352941176471	34811833
macrophages/metabolism	apoptosis	0.10294117647058823	24844408
FUT1	MMRN1	0.014705882352941178	34811833
macrophages/metabolism	hek293 cells	0.10294117647058823	30420335
HMGB1	TNF	0.16988586479367865	30755716
cell line	transforming growth factor beta1/metabolism	0.16864873493495092	25940439
macrophages/metabolism	lymphatic metastasis	0.10294117647058823	24844408
cell line	alpha-ketoglutarate-dependent dioxygenase fto/metabolism	0.08691834942932399	31637575
FUT1	HIF1A	0.014705882352941178	34811833
macrophages/metabolism	DCN	0.10294117647058823	32359100
cell line	neoplasm invasiveness/pathology	0.044117647058823525	25940439
macrophages/metabolism	CCL2	0.4292906802372343	24844408
GPX4	FN1	0.16176470588235292	34811833
GPX4	ATL1	0.16176470588235292	33277233
GPX4	ACSL3	0.16176470588235292	32814895
macrophages/metabolism	IL4	0.10294117647058823	27044818
GPX4	ROS1	0.01195380563247113	31775041
GPX4	ROS1	0.01195380563247113	34811833
GPX4	ROS1	0.01195380563247113	33926261
GPX4	S100A4	0.16176470588235292	33277233
GPX4	ATG5	0.16176470588235292	33926261
macrophages/metabolism	CCR7	0.10294117647058823	24844408
GPX4	TLR4	0.4161545215100966	35197507
GPX4	XK	0.16176470588235292	35778693
macrophages/metabolism	CCL21	0.10294117647058823	24844408
macrophages/metabolism	FLT4	0.10294117647058823	24844408
GPX4	MMRN1	0.16176470588235292	34811833
GPX4	NFE2L2	0.2993854258121159	34717678
cell line	matrix metalloproteinase 9/metabolism	0.044117647058823525	25940439
macrophages/metabolism	KDR	0.10294117647058823	24844408
GPX4	CD8A	0.7764597819995738	33277233
GPX4	PLEKHM1	0.16176470588235292	31775041
GPX4	KDM8	0.16176470588235292	33311482
CD8A	PRKAB1	0.1176470588235294	34093872
GPX4	SPANXB1	0.16176470588235292	31775041
GPX4	HIF1A	0.16176470588235292	34811833
macrophages/metabolism	ARG1	0.10294117647058823	27044818
cell line	adipocytes/pathology	0.044117647058823525	25940439
CD8A	RPL17-C18orf32	0.0011629429978859303	34093872
CD8A	RPL17-C18orf32	0.0011629429978859303	35238098
CD8A	RPL17-C18orf32	0.0011629429978859303	33691090
CD8A	RPL17-C18orf32	0.0011629429978859303	39321806
GPX4	ASPG	0.16176470588235292	35778693
CD8A	RPL17	0.0011629429978859303	34093872
CD8A	RPL17	0.0011629429978859303	35238098
CD8A	RPL17	0.0011629429978859303	33691090
CD8A	RPL17	0.0011629429978859303	39321806
cell line	smad proteins/metabolism	0.044117647058823525	25940439
CD8A	AIFM2	0.1176470588235294	33277233
GPX4	NLRP1	0.16176470588235292	35778693
CD8A	MRLN	0.40122300877349165	34093872
CD8A	CTLA4	0.1176470588235294	34093872
GPX4	AIFM2	0.16176470588235292	33277233
GPX4	STING1	0.16176470588235292	33311482
cell line	sweat glands/cytology	0.044117647058823525	31637575
macrophages/metabolism	IL13	0.10294117647058823	27044818
cell line	neoplasm metastasis	0.20761832548487508	25940439
macrophages/metabolism	CCL19	0.10294117647058823	24844408
CD8A	obesity/metabolism	0.22300263388937666	35238098
cell line	tumor necrosis factor-alpha/metabolism	0.12842206081890017	31637575
macrophages/metabolism	CD209	0.10294117647058823	27044818
CD8A	interleukins/metabolism	0.1176470588235294	39321806
cell line	tumor microenvironment/physiology	0.12842206081890017	25940439
macrophages/metabolism	CSF1	0.026259078936866475	24844408
macrophages/metabolism	CSF1	0.026259078936866475	40287444
basic-leucine zipper transcription factors/analysis	tumor-associated macrophages/drug effects	0.014705882352941178	34991659
cysteine/metabolism	ferroptosis/drug effects	0.39705882352941163	31043744
cell line	cell differentiation	0.12842206081890017	31637575
macrophages/metabolism	CD163	0.19666374012291485	30420335
CD274	NFE2L2	0.11501316944688324	34093872
CD274	CD8A	0.4012230087734917	34093872
S100A4	CD8A	0.11764705882352942	33277233
CD36	STAT3	0.668459174714662	38351345
CD8A	interleukin-12/metabolism	0.1176470588235294	30535532
CD274	PRKAB1	0.058823529411764705	34093872
CD36	TP53	0.5983255385966098	39321806
cell line	stem cells/pathology	0.044117647058823525	25940439
basic-leucine zipper transcription factors/analysis	TGFB1	0.10294117647058823	34991659
CD36	IFNA1	0.06584723441615452	39166450
CD36	IFNA1	0.06584723441615452	39546763
CD274	RPL17-C18orf32	0.03637100388636825	34093872
CD274	RPL17-C18orf32	0.03637100388636825	34985903
CD274	RPL17	0.03637100388636825	34093872
CD274	RPL17	0.03637100388636825	34985903
cell line	rna messenger/metabolism	0.08691834942932399	31637575
basic-leucine zipper transcription factors/analysis	HLF	0.014705882352941178	34991659
CD36	CHRM1	0.5149591409468496	31257391
CD274	MRLN	0.21980881278510775	34093872
CD274	CTLA4	0.058823529411764705	34093872
CD36	PDCD1	0.049165935030728705	33691090
CD36	PDCD1	0.049165935030728705	38301989
CD36	PDCD1	0.049165935030728705	39321806
S100A4	AIFM2	0.014705882352941178	33277233
CD8A	tumor escape/immunology	0.1176470588235294	39321806
cytoskeletal proteins/metabolism	BDKRB2	0.014705882352941178	31775041
cysteine/metabolism	reactive oxygen species/metabolism	0.10294117647058823	31043744
cell line	gene expression regulation	0.044117647058823525	31637575
cytoskeletal proteins/metabolism	BBS9	0.014705882352941178	31775041
basic-leucine zipper transcription factors/analysis	STAT3	0.08823529411764705	34991659
cysteine/metabolism	interferon-gamma/immunology	0.014705882352941178	31043744
CD36	TLR4	0.4161545215100966	39166450
macrophages/metabolism	TNF	0.4927028268775416	30420335
cell line	receptors androgen/metabolism	0.044117647058823525	25940439
cysteine/metabolism	cell line tumor	0.4264705882352941	31043744
CD8A	liver neoplasms/immunology	0.1176470588235294	39321806
macrophages/metabolism	ESR1	0.10294117647058823	30420335
CD36	IL6	0.8174421552996519	38301989
CD36	CD8A	0.38302899831882353	33691090
CD36	CD8A	0.38302899831882353	39321806
cytoskeletal proteins/metabolism	MS4A1	0.014705882352941178	31775041
macrophages/metabolism	IL10	0.3592035707926841	27044818
MS4A1	GPX4	0.16176470588235295	31775041
macrophages/metabolism	FTO	0.19666374012291485	40287444
CD8A	tumor-associated macrophages/immunology	0.22300263388937666	39321806
basic-leucine zipper transcription factors/analysis	SMAD3	0.014705882352941178	34991659
MS4A1	ROS1	0.05882352941176471	31775041
glycogen synthase kinase 3/metabolism	CHRM1	0.05882352941176471	34093872
macrophages/metabolism	PROM1	0.10294117647058823	36160648
glycogen synthase kinase 3/metabolism	GSK3B	0.014705882352941178	34093872
glycogen synthase kinase 3/metabolism	PDCD1	0.08823529411764705	34093872
CD36	RPL17-C18orf32	0.049165935030728705	33691090
CD36	RPL17-C18orf32	0.049165935030728705	38301989
CD36	RPL17-C18orf32	0.049165935030728705	39321806
cytoskeletal proteins/metabolism	GPX4	0.16176470588235295	31775041
CD36	RPL17	0.049165935030728705	33691090
CD36	RPL17	0.049165935030728705	38301989
CD36	RPL17	0.049165935030728705	39321806
cysteine/metabolism	SLC9A1	0.02941176470588235	31043744
glycogen synthase kinase 3/metabolism	PRKAA1	0.014705882352941178	34093872
MS4A1	PLEKHM1	0.014705882352941178	31775041
glycogen synthase kinase 3/metabolism	GABPA	0.014705882352941178	34093872
CD36	MRLN	0.5149591409468496	31257391
macrophages/metabolism	YTHDF2	0.10294117647058823	40287444
cytoskeletal proteins/metabolism	ROS1	0.05882352941176471	31775041
MS4A1	SPANXB1	0.014705882352941178	31775041
glycogen synthase kinase 3/metabolism	MTOR	0.014705882352941178	34093872
cysteine/metabolism	SLC7A11	0.05882352941176471	31043744
CD8A	drugs chinese herbal	0.1176470588235294	35238098
CD36	ovarian neoplasms/immunology	0.16176470588235292	31802182
cell line	NANOG	0.044117647058823525	31637575
glycogen synthase kinase 3/metabolism	BTRC	0.014705882352941178	34093872
CD36	palmitic acid/metabolism	0.16176470588235292	31802182
macrophages/metabolism	MRC1	0.009218612818261633	36160648
macrophages/metabolism	MRC1	0.009218612818261633	27044818
glycogen synthase kinase 3/metabolism	PRKAA2	0.014705882352941178	34093872
glycogen synthase kinase 3/metabolism	CD274	0.05882352941176471	34093872
basic-leucine zipper transcription factors/analysis	JAK2	0.014705882352941178	34991659
macrophages/metabolism	TNFAIP3	0.10294117647058823	30420335
CD36	carcinoma pancreatic ductal/genetics	0.2993854258121159	34958892
cytoskeletal proteins/metabolism	PLEKHM1	0.014705882352941178	31775041
glycogen synthase kinase 3/metabolism	NFE2L2	0.02941176470588235	34093872
basic-leucine zipper transcription factors/analysis	IL6	0.1323529411764706	34991659
macrophages/metabolism	IL17A	0.28186607071593905	30420335
cytoskeletal proteins/metabolism	SPANXB1	0.014705882352941178	31775041
CD36	protease inhibitors/pharmacology	0.16176470588235292	31257391
glycogen synthase kinase 3/metabolism	CD8A	0.11764705882352942	34093872
CD8A	diterpenes	0.1176470588235294	35238098
CD36	carcinoma hepatocellular/drug therapy	0.16176470588235292	31257391
cysteine/metabolism	SLC3A2	0.014705882352941178	31043744
iron/blood	liver/pathology	0.014705882352941178	34396451
CD36	interleukin-17/genetics	0.16176470588235292	31802182
glycogen synthase kinase 3/metabolism	PRKAB1	0.014705882352941178	34093872
CD36	interleukins/metabolism	0.16176470588235292	39321806
glycogen synthase kinase 3/metabolism	RPL17-C18orf32	0.08823529411764705	34093872
CD36	endostatins/genetics	0.16176470588235292	27044818
glycogen synthase kinase 3/metabolism	RPL17	0.08823529411764705	34093872
cysteine/metabolism	CD8A	0.11764705882352942	31043744
CD274	transforming growth factor beta1/metabolism	0.21980881278510775	35720420
basic-leucine zipper transcription factors/analysis	GGT1	0.014705882352941178	34991659
CD36	tumor microenvironment/genetics	0.16176470588235292	38351345
glycogen synthase kinase 3/metabolism	MRLN	0.05882352941176471	34093872
CD8A	cellular reprogramming/immunology	0.1176470588235294	39321806
glycogen synthase kinase 3/metabolism	CTLA4	0.014705882352941178	34093872
CD274	cadherins/genetics	0.058823529411764705	35720420
CD8A	hepatitis a virus cellular receptor 2/metabolism	0.1176470588235294	35238098
CD274	glioblastoma/pathology	0.058823529411764705	35720420
CD36	phagocytosis	0.16176470588235292	39166450
CD8A	tumor microenvironment/immunology	0.1884854845608478	30535532
CD8A	tumor microenvironment/immunology	0.1884854845608478	39321806
CD36	recombinant proteins/metabolism	0.16176470588235292	31802182
iron/blood	cell line tumor	0.4264705882352941	34396451
CD36	fatty acid-binding proteins/metabolism	0.16176470588235292	31802182
CD36	integrin alphavbeta3/metabolism	0.16176470588235292	34958892
CD36	tumor escape/immunology	0.16176470588235292	39321806
CD36	thyroid cancer papillary/immunology	0.16176470588235292	39178310
CD36	carcinoma renal cell/blood	0.16176470588235292	27044818
CD36	tumor-associated macrophages/metabolism	0.16176470588235292	39546763
CD36	liver neoplasms/immunology	0.16176470588235292	39321806
CD36	immunity innate	0.2993854258121159	31257391
CD8A	colorectal neoplasms/drug therapy	0.1176470588235294	35238098
CD36	tumor-associated macrophages/immunology	0.2993854258121159	39321806
CD36	cytokines/blood	0.4161545215100966	27044818
CD36	neoplasms/pathology	0.16176470588235292	39546763
CD36	stem cell factor/metabolism	0.16176470588235292	31257391
CD36	stat3 transcription factor/metabolism	0.5983255385966098	31802182
CD36	endometrial neoplasms/immunology	0.16176470588235292	39166450
cell line	MMP9	0.044117647058823525	25940439
CD8A	neoplastic stem cells/immunology	0.1176470588235294	39321806
CD36	osteopontin/metabolism	0.16176470588235292	39178310
CD36	cell proliferation	0.11302748010654412	34958892
CD36	cell proliferation	0.11302748010654412	38301989
CD36	cell proliferation	0.11302748010654412	31802182
CD36	adipocytes/immunology	0.16176470588235292	31802182
CD274	SERPINE1	0.058823529411764705	35720420
CD36	interferon type i/metabolism	0.024143985952589996	39166450
CD36	interferon type i/metabolism	0.024143985952589996	39546763
CD8A	tumor necrosis factor-alpha/metabolism	0.3171841328118765	35238098
CD36	ovary/pathology	0.16176470588235292	31802182
CD36	cellular reprogramming/immunology	0.16176470588235292	39321806
glioma/pathology	adenosine/analogs &amp; derivatives	0.014705882352941178	40287444
CD36	chemokine ccl2/metabolism	0.16176470588235292	38351345
CD36	transforming growth factor beta1/metabolism	0.5149591409468496	34958892
cell line	TNF	0.24535078617607156	31637575
CD36	tumor microenvironment/immunology	0.000788097172871593	39178310
CD36	tumor microenvironment/immunology	0.000788097172871593	31802182
CD36	tumor microenvironment/immunology	0.000788097172871593	39546763
CD36	tumor microenvironment/immunology	0.000788097172871593	39321806
CD36	tumor microenvironment/immunology	0.000788097172871593	39166450
glioma/pathology	alpha-ketoglutarate-dependent dioxygenase fto/metabolism	0.02941176470588235	40287444
CD8A	cell differentiation	0.3171841328118765	35238098
CD36	disease progression	0.005056729925035455	31802182
CD36	disease progression	0.005056729925035455	39546763
CD36	disease progression	0.005056729925035455	34958892
CD36	disease progression	0.005056729925035455	39178310
cell line	FTO	0.08691834942932399	31637575
CD36	heme/metabolism	0.16176470588235292	39166450
CD36	nih 3t3 cells	0.16176470588235292	27044818
CD36	angiogenesis inducing agents/metabolism	0.16176470588235292	27044818
CD8A	cd36 antigens/metabolism	0.6016201469662343	39321806
CD36	macrophages/immunology	0.01195380563247113	39166450
CD36	macrophages/immunology	0.01195380563247113	39178310
CD36	macrophages/immunology	0.01195380563247113	31257391
CD8A	cd8-positive t-lymphocytes	0.1176470588235294	35238098
CD274	PDCD1LG2	0.058823529411764705	35720420
CD36	anti-inflammatory agents/metabolism	0.16176470588235292	27044818
CD274	FAT1	0.058823529411764705	35720420
CD8A	CD4	0.1176470588235294	30535532
CD36	plant extracts/pharmacology	0.16176470588235292	31257391
CD36	neoplastic stem cells/immunology	0.16176470588235292	39321806
CD8A	ARHGEF5	0.1176470588235294	35238098
CD36	neoplasm recurrence local/immunology	0.16176470588235292	39178310
CD36	metabolic reprogramming	0.16176470588235292	38301989
CD8A	CSF3	0.1176470588235294	30535532
JAK2	IL6	0.1323529411764706	34991659
CD36	carcinoma hepatocellular/pathology	0.024143985952589996	38351345
CD36	carcinoma hepatocellular/pathology	0.024143985952589996	38301989
CD8A	CCL2	0.4760701326768051	35238098
glioma/pathology	macrophage colony-stimulating factor/metabolism	0.014705882352941178	40287444
CD8A	TPI1	0.1176470588235294	35238098
CD36	cell polarity	0.16176470588235292	27044818
CD36	neoplasm metastasis	0.5983255385966098	27044818
JAK2	GGT1	0.014705882352941178	34991659
CD36	tumor necrosis factor-alpha/metabolism	0.4161545215100966	31257391
CD36	digestion	0.16176470588235292	31257391
CALR	CYREN	0.014705882352941178	32686685
exosomes/metabolism	PDCD1	0.08823529411764705	34985903
glioma/pathology	brain neoplasms/pathology	0.014705882352941178	40287444
CD36	periostin	0.16176470588235292	38351345
CD8A	CCR2	0.22300263388937666	35238098
CD36	receptors interleukin-17/metabolism	0.16176470588235292	31802182
CD36	cd36 antigens/metabolism	3.4040133589823474e-07	39178310
CD36	cd36 antigens/metabolism	3.4040133589823474e-07	31802182
CD36	cd36 antigens/metabolism	3.4040133589823474e-07	39546763
CD36	cd36 antigens/metabolism	3.4040133589823474e-07	39321806
CD36	cd36 antigens/metabolism	3.4040133589823474e-07	31257391
CD36	cd36 antigens/metabolism	3.4040133589823474e-07	38351345
CD36	cd36 antigens/metabolism	3.4040133589823474e-07	39166450
CD36	rna messenger/metabolism	0.2993854258121159	31257391
CD36	endothelial progenitor cells/metabolism	0.16176470588235292	38351345
CD36	cancer-associated fibroblasts/pathology	0.16176470588235292	38301989
CD8A	HAVCR2	0.1176470588235294	35238098
CD8A	HNF4A	0.1176470588235294	35238098
CD36	gastrointestinal tract	0.16176470588235292	31257391
CD36	FAP	0.16176470588235292	38301989
CD36	MAPK1	0.16176470588235292	39546763
CD36	AHSA1	0.16176470588235292	39546763
exosomes/metabolism	CD274	0.05882352941176471	34985903
CD8A	TCF7	0.1176470588235294	35238098
CD36	F9	0.16176470588235292	39178310
CD36	AIMP2	0.16176470588235292	39546763
CD36	CCL2	0.5983255385966098	38351345
CD36	NFKB1	0.668459174714662	38351345
CD36	MAPK14	0.16176470588235292	39546763
CD36	IL4	0.16176470588235292	27044818
immune checkpoint inhibitors/pharmacology	drug resistance neoplasm/drug effects	0.014705882352941178	34593794
CD36	SPP1	0.16176470588235292	39178310
CD36	FABP4	0.16176470588235292	31802182
CD36	CCDC6	0.16176470588235292	39178310
CD36	ARG1	0.16176470588235292	27044818
CD36	DUSP2	0.16176470588235292	39178310
exosomes/metabolism	RPL17-C18orf32	0.08823529411764705	34985903
CD8A	IL34	0.1176470588235294	39321806
CD36	CCR2	0.2993854258121159	38351345
CD8A	TNF	0.5426009094797505	35238098
exosomes/metabolism	RPL17	0.08823529411764705	34985903
CD36	CRK	0.16176470588235292	39546763
CD36	IL13	0.16176470588235292	27044818
ferroptosis/drug effects	jurkat cells	0.15408252853380158	32778843
ferroptosis/drug effects	jurkat cells	0.15408252853380158	33926261
CD36	CXCL8	0.2993854258121159	38351345
ferroptosis/drug effects	neoplasms/drug therapy	0.15408252853380158	33277233
ferroptosis/drug effects	neoplasms/drug therapy	0.15408252853380158	31509699
CD36	ZCCHC12	0.16176470588235292	39178310
CD8A	PTPRC	0.1176470588235294	30535532
PRKAA1	GABPA	0.014705882352941178	34093872
CD8A	IL10	0.40122300877349165	30535532
ferroptosis/drug effects	pancreatitis/genetics	0.3970588235294117	33311482
CD36	CD209	0.16176470588235292	27044818
PRKAA1	MTOR	0.014705882352941178	34093872
CD36	IL17RA	0.16176470588235292	31802182
ferroptosis/drug effects	ferritins/blood	0.3970588235294117	31980600
CD36	PTCH1	0.16176470588235292	39178310
ferroptosis/drug effects	pancreas/metabolism	0.3970588235294117	33311482
PRKAA1	BTRC	0.014705882352941178	34093872
CD36	RET	0.16176470588235292	39178310
CD8A	HNF1A	0.1176470588235294	35238098
ferroptosis/drug effects	skin neoplasms/drug therapy	0.3970588235294117	34593794
PRKAA1	PRKAA2	0.014705882352941178	34093872
CD36	THBS2	0.16176470588235292	34958892
ferroptosis/drug effects	killer cells natural/metabolism	0.3970588235294117	35778693
PRKAA1	CD274	0.05882352941176471	34093872
ferroptosis/drug effects	methotrexate/pharmacology	0.3970588235294117	32778843
CD8A	TIMELESS	0.1176470588235294	35238098
CD36	POSTN	0.16176470588235292	38351345
ferroptosis/drug effects	biopterins/analogs &amp; derivatives	0.3970588235294117	32778843
SLC7A11	FUT1	0.058823529411764705	34811833
glioma/pathology	CSF1	0.04411764705882353	40287444
CD36	MAPK8	0.2993854258121159	34958892
PRKAA1	NFE2L2	0.02941176470588235	34093872
ferroptosis/drug effects	macrophages/drug effects	0.07677188921701653	34093872
ferroptosis/drug effects	macrophages/drug effects	0.07677188921701653	30787033
ferroptosis/drug effects	macrophages/drug effects	0.07677188921701653	31980600
ferroptosis/drug effects	macrophages/drug effects	0.07677188921701653	34811833
CD8A	HAVCR1	0.1176470588235294	35238098
CD36	MAP2K7	0.16176470588235292	34958892
ferroptosis/drug effects	glutathione peroxidase/metabolism	0.3970588235294117	33926261
PRKAA1	CD8A	0.11764705882352942	34093872
SLC7A11	GPX4	0.1197406631998379	34811833
SLC7A11	GPX4	0.1197406631998379	35778693
CD36	IL34	0.16176470588235292	39321806
ferroptosis/drug effects	flavonolignans/pharmacology	0.3970588235294117	33926261
CD36	TNF	0.668459174714662	31257391
SLC7A11	FN1	0.058823529411764705	34811833
CD36	FAM126A	0.16176470588235292	38301989
ferroptosis/drug effects	multiple myeloma/drug therapy	0.3970588235294117	33691090
PLEKHM1	SPANXB1	0.014705882352941178	31775041
CD36	IL10	0.5149591409468496	27044818
SLC7A11	ROS1	0.21980881278510775	34811833
ferroptosis/drug effects	cytoskeletal proteins/metabolism	0.3970588235294117	31775041
PRKAA1	PRKAB1	0.014705882352941178	34093872
ferroptosis/drug effects	cell survival	0.6400351185250219	32814895
CD36	RNF19A	0.16176470588235292	39546763
SLC7A11	SLC3A2	0.058823529411764705	31043744
PRKAA1	RPL17-C18orf32	0.08823529411764705	34093872
ferroptosis/drug effects	neutrophil infiltration	0.3970588235294117	30830879
SLC7A11	XK	0.058823529411764705	35778693
CD36	VIM	0.16176470588235292	38301989
PRKAA1	RPL17	0.08823529411764705	34093872
CD36	TAS2R38	0.16176470588235292	39178310
ferroptosis/drug effects	membrane proteins/metabolism	0.3970588235294117	33547170
PRKAA1	MRLN	0.05882352941176471	34093872
CD36	MRC1	0.2993854258121159	27044818
ferroptosis/drug effects	phospholipid hydroperoxide glutathione peroxidase/genetics	0.3970588235294117	33311482
SLC7A11	MMRN1	0.058823529411764705	34811833
CD36	POLDIP2	0.16176470588235292	39546763
PRKAA1	CTLA4	0.014705882352941178	34093872
ferroptosis/drug effects	tumor microenvironment/drug effects	0.39491665955818034	34093872
ferroptosis/drug effects	tumor microenvironment/drug effects	0.39491665955818034	34991659
ferroptosis/drug effects	tumor microenvironment/drug effects	0.39491665955818034	33547170
ferroptosis/drug effects	tumor microenvironment/drug effects	0.39491665955818034	34593794
CD36	IL17A	0.4161545215100966	31802182
SLC7A11	CD8A	0.06506750492703083	31043744
SLC7A11	CD8A	0.06506750492703083	31554642
ferroptosis/drug effects	macrophages/metabolism	0.976809447243685	35197507
immune checkpoint inhibitors/pharmacology	CD274	0.05882352941176471	34593794
ferroptosis/drug effects	iron/blood	0.3970588235294117	34396451
SLC7A11	HIF1A	0.058823529411764705	34811833
NOX4	FTH1	0.014705882352941178	35197507
ferroptosis/drug effects	mitochondria/drug effects	0.15408252853380158	34093872
ferroptosis/drug effects	mitochondria/drug effects	0.15408252853380158	31509699
SLC7A11	ASPG	0.058823529411764705	35778693
ferroptosis/drug effects	tumor escape/drug effects	0.3970588235294117	34593794
SLC7A11	NLRP1	0.058823529411764705	35778693
glioma/pathology	FTO	0.02941176470588235	40287444
ferroptosis/drug effects	pyruvate dehydrogenase acetyl-transferring kinase/antagonists &amp; inhibitors	0.3970588235294117	31509699
ferroptosis/drug effects	cystine/antagonists &amp; inhibitors	0.3970588235294117	32778843
NOX4	NLRP3	0.014705882352941178	35197507
ferroptosis/drug effects	liver/pathology	0.3970588235294117	34396451
ferroptosis/drug effects	immune checkpoint inhibitors/pharmacology	0.3970588235294117	34593794
NOX4	HMGB1	0.02941176470588235	35197507
glioma/pathology	YTHDF2	0.014705882352941178	40287444
ferroptosis/drug effects	nf-e2-related factor 2/genetics	0.3970588235294117	34093872
NOX4	GPX4	0.16176470588235295	35197507
ferroptosis/drug effects	colonic neoplasms/drug therapy	0.3970588235294117	33547170
ferroptosis/drug effects	heme oxygenase-1/metabolism	0.3970588235294117	33547170
ferroptosis/drug effects	toll-like receptor 4/genetics	0.3970588235294117	30830879
ferroptosis/drug effects	reactive oxygen species/metabolism	0.0009160199949021496	31043744
ferroptosis/drug effects	reactive oxygen species/metabolism	0.0009160199949021496	33547170
ferroptosis/drug effects	reactive oxygen species/metabolism	0.0009160199949021496	35778693
ferroptosis/drug effects	reactive oxygen species/metabolism	0.0009160199949021496	33236624
ferroptosis/drug effects	reactive oxygen species/metabolism	0.0009160199949021496	33691090
ferroptosis/drug effects	reactive oxygen species/metabolism	0.0009160199949021496	33926261
ferroptosis/drug effects	reactive oxygen species/metabolism	0.0009160199949021496	32778843
ovarian neoplasms/immunology	palmitic acid/metabolism	0.014705882352941178	31802182
NOX4	TLR4	0.04411764705882353	35197507
ferroptosis/drug effects	asparaginase	0.3970588235294117	35778693
ferroptosis/drug effects	basic-leucine zipper transcription factors/analysis	0.3970588235294117	34991659
ferroptosis/drug effects	interferon-gamma/immunology	0.3970588235294117	31043744
ferroptosis/drug effects	hyaluronan receptors/genetics	0.3970588235294117	34062295
ferroptosis/drug effects	gold/chemistry	0.3970588235294117	33236624
ferroptosis/drug effects	tumor-associated macrophages/drug effects	0.3970588235294117	34991659
ferroptosis/drug effects	antineoplastic agents immunological/administration &amp; dosage	0.3970588235294117	31554642
ovarian neoplasms/immunology	interleukin-17/genetics	0.014705882352941178	31802182
ferroptosis/drug effects	hmgb1 protein/metabolism	0.3970588235294117	35197507
ferroptosis/drug effects	cell line tumor	0.8436340641170581	31043744
ferroptosis/drug effects	cell line tumor	0.8436340641170581	34396451
ferroptosis/drug effects	cell line tumor	0.8436340641170581	31509699
ferroptosis/drug effects	cell line tumor	0.8436340641170581	34985903
ferroptosis/drug effects	cell line tumor	0.8436340641170581	33236624
ferroptosis/drug effects	cell line tumor	0.8436340641170581	34093872
ferroptosis/drug effects	cell line tumor	0.8436340641170581	33277233
ferroptosis/drug effects	cell line tumor	0.8436340641170581	33691090
ferroptosis/drug effects	cell line tumor	0.8436340641170581	31554642
ferroptosis/drug effects	cell line tumor	0.8436340641170581	32686685
ferroptosis/drug effects	drug resistance neoplasm/drug effects	0.3970588235294117	34593794
ferroptosis/drug effects	glycogen synthase kinase 3/metabolism	0.3970588235294117	34093872
ferroptosis/drug effects	radiation-protective agents/pharmacology	0.3970588235294117	32134361
ferroptosis/drug effects	inflammation/metabolism	0.6400351185250219	35197507
ferroptosis/drug effects	listeriosis/etiology	0.3970588235294117	31980600
ferroptosis/drug effects	cell line	0.7872934791284221	34811833
ferroptosis/drug effects	exosomes/metabolism	0.3970588235294117	34985903
ferroptosis/drug effects	HMOX1	0.3970588235294117	33547170
ferroptosis/drug effects	BDKRB2	0.3970588235294117	31775041
ferroptosis/drug effects	CCK	0.3455183973182218	35778693
ferroptosis/drug effects	CCK	0.3455183973182218	34717678
ovarian neoplasms/immunology	recombinant proteins/metabolism	0.014705882352941178	31802182
ferroptosis/drug effects	TGFB1	0.976809447243685	34991659
ovarian neoplasms/immunology	fatty acid-binding proteins/metabolism	0.014705882352941178	31802182
ferroptosis/drug effects	HLF	0.3970588235294117	34991659
BTRC	PRKAA2	0.014705882352941178	34093872
ferroptosis/drug effects	BBS9	0.3970588235294117	31775041
interferon-gamma/immunology	cell line tumor	0.4264705882352941	31043744
ferroptosis/drug effects	TICAM1	0.3970588235294117	30830879
BTRC	CD274	0.05882352941176471	34093872
ferroptosis/drug effects	HSPB1	0.3970588235294117	34062295
BTRC	NFE2L2	0.02941176470588235	34093872
ferroptosis/drug effects	SLC40A1	0.3970588235294117	34062295
BTRC	CD8A	0.11764705882352942	34093872
ferroptosis/drug effects	CD36	0.9979391112959982	33691090
ferroptosis/drug effects	NOX4	0.3970588235294117	35197507
cell survival	cell line tumor	0.6747146619841966	26208571
BTRC	PRKAB1	0.014705882352941178	34093872
ferroptosis/drug effects	SLC9A1	0.15408252853380158	31043744
ferroptosis/drug effects	SLC9A1	0.15408252853380158	31554642
ferroptosis/drug effects	STAT3	0.9589195922602419	34991659
BTRC	RPL17-C18orf32	0.08823529411764705	34093872
interferon-gamma/immunology	SLC9A1	0.02941176470588235	31043744
ferroptosis/drug effects	TP53	0.3068630776598293	31980600
ferroptosis/drug effects	TP53	0.3068630776598293	33547170
ferroptosis/drug effects	TP53	0.3068630776598293	35778693
BTRC	RPL17	0.08823529411764705	34093872
BTRC	MRLN	0.05882352941176471	34093872
ferroptosis/drug effects	FTH1	0.3970588235294117	35197507
BTRC	CTLA4	0.014705882352941178	34093872
cell survival	TGFB1	0.19666374012291488	26208571
ferroptosis/drug effects	IFNA1	0.7872934791284221	30830879
ferroptosis/drug effects	ATM	0.3970588235294117	31554642
interferon-gamma/immunology	SLC7A11	0.05882352941176471	31043744
ferroptosis/drug effects	MS4A1	0.3970588235294117	31775041
prostatic neoplasms/immunology	disease progression	0.08823529411764705	34919143
ferroptosis/drug effects	SLC7A11	0.021550003990741484	31043744
ferroptosis/drug effects	SLC7A11	0.021550003990741484	34811833
ferroptosis/drug effects	SLC7A11	0.021550003990741484	31554642
ferroptosis/drug effects	SLC7A11	0.021550003990741484	35778693
ferroptosis/drug effects	CHRM1	0.5222284300423019	34093872
ferroptosis/drug effects	CHRM1	0.5222284300423019	33236624
ferroptosis/drug effects	FUT1	0.3970588235294117	34811833
ovarian neoplasms/immunology	stat3 transcription factor/metabolism	0.07352941176470588	31802182
ferroptosis/drug effects	CALR	0.3970588235294117	32686685
ferroptosis/drug effects	GSK3B	0.3970588235294117	34093872
ferroptosis/drug effects	SMAD3	0.3970588235294117	34991659
ferroptosis/drug effects	PDCD1	0.4493004800291895	34093872
ferroptosis/drug effects	PDCD1	0.4493004800291895	33691090
ferroptosis/drug effects	PDCD1	0.4493004800291895	34985903
cell survival	GPX4	0.29938542581211586	32814895
ovarian neoplasms/immunology	cell proliferation	0.11764705882352942	31802182
ferroptosis/drug effects	NLRP3	0.3970588235294117	35197507
interferon-gamma/immunology	SLC3A2	0.014705882352941178	31043744
ferroptosis/drug effects	ACSL4	0.3970588235294117	33277233
cell survival	ACSL3	0.029411764705882353	32814895
ovarian neoplasms/immunology	adipocytes/immunology	0.014705882352941178	31802182
ferroptosis/drug effects	HMGB1	0.6400351185250219	35197507
ferroptosis/drug effects	GPX4	8.504501969514356e-06	31775041
ferroptosis/drug effects	GPX4	8.504501969514356e-06	35197507
ferroptosis/drug effects	GPX4	8.504501969514356e-06	35778693
ferroptosis/drug effects	GPX4	8.504501969514356e-06	32778843
ferroptosis/drug effects	GPX4	8.504501969514356e-06	34717678
ferroptosis/drug effects	GPX4	8.504501969514356e-06	32814895
ferroptosis/drug effects	GPX4	8.504501969514356e-06	33277233
ferroptosis/drug effects	GPX4	8.504501969514356e-06	33926261
ferroptosis/drug effects	GPX4	8.504501969514356e-06	30787033
ferroptosis/drug effects	GPX4	8.504501969514356e-06	33311482
ferroptosis/drug effects	GPX4	8.504501969514356e-06	34811833
ferroptosis/drug effects	PRKAA1	0.3970588235294117	34093872
interferon-gamma/immunology	CD8A	0.11764705882352942	31043744
ferroptosis/drug effects	FN1	0.3970588235294117	34811833
ferroptosis/drug effects	GABPA	0.3970588235294117	34093872
ferroptosis/drug effects	ATL1	0.3970588235294117	33277233
ferroptosis/drug effects	ACSL3	0.3970588235294117	32814895
ferroptosis/drug effects	MTOR	0.3970588235294117	34093872
ovarian neoplasms/immunology	ovary/pathology	0.014705882352941178	31802182
ferroptosis/drug effects	ROS1	0.021550003990741484	31775041
ferroptosis/drug effects	ROS1	0.021550003990741484	34811833
ferroptosis/drug effects	ROS1	0.021550003990741484	33926261
ferroptosis/drug effects	ROS1	0.021550003990741484	31509699
prostatic neoplasms/immunology	cell plasticity/genetics	0.014705882352941178	34919143
ferroptosis/drug effects	S100A4	0.3970588235294117	33277233
ferroptosis/drug effects	ATG5	0.3970588235294117	33926261
ferroptosis/drug effects	BTRC	0.3970588235294117	34093872
ovarian neoplasms/immunology	tumor microenvironment/immunology	0.10294117647058823	31802182
ferroptosis/drug effects	PRKAA2	0.3970588235294117	34093872
ferroptosis/drug effects	TLR4	0.3455183973182218	35197507
ferroptosis/drug effects	TLR4	0.3455183973182218	30830879
ferroptosis/drug effects	SLC3A2	0.3970588235294117	31043744
ferroptosis/drug effects	XK	0.3970588235294117	35778693
ferroptosis/drug effects	CD274	0.16880836459414167	34093872
ferroptosis/drug effects	CD274	0.16880836459414167	34593794
ferroptosis/drug effects	CD274	0.16880836459414167	34985903
ferroptosis/drug effects	JAK2	0.3970588235294117	34991659
ovarian neoplasms/immunology	disease progression	0.08823529411764705	31802182
ferroptosis/drug effects	CYREN	0.3970588235294117	32686685
ferroptosis/drug effects	MMRN1	0.3970588235294117	34811833
ferroptosis/drug effects	ASAH2	0.3970588235294117	33547170
ferroptosis/drug effects	NFE2L2	0.15408252853380158	34093872
ferroptosis/drug effects	NFE2L2	0.15408252853380158	34717678
ferroptosis/drug effects	IL6	0.9928907649747034	34991659
ferroptosis/drug effects	TF	0.3970588235294117	31980600
ferroptosis/drug effects	CD8A	0.15448292694950888	31043744
ferroptosis/drug effects	CD8A	0.15448292694950888	34093872
ferroptosis/drug effects	CD8A	0.15448292694950888	33277233
ferroptosis/drug effects	CD8A	0.15448292694950888	33691090
ferroptosis/drug effects	CD8A	0.15448292694950888	31554642
ferroptosis/drug effects	PLEKHM1	0.3970588235294117	31775041
cell survival	capillary permeability	0.029411764705882353	26208571
ferroptosis/drug effects	KDM8	0.3970588235294117	33311482
ferroptosis/drug effects	CD44	0.6400351185250219	34062295
prostatic neoplasms/immunology	IL1B	0.02941176470588235	34919143
ferroptosis/drug effects	SPANXB1	0.3970588235294117	31775041
RPL17-C18orf32	RPL17	9.136312911554352e-09	38301989
RPL17-C18orf32	RPL17	9.136312911554352e-09	39321806
RPL17-C18orf32	RPL17	9.136312911554352e-09	34985903
RPL17-C18orf32	RPL17	9.136312911554352e-09	34093872
RPL17-C18orf32	RPL17	9.136312911554352e-09	33691090
RPL17-C18orf32	RPL17	9.136312911554352e-09	35238098
ferroptosis/drug effects	HIF1A	0.3970588235294117	34811833
cell survival	inflammation mediators/metabolism	0.08691834942932399	26208571
RPL17-C18orf32	MRLN	0.3150107136059726	34093872
ferroptosis/drug effects	PRKAB1	0.3970588235294117	34093872
RPL17-C18orf32	CTLA4	0.08823529411764705	34093872
ferroptosis/drug effects	ASPG	0.3970588235294117	35778693
ferroptosis/drug effects	TRIM69	0.3970588235294117	30830879
ferroptosis/drug effects	NLRP1	0.3970588235294117	35778693
ferroptosis/drug effects	RPL17-C18orf32	0.4493004800291895	34093872
ferroptosis/drug effects	RPL17-C18orf32	0.4493004800291895	33691090
ferroptosis/drug effects	RPL17-C18orf32	0.4493004800291895	34985903
cell survival	vascular endothelial growth factor a/genetics	0.029411764705882353	26208571
ferroptosis/drug effects	RPL17	0.4493004800291895	34093872
ferroptosis/drug effects	RPL17	0.4493004800291895	33691090
ferroptosis/drug effects	RPL17	0.4493004800291895	34985903
RPL17-C18orf32	obesity/metabolism	0.16988586479367868	35238098
ferroptosis/drug effects	AIFM2	0.3970588235294117	33277233
ferroptosis/drug effects	MRLN	0.5222284300423019	34093872
ferroptosis/drug effects	MRLN	0.5222284300423019	33236624
ferroptosis/drug effects	CTLA4	0.3970588235294117	34093872
ferroptosis/drug effects	STING1	0.3970588235294117	33311482
ferroptosis/drug effects	GGT1	0.3970588235294117	34991659
ovarian neoplasms/immunology	receptors interleukin-17/metabolism	0.014705882352941178	31802182
cell survival	calgranulin a/genetics	0.029411764705882353	26208571
RPL17-C18orf32	interleukins/metabolism	0.08823529411764705	39321806
ovarian neoplasms/immunology	cd36 antigens/metabolism	0.10294117647058823	31802182
GSK3B	PDCD1	0.08823529411764705	34093872
GSK3B	PRKAA1	0.014705882352941178	34093872
phenotype	hek293 cells	0.029411764705882353	30420335
GSK3B	GABPA	0.014705882352941178	34093872
GSK3B	MTOR	0.014705882352941178	34093872
GSK3B	BTRC	0.014705882352941178	34093872
obesity/metabolism	mammary glands animal/metabolism	0.029411764705882353	32359100
GSK3B	PRKAA2	0.014705882352941178	34093872
GSK3B	CD274	0.05882352941176471	34093872
phenotype	CCL2	0.14266900790166812	30755716
phenotype	NFKB1	0.16988586479367865	30755716
GSK3B	NFE2L2	0.02941176470588235	34093872
GSK3B	CD8A	0.11764705882352942	34093872
RPL17-C18orf32	tumor escape/immunology	0.08823529411764705	39321806
cell survival	cell proliferation	0.2230026338893767	26208571
GSK3B	PRKAB1	0.014705882352941178	34093872
ovarian neoplasms/immunology	FABP4	0.014705882352941178	31802182
obesity/metabolism	breast neoplasms/metabolism	0.08691834942932399	32359100
GSK3B	RPL17-C18orf32	0.08823529411764705	34093872
RPL17-C18orf32	liver neoplasms/immunology	0.08823529411764705	39321806
GSK3B	RPL17	0.08823529411764705	34093872
cell survival	lung neoplasms/metabolism	0.058384547848990345	26208571
MMRN1	HIF1A	0.014705882352941178	34811833
GSK3B	MRLN	0.05882352941176471	34093872
GSK3B	CTLA4	0.014705882352941178	34093872
obesity/metabolism	extracellular matrix/metabolism	0.029411764705882353	32359100
cell survival	calgranulin b/genetics	0.029411764705882353	26208571
RPL17-C18orf32	tumor-associated macrophages/immunology	0.16988586479367868	39321806
phenotype	CD163	0.058384547848990345	30420335
phenotype	IRF6	0.029411764705882353	30755716
phenotype	S100A8	0.058384547848990345	30755716
RPL17-C18orf32	drugs chinese herbal	0.08823529411764705	35238098
obesity/metabolism	drugs chinese herbal	0.029411764705882353	35238098
ovarian neoplasms/immunology	IL17RA	0.014705882352941178	31802182
phenotype	TNF	0.006584723441615452	30755716
phenotype	TNF	0.006584723441615452	30420335
phenotype	ESR1	0.029411764705882353	30420335
obesity/metabolism	epithelial cells/metabolism	0.029411764705882353	32359100
RPL17-C18orf32	cell proliferation	0.5426009094797505	38301989
cell survival	angiopoietin-2/genetics	0.029411764705882353	26208571
obesity/metabolism	stem cells/metabolism	0.029411764705882353	32359100
obesity/metabolism	diterpenes	0.029411764705882353	35238098
phenotype	TNFAIP3	0.029411764705882353	30420335
phenotype	IL17A	0.08691834942932399	30420335
FN1	ROS1	0.05882352941176471	34811833
RPL17-C18orf32	diterpenes	0.08823529411764705	35238098
KDM8	STING1	0.014705882352941178	33311482
obesity/metabolism	hepatitis a virus cellular receptor 2/metabolism	0.029411764705882353	35238098
obesity/metabolism	transforming growth factor beta1/metabolism	0.11501316944688324	32359100
mitochondria/drug effects	pyruvate dehydrogenase acetyl-transferring kinase/antagonists &amp; inhibitors	0.029411764705882353	31509699
FN1	MMRN1	0.014705882352941178	34811833
cell survival	transforming growth factor beta/metabolism	0.058384547848990345	26208571
mitochondria/drug effects	nf-e2-related factor 2/genetics	0.029411764705882353	34093872
RPL17-C18orf32	cellular reprogramming/immunology	0.08823529411764705	39321806
interleukin-17/genetics	recombinant proteins/metabolism	0.014705882352941178	31802182
RPL17-C18orf32	hepatitis a virus cellular receptor 2/metabolism	0.08823529411764705	35238098
interleukin-17/genetics	fatty acid-binding proteins/metabolism	0.014705882352941178	31802182
FN1	HIF1A	0.014705882352941178	34811833
obesity/metabolism	colorectal neoplasms/drug therapy	0.029411764705882353	35238098
RPL17-C18orf32	tumor microenvironment/immunology	0.4927028268775416	39321806
obesity/metabolism	mammary glands human/metabolism	0.029411764705882353	32359100
PRKAA2	CD274	0.05882352941176471	34093872
mitochondria/drug effects	cell line tumor	0.17822651448639157	34093872
mitochondria/drug effects	cell line tumor	0.17822651448639157	31509699
PRKAA2	NFE2L2	0.02941176470588235	34093872
PRKAA2	CD8A	0.11764705882352942	34093872
mitochondria/drug effects	glycogen synthase kinase 3/metabolism	0.029411764705882353	34093872
ovarian neoplasms/immunology	IL17A	0.04411764705882353	31802182
PRKAA2	PRKAB1	0.014705882352941178	34093872
obesity/metabolism	diet high-fat/adverse effects	0.08691834942932399	32359100
PRKAA2	RPL17-C18orf32	0.08823529411764705	34093872
PRKAA2	RPL17	0.08823529411764705	34093872
RPL17-C18orf32	colorectal neoplasms/drug therapy	0.08823529411764705	35238098
interleukin-17/genetics	stat3 transcription factor/metabolism	0.07352941176470588	31802182
PRKAA2	MRLN	0.05882352941176471	34093872
PRKAA2	CTLA4	0.014705882352941178	34093872
obesity/metabolism	tumor necrosis factor-alpha/metabolism	0.08691834942932399	35238098
interleukin-17/genetics	cell proliferation	0.11764705882352942	31802182
obesity/metabolism	tumor microenvironment/physiology	0.08691834942932399	32359100
interleukin-17/genetics	adipocytes/immunology	0.014705882352941178	31802182
obesity/metabolism	cell differentiation	0.08691834942932399	35238098
palmitic acid/metabolism	interleukin-17/genetics	0.014705882352941178	31802182
RPL17-C18orf32	neoplastic stem cells/immunology	0.08823529411764705	39321806
interleukin-17/genetics	ovary/pathology	0.014705882352941178	31802182
obesity/metabolism	cd8-positive t-lymphocytes	0.029411764705882353	35238098
obesity/metabolism	DCN	0.029411764705882353	32359100
RPL17-C18orf32	metabolic reprogramming	0.08823529411764705	38301989
interleukin-17/genetics	tumor microenvironment/immunology	0.10294117647058823	31802182
mitochondria/drug effects	CHRM1	0.11501316944688324	34093872
obesity/metabolism	ARHGEF5	0.029411764705882353	35238098
antigens differentiation myelomonocytic/metabolism	tumor necrosis factor alpha-induced protein 3/metabolism	0.014705882352941178	30420335
RPL17-C18orf32	carcinoma hepatocellular/pathology	0.16988586479367868	38301989
mitochondria/drug effects	GSK3B	0.029411764705882353	34093872
obesity/metabolism	CCL2	0.14266900790166812	35238098
interleukin-17/genetics	disease progression	0.08823529411764705	31802182
antigens differentiation myelomonocytic/metabolism	endometrial neoplasms/genetics	0.014705882352941178	30420335
obesity/metabolism	TPI1	0.029411764705882353	35238098
mitochondria/drug effects	PDCD1	0.16988586479367865	34093872
RPL17-C18orf32	tumor necrosis factor-alpha/metabolism	0.24535078617607156	35238098
palmitic acid/metabolism	recombinant proteins/metabolism	0.014705882352941178	31802182
palmitic acid/metabolism	fatty acid-binding proteins/metabolism	0.014705882352941178	31802182
mitochondria/drug effects	PRKAA1	0.029411764705882353	34093872
mitochondria/drug effects	GABPA	0.029411764705882353	34093872
obesity/metabolism	CCR2	0.058384547848990345	35238098
RPL17-C18orf32	cell differentiation	0.24535078617607156	35238098
mitochondria/drug effects	MTOR	0.029411764705882353	34093872
mitochondria/drug effects	ROS1	0.11501316944688324	31509699
obesity/metabolism	HAVCR2	0.029411764705882353	35238098
obesity/metabolism	HNF4A	0.029411764705882353	35238098
RPL17-C18orf32	cd36 antigens/metabolism	0.4927028268775416	39321806
mitochondria/drug effects	BTRC	0.029411764705882353	34093872
mitochondria/drug effects	PRKAA2	0.029411764705882353	34093872
obesity/metabolism	TCF7	0.029411764705882353	35238098
RPL17-C18orf32	cancer-associated fibroblasts/pathology	0.08823529411764705	38301989
interleukin-17/genetics	receptors interleukin-17/metabolism	0.014705882352941178	31802182
interleukin-17/genetics	cd36 antigens/metabolism	0.10294117647058823	31802182
mitochondria/drug effects	CD274	0.11501316944688324	34093872
RPL17-C18orf32	cd8-positive t-lymphocytes	0.08823529411764705	35238098
antigens differentiation myelomonocytic/metabolism	antigens cd/metabolism	0.014705882352941178	30420335
cell survival	ANGPT2	0.029411764705882353	26208571
HMOX1	TP53	0.07352941176470588	33547170
mitochondria/drug effects	NFE2L2	0.058384547848990345	34093872
antigens differentiation myelomonocytic/metabolism	estradiol/pharmacology	0.014705882352941178	30420335
RPL17-C18orf32	ARHGEF5	0.08823529411764705	35238098
RPL17-C18orf32	FAP	0.08823529411764705	38301989
mitochondria/drug effects	CD8A	0.2230026338893767	34093872
obesity/metabolism	TNF	0.16988586479367865	35238098
palmitic acid/metabolism	stat3 transcription factor/metabolism	0.07352941176470588	31802182
cell survival	S100A8	0.058384547848990345	26208571
cell survival	S100A9	0.029411764705882353	26208571
mitochondria/drug effects	PRKAB1	0.029411764705882353	34093872
RPL17-C18orf32	CCL2	0.3792284592054127	35238098
obesity/metabolism	HNF1A	0.029411764705882353	35238098
interleukin-17/genetics	FABP4	0.014705882352941178	31802182
RPL17-C18orf32	TPI1	0.08823529411764705	35238098
obesity/metabolism	TIMELESS	0.029411764705882353	35238098
palmitic acid/metabolism	cell proliferation	0.11764705882352942	31802182
mitochondria/drug effects	RPL17-C18orf32	0.16988586479367865	34093872
obesity/metabolism	HAVCR1	0.029411764705882353	35238098
mitochondria/drug effects	RPL17	0.16988586479367865	34093872
palmitic acid/metabolism	adipocytes/immunology	0.014705882352941178	31802182
mitochondria/drug effects	MRLN	0.11501316944688324	34093872
mitochondria/drug effects	CTLA4	0.029411764705882353	34093872
interleukin-17/genetics	IL17RA	0.014705882352941178	31802182
palmitic acid/metabolism	ovary/pathology	0.014705882352941178	31802182
RPL17-C18orf32	CCR2	0.16988586479367868	35238098
HMOX1	ASAH2	0.014705882352941178	33547170
carcinoma pancreatic ductal/genetics	integrin alphavbeta3/metabolism	0.029411764705882353	34958892
carcinoma pancreatic ductal/genetics	lipocalin-2/genetics	0.029411764705882353	28249896
hyaluronan receptors/genetics	HSPB1	0.014705882352941178	34062295
palmitic acid/metabolism	tumor microenvironment/immunology	0.10294117647058823	31802182
RPL17-C18orf32	HAVCR2	0.08823529411764705	35238098
hyaluronan receptors/genetics	SLC40A1	0.014705882352941178	34062295
carcinoma pancreatic ductal/genetics	inflammation mediators/blood	0.029411764705882353	28249896
RPL17-C18orf32	HNF4A	0.08823529411764705	35238098
carcinoma pancreatic ductal/genetics	cytokines/blood	0.08691834942932399	28249896
interleukin-17/genetics	IL17A	0.04411764705882353	31802182
RPL17-C18orf32	TCF7	0.08823529411764705	35238098
palmitic acid/metabolism	disease progression	0.08823529411764705	31802182
nf-e2-related factor 2/genetics	cell line tumor	0.4264705882352941	34093872
neutrophil infiltration	toll-like receptor 4/genetics	0.014705882352941178	30830879
nf-e2-related factor 2/genetics	glycogen synthase kinase 3/metabolism	0.014705882352941178	34093872
carcinoma pancreatic ductal/genetics	cell proliferation	0.2230026338893767	34958892
mesenchymal stem cells	nanog homeobox protein/genetics	0.014705882352941178	31637575
RPL17-C18orf32	IL34	0.08823529411764705	39321806
antigens differentiation myelomonocytic/metabolism	estrogen receptor alpha/genetics	0.014705882352941178	30420335
RPL17-C18orf32	TNF	0.43834955832870687	35238098
carcinoma pancreatic ductal/genetics	transforming growth factor beta1/metabolism	0.11501316944688324	34958892
RPL17-C18orf32	FAM126A	0.08823529411764705	38301989
neutrophil infiltration	TICAM1	0.014705882352941178	30830879
hyaluronan receptors/genetics	CD44	0.02941176470588235	34062295
carcinoma pancreatic ductal/genetics	disease progression	0.16988586479367865	34958892
neutrophil infiltration	IFNA1	0.04411764705882353	30830879
RPL17-C18orf32	HNF1A	0.08823529411764705	35238098
antigens differentiation myelomonocytic/metabolism	hek293 cells	0.014705882352941178	30420335
RPL17-C18orf32	VIM	0.08823529411764705	38301989
nf-e2-related factor 2/genetics	CHRM1	0.05882352941176471	34093872
carcinoma pancreatic ductal/genetics	rna small interfering/genetics	0.029411764705882353	28249896
mesenchymal stem cells	cell proliferation	0.11764705882352942	31637575
RPL17-C18orf32	TIMELESS	0.08823529411764705	35238098
nf-e2-related factor 2/genetics	GSK3B	0.014705882352941178	34093872
TLR4	TRIM69	0.044117647058823525	30830879
RPL17-C18orf32	HAVCR1	0.08823529411764705	35238098
nf-e2-related factor 2/genetics	PDCD1	0.08823529411764705	34093872
RPL17	MRLN	0.3150107136059726	34093872
palmitic acid/metabolism	receptors interleukin-17/metabolism	0.014705882352941178	31802182
RPL17	CTLA4	0.08823529411764705	34093872
nf-e2-related factor 2/genetics	PRKAA1	0.014705882352941178	34093872
neutrophil infiltration	TLR4	0.04411764705882353	30830879
palmitic acid/metabolism	cd36 antigens/metabolism	0.10294117647058823	31802182
mesenchymal stem cells	alpha-ketoglutarate-dependent dioxygenase fto/metabolism	0.02941176470588235	31637575
nf-e2-related factor 2/genetics	GABPA	0.014705882352941178	34093872
nf-e2-related factor 2/genetics	MTOR	0.014705882352941178	34093872
RPL17	obesity/metabolism	0.16988586479367868	35238098
nf-e2-related factor 2/genetics	BTRC	0.014705882352941178	34093872
TLR4	phagocytosis	0.044117647058823525	39166450
nf-e2-related factor 2/genetics	PRKAA2	0.014705882352941178	34093872
neutrophil infiltration	TRIM69	0.014705882352941178	30830879
nf-e2-related factor 2/genetics	CD274	0.05882352941176471	34093872
RPL17	interleukins/metabolism	0.08823529411764705	39321806
mesenchymal stem cells	sweat glands/cytology	0.014705882352941178	31637575
nf-e2-related factor 2/genetics	NFE2L2	0.02941176470588235	34093872
mesenchymal stem cells	tumor necrosis factor-alpha/metabolism	0.04411764705882353	31637575
nf-e2-related factor 2/genetics	CD8A	0.11764705882352942	34093872
mesenchymal stem cells	cell differentiation	0.04411764705882353	31637575
palmitic acid/metabolism	FABP4	0.014705882352941178	31802182
nf-e2-related factor 2/genetics	PRKAB1	0.014705882352941178	34093872
mesenchymal stem cells	rna messenger/metabolism	0.02941176470588235	31637575
antigens differentiation myelomonocytic/metabolism	CD163	0.02941176470588235	30420335
mesenchymal stem cells	gene expression regulation	0.014705882352941178	31637575
carcinoma pancreatic ductal/genetics	THBS2	0.029411764705882353	34958892
nf-e2-related factor 2/genetics	RPL17-C18orf32	0.08823529411764705	34093872
TLR4	endometrial neoplasms/immunology	0.044117647058823525	39166450
nf-e2-related factor 2/genetics	RPL17	0.08823529411764705	34093872
carcinoma pancreatic ductal/genetics	LCN2	0.029411764705882353	28249896
nf-e2-related factor 2/genetics	MRLN	0.05882352941176471	34093872
RPL17	tumor escape/immunology	0.08823529411764705	39321806
SMAD3	JAK2	0.014705882352941178	34991659
nf-e2-related factor 2/genetics	CTLA4	0.014705882352941178	34093872
carcinoma pancreatic ductal/genetics	MAPK8	0.058384547848990345	34958892
carcinoma pancreatic ductal/genetics	SLC22A17	0.029411764705882353	28249896
carcinoma pancreatic ductal/genetics	MAP2K7	0.029411764705882353	34958892
mesenchymal stem cells	NANOG	0.014705882352941178	31637575
SMAD3	IL6	0.1323529411764706	34991659
TLR4	interferon type i/metabolism	0.08691834942932399	39166450
RPL17	liver neoplasms/immunology	0.08823529411764705	39321806
antigens differentiation myelomonocytic/metabolism	TNF	0.08823529411764705	30420335
palmitic acid/metabolism	IL17RA	0.014705882352941178	31802182
antigens differentiation myelomonocytic/metabolism	ESR1	0.014705882352941178	30420335
TLR4	tumor microenvironment/immunology	0.281866070715939	39166450
RPL17	tumor-associated macrophages/immunology	0.16988586479367868	39321806
SMAD3	GGT1	0.014705882352941178	34991659
TLR4	heme/metabolism	0.044117647058823525	39166450
TLR4	macrophages/immunology	0.16864873493495092	39166450
autophagy	neoplasms/metabolism	0.029411764705882353	21566463
antigens differentiation myelomonocytic/metabolism	TNFAIP3	0.014705882352941178	30420335
autophagy	growth differentiation factor 15/genetics	0.029411764705882353	33346004
antigens differentiation myelomonocytic/metabolism	IL17A	0.04411764705882353	30420335
RPL17	drugs chinese herbal	0.08823529411764705	35238098
mammary glands animal/metabolism	breast neoplasms/metabolism	0.04411764705882353	32359100
mesenchymal stem cells	TNF	0.08823529411764705	31637575
NFE2L2	CD8A	0.2230026338893767	34093872
autophagy	hepatic stellate cells/metabolism	0.058384547848990345	33346004
mesenchymal stem cells	FTO	0.02941176470588235	31637575
NFE2L2	PRKAB1	0.029411764705882353	34093872
CD44	lipoproteins ldl	0.029411764705882353	36160648
RPL17	cell proliferation	0.5426009094797505	38301989
NFE2L2	RPL17-C18orf32	0.16988586479367865	34093872
NFE2L2	RPL17	0.16988586479367865	34093872
mammary glands animal/metabolism	extracellular matrix/metabolism	0.014705882352941178	32359100
NFE2L2	MRLN	0.11501316944688324	34093872
GABPA	MTOR	0.014705882352941178	34093872
NFE2L2	CTLA4	0.029411764705882353	34093872
TLR4	cd36 antigens/metabolism	0.281866070715939	39166450
RPL17	diterpenes	0.08823529411764705	35238098
GABPA	BTRC	0.014705882352941178	34093872
GABPA	PRKAA2	0.014705882352941178	34093872
GABPA	CD274	0.05882352941176471	34093872
palmitic acid/metabolism	IL17A	0.04411764705882353	31802182
GABPA	NFE2L2	0.02941176470588235	34093872
mammary glands animal/metabolism	epithelial cells/metabolism	0.014705882352941178	32359100
CD44	nitric oxide synthase type ii/metabolism	0.029411764705882353	36160648
RPL17	cellular reprogramming/immunology	0.08823529411764705	39321806
GABPA	CD8A	0.11764705882352942	34093872
mammary glands animal/metabolism	stem cells/metabolism	0.014705882352941178	32359100
RPL17	hepatitis a virus cellular receptor 2/metabolism	0.08823529411764705	35238098
autophagy	cell proliferation	0.2230026338893767	33346004
GABPA	PRKAB1	0.014705882352941178	34093872
autophagy	carcinoma hepatocellular/genetics	0.058384547848990345	33346004
RPL17	tumor microenvironment/immunology	0.4927028268775416	39321806
obesity/chemically induced	biomarkers/blood	0.014705882352941178	32472095
GABPA	RPL17-C18orf32	0.08823529411764705	34093872
GABPA	RPL17	0.08823529411764705	34093872
mammary glands animal/metabolism	transforming growth factor beta1/metabolism	0.05882352941176471	32359100
jurkat cells	methotrexate/pharmacology	0.029411764705882353	32778843
GABPA	MRLN	0.05882352941176471	34093872
obesity/chemically induced	breast neoplasms/metabolism	0.04411764705882353	32472095
GABPA	CTLA4	0.014705882352941178	34093872
jurkat cells	biopterins/analogs &amp; derivatives	0.029411764705882353	32778843
jurkat cells	glutathione peroxidase/metabolism	0.029411764705882353	33926261
tumor microenvironment/genetics	chemokine ccl2/metabolism	0.014705882352941178	38351345
jurkat cells	flavonolignans/pharmacology	0.029411764705882353	33926261
RPL17	colorectal neoplasms/drug therapy	0.08823529411764705	35238098
mammary glands animal/metabolism	mammary glands human/metabolism	0.014705882352941178	32359100
obesity/chemically induced	adiponectin/blood	0.014705882352941178	32472095
mammary glands animal/metabolism	diet high-fat/adverse effects	0.04411764705882353	32359100
cytokines/analysis	pten phosphohydrolase/deficiency	0.014705882352941178	29777149
jurkat cells	cystine/antagonists &amp; inhibitors	0.029411764705882353	32778843
cytokines/analysis	breast neoplasms/metabolism	0.04411764705882353	29777149
autophagy	fibroblasts/metabolism	0.029411764705882353	21566463
RPL17	neoplastic stem cells/immunology	0.08823529411764705	39321806
mammary glands animal/metabolism	tumor microenvironment/physiology	0.04411764705882353	32359100
tumor microenvironment/genetics	carcinoma hepatocellular/pathology	0.02941176470588235	38351345
jurkat cells	reactive oxygen species/metabolism	0.009218612818261635	32778843
jurkat cells	reactive oxygen species/metabolism	0.009218612818261635	33926261
RPL17	metabolic reprogramming	0.08823529411764705	38301989
RPL17	carcinoma hepatocellular/pathology	0.16988586479367868	38301989
SLC3A2	CD8A	0.11764705882352942	31043744
autophagy	cytokines/biosynthesis	0.029411764705882353	21566463
RPL17	tumor necrosis factor-alpha/metabolism	0.24535078617607156	35238098
tumor microenvironment/genetics	periostin	0.014705882352941178	38351345
CD44	mannose receptor	0.029411764705882353	36160648
tumor microenvironment/genetics	cd36 antigens/metabolism	0.10294117647058823	38351345
mammary glands animal/metabolism	DCN	0.014705882352941178	32359100
autophagy	hypoxia	0.029411764705882353	21566463
tumor microenvironment/genetics	endothelial progenitor cells/metabolism	0.014705882352941178	38351345
autophagy	cell communication	0.029411764705882353	21566463
RPL17	cell differentiation	0.24535078617607156	35238098
RPL17	cd36 antigens/metabolism	0.4927028268775416	39321806
autophagy	caveolin 1/deficiency	0.029411764705882353	21566463
tumor microenvironment/genetics	CCL2	0.07352941176470588	38351345
tumor microenvironment/genetics	NFKB1	0.08823529411764705	38351345
RPL17	cancer-associated fibroblasts/pathology	0.08823529411764705	38301989
CD44	colorectal neoplasms/metabolism	0.029411764705882353	36160648
RPL17	cd8-positive t-lymphocytes	0.08823529411764705	35238098
tumor microenvironment/genetics	CCR2	0.02941176470588235	38351345
tumor microenvironment/genetics	CXCL8	0.02941176470588235	38351345
RPL17	ARHGEF5	0.08823529411764705	35238098
cytokines/analysis	docosahexaenoic acids/analysis	0.014705882352941178	29777149
RPL17	FAP	0.08823529411764705	38301989
obesity/chemically induced	hepatocyte growth factor/blood	0.014705882352941178	32472095
autophagy	autophagy-related protein 7/genetics	0.029411764705882353	33346004
jurkat cells	GPX4	0.024143985952589993	32778843
jurkat cells	GPX4	0.024143985952589993	33926261
autophagy	paracrine communication	0.058384547848990345	33346004
RPL17	CCL2	0.3792284592054127	35238098
CD44	hyperlipidemias	0.029411764705882353	36160648
RPL17	TPI1	0.08823529411764705	35238098
tumor microenvironment/genetics	POSTN	0.014705882352941178	38351345
jurkat cells	ROS1	0.11501316944688324	33926261
jurkat cells	ATG5	0.029411764705882353	33926261
cytokines/analysis	tumor suppressor protein p53/deficiency	0.014705882352941178	29777149
cytokines/analysis	disease progression	0.08823529411764705	29777149
CD44	diet high-fat/adverse effects	0.08691834942932399	36160648
autophagy	NFKB1	0.16988586479367865	21566463
lipoproteins ldl	nitric oxide synthase type ii/metabolism	0.014705882352941178	36160648
osteoclasts/cytology	cathepsin k/metabolism	0.014705882352941178	25802102
RPL17	CCR2	0.16988586479367868	35238098
autophagy	GDF15	0.029411764705882353	33346004
RPL17	HAVCR2	0.08823529411764705	35238098
RPL17	HNF4A	0.08823529411764705	35238098
CD44	scavenger receptors class e/genetics	0.029411764705882353	36160648
RPL17	TCF7	0.08823529411764705	35238098
IL6	RPL17-C18orf32	0.5883408185317754	38301989
IL6	RPL17	0.5883408185317754	38301989
autophagy	CSF2	0.029411764705882353	21566463
IL6	GGT1	0.1323529411764706	34991659
osteoclasts/cytology	bone marrow/metabolism	0.014705882352941178	25802102
autophagy	CXCL8	0.058384547848990345	21566463
IL6	janus kinases/metabolism	0.1323529411764706	30563531
IL6	non-alcoholic fatty liver disease/genetics	0.24890254609306411	37108378
lipoproteins ldl	mannose receptor	0.014705882352941178	36160648
IL6	obesity/chemically induced	0.1323529411764706	32472095
osteoclasts/cytology	chemokine cxcl1/metabolism	0.014705882352941178	25802102
autophagy	CAV1	0.029411764705882353	21566463
obesity/chemically induced	HGF	0.02941176470588235	32472095
autophagy	ATG7	0.029411764705882353	33346004
osteoclasts/cytology	prostatic neoplasms/pathology	0.04411764705882353	25802102
RPL17	IL34	0.08823529411764705	39321806
IL6	neoplasm recurrence local	0.1323529411764706	27756885
RPL17	TNF	0.43834955832870687	35238098
lipoproteins ldl	colorectal neoplasms/metabolism	0.014705882352941178	36160648
obesity/chemically induced	NFKB1	0.08823529411764705	32472095
RPL17	FAM126A	0.08823529411764705	38301989
IL6	autophagy	0.24890254609306411	21566463
IL6	hydroxymethylglutaryl-coa reductase inhibitors/pharmacology	0.1323529411764706	27756885
IL6	interleukin-6 receptor alpha subunit/blood	0.1323529411764706	24021059
IL6	biomarkers/blood	0.1323529411764706	32472095
RPL17	HNF1A	0.08823529411764705	35238098
IL6	breast neoplasms/metabolism	0.35132492617128264	32472095
lipoproteins ldl	hyperlipidemias	0.014705882352941178	36160648
RPL17	VIM	0.08823529411764705	38301989
IL6	proto-oncogene proteins c-akt/metabolism	0.1323529411764706	30563531
RPL17	TIMELESS	0.08823529411764705	35238098
obesity/chemically induced	EGF	0.014705882352941178	32472095
IL6	neoplasms/metabolism	0.1323529411764706	21566463
osteoclasts/cytology	adipocytes/metabolism	0.05882352941176471	25802102
RPL17	HAVCR1	0.08823529411764705	35238098
osteoclasts/cytology	obesity	0.014705882352941178	25802102
autophagy	IL10	0.11501316944688324	21566463
IL6	lipid metabolism/physiology	0.1323529411764706	37108378
IL6	adiponectin/blood	0.1323529411764706	32472095
IL6	cytokines/blood	0.35132492617128264	32344015
osteoclasts/cytology	chemokine cxcl2/metabolism	0.014705882352941178	25802102
obesity/chemically induced	LEP	0.02941176470588235	32472095
IL6	breast neoplasms/drug therapy	0.1323529411764706	27756885
IL6	pancreatic neoplasms/immunology	0.1323529411764706	32344015
IL6	interleukin-6/metabolism	0.0016761114215021152	24021059
IL6	interleukin-6/metabolism	0.0016761114215021152	27756885
IL6	interleukin-6/metabolism	0.0016761114215021152	30563531
IL6	cachexia/immunology	0.1323529411764706	32344015
IL6	stat3 transcription factor/metabolism	0.0007252405189191842	37108378
IL6	stat3 transcription factor/metabolism	0.0007252405189191842	24021059
IL6	stat3 transcription factor/metabolism	0.0007252405189191842	27756885
IL6	stat3 transcription factor/metabolism	0.0007252405189191842	30563531
osteoclasts/cytology	bone marrow cells/metabolism	0.014705882352941178	25802102
obesity/chemically induced	JUN	0.014705882352941178	32472095
IL6	inflammation/immunology	0.1323529411764706	27756885
gold/chemistry	cell line tumor	0.4264705882352941	33236624
IL6	myeloid cells/immunology	0.1323529411764706	24021059
osteoclasts/cytology	bone neoplasms/secondary	0.014705882352941178	25802102
tumor escape/drug effects	immune checkpoint inhibitors/pharmacology	0.014705882352941178	34593794
osteoclasts/cytology	cell differentiation	0.04411764705882353	25802102
obesity/chemically induced	MAPK8	0.02941176470588235	32472095
IL6	perilipin-5/genetics	0.1323529411764706	37108378
obesity/chemically induced	ADIPOQ	0.014705882352941178	32472095
tumor escape/drug effects	drug resistance neoplasm/drug effects	0.014705882352941178	34593794
osteoclasts/cytology	osteolysis/pathology	0.014705882352941178	25802102
IL6	cell proliferation	0.7000177937264869	38301989
gold/chemistry	CHRM1	0.05882352941176471	33236624
IL6	carcinoma hepatocellular/genetics	0.24890254609306411	37108378
lipoproteins ldl	diet high-fat/adverse effects	0.04411764705882353	36160648
IL6	macrophage colony-stimulating factor/antagonists &amp; inhibitors	0.1323529411764706	27756885
XK	ASPG	0.014705882352941178	35778693
XK	NLRP1	0.014705882352941178	35778693
CD44	PROM1	0.029411764705882353	36160648
osteogenesis/physiology	bone and bones/pathology	0.014705882352941178	25802102
osteogenesis/physiology	osteoclasts/cytology	0.014705882352941178	25802102
CD44	MRC1	0.058384547848990345	36160648
osteogenesis/physiology	cathepsin k/metabolism	0.014705882352941178	25802102
IL6	interleukin-6/genetics	0.1323529411764706	37108378
osteoclasts/cytology	CBX8	0.014705882352941178	25802102
autophagy	CCL5	0.029411764705882353	21566463
tumor escape/drug effects	CD274	0.05882352941176471	34593794
cytokines/analysis	PTEN	0.014705882352941178	29777149
osteoclasts/cytology	ACTR1B	0.014705882352941178	25802102
osteoclasts/cytology	BTG2	0.014705882352941178	25802102
gold/chemistry	MRLN	0.05882352941176471	33236624
osteoclasts/cytology	PCSK1	0.014705882352941178	25802102
BDKRB2	BBS9	0.014705882352941178	31775041
IL6	leptin/metabolism	0.1323529411764706	30563531
osteoclasts/cytology	CXCR2	0.014705882352941178	25802102
IL6	procollagen-lysine 2-oxoglutarate 5-dioxygenase/deficiency	0.1323529411764706	30563531
interleukin-6 receptor alpha subunit/blood	ITGAM	0.014705882352941178	24021059
lipoproteins ldl	scavenger receptors class e/genetics	0.014705882352941178	36160648
biomarkers/blood	breast neoplasms/metabolism	0.04411764705882353	32472095
BDKRB2	MS4A1	0.014705882352941178	31775041
osteoclasts/cytology	KRT6A	0.014705882352941178	25802102
IL6	tumor microenvironment/immunology	0.6480977964868403	24021059
osteoclasts/cytology	CXCL1	0.014705882352941178	25802102
PDCD1	PRKAA1	0.08823529411764705	34093872
IL6	lipids	0.1323529411764706	37108378
PDCD1	GABPA	0.08823529411764705	34093872
PDCD1	MTOR	0.08823529411764705	34093872
biomarkers/blood	adiponectin/blood	0.014705882352941178	32472095
IL6	stat3 transcription factor/immunology	0.1323529411764706	32344015
osteoclasts/cytology	CXCL2	0.014705882352941178	25802102
IL6	breast neoplasms/pathology	0.1323529411764706	30563531
PDCD1	BTRC	0.08823529411764705	34093872
osteogenesis/physiology	bone marrow/metabolism	0.014705882352941178	25802102
BDKRB2	GPX4	0.16176470588235295	31775041
PDCD1	PRKAA2	0.08823529411764705	34093872
IL6	mesenchymal stem cells/immunology	0.1323529411764706	27756885
PDCD1	CD274	0.03637100388636824	34093872
PDCD1	CD274	0.03637100388636824	34985903
IL6	fibroblasts/metabolism	0.1323529411764706	21566463
PDCD1	NFE2L2	0.16988586479367868	34093872
BDKRB2	ROS1	0.05882352941176471	31775041
capillary permeability	inflammation mediators/metabolism	0.04411764705882353	26208571
PDCD1	IL6	0.5883408185317754	38301989
IL6	hepatocyte growth factor/blood	0.1323529411764706	32472095
colonic neoplasms/drug therapy	heme oxygenase-1/metabolism	0.014705882352941178	33547170
PDCD1	CD8A	0.0011629429978859303	34093872
PDCD1	CD8A	0.0011629429978859303	35238098
PDCD1	CD8A	0.0011629429978859303	33691090
PDCD1	CD8A	0.0011629429978859303	39321806
capillary permeability	vascular endothelial growth factor a/genetics	0.014705882352941178	26208571
colonic neoplasms/drug therapy	reactive oxygen species/metabolism	0.10294117647058823	33547170
IL6	breast neoplasms/immunology	0.1323529411764706	24021059
PDCD1	PRKAB1	0.08823529411764705	34093872
osteogenesis/physiology	chemokine cxcl1/metabolism	0.014705882352941178	25802102
PDCD1	RPL17-C18orf32	9.136312911554352e-09	38301989
PDCD1	RPL17-C18orf32	9.136312911554352e-09	39321806
PDCD1	RPL17-C18orf32	9.136312911554352e-09	34985903
PDCD1	RPL17-C18orf32	9.136312911554352e-09	34093872
PDCD1	RPL17-C18orf32	9.136312911554352e-09	33691090
PDCD1	RPL17-C18orf32	9.136312911554352e-09	35238098
capillary permeability	calgranulin a/genetics	0.014705882352941178	26208571
IL6	adipocytes/metabolism	0.44114147485525884	30563531
ATL1	S100A4	0.014705882352941178	33277233
PDCD1	RPL17	9.136312911554352e-09	38301989
PDCD1	RPL17	9.136312911554352e-09	39321806
PDCD1	RPL17	9.136312911554352e-09	34985903
PDCD1	RPL17	9.136312911554352e-09	34093872
PDCD1	RPL17	9.136312911554352e-09	33691090
PDCD1	RPL17	9.136312911554352e-09	35238098
osteogenesis/physiology	prostatic neoplasms/pathology	0.04411764705882353	25802102
PDCD1	MRLN	0.3150107136059726	34093872
IL6	macrophages/immunology	0.44114147485525884	32344015
PDCD1	CTLA4	0.08823529411764705	34093872
biomarkers/blood	hepatocyte growth factor/blood	0.014705882352941178	32472095
nitric oxide synthase type ii/metabolism	mannose receptor	0.014705882352941178	36160648
colonic neoplasms/drug therapy	HMOX1	0.014705882352941178	33547170
neovascularization pathologic/genetics	inflammation mediators/metabolism	0.04411764705882353	24156623
BDKRB2	PLEKHM1	0.014705882352941178	31775041
IL6	3t3-l1 cells	0.1323529411764706	30563531
BDKRB2	SPANXB1	0.014705882352941178	31775041
IL6	cytokines/biosynthesis	0.1323529411764706	21566463
ATL1	CD8A	0.11764705882352942	33277233
PDCD1	obesity/metabolism	0.16988586479367868	35238098
colonic neoplasms/drug therapy	TP53	0.07352941176470588	33547170
capillary permeability	cell proliferation	0.11764705882352942	26208571
IL6	hypoxia	0.1323529411764706	21566463
neovascularization pathologic/genetics	inflammation/genetics	0.014705882352941178	24156623
ATL1	AIFM2	0.014705882352941178	33277233
capillary permeability	lung neoplasms/metabolism	0.02941176470588235	26208571
IL6	cell communication	0.1323529411764706	21566463
PDCD1	interleukins/metabolism	0.08823529411764705	39321806
capillary permeability	calgranulin b/genetics	0.014705882352941178	26208571
nitric oxide synthase type ii/metabolism	colorectal neoplasms/metabolism	0.014705882352941178	36160648
IL6	metabolic reprogramming	0.1323529411764706	38301989
IL6	carcinoma hepatocellular/pathology	0.24890254609306411	38301989
osteogenesis/physiology	adipocytes/metabolism	0.05882352941176471	25802102
inflammation/genetics	HGF	0.02941176470588235	24156623
IL6	cell movement	0.1323529411764706	30563531
inflammation/genetics	NFKB1	0.08823529411764705	24156623
IL6	caveolin 1/deficiency	0.1323529411764706	21566463
capillary permeability	angiopoietin-2/genetics	0.014705882352941178	26208571
IL6	neoplasm metastasis	0.12678355446134199	24021059
IL6	neoplasm metastasis	0.12678355446134199	30563531
colonic neoplasms/drug therapy	ASAH2	0.014705882352941178	33547170
osteogenesis/physiology	obesity	0.014705882352941178	25802102
biomarkers/blood	HGF	0.02941176470588235	32472095
IL6	muscle fibers skeletal/drug effects	0.1323529411764706	32344015
biomarkers/blood	NFKB1	0.08823529411764705	32472095
nitric oxide synthase type ii/metabolism	hyperlipidemias	0.014705882352941178	36160648
IL6	neoplasm invasiveness	0.1323529411764706	27756885
capillary permeability	transforming growth factor beta/metabolism	0.02941176470588235	26208571
PDCD1	tumor escape/immunology	0.08823529411764705	39321806
osteogenesis/physiology	chemokine cxcl2/metabolism	0.014705882352941178	25802102
biomarkers/blood	EGF	0.014705882352941178	32472095
neovascularization pathologic/genetics	cell proliferation	0.11764705882352942	24156623
nitric oxide synthase type ii/metabolism	diet high-fat/adverse effects	0.04411764705882353	36160648
PDCD1	liver neoplasms/immunology	0.08823529411764705	39321806
biomarkers/blood	LEP	0.02941176470588235	32472095
osteogenesis/physiology	bone marrow cells/metabolism	0.014705882352941178	25802102
inflammation/genetics	TNFSF11	0.014705882352941178	24156623
neovascularization pathologic/genetics	hormones/blood	0.014705882352941178	24156623
PDCD1	tumor-associated macrophages/immunology	0.16988586479367868	39321806
osteogenesis/physiology	bone neoplasms/secondary	0.014705882352941178	25802102
biomarkers/blood	JUN	0.014705882352941178	32472095
neovascularization pathologic/genetics	sexual maturation	0.014705882352941178	24156623
osteogenesis/physiology	cell differentiation	0.04411764705882353	25802102
biomarkers/blood	MAPK8	0.02941176470588235	32472095
IL6	cancer-associated fibroblasts/pathology	0.1323529411764706	38301989
biomarkers/blood	ADIPOQ	0.014705882352941178	32472095
IL6	paracrine communication	0.24890254609306411	27756885
nitric oxide synthase type ii/metabolism	scavenger receptors class e/genetics	0.014705882352941178	36160648
osteogenesis/physiology	osteolysis/pathology	0.014705882352941178	25802102
PDCD1	drugs chinese herbal	0.08823529411764705	35238098
neovascularization pathologic/genetics	diet high-fat	0.04411764705882353	24156623
PDCD1	cell proliferation	0.5426009094797505	38301989
lipoproteins ldl	PROM1	0.014705882352941178	36160648
IL6	FAP	0.1323529411764706	38301989
capillary permeability	ANGPT2	0.014705882352941178	26208571
IL6	EEF1A2	0.1323529411764706	27756885
PDCD1	diterpenes	0.08823529411764705	35238098
capillary permeability	S100A8	0.02941176470588235	26208571
capillary permeability	S100A9	0.014705882352941178	26208571
IL6	HGF	0.24890254609306411	32472095
nanog homeobox protein/genetics	cell proliferation	0.11764705882352942	31637575
neovascularization pathologic/genetics	breast neoplasms/etiology	0.014705882352941178	24156623
lipoproteins ldl	MRC1	0.02941176470588235	36160648
IL6	NFKB1	0.176681637063551	32472095
IL6	NFKB1	0.176681637063551	21566463
PDCD1	cellular reprogramming/immunology	0.08823529411764705	39321806
PDCD1	hepatitis a virus cellular receptor 2/metabolism	0.08823529411764705	35238098
protease inhibitors/pharmacology	carcinoma hepatocellular/drug therapy	0.014705882352941178	31257391
nanog homeobox protein/genetics	alpha-ketoglutarate-dependent dioxygenase fto/metabolism	0.02941176470588235	31637575
PDCD1	tumor microenvironment/immunology	0.4927028268775416	39321806
osteogenesis/physiology	CBX8	0.014705882352941178	25802102
osteogenesis/physiology	ACTR1B	0.014705882352941178	25802102
osteogenesis/physiology	BTG2	0.014705882352941178	25802102
interleukin-12/metabolism	tumor microenvironment/immunology	0.10294117647058823	30535532
IL6	PIK3CA	0.24890254609306411	30563531
IL6	EGF	0.1323529411764706	32472095
osteogenesis/physiology	PCSK1	0.014705882352941178	25802102
PDCD1	colorectal neoplasms/drug therapy	0.08823529411764705	35238098
IL6	PLOD2	0.1323529411764706	30563531
glycyrrhizic acid/pharmacology	nf-kappa b/metabolism	0.02941176470588235	30755716
nanog homeobox protein/genetics	sweat glands/cytology	0.014705882352941178	31637575
osteogenesis/physiology	CXCR2	0.014705882352941178	25802102
nanog homeobox protein/genetics	tumor necrosis factor-alpha/metabolism	0.04411764705882353	31637575
IL6	CSF2	0.1323529411764706	21566463
MRLN	CTLA4	0.058823529411764705	34093872
glycyrrhizic acid/pharmacology	calgranulin a/metabolism	0.014705882352941178	30755716
IL6	PLIN1	0.1323529411764706	37108378
PDCD1	neoplastic stem cells/immunology	0.08823529411764705	39321806
nanog homeobox protein/genetics	cell differentiation	0.04411764705882353	31637575
tumor necrosis factor alpha-induced protein 3/metabolism	estrogen receptor alpha/genetics	0.014705882352941178	30420335
PDCD1	metabolic reprogramming	0.08823529411764705	38301989
IL6	CXCL8	0.24890254609306411	21566463
PDCD1	carcinoma hepatocellular/pathology	0.16988586479367868	38301989
nanog homeobox protein/genetics	rna messenger/metabolism	0.02941176470588235	31637575
osteogenesis/physiology	KRT6A	0.014705882352941178	25802102
nanog homeobox protein/genetics	gene expression regulation	0.014705882352941178	31637575
PDCD1	tumor necrosis factor-alpha/metabolism	0.24535078617607156	35238098
osteogenesis/physiology	CXCL1	0.014705882352941178	25802102
MRLN	protease inhibitors/pharmacology	0.058823529411764705	31257391
IL6	LEP	0.015803336259877086	30563531
IL6	LEP	0.015803336259877086	32472095
MRLN	carcinoma hepatocellular/drug therapy	0.058823529411764705	31257391
neovascularization pathologic/genetics	HGF	0.02941176470588235	24156623
PDCD1	cell differentiation	0.24535078617607156	35238098
MRLN	phenotype	0.11501316944688324	30755716
PDCD1	cd36 antigens/metabolism	0.4927028268775416	39321806
tumor necrosis factor alpha-induced protein 3/metabolism	hek293 cells	0.014705882352941178	30420335
neovascularization pathologic/genetics	NFKB1	0.08823529411764705	24156623
nanog homeobox protein/genetics	NANOG	0.014705882352941178	31637575
IL6	CSF1	0.35132492617128264	27756885
PDCD1	cancer-associated fibroblasts/pathology	0.08823529411764705	38301989
interleukin-12/metabolism	CD4	0.014705882352941178	30535532
IL6	CAV1	0.1323529411764706	21566463
PDCD1	cd8-positive t-lymphocytes	0.08823529411764705	35238098
osteogenesis/physiology	CXCL2	0.014705882352941178	25802102
nitric oxide synthase type ii/metabolism	PROM1	0.014705882352941178	36160648
MRLN	glycyrrhizic acid/pharmacology	0.058823529411764705	30755716
protease inhibitors/pharmacology	immunity innate	0.02941176470588235	31257391
PDCD1	ARHGEF5	0.08823529411764705	35238098
interleukin-12/metabolism	CSF3	0.014705882352941178	30535532
IL6	CD163	0.24890254609306411	32344015
PDCD1	FAP	0.08823529411764705	38301989
IL6	IL6R	0.1323529411764706	37108378
glycyrrhizic acid/pharmacology	colon/metabolism	0.014705882352941178	30755716
PDCD1	CCL2	0.3792284592054127	35238098
nitric oxide synthase type ii/metabolism	MRC1	0.02941176470588235	36160648
PDCD1	TPI1	0.08823529411764705	35238098
protease inhibitors/pharmacology	stem cell factor/metabolism	0.014705882352941178	31257391
IL6	JUN	0.1323529411764706	32472095
IL6	PIK3CD	0.24890254609306411	30563531
glycyrrhizic acid/pharmacology	diet high-fat	0.04411764705882353	30755716
PDCD1	CCR2	0.16988586479367868	35238098
IL6	PLIN5	0.1323529411764706	37108378
MRLN	nf-kappa b/metabolism	0.11501316944688324	30755716
nanog homeobox protein/genetics	TNF	0.08823529411764705	31637575
PDCD1	HAVCR2	0.08823529411764705	35238098
IL6	MAPK8	0.24890254609306411	32472095
PDCD1	HNF4A	0.08823529411764705	35238098
nanog homeobox protein/genetics	FTO	0.02941176470588235	31637575
PDCD1	TCF7	0.08823529411764705	35238098
MRLN	immunity innate	0.11501316944688324	31257391
IL6	ADIPOQ	0.1323529411764706	32472095
interleukin-12/metabolism	PTPRC	0.014705882352941178	30535532
IL6	TNF	0.5883408185317754	37108378
interleukin-12/metabolism	IL10	0.05882352941176471	30535532
MRLN	calgranulin a/metabolism	0.058823529411764705	30755716
IL6	FAM126A	0.1323529411764706	38301989
PDCD1	IL34	0.08823529411764705	39321806
tumor escape/immunology	liver neoplasms/immunology	0.014705882352941178	39321806
PDCD1	TNF	0.43834955832870687	35238098
MRLN	stem cell factor/metabolism	0.058823529411764705	31257391
PDCD1	FAM126A	0.08823529411764705	38301989
IL6	IL10	0.44114147485525884	21566463
tumor escape/immunology	tumor-associated macrophages/immunology	0.02941176470588235	39321806
neovascularization pathologic/genetics	TNFSF11	0.014705882352941178	24156623
recombinant proteins/metabolism	fatty acid-binding proteins/metabolism	0.014705882352941178	31802182
PDCD1	HNF1A	0.08823529411764705	35238098
IL6	PIK3CG	0.24890254609306411	30563531
PDCD1	VIM	0.08823529411764705	38301989
PDCD1	TIMELESS	0.08823529411764705	35238098
PDCD1	HAVCR1	0.08823529411764705	35238098
heterografts	tumor-associated macrophages/immunology	0.02941176470588235	34919143
NLRP3	HMGB1	0.02941176470588235	35197507
glycyrrhizic acid/pharmacology	neoplasm metastasis	0.07352941176470588	30755716
NLRP3	GPX4	0.16176470588235295	35197507
IL6	VIM	0.1323529411764706	38301989
phagocytosis	endometrial neoplasms/immunology	0.014705882352941178	39166450
IL6	AKT1	0.24890254609306411	30563531
NLRP3	TLR4	0.04411764705882353	35197507
heterografts	lipids/chemistry	0.014705882352941178	34919143
IL6	CCL5	0.1323529411764706	21566463
recombinant proteins/metabolism	stat3 transcription factor/metabolism	0.07352941176470588	31802182
tumor escape/immunology	cellular reprogramming/immunology	0.014705882352941178	39321806
tumor necrosis factor alpha-induced protein 3/metabolism	CD163	0.02941176470588235	30420335
protease inhibitors/pharmacology	macrophages/immunology	0.05882352941176471	31257391
IL6	ITGAM	0.1323529411764706	24021059
tumor escape/immunology	tumor microenvironment/immunology	0.10294117647058823	39321806
recombinant proteins/metabolism	cell proliferation	0.11764705882352942	31802182
glycyrrhizic acid/pharmacology	anti-inflammatory agents/pharmacology	0.014705882352941178	30755716
recombinant proteins/metabolism	adipocytes/immunology	0.014705882352941178	31802182
IL6	PIK3CB	0.24890254609306411	30563531
MRLN	colon/metabolism	0.058823529411764705	30755716
heterografts	metabolic networks and pathways	0.014705882352941178	34919143
mitogen-activated protein kinases/metabolism	amidines/administration &amp; dosage	0.014705882352941178	28609459
phagocytosis	interferon type i/metabolism	0.02941176470588235	39166450
protease inhibitors/pharmacology	plant extracts/pharmacology	0.014705882352941178	31257391
recombinant proteins/metabolism	ovary/pathology	0.014705882352941178	31802182
PRKAB1	RPL17-C18orf32	0.08823529411764705	34093872
PRKAB1	RPL17	0.08823529411764705	34093872
PRKAB1	MRLN	0.05882352941176471	34093872
MRLN	diet high-fat	0.16864873493495094	30755716
recombinant proteins/metabolism	tumor microenvironment/immunology	0.10294117647058823	31802182
PRKAB1	CTLA4	0.014705882352941178	34093872
tumor escape/immunology	neoplastic stem cells/immunology	0.014705882352941178	39321806
neoplasms/drug therapy	mitochondria/drug effects	0.058384547848990345	31509699
phagocytosis	tumor microenvironment/immunology	0.10294117647058823	39166450
neoplasms/drug therapy	pyruvate dehydrogenase acetyl-transferring kinase/antagonists &amp; inhibitors	0.029411764705882353	31509699
recombinant proteins/metabolism	disease progression	0.08823529411764705	31802182
protease inhibitors/pharmacology	tumor necrosis factor-alpha/metabolism	0.04411764705882353	31257391
mitogen-activated protein kinases/metabolism	inflammation mediators/metabolism	0.04411764705882353	28609459
protease inhibitors/pharmacology	digestion	0.014705882352941178	31257391
tumor necrosis factor alpha-induced protein 3/metabolism	TNF	0.08823529411764705	30420335
glycyrrhizic acid/pharmacology	CCL2	0.07352941176470588	30755716
glycyrrhizic acid/pharmacology	NFKB1	0.08823529411764705	30755716
tumor necrosis factor alpha-induced protein 3/metabolism	ESR1	0.014705882352941178	30420335
phagocytosis	heme/metabolism	0.014705882352941178	39166450
tumor escape/immunology	cd36 antigens/metabolism	0.10294117647058823	39321806
MRLN	macrophages/immunology	0.21980881278510775	31257391
protease inhibitors/pharmacology	cd36 antigens/metabolism	0.10294117647058823	31257391
neoplasms/drug therapy	cell line tumor	0.17822651448639157	33277233
neoplasms/drug therapy	cell line tumor	0.17822651448639157	31509699
phagocytosis	macrophages/immunology	0.05882352941176471	39166450
heterografts	disease progression	0.08823529411764705	34919143
protease inhibitors/pharmacology	rna messenger/metabolism	0.02941176470588235	31257391
MRLN	plant extracts/pharmacology	0.058823529411764705	31257391
recombinant proteins/metabolism	receptors interleukin-17/metabolism	0.014705882352941178	31802182
recombinant proteins/metabolism	cd36 antigens/metabolism	0.10294117647058823	31802182
protease inhibitors/pharmacology	gastrointestinal tract	0.014705882352941178	31257391
tumor necrosis factor alpha-induced protein 3/metabolism	TNFAIP3	0.014705882352941178	30420335
MRLN	neoplasm metastasis	0.2685707619860386	30755716
tumor necrosis factor alpha-induced protein 3/metabolism	IL17A	0.04411764705882353	30420335
mitogen-activated protein kinases/metabolism	cadherins/metabolism	0.014705882352941178	28609459
MRLN	tumor necrosis factor-alpha/metabolism	0.16864873493495094	31257391
MRLN	digestion	0.058823529411764705	31257391
recombinant proteins/metabolism	FABP4	0.014705882352941178	31802182
glycyrrhizic acid/pharmacology	IRF6	0.014705882352941178	30755716
glycyrrhizic acid/pharmacology	S100A8	0.02941176470588235	30755716
MRLN	anti-inflammatory agents/pharmacology	0.058823529411764705	30755716
MRLN	cd36 antigens/metabolism	0.3592035707926841	31257391
tumor escape/immunology	IL34	0.014705882352941178	39321806
neoplasms/drug therapy	ACSL4	0.029411764705882353	33277233
MRLN	rna messenger/metabolism	0.11501316944688324	31257391
heme oxygenase-1/metabolism	reactive oxygen species/metabolism	0.10294117647058823	33547170
heterografts	cell plasticity/genetics	0.014705882352941178	34919143
phagocytosis	cd36 antigens/metabolism	0.10294117647058823	39166450
neoplasms/drug therapy	GPX4	0.29938542581211586	33277233
recombinant proteins/metabolism	IL17RA	0.014705882352941178	31802182
mitogen-activated protein kinases/metabolism	lung neoplasms/metabolism	0.02941176470588235	28609459
neoplasms/drug therapy	ATL1	0.029411764705882353	33277233
MRLN	gastrointestinal tract	0.058823529411764705	31257391
glycyrrhizic acid/pharmacology	TNF	0.08823529411764705	30755716
neoplasms/drug therapy	ROS1	0.11501316944688324	31509699
heme oxygenase-1/metabolism	HMOX1	0.014705882352941178	33547170
neoplasms/drug therapy	S100A4	0.029411764705882353	33277233
calgranulin a/genetics	cell proliferation	0.11764705882352942	26208571
MRLN	CCL2	0.2685707619860386	30755716
MRLN	NFKB1	0.31501071360597266	30755716
proto-oncogene proteins c-akt/metabolism	interleukin-6/metabolism	0.04411764705882353	30563531
heme oxygenase-1/metabolism	TP53	0.07352941176470588	33547170
proto-oncogene proteins c-akt/metabolism	stat3 transcription factor/metabolism	0.07352941176470588	30563531
recombinant proteins/metabolism	IL17A	0.04411764705882353	31802182
neoplasms/drug therapy	CD8A	0.2230026338893767	33277233
calgranulin a/genetics	lung neoplasms/metabolism	0.02941176470588235	26208571
proto-oncogene proteins c-akt/metabolism	leptin/metabolism	0.014705882352941178	30563531
proto-oncogene proteins c-akt/metabolism	procollagen-lysine 2-oxoglutarate 5-dioxygenase/deficiency	0.014705882352941178	30563531
calgranulin a/genetics	calgranulin b/genetics	0.014705882352941178	26208571
protease inhibitors/pharmacology	TNF	0.08823529411764705	31257391
neoplasms/drug therapy	AIFM2	0.029411764705882353	33277233
fatty acid-binding proteins/metabolism	stat3 transcription factor/metabolism	0.07352941176470588	31802182
heterografts	IL1B	0.02941176470588235	34919143
proto-oncogene proteins c-akt/metabolism	breast neoplasms/pathology	0.014705882352941178	30563531
heme oxygenase-1/metabolism	ASAH2	0.014705882352941178	33547170
fatty acid-binding proteins/metabolism	cell proliferation	0.11764705882352942	31802182
fatty acid-binding proteins/metabolism	adipocytes/immunology	0.014705882352941178	31802182
proto-oncogene proteins c-akt/metabolism	adipocytes/metabolism	0.05882352941176471	30563531
proto-oncogene proteins c-akt/metabolism	3t3-l1 cells	0.014705882352941178	30563531
fatty acid-binding proteins/metabolism	ovary/pathology	0.014705882352941178	31802182
MRLN	IRF6	0.058823529411764705	30755716
MRLN	S100A8	0.11501316944688324	30755716
fatty acid-binding proteins/metabolism	tumor microenvironment/immunology	0.10294117647058823	31802182
proto-oncogene proteins c-akt/metabolism	cell movement	0.014705882352941178	30563531
mitogen-activated protein kinases/metabolism	immunocompetence	0.014705882352941178	28609459
ACSL4	GPX4	0.16176470588235295	33277233
proto-oncogene proteins c-akt/metabolism	neoplasm metastasis	0.07352941176470588	30563531
ACSL4	ATL1	0.014705882352941178	33277233
cathepsin k/metabolism	bone marrow/metabolism	0.014705882352941178	25802102
fatty acid-binding proteins/metabolism	disease progression	0.08823529411764705	31802182
ACSL4	S100A4	0.014705882352941178	33277233
calgranulin a/genetics	angiopoietin-2/genetics	0.014705882352941178	26208571
ACSL4	CD8A	0.11764705882352942	33277233
MRLN	TNF	0.03637100388636825	30755716
MRLN	TNF	0.03637100388636825	31257391
ASPG	NLRP1	0.014705882352941178	35778693
ACSL4	AIFM2	0.014705882352941178	33277233
CCK	TP53	0.20761832548487508	35778693
cathepsin k/metabolism	chemokine cxcl1/metabolism	0.014705882352941178	25802102
cathepsin k/metabolism	prostatic neoplasms/pathology	0.04411764705882353	25802102
CCK	SLC7A11	0.16864873493495092	35778693
mesenchymal stem cells/metabolism	brain neoplasms/pathology	0.014705882352941178	40287444
fatty acid-binding proteins/metabolism	receptors interleukin-17/metabolism	0.014705882352941178	31802182
calgranulin a/genetics	transforming growth factor beta/metabolism	0.02941176470588235	26208571
fatty acid-binding proteins/metabolism	cd36 antigens/metabolism	0.10294117647058823	31802182
proto-oncogene proteins c-akt/metabolism	PIK3CA	0.02941176470588235	30563531
proto-oncogene proteins c-akt/metabolism	PLOD2	0.014705882352941178	30563531
carcinoma hepatocellular/drug therapy	immunity innate	0.02941176470588235	31257391
CCK	GPX4	0.06584723441615453	35778693
CCK	GPX4	0.06584723441615453	34717678
inflammation mediators/metabolism	vascular endothelial growth factor a/genetics	0.044117647058823525	26208571
proto-oncogene proteins c-akt/metabolism	LEP	0.02941176470588235	30563531
inflammation mediators/metabolism	inflammation/genetics	0.044117647058823525	24156623
mitogen-activated protein kinases/metabolism	PIK3CA	0.02941176470588235	28609459
carcinoma hepatocellular/drug therapy	stem cell factor/metabolism	0.014705882352941178	31257391
fatty acid-binding proteins/metabolism	FABP4	0.014705882352941178	31802182
proto-oncogene proteins c-akt/metabolism	PIK3CD	0.02941176470588235	30563531
CCK	XK	0.044117647058823525	35778693
inflammation mediators/metabolism	calgranulin a/genetics	0.044117647058823525	26208571
cathepsin k/metabolism	adipocytes/metabolism	0.05882352941176471	25802102
proto-oncogene proteins c-akt/metabolism	PIK3CG	0.02941176470588235	30563531
CCK	NFE2L2	0.08691834942932399	34717678
fatty acid-binding proteins/metabolism	IL17RA	0.014705882352941178	31802182
cathepsin k/metabolism	obesity	0.014705882352941178	25802102
inflammation mediators/metabolism	cadherins/metabolism	0.044117647058823525	28609459
interleukins/metabolism	tumor escape/immunology	0.014705882352941178	39321806
proto-oncogene proteins c-akt/metabolism	AKT1	0.02941176470588235	30563531
lipids/chemistry	disease progression	0.08823529411764705	34919143
proto-oncogene proteins c-akt/metabolism	PIK3CB	0.02941176470588235	30563531
CCK	ASPG	0.044117647058823525	35778693
cathepsin k/metabolism	chemokine cxcl2/metabolism	0.014705882352941178	25802102
CCK	NLRP1	0.044117647058823525	35778693
interleukins/metabolism	liver neoplasms/immunology	0.014705882352941178	39321806
mitogen-activated protein kinases/metabolism	PIK3CD	0.02941176470588235	28609459
inflammation mediators/metabolism	cell proliferation	0.034639636044377045	26208571
inflammation mediators/metabolism	cell proliferation	0.034639636044377045	24156623
interleukins/metabolism	tumor-associated macrophages/immunology	0.02941176470588235	39321806
fatty acid-binding proteins/metabolism	IL17A	0.04411764705882353	31802182
cathepsin k/metabolism	bone marrow cells/metabolism	0.014705882352941178	25802102
mesenchymal stem cells/metabolism	CSF1	0.04411764705882353	40287444
inflammation mediators/metabolism	lung neoplasms/metabolism	0.0013169446883230904	26208571
inflammation mediators/metabolism	lung neoplasms/metabolism	0.0013169446883230904	28609459
cathepsin k/metabolism	bone neoplasms/secondary	0.014705882352941178	25802102
lipids/chemistry	cell plasticity/genetics	0.014705882352941178	34919143
cathepsin k/metabolism	cell differentiation	0.04411764705882353	25802102
vascular endothelial growth factor a/genetics	calgranulin a/genetics	0.014705882352941178	26208571
inflammation mediators/metabolism	hormones/blood	0.044117647058823525	24156623
mitogen-activated protein kinases/metabolism	PIK3CG	0.02941176470588235	28609459
inflammation mediators/metabolism	calgranulin b/genetics	0.044117647058823525	26208571
inflammation mediators/metabolism	sexual maturation	0.044117647058823525	24156623
mitogen-activated protein kinases/metabolism	AKT1	0.02941176470588235	28609459
cathepsin k/metabolism	osteolysis/pathology	0.014705882352941178	25802102
carcinoma hepatocellular/drug therapy	macrophages/immunology	0.05882352941176471	31257391
neoplasms/metabolism	fibroblasts/metabolism	0.014705882352941178	21566463
vascular endothelial growth factor a/genetics	cell proliferation	0.11764705882352942	26208571
mitogen-activated protein kinases/metabolism	PIK3CB	0.02941176470588235	28609459
inflammation mediators/metabolism	diet high-fat	0.12842206081890017	24156623
carcinoma hepatocellular/drug therapy	plant extracts/pharmacology	0.014705882352941178	31257391
vascular endothelial growth factor a/genetics	lung neoplasms/metabolism	0.02941176470588235	26208571
mesenchymal stem cells/metabolism	FTO	0.02941176470588235	40287444
neoplasms/metabolism	cytokines/biosynthesis	0.014705882352941178	21566463
lipids/chemistry	IL1B	0.02941176470588235	34919143
vascular endothelial growth factor a/genetics	calgranulin b/genetics	0.014705882352941178	26208571
neoplasms/metabolism	hypoxia	0.014705882352941178	21566463
inflammation mediators/metabolism	angiopoietin-2/genetics	0.044117647058823525	26208571
neoplasms/metabolism	cell communication	0.014705882352941178	21566463
interleukins/metabolism	cellular reprogramming/immunology	0.014705882352941178	39321806
mesenchymal stem cells/metabolism	YTHDF2	0.014705882352941178	40287444
neoplasms/metabolism	caveolin 1/deficiency	0.014705882352941178	21566463
interleukins/metabolism	tumor microenvironment/immunology	0.10294117647058823	39321806
carcinoma hepatocellular/drug therapy	tumor necrosis factor-alpha/metabolism	0.04411764705882353	31257391
carcinoma hepatocellular/drug therapy	digestion	0.014705882352941178	31257391
vascular endothelial growth factor a/genetics	angiopoietin-2/genetics	0.014705882352941178	26208571
inflammation mediators/metabolism	breast neoplasms/etiology	0.044117647058823525	24156623
inflammation mediators/metabolism	transforming growth factor beta/metabolism	0.08691834942932399	26208571
cathepsin k/metabolism	CBX8	0.014705882352941178	25802102
vascular endothelial growth factor a/genetics	transforming growth factor beta/metabolism	0.02941176470588235	26208571
tumor-associated macrophages/immunology	lipids/chemistry	0.029411764705882353	34919143
cathepsin k/metabolism	ACTR1B	0.014705882352941178	25802102
cathepsin k/metabolism	BTG2	0.014705882352941178	25802102
carcinoma hepatocellular/drug therapy	cd36 antigens/metabolism	0.10294117647058823	31257391
carcinoma hepatocellular/drug therapy	rna messenger/metabolism	0.02941176470588235	31257391
calgranulin a/genetics	ANGPT2	0.014705882352941178	26208571
neoplasms/metabolism	NFKB1	0.08823529411764705	21566463
janus kinases/metabolism	proto-oncogene proteins c-akt/metabolism	0.014705882352941178	30563531
cathepsin k/metabolism	PCSK1	0.014705882352941178	25802102
tumor-associated macrophages/immunology	metabolic networks and pathways	0.029411764705882353	34919143
interleukin-6/metabolism	stat3 transcription factor/metabolism	0.0001995370739883471	24021059
interleukin-6/metabolism	stat3 transcription factor/metabolism	0.0001995370739883471	27756885
interleukin-6/metabolism	stat3 transcription factor/metabolism	0.0001995370739883471	30563531
carcinoma hepatocellular/drug therapy	gastrointestinal tract	0.014705882352941178	31257391
inflammation mediators/metabolism	immunocompetence	0.044117647058823525	28609459
interleukins/metabolism	neoplastic stem cells/immunology	0.014705882352941178	39321806
interleukin-6/metabolism	inflammation/immunology	0.044117647058823525	27756885
cathepsin k/metabolism	CXCR2	0.014705882352941178	25802102
interleukin-6/metabolism	myeloid cells/immunology	0.044117647058823525	24021059
CCK	bone neoplasms/pathology	0.044117647058823525	38221626
neoplasms/metabolism	CSF2	0.014705882352941178	21566463
interleukin-6/metabolism	macrophage colony-stimulating factor/antagonists &amp; inhibitors	0.044117647058823525	27756885
calgranulin a/genetics	S100A8	0.02941176470588235	26208571
neoplasms/metabolism	CXCL8	0.02941176470588235	21566463
calgranulin a/genetics	S100A9	0.014705882352941178	26208571
interleukin-6/metabolism	leptin/metabolism	0.044117647058823525	30563531
neoplasms/metabolism	CAV1	0.014705882352941178	21566463
cathepsin k/metabolism	KRT6A	0.014705882352941178	25802102
tumor-associated macrophages/immunology	cellular reprogramming/immunology	0.029411764705882353	39321806
interleukin-6/metabolism	procollagen-lysine 2-oxoglutarate 5-dioxygenase/deficiency	0.044117647058823525	30563531
janus kinases/metabolism	interleukin-6/metabolism	0.04411764705882353	30563531
MTOR	BTRC	0.014705882352941178	34093872
interleukin-6/metabolism	tumor microenvironment/immunology	0.281866070715939	24021059
cathepsin k/metabolism	CXCL1	0.014705882352941178	25802102
janus kinases/metabolism	stat3 transcription factor/metabolism	0.07352941176470588	30563531
MTOR	PRKAA2	0.014705882352941178	34093872
tumor-associated macrophages/immunology	tumor microenvironment/immunology	0.19666374012291488	39321806
interleukin-6/metabolism	breast neoplasms/pathology	0.044117647058823525	30563531
MTOR	CD274	0.05882352941176471	34093872
interleukin-6/metabolism	mesenchymal stem cells/immunology	0.044117647058823525	27756885
vascular endothelial growth factor a/genetics	ANGPT2	0.014705882352941178	26208571
interleukins/metabolism	cd36 antigens/metabolism	0.10294117647058823	39321806
interleukin-6/metabolism	breast neoplasms/immunology	0.044117647058823525	24021059
MTOR	NFE2L2	0.02941176470588235	34093872
neoplasms/metabolism	IL10	0.05882352941176471	21566463
inflammation mediators/metabolism	HGF	0.08691834942932399	24156623
interleukin-6/metabolism	adipocytes/metabolism	0.16864873493495092	30563531
MTOR	CD8A	0.11764705882352942	34093872
tumor-associated macrophages/immunology	disease progression	0.16988586479367865	34919143
CCK	obesity/pathology	0.044117647058823525	38221626
cathepsin k/metabolism	CXCL2	0.014705882352941178	25802102
vascular endothelial growth factor a/genetics	S100A8	0.02941176470588235	26208571
interleukin-6/metabolism	3t3-l1 cells	0.044117647058823525	30563531
inflammation mediators/metabolism	NFKB1	0.24535078617607156	24156623
vascular endothelial growth factor a/genetics	S100A9	0.014705882352941178	26208571
neoplasms/metabolism	CCL5	0.014705882352941178	21566463
MTOR	PRKAB1	0.014705882352941178	34093872
MTOR	RPL17-C18orf32	0.08823529411764705	34093872
MTOR	RPL17	0.08823529411764705	34093872
interleukin-6/metabolism	cell movement	0.044117647058823525	30563531
MTOR	MRLN	0.05882352941176471	34093872
janus kinases/metabolism	leptin/metabolism	0.014705882352941178	30563531
interleukin-6/metabolism	neoplasm metastasis	0.01277037273525421	24021059
interleukin-6/metabolism	neoplasm metastasis	0.01277037273525421	30563531
MTOR	CTLA4	0.014705882352941178	34093872
nf-kappa b/metabolism	calgranulin a/metabolism	0.029411764705882353	30755716
interleukin-6/metabolism	neoplasm invasiveness	0.044117647058823525	27756885
janus kinases/metabolism	procollagen-lysine 2-oxoglutarate 5-dioxygenase/deficiency	0.014705882352941178	30563531
inflammation mediators/metabolism	PIK3CA	0.08691834942932399	28609459
hep g2 cells	autophagy	0.02941176470588235	33346004
nf-kappa b/metabolism	caco-2 cells	0.029411764705882353	32353824
nf-kappa b/metabolism	colonic neoplasms/microbiology	0.029411764705882353	32353824
tumor-associated macrophages/immunology	neoplastic stem cells/immunology	0.029411764705882353	39321806
CCK	prostatic neoplasms/pathology	0.12842206081890017	38221626
pten phosphohydrolase/deficiency	breast neoplasms/metabolism	0.04411764705882353	29777149
interleukin-6/metabolism	paracrine communication	0.08691834942932399	27756885
janus kinases/metabolism	breast neoplasms/pathology	0.014705882352941178	30563531
inflammation mediators/metabolism	ANGPT2	0.044117647058823525	26208571
nf-kappa b/metabolism	colon/metabolism	0.029411764705882353	30755716
interleukin-6/metabolism	EEF1A2	0.044117647058823525	27756885
carcinoma hepatocellular/drug therapy	TNF	0.08823529411764705	31257391
hep g2 cells	growth differentiation factor 15/genetics	0.014705882352941178	33346004
janus kinases/metabolism	adipocytes/metabolism	0.05882352941176471	30563531
tumor-associated macrophages/immunology	cell plasticity/genetics	0.029411764705882353	34919143
nf-kappa b/metabolism	diet high-fat	0.0013169446883230904	32353824
nf-kappa b/metabolism	diet high-fat	0.0013169446883230904	30755716
hep g2 cells	hepatic stellate cells/metabolism	0.02941176470588235	33346004
inflammation mediators/metabolism	S100A8	0.08691834942932399	26208571
janus kinases/metabolism	3t3-l1 cells	0.014705882352941178	30563531
inflammation mediators/metabolism	S100A9	0.044117647058823525	26208571
interleukin-6/metabolism	PIK3CA	0.08691834942932399	30563531
tumor-associated macrophages/immunology	cd36 antigens/metabolism	0.19666374012291488	39321806
interleukin-6/metabolism	PLOD2	0.044117647058823525	30563531
inflammation mediators/metabolism	PIK3CD	0.08691834942932399	28609459
pten phosphohydrolase/deficiency	docosahexaenoic acids/analysis	0.014705882352941178	29777149
antigens cd/metabolism	estrogen receptor alpha/genetics	0.014705882352941178	30420335
nf-kappa b/metabolism	ht29 cells	0.029411764705882353	32353824
interleukin-6/metabolism	LEP	0.08691834942932399	30563531
inflammation mediators/metabolism	TNFSF11	0.044117647058823525	24156623
interleukin-6/metabolism	CSF1	0.12842206081890017	27756885
janus kinases/metabolism	cell movement	0.014705882352941178	30563531
antigens cd/metabolism	hek293 cells	0.014705882352941178	30420335
ovary/pathology	tumor microenvironment/immunology	0.10294117647058823	31802182
janus kinases/metabolism	neoplasm metastasis	0.07352941176470588	30563531
pten phosphohydrolase/deficiency	tumor suppressor protein p53/deficiency	0.014705882352941178	29777149
nf-kappa b/metabolism	neoplasm metastasis	0.14266900790166812	30755716
pten phosphohydrolase/deficiency	disease progression	0.08823529411764705	29777149
CCK	bone marrow/pathology	0.044117647058823525	38221626
interleukin-6/metabolism	PIK3CD	0.08691834942932399	30563531
extracellular matrix/metabolism	epithelial cells/metabolism	0.014705882352941178	32359100
inflammation mediators/metabolism	PIK3CG	0.08691834942932399	28609459
hep g2 cells	cell proliferation	0.11764705882352942	33346004
CCK	adipocytes/metabolism	0.16864873493495092	38221626
nf-kappa b/metabolism	tumor microenvironment/physiology	0.08691834942932399	32353824
chemokine cxcl13/metabolism	interleukin-10/metabolism	0.014705882352941178	39753138
hep g2 cells	carcinoma hepatocellular/genetics	0.02941176470588235	33346004
extracellular matrix/metabolism	stem cells/metabolism	0.014705882352941178	32359100
nf-kappa b/metabolism	anti-inflammatory agents/pharmacology	0.029411764705882353	30755716
interleukins/metabolism	IL34	0.014705882352941178	39321806
interleukin-6/metabolism	PIK3CG	0.08691834942932399	30563531
inflammation mediators/metabolism	AKT1	0.08691834942932399	28609459
ovary/pathology	disease progression	0.08823529411764705	31802182
interleukin-6/metabolism	AKT1	0.08691834942932399	30563531
inflammation mediators/metabolism	PIK3CB	0.08691834942932399	28609459
interleukin-6/metabolism	ITGAM	0.044117647058823525	24021059
tumor-associated macrophages/immunology	IL1B	0.058384547848990345	34919143
interleukin-6/metabolism	PIK3CB	0.08691834942932399	30563531
lymphangiogenesis	leptin/physiology	0.014705882352941178	24844408
caco-2 cells	colonic neoplasms/microbiology	0.014705882352941178	32353824
chemokine cxcl13/metabolism	t-lymphocytes regulatory/immunology	0.014705882352941178	39753138
nf-kappa b/metabolism	CCL2	0.14266900790166812	30755716
antigens cd/metabolism	CD163	0.02941176470588235	30420335
nf-kappa b/metabolism	NFKB1	0.006584723441615452	32353824
nf-kappa b/metabolism	NFKB1	0.006584723441615452	30755716
nf-kappa b/metabolism	APC	0.029411764705882353	32353824
receptors cell surface/metabolism	antigens differentiation myelomonocytic/metabolism	0.014705882352941178	30420335
chemokine cxcl13/metabolism	immunity innate	0.02941176470588235	39753138
extracellular matrix/metabolism	transforming growth factor beta1/metabolism	0.05882352941176471	32359100
antigens cd/metabolism	TNF	0.08823529411764705	30420335
antigens cd/metabolism	ESR1	0.014705882352941178	30420335
caco-2 cells	diet high-fat	0.04411764705882353	32353824
CCK	chemokine ccl2/genetics	0.044117647058823525	38221626
receptors cell surface/metabolism	cell communication/drug effects	0.014705882352941178	30420335
lymphangiogenesis	rna messenger/genetics	0.014705882352941178	24844408
antigens cd/metabolism	TNFAIP3	0.014705882352941178	30420335
chemokine cxcl13/metabolism	b-lymphocytes/immunology	0.014705882352941178	39753138
antigens cd/metabolism	IL17A	0.04411764705882353	30420335
CCK	kruppel-like transcription factors/genetics	0.08691834942932399	38221626
nf-kappa b/metabolism	IRF6	0.029411764705882353	30755716
nf-kappa b/metabolism	S100A8	0.058384547848990345	30755716
janus kinases/metabolism	PIK3CA	0.02941176470588235	30563531
CCK	palmitic acid/pharmacology	0.044117647058823525	38221626
caco-2 cells	ht29 cells	0.014705882352941178	32353824
diterpenes	hepatitis a virus cellular receptor 2/metabolism	0.014705882352941178	35238098
janus kinases/metabolism	PLOD2	0.014705882352941178	30563531
chemokine cxcl13/metabolism	extracellular traps/immunology	0.014705882352941178	39753138
nf-kappa b/metabolism	TNF	0.16988586479367865	30755716
extracellular matrix/metabolism	mammary glands human/metabolism	0.014705882352941178	32359100
pten phosphohydrolase/deficiency	PTEN	0.014705882352941178	29777149
receptors cell surface/metabolism	tumor necrosis factor alpha-induced protein 3/metabolism	0.014705882352941178	30420335
tumor-associated macrophages/immunology	IL34	0.029411764705882353	39321806
diterpenes	colorectal neoplasms/drug therapy	0.014705882352941178	35238098
nf-kappa b/metabolism	IL22	0.029411764705882353	32353824
lymphangiogenesis	cell proliferation	0.11764705882352942	24844408
caco-2 cells	tumor microenvironment/physiology	0.04411764705882353	32353824
janus kinases/metabolism	LEP	0.02941176470588235	30563531
receptors cell surface/metabolism	endometrial neoplasms/genetics	0.014705882352941178	30420335
nf-kappa b/metabolism	IL17A	0.08691834942932399	32353824
ovary/pathology	receptors interleukin-17/metabolism	0.014705882352941178	31802182
osteopontin/metabolism	tumor microenvironment/immunology	0.10294117647058823	39178310
lymphangiogenesis	neovascularization pathologic	0.014705882352941178	24844408
diet high-fat	IRF6	0.044117647058823525	30755716
diterpenes	tumor necrosis factor-alpha/metabolism	0.04411764705882353	35238098
ovary/pathology	cd36 antigens/metabolism	0.10294117647058823	31802182
diet high-fat	S100A8	0.08691834942932399	30755716
hep g2 cells	autophagy-related protein 7/genetics	0.014705882352941178	33346004
extracellular matrix/metabolism	diet high-fat/adverse effects	0.04411764705882353	32359100
janus kinases/metabolism	PIK3CD	0.02941176470588235	30563531
chemokine cxcl13/metabolism	ovarian neoplasms/pathology	0.014705882352941178	39753138
caco-2 cells	NFKB1	0.08823529411764705	32353824
diterpenes	cell differentiation	0.04411764705882353	35238098
thyroid cancer papillary/immunology	osteopontin/metabolism	0.014705882352941178	39178310
caco-2 cells	APC	0.014705882352941178	32353824
hep g2 cells	paracrine communication	0.02941176470588235	33346004
osteopontin/metabolism	disease progression	0.08823529411764705	39178310
diet high-fat	TNFSF11	0.044117647058823525	24156623
diterpenes	cd8-positive t-lymphocytes	0.014705882352941178	35238098
CCK	CCL2	0.20761832548487508	38221626
diet high-fat	TNF	0.24535078617607156	30755716
diterpenes	ARHGEF5	0.014705882352941178	35238098
receptors cell surface/metabolism	antigens cd/metabolism	0.014705882352941178	30420335
lymphangiogenesis	obesity/etiology	0.014705882352941178	24844408
receptors cell surface/metabolism	estradiol/pharmacology	0.014705882352941178	30420335
integrin alphavbeta3/metabolism	cell proliferation	0.11764705882352942	34958892
janus kinases/metabolism	PIK3CG	0.02941176470588235	30563531
thyroid cancer papillary/immunology	tumor microenvironment/immunology	0.10294117647058823	39178310
diterpenes	CCL2	0.07352941176470588	35238098
diterpenes	TPI1	0.014705882352941178	35238098
CCK	FFAR1	0.044117647058823525	38221626
extracellular matrix/metabolism	tumor microenvironment/physiology	0.04411764705882353	32359100
osteopontin/metabolism	macrophages/immunology	0.05882352941176471	39178310
thyroid cancer papillary/immunology	disease progression	0.08823529411764705	39178310
diet high-fat	IL22	0.044117647058823525	32353824
lymphangiogenesis	adipocytes/metabolism	0.05882352941176471	24844408
janus kinases/metabolism	AKT1	0.02941176470588235	30563531
thyroid cancer papillary/immunology	macrophages/immunology	0.05882352941176471	39178310
integrin alphavbeta3/metabolism	transforming growth factor beta1/metabolism	0.05882352941176471	34958892
hep g2 cells	GDF15	0.014705882352941178	33346004
diterpenes	CCR2	0.02941176470588235	35238098
janus kinases/metabolism	PIK3CB	0.02941176470588235	30563531
diet high-fat	IL17A	0.12842206081890017	32353824
calgranulin a/metabolism	colon/metabolism	0.014705882352941178	30755716
diterpenes	HAVCR2	0.014705882352941178	35238098
thyroid cancer papillary/immunology	neoplasm recurrence local/immunology	0.014705882352941178	39178310
integrin alphavbeta3/metabolism	disease progression	0.08823529411764705	34958892
cadherins/genetics	glioblastoma/pathology	0.014705882352941178	35720420
diterpenes	HNF4A	0.014705882352941178	35238098
lymphangiogenesis	diet high-fat/adverse effects	0.04411764705882353	24844408
caco-2 cells	IL22	0.014705882352941178	32353824
diterpenes	TCF7	0.014705882352941178	35238098
ovary/pathology	FABP4	0.014705882352941178	31802182
osteopontin/metabolism	neoplasm recurrence local/immunology	0.014705882352941178	39178310
chemokine cxcl13/metabolism	peritoneal neoplasms/secondary	0.014705882352941178	39753138
caco-2 cells	IL17A	0.04411764705882353	32353824
calgranulin a/metabolism	diet high-fat	0.04411764705882353	30755716
lymphangiogenesis	tumor cells cultured	0.014705882352941178	24844408
thyroid cancer papillary/immunology	cd36 antigens/metabolism	0.10294117647058823	39178310
non-alcoholic fatty liver disease/genetics	hep g2 cells	0.029411764705882353	33346004
diterpenes	TNF	0.08823529411764705	35238098
CCK	KLF7	0.044117647058823525	38221626
non-alcoholic fatty liver disease/genetics	autophagy	0.058384547848990345	33346004
extracellular matrix/metabolism	DCN	0.014705882352941178	32359100
diterpenes	HNF1A	0.014705882352941178	35238098
hep g2 cells	ATG7	0.014705882352941178	33346004
diterpenes	TIMELESS	0.014705882352941178	35238098
thyroid cancer papillary/immunology	F9	0.014705882352941178	39178310
chemokine cxcl13/metabolism	protein tyrosine phosphatase non-receptor type 6/metabolism	0.014705882352941178	39753138
diterpenes	HAVCR1	0.014705882352941178	35238098
colonic neoplasms/microbiology	diet high-fat	0.04411764705882353	32353824
lymphangiogenesis	receptor melanocortin type 4/physiology	0.014705882352941178	24844408
chemokine cxcl13/metabolism	omentum/immunology	0.014705882352941178	39753138
thyroid cancer papillary/immunology	SPP1	0.014705882352941178	39178310
thyroid cancer papillary/immunology	CCDC6	0.014705882352941178	39178310
lymphangiogenesis	apoptosis	0.014705882352941178	24844408
thyroid cancer papillary/immunology	DUSP2	0.014705882352941178	39178310
lymphangiogenesis	lymphatic metastasis	0.014705882352941178	24844408
non-alcoholic fatty liver disease/genetics	growth differentiation factor 15/genetics	0.029411764705882353	33346004
ovary/pathology	IL17RA	0.014705882352941178	31802182
colonic neoplasms/microbiology	ht29 cells	0.014705882352941178	32353824
osteopontin/metabolism	cd36 antigens/metabolism	0.10294117647058823	39178310
thyroid cancer papillary/immunology	ZCCHC12	0.014705882352941178	39178310
non-alcoholic fatty liver disease/genetics	hepatic stellate cells/metabolism	0.058384547848990345	33346004
calgranulin a/metabolism	neoplasm metastasis	0.07352941176470588	30755716
thyroid cancer papillary/immunology	PTCH1	0.014705882352941178	39178310
non-alcoholic fatty liver disease/genetics	lipid metabolism/physiology	0.029411764705882353	37108378
receptors cell surface/metabolism	estrogen receptor alpha/genetics	0.014705882352941178	30420335
thyroid cancer papillary/immunology	RET	0.014705882352941178	39178310
lymphangiogenesis	CCL2	0.07352941176470588	24844408
colonic neoplasms/microbiology	tumor microenvironment/physiology	0.04411764705882353	32353824
integrin alphavbeta3/metabolism	THBS2	0.014705882352941178	34958892
lymphangiogenesis	CCR7	0.014705882352941178	24844408
chemokine cxcl13/metabolism	CXCL13	0.014705882352941178	39753138
calgranulin a/metabolism	anti-inflammatory agents/pharmacology	0.014705882352941178	30755716
receptors cell surface/metabolism	hek293 cells	0.014705882352941178	30420335
lymphangiogenesis	CCL21	0.014705882352941178	24844408
non-alcoholic fatty liver disease/genetics	stat3 transcription factor/metabolism	0.14266900790166812	37108378
lymphangiogenesis	FLT4	0.014705882352941178	24844408
integrin alphavbeta3/metabolism	MAPK8	0.02941176470588235	34958892
CCK	MSMP	0.044117647058823525	38221626
estradiol/pharmacology	estrogen receptor alpha/genetics	0.014705882352941178	30420335
integrin alphavbeta3/metabolism	MAP2K7	0.014705882352941178	34958892
lymphangiogenesis	KDR	0.014705882352941178	24844408
thyroid cancer papillary/immunology	TAS2R38	0.014705882352941178	39178310
neoplasm recurrence local	hydroxymethylglutaryl-coa reductase inhibitors/pharmacology	0.014705882352941178	27756885
osteopontin/metabolism	F9	0.014705882352941178	39178310
non-alcoholic fatty liver disease/genetics	perilipin-5/genetics	0.029411764705882353	37108378
cadherins/genetics	SERPINE1	0.014705882352941178	35720420
non-alcoholic fatty liver disease/genetics	cell proliferation	0.2230026338893767	33346004
estradiol/pharmacology	hek293 cells	0.014705882352941178	30420335
colonic neoplasms/microbiology	NFKB1	0.08823529411764705	32353824
non-alcoholic fatty liver disease/genetics	carcinoma hepatocellular/genetics	0.0004389815627743635	37108378
non-alcoholic fatty liver disease/genetics	carcinoma hepatocellular/genetics	0.0004389815627743635	33346004
colonic neoplasms/microbiology	APC	0.014705882352941178	32353824
carcinoma renal cell/blood	cytokines/blood	0.04411764705882353	27044818
lymphangiogenesis	CCL19	0.014705882352941178	24844408
non-alcoholic fatty liver disease/genetics	interleukin-6/genetics	0.029411764705882353	37108378
breast neoplasms/metabolism	extracellular matrix/metabolism	0.044117647058823525	32359100
calgranulin a/metabolism	CCL2	0.07352941176470588	30755716
osteopontin/metabolism	SPP1	0.014705882352941178	39178310
TGFB1	HLF	0.10294117647058823	34991659
lymphangiogenesis	CSF1	0.04411764705882353	24844408
calgranulin a/metabolism	NFKB1	0.08823529411764705	30755716
breast neoplasms/metabolism	adiponectin/blood	0.044117647058823525	32472095
osteopontin/metabolism	CCDC6	0.014705882352941178	39178310
TGFB1	CD36	0.7272809340394799	34958892
chemokine cxcl13/metabolism	PTPN6	0.014705882352941178	39753138
non-alcoholic fatty liver disease/genetics	lipids	0.029411764705882353	37108378
neoplasm recurrence local	breast neoplasms/drug therapy	0.014705882352941178	27756885
TGFB1	STAT3	0.4927028268775416	34991659
ovary/pathology	IL17A	0.04411764705882353	31802182
chemokine cxcl13/metabolism	IL10	0.05882352941176471	39753138
estradiol/pharmacology	CD163	0.02941176470588235	30420335
breast neoplasms/metabolism	epithelial cells/metabolism	0.044117647058823525	32359100
neoplasm recurrence local	interleukin-6/metabolism	0.04411764705882353	27756885
breast neoplasms/metabolism	stem cells/metabolism	0.044117647058823525	32359100
phosphate-binding proteins/metabolism	cellular senescence	0.014705882352941178	35749514
neoplasm recurrence local	stat3 transcription factor/metabolism	0.07352941176470588	27756885
osteopontin/metabolism	DUSP2	0.014705882352941178	39178310
carcinoma renal cell/blood	nih 3t3 cells	0.014705882352941178	27044818
breast neoplasms/metabolism	docosahexaenoic acids/analysis	0.044117647058823525	29777149
neoplasm recurrence local	inflammation/immunology	0.014705882352941178	27756885
colonic neoplasms/microbiology	IL22	0.014705882352941178	32353824
carcinoma renal cell/blood	angiogenesis inducing agents/metabolism	0.014705882352941178	27044818
receptors cell surface/metabolism	CD163	0.02941176470588235	30420335
estradiol/pharmacology	TNF	0.08823529411764705	30420335
TGFB1	SMAD3	0.10294117647058823	34991659
estradiol/pharmacology	ESR1	0.014705882352941178	30420335
breast neoplasms/metabolism	transforming growth factor beta1/metabolism	0.16864873493495092	32359100
colonic neoplasms/microbiology	IL17A	0.04411764705882353	32353824
carcinoma renal cell/blood	anti-inflammatory agents/metabolism	0.014705882352941178	27044818
neoplasm recurrence local	macrophage colony-stimulating factor/antagonists &amp; inhibitors	0.014705882352941178	27756885
osteopontin/metabolism	ZCCHC12	0.014705882352941178	39178310
breast neoplasms/metabolism	tumor suppressor protein p53/deficiency	0.044117647058823525	29777149
estradiol/pharmacology	TNFAIP3	0.014705882352941178	30420335
breast neoplasms/metabolism	disease progression	0.24535078617607156	29777149
estradiol/pharmacology	IL17A	0.04411764705882353	30420335
breast neoplasms/metabolism	hepatocyte growth factor/blood	0.044117647058823525	32472095
cadherins/genetics	PDCD1LG2	0.014705882352941178	35720420
carcinoma renal cell/blood	cell polarity	0.014705882352941178	27044818
carcinoma renal cell/blood	neoplasm metastasis	0.07352941176470588	27044818
lung neoplasms/metabolism	calgranulin b/genetics	0.029411764705882353	26208571
breast neoplasms/metabolism	mammary glands human/metabolism	0.044117647058823525	32359100
calgranulin a/metabolism	IRF6	0.014705882352941178	30755716
calgranulin a/metabolism	S100A8	0.02941176470588235	30755716
receptors cell surface/metabolism	TNF	0.08823529411764705	30420335
cadherins/genetics	FAT1	0.014705882352941178	35720420
osteopontin/metabolism	PTCH1	0.014705882352941178	39178310
receptors cell surface/metabolism	ESR1	0.014705882352941178	30420335
TGFB1	CD274	0.3592035707926841	35720420
amidines/administration &amp; dosage	inflammation mediators/metabolism	0.04411764705882353	28609459
TGFB1	JAK2	0.10294117647058823	34991659
osteopontin/metabolism	RET	0.014705882352941178	39178310
breast neoplasms/metabolism	diet high-fat/adverse effects	0.12842206081890017	32359100
cachexia/immunology	stat3 transcription factor/immunology	0.014705882352941178	32344015
phosphate-binding proteins/metabolism	obesity/complications	0.014705882352941178	35749514
lung neoplasms/metabolism	angiopoietin-2/genetics	0.029411764705882353	26208571
TGFB1	IL6	0.6480977964868403	34991659
breast neoplasms/metabolism	tumor microenvironment/physiology	0.12842206081890017	32359100
calgranulin a/metabolism	TNF	0.08823529411764705	30755716
cachexia/immunology	macrophages/immunology	0.05882352941176471	32344015
neoplasm recurrence local	mesenchymal stem cells/immunology	0.014705882352941178	27756885
receptors cell surface/metabolism	TNFAIP3	0.014705882352941178	30420335
liver neoplasms/immunology	tumor-associated macrophages/immunology	0.02941176470588235	39321806
lung neoplasms/metabolism	transforming growth factor beta/metabolism	0.058384547848990345	26208571
carcinoma renal cell/blood	IL4	0.014705882352941178	27044818
receptors cell surface/metabolism	IL17A	0.04411764705882353	30420335
non-alcoholic fatty liver disease/genetics	autophagy-related protein 7/genetics	0.029411764705882353	33346004
bone and bones/pathology	osteoclasts/cytology	0.014705882352941178	25802102
carcinoma renal cell/blood	ARG1	0.014705882352941178	27044818
bone and bones/pathology	cathepsin k/metabolism	0.014705882352941178	25802102
breast neoplasms/metabolism	DCN	0.044117647058823525	32359100
non-alcoholic fatty liver disease/genetics	paracrine communication	0.058384547848990345	33346004
cachexia/immunology	muscle fibers skeletal/drug effects	0.014705882352941178	32344015
lung neoplasms/metabolism	immunocompetence	0.029411764705882353	28609459
breast neoplasms/metabolism	HGF	0.08691834942932399	32472095
TGFB1	GGT1	0.10294117647058823	34991659
carcinoma renal cell/blood	IL13	0.014705882352941178	27044818
hydroxymethylglutaryl-coa reductase inhibitors/pharmacology	breast neoplasms/drug therapy	0.014705882352941178	27756885
stat3 transcription factor/immunology	macrophages/immunology	0.05882352941176471	32344015
breast neoplasms/metabolism	NFKB1	0.24535078617607156	32472095
amidines/administration &amp; dosage	cadherins/metabolism	0.014705882352941178	28609459
hydroxymethylglutaryl-coa reductase inhibitors/pharmacology	interleukin-6/metabolism	0.04411764705882353	27756885
carcinoma renal cell/blood	CD209	0.014705882352941178	27044818
hydroxymethylglutaryl-coa reductase inhibitors/pharmacology	stat3 transcription factor/metabolism	0.07352941176470588	27756885
cytokines/blood	pancreatic neoplasms/immunology	0.044117647058823525	32344015
breast neoplasms/metabolism	EGF	0.044117647058823525	32472095
hydroxymethylglutaryl-coa reductase inhibitors/pharmacology	inflammation/immunology	0.014705882352941178	27756885
TGFB1	obesity/metabolism	0.19666374012291485	32359100
cytokines/blood	cachexia/immunology	0.044117647058823525	32344015
TGFB1	carcinoma pancreatic ductal/genetics	0.19666374012291485	34958892
TGFB1	mammary glands animal/metabolism	0.10294117647058823	32359100
breast neoplasms/metabolism	LEP	0.08691834942932399	32472095
neoplasm recurrence local	neoplasm invasiveness	0.014705882352941178	27756885
osteopontin/metabolism	TAS2R38	0.014705882352941178	39178310
carcinoma renal cell/blood	IL10	0.05882352941176471	27044818
phosphate-binding proteins/metabolism	interleukin-33/metabolism	0.014705882352941178	35749514
hydroxymethylglutaryl-coa reductase inhibitors/pharmacology	macrophage colony-stimulating factor/antagonists &amp; inhibitors	0.014705882352941178	27756885
non-alcoholic fatty liver disease/genetics	GDF15	0.029411764705882353	33346004
lung neoplasms/metabolism	PIK3CA	0.058384547848990345	28609459
stat3 transcription factor/immunology	muscle fibers skeletal/drug effects	0.014705882352941178	32344015
breast neoplasms/metabolism	JUN	0.044117647058823525	32472095
carcinoma renal cell/blood	MRC1	0.02941176470588235	27044818
breast neoplasms/metabolism	PTEN	0.044117647058823525	29777149
amidines/administration &amp; dosage	lung neoplasms/metabolism	0.02941176470588235	28609459
breast neoplasms/metabolism	MAPK8	0.08691834942932399	32472095
lung neoplasms/metabolism	ANGPT2	0.029411764705882353	26208571
breast neoplasms/metabolism	ADIPOQ	0.044117647058823525	32472095
TGFB1	capillary permeability	0.10294117647058823	26208571
non-alcoholic fatty liver disease/genetics	PLIN1	0.029411764705882353	37108378
bone and bones/pathology	bone marrow/metabolism	0.014705882352941178	25802102
tumor-associated macrophages/metabolism	neoplasms/pathology	0.014705882352941178	39546763
cachexia/immunology	CD163	0.02941176470588235	32344015
lung neoplasms/metabolism	S100A8	0.058384547848990345	26208571
neoplasm recurrence local	paracrine communication	0.02941176470588235	27756885
lung neoplasms/metabolism	S100A9	0.029411764705882353	26208571
liver neoplasms/immunology	cellular reprogramming/immunology	0.014705882352941178	39321806
lung neoplasms/metabolism	PIK3CD	0.058384547848990345	28609459
colorectal neoplasms/drug therapy	tumor necrosis factor-alpha/metabolism	0.04411764705882353	35238098
liver neoplasms/immunology	tumor microenvironment/immunology	0.10294117647058823	39321806
hydroxymethylglutaryl-coa reductase inhibitors/pharmacology	mesenchymal stem cells/immunology	0.014705882352941178	27756885
bone and bones/pathology	chemokine cxcl1/metabolism	0.014705882352941178	25802102
non-alcoholic fatty liver disease/genetics	ATG7	0.029411764705882353	33346004
neoplasm recurrence local	EEF1A2	0.014705882352941178	27756885
lung neoplasms/metabolism	PIK3CG	0.058384547848990345	28609459
bone and bones/pathology	prostatic neoplasms/pathology	0.04411764705882353	25802102
cytokines/blood	stat3 transcription factor/immunology	0.044117647058823525	32344015
non-alcoholic fatty liver disease/genetics	IL6R	0.029411764705882353	37108378
tumor-associated macrophages/metabolism	interferon type i/metabolism	0.02941176470588235	39546763
lung neoplasms/metabolism	AKT1	0.058384547848990345	28609459
phosphate-binding proteins/metabolism	SULT2A1	0.014705882352941178	35749514
lipocalin-2/genetics	inflammation mediators/blood	0.014705882352941178	28249896
lung neoplasms/metabolism	PIK3CB	0.058384547848990345	28609459
tumor-associated macrophages/metabolism	tumor microenvironment/immunology	0.10294117647058823	39546763
stat3 transcription factor/metabolism	inflammation/immunology	0.07352941176470588	27756885
stat3 transcription factor/metabolism	myeloid cells/immunology	0.07352941176470588	24021059
non-alcoholic fatty liver disease/genetics	PLIN5	0.029411764705882353	37108378
colorectal neoplasms/drug therapy	cell differentiation	0.04411764705882353	35238098
stat3 transcription factor/metabolism	perilipin-5/genetics	0.07352941176470588	37108378
stat3 transcription factor/metabolism	cell proliferation	0.47607013267680504	31802182
tumor-associated macrophages/metabolism	disease progression	0.08823529411764705	39546763
stat3 transcription factor/metabolism	carcinoma hepatocellular/genetics	0.14266900790166812	37108378
cytokines/blood	nih 3t3 cells	0.044117647058823525	27044818
stat3 transcription factor/metabolism	adipocytes/immunology	0.07352941176470588	31802182
interleukin-6/genetics	lipids	0.014705882352941178	37108378
stat3 transcription factor/metabolism	macrophage colony-stimulating factor/antagonists &amp; inhibitors	0.07352941176470588	27756885
bone and bones/pathology	adipocytes/metabolism	0.05882352941176471	25802102
extracellular traps/immunology	ovarian neoplasms/pathology	0.014705882352941178	39753138
lipocalin-2/genetics	cytokines/blood	0.04411764705882353	28249896
phosphate-binding proteins/metabolism	IL1RL1	0.014705882352941178	35749514
non-alcoholic fatty liver disease/genetics	TNF	0.16988586479367865	37108378
cytokines/blood	angiogenesis inducing agents/metabolism	0.044117647058823525	27044818
stat3 transcription factor/metabolism	interleukin-6/genetics	0.07352941176470588	37108378
bone and bones/pathology	obesity	0.014705882352941178	25802102
liver neoplasms/immunology	neoplastic stem cells/immunology	0.014705882352941178	39321806
stat3 transcription factor/metabolism	leptin/metabolism	0.07352941176470588	30563531
stat3 transcription factor/metabolism	ovary/pathology	0.07352941176470588	31802182
cytokines/blood	macrophages/immunology	0.16864873493495092	32344015
bone and bones/pathology	chemokine cxcl2/metabolism	0.014705882352941178	25802102
stat3 transcription factor/metabolism	procollagen-lysine 2-oxoglutarate 5-dioxygenase/deficiency	0.07352941176470588	30563531
cytokines/blood	rna small interfering/genetics	0.044117647058823525	28249896
hydroxymethylglutaryl-coa reductase inhibitors/pharmacology	neoplasm invasiveness	0.014705882352941178	27756885
stat3 transcription factor/metabolism	tumor microenvironment/immunology	0.07885513301448335	24021059
stat3 transcription factor/metabolism	tumor microenvironment/immunology	0.07885513301448335	31802182
phosphate-binding proteins/metabolism	IL1B	0.02941176470588235	35749514
stat3 transcription factor/metabolism	lipids	0.07352941176470588	37108378
colorectal neoplasms/drug therapy	cd8-positive t-lymphocytes	0.014705882352941178	35238098
bone and bones/pathology	bone marrow cells/metabolism	0.014705882352941178	25802102
stat3 transcription factor/metabolism	breast neoplasms/pathology	0.07352941176470588	30563531
stat3 transcription factor/metabolism	mesenchymal stem cells/immunology	0.07352941176470588	27756885
bone and bones/pathology	bone neoplasms/secondary	0.014705882352941178	25802102
amidines/administration &amp; dosage	immunocompetence	0.014705882352941178	28609459
bone and bones/pathology	cell differentiation	0.04411764705882353	25802102
neoplasm recurrence local	CSF1	0.04411764705882353	27756885
stat3 transcription factor/metabolism	disease progression	0.37922845920541265	31802182
cytokines/blood	anti-inflammatory agents/metabolism	0.044117647058823525	27044818
lipid metabolism	prostatic neoplasms/immunology	0.014705882352941178	34919143
stat3 transcription factor/metabolism	breast neoplasms/immunology	0.07352941176470588	24021059
tumor-associated macrophages/metabolism	cd36 antigens/metabolism	0.10294117647058823	39546763
stat3 transcription factor/metabolism	adipocytes/metabolism	0.2685707619860386	30563531
colorectal neoplasms/drug therapy	ARHGEF5	0.014705882352941178	35238098
bone and bones/pathology	osteolysis/pathology	0.014705882352941178	25802102
stat3 transcription factor/immunology	CD163	0.02941176470588235	32344015
stat3 transcription factor/metabolism	3t3-l1 cells	0.07352941176470588	30563531
tumor-associated macrophages/metabolism	MAPK1	0.014705882352941178	39546763
hydroxymethylglutaryl-coa reductase inhibitors/pharmacology	paracrine communication	0.02941176470588235	27756885
tumor-associated macrophages/metabolism	AHSA1	0.014705882352941178	39546763
lipid metabolism	heterografts	0.014705882352941178	34919143
liver neoplasms/immunology	cd36 antigens/metabolism	0.10294117647058823	39321806
tumor-associated macrophages/metabolism	AIMP2	0.014705882352941178	39546763
stat3 transcription factor/metabolism	cell movement	0.07352941176470588	30563531
colorectal neoplasms/drug therapy	CCL2	0.07352941176470588	35238098
tumor-associated macrophages/metabolism	MAPK14	0.014705882352941178	39546763
stat3 transcription factor/metabolism	neoplasm metastasis	0.03999912510667559	24021059
stat3 transcription factor/metabolism	neoplasm metastasis	0.03999912510667559	30563531
cytokines/blood	cell polarity	0.044117647058823525	27044818
colorectal neoplasms/drug therapy	TPI1	0.014705882352941178	35238098
cytokines/blood	neoplasm metastasis	0.20761832548487508	27044818
stat3 transcription factor/metabolism	neoplasm invasiveness	0.07352941176470588	27756885
cytokines/blood	muscle fibers skeletal/drug effects	0.044117647058823525	32344015
bone and bones/pathology	CBX8	0.014705882352941178	25802102
hydroxymethylglutaryl-coa reductase inhibitors/pharmacology	EEF1A2	0.014705882352941178	27756885
bone and bones/pathology	ACTR1B	0.014705882352941178	25802102
bone and bones/pathology	BTG2	0.014705882352941178	25802102
stat3 transcription factor/metabolism	receptors interleukin-17/metabolism	0.07352941176470588	31802182
stat3 transcription factor/metabolism	cd36 antigens/metabolism	0.4292906802372344	31802182
tumor-associated macrophages/metabolism	CRK	0.014705882352941178	39546763
bone and bones/pathology	PCSK1	0.014705882352941178	25802102
stat3 transcription factor/metabolism	paracrine communication	0.14266900790166812	27756885
interleukin-6/genetics	PLIN1	0.014705882352941178	37108378
bone and bones/pathology	CXCR2	0.014705882352941178	25802102
stat3 transcription factor/metabolism	EEF1A2	0.07352941176470588	27756885
extracellular traps/immunology	peritoneal neoplasms/secondary	0.014705882352941178	39753138
lipocalin-2/genetics	rna small interfering/genetics	0.014705882352941178	28249896
bone and bones/pathology	KRT6A	0.014705882352941178	25802102
interleukin-6/genetics	IL6R	0.014705882352941178	37108378
phosphate-binding proteins/metabolism	IL33	0.014705882352941178	35749514
bone and bones/pathology	CXCL1	0.014705882352941178	25802102
phosphate-binding proteins/metabolism	SDCBP2	0.014705882352941178	35749514
amidines/administration &amp; dosage	PIK3CA	0.02941176470588235	28609459
interleukin-6/genetics	PLIN5	0.014705882352941178	37108378
stat3 transcription factor/metabolism	FABP4	0.07352941176470588	31802182
colorectal neoplasms/drug therapy	CCR2	0.02941176470588235	35238098
stat3 transcription factor/metabolism	PIK3CA	0.14266900790166812	30563531
tumor-associated macrophages/metabolism	RNF19A	0.014705882352941178	39546763
interleukin-6/genetics	TNF	0.08823529411764705	37108378
bone and bones/pathology	CXCL2	0.014705882352941178	25802102
lipid metabolism	tumor-associated macrophages/immunology	0.02941176470588235	34919143
stat3 transcription factor/metabolism	PLOD2	0.07352941176470588	30563531
interleukin-10/metabolism	t-lymphocytes regulatory/immunology	0.014705882352941178	39753138
tumor-associated macrophages/metabolism	POLDIP2	0.014705882352941178	39546763
breast neoplasms/pathology	adipocytes/metabolism	0.05882352941176471	30563531
stat3 transcription factor/metabolism	PLIN1	0.07352941176470588	37108378
colorectal neoplasms/drug therapy	HAVCR2	0.014705882352941178	35238098
stat3 transcription factor/metabolism	LEP	0.14266900790166812	30563531
lipid metabolism	lipids/chemistry	0.014705882352941178	34919143
growth differentiation factor 15/genetics	hepatic stellate cells/metabolism	0.02941176470588235	33346004
hydroxymethylglutaryl-coa reductase inhibitors/pharmacology	CSF1	0.04411764705882353	27756885
breast neoplasms/pathology	3t3-l1 cells	0.014705882352941178	30563531
stat3 transcription factor/metabolism	IL17RA	0.07352941176470588	31802182
colorectal neoplasms/drug therapy	HNF4A	0.014705882352941178	35238098
stat3 transcription factor/metabolism	CSF1	0.20761832548487505	27756885
interleukin-10/metabolism	immunity innate	0.02941176470588235	39753138
stat3 transcription factor/metabolism	IL6R	0.07352941176470588	37108378
phosphate-binding proteins/metabolism	GSDMD	0.014705882352941178	35749514
extracellular traps/immunology	protein tyrosine phosphatase non-receptor type 6/metabolism	0.014705882352941178	39753138
prostatic neoplasms/pathology	transforming growth factor beta1/metabolism	0.16864873493495092	25940439
stat3 transcription factor/metabolism	PIK3CD	0.14266900790166812	30563531
colorectal neoplasms/drug therapy	TCF7	0.014705882352941178	35238098
endostatins/genetics	carcinoma renal cell/blood	0.014705882352941178	27044818
stat3 transcription factor/metabolism	PLIN5	0.07352941176470588	37108378
lipid metabolism	metabolic networks and pathways	0.014705882352941178	34919143
growth differentiation factor 15/genetics	cell proliferation	0.11764705882352942	33346004
prostatic neoplasms/pathology	neoplasm invasiveness/pathology	0.044117647058823525	25940439
breast neoplasms/pathology	cell movement	0.014705882352941178	30563531
extracellular traps/immunology	omentum/immunology	0.014705882352941178	39753138
amidines/administration &amp; dosage	PIK3CD	0.02941176470588235	28609459
growth differentiation factor 15/genetics	carcinoma hepatocellular/genetics	0.02941176470588235	33346004
stat3 transcription factor/metabolism	TNF	0.37922845920541265	37108378
interleukin-10/metabolism	b-lymphocytes/immunology	0.014705882352941178	39753138
breast neoplasms/pathology	neoplasm metastasis	0.07352941176470588	30563531
endostatins/genetics	cytokines/blood	0.04411764705882353	27044818
stat3 transcription factor/metabolism	PIK3CG	0.14266900790166812	30563531
prostatic neoplasms/pathology	bone marrow/pathology	0.044117647058823525	38221626
prostatic neoplasms/pathology	adipocytes/metabolism	0.007742038470747866	38221626
prostatic neoplasms/pathology	adipocytes/metabolism	0.007742038470747866	25802102
cytokines/blood	IL4	0.044117647058823525	27044818
stat3 transcription factor/metabolism	AKT1	0.14266900790166812	30563531
prostatic neoplasms/pathology	obesity	0.044117647058823525	25802102
prostatic neoplasms/pathology	matrix metalloproteinase 9/metabolism	0.044117647058823525	25940439
stat3 transcription factor/metabolism	ITGAM	0.07352941176470588	24021059
liver neoplasms/immunology	IL34	0.014705882352941178	39321806
stat3 transcription factor/metabolism	IL17A	0.20761832548487505	31802182
stat3 transcription factor/metabolism	PIK3CB	0.14266900790166812	30563531
prostatic neoplasms/pathology	adipocytes/pathology	0.044117647058823525	25940439
interleukin-10/metabolism	extracellular traps/immunology	0.014705882352941178	39753138
prostatic neoplasms/pathology	smad proteins/metabolism	0.044117647058823525	25940439
amidines/administration &amp; dosage	PIK3CG	0.02941176470588235	28609459
prostatic neoplasms/pathology	chemokine cxcl2/metabolism	0.044117647058823525	25802102
prostatic neoplasms/pathology	neoplasm metastasis	0.20761832548487508	25940439
procollagen-lysine 2-oxoglutarate 5-dioxygenase/deficiency	breast neoplasms/pathology	0.014705882352941178	30563531
prostatic neoplasms/pathology	chemokine ccl2/genetics	0.044117647058823525	38221626
colorectal neoplasms/drug therapy	TNF	0.08823529411764705	35238098
prostatic neoplasms/pathology	bone marrow cells/metabolism	0.044117647058823525	25802102
cytokines/blood	ARG1	0.044117647058823525	27044818
amidines/administration &amp; dosage	AKT1	0.02941176470588235	28609459
prostatic neoplasms/pathology	tumor microenvironment/physiology	0.12842206081890017	25940439
prostatic neoplasms/pathology	kruppel-like transcription factors/genetics	0.08691834942932399	38221626
pore forming cytotoxic proteins/metabolism	phosphate-binding proteins/metabolism	0.014705882352941178	35749514
prostatic neoplasms/pathology	bone neoplasms/secondary	0.044117647058823525	25802102
prostatic neoplasms/pathology	palmitic acid/pharmacology	0.044117647058823525	38221626
pore forming cytotoxic proteins/metabolism	cellular senescence	0.014705882352941178	35749514
lipid metabolism	disease progression	0.08823529411764705	34919143
prostatic neoplasms/pathology	cell differentiation	0.12842206081890017	25802102
amidines/administration &amp; dosage	PIK3CB	0.02941176470588235	28609459
endostatins/genetics	nih 3t3 cells	0.014705882352941178	27044818
prostatic neoplasms/pathology	stem cells/pathology	0.044117647058823525	25940439
endostatins/genetics	angiogenesis inducing agents/metabolism	0.014705882352941178	27044818
prostatic neoplasms/pathology	osteolysis/pathology	0.044117647058823525	25802102
phenotype	receptors cell surface/metabolism	0.029411764705882353	30420335
cytokines/blood	IL13	0.044117647058823525	27044818
prostatic neoplasms/pathology	receptors androgen/metabolism	0.044117647058823525	25940439
colorectal neoplasms/drug therapy	HNF1A	0.014705882352941178	35238098
phenotype	antigens differentiation myelomonocytic/metabolism	0.029411764705882353	30420335
endostatins/genetics	anti-inflammatory agents/metabolism	0.014705882352941178	27044818
pore forming cytotoxic proteins/metabolism	obesity/complications	0.014705882352941178	35749514
procollagen-lysine 2-oxoglutarate 5-dioxygenase/deficiency	adipocytes/metabolism	0.05882352941176471	30563531
interleukin-10/metabolism	ovarian neoplasms/pathology	0.014705882352941178	39753138
growth differentiation factor 15/genetics	autophagy-related protein 7/genetics	0.014705882352941178	33346004
immunity innate	stem cell factor/metabolism	0.029411764705882353	31257391
cell communication/drug effects	tumor necrosis factor alpha-induced protein 3/metabolism	0.014705882352941178	30420335
phenotype	glycyrrhizic acid/pharmacology	0.029411764705882353	30755716
extracellular traps/immunology	CXCL13	0.014705882352941178	39753138
colorectal neoplasms/drug therapy	TIMELESS	0.014705882352941178	35238098
immunity innate	b-lymphocytes/immunology	0.029411764705882353	39753138
growth differentiation factor 15/genetics	paracrine communication	0.02941176470588235	33346004
prostatic neoplasms/pathology	CCL2	0.20761832548487508	38221626
endostatins/genetics	cell polarity	0.014705882352941178	27044818
cell communication/drug effects	endometrial neoplasms/genetics	0.014705882352941178	30420335
endostatins/genetics	neoplasm metastasis	0.07352941176470588	27044818
cytokines/blood	CD209	0.044117647058823525	27044818
procollagen-lysine 2-oxoglutarate 5-dioxygenase/deficiency	3t3-l1 cells	0.014705882352941178	30563531
prostatic neoplasms/pathology	FFAR1	0.044117647058823525	38221626
colorectal neoplasms/drug therapy	HAVCR1	0.014705882352941178	35238098
phenotype	cell communication/drug effects	0.029411764705882353	30420335
breast neoplasms/pathology	PIK3CA	0.02941176470588235	30563531
prostatic neoplasms/pathology	CBX8	0.044117647058823525	25802102
immunity innate	extracellular traps/immunology	0.029411764705882353	39753138
cytokines/blood	CD163	0.08691834942932399	32344015
pore forming cytotoxic proteins/metabolism	interleukin-33/metabolism	0.014705882352941178	35749514
prostatic neoplasms/pathology	ACTR1B	0.044117647058823525	25802102
growth differentiation factor 15/genetics	GDF15	0.014705882352941178	33346004
prostatic neoplasms/pathology	BTG2	0.044117647058823525	25802102
breast neoplasms/pathology	PLOD2	0.014705882352941178	30563531
prostatic neoplasms/pathology	PCSK1	0.044117647058823525	25802102
prostatic neoplasms/pathology	KLF7	0.044117647058823525	38221626
lipocalin-2/genetics	LCN2	0.014705882352941178	28249896
phenotype	nf-kappa b/metabolism	0.058384547848990345	30755716
lipid metabolism	cell plasticity/genetics	0.014705882352941178	34919143
prostatic neoplasms/pathology	CXCR2	0.044117647058823525	25802102
cytokines/blood	LCN2	0.044117647058823525	28249896
endostatins/genetics	IL4	0.014705882352941178	27044818
phenotype	tumor necrosis factor alpha-induced protein 3/metabolism	0.029411764705882353	30420335
procollagen-lysine 2-oxoglutarate 5-dioxygenase/deficiency	cell movement	0.014705882352941178	30563531
angiogenesis inducing agents/metabolism	anti-inflammatory agents/metabolism	0.014705882352941178	27044818
breast neoplasms/pathology	LEP	0.02941176470588235	30563531
lipocalin-2/genetics	SLC22A17	0.014705882352941178	28249896
pore forming cytotoxic proteins/metabolism	SULT2A1	0.014705882352941178	35749514
prostatic neoplasms/pathology	MMP9	0.044117647058823525	25940439
procollagen-lysine 2-oxoglutarate 5-dioxygenase/deficiency	neoplasm metastasis	0.07352941176470588	30563531
prostatic neoplasms/pathology	KRT6A	0.044117647058823525	25802102
growth differentiation factor 15/genetics	ATG7	0.014705882352941178	33346004
phenotype	endometrial neoplasms/genetics	0.029411764705882353	30420335
pore forming cytotoxic proteins/metabolism	IL1RL1	0.014705882352941178	35749514
prostatic neoplasms/pathology	CXCL1	0.044117647058823525	25802102
cell communication/drug effects	antigens cd/metabolism	0.014705882352941178	30420335
cytokines/blood	SLC22A17	0.044117647058823525	28249896
endostatins/genetics	ARG1	0.014705882352941178	27044818
cell communication/drug effects	estradiol/pharmacology	0.014705882352941178	30420335
phenotype	calgranulin a/metabolism	0.029411764705882353	30755716
interleukin-10/metabolism	peritoneal neoplasms/secondary	0.014705882352941178	39753138
pore forming cytotoxic proteins/metabolism	IL1B	0.02941176470588235	35749514
endostatins/genetics	IL13	0.014705882352941178	27044818
prostatic neoplasms/pathology	MSMP	0.044117647058823525	38221626
immunity innate	ovarian neoplasms/pathology	0.029411764705882353	39753138
prostatic neoplasms/pathology	CXCL2	0.044117647058823525	25802102
endostatins/genetics	CD209	0.014705882352941178	27044818
breast neoplasms/pathology	PIK3CD	0.02941176470588235	30563531
angiogenesis inducing agents/metabolism	cell polarity	0.014705882352941178	27044818
cytokines/blood	IL10	0.16864873493495092	27044818
angiogenesis inducing agents/metabolism	neoplasm metastasis	0.07352941176470588	27044818
hormones/blood	sexual maturation	0.014705882352941178	24156623
extracellular traps/immunology	PTPN6	0.014705882352941178	39753138
immunity innate	macrophages/immunology	0.11501316944688324	31257391
interleukin-10/metabolism	protein tyrosine phosphatase non-receptor type 6/metabolism	0.014705882352941178	39753138
pore forming cytotoxic proteins/metabolism	IL33	0.014705882352941178	35749514
hormones/blood	diet high-fat	0.04411764705882353	24156623
endostatins/genetics	IL10	0.05882352941176471	27044818
inflammation mediators/blood	cytokines/blood	0.04411764705882353	28249896
pore forming cytotoxic proteins/metabolism	SDCBP2	0.014705882352941178	35749514
extracellular traps/immunology	IL10	0.05882352941176471	39753138
breast neoplasms/pathology	PIK3CG	0.02941176470588235	30563531
phenotype	antigens cd/metabolism	0.029411764705882353	30420335
interleukin-10/metabolism	omentum/immunology	0.014705882352941178	39753138
cytokines/blood	MRC1	0.08691834942932399	27044818
t-lymphocytes regulatory/immunology	immunity innate	0.02941176470588235	39753138
phenotype	estradiol/pharmacology	0.029411764705882353	30420335
lipid metabolism	IL1B	0.02941176470588235	34919143
endostatins/genetics	MRC1	0.02941176470588235	27044818
immunity innate	plant extracts/pharmacology	0.029411764705882353	31257391
breast neoplasms/pathology	AKT1	0.02941176470588235	30563531
hormones/blood	breast neoplasms/etiology	0.014705882352941178	24156623
pore forming cytotoxic proteins/metabolism	GSDMD	0.014705882352941178	35749514
phenotype	colon/metabolism	0.029411764705882353	30755716
antigens differentiation myelomonocytic/metabolism	cell communication/drug effects	0.014705882352941178	30420335
breast neoplasms/pathology	PIK3CB	0.02941176470588235	30563531
t-lymphocytes regulatory/immunology	b-lymphocytes/immunology	0.014705882352941178	39753138
immunity innate	tumor necrosis factor-alpha/metabolism	0.08691834942932399	31257391
immunity innate	digestion	0.029411764705882353	31257391
phenotype	diet high-fat	0.08691834942932399	30755716
immunity innate	peritoneal neoplasms/secondary	0.029411764705882353	39753138
perilipin-5/genetics	carcinoma hepatocellular/genetics	0.02941176470588235	37108378
t-lymphocytes regulatory/immunology	extracellular traps/immunology	0.014705882352941178	39753138
glioma/pathology	mesenchymal stem cells/metabolism	0.014705882352941178	40287444
interleukin-10/metabolism	CXCL13	0.014705882352941178	39753138
inflammation mediators/blood	rna small interfering/genetics	0.014705882352941178	28249896
perilipin-5/genetics	interleukin-6/genetics	0.014705882352941178	37108378
immunity innate	cd36 antigens/metabolism	0.19666374012291488	31257391
hormones/blood	HGF	0.02941176470588235	24156623
immunity innate	rna messenger/metabolism	0.058384547848990345	31257391
hypoxia	NFKB1	0.08823529411764705	21566463
hormones/blood	NFKB1	0.08823529411764705	24156623
cell communication/drug effects	estrogen receptor alpha/genetics	0.014705882352941178	30420335
procollagen-lysine 2-oxoglutarate 5-dioxygenase/deficiency	PIK3CA	0.02941176470588235	30563531
immunity innate	protein tyrosine phosphatase non-receptor type 6/metabolism	0.029411764705882353	39753138
cadherins/metabolism	lung neoplasms/metabolism	0.02941176470588235	28609459
liver cirrhosis/chemically induced	carcinoma hepatocellular/chemically induced	0.014705882352941178	37946098
angiogenesis inducing agents/metabolism	IL4	0.014705882352941178	27044818
immunity innate	gastrointestinal tract	0.029411764705882353	31257391
immunity innate	omentum/immunology	0.029411764705882353	39753138
procollagen-lysine 2-oxoglutarate 5-dioxygenase/deficiency	PLOD2	0.014705882352941178	30563531
liver cirrhosis/chemically induced	transforming growth factor beta/metabolism	0.02941176470588235	37946098
hypoxia	CSF2	0.014705882352941178	21566463
cell communication/drug effects	hek293 cells	0.014705882352941178	30420335
hypoxia	CXCL8	0.02941176470588235	21566463
t-lymphocytes regulatory/immunology	ovarian neoplasms/pathology	0.014705882352941178	39753138
phenotype	neoplasm metastasis	0.14266900790166812	30755716
hypoxia	CAV1	0.014705882352941178	21566463
perilipin-5/genetics	lipids	0.014705882352941178	37108378
liver cirrhosis/chemically induced	kruppel-like transcription factors/genetics	0.02941176470588235	37946098
interleukin-10/metabolism	PTPN6	0.014705882352941178	39753138
angiogenesis inducing agents/metabolism	ARG1	0.014705882352941178	27044818
procollagen-lysine 2-oxoglutarate 5-dioxygenase/deficiency	LEP	0.02941176470588235	30563531
hormones/blood	TNFSF11	0.014705882352941178	24156623
phenotype	anti-inflammatory agents/pharmacology	0.029411764705882353	30755716
interleukin-10/metabolism	IL10	0.05882352941176471	39753138
hypoxia	IL10	0.05882352941176471	21566463
phenotype	estrogen receptor alpha/genetics	0.029411764705882353	30420335
prostatic neoplasms/immunology	heterografts	0.014705882352941178	34919143
angiogenesis inducing agents/metabolism	IL13	0.014705882352941178	27044818
hypoxia	CCL5	0.014705882352941178	21566463
immunity innate	CXCL13	0.029411764705882353	39753138
liver cirrhosis/chemically induced	SNAI2	0.014705882352941178	37946098
autophagy-related protein 7/genetics	GDF15	0.014705882352941178	33346004
glioblastoma/pathology	SERPINE1	0.014705882352941178	35720420
inflammation mediators/blood	LCN2	0.014705882352941178	28249896
angiogenesis inducing agents/metabolism	CD209	0.014705882352941178	27044818
chemokines/metabolism	lymphangiogenesis	0.014705882352941178	24844408
procollagen-lysine 2-oxoglutarate 5-dioxygenase/deficiency	PIK3CD	0.02941176470588235	30563531
inflammation mediators/blood	SLC22A17	0.014705882352941178	28249896
transforming growth factor beta/metabolism	kruppel-like transcription factors/genetics	0.058384547848990345	37946098
neovascularization pathologic	obesity/etiology	0.014705882352941178	24844408
chemokines/metabolism	leptin/physiology	0.014705882352941178	24844408
t-lymphocytes regulatory/immunology	peritoneal neoplasms/secondary	0.014705882352941178	39753138
neovascularization pathologic	adipocytes/metabolism	0.05882352941176471	24844408
liver cirrhosis/chemically induced	SMAD2	0.014705882352941178	37946098
liver cirrhosis/chemically induced	CDH2	0.014705882352941178	37946098
liver cirrhosis/chemically induced	KLF10	0.014705882352941178	37946098
cell communication/drug effects	CD163	0.02941176470588235	30420335
transforming growth factor beta/metabolism	SNAI2	0.029411764705882353	37946098
neovascularization pathologic	diet high-fat/adverse effects	0.04411764705882353	24844408
tumor necrosis factor alpha-induced protein 3/metabolism	endometrial neoplasms/genetics	0.014705882352941178	30420335
autophagy-related protein 7/genetics	ATG7	0.014705882352941178	33346004
neovascularization pathologic	tumor cells cultured	0.014705882352941178	24844408
t-lymphocytes regulatory/immunology	protein tyrosine phosphatase non-receptor type 6/metabolism	0.014705882352941178	39753138
prostatic neoplasms/immunology	tumor-associated macrophages/immunology	0.02941176470588235	34919143
immunity innate	PTPN6	0.029411764705882353	39753138
procollagen-lysine 2-oxoglutarate 5-dioxygenase/deficiency	PIK3CG	0.02941176470588235	30563531
transforming growth factor beta/metabolism	SMAD2	0.029411764705882353	37946098
chemokines/metabolism	rna messenger/genetics	0.014705882352941178	24844408
immunity innate	TNF	0.16988586479367865	31257391
t-lymphocytes regulatory/immunology	omentum/immunology	0.014705882352941178	39753138
transforming growth factor beta/metabolism	CDH2	0.029411764705882353	37946098
immunity innate	IL10	0.11501316944688324	39753138
transforming growth factor beta/metabolism	KLF10	0.029411764705882353	37946098
cell communication/drug effects	TNF	0.08823529411764705	30420335
prostatic neoplasms/immunology	lipids/chemistry	0.014705882352941178	34919143
neovascularization pathologic	receptor melanocortin type 4/physiology	0.014705882352941178	24844408
cell communication/drug effects	ESR1	0.014705882352941178	30420335
tumor necrosis factor alpha-induced protein 3/metabolism	antigens cd/metabolism	0.014705882352941178	30420335
neovascularization pathologic	apoptosis	0.014705882352941178	24844408
tumor necrosis factor alpha-induced protein 3/metabolism	estradiol/pharmacology	0.014705882352941178	30420335
procollagen-lysine 2-oxoglutarate 5-dioxygenase/deficiency	AKT1	0.02941176470588235	30563531
angiogenesis inducing agents/metabolism	IL10	0.05882352941176471	27044818
transforming growth factor beta/metabolism	ANGPT2	0.029411764705882353	26208571
neovascularization pathologic	lymphatic metastasis	0.014705882352941178	24844408
cadherins/metabolism	immunocompetence	0.014705882352941178	28609459
glioblastoma/pathology	PDCD1LG2	0.014705882352941178	35720420
prostatic neoplasms/immunology	metabolic networks and pathways	0.014705882352941178	34919143
procollagen-lysine 2-oxoglutarate 5-dioxygenase/deficiency	PIK3CB	0.02941176470588235	30563531
transforming growth factor beta/metabolism	S100A8	0.058384547848990345	26208571
transforming growth factor beta/metabolism	S100A9	0.029411764705882353	26208571
chemokines/metabolism	cell proliferation	0.11764705882352942	24844408
neovascularization pathologic	CCL2	0.07352941176470588	24844408
cell communication/drug effects	TNFAIP3	0.014705882352941178	30420335
glioblastoma/pathology	FAT1	0.014705882352941178	35720420
cell communication/drug effects	IL17A	0.04411764705882353	30420335
neovascularization pathologic	CCR7	0.014705882352941178	24844408
cellular reprogramming/immunology	tumor microenvironment/immunology	0.10294117647058823	39321806
angiogenesis inducing agents/metabolism	MRC1	0.02941176470588235	27044818
neovascularization pathologic	CCL21	0.014705882352941178	24844408
drugs chinese herbal	diterpenes	0.014705882352941178	35238098
muscle fibers skeletal/drug effects	CD163	0.02941176470588235	32344015
hepatic stellate cells/metabolism	carcinoma hepatocellular/metabolism	0.029411764705882353	35749514
neovascularization pathologic	FLT4	0.014705882352941178	24844408
t-lymphocytes regulatory/immunology	CXCL13	0.014705882352941178	39753138
cd36 antigens/metabolism	rna messenger/metabolism	0.19666374012291485	31257391
chemokines/metabolism	neovascularization pathologic	0.014705882352941178	24844408
neovascularization pathologic	KDR	0.014705882352941178	24844408
cd36 antigens/metabolism	endothelial progenitor cells/metabolism	0.10294117647058823	38351345
bone marrow/pathology	adipocytes/metabolism	0.05882352941176471	38221626
drugs chinese herbal	hepatitis a virus cellular receptor 2/metabolism	0.014705882352941178	35238098
neovascularization pathologic	CCL19	0.014705882352941178	24844408
hepatic stellate cells/metabolism	pore forming cytotoxic proteins/metabolism	0.029411764705882353	35749514
cd36 antigens/metabolism	gastrointestinal tract	0.10294117647058823	31257391
tumor suppressor protein p53/deficiency	disease progression	0.08823529411764705	29777149
plant extracts/pharmacology	tumor necrosis factor-alpha/metabolism	0.04411764705882353	31257391
neovascularization pathologic	CSF1	0.04411764705882353	24844408
plant extracts/pharmacology	digestion	0.014705882352941178	31257391
leptin/physiology	rna messenger/genetics	0.014705882352941178	24844408
F9	SPP1	0.014705882352941178	39178310
t-lymphocytes regulatory/immunology	PTPN6	0.014705882352941178	39753138
cd36 antigens/metabolism	MAPK1	0.10294117647058823	39546763
cd36 antigens/metabolism	AHSA1	0.10294117647058823	39546763
F9	CCDC6	0.014705882352941178	39178310
t-lymphocytes regulatory/immunology	IL10	0.05882352941176471	39753138
hepatic stellate cells/metabolism	cell proliferation	0.2230026338893767	33346004
cd36 antigens/metabolism	F9	0.10294117647058823	39178310
plant extracts/pharmacology	cd36 antigens/metabolism	0.10294117647058823	31257391
chemokines/metabolism	obesity/etiology	0.014705882352941178	24844408
plant extracts/pharmacology	rna messenger/metabolism	0.02941176470588235	31257391
cd36 antigens/metabolism	AIMP2	0.10294117647058823	39546763
F9	DUSP2	0.014705882352941178	39178310
drugs chinese herbal	colorectal neoplasms/drug therapy	0.014705882352941178	35238098
hepatic stellate cells/metabolism	carcinoma hepatocellular/genetics	0.058384547848990345	33346004
cd36 antigens/metabolism	CCL2	0.4292906802372343	38351345
DUSP2	ZCCHC12	0.014705882352941178	39178310
cd36 antigens/metabolism	NFKB1	0.4927028268775416	38351345
plant extracts/pharmacology	gastrointestinal tract	0.014705882352941178	31257391
F9	ZCCHC12	0.014705882352941178	39178310
cd36 antigens/metabolism	MAPK14	0.10294117647058823	39546763
chemokines/metabolism	adipocytes/metabolism	0.05882352941176471	24844408
F9	PTCH1	0.014705882352941178	39178310
tumor necrosis factor-alpha/metabolism	digestion	0.044117647058823525	31257391
DUSP2	PTCH1	0.014705882352941178	39178310
cd36 antigens/metabolism	SPP1	0.10294117647058823	39178310
F9	RET	0.014705882352941178	39178310
cellular reprogramming/immunology	neoplastic stem cells/immunology	0.014705882352941178	39321806
leptin/physiology	cell proliferation	0.11764705882352942	24844408
cd36 antigens/metabolism	FABP4	0.10294117647058823	31802182
cadherins/metabolism	PIK3CA	0.02941176470588235	28609459
DUSP2	RET	0.014705882352941178	39178310
cd36 antigens/metabolism	CCDC6	0.10294117647058823	39178310
tumor necrosis factor-alpha/metabolism	cell differentiation	0.0039109266501716035	35238098
tumor necrosis factor-alpha/metabolism	cell differentiation	0.0039109266501716035	31637575
bone marrow/pathology	chemokine ccl2/genetics	0.014705882352941178	38221626
chemokines/metabolism	diet high-fat/adverse effects	0.04411764705882353	24844408
hepatic stellate cells/metabolism	phosphate-binding proteins/metabolism	0.029411764705882353	35749514
calgranulin b/genetics	angiopoietin-2/genetics	0.014705882352941178	26208571
tumor necrosis factor-alpha/metabolism	cd36 antigens/metabolism	0.281866070715939	31257391
inflammation/genetics	cell proliferation	0.11764705882352942	24156623
bone marrow/pathology	kruppel-like transcription factors/genetics	0.02941176470588235	38221626
leptin/physiology	neovascularization pathologic	0.014705882352941178	24844408
cd36 antigens/metabolism	DUSP2	0.10294117647058823	39178310
hepatic stellate cells/metabolism	cellular senescence	0.029411764705882353	35749514
tumor necrosis factor-alpha/metabolism	rna messenger/metabolism	0.0013169446883230904	31257391
tumor necrosis factor-alpha/metabolism	rna messenger/metabolism	0.0013169446883230904	31637575
drugs chinese herbal	tumor necrosis factor-alpha/metabolism	0.04411764705882353	35238098
cd36 antigens/metabolism	CCR2	0.19666374012291485	38351345
perilipin-5/genetics	PLIN1	0.014705882352941178	37108378
F9	TAS2R38	0.014705882352941178	39178310
chemokines/metabolism	tumor cells cultured	0.014705882352941178	24844408
bone marrow/pathology	palmitic acid/pharmacology	0.014705882352941178	38221626
inflammation/genetics	hormones/blood	0.014705882352941178	24156623
cd36 antigens/metabolism	CRK	0.10294117647058823	39546763
tumor necrosis factor-alpha/metabolism	gene expression regulation	0.044117647058823525	31637575
inflammation/genetics	sexual maturation	0.014705882352941178	24156623
cd36 antigens/metabolism	CXCL8	0.19666374012291485	38351345
calgranulin b/genetics	transforming growth factor beta/metabolism	0.02941176470588235	26208571
tumor necrosis factor-alpha/metabolism	cd8-positive t-lymphocytes	0.044117647058823525	35238098
cd36 antigens/metabolism	ZCCHC12	0.10294117647058823	39178310
drugs chinese herbal	cell differentiation	0.04411764705882353	35238098
tumor necrosis factor-alpha/metabolism	gastrointestinal tract	0.044117647058823525	31257391
SULT2A1	IL1RL1	0.014705882352941178	35749514
inflammation/genetics	diet high-fat	0.04411764705882353	24156623
plant extracts/pharmacology	TNF	0.08823529411764705	31257391
tumor necrosis factor-alpha/metabolism	ARHGEF5	0.044117647058823525	35238098
cd36 antigens/metabolism	IL17RA	0.10294117647058823	31802182
SULT2A1	IL1B	0.02941176470588235	35749514
cd36 antigens/metabolism	PTCH1	0.10294117647058823	39178310
DUSP2	TAS2R38	0.014705882352941178	39178310
cadherins/metabolism	PIK3CD	0.02941176470588235	28609459
leptin/physiology	obesity/etiology	0.014705882352941178	24844408
cd36 antigens/metabolism	RET	0.10294117647058823	39178310
chemokines/metabolism	receptor melanocortin type 4/physiology	0.014705882352941178	24844408
drugs chinese herbal	cd8-positive t-lymphocytes	0.014705882352941178	35238098
tumor necrosis factor-alpha/metabolism	CCL2	0.20761832548487508	35238098
cellular reprogramming/immunology	cd36 antigens/metabolism	0.10294117647058823	39321806
inflammation/genetics	breast neoplasms/etiology	0.014705882352941178	24156623
ACTR1B	BTG2	0.014705882352941178	25802102
tumor necrosis factor-alpha/metabolism	TPI1	0.044117647058823525	35238098
chemokines/metabolism	apoptosis	0.014705882352941178	24844408
perilipin-5/genetics	IL6R	0.014705882352941178	37108378
tumor necrosis factor-alpha/metabolism	NANOG	0.044117647058823525	31637575
leptin/physiology	adipocytes/metabolism	0.05882352941176471	24844408
cd36 antigens/metabolism	POSTN	0.10294117647058823	38351345
drugs chinese herbal	ARHGEF5	0.014705882352941178	35238098
chemokines/metabolism	lymphatic metastasis	0.014705882352941178	24844408
ACTR1B	PCSK1	0.014705882352941178	25802102
hepatic stellate cells/metabolism	obesity/complications	0.029411764705882353	35749514
cadherins/metabolism	PIK3CG	0.02941176470588235	28609459
SULT2A1	IL33	0.014705882352941178	35749514
SULT2A1	SDCBP2	0.014705882352941178	35749514
ACTR1B	CXCR2	0.014705882352941178	25802102
drugs chinese herbal	CCL2	0.07352941176470588	35238098
cd36 antigens/metabolism	IL34	0.10294117647058823	39321806
perilipin-5/genetics	PLIN5	0.014705882352941178	37108378
drugs chinese herbal	TPI1	0.014705882352941178	35238098
cd36 antigens/metabolism	TNF	0.4927028268775416	31257391
neoplastic stem cells/immunology	cd36 antigens/metabolism	0.10294117647058823	39321806
chemokines/metabolism	CCL2	0.07352941176470588	24844408
leptin/physiology	diet high-fat/adverse effects	0.04411764705882353	24844408
cadherins/metabolism	AKT1	0.02941176470588235	28609459
bone marrow/pathology	CCL2	0.07352941176470588	38221626
SULT2A1	GSDMD	0.014705882352941178	35749514
tumor necrosis factor-alpha/metabolism	CCR2	0.08691834942932399	35238098
cd36 antigens/metabolism	RNF19A	0.10294117647058823	39546763
cadherins/metabolism	PIK3CB	0.02941176470588235	28609459
chemokines/metabolism	CCR7	0.014705882352941178	24844408
leptin/physiology	tumor cells cultured	0.014705882352941178	24844408
calgranulin b/genetics	ANGPT2	0.014705882352941178	26208571
perilipin-5/genetics	TNF	0.08823529411764705	37108378
ACTR1B	KRT6A	0.014705882352941178	25802102
bone marrow/pathology	FFAR1	0.014705882352941178	38221626
chemokines/metabolism	CCL21	0.014705882352941178	24844408
HGF	NFKB1	0.006584723441615452	32472095
HGF	NFKB1	0.006584723441615452	24156623
tumor necrosis factor-alpha/metabolism	HAVCR2	0.044117647058823525	35238098
chemokines/metabolism	FLT4	0.014705882352941178	24844408
cd36 antigens/metabolism	TAS2R38	0.10294117647058823	39178310
tumor necrosis factor-alpha/metabolism	HNF4A	0.044117647058823525	35238098
ACTR1B	CXCL1	0.014705882352941178	25802102
calgranulin b/genetics	S100A8	0.02941176470588235	26208571
chemokines/metabolism	KDR	0.014705882352941178	24844408
calgranulin b/genetics	S100A9	0.014705882352941178	26208571
cd36 antigens/metabolism	POLDIP2	0.10294117647058823	39546763
drugs chinese herbal	CCR2	0.02941176470588235	35238098
HGF	EGF	0.029411764705882353	32472095
tumor necrosis factor-alpha/metabolism	TCF7	0.044117647058823525	35238098
cd36 antigens/metabolism	IL17A	0.28186607071593905	31802182
tumor suppressor protein p53/deficiency	PTEN	0.014705882352941178	29777149
drugs chinese herbal	HAVCR2	0.014705882352941178	35238098
leptin/physiology	receptor melanocortin type 4/physiology	0.014705882352941178	24844408
ACTR1B	CXCL2	0.014705882352941178	25802102
HGF	LEP	0.058384547848990345	32472095
drugs chinese herbal	HNF4A	0.014705882352941178	35238098
stem cells/pathology	receptors androgen/metabolism	0.014705882352941178	25940439
chemokines/metabolism	CCL19	0.014705882352941178	24844408
leptin/physiology	apoptosis	0.014705882352941178	24844408
hepatic stellate cells/metabolism	interleukin-33/metabolism	0.029411764705882353	35749514
drugs chinese herbal	TCF7	0.014705882352941178	35238098
HGF	JUN	0.029411764705882353	32472095
leptin/physiology	lymphatic metastasis	0.014705882352941178	24844408
chemokines/metabolism	CSF1	0.04411764705882353	24844408
neoplasms/pathology	interferon type i/metabolism	0.02941176470588235	39546763
HGF	MAPK8	0.058384547848990345	32472095
tumor necrosis factor-alpha/metabolism	TNF	0.0003990741479766942	35238098
tumor necrosis factor-alpha/metabolism	TNF	0.0003990741479766942	31257391
tumor necrosis factor-alpha/metabolism	TNF	0.0003990741479766942	31637575
neoplastic stem cells/immunology	IL34	0.014705882352941178	39321806
cell proliferation	carcinoma hepatocellular/genetics	0.22300263388937666	33346004
HGF	TNFSF11	0.029411764705882353	24156623
HGF	ADIPOQ	0.029411764705882353	32472095
bone marrow/pathology	KLF7	0.014705882352941178	38221626
cell proliferation	adipocytes/immunology	0.1176470588235294	31802182
docosahexaenoic acids/analysis	tumor suppressor protein p53/deficiency	0.014705882352941178	29777149
hepatic stellate cells/metabolism	autophagy-related protein 7/genetics	0.029411764705882353	33346004
BTG2	PCSK1	0.014705882352941178	25802102
tumor necrosis factor-alpha/metabolism	FTO	0.08691834942932399	31637575
docosahexaenoic acids/analysis	disease progression	0.08823529411764705	29777149
neoplasms/pathology	tumor microenvironment/immunology	0.10294117647058823	39546763
leptin/physiology	CCL2	0.07352941176470588	24844408
tumor necrosis factor-alpha/metabolism	HNF1A	0.044117647058823525	35238098
BTG2	CXCR2	0.014705882352941178	25802102
cell proliferation	lung neoplasms/metabolism	0.22300263388937666	26208571
hepatic stellate cells/metabolism	paracrine communication	0.058384547848990345	33346004
drugs chinese herbal	TNF	0.08823529411764705	35238098
tumor necrosis factor-alpha/metabolism	TIMELESS	0.044117647058823525	35238098
leptin/physiology	CCR7	0.014705882352941178	24844408
cell communication	caveolin 1/deficiency	0.014705882352941178	21566463
cell proliferation	hormones/blood	0.1176470588235294	24156623
AIMP2	MAPK14	0.014705882352941178	39546763
neoplasms/pathology	disease progression	0.08823529411764705	39546763
cell proliferation	neovascularization pathologic	0.1176470588235294	24844408
leptin/physiology	CCL21	0.014705882352941178	24844408
tumor necrosis factor-alpha/metabolism	HAVCR1	0.044117647058823525	35238098
leptin/physiology	FLT4	0.014705882352941178	24844408
cell proliferation	calgranulin b/genetics	0.1176470588235294	26208571
cell proliferation	sexual maturation	0.1176470588235294	24156623
leptin/physiology	KDR	0.014705882352941178	24844408
drugs chinese herbal	HNF1A	0.014705882352941178	35238098
BTG2	KRT6A	0.014705882352941178	25802102
cell proliferation	ovary/pathology	0.1176470588235294	31802182
drugs chinese herbal	TIMELESS	0.014705882352941178	35238098
AIMP2	CRK	0.014705882352941178	39546763
stem cells/pathology	MMP9	0.014705882352941178	25940439
BTG2	CXCL1	0.014705882352941178	25802102
drugs chinese herbal	HAVCR1	0.014705882352941178	35238098
hepatic stellate cells/metabolism	SULT2A1	0.029411764705882353	35749514
leptin/physiology	CCL19	0.014705882352941178	24844408
cell proliferation	transforming growth factor beta1/metabolism	0.40122300877349165	34958892
cell communication	NFKB1	0.08823529411764705	21566463
cell proliferation	alpha-ketoglutarate-dependent dioxygenase fto/metabolism	0.22300263388937666	31637575
neoplasm invasiveness	paracrine communication	0.02941176470588235	27756885
cell proliferation	tumor microenvironment/immunology	0.6016201469662343	31802182
BTG2	CXCL2	0.014705882352941178	25802102
inflammation/immunology	macrophage colony-stimulating factor/antagonists &amp; inhibitors	0.014705882352941178	27756885
leptin/physiology	CSF1	0.04411764705882353	24844408
hepatic stellate cells/metabolism	IL1RL1	0.029411764705882353	35749514
cell proliferation	diet high-fat	0.3171841328118765	24156623
rna messenger/metabolism	gene expression regulation	0.029411764705882353	31637575
cell communication	CSF2	0.014705882352941178	21566463
bone marrow/pathology	MSMP	0.014705882352941178	38221626
mesenchymal stem cells/immunology	neoplasm invasiveness	0.014705882352941178	27756885
AIMP2	RNF19A	0.014705882352941178	39546763
hepatic stellate cells/metabolism	GDF15	0.029411764705882353	33346004
cellular reprogramming/immunology	IL34	0.014705882352941178	39321806
cell communication	CXCL8	0.02941176470588235	21566463
rna messenger/metabolism	gastrointestinal tract	0.029411764705882353	31257391
neoplasm invasiveness	EEF1A2	0.014705882352941178	27756885
AIMP2	POLDIP2	0.014705882352941178	39546763
cell proliferation	obesity/etiology	0.1176470588235294	24844408
cell communication	CAV1	0.014705882352941178	21566463
cell proliferation	disease progression	0.14341624866207833	34958892
cell proliferation	disease progression	0.14341624866207833	31802182
hepatic stellate cells/metabolism	IL1B	0.058384547848990345	35749514
CCR2	CXCL8	0.058384547848990345	38351345
rna messenger/metabolism	NANOG	0.029411764705882353	31637575
cell proliferation	angiopoietin-2/genetics	0.1176470588235294	26208571
neoplasms/pathology	cd36 antigens/metabolism	0.10294117647058823	39546763
CCR2	HAVCR2	0.029411764705882353	35238098
CCR2	HNF4A	0.029411764705882353	35238098
docosahexaenoic acids/analysis	PTEN	0.014705882352941178	29777149
cell proliferation	adipocytes/metabolism	0.40122300877349165	24844408
inflammation/immunology	mesenchymal stem cells/immunology	0.014705882352941178	27756885
mesenchymal stem cells/immunology	paracrine communication	0.02941176470588235	27756885
CCR2	TCF7	0.029411764705882353	35238098
cell communication	IL10	0.05882352941176471	21566463
cell proliferation	breast neoplasms/etiology	0.1176470588235294	24156623
neoplasms/pathology	MAPK1	0.014705882352941178	39546763
neoplasms/pathology	AHSA1	0.014705882352941178	39546763
CCR2	POSTN	0.029411764705882353	38351345
cell communication	CCL5	0.014705882352941178	21566463
mesenchymal stem cells/immunology	EEF1A2	0.014705882352941178	27756885
neoplasms/pathology	AIMP2	0.014705882352941178	39546763
cell proliferation	transforming growth factor beta/metabolism	0.22300263388937666	26208571
adipocytes/pathology	smad proteins/metabolism	0.014705882352941178	25940439
rna messenger/metabolism	TNF	0.006584723441615452	31257391
rna messenger/metabolism	TNF	0.006584723441615452	31637575
SERPINE1	PDCD1LG2	0.014705882352941178	35720420
neoplasms/pathology	MAPK14	0.014705882352941178	39546763
neoplasm invasiveness	CSF1	0.04411764705882353	27756885
sexual maturation	diet high-fat	0.04411764705882353	24156623
hepatic stellate cells/metabolism	ATG7	0.029411764705882353	33346004
rna messenger/metabolism	FTO	0.058384547848990345	31637575
CCR2	TNF	0.16988586479367865	35238098
adipocytes/pathology	neoplasm metastasis	0.07352941176470588	25940439
SERPINE1	FAT1	0.014705882352941178	35720420
mammary glands human/metabolism	diet high-fat/adverse effects	0.04411764705882353	32359100
cell proliferation	diet high-fat/adverse effects	0.3171841328118765	24844408
cell proliferation	metabolic reprogramming	0.1176470588235294	38301989
inflammation/immunology	neoplasm invasiveness	0.014705882352941178	27756885
adipocytes/pathology	tumor microenvironment/physiology	0.04411764705882353	25940439
hepatic stellate cells/metabolism	IL33	0.029411764705882353	35749514
hepatic stellate cells/metabolism	SDCBP2	0.029411764705882353	35749514
cell proliferation	carcinoma hepatocellular/pathology	0.22300263388937666	38301989
sexual maturation	breast neoplasms/etiology	0.014705882352941178	24156623
CCR2	HNF1A	0.029411764705882353	35238098
cell proliferation	sweat glands/cytology	0.1176470588235294	31637575
receptor melanocortin type 4/physiology	apoptosis	0.014705882352941178	24844408
adipocytes/pathology	stem cells/pathology	0.014705882352941178	25940439
receptor melanocortin type 4/physiology	lymphatic metastasis	0.014705882352941178	24844408
CCR2	TIMELESS	0.029411764705882353	35238098
cell proliferation	tumor cells cultured	0.1176470588235294	24844408
hepatic stellate cells/metabolism	GSDMD	0.029411764705882353	35749514
inflammation/immunology	paracrine communication	0.02941176470588235	27756885
adipocytes/pathology	receptors androgen/metabolism	0.014705882352941178	25940439
CCR2	HAVCR1	0.029411764705882353	35238098
cell proliferation	tumor necrosis factor-alpha/metabolism	0.3171841328118765	31637575
cellular senescence	obesity/complications	0.014705882352941178	35749514
receptor melanocortin type 4/physiology	CCL2	0.07352941176470588	24844408
mammary glands human/metabolism	tumor microenvironment/physiology	0.04411764705882353	32359100
inflammation/immunology	EEF1A2	0.014705882352941178	27756885
receptor melanocortin type 4/physiology	CCR7	0.014705882352941178	24844408
CSF2	CXCL8	0.02941176470588235	21566463
receptor melanocortin type 4/physiology	CCL21	0.014705882352941178	24844408
receptor melanocortin type 4/physiology	FLT4	0.014705882352941178	24844408
neoplasms/pathology	CRK	0.014705882352941178	39546763
receptor melanocortin type 4/physiology	KDR	0.014705882352941178	24844408
mesenchymal stem cells/immunology	CSF1	0.04411764705882353	27756885
cell proliferation	cell differentiation	0.3171841328118765	31637575
CSF2	CAV1	0.014705882352941178	21566463
receptor melanocortin type 4/physiology	CCL19	0.014705882352941178	24844408
sexual maturation	HGF	0.02941176470588235	24156623
endometrial neoplasms/genetics	antigens cd/metabolism	0.014705882352941178	30420335
endometrial neoplasms/genetics	estradiol/pharmacology	0.014705882352941178	30420335
cell proliferation	receptors interleukin-17/metabolism	0.1176470588235294	31802182
sexual maturation	NFKB1	0.08823529411764705	24156623
receptor melanocortin type 4/physiology	CSF1	0.04411764705882353	24844408
cell proliferation	autophagy-related protein 7/genetics	0.1176470588235294	33346004
CSF3	PTPRC	0.014705882352941178	30535532
inflammation/immunology	CSF1	0.04411764705882353	27756885
CSF3	IL10	0.05882352941176471	30535532
micrornas/metabolism	prostatic neoplasms/pathology	0.04411764705882353	25940439
cell proliferation	cd36 antigens/metabolism	0.6016201469662343	31802182
cell proliferation	rna messenger/metabolism	0.22300263388937666	31637575
adipocytes/pathology	MMP9	0.014705882352941178	25940439
cell proliferation	receptor melanocortin type 4/physiology	0.1176470588235294	24844408
digestion	cd36 antigens/metabolism	0.10294117647058823	31257391
cell proliferation	cancer-associated fibroblasts/pathology	0.1176470588235294	38301989
CCL2	NFKB1	0.058139731208212336	38351345
CCL2	NFKB1	0.058139731208212336	30755716
digestion	rna messenger/metabolism	0.02941176470588235	31257391
CCL2	TPI1	0.07352941176470588	35238098
cell proliferation	paracrine communication	0.22300263388937666	33346004
mammary glands human/metabolism	DCN	0.014705882352941178	32359100
cell proliferation	gene expression regulation	0.1176470588235294	31637575
micrornas/metabolism	transforming growth factor beta1/metabolism	0.05882352941176471	25940439
CCL2	FFAR1	0.07352941176470588	38221626
CCL2	CCR7	0.07352941176470588	24844408
cell proliferation	apoptosis	0.1176470588235294	24844408
CSF2	IL10	0.05882352941176471	21566463
CCL2	CCL21	0.07352941176470588	24844408
CCL2	FLT4	0.07352941176470588	24844408
CCL2	KDR	0.07352941176470588	24844408
digestion	gastrointestinal tract	0.014705882352941178	31257391
cellular senescence	interleukin-33/metabolism	0.014705882352941178	35749514
cell proliferation	lymphatic metastasis	0.1176470588235294	24844408
micrornas/metabolism	neoplasm invasiveness/pathology	0.014705882352941178	25940439
sexual maturation	TNFSF11	0.014705882352941178	24156623
CCL2	CCR2	0.004389815627743635	38351345
CCL2	CCR2	0.004389815627743635	35238098
CCL2	CXCL8	0.14266900790166812	38351345
CSF2	CCL5	0.014705882352941178	21566463
CCL2	CCL19	0.07352941176470588	24844408
endothelial progenitor cells/metabolism	CCL2	0.07352941176470588	38351345
CCL2	KLF7	0.07352941176470588	38221626
cell proliferation	FAP	0.1176470588235294	38301989
endothelial progenitor cells/metabolism	NFKB1	0.08823529411764705	38351345
CCL2	HAVCR2	0.07352941176470588	35238098
obesity/pathology	prostatic neoplasms/pathology	0.04411764705882353	38221626
CCL2	HNF4A	0.07352941176470588	35238098
endometrial neoplasms/genetics	estrogen receptor alpha/genetics	0.014705882352941178	30420335
CCL2	CSF1	0.20761832548487505	24844408
neoplasm recurrence local/immunology	cd36 antigens/metabolism	0.10294117647058823	39178310
CCL2	TCF7	0.07352941176470588	35238098
cell proliferation	HGF	0.22300263388937666	24156623
CCL2	IRF6	0.07352941176470588	30755716
CCL2	S100A8	0.14266900790166812	30755716
micrornas/metabolism	matrix metalloproteinase 9/metabolism	0.014705882352941178	25940439
endometrial neoplasms/genetics	hek293 cells	0.014705882352941178	30420335
endothelial progenitor cells/metabolism	CCR2	0.02941176470588235	38351345
interferon type i/metabolism	tumor microenvironment/immunology	0.009218612818261635	39166450
interferon type i/metabolism	tumor microenvironment/immunology	0.009218612818261635	39546763
cell proliferation	CCL2	0.4760701326768051	24844408
micrornas/metabolism	adipocytes/pathology	0.014705882352941178	25940439
CCL2	POSTN	0.07352941176470588	38351345
cell proliferation	NFKB1	0.5426009094797505	24156623
endothelial progenitor cells/metabolism	CXCL8	0.02941176470588235	38351345
neoplasm invasiveness/pathology	matrix metalloproteinase 9/metabolism	0.014705882352941178	25940439
micrornas/metabolism	smad proteins/metabolism	0.014705882352941178	25940439
neoplasms/pathology	RNF19A	0.014705882352941178	39546763
neoplasm recurrence local/immunology	F9	0.014705882352941178	39178310
obesity/pathology	bone marrow/pathology	0.014705882352941178	38221626
cell proliferation	NANOG	0.1176470588235294	31637575
interferon type i/metabolism	disease progression	0.16988586479367865	39546763
obesity/pathology	adipocytes/metabolism	0.05882352941176471	38221626
PLIN1	IL6R	0.014705882352941178	37108378
micrornas/metabolism	neoplasm metastasis	0.07352941176470588	25940439
neoplasm invasiveness/pathology	adipocytes/pathology	0.014705882352941178	25940439
CCL2	TNF	0.058139731208212336	35238098
CCL2	TNF	0.058139731208212336	30755716
interferon type i/metabolism	heme/metabolism	0.029411764705882353	39166450
neoplasm invasiveness/pathology	smad proteins/metabolism	0.014705882352941178	25940439
CCL2	MSMP	0.07352941176470588	38221626
micrornas/metabolism	tumor microenvironment/physiology	0.04411764705882353	25940439
cell proliferation	CCR7	0.1176470588235294	24844408
interferon type i/metabolism	macrophages/immunology	0.11501316944688324	39166450
endothelial progenitor cells/metabolism	POSTN	0.014705882352941178	38351345
CCL2	HNF1A	0.07352941176470588	35238098
cell proliferation	GDF15	0.1176470588235294	33346004
neoplasms/pathology	POLDIP2	0.014705882352941178	39546763
PLIN1	PLIN5	0.014705882352941178	37108378
cellular senescence	SULT2A1	0.014705882352941178	35749514
CCL2	TIMELESS	0.07352941176470588	35238098
neoplasm recurrence local/immunology	SPP1	0.014705882352941178	39178310
cell proliferation	FABP4	0.1176470588235294	31802182
neoplasm invasiveness/pathology	neoplasm metastasis	0.07352941176470588	25940439
micrornas/metabolism	stem cells/pathology	0.014705882352941178	25940439
cell proliferation	CCL21	0.1176470588235294	24844408
CCL2	HAVCR1	0.07352941176470588	35238098
cell proliferation	FLT4	0.1176470588235294	24844408
neoplasm recurrence local/immunology	CCDC6	0.014705882352941178	39178310
micrornas/metabolism	receptors androgen/metabolism	0.014705882352941178	25940439
NFKB1	APC	0.08823529411764705	32353824
obesity/pathology	chemokine ccl2/genetics	0.014705882352941178	38221626
PLIN1	TNF	0.08823529411764705	37108378
neoplasm invasiveness/pathology	tumor microenvironment/physiology	0.04411764705882353	25940439
cell proliferation	KDR	0.1176470588235294	24844408
obesity/pathology	kruppel-like transcription factors/genetics	0.02941176470588235	38221626
endometrial neoplasms/genetics	CD163	0.02941176470588235	30420335
obesity/pathology	palmitic acid/pharmacology	0.014705882352941178	38221626
cellular senescence	IL1RL1	0.014705882352941178	35749514
NFKB1	EGF	0.08823529411764705	32472095
neoplasm recurrence local/immunology	DUSP2	0.014705882352941178	39178310
interferon type i/metabolism	cd36 antigens/metabolism	0.009218612818261635	39166450
interferon type i/metabolism	cd36 antigens/metabolism	0.009218612818261635	39546763
NFKB1	CCR2	0.16988586479367868	38351345
NFKB1	CSF2	0.08823529411764705	21566463
cancer-associated fibroblasts/pathology	FAP	0.014705882352941178	38301989
NFKB1	CXCL8	0.006584723441615452	38351345
NFKB1	CXCL8	0.006584723441615452	21566463
neoplasm invasiveness/pathology	stem cells/pathology	0.014705882352941178	25940439
endometrial neoplasms/genetics	TNF	0.08823529411764705	30420335
neoplasm recurrence local/immunology	ZCCHC12	0.014705882352941178	39178310
endometrial neoplasms/genetics	ESR1	0.014705882352941178	30420335
NFKB1	LEP	0.16988586479367868	32472095
cellular senescence	IL1B	0.02941176470588235	35749514
interferon type i/metabolism	MAPK1	0.029411764705882353	39546763
NFKB1	CAV1	0.08823529411764705	21566463
interferon type i/metabolism	AHSA1	0.029411764705882353	39546763
obesity/pathology	CCL2	0.07352941176470588	38221626
neoplasm invasiveness/pathology	receptors androgen/metabolism	0.014705882352941178	25940439
interferon type i/metabolism	AIMP2	0.029411764705882353	39546763
NFKB1	IRF6	0.08823529411764705	30755716
neoplasm recurrence local/immunology	PTCH1	0.014705882352941178	39178310
cell proliferation	CCL19	0.1176470588235294	24844408
NFKB1	S100A8	0.16988586479367868	30755716
obesity/pathology	FFAR1	0.014705882352941178	38221626
endometrial neoplasms/genetics	TNFAIP3	0.014705882352941178	30420335
NFKB1	JUN	0.08823529411764705	32472095
interferon type i/metabolism	MAPK14	0.029411764705882353	39546763
endometrial neoplasms/genetics	IL17A	0.04411764705882353	30420335
neoplasm recurrence local/immunology	RET	0.014705882352941178	39178310
NFKB1	POSTN	0.08823529411764705	38351345
digestion	TNF	0.08823529411764705	31257391
NFKB1	MAPK8	0.16988586479367868	32472095
cell proliferation	ANGPT2	0.1176470588235294	26208571
micrornas/metabolism	MMP9	0.014705882352941178	25940439
NFKB1	TNFSF11	0.08823529411764705	24156623
NFKB1	ADIPOQ	0.08823529411764705	32472095
NFKB1	TNF	0.43834955832870687	30755716
cell proliferation	IL17RA	0.1176470588235294	31802182
cell proliferation	CSF1	0.3171841328118765	24844408
NFKB1	IL10	0.3150107136059726	21566463
interferon type i/metabolism	CRK	0.029411764705882353	39546763
bone neoplasms/pathology	obesity/pathology	0.014705882352941178	38221626
obesity/pathology	KLF7	0.014705882352941178	38221626
NFKB1	IL22	0.08823529411764705	32353824
cell proliferation	ATG7	0.1176470588235294	33346004
NFKB1	CCL5	0.08823529411764705	21566463
bone neoplasms/pathology	prostatic neoplasms/pathology	0.04411764705882353	38221626
cell proliferation	THBS2	0.1176470588235294	34958892
cancer-associated fibroblasts/pathology	FAM126A	0.014705882352941178	38301989
NFKB1	IL17A	0.24535078617607156	32353824
cell proliferation	S100A8	0.22300263388937666	26208571
cell proliferation	S100A9	0.1176470588235294	26208571
cancer-associated fibroblasts/pathology	VIM	0.014705882352941178	38301989
obesity/pathology	MSMP	0.014705882352941178	38221626
neoplasm recurrence local/immunology	TAS2R38	0.014705882352941178	39178310
TPI1	CCR2	0.02941176470588235	35238098
interferon type i/metabolism	RNF19A	0.029411764705882353	39546763
CRK	RNF19A	0.014705882352941178	39546763
bone neoplasms/pathology	bone marrow/pathology	0.014705882352941178	38221626
bone neoplasms/pathology	adipocytes/metabolism	0.05882352941176471	38221626
interferon type i/metabolism	POLDIP2	0.029411764705882353	39546763
TPI1	HAVCR2	0.014705882352941178	35238098
cell proliferation	MAPK8	0.22300263388937666	34958892
TPI1	HNF4A	0.014705882352941178	35238098
interleukin-6 receptor alpha subunit/blood	interleukin-6/metabolism	0.04411764705882353	24021059
peritoneal neoplasms/secondary	protein tyrosine phosphatase non-receptor type 6/metabolism	0.014705882352941178	39753138
CRK	POLDIP2	0.014705882352941178	39546763
cellular senescence	IL33	0.014705882352941178	35749514
TPI1	TCF7	0.014705882352941178	35238098
cell proliferation	MAP2K7	0.1176470588235294	34958892
interleukin-6 receptor alpha subunit/blood	stat3 transcription factor/metabolism	0.07352941176470588	24021059
cellular senescence	SDCBP2	0.014705882352941178	35749514
cell proliferation	TNFSF11	0.1176470588235294	24156623
colon/metabolism	diet high-fat	0.04411764705882353	30755716
interleukin-6 receptor alpha subunit/blood	myeloid cells/immunology	0.014705882352941178	24021059
smad proteins/metabolism	neoplasm metastasis	0.07352941176470588	25940439
peritoneal neoplasms/secondary	omentum/immunology	0.014705882352941178	39753138
adipocytes/metabolism	3t3-l1 cells	0.058823529411764705	30563531
cell proliferation	TNF	0.5426009094797505	31637575
osteolysis/pathology	CBX8	0.014705882352941178	25802102
bone neoplasms/pathology	chemokine ccl2/genetics	0.014705882352941178	38221626
cell proliferation	FAM126A	0.1176470588235294	38301989
neoplasm invasiveness/pathology	MMP9	0.014705882352941178	25940439
myeloid cells/immunology	tumor microenvironment/immunology	0.10294117647058823	24021059
adipocytes/metabolism	obesity	0.058823529411764705	25802102
bone neoplasms/pathology	kruppel-like transcription factors/genetics	0.02941176470588235	38221626
IL13	CD209	0.014705882352941178	27044818
TPI1	TNF	0.08823529411764705	35238098
osteolysis/pathology	ACTR1B	0.014705882352941178	25802102
smad proteins/metabolism	tumor microenvironment/physiology	0.04411764705882353	25940439
osteolysis/pathology	BTG2	0.014705882352941178	25802102
stem cell factor/metabolism	macrophages/immunology	0.05882352941176471	31257391
bone neoplasms/pathology	palmitic acid/pharmacology	0.014705882352941178	38221626
cell proliferation	FTO	0.22300263388937666	31637575
osteolysis/pathology	PCSK1	0.014705882352941178	25802102
TPI1	HNF1A	0.014705882352941178	35238098
myeloid cells/immunology	breast neoplasms/immunology	0.014705882352941178	24021059
interleukin-6 receptor alpha subunit/blood	tumor microenvironment/immunology	0.10294117647058823	24021059
TPI1	TIMELESS	0.014705882352941178	35238098
osteolysis/pathology	CXCR2	0.014705882352941178	25802102
TPI1	HAVCR1	0.014705882352941178	35238098
colon/metabolism	neoplasm metastasis	0.07352941176470588	30755716
smad proteins/metabolism	stem cells/pathology	0.014705882352941178	25940439
adipocytes/metabolism	diet high-fat/adverse effects	0.16864873493495094	24844408
adipocytes/metabolism	chemokine cxcl2/metabolism	0.058823529411764705	25802102
cellular senescence	GSDMD	0.014705882352941178	35749514
cell proliferation	VIM	0.1176470588235294	38301989
interleukin-6 receptor alpha subunit/blood	breast neoplasms/immunology	0.014705882352941178	24021059
stem cell factor/metabolism	plant extracts/pharmacology	0.014705882352941178	31257391
osteolysis/pathology	KRT6A	0.014705882352941178	25802102
bone neoplasms/pathology	CCL2	0.07352941176470588	38221626
osteolysis/pathology	CXCL1	0.014705882352941178	25802102
smad proteins/metabolism	receptors androgen/metabolism	0.014705882352941178	25940439
colon/metabolism	anti-inflammatory agents/pharmacology	0.014705882352941178	30755716
adipocytes/metabolism	cell movement	0.058823529411764705	30563531
bone neoplasms/pathology	FFAR1	0.014705882352941178	38221626
myeloid cells/immunology	neoplasm metastasis	0.07352941176470588	24021059
peritoneal neoplasms/secondary	CXCL13	0.014705882352941178	39753138
adipocytes/metabolism	neoplasm metastasis	0.2685707619860386	30563531
osteolysis/pathology	CXCL2	0.014705882352941178	25802102
adipocytes/metabolism	tumor cells cultured	0.058823529411764705	24844408
cell proliferation	IL17A	0.3171841328118765	31802182
IL13	IL10	0.05882352941176471	27044818
interleukin-6 receptor alpha subunit/blood	neoplasm metastasis	0.07352941176470588	24021059
adipocytes/metabolism	chemokine ccl2/genetics	0.058823529411764705	38221626
bone neoplasms/pathology	KLF7	0.014705882352941178	38221626
colon/metabolism	CCL2	0.07352941176470588	30755716
stem cell factor/metabolism	tumor necrosis factor-alpha/metabolism	0.04411764705882353	31257391
colon/metabolism	NFKB1	0.08823529411764705	30755716
adipocytes/metabolism	bone marrow cells/metabolism	0.058823529411764705	25802102
stem cell factor/metabolism	digestion	0.014705882352941178	31257391
IL13	MRC1	0.02941176470588235	27044818
paracrine communication	EEF1A2	0.029411764705882353	27756885
adipocytes/metabolism	kruppel-like transcription factors/genetics	0.11501316944688324	38221626
NANOG	TNF	0.08823529411764705	31637575
fibroblasts/metabolism	cytokines/biosynthesis	0.014705882352941178	21566463
adipocytes/metabolism	bone neoplasms/secondary	0.058823529411764705	25802102
NANOG	FTO	0.02941176470588235	31637575
adipocytes/metabolism	palmitic acid/pharmacology	0.058823529411764705	38221626
paracrine communication	GDF15	0.029411764705882353	33346004
adipocytes/metabolism	cell differentiation	0.16864873493495094	25802102
fibroblasts/metabolism	hypoxia	0.014705882352941178	21566463
fibroblasts/metabolism	cell communication	0.014705882352941178	21566463
bone neoplasms/pathology	MSMP	0.014705882352941178	38221626
CXCL8	CAV1	0.029411764705882353	21566463
hepatitis a virus cellular receptor 2/metabolism	colorectal neoplasms/drug therapy	0.014705882352941178	35238098
colon/metabolism	IRF6	0.014705882352941178	30755716
smad proteins/metabolism	MMP9	0.014705882352941178	25940439
stem cell factor/metabolism	cd36 antigens/metabolism	0.10294117647058823	31257391
colon/metabolism	S100A8	0.02941176470588235	30755716
fibroblasts/metabolism	caveolin 1/deficiency	0.014705882352941178	21566463
adipocytes/metabolism	receptor melanocortin type 4/physiology	0.058823529411764705	24844408
stem cell factor/metabolism	rna messenger/metabolism	0.02941176470588235	31257391
paracrine communication	CSF1	0.08691834942932399	27756885
MAPK14	CRK	0.014705882352941178	39546763
CXCL8	POSTN	0.029411764705882353	38351345
adipocytes/metabolism	osteolysis/pathology	0.058823529411764705	25802102
paracrine communication	ATG7	0.029411764705882353	33346004
colon/metabolism	TNF	0.08823529411764705	30755716
peritoneal neoplasms/secondary	PTPN6	0.014705882352941178	39753138
adipocytes/metabolism	apoptosis	0.058823529411764705	24844408
peritoneal neoplasms/secondary	IL10	0.05882352941176471	39753138
stem cell factor/metabolism	gastrointestinal tract	0.014705882352941178	31257391
CXCL8	IL10	0.11501316944688324	21566463
adipocytes/metabolism	lymphatic metastasis	0.058823529411764705	24844408
metabolic networks and pathways	disease progression	0.08823529411764705	34919143
CXCL8	CCL5	0.029411764705882353	21566463
leptin/metabolism	procollagen-lysine 2-oxoglutarate 5-dioxygenase/deficiency	0.014705882352941178	30563531
diet high-fat/adverse effects	tumor cells cultured	0.044117647058823525	24844408
chemokine ccl2/genetics	kruppel-like transcription factors/genetics	0.02941176470588235	38221626
diet high-fat/adverse effects	tumor microenvironment/physiology	0.12842206081890017	32359100
myeloid cells/immunology	ITGAM	0.014705882352941178	24021059
PCSK1	CXCR2	0.014705882352941178	25802102
leptin/metabolism	breast neoplasms/pathology	0.014705882352941178	30563531
MAPK14	RNF19A	0.014705882352941178	39546763
diet high-fat/adverse effects	scavenger receptors class e/genetics	0.044117647058823525	36160648
chemokine ccl2/genetics	palmitic acid/pharmacology	0.014705882352941178	38221626
diet high-fat/adverse effects	receptor melanocortin type 4/physiology	0.044117647058823525	24844408
MAPK14	POLDIP2	0.014705882352941178	39546763
leptin/metabolism	adipocytes/metabolism	0.05882352941176471	30563531
adipocytes/metabolism	CCL2	0.024761015981384724	24844408
adipocytes/metabolism	CCL2	0.024761015981384724	38221626
PCSK1	KRT6A	0.014705882352941178	25802102
diet high-fat/adverse effects	apoptosis	0.044117647058823525	24844408
endometrial neoplasms/immunology	interferon type i/metabolism	0.02941176470588235	39166450
hepatitis a virus cellular receptor 2/metabolism	tumor necrosis factor-alpha/metabolism	0.04411764705882353	35238098
PCSK1	CXCL1	0.014705882352941178	25802102
leptin/metabolism	3t3-l1 cells	0.014705882352941178	30563531
diet high-fat/adverse effects	lymphatic metastasis	0.044117647058823525	24844408
diet high-fat/adverse effects	DCN	0.044117647058823525	32359100
endometrial neoplasms/immunology	tumor microenvironment/immunology	0.10294117647058823	39166450
IL4	ARG1	0.014705882352941178	27044818
adipocytes/metabolism	FFAR1	0.058823529411764705	38221626
PCSK1	CXCL2	0.014705882352941178	25802102
leptin/metabolism	cell movement	0.014705882352941178	30563531
diet high-fat/adverse effects	CCL2	0.20761832548487508	24844408
adipocytes/metabolism	CCR7	0.058823529411764705	24844408
leptin/metabolism	neoplasm metastasis	0.07352941176470588	30563531
IL4	IL13	0.014705882352941178	27044818
diet high-fat/adverse effects	CCR7	0.044117647058823525	24844408
endometrial neoplasms/immunology	heme/metabolism	0.014705882352941178	39166450
adipocytes/metabolism	CCL21	0.058823529411764705	24844408
hepatitis a virus cellular receptor 2/metabolism	cell differentiation	0.04411764705882353	35238098
diet high-fat/adverse effects	CCL21	0.044117647058823525	24844408
IL4	CD209	0.014705882352941178	27044818
lipid metabolism/physiology	stat3 transcription factor/metabolism	0.07352941176470588	37108378
chemokine ccl2/genetics	CCL2	0.07352941176470588	38221626
diet high-fat/adverse effects	FLT4	0.044117647058823525	24844408
adipocytes/metabolism	FLT4	0.058823529411764705	24844408
endometrial neoplasms/immunology	macrophages/immunology	0.05882352941176471	39166450
diet high-fat/adverse effects	KDR	0.044117647058823525	24844408
CCL19	CSF1	0.04411764705882353	24844408
lipid metabolism/physiology	perilipin-5/genetics	0.014705882352941178	37108378
adipocytes/metabolism	KDR	0.058823529411764705	24844408
chemokine ccl2/genetics	FFAR1	0.014705882352941178	38221626
fibroblasts/metabolism	NFKB1	0.08823529411764705	21566463
lipid metabolism/physiology	carcinoma hepatocellular/genetics	0.02941176470588235	37108378
adipocytes/metabolism	PIK3CA	0.11501316944688324	30563531
gene expression regulation	NANOG	0.014705882352941178	31637575
lipid metabolism/physiology	interleukin-6/genetics	0.014705882352941178	37108378
adipocytes/metabolism	CBX8	0.058823529411764705	25802102
diet high-fat/adverse effects	CCL19	0.044117647058823525	24844408
adipocytes/metabolism	PLOD2	0.058823529411764705	30563531
IL4	IL10	0.05882352941176471	27044818
diet high-fat/adverse effects	CSF1	0.12842206081890017	24844408
chemokine ccl2/genetics	KLF7	0.014705882352941178	38221626
adipocytes/metabolism	ACTR1B	0.058823529411764705	25802102
hepatitis a virus cellular receptor 2/metabolism	cd8-positive t-lymphocytes	0.014705882352941178	35238098
lipid metabolism/physiology	lipids	0.014705882352941178	37108378
metabolic networks and pathways	cell plasticity/genetics	0.014705882352941178	34919143
adipocytes/metabolism	BTG2	0.058823529411764705	25802102
endometrial neoplasms/immunology	cd36 antigens/metabolism	0.10294117647058823	39166450
IL4	MRC1	0.02941176470588235	27044818
fibroblasts/metabolism	CSF2	0.014705882352941178	21566463
adipocytes/metabolism	PCSK1	0.058823529411764705	25802102
hepatitis a virus cellular receptor 2/metabolism	ARHGEF5	0.014705882352941178	35238098
ZCCHC12	PTCH1	0.014705882352941178	39178310
adipocytes/metabolism	CCL19	0.058823529411764705	24844408
IL1RL1	IL1B	0.02941176470588235	35749514
ZCCHC12	RET	0.014705882352941178	39178310
fibroblasts/metabolism	CXCL8	0.02941176470588235	21566463
adipocytes/metabolism	KLF7	0.058823529411764705	38221626
diet high-fat/adverse effects	PROM1	0.044117647058823525	36160648
adipocytes/metabolism	LEP	0.11501316944688324	30563531
gene expression regulation	TNF	0.08823529411764705	31637575
chemokine ccl2/genetics	MSMP	0.014705882352941178	38221626
diet high-fat/adverse effects	MRC1	0.08691834942932399	36160648
gene expression regulation	FTO	0.02941176470588235	31637575
stem cell factor/metabolism	TNF	0.08823529411764705	31257391
hepatitis a virus cellular receptor 2/metabolism	CCL2	0.07352941176470588	35238098
adipocytes/metabolism	CXCR2	0.058823529411764705	25802102
fibroblasts/metabolism	CAV1	0.014705882352941178	21566463
hepatitis a virus cellular receptor 2/metabolism	TPI1	0.014705882352941178	35238098
adipocytes/metabolism	CSF1	0.16864873493495094	24844408
leptin/metabolism	PIK3CA	0.02941176470588235	30563531
bone marrow cells/metabolism	bone neoplasms/secondary	0.014705882352941178	25802102
ZCCHC12	TAS2R38	0.014705882352941178	39178310
chemokine cxcl2/metabolism	bone marrow cells/metabolism	0.014705882352941178	25802102
bone marrow cells/metabolism	cell differentiation	0.04411764705882353	25802102
apoptosis	lymphatic metastasis	0.014705882352941178	24844408
IL1RL1	IL33	0.014705882352941178	35749514
leptin/metabolism	PLOD2	0.014705882352941178	30563531
chemokine cxcl2/metabolism	bone neoplasms/secondary	0.014705882352941178	25802102
IL1RL1	SDCBP2	0.014705882352941178	35749514
chemokine cxcl2/metabolism	cell differentiation	0.04411764705882353	25802102
bone marrow cells/metabolism	osteolysis/pathology	0.014705882352941178	25802102
apoptosis	CCL2	0.07352941176470588	24844408
chemokine cxcl2/metabolism	osteolysis/pathology	0.014705882352941178	25802102
IL1RL1	GSDMD	0.014705882352941178	35749514
apoptosis	CCR7	0.014705882352941178	24844408
adipocytes/metabolism	PIK3CD	0.11501316944688324	30563531
apoptosis	CCL21	0.014705882352941178	24844408
leptin/metabolism	LEP	0.02941176470588235	30563531
apoptosis	FLT4	0.014705882352941178	24844408
adipocytes/metabolism	KRT6A	0.058823529411764705	25802102
apoptosis	KDR	0.014705882352941178	24844408
fibroblasts/metabolism	IL10	0.05882352941176471	21566463
KLF7	MSMP	0.014705882352941178	38221626
adipocytes/metabolism	CXCL1	0.058823529411764705	25802102
hepatitis a virus cellular receptor 2/metabolism	CCR2	0.02941176470588235	35238098
lipid metabolism/physiology	PLIN1	0.014705882352941178	37108378
apoptosis	CCL19	0.014705882352941178	24844408
bone marrow cells/metabolism	CBX8	0.014705882352941178	25802102
bone marrow cells/metabolism	ACTR1B	0.014705882352941178	25802102
bone marrow cells/metabolism	BTG2	0.014705882352941178	25802102
HAVCR2	HNF4A	0.014705882352941178	35238098
chemokine cxcl2/metabolism	CBX8	0.014705882352941178	25802102
apoptosis	CSF1	0.04411764705882353	24844408
fibroblasts/metabolism	CCL5	0.014705882352941178	21566463
leptin/metabolism	PIK3CD	0.02941176470588235	30563531
carcinoma hepatocellular/metabolism	pore forming cytotoxic proteins/metabolism	0.014705882352941178	35749514
bone marrow cells/metabolism	PCSK1	0.014705882352941178	25802102
chemokine cxcl2/metabolism	ACTR1B	0.014705882352941178	25802102
HAVCR2	TCF7	0.014705882352941178	35238098
chemokine cxcl2/metabolism	BTG2	0.014705882352941178	25802102
lipid metabolism/physiology	IL6R	0.014705882352941178	37108378
metabolic networks and pathways	IL1B	0.02941176470588235	34919143
hepatitis a virus cellular receptor 2/metabolism	HAVCR2	0.014705882352941178	35238098
bone marrow cells/metabolism	CXCR2	0.014705882352941178	25802102
chemokine cxcl2/metabolism	PCSK1	0.014705882352941178	25802102
adipocytes/metabolism	MSMP	0.058823529411764705	38221626
hepatitis a virus cellular receptor 2/metabolism	HNF4A	0.014705882352941178	35238098
adipocytes/metabolism	PIK3CG	0.11501316944688324	30563531
lipid metabolism/physiology	PLIN5	0.014705882352941178	37108378
chemokine cxcl2/metabolism	CXCR2	0.014705882352941178	25802102
obesity/etiology	adipocytes/metabolism	0.05882352941176471	24844408
adipocytes/metabolism	CXCL2	0.058823529411764705	25802102
HAVCR2	TNF	0.08823529411764705	35238098
lipid metabolism/physiology	TNF	0.08823529411764705	37108378
bone marrow cells/metabolism	KRT6A	0.014705882352941178	25802102
bone marrow cells/metabolism	CXCL1	0.014705882352941178	25802102
leptin/metabolism	PIK3CG	0.02941176470588235	30563531
hepatitis a virus cellular receptor 2/metabolism	TCF7	0.014705882352941178	35238098
chemokine cxcl2/metabolism	KRT6A	0.014705882352941178	25802102
HAVCR2	HNF1A	0.014705882352941178	35238098
chemokine cxcl2/metabolism	CXCL1	0.014705882352941178	25802102
HAVCR2	TIMELESS	0.014705882352941178	35238098
adipocytes/metabolism	AKT1	0.11501316944688324	30563531
APC	IL22	0.014705882352941178	32353824
bone marrow cells/metabolism	CXCL2	0.014705882352941178	25802102
protein tyrosine phosphatase non-receptor type 6/metabolism	omentum/immunology	0.014705882352941178	39753138
HAVCR2	HAVCR1	0.014705882352941178	35238098
leptin/metabolism	AKT1	0.02941176470588235	30563531
obesity/etiology	diet high-fat/adverse effects	0.04411764705882353	24844408
chemokine cxcl2/metabolism	CXCL2	0.014705882352941178	25802102
APC	IL17A	0.04411764705882353	32353824
adipocytes/metabolism	PIK3CB	0.11501316944688324	30563531
leptin/metabolism	PIK3CB	0.02941176470588235	30563531
LEP	JUN	0.029411764705882353	32472095
LEP	PIK3CD	0.058384547848990345	30563531
obesity/etiology	tumor cells cultured	0.014705882352941178	24844408
metabolic reprogramming	carcinoma hepatocellular/pathology	0.02941176470588235	38301989
rna messenger/genetics	cell proliferation	0.11764705882352942	24844408
carcinoma hepatocellular/metabolism	phosphate-binding proteins/metabolism	0.014705882352941178	35749514
LEP	MAPK8	0.058384547848990345	32472095
carcinoma hepatocellular/metabolism	cellular senescence	0.014705882352941178	35749514
LEP	ADIPOQ	0.029411764705882353	32472095
protein tyrosine phosphatase non-receptor type 6/metabolism	CXCL13	0.014705882352941178	39753138
FFAR1	KLF7	0.014705882352941178	38221626
rna messenger/genetics	neovascularization pathologic	0.014705882352941178	24844408
LEP	PIK3CG	0.058384547848990345	30563531
obesity/etiology	receptor melanocortin type 4/physiology	0.014705882352941178	24844408
metabolic reprogramming	cancer-associated fibroblasts/pathology	0.014705882352941178	38301989
obesity/etiology	apoptosis	0.014705882352941178	24844408
LEP	AKT1	0.058384547848990345	30563531
hepatitis a virus cellular receptor 2/metabolism	TNF	0.08823529411764705	35238098
obesity/etiology	lymphatic metastasis	0.014705882352941178	24844408
rna messenger/genetics	obesity/etiology	0.014705882352941178	24844408
immunocompetence	PIK3CA	0.02941176470588235	28609459
carcinoma hepatocellular/metabolism	obesity/complications	0.014705882352941178	35749514
LEP	PIK3CB	0.058384547848990345	30563531
metabolic reprogramming	FAP	0.014705882352941178	38301989
rna messenger/genetics	adipocytes/metabolism	0.05882352941176471	24844408
obesity/etiology	CCL2	0.07352941176470588	24844408
HNF4A	TCF7	0.014705882352941178	35238098
FFAR1	MSMP	0.014705882352941178	38221626
protein tyrosine phosphatase non-receptor type 6/metabolism	PTPN6	0.014705882352941178	39753138
obesity/etiology	CCR7	0.014705882352941178	24844408
protein tyrosine phosphatase non-receptor type 6/metabolism	IL10	0.05882352941176471	39753138
obesity/etiology	CCL21	0.014705882352941178	24844408
obesity/etiology	FLT4	0.014705882352941178	24844408
hepatitis a virus cellular receptor 2/metabolism	HNF1A	0.014705882352941178	35238098
obesity/etiology	KDR	0.014705882352941178	24844408
rna messenger/genetics	diet high-fat/adverse effects	0.04411764705882353	24844408
CCR7	CCL21	0.014705882352941178	24844408
CCR7	FLT4	0.014705882352941178	24844408
HNF4A	TNF	0.08823529411764705	35238098
carcinoma hepatocellular/metabolism	interleukin-33/metabolism	0.014705882352941178	35749514
hepatitis a virus cellular receptor 2/metabolism	TIMELESS	0.014705882352941178	35238098
immunocompetence	PIK3CD	0.02941176470588235	28609459
CCR7	KDR	0.014705882352941178	24844408
rna messenger/genetics	tumor cells cultured	0.014705882352941178	24844408
obesity/complications	interleukin-33/metabolism	0.014705882352941178	35749514
obesity/etiology	CCL19	0.014705882352941178	24844408
cd8-positive t-lymphocytes	ARHGEF5	0.014705882352941178	35238098
HNF4A	HNF1A	0.014705882352941178	35238098
HNF4A	TIMELESS	0.014705882352941178	35238098
obesity/etiology	CSF1	0.04411764705882353	24844408
hepatitis a virus cellular receptor 2/metabolism	HAVCR1	0.014705882352941178	35238098
cd8-positive t-lymphocytes	CCL2	0.07352941176470588	35238098
CCR7	CCL19	0.014705882352941178	24844408
cd8-positive t-lymphocytes	TPI1	0.014705882352941178	35238098
immunocompetence	PIK3CG	0.02941176470588235	28609459
HNF4A	HAVCR1	0.014705882352941178	35238098
rna messenger/genetics	receptor melanocortin type 4/physiology	0.014705882352941178	24844408
CCR7	CSF1	0.04411764705882353	24844408
immunocompetence	AKT1	0.02941176470588235	28609459
adenosine/analogs &amp; derivatives	alpha-ketoglutarate-dependent dioxygenase fto/metabolism	0.02941176470588235	40287444
carcinoma hepatocellular/metabolism	SULT2A1	0.014705882352941178	35749514
rna messenger/genetics	apoptosis	0.014705882352941178	24844408
ANGPT2	S100A8	0.02941176470588235	26208571
rna messenger/genetics	lymphatic metastasis	0.014705882352941178	24844408
ANGPT2	S100A9	0.014705882352941178	26208571
immunocompetence	PIK3CB	0.02941176470588235	28609459
metabolic reprogramming	FAM126A	0.014705882352941178	38301989
carcinoma hepatocellular/metabolism	IL1RL1	0.014705882352941178	35749514
cd8-positive t-lymphocytes	CCR2	0.02941176470588235	35238098
carcinoma hepatocellular/metabolism	IL1B	0.02941176470588235	35749514
rna messenger/genetics	CCL2	0.07352941176470588	24844408
tumor microenvironment/physiology	stem cells/pathology	0.044117647058823525	25940439
metabolic reprogramming	VIM	0.014705882352941178	38301989
cd8-positive t-lymphocytes	HAVCR2	0.014705882352941178	35238098
cd8-positive t-lymphocytes	HNF4A	0.014705882352941178	35238098
epithelial cells/metabolism	stem cells/metabolism	0.014705882352941178	32359100
rna messenger/genetics	CCR7	0.014705882352941178	24844408
tumor microenvironment/physiology	receptors androgen/metabolism	0.044117647058823525	25940439
cd8-positive t-lymphocytes	TCF7	0.014705882352941178	35238098
rna messenger/genetics	CCL21	0.014705882352941178	24844408
rna messenger/genetics	FLT4	0.014705882352941178	24844408
tumor microenvironment/physiology	DCN	0.044117647058823525	32359100
rna messenger/genetics	KDR	0.014705882352941178	24844408
disease progression	macrophages/immunology	0.3150107136059726	39178310
tumor microenvironment/physiology	NFKB1	0.24535078617607156	32353824
SPP1	CCDC6	0.014705882352941178	39178310
carcinoma hepatocellular/pathology	periostin	0.029411764705882353	38351345
tumor microenvironment/physiology	APC	0.044117647058823525	32353824
cd8-positive t-lymphocytes	TNF	0.08823529411764705	35238098
rna messenger/genetics	CCL19	0.014705882352941178	24844408
disease progression	neoplasm recurrence local/immunology	0.08823529411764705	39178310
obesity/complications	SULT2A1	0.014705882352941178	35749514
carcinoma hepatocellular/pathology	cd36 antigens/metabolism	0.19666374012291488	38351345
SPP1	DUSP2	0.014705882352941178	39178310
carcinoma hepatocellular/pathology	endothelial progenitor cells/metabolism	0.029411764705882353	38351345
carcinoma hepatocellular/metabolism	IL33	0.014705882352941178	35749514
carcinoma hepatocellular/pathology	cancer-associated fibroblasts/pathology	0.029411764705882353	38301989
carcinoma hepatocellular/metabolism	SDCBP2	0.014705882352941178	35749514
rna messenger/genetics	CSF1	0.04411764705882353	24844408
cd8-positive t-lymphocytes	HNF1A	0.014705882352941178	35238098
SPP1	ZCCHC12	0.014705882352941178	39178310
cd8-positive t-lymphocytes	TIMELESS	0.014705882352941178	35238098
disease progression	cell plasticity/genetics	0.08823529411764705	34919143
carcinoma hepatocellular/pathology	FAP	0.029411764705882353	38301989
cd8-positive t-lymphocytes	HAVCR1	0.014705882352941178	35238098
CD209	IL10	0.05882352941176471	27044818
SPP1	PTCH1	0.014705882352941178	39178310
obesity/complications	IL1RL1	0.014705882352941178	35749514
carcinoma hepatocellular/metabolism	GSDMD	0.014705882352941178	35749514
SPP1	RET	0.014705882352941178	39178310
epithelial cells/metabolism	transforming growth factor beta1/metabolism	0.05882352941176471	32359100
disease progression	receptors interleukin-17/metabolism	0.08823529411764705	31802182
carcinoma hepatocellular/pathology	CCL2	0.14266900790166812	38351345
carcinoma hepatocellular/pathology	NFKB1	0.16988586479367865	38351345
disease progression	cd36 antigens/metabolism	0.012105504972054579	31802182
disease progression	cd36 antigens/metabolism	0.012105504972054579	39546763
disease progression	cd36 antigens/metabolism	0.012105504972054579	39178310
CD209	MRC1	0.02941176470588235	27044818
tumor microenvironment/physiology	MMP9	0.044117647058823525	25940439
breast neoplasms/drug therapy	interleukin-6/metabolism	0.04411764705882353	27756885
breast neoplasms/drug therapy	stat3 transcription factor/metabolism	0.07352941176470588	27756885
disease progression	MAPK1	0.08823529411764705	39546763
obesity/complications	IL1B	0.02941176470588235	35749514
disease progression	AHSA1	0.08823529411764705	39546763
breast neoplasms/drug therapy	inflammation/immunology	0.014705882352941178	27756885
adenosine/analogs &amp; derivatives	macrophage colony-stimulating factor/metabolism	0.014705882352941178	40287444
disease progression	F9	0.08823529411764705	39178310
carcinoma hepatocellular/pathology	CCR2	0.058384547848990345	38351345
disease progression	AIMP2	0.08823529411764705	39546763
CXCR2	KRT6A	0.014705882352941178	25802102
carcinoma hepatocellular/pathology	CXCL8	0.058384547848990345	38351345
breast neoplasms/drug therapy	macrophage colony-stimulating factor/antagonists &amp; inhibitors	0.014705882352941178	27756885
disease progression	MAPK14	0.08823529411764705	39546763
SPP1	TAS2R38	0.014705882352941178	39178310
CXCR2	CXCL1	0.014705882352941178	25802102
tumor microenvironment/physiology	IL22	0.044117647058823525	32353824
disease progression	SPP1	0.08823529411764705	39178310
disease progression	FABP4	0.08823529411764705	31802182
disease progression	CCDC6	0.08823529411764705	39178310
disease progression	IL1B	0.16988586479367868	34919143
tumor microenvironment/physiology	IL17A	0.12842206081890017	32353824
CXCR2	CXCL2	0.014705882352941178	25802102
epithelial cells/metabolism	mammary glands human/metabolism	0.014705882352941178	32359100
kruppel-like transcription factors/genetics	palmitic acid/pharmacology	0.029411764705882353	38221626
carcinoma hepatocellular/pathology	POSTN	0.029411764705882353	38351345
disease progression	DUSP2	0.08823529411764705	39178310
receptors androgen/metabolism	MMP9	0.014705882352941178	25940439
disease progression	CRK	0.08823529411764705	39546763
breast neoplasms/drug therapy	mesenchymal stem cells/immunology	0.014705882352941178	27756885
disease progression	ZCCHC12	0.08823529411764705	39178310
carcinoma hepatocellular/pathology	FAM126A	0.029411764705882353	38301989
disease progression	IL17RA	0.08823529411764705	31802182
GDF15	ATG7	0.014705882352941178	33346004
disease progression	PTCH1	0.08823529411764705	39178310
kruppel-like transcription factors/genetics	SNAI2	0.029411764705882353	37946098
adenosine/analogs &amp; derivatives	brain neoplasms/pathology	0.014705882352941178	40287444
carcinoma hepatocellular/pathology	VIM	0.029411764705882353	38301989
disease progression	RET	0.08823529411764705	39178310
disease progression	THBS2	0.08823529411764705	34958892
kruppel-like transcription factors/genetics	CCL2	0.14266900790166812	38221626
disease progression	PTEN	0.08823529411764705	29777149
adiponectin/blood	hepatocyte growth factor/blood	0.014705882352941178	32472095
kruppel-like transcription factors/genetics	FFAR1	0.029411764705882353	38221626
disease progression	MAPK8	0.16988586479367868	34958892
disease progression	MAP2K7	0.08823529411764705	34958892
kruppel-like transcription factors/genetics	SMAD2	0.029411764705882353	37946098
breast neoplasms/drug therapy	neoplasm invasiveness	0.014705882352941178	27756885
epithelial cells/metabolism	diet high-fat/adverse effects	0.04411764705882353	32359100
kruppel-like transcription factors/genetics	CDH2	0.029411764705882353	37946098
IL17RA	IL17A	0.04411764705882353	31802182
macrophage colony-stimulating factor/metabolism	brain neoplasms/pathology	0.014705882352941178	40287444
kruppel-like transcription factors/genetics	KLF10	0.029411764705882353	37946098
disease progression	RNF19A	0.08823529411764705	39546763
disease progression	TAS2R38	0.08823529411764705	39178310
kruppel-like transcription factors/genetics	KLF7	0.029411764705882353	38221626
disease progression	POLDIP2	0.08823529411764705	39546763
breast neoplasms/drug therapy	paracrine communication	0.02941176470588235	27756885
obesity/complications	IL33	0.014705882352941178	35749514
disease progression	IL17A	0.24535078617607156	31802182
obesity/complications	SDCBP2	0.014705882352941178	35749514
breast neoplasms/drug therapy	EEF1A2	0.014705882352941178	27756885
CSF1	FTO	0.08691834942932399	40287444
epithelial cells/metabolism	tumor microenvironment/physiology	0.04411764705882353	32359100
FABP4	IL17RA	0.014705882352941178	31802182
hek293 cells	CD163	0.02941176470588235	30420335
CSF1	YTHDF2	0.044117647058823525	40287444
kruppel-like transcription factors/genetics	MSMP	0.029411764705882353	38221626
adiponectin/blood	HGF	0.02941176470588235	32472095
PTCH1	RET	0.014705882352941178	39178310
adiponectin/blood	NFKB1	0.08823529411764705	32472095
hek293 cells	TNF	0.08823529411764705	30420335
hek293 cells	ESR1	0.014705882352941178	30420335
macrophage colony-stimulating factor/metabolism	CSF1	0.04411764705882353	40287444
obesity/complications	GSDMD	0.014705882352941178	35749514
breast neoplasms/drug therapy	CSF1	0.04411764705882353	27756885
adiponectin/blood	EGF	0.014705882352941178	32472095
hek293 cells	TNFAIP3	0.014705882352941178	30420335
FABP4	IL17A	0.04411764705882353	31802182
hek293 cells	IL17A	0.04411764705882353	30420335
CCL21	FLT4	0.014705882352941178	24844408
PTCH1	TAS2R38	0.014705882352941178	39178310
CCL21	KDR	0.014705882352941178	24844408
hepatocyte growth factor/blood	HGF	0.02941176470588235	32472095
adiponectin/blood	LEP	0.02941176470588235	32472095
macrophage colony-stimulating factor/metabolism	FTO	0.02941176470588235	40287444
hepatocyte growth factor/blood	NFKB1	0.08823529411764705	32472095
macrophage colony-stimulating factor/metabolism	YTHDF2	0.014705882352941178	40287444
CCL21	CCL19	0.014705882352941178	24844408
adiponectin/blood	JUN	0.014705882352941178	32472095
epithelial cells/metabolism	DCN	0.014705882352941178	32359100
hepatocyte growth factor/blood	EGF	0.014705882352941178	32472095
CCL21	CSF1	0.04411764705882353	24844408
adiponectin/blood	MAPK8	0.02941176470588235	32472095
cell plasticity/genetics	IL1B	0.02941176470588235	34919143
sweat glands/cytology	tumor necrosis factor-alpha/metabolism	0.04411764705882353	31637575
adiponectin/blood	ADIPOQ	0.014705882352941178	32472095
CAV1	IL10	0.05882352941176471	21566463
hepatocyte growth factor/blood	LEP	0.02941176470588235	32472095
sweat glands/cytology	cell differentiation	0.04411764705882353	31637575
macrophages/immunology	plant extracts/pharmacology	0.058823529411764705	31257391
b-lymphocytes/immunology	extracellular traps/immunology	0.014705882352941178	39753138
CAV1	CCL5	0.014705882352941178	21566463
sweat glands/cytology	rna messenger/metabolism	0.02941176470588235	31637575
macrophages/immunology	neoplasm recurrence local/immunology	0.058823529411764705	39178310
adenosine/analogs &amp; derivatives	CSF1	0.04411764705882353	40287444
hepatocyte growth factor/blood	JUN	0.014705882352941178	32472095
sweat glands/cytology	gene expression regulation	0.014705882352941178	31637575
hepatocyte growth factor/blood	MAPK8	0.02941176470588235	32472095
hepatocyte growth factor/blood	ADIPOQ	0.014705882352941178	32472095
gastrointestinal tract	TNF	0.08823529411764705	31257391
b-lymphocytes/immunology	ovarian neoplasms/pathology	0.014705882352941178	39753138
FLT4	KDR	0.014705882352941178	24844408
TCF7	TNF	0.08823529411764705	35238098
sweat glands/cytology	NANOG	0.014705882352941178	31637575
macrophages/immunology	muscle fibers skeletal/drug effects	0.058823529411764705	32344015
macrophages/immunology	tumor necrosis factor-alpha/metabolism	0.16864873493495094	31257391
TCF7	HNF1A	0.014705882352941178	35238098
FLT4	CCL19	0.014705882352941178	24844408
macrophages/immunology	digestion	0.058823529411764705	31257391
TCF7	TIMELESS	0.014705882352941178	35238098
TCF7	HAVCR1	0.014705882352941178	35238098
mesenchymal stem cells/metabolism	adenosine/analogs &amp; derivatives	0.014705882352941178	40287444
FLT4	CSF1	0.04411764705882353	24844408
mesenchymal stem cells/metabolism	alpha-ketoglutarate-dependent dioxygenase fto/metabolism	0.02941176470588235	40287444
lymphatic metastasis	CCL2	0.07352941176470588	24844408
angiopoietin-2/genetics	transforming growth factor beta/metabolism	0.02941176470588235	26208571
lymphatic metastasis	CCR7	0.014705882352941178	24844408
b-lymphocytes/immunology	peritoneal neoplasms/secondary	0.014705882352941178	39753138
lymphatic metastasis	CCL21	0.014705882352941178	24844408
lymphatic metastasis	FLT4	0.014705882352941178	24844408
interleukin-33/metabolism	SULT2A1	0.014705882352941178	35749514
lymphatic metastasis	KDR	0.014705882352941178	24844408
adenosine/analogs &amp; derivatives	FTO	0.02941176470588235	40287444
macrophages/immunology	cd36 antigens/metabolism	0.002664587388029004	39166450
macrophages/immunology	cd36 antigens/metabolism	0.002664587388029004	39178310
macrophages/immunology	cd36 antigens/metabolism	0.002664587388029004	31257391
interleukin-33/metabolism	IL1RL1	0.014705882352941178	35749514
sweat glands/cytology	TNF	0.08823529411764705	31637575
macrophages/immunology	rna messenger/metabolism	0.11501316944688324	31257391
sweat glands/cytology	FTO	0.02941176470588235	31637575
lymphatic metastasis	CCL19	0.014705882352941178	24844408
b-lymphocytes/immunology	protein tyrosine phosphatase non-receptor type 6/metabolism	0.014705882352941178	39753138
interleukin-33/metabolism	IL1B	0.02941176470588235	35749514
mesenchymal stem cells/metabolism	macrophage colony-stimulating factor/metabolism	0.014705882352941178	40287444
b-lymphocytes/immunology	omentum/immunology	0.014705882352941178	39753138
lymphatic metastasis	CSF1	0.04411764705882353	24844408
adenosine/analogs &amp; derivatives	YTHDF2	0.014705882352941178	40287444
SMAD2	CDH2	0.014705882352941178	37946098
SMAD2	KLF10	0.014705882352941178	37946098
cell movement	neoplasm metastasis	0.07352941176470588	30563531
macrophages/immunology	gastrointestinal tract	0.058823529411764705	31257391
RET	TAS2R38	0.014705882352941178	39178310
b-lymphocytes/immunology	CXCL13	0.014705882352941178	39753138
interleukin-33/metabolism	IL33	0.014705882352941178	35749514
interleukin-33/metabolism	SDCBP2	0.014705882352941178	35749514
macrophages/immunology	F9	0.058823529411764705	39178310
angiopoietin-2/genetics	ANGPT2	0.014705882352941178	26208571
interleukin-33/metabolism	GSDMD	0.014705882352941178	35749514
CD163	TNF	0.16988586479367865	30420335
CD163	ESR1	0.029411764705882353	30420335
angiopoietin-2/genetics	S100A8	0.02941176470588235	26208571
angiopoietin-2/genetics	S100A9	0.014705882352941178	26208571
bone neoplasms/secondary	cell differentiation	0.04411764705882353	25802102
cell movement	PIK3CA	0.02941176470588235	30563531
b-lymphocytes/immunology	PTPN6	0.014705882352941178	39753138
cell movement	PLOD2	0.014705882352941178	30563531
CD163	TNFAIP3	0.029411764705882353	30420335
b-lymphocytes/immunology	IL10	0.05882352941176471	39753138
macrophages/immunology	SPP1	0.058823529411764705	39178310
CCDC6	DUSP2	0.014705882352941178	39178310
bone neoplasms/secondary	osteolysis/pathology	0.014705882352941178	25802102
CD163	IL17A	0.08691834942932399	30420335
omentum/immunology	CXCL13	0.014705882352941178	39753138
cell movement	LEP	0.02941176470588235	30563531
CCDC6	ZCCHC12	0.014705882352941178	39178310
macrophages/immunology	CCDC6	0.058823529411764705	39178310
THBS2	MAPK8	0.02941176470588235	34958892
CCDC6	PTCH1	0.014705882352941178	39178310
pancreatic neoplasms/immunology	cachexia/immunology	0.014705882352941178	32344015
THBS2	MAP2K7	0.014705882352941178	34958892
CCDC6	RET	0.014705882352941178	39178310
heme/metabolism	macrophages/immunology	0.05882352941176471	39166450
cell movement	PIK3CD	0.02941176470588235	30563531
bone neoplasms/secondary	CBX8	0.014705882352941178	25802102
macrophages/immunology	DUSP2	0.058823529411764705	39178310
omentum/immunology	PTPN6	0.014705882352941178	39753138
bone neoplasms/secondary	ACTR1B	0.014705882352941178	25802102
bone neoplasms/secondary	BTG2	0.014705882352941178	25802102
cell movement	PIK3CG	0.02941176470588235	30563531
omentum/immunology	IL10	0.05882352941176471	39753138
IRF6	S100A8	0.02941176470588235	30755716
bone neoplasms/secondary	PCSK1	0.014705882352941178	25802102
cell movement	AKT1	0.02941176470588235	30563531
chemokine ccl2/metabolism	carcinoma hepatocellular/pathology	0.02941176470588235	38351345
CCDC6	TAS2R38	0.014705882352941178	39178310
bone neoplasms/secondary	CXCR2	0.014705882352941178	25802102
pancreatic neoplasms/immunology	stat3 transcription factor/immunology	0.014705882352941178	32344015
carcinoma hepatocellular/genetics	interleukin-6/genetics	0.029411764705882353	37108378
cell movement	PIK3CB	0.02941176470588235	30563531
IRF6	TNF	0.08823529411764705	30755716
macrophages/immunology	ZCCHC12	0.058823529411764705	39178310
heme/metabolism	cd36 antigens/metabolism	0.10294117647058823	39166450
bone neoplasms/secondary	KRT6A	0.014705882352941178	25802102
CD4	CSF3	0.014705882352941178	30535532
pancreatic neoplasms/immunology	macrophages/immunology	0.05882352941176471	32344015
bone neoplasms/secondary	CXCL1	0.014705882352941178	25802102
macrophages/immunology	PTCH1	0.058823529411764705	39178310
bone neoplasms/secondary	CXCL2	0.014705882352941178	25802102
IL6R	PLIN5	0.014705882352941178	37108378
macrophages/immunology	RET	0.058823529411764705	39178310
pancreatic neoplasms/immunology	muscle fibers skeletal/drug effects	0.014705882352941178	32344015
macrophages/immunology	CD163	0.11501316944688324	32344015
IL1B	IL33	0.029411764705882353	35749514
IL6R	TNF	0.08823529411764705	37108378
IL1B	SDCBP2	0.029411764705882353	35749514
caveolin 1/deficiency	NFKB1	0.08823529411764705	21566463
chemokine ccl2/metabolism	periostin	0.014705882352941178	38351345
carcinoma hepatocellular/genetics	lipids	0.029411764705882353	37108378
chemokine ccl2/metabolism	cd36 antigens/metabolism	0.10294117647058823	38351345
IL1B	GSDMD	0.029411764705882353	35749514
S100A8	S100A9	0.029411764705882353	26208571
caveolin 1/deficiency	CSF2	0.014705882352941178	21566463
chemokine ccl2/metabolism	endothelial progenitor cells/metabolism	0.014705882352941178	38351345
caveolin 1/deficiency	CXCL8	0.02941176470588235	21566463
palmitic acid/pharmacology	CCL2	0.07352941176470588	38221626
CD4	PTPRC	0.014705882352941178	30535532
CD4	IL10	0.05882352941176471	30535532
S100A8	TNF	0.16988586479367865	30755716
palmitic acid/pharmacology	FFAR1	0.014705882352941178	38221626
caveolin 1/deficiency	CAV1	0.014705882352941178	21566463
KDR	CCL19	0.014705882352941178	24844408
macrophages/immunology	TNF	0.31501071360597266	31257391
KDR	CSF1	0.04411764705882353	24844408
palmitic acid/pharmacology	KLF7	0.014705882352941178	38221626
nih 3t3 cells	angiogenesis inducing agents/metabolism	0.014705882352941178	27044818
caveolin 1/deficiency	IL10	0.05882352941176471	21566463
SNAI2	SMAD2	0.014705882352941178	37946098
pancreatic neoplasms/immunology	CD163	0.02941176470588235	32344015
nih 3t3 cells	anti-inflammatory agents/metabolism	0.014705882352941178	27044818
caveolin 1/deficiency	CCL5	0.014705882352941178	21566463
SNAI2	CDH2	0.014705882352941178	37946098
chemokine ccl2/metabolism	CCL2	0.07352941176470588	38351345
SNAI2	KLF10	0.014705882352941178	37946098
cell polarity	neoplasm metastasis	0.07352941176470588	27044818
macrophages/immunology	TAS2R38	0.058823529411764705	39178310
chemokine ccl2/metabolism	NFKB1	0.08823529411764705	38351345
nih 3t3 cells	cell polarity	0.014705882352941178	27044818
nih 3t3 cells	neoplasm metastasis	0.07352941176470588	27044818
palmitic acid/pharmacology	MSMP	0.014705882352941178	38221626
JUN	MAPK8	0.02941176470588235	32472095
PIK3CA	PLOD2	0.029411764705882353	30563531
JUN	ADIPOQ	0.014705882352941178	32472095
PIK3CA	LEP	0.058384547848990345	30563531
cell differentiation	rna messenger/metabolism	0.08691834942932399	31637575
cell differentiation	osteolysis/pathology	0.044117647058823525	25802102
cell differentiation	gene expression regulation	0.044117647058823525	31637575
cell differentiation	cd8-positive t-lymphocytes	0.044117647058823525	35238098
cell polarity	IL4	0.014705882352941178	27044818
bone marrow/metabolism	chemokine cxcl1/metabolism	0.014705882352941178	25802102
PIK3CA	PIK3CD	0.0004389815627743635	30563531
PIK3CA	PIK3CD	0.0004389815627743635	28609459
cell differentiation	ARHGEF5	0.044117647058823525	35238098
nih 3t3 cells	IL4	0.014705882352941178	27044818
bone marrow/metabolism	prostatic neoplasms/pathology	0.04411764705882353	25802102
hyperlipidemias	diet high-fat/adverse effects	0.04411764705882353	36160648
cell polarity	ARG1	0.014705882352941178	27044818
cell differentiation	CCL2	0.20761832548487508	35238098
chemokine ccl2/metabolism	CCR2	0.02941176470588235	38351345
cell differentiation	TPI1	0.044117647058823525	35238098
cell differentiation	NANOG	0.044117647058823525	31637575
PIK3CA	PIK3CG	0.0004389815627743635	30563531
PIK3CA	PIK3CG	0.0004389815627743635	28609459
nih 3t3 cells	ARG1	0.014705882352941178	27044818
cell polarity	IL13	0.014705882352941178	27044818
chemokine ccl2/metabolism	CXCL8	0.02941176470588235	38351345
carcinoma hepatocellular/genetics	autophagy-related protein 7/genetics	0.029411764705882353	33346004
PIK3CA	AKT1	0.0004389815627743635	30563531
PIK3CA	AKT1	0.0004389815627743635	28609459
nih 3t3 cells	IL13	0.014705882352941178	27044818
cell polarity	CD209	0.014705882352941178	27044818
cell differentiation	CBX8	0.044117647058823525	25802102
PIK3CA	PIK3CB	0.0004389815627743635	30563531
PIK3CA	PIK3CB	0.0004389815627743635	28609459
nih 3t3 cells	CD209	0.014705882352941178	27044818
cell differentiation	ACTR1B	0.044117647058823525	25802102
cell differentiation	BTG2	0.044117647058823525	25802102
bone marrow/metabolism	adipocytes/metabolism	0.05882352941176471	25802102
cell differentiation	CCR2	0.08691834942932399	35238098
cell differentiation	PCSK1	0.044117647058823525	25802102
carcinoma hepatocellular/genetics	paracrine communication	0.058384547848990345	33346004
bone marrow/metabolism	obesity	0.014705882352941178	25802102
cell differentiation	HAVCR2	0.044117647058823525	35238098
cell differentiation	HNF4A	0.044117647058823525	35238098
EGF	LEP	0.02941176470588235	32472095
cell differentiation	CXCR2	0.044117647058823525	25802102
bone marrow/metabolism	chemokine cxcl2/metabolism	0.014705882352941178	25802102
cell differentiation	TCF7	0.044117647058823525	35238098
cell polarity	IL10	0.05882352941176471	27044818
EGF	JUN	0.014705882352941178	32472095
nih 3t3 cells	IL10	0.05882352941176471	27044818
hyperlipidemias	scavenger receptors class e/genetics	0.014705882352941178	36160648
LCN2	SLC22A17	0.014705882352941178	28249896
bone marrow/metabolism	bone marrow cells/metabolism	0.014705882352941178	25802102
cell differentiation	KRT6A	0.044117647058823525	25802102
cell polarity	MRC1	0.02941176470588235	27044818
cell differentiation	CXCL1	0.044117647058823525	25802102
bone marrow/metabolism	bone neoplasms/secondary	0.014705882352941178	25802102
EGF	MAPK8	0.02941176470588235	32472095
bone marrow/metabolism	cell differentiation	0.04411764705882353	25802102
nih 3t3 cells	MRC1	0.02941176470588235	27044818
EGF	ADIPOQ	0.014705882352941178	32472095
cell differentiation	TNF	0.01895602202889297	35238098
cell differentiation	TNF	0.01895602202889297	31637575
neoplasm metastasis	tumor microenvironment/physiology	0.20761832548487505	25940439
cell differentiation	FTO	0.08691834942932399	31637575
chemokine ccl2/metabolism	POSTN	0.014705882352941178	38351345
bone marrow/metabolism	osteolysis/pathology	0.014705882352941178	25802102
cell differentiation	CXCL2	0.044117647058823525	25802102
neoplasm metastasis	anti-inflammatory agents/pharmacology	0.07352941176470588	30755716
cell differentiation	HNF1A	0.044117647058823525	35238098
neoplasm metastasis	stem cells/pathology	0.07352941176470588	25940439
cell differentiation	TIMELESS	0.044117647058823525	35238098
cell differentiation	HAVCR1	0.044117647058823525	35238098
neoplasm metastasis	receptors androgen/metabolism	0.07352941176470588	25940439
CDH2	KLF10	0.014705882352941178	37946098
ARHGEF5	CCL2	0.07352941176470588	35238098
breast neoplasms/immunology	neoplasm metastasis	0.07352941176470588	24021059
ARHGEF5	TPI1	0.014705882352941178	35238098
PIK3CD	PIK3CG	0.0004389815627743635	30563531
PIK3CD	PIK3CG	0.0004389815627743635	28609459
carcinoma hepatocellular/genetics	GDF15	0.029411764705882353	33346004
PIK3CD	AKT1	0.0004389815627743635	30563531
PIK3CD	AKT1	0.0004389815627743635	28609459
neoplasm metastasis	CCL2	0.32571367120587935	30755716
neoplasm metastasis	NFKB1	0.37922845920541265	30755716
bone marrow/metabolism	CBX8	0.014705882352941178	25802102
neoplasm metastasis	IL4	0.07352941176470588	27044818
PIK3CD	PIK3CB	0.0004389815627743635	30563531
PIK3CD	PIK3CB	0.0004389815627743635	28609459
bone marrow/metabolism	ACTR1B	0.014705882352941178	25802102
bone marrow/metabolism	BTG2	0.014705882352941178	25802102
ARHGEF5	CCR2	0.02941176470588235	35238098
bone marrow/metabolism	PCSK1	0.014705882352941178	25802102
neoplasm metastasis	PIK3CA	0.14266900790166812	30563531
ARHGEF5	HAVCR2	0.014705882352941178	35238098
neoplasm metastasis	ARG1	0.07352941176470588	27044818
neoplasm metastasis	PLOD2	0.07352941176470588	30563531
ARHGEF5	HNF4A	0.014705882352941178	35238098
bone marrow/metabolism	CXCR2	0.014705882352941178	25802102
ARHGEF5	TCF7	0.014705882352941178	35238098
neoplasm metastasis	IL13	0.07352941176470588	27044818
neoplasm metastasis	LEP	0.14266900790166812	30563531
bone marrow/metabolism	KRT6A	0.014705882352941178	25802102
neoplasm metastasis	CD209	0.07352941176470588	27044818
carcinoma hepatocellular/genetics	PLIN1	0.029411764705882353	37108378
KRT6A	CXCL1	0.014705882352941178	25802102
bone marrow/metabolism	CXCL1	0.014705882352941178	25802102
neoplasm metastasis	IRF6	0.07352941176470588	30755716
CBX8	ACTR1B	0.014705882352941178	25802102
neoplasm metastasis	S100A8	0.14266900790166812	30755716
CBX8	BTG2	0.014705882352941178	25802102
ARHGEF5	TNF	0.08823529411764705	35238098
neoplasm metastasis	MMP9	0.07352941176470588	25940439
KRT6A	CXCL2	0.014705882352941178	25802102
neoplasm metastasis	PIK3CD	0.14266900790166812	30563531
CBX8	PCSK1	0.014705882352941178	25802102
bone marrow/metabolism	CXCL2	0.014705882352941178	25802102
ARHGEF5	HNF1A	0.014705882352941178	35238098
transforming growth factor beta1/metabolism	cadherins/genetics	0.058823529411764705	35720420
CBX8	CXCR2	0.014705882352941178	25802102
ARHGEF5	TIMELESS	0.014705882352941178	35238098
neoplasm metastasis	TNF	0.37922845920541265	30755716
IL33	SDCBP2	0.014705882352941178	35749514
transforming growth factor beta1/metabolism	glioblastoma/pathology	0.058823529411764705	35720420
ARHGEF5	HAVCR1	0.014705882352941178	35238098
neoplasm metastasis	IL10	0.2685707619860386	27044818
scavenger receptors class e/genetics	PROM1	0.014705882352941178	36160648
neoplasm metastasis	PIK3CG	0.14266900790166812	30563531
transforming growth factor beta1/metabolism	neoplasm invasiveness/pathology	0.058823529411764705	25940439
CBX8	KRT6A	0.014705882352941178	25802102
carcinoma hepatocellular/genetics	ATG7	0.029411764705882353	33346004
lipids/chemistry	metabolic networks and pathways	0.014705882352941178	34919143
scavenger receptors class e/genetics	MRC1	0.02941176470588235	36160648
CBX8	CXCL1	0.014705882352941178	25802102
neoplasm metastasis	AKT1	0.14266900790166812	30563531
transforming growth factor beta1/metabolism	disease progression	0.31501071360597266	34958892
neoplasm metastasis	MRC1	0.14266900790166812	27044818
IL33	GSDMD	0.014705882352941178	35749514
neoplasm metastasis	ITGAM	0.07352941176470588	24021059
carcinoma hepatocellular/genetics	IL6R	0.029411764705882353	37108378
neoplasm metastasis	PIK3CB	0.14266900790166812	30563531
periostin	cd36 antigens/metabolism	0.10294117647058823	38351345
periostin	endothelial progenitor cells/metabolism	0.014705882352941178	38351345
CBX8	CXCL2	0.014705882352941178	25802102
breast neoplasms/immunology	ITGAM	0.014705882352941178	24021059
transforming growth factor beta1/metabolism	mammary glands human/metabolism	0.058823529411764705	32359100
tumor cells cultured	receptor melanocortin type 4/physiology	0.014705882352941178	24844408
SDCBP2	GSDMD	0.014705882352941178	35749514
tumor cells cultured	apoptosis	0.014705882352941178	24844408
periostin	CCL2	0.07352941176470588	38351345
carcinoma hepatocellular/genetics	PLIN5	0.029411764705882353	37108378
periostin	NFKB1	0.08823529411764705	38351345
ARG1	IL13	0.014705882352941178	27044818
tumor cells cultured	lymphatic metastasis	0.014705882352941178	24844408
ARG1	CD209	0.014705882352941178	27044818
transforming growth factor beta1/metabolism	matrix metalloproteinase 9/metabolism	0.058823529411764705	25940439
tumor cells cultured	CCL2	0.07352941176470588	24844408
PLIN5	TNF	0.08823529411764705	37108378
transforming growth factor beta1/metabolism	adipocytes/pathology	0.058823529411764705	25940439
carcinoma hepatocellular/genetics	TNF	0.16988586479367865	37108378
transforming growth factor beta1/metabolism	smad proteins/metabolism	0.058823529411764705	25940439
FAP	FAM126A	0.014705882352941178	38301989
periostin	CCR2	0.02941176470588235	38351345
transforming growth factor beta1/metabolism	diet high-fat/adverse effects	0.16864873493495094	32359100
tumor cells cultured	CCR7	0.014705882352941178	24844408
tumor cells cultured	CCL21	0.014705882352941178	24844408
periostin	CXCL8	0.02941176470588235	38351345
tumor cells cultured	FLT4	0.014705882352941178	24844408
transforming growth factor beta1/metabolism	neoplasm metastasis	0.2685707619860386	25940439
tumor cells cultured	KDR	0.014705882352941178	24844408
FAP	VIM	0.014705882352941178	38301989
transforming growth factor beta1/metabolism	tumor microenvironment/physiology	0.007742038470747867	32359100
transforming growth factor beta1/metabolism	tumor microenvironment/physiology	0.007742038470747867	25940439
MAPK8	MAP2K7	0.029411764705882353	34958892
ARG1	IL10	0.05882352941176471	27044818
MAPK8	ADIPOQ	0.029411764705882353	32472095
MAPK1	AHSA1	0.014705882352941178	39546763
hyperlipidemias	PROM1	0.014705882352941178	36160648
tumor cells cultured	CCL19	0.014705882352941178	24844408
MAPK1	AIMP2	0.014705882352941178	39546763
periostin	POSTN	0.014705882352941178	38351345
transforming growth factor beta1/metabolism	stem cells/pathology	0.058823529411764705	25940439
ARG1	MRC1	0.02941176470588235	27044818
MAPK1	MAPK14	0.014705882352941178	39546763
hyperlipidemias	MRC1	0.02941176470588235	36160648
tumor cells cultured	CSF1	0.04411764705882353	24844408
transforming growth factor beta1/metabolism	receptors androgen/metabolism	0.058823529411764705	25940439
transforming growth factor beta1/metabolism	DCN	0.058823529411764705	32359100
PLOD2	LEP	0.02941176470588235	30563531
transforming growth factor beta1/metabolism	SERPINE1	0.058823529411764705	35720420
MAPK1	CRK	0.014705882352941178	39546763
CXCL1	CXCL2	0.014705882352941178	25802102
PLOD2	PIK3CD	0.02941176470588235	30563531
anti-inflammatory agents/pharmacology	CCL2	0.07352941176470588	30755716
anti-inflammatory agents/pharmacology	NFKB1	0.08823529411764705	30755716
adipocytes/immunology	ovary/pathology	0.014705882352941178	31802182
PLOD2	PIK3CG	0.02941176470588235	30563531
transforming growth factor beta1/metabolism	THBS2	0.058823529411764705	34958892
MAPK1	RNF19A	0.014705882352941178	39546763
PLOD2	AKT1	0.02941176470588235	30563531
transforming growth factor beta1/metabolism	MMP9	0.058823529411764705	25940439
PDCD1LG2	FAT1	0.014705882352941178	35720420
MAPK1	POLDIP2	0.014705882352941178	39546763
PLOD2	PIK3CB	0.02941176470588235	30563531
transforming growth factor beta1/metabolism	MAPK8	0.11501316944688324	34958892
adipocytes/immunology	tumor microenvironment/immunology	0.10294117647058823	31802182
transforming growth factor beta1/metabolism	PDCD1LG2	0.058823529411764705	35720420
transforming growth factor beta1/metabolism	MAP2K7	0.058823529411764705	34958892
AHSA1	AIMP2	0.014705882352941178	39546763
transforming growth factor beta1/metabolism	FAT1	0.058823529411764705	35720420
AHSA1	MAPK14	0.014705882352941178	39546763
anti-inflammatory agents/pharmacology	IRF6	0.014705882352941178	30755716
anti-inflammatory agents/pharmacology	S100A8	0.02941176470588235	30755716
adipocytes/immunology	disease progression	0.08823529411764705	31802182
AHSA1	CRK	0.014705882352941178	39546763
rna small interfering/genetics	LCN2	0.014705882352941178	28249896
anti-inflammatory agents/pharmacology	TNF	0.08823529411764705	30755716
rna small interfering/genetics	SLC22A17	0.014705882352941178	28249896
alpha-ketoglutarate-dependent dioxygenase fto/metabolism	macrophage colony-stimulating factor/metabolism	0.029411764705882353	40287444
alpha-ketoglutarate-dependent dioxygenase fto/metabolism	sweat glands/cytology	0.029411764705882353	31637575
alpha-ketoglutarate-dependent dioxygenase fto/metabolism	tumor necrosis factor-alpha/metabolism	0.08691834942932399	31637575
carcinoma hepatocellular/chemically induced	transforming growth factor beta/metabolism	0.02941176470588235	37946098
AHSA1	RNF19A	0.014705882352941178	39546763
alpha-ketoglutarate-dependent dioxygenase fto/metabolism	cell differentiation	0.08691834942932399	31637575
AHSA1	POLDIP2	0.014705882352941178	39546763
PTPN6	IL10	0.05882352941176471	39753138
alpha-ketoglutarate-dependent dioxygenase fto/metabolism	brain neoplasms/pathology	0.029411764705882353	40287444
alpha-ketoglutarate-dependent dioxygenase fto/metabolism	rna messenger/metabolism	0.058384547848990345	31637575
carcinoma hepatocellular/chemically induced	kruppel-like transcription factors/genetics	0.02941176470588235	37946098
CXCL13	PTPN6	0.014705882352941178	39753138
alpha-ketoglutarate-dependent dioxygenase fto/metabolism	gene expression regulation	0.029411764705882353	31637575
CXCL13	IL10	0.05882352941176471	39753138
alpha-ketoglutarate-dependent dioxygenase fto/metabolism	NANOG	0.029411764705882353	31637575
brain neoplasms/pathology	CSF1	0.04411764705882353	40287444
carcinoma hepatocellular/chemically induced	SNAI2	0.014705882352941178	37946098
TNF	ESR1	0.08823529411764705	30420335
EEF1A2	CSF1	0.04411764705882353	27756885
TNF	FTO	0.16988586479367868	31637575
adipocytes/immunology	receptors interleukin-17/metabolism	0.014705882352941178	31802182
TNF	HNF1A	0.08823529411764705	35238098
adipocytes/immunology	cd36 antigens/metabolism	0.10294117647058823	31802182
carcinoma hepatocellular/chemically induced	SMAD2	0.014705882352941178	37946098
TNF	TIMELESS	0.08823529411764705	35238098
carcinoma hepatocellular/chemically induced	CDH2	0.014705882352941178	37946098
TNF	TNFAIP3	0.08823529411764705	30420335
brain neoplasms/pathology	FTO	0.02941176470588235	40287444
TNF	HAVCR1	0.08823529411764705	35238098
carcinoma hepatocellular/chemically induced	KLF10	0.014705882352941178	37946098
alpha-ketoglutarate-dependent dioxygenase fto/metabolism	CSF1	0.08691834942932399	40287444
TNF	IL17A	0.24535078617607156	30420335
brain neoplasms/pathology	YTHDF2	0.014705882352941178	40287444
FAM126A	VIM	0.014705882352941178	38301989
adipocytes/immunology	FABP4	0.014705882352941178	31802182
alpha-ketoglutarate-dependent dioxygenase fto/metabolism	TNF	0.16988586479367865	31637575
estrogen receptor alpha/genetics	hek293 cells	0.014705882352941178	30420335
alpha-ketoglutarate-dependent dioxygenase fto/metabolism	FTO	0.0004389815627743635	40287444
alpha-ketoglutarate-dependent dioxygenase fto/metabolism	FTO	0.0004389815627743635	31637575
alpha-ketoglutarate-dependent dioxygenase fto/metabolism	YTHDF2	0.029411764705882353	40287444
ESR1	TNFAIP3	0.014705882352941178	30420335
ESR1	IL17A	0.04411764705882353	30420335
adipocytes/immunology	IL17RA	0.014705882352941178	31802182
tumor microenvironment/immunology	disease progression	0.012105504972054579	31802182
tumor microenvironment/immunology	disease progression	0.012105504972054579	39546763
tumor microenvironment/immunology	disease progression	0.012105504972054579	39178310
tumor microenvironment/immunology	heme/metabolism	0.10294117647058823	39166450
tumor microenvironment/immunology	breast neoplasms/immunology	0.10294117647058823	24021059
PTPRC	IL10	0.05882352941176471	30535532
tumor microenvironment/immunology	macrophages/immunology	0.04985357048570394	39166450
tumor microenvironment/immunology	macrophages/immunology	0.04985357048570394	39178310
estrogen receptor alpha/genetics	CD163	0.02941176470588235	30420335
tumor microenvironment/immunology	neoplastic stem cells/immunology	0.10294117647058823	39321806
tumor microenvironment/immunology	neoplasm recurrence local/immunology	0.10294117647058823	39178310
tumor microenvironment/immunology	neoplasm metastasis	0.4292906802372343	24021059
adipocytes/immunology	IL17A	0.04411764705882353	31802182
IL10	MRC1	0.11501316944688324	27044818
IL10	CCL5	0.058823529411764705	21566463
estrogen receptor alpha/genetics	TNF	0.08823529411764705	30420335
estrogen receptor alpha/genetics	ESR1	0.014705882352941178	30420335
FTO	YTHDF2	0.029411764705882353	40287444
tumor microenvironment/immunology	receptors interleukin-17/metabolism	0.10294117647058823	31802182
tumor microenvironment/immunology	cd36 antigens/metabolism	4.008277306161699e-05	39178310
tumor microenvironment/immunology	cd36 antigens/metabolism	4.008277306161699e-05	31802182
tumor microenvironment/immunology	cd36 antigens/metabolism	4.008277306161699e-05	39546763
tumor microenvironment/immunology	cd36 antigens/metabolism	4.008277306161699e-05	39321806
tumor microenvironment/immunology	cd36 antigens/metabolism	4.008277306161699e-05	39166450
breast neoplasms/etiology	HGF	0.02941176470588235	24156623
estrogen receptor alpha/genetics	TNFAIP3	0.014705882352941178	30420335
breast neoplasms/etiology	NFKB1	0.08823529411764705	24156623
estrogen receptor alpha/genetics	IL17A	0.04411764705882353	30420335
macrophage colony-stimulating factor/antagonists &amp; inhibitors	mesenchymal stem cells/immunology	0.014705882352941178	27756885
receptors interleukin-17/metabolism	cd36 antigens/metabolism	0.10294117647058823	31802182
tumor microenvironment/immunology	CD4	0.10294117647058823	30535532
tumor microenvironment/immunology	MAPK1	0.10294117647058823	39546763
tumor microenvironment/immunology	AHSA1	0.10294117647058823	39546763
tumor microenvironment/immunology	F9	0.10294117647058823	39178310
tumor microenvironment/immunology	AIMP2	0.10294117647058823	39546763
PIK3CG	AKT1	0.0004389815627743635	30563531
PIK3CG	AKT1	0.0004389815627743635	28609459
tumor microenvironment/immunology	CSF3	0.10294117647058823	30535532
tumor microenvironment/immunology	MAPK14	0.10294117647058823	39546763
PIK3CG	PIK3CB	0.0004389815627743635	30563531
PIK3CG	PIK3CB	0.0004389815627743635	28609459
tumor microenvironment/immunology	SPP1	0.10294117647058823	39178310
tumor microenvironment/immunology	FABP4	0.10294117647058823	31802182
receptors interleukin-17/metabolism	FABP4	0.014705882352941178	31802182
tumor microenvironment/immunology	CCDC6	0.10294117647058823	39178310
macrophage colony-stimulating factor/antagonists &amp; inhibitors	neoplasm invasiveness	0.014705882352941178	27756885
PROM1	MRC1	0.02941176470588235	36160648
tumor microenvironment/immunology	DUSP2	0.10294117647058823	39178310
tumor microenvironment/immunology	CRK	0.10294117647058823	39546763
tumor microenvironment/immunology	ZCCHC12	0.10294117647058823	39178310
receptors interleukin-17/metabolism	IL17RA	0.014705882352941178	31802182
breast neoplasms/etiology	TNFSF11	0.014705882352941178	24156623
tumor microenvironment/immunology	IL17RA	0.10294117647058823	31802182
macrophage colony-stimulating factor/antagonists &amp; inhibitors	paracrine communication	0.02941176470588235	27756885
tumor microenvironment/immunology	PTCH1	0.10294117647058823	39178310
tumor microenvironment/immunology	RET	0.10294117647058823	39178310
RNF19A	POLDIP2	0.014705882352941178	39546763
macrophage colony-stimulating factor/antagonists &amp; inhibitors	EEF1A2	0.014705882352941178	27756885
tumor microenvironment/immunology	IL34	0.10294117647058823	39321806
HNF1A	TIMELESS	0.014705882352941178	35238098
tumor microenvironment/immunology	PTPRC	0.10294117647058823	30535532
HNF1A	HAVCR1	0.014705882352941178	35238098
tumor microenvironment/immunology	IL10	0.3592035707926841	30535532
tumor microenvironment/immunology	RNF19A	0.10294117647058823	39546763
3t3-l1 cells	cell movement	0.014705882352941178	30563531
receptors interleukin-17/metabolism	IL17A	0.04411764705882353	31802182
3t3-l1 cells	neoplasm metastasis	0.07352941176470588	30563531
tumor microenvironment/immunology	TAS2R38	0.10294117647058823	39178310
IL22	IL17A	0.04411764705882353	32353824
tumor microenvironment/immunology	POLDIP2	0.10294117647058823	39546763
autophagy-related protein 7/genetics	paracrine communication	0.02941176470588235	33346004
tumor microenvironment/immunology	ITGAM	0.10294117647058823	24021059
tumor microenvironment/immunology	IL17A	0.28186607071593905	31802182
macrophage colony-stimulating factor/antagonists &amp; inhibitors	CSF1	0.04411764705882353	27756885
colorectal neoplasms/metabolism	hyperlipidemias	0.014705882352941178	36160648
TIMELESS	HAVCR1	0.014705882352941178	35238098
AKT1	PIK3CB	0.0004389815627743635	30563531
AKT1	PIK3CB	0.0004389815627743635	28609459
colorectal neoplasms/metabolism	diet high-fat/adverse effects	0.04411764705882353	36160648
3t3-l1 cells	PIK3CA	0.02941176470588235	30563531
TNFAIP3	IL17A	0.04411764705882353	30420335
3t3-l1 cells	PLOD2	0.014705882352941178	30563531
colorectal neoplasms/metabolism	scavenger receptors class e/genetics	0.014705882352941178	36160648
3t3-l1 cells	LEP	0.02941176470588235	30563531
stem cells/metabolism	transforming growth factor beta1/metabolism	0.05882352941176471	32359100
3t3-l1 cells	PIK3CD	0.02941176470588235	30563531
stem cells/metabolism	mammary glands human/metabolism	0.014705882352941178	32359100
3t3-l1 cells	PIK3CG	0.02941176470588235	30563531
stem cells/metabolism	diet high-fat/adverse effects	0.04411764705882353	32359100
3t3-l1 cells	AKT1	0.02941176470588235	30563531
3t3-l1 cells	PIK3CB	0.02941176470588235	30563531
stem cells/metabolism	tumor microenvironment/physiology	0.04411764705882353	32359100
cytokines/biosynthesis	hypoxia	0.014705882352941178	21566463
cytokines/biosynthesis	cell communication	0.014705882352941178	21566463
cytokines/biosynthesis	caveolin 1/deficiency	0.014705882352941178	21566463
stem cells/metabolism	DCN	0.014705882352941178	32359100
colorectal neoplasms/metabolism	PROM1	0.014705882352941178	36160648
colorectal neoplasms/metabolism	MRC1	0.02941176470588235	36160648
cytokines/biosynthesis	NFKB1	0.08823529411764705	21566463
cytokines/biosynthesis	CSF2	0.014705882352941178	21566463
cytokines/biosynthesis	CXCL8	0.02941176470588235	21566463
cytokines/biosynthesis	CAV1	0.014705882352941178	21566463
cytokines/biosynthesis	IL10	0.05882352941176471	21566463
cytokines/biosynthesis	CCL5	0.014705882352941178	21566463
mannose receptor	colorectal neoplasms/metabolism	0.014705882352941178	36160648
obesity	chemokine cxcl2/metabolism	0.014705882352941178	25802102
lipids	PLIN1	0.014705882352941178	37108378
mannose receptor	hyperlipidemias	0.014705882352941178	36160648
obesity	bone marrow cells/metabolism	0.014705882352941178	25802102
obesity	bone neoplasms/secondary	0.014705882352941178	25802102
obesity	cell differentiation	0.04411764705882353	25802102
mannose receptor	diet high-fat/adverse effects	0.04411764705882353	36160648
lipids	IL6R	0.014705882352941178	37108378
obesity	osteolysis/pathology	0.014705882352941178	25802102
lipids	PLIN5	0.014705882352941178	37108378
mannose receptor	scavenger receptors class e/genetics	0.014705882352941178	36160648
lipids	TNF	0.08823529411764705	37108378
obesity	CBX8	0.014705882352941178	25802102
obesity	ACTR1B	0.014705882352941178	25802102
obesity	BTG2	0.014705882352941178	25802102
obesity	PCSK1	0.014705882352941178	25802102
obesity	CXCR2	0.014705882352941178	25802102
obesity	KRT6A	0.014705882352941178	25802102
ovarian neoplasms/pathology	peritoneal neoplasms/secondary	0.014705882352941178	39753138
obesity	CXCL1	0.014705882352941178	25802102
ovarian neoplasms/pathology	protein tyrosine phosphatase non-receptor type 6/metabolism	0.014705882352941178	39753138
obesity	CXCL2	0.014705882352941178	25802102
ovarian neoplasms/pathology	omentum/immunology	0.014705882352941178	39753138
mannose receptor	PROM1	0.014705882352941178	36160648
mannose receptor	MRC1	0.02941176470588235	36160648
chemokine cxcl1/metabolism	prostatic neoplasms/pathology	0.04411764705882353	25802102
ht29 cells	tumor microenvironment/physiology	0.04411764705882353	32353824
ovarian neoplasms/pathology	CXCL13	0.014705882352941178	39753138
chemokine cxcl1/metabolism	adipocytes/metabolism	0.05882352941176471	25802102
chemokine cxcl1/metabolism	obesity	0.014705882352941178	25802102
ht29 cells	NFKB1	0.08823529411764705	32353824
ovarian neoplasms/pathology	PTPN6	0.014705882352941178	39753138
chemokine cxcl1/metabolism	chemokine cxcl2/metabolism	0.014705882352941178	25802102
ht29 cells	APC	0.014705882352941178	32353824
ovarian neoplasms/pathology	IL10	0.05882352941176471	39753138
chemokine cxcl1/metabolism	bone marrow cells/metabolism	0.014705882352941178	25802102
chemokine cxcl1/metabolism	bone neoplasms/secondary	0.014705882352941178	25802102
chemokine cxcl1/metabolism	cell differentiation	0.04411764705882353	25802102
chemokine cxcl1/metabolism	osteolysis/pathology	0.014705882352941178	25802102
diet high-fat	breast neoplasms/etiology	0.044117647058823525	24156623
diet high-fat	ht29 cells	0.044117647058823525	32353824
diet high-fat	neoplasm metastasis	0.20761832548487508	30755716
ht29 cells	IL22	0.014705882352941178	32353824
chemokine cxcl1/metabolism	CBX8	0.014705882352941178	25802102
diet high-fat	tumor microenvironment/physiology	0.12842206081890017	32353824
chemokine cxcl1/metabolism	ACTR1B	0.014705882352941178	25802102
chemokine cxcl1/metabolism	BTG2	0.014705882352941178	25802102
diet high-fat	anti-inflammatory agents/pharmacology	0.044117647058823525	30755716
ht29 cells	IL17A	0.04411764705882353	32353824
chemokine cxcl1/metabolism	PCSK1	0.014705882352941178	25802102
matrix metalloproteinase 9/metabolism	adipocytes/pathology	0.014705882352941178	25940439
matrix metalloproteinase 9/metabolism	smad proteins/metabolism	0.014705882352941178	25940439
chemokine cxcl1/metabolism	CXCR2	0.014705882352941178	25802102
matrix metalloproteinase 9/metabolism	neoplasm metastasis	0.07352941176470588	25940439
diet high-fat	HGF	0.08691834942932399	24156623
matrix metalloproteinase 9/metabolism	tumor microenvironment/physiology	0.04411764705882353	25940439
diet high-fat	CCL2	0.20761832548487508	30755716
chemokine cxcl1/metabolism	KRT6A	0.014705882352941178	25802102
diet high-fat	NFKB1	0.0003990741479766942	32353824
diet high-fat	NFKB1	0.0003990741479766942	30755716
diet high-fat	NFKB1	0.0003990741479766942	24156623
chemokine cxcl1/metabolism	CXCL1	0.014705882352941178	25802102
diet high-fat	APC	0.044117647058823525	32353824
matrix metalloproteinase 9/metabolism	stem cells/pathology	0.014705882352941178	25940439
matrix metalloproteinase 9/metabolism	receptors androgen/metabolism	0.014705882352941178	25940439
chemokine cxcl1/metabolism	CXCL2	0.014705882352941178	25802102
antigens cd/metabolism	estradiol/pharmacology	0.014705882352941178	30420335
matrix metalloproteinase 9/metabolism	MMP9	0.014705882352941178	25940439
anti-inflammatory agents/metabolism	cell polarity	0.014705882352941178	27044818
anti-inflammatory agents/metabolism	neoplasm metastasis	0.07352941176470588	27044818
anti-inflammatory agents/metabolism	IL4	0.014705882352941178	27044818
anti-inflammatory agents/metabolism	ARG1	0.014705882352941178	27044818
anti-inflammatory agents/metabolism	IL13	0.014705882352941178	27044818
anti-inflammatory agents/metabolism	CD209	0.014705882352941178	27044818
anti-inflammatory agents/metabolism	IL10	0.05882352941176471	27044818
anti-inflammatory agents/metabolism	MRC1	0.02941176470588235	27044818
hypoxia	cell communication	0.014705882352941178	21566463
hypoxia	caveolin 1/deficiency	0.014705882352941178	21566463
